source,dest,trigger_time,gen_time,msg_type,msg_name,data.account_id,data.exchange_id,data.instrument_type,data.order_id,data.order_type,data.position_side,data.price,data.raw_address,data.reduce_only,data.side,data.source_id,data.stop_price,data.strategy_id,data.symbol,data.time_condition,data.volume
2837957847,4194834854,0,1783610795932796598,201,order_input,benchmark,mock,InstrumentType.Spot,3847191305847373824,OrderType.Limit,Direction.Long,64999.91,615625552,False,Side.Buy,,64999.91,1653898000,BTC-USDT,TimeCondition.GTC,0.001
2837957847,4194834854,0,1783610795932861815,201,order_input,benchmark,mock,InstrumentType.Spot,3847191305847373825,OrderType.Limit,Direction.Long,65000.119999999995,615625904,False,Side.Sell,,65000.119999999995,1653898000,BTC-USDT,TimeCondition.GTC,0.001
2837957847,4194834854,0,1783610795932950281,201,order_input,benchmark,mock,InstrumentType.Spot,3847191305847373826,OrderType.Limit,Direction.Long,64999.93,615627232,False,Side.Buy,,64999.93,1653898000,BTC-USDT,TimeCondition.GTC,0.001
2837957847,4194834854,0,1783610795933269383,201,order_input,benchmark,mock,InstrumentType.Spot,3847191305847373827,OrderType.Limit,Direction.Long,65000.14,615628624,False,Side.Sell,,65000.14,1653898000,BTC-USDT,TimeCondition.GTC,0.001
2837957847,4194834854,0,1783610795933792958,201,order_input,benchmark,mock,InstrumentType.Spot,3847191305847373828,OrderType.Limit,Direction.Long,64999.950000000004,615630160,False,Side.Buy,,64999.950000000004,1653898000,BTC-USDT,TimeCondition.GTC,0.001
2837957847,4194834854,0,1783610795933876207,201,order_input,benchmark,mock,InstrumentType.Spot,3847191305847373829,OrderType.Limit,Direction.Long,65000.159999999996,615631696,False,Side.Sell,,65000.159999999996,1653898000,BTC-USDT,TimeCondition.GTC,0.001
2837957847,4194834854,0,1783610795934272884,201,order_input,benchmark,mock,InstrumentType.Spot,3847191305847373830,OrderType.Limit,Direction.Long,64999.97,615633232,False,Side.Buy,,64999.97,1653898000,BTC-USDT,TimeCondition.GTC,0.001
2837957847,4194834854,0,1783610795934573836,201,order_input,benchmark,mock,InstrumentType.Spot,3847191305847373831,OrderType.Limit,Direction.Long,65000.18,615634768,False,Side.Sell,,65000.18,1653898000,BTC-USDT,TimeCondition.GTC,0.001
2837957847,4194834854,0,1783610795935038729,201,order_input,benchmark,mock,InstrumentType.Spot,3847191305847373832,OrderType.Limit,Direction.Long,64999.99,615636304,False,Side.Buy,,64999.99,1653898000,BTC-USDT,TimeCondition.GTC,0.001
2837957847,4194834854,0,1783610795935233306,201,order_input,benchmark,mock,InstrumentType.Spot,3847191305847373833,OrderType.Limit,Direction.Long,65000.2,615637840,False,Side.Sell,,65000.2,1653898000,BTC-USDT,TimeCondition.GTC,0.001
2837957847,4194834854,0,1783610795935421794,201,order_input,benchmark,mock,InstrumentType.Spot,3847191305847373834,OrderType.Limit,Direction.Long,65000.01,615639376,False,Side.Buy,,65000.01,1653898000,BTC-USDT,TimeCondition.GTC,0.001
2837957847,4194834854,0,1783610795935719865,201,order_input,benchmark,mock,InstrumentType.Spot,3847191305847373835,OrderType.Limit,Direction.Long,65000.22,615640912,False,Side.Sell,,65000.22,1653898000,BTC-USDT,TimeCondition.GTC,0.001
2837957847,4194834854,0,1783610795935957639,201,order_input,benchmark,mock,InstrumentType.Spot,3847191305847373836,OrderType.Limit,Direction.Long,65000.03,615642448,False,Side.Buy,,65000.03,1653898000,BTC-USDT,TimeCondition.GTC,0.001
2837957847,4194834854,0,1783610795936388108,201,order_input,benchmark,mock,InstrumentType.Spot,3847191305847373837,OrderType.Limit,Direction.Long,65000.24,615643984,False,Side.Sell,,65000.24,1653898000,BTC-USDT,TimeCondition.GTC,0.001
2837957847,4194834854,0,1783610795936713765,201,order_input,benchmark,mock,InstrumentType.Spot,3847191305847373838,OrderType.Limit,Direction.Long,65000.05,615645520,False,Side.Buy,,65000.05,1653898000,BTC-USDT,TimeCondition.GTC,0.001
2837957847,4194834854,0,1783610795936961766,201,order_input,benchmark,mock,InstrumentType.Spot,3847191305847373839,OrderType.Limit,Direction.Long,65000.26,615647056,False,Side.Sell,,65000.26,1653898000,BTC-USDT,TimeCondition.GTC,0.001
2837957847,4194834854,0,1783610795937223739,201,order_input,benchmark,mock,InstrumentType.Spot,3847191305847373840,OrderType.Limit,Direction.Long,65000.07,615648592,False,Side.Buy,,65000.07,1653898000,BTC-USDT,TimeCondition.GTC,0.001
2837957847,4194834854,0,1783610795937572650,201,order_input,benchmark,mock,InstrumentType.Spot,3847191305847373841,OrderType.Limit,Direction.Long,65000.28,615650128,False,Side.Sell,,65000.28,1653898000,BTC-USDT,TimeCondition.GTC,0.001
2837957847,4194834854,0,1783610795937920215,201,order_input,benchmark,mock,InstrumentType.Spot,3847191305847373842,OrderType.Limit,Direction.Long,65000.090000000004,614059440,False,Side.Buy,,65000.090000000004,1653898000,BTC-USDT,TimeCondition.GTC,0.001
2837957847,4194834854,0,1783610795938156627,201,order_input,benchmark,mock,InstrumentType.Spot,3847191305847373843,OrderType.Limit,Direction.Long,65000.299999999996,614060976,False,Side.Sell,,65000.299999999996,1653898000,BTC-USDT,TimeCondition.GTC,0.001
2837957847,4194834854,0,1783610795938449743,201,order_input,benchmark,mock,InstrumentType.Spot,3847191305847373844,OrderType.Limit,Direction.Long,65000.11,614062512,False,Side.Buy,,65000.11,1653898000,BTC-USDT,TimeCondition.GTC,0.001
2837957847,4194834854,0,1783610795938661433,201,order_input,benchmark,mock,InstrumentType.Spot,3847191305847373845,OrderType.Limit,Direction.Long,65000.32,614064048,False,Side.Sell,,65000.32,1653898000,BTC-USDT,TimeCondition.GTC,0.001
2837957847,4194834854,0,1783610795939078797,201,order_input,benchmark,mock,InstrumentType.Spot,3847191305847373846,OrderType.Limit,Direction.Long,65000.130000000005,614065584,False,Side.Buy,,65000.130000000005,1653898000,BTC-USDT,TimeCondition.GTC,0.001
2837957847,4194834854,0,1783610795939418278,201,order_input,benchmark,mock,InstrumentType.Spot,3847191305847373847,OrderType.Limit,Direction.Long,65000.34,614067120,False,Side.Sell,,65000.34,1653898000,BTC-USDT,TimeCondition.GTC,0.001
2837957847,4194834854,0,1783610795939675632,201,order_input,benchmark,mock,InstrumentType.Spot,3847191305847373848,OrderType.Limit,Direction.Long,65000.15,614068656,False,Side.Buy,,65000.15,1653898000,BTC-USDT,TimeCondition.GTC,0.001
2837957847,4194834854,0,1783610795939913821,201,order_input,benchmark,mock,InstrumentType.Spot,3847191305847373849,OrderType.Limit,Direction.Long,65000.36,614070192,False,Side.Sell,,65000.36,1653898000,BTC-USDT,TimeCondition.GTC,0.001
2837957847,4194834854,0,1783610795940179162,201,order_input,benchmark,mock,InstrumentType.Spot,3847191305847373850,OrderType.Limit,Direction.Long,65000.17,614071728,False,Side.Buy,,65000.17,1653898000,BTC-USDT,TimeCondition.GTC,0.001
2837957847,4194834854,0,1783610795940545015,201,order_input,benchmark,mock,InstrumentType.Spot,3847191305847373851,OrderType.Limit,Direction.Long,65000.38,614073264,False,Side.Sell,,65000.38,1653898000,BTC-USDT,TimeCondition.GTC,0.001
2837957847,4194834854,0,1783610795940988344,201,order_input,benchmark,mock,InstrumentType.Spot,3847191305847373852,OrderType.Limit,Direction.Long,65000.19,614074800,False,Side.Buy,,65000.19,1653898000,BTC-USDT,TimeCondition.GTC,0.001
2837957847,4194834854,0,1783610795941095157,201,order_input,benchmark,mock,InstrumentType.Spot,3847191305847373853,OrderType.Limit,Direction.Long,65000.4,614076336,False,Side.Sell,,65000.4,1653898000,BTC-USDT,TimeCondition.GTC,0.001
2837957847,4194834854,0,1783610795941462484,201,order_input,benchmark,mock,InstrumentType.Spot,3847191305847373854,OrderType.Limit,Direction.Long,65000.21,614077872,False,Side.Buy,,65000.21,1653898000,BTC-USDT,TimeCondition.GTC,0.001
2837957847,4194834854,0,1783610795941754942,201,order_input,benchmark,mock,InstrumentType.Spot,3847191305847373855,OrderType.Limit,Direction.Long,65000.42,614079408,False,Side.Sell,,65000.42,1653898000,BTC-USDT,TimeCondition.GTC,0.001
2837957847,4194834854,0,1783610795942047688,201,order_input,benchmark,mock,InstrumentType.Spot,3847191305847373856,OrderType.Limit,Direction.Long,65000.23,614080944,False,Side.Buy,,65000.23,1653898000,BTC-USDT,TimeCondition.GTC,0.001
2837957847,4194834854,0,1783610795942354389,201,order_input,benchmark,mock,InstrumentType.Spot,3847191305847373857,OrderType.Limit,Direction.Long,65000.439999999995,614082480,False,Side.Sell,,65000.439999999995,1653898000,BTC-USDT,TimeCondition.GTC,0.001
2837957847,4194834854,0,1783610795942611626,201,order_input,benchmark,mock,InstrumentType.Spot,3847191305847373858,OrderType.Limit,Direction.Long,65000.25,614084016,False,Side.Buy,,65000.25,1653898000,BTC-USDT,TimeCondition.GTC,0.001
2837957847,4194834854,0,1783610795942901226,201,order_input,benchmark,mock,InstrumentType.Spot,3847191305847373859,OrderType.Limit,Direction.Long,65000.46,614085552,False,Side.Sell,,65000.46,1653898000,BTC-USDT,TimeCondition.GTC,0.001
2837957847,4194834854,0,1783610795943194394,201,order_input,benchmark,mock,InstrumentType.Spot,3847191305847373860,OrderType.Limit,Direction.Long,65000.270000000004,614087088,False,Side.Buy,,65000.270000000004,1653898000,BTC-USDT,TimeCondition.GTC,0.001
2837957847,4194834854,0,1783610795943614677,201,order_input,benchmark,mock,InstrumentType.Spot,3847191305847373861,OrderType.Limit,Direction.Long,65000.479999999996,614088624,False,Side.Sell,,65000.479999999996,1653898000,BTC-USDT,TimeCondition.GTC,0.001
2837957847,4194834854,0,1783610795943799231,201,order_input,benchmark,mock,InstrumentType.Spot,3847191305847373862,OrderType.Limit,Direction.Long,65000.29,614090160,False,Side.Buy,,65000.29,1653898000,BTC-USDT,TimeCondition.GTC,0.001
2837957847,4194834854,0,1783610795944116173,201,order_input,benchmark,mock,InstrumentType.Spot,3847191305847373863,OrderType.Limit,Direction.Long,65000.5,614091696,False,Side.Sell,,65000.5,1653898000,BTC-USDT,TimeCondition.GTC,0.001
2837957847,4194834854,0,1783610795944413411,201,order_input,benchmark,mock,InstrumentType.Spot,3847191305847373864,OrderType.Limit,Direction.Long,65000.310000000005,614093232,False,Side.Buy,,65000.310000000005,1653898000,BTC-USDT,TimeCondition.GTC,0.001
2837957847,4194834854,0,1783610795944712467,201,order_input,benchmark,mock,InstrumentType.Spot,3847191305847373865,OrderType.Limit,Direction.Long,65000.52,614094768,False,Side.Sell,,65000.52,1653898000,BTC-USDT,TimeCondition.GTC,0.001
2837957847,4194834854,0,1783610795945027993,201,order_input,benchmark,mock,InstrumentType.Spot,3847191305847373866,OrderType.Limit,Direction.Long,65000.33,614096304,False,Side.Buy,,65000.33,1653898000,BTC-USDT,TimeCondition.GTC,0.001
2837957847,4194834854,0,1783610795945294132,201,order_input,benchmark,mock,InstrumentType.Spot,3847191305847373867,OrderType.Limit,Direction.Long,65000.54,614097840,False,Side.Sell,,65000.54,1653898000,BTC-USDT,TimeCondition.GTC,0.001
2837957847,4194834854,0,1783610795945693288,201,order_input,benchmark,mock,InstrumentType.Spot,3847191305847373868,OrderType.Limit,Direction.Long,65000.35,614099376,False,Side.Buy,,65000.35,1653898000,BTC-USDT,TimeCondition.GTC,0.001
2837957847,4194834854,0,1783610795945881595,201,order_input,benchmark,mock,InstrumentType.Spot,3847191305847373869,OrderType.Limit,Direction.Long,65000.56,614163600,False,Side.Sell,,65000.56,1653898000,BTC-USDT,TimeCondition.GTC,0.001
2837957847,4194834854,0,1783610795946274476,201,order_input,benchmark,mock,InstrumentType.Spot,3847191305847373870,OrderType.Limit,Direction.Long,65000.37,614165136,False,Side.Buy,,65000.37,1653898000,BTC-USDT,TimeCondition.GTC,0.001
2837957847,4194834854,0,1783610795946467035,201,order_input,benchmark,mock,InstrumentType.Spot,3847191305847373871,OrderType.Limit,Direction.Long,65000.58,614166672,False,Side.Sell,,65000.58,1653898000,BTC-USDT,TimeCondition.GTC,0.001
2837957847,4194834854,0,1783610795946834973,201,order_input,benchmark,mock,InstrumentType.Spot,3847191305847373872,OrderType.Limit,Direction.Long,65000.39,614168208,False,Side.Buy,,65000.39,1653898000,BTC-USDT,TimeCondition.GTC,0.001
2837957847,4194834854,0,1783610795947148963,201,order_input,benchmark,mock,InstrumentType.Spot,3847191305847373873,OrderType.Limit,Direction.Long,65000.6,614169744,False,Side.Sell,,65000.6,1653898000,BTC-USDT,TimeCondition.GTC,0.001
2837957847,4194834854,0,1783610795947421533,201,order_input,benchmark,mock,InstrumentType.Spot,3847191305847373874,OrderType.Limit,Direction.Long,65000.41,614171280,False,Side.Buy,,65000.41,1653898000,BTC-USDT,TimeCondition.GTC,0.001
2837957847,4194834854,0,1783610795947680043,201,order_input,benchmark,mock,InstrumentType.Spot,3847191305847373875,OrderType.Limit,Direction.Long,65000.619999999995,614172816,False,Side.Sell,,65000.619999999995,1653898000,BTC-USDT,TimeCondition.GTC,0.001
2837957847,4194834854,0,1783610795947977046,201,order_input,benchmark,mock,InstrumentType.Spot,3847191305847373876,OrderType.Limit,Direction.Long,65000.43,614174352,False,Side.Buy,,65000.43,1653898000,BTC-USDT,TimeCondition.GTC,0.001
2837957847,4194834854,0,1783610795948333281,201,order_input,benchmark,mock,InstrumentType.Spot,3847191305847373877,OrderType.Limit,Direction.Long,65000.64,614175888,False,Side.Sell,,65000.64,1653898000,BTC-USDT,TimeCondition.GTC,0.001
2837957847,4194834854,0,1783610795948644942,201,order_input,benchmark,mock,InstrumentType.Spot,3847191305847373878,OrderType.Limit,Direction.Long,65000.450000000004,614177424,False,Side.Buy,,65000.450000000004,1653898000,BTC-USDT,TimeCondition.GTC,0.001
2837957847,4194834854,0,1783610795949163550,201,order_input,benchmark,mock,InstrumentType.Spot,3847191305847373879,OrderType.Limit,Direction.Long,65000.659999999996,614178960,False,Side.Sell,,65000.659999999996,1653898000,BTC-USDT,TimeCondition.GTC,0.001
2837957847,4194834854,0,1783610795949224181,201,order_input,benchmark,mock,InstrumentType.Spot,3847191305847373880,OrderType.Limit,Direction.Long,65000.47,614180464,False,Side.Buy,,65000.47,1653898000,BTC-USDT,TimeCondition.GTC,0.001
2837957847,4194834854,0,1783610795949621335,201,order_input,benchmark,mock,InstrumentType.Spot,3847191305847373881,OrderType.Limit,Direction.Long,65000.68,614182032,False,Side.Sell,,65000.68,1653898000,BTC-USDT,TimeCondition.GTC,0.001
2837957847,4194834854,0,1783610795949788887,201,order_input,benchmark,mock,InstrumentType.Spot,3847191305847373882,OrderType.Limit,Direction.Long,65000.49,614183568,False,Side.Buy,,65000.49,1653898000,BTC-USDT,TimeCondition.GTC,0.001
2837957847,4194834854,0,1783610795950081541,201,order_input,benchmark,mock,InstrumentType.Spot,3847191305847373883,OrderType.Limit,Direction.Long,65000.7,614185104,False,Side.Sell,,65000.7,1653898000,BTC-USDT,TimeCondition.GTC,0.001
2837957847,4194834854,0,1783610795950446125,201,order_input,benchmark,mock,InstrumentType.Spot,3847191305847373884,OrderType.Limit,Direction.Long,65000.51,614186640,False,Side.Buy,,65000.51,1653898000,BTC-USDT,TimeCondition.GTC,0.001
2837957847,4194834854,0,1783610795950663158,201,order_input,benchmark,mock,InstrumentType.Spot,3847191305847373885,OrderType.Limit,Direction.Long,65000.72,614188176,False,Side.Sell,,65000.72,1653898000,BTC-USDT,TimeCondition.GTC,0.001
2837957847,4194834854,0,1783610795951173845,201,order_input,benchmark,mock,InstrumentType.Spot,3847191305847373886,OrderType.Limit,Direction.Long,65000.53,614189712,False,Side.Buy,,65000.53,1653898000,BTC-USDT,TimeCondition.GTC,0.001
2837957847,4194834854,0,1783610795951272714,201,order_input,benchmark,mock,InstrumentType.Spot,3847191305847373887,OrderType.Limit,Direction.Long,65000.74,614191248,False,Side.Sell,,65000.74,1653898000,BTC-USDT,TimeCondition.GTC,0.001
2837957847,4194834854,0,1783610795951557009,201,order_input,benchmark,mock,InstrumentType.Spot,3847191305847373888,OrderType.Limit,Direction.Long,65000.55,614192784,False,Side.Buy,,65000.55,1653898000,BTC-USDT,TimeCondition.GTC,0.001
2837957847,4194834854,0,1783610795952211233,201,order_input,benchmark,mock,InstrumentType.Spot,3847191305847373889,OrderType.Limit,Direction.Long,65000.76,614194320,False,Side.Sell,,65000.76,1653898000,BTC-USDT,TimeCondition.GTC,0.001
2837957847,4194834854,0,1783610795952320326,201,order_input,benchmark,mock,InstrumentType.Spot,3847191305847373890,OrderType.Limit,Direction.Long,65000.57,614195856,False,Side.Buy,,65000.57,1653898000,BTC-USDT,TimeCondition.GTC,0.001
2837957847,4194834854,0,1783610795952497004,201,order_input,benchmark,mock,InstrumentType.Spot,3847191305847373891,OrderType.Limit,Direction.Long,65000.78,614197392,False,Side.Sell,,65000.78,1653898000,BTC-USDT,TimeCondition.GTC,0.001
2837957847,4194834854,0,1783610795952906731,201,order_input,benchmark,mock,InstrumentType.Spot,3847191305847373892,OrderType.Limit,Direction.Long,65000.590000000004,614198928,False,Side.Buy,,65000.590000000004,1653898000,BTC-USDT,TimeCondition.GTC,0.001
2837957847,4194834854,0,1783610795953173021,201,order_input,benchmark,mock,InstrumentType.Spot,3847191305847373893,OrderType.Limit,Direction.Long,65000.799999999996,614200464,False,Side.Sell,,65000.799999999996,1653898000,BTC-USDT,TimeCondition.GTC,0.001
2837957847,4194834854,0,1783610795953390945,201,order_input,benchmark,mock,InstrumentType.Spot,3847191305847373894,OrderType.Limit,Direction.Long,65000.61,614202000,False,Side.Buy,,65000.61,1653898000,BTC-USDT,TimeCondition.GTC,0.001
2837957847,4194834854,0,1783610795953740151,201,order_input,benchmark,mock,InstrumentType.Spot,3847191305847373895,OrderType.Limit,Direction.Long,65000.82,614203536,False,Side.Sell,,65000.82,1653898000,BTC-USDT,TimeCondition.GTC,0.001
2837957847,4194834854,0,1783610795953943802,201,order_input,benchmark,mock,InstrumentType.Spot,3847191305847373896,OrderType.Limit,Direction.Long,65000.630000000005,614205072,False,Side.Buy,,65000.630000000005,1653898000,BTC-USDT,TimeCondition.GTC,0.001
2837957847,4194834854,0,1783610795954331831,201,order_input,benchmark,mock,InstrumentType.Spot,3847191305847373897,OrderType.Limit,Direction.Long,65000.84,614206608,False,Side.Sell,,65000.84,1653898000,BTC-USDT,TimeCondition.GTC,0.001
2837957847,4194834854,0,1783610795954636549,201,order_input,benchmark,mock,InstrumentType.Spot,3847191305847373898,OrderType.Limit,Direction.Long,65000.65,614208144,False,Side.Buy,,65000.65,1653898000,BTC-USDT,TimeCondition.GTC,0.001
2837957847,4194834854,0,1783610795954934202,201,order_input,benchmark,mock,InstrumentType.Spot,3847191305847373899,OrderType.Limit,Direction.Long,65000.86,614209680,False,Side.Sell,,65000.86,1653898000,BTC-USDT,TimeCondition.GTC,0.001
2837957847,4194834854,0,1783610795955245629,201,order_input,benchmark,mock,InstrumentType.Spot,3847191305847373900,OrderType.Limit,Direction.Long,65000.67,614211216,False,Side.Buy,,65000.67,1653898000,BTC-USDT,TimeCondition.GTC,0.001
2837957847,4194834854,0,1783610795955450835,201,order_input,benchmark,mock,InstrumentType.Spot,3847191305847373901,OrderType.Limit,Direction.Long,65000.88,614213504,False,Side.Sell,,65000.88,1653898000,BTC-USDT,TimeCondition.GTC,0.001
2837957847,4194834854,0,1783610795955826623,201,order_input,benchmark,mock,InstrumentType.Spot,3847191305847373902,OrderType.Limit,Direction.Long,65000.69,614215040,False,Side.Buy,,65000.69,1653898000,BTC-USDT,TimeCondition.GTC,0.001
2837957847,4194834854,0,1783610795956138433,201,order_input,benchmark,mock,InstrumentType.Spot,3847191305847373903,OrderType.Limit,Direction.Long,65000.9,614216576,False,Side.Sell,,65000.9,1653898000,BTC-USDT,TimeCondition.GTC,0.001
2837957847,4194834854,0,1783610795956438002,201,order_input,benchmark,mock,InstrumentType.Spot,3847191305847373904,OrderType.Limit,Direction.Long,65000.71,614218112,False,Side.Buy,,65000.71,1653898000,BTC-USDT,TimeCondition.GTC,0.001
2837957847,4194834854,0,1783610795956648322,201,order_input,benchmark,mock,InstrumentType.Spot,3847191305847373905,OrderType.Limit,Direction.Long,65000.92,614219648,False,Side.Sell,,65000.92,1653898000,BTC-USDT,TimeCondition.GTC,0.001
2837957847,4194834854,0,1783610795957051259,201,order_input,benchmark,mock,InstrumentType.Spot,3847191305847373906,OrderType.Limit,Direction.Long,65000.73,614221184,False,Side.Buy,,65000.73,1653898000,BTC-USDT,TimeCondition.GTC,0.001
2837957847,4194834854,0,1783610795957331478,201,order_input,benchmark,mock,InstrumentType.Spot,3847191305847373907,OrderType.Limit,Direction.Long,65000.939999999995,614222720,False,Side.Sell,,65000.939999999995,1653898000,BTC-USDT,TimeCondition.GTC,0.001
2837957847,4194834854,0,1783610795957634638,201,order_input,benchmark,mock,InstrumentType.Spot,3847191305847373908,OrderType.Limit,Direction.Long,65000.75,614224256,False,Side.Buy,,65000.75,1653898000,BTC-USDT,TimeCondition.GTC,0.001
2837957847,4194834854,0,1783610795957946927,201,order_input,benchmark,mock,InstrumentType.Spot,3847191305847373909,OrderType.Limit,Direction.Long,65000.96,614225792,False,Side.Sell,,65000.96,1653898000,BTC-USDT,TimeCondition.GTC,0.001
2837957847,4194834854,0,1783610795958238255,201,order_input,benchmark,mock,InstrumentType.Spot,3847191305847373910,OrderType.Limit,Direction.Long,65000.770000000004,614227328,False,Side.Buy,,65000.770000000004,1653898000,BTC-USDT,TimeCondition.GTC,0.001
2837957847,4194834854,0,1783610795958536362,201,order_input,benchmark,mock,InstrumentType.Spot,3847191305847373911,OrderType.Limit,Direction.Long,65000.979999999996,614228864,False,Side.Sell,,65000.979999999996,1653898000,BTC-USDT,TimeCondition.GTC,0.001
2837957847,4194834854,0,1783610795958835573,201,order_input,benchmark,mock,InstrumentType.Spot,3847191305847373912,OrderType.Limit,Direction.Long,65000.79,614230400,False,Side.Buy,,65000.79,1653898000,BTC-USDT,TimeCondition.GTC,0.001
2837957847,4194834854,0,1783610795959050377,201,order_input,benchmark,mock,InstrumentType.Spot,3847191305847373913,OrderType.Limit,Direction.Long,65001.0,614231936,False,Side.Sell,,65001.0,1653898000,BTC-USDT,TimeCondition.GTC,0.001
2837957847,4194834854,0,1783610795959429122,201,order_input,benchmark,mock,InstrumentType.Spot,3847191305847373914,OrderType.Limit,Direction.Long,65000.810000000005,614233472,False,Side.Buy,,65000.810000000005,1653898000,BTC-USDT,TimeCondition.GTC,0.001
2837957847,4194834854,0,1783610795959850519,201,order_input,benchmark,mock,InstrumentType.Spot,3847191305847373915,OrderType.Limit,Direction.Long,65001.02,614235008,False,Side.Sell,,65001.02,1653898000,BTC-USDT,TimeCondition.GTC,0.001
2837957847,4194834854,0,1783610795959966279,201,order_input,benchmark,mock,InstrumentType.Spot,3847191305847373916,OrderType.Limit,Direction.Long,65000.83,614236544,False,Side.Buy,,65000.83,1653898000,BTC-USDT,TimeCondition.GTC,0.001
2837957847,4194834854,0,1783610795960389223,201,order_input,benchmark,mock,InstrumentType.Spot,3847191305847373917,OrderType.Limit,Direction.Long,65001.04,614099568,False,Side.Sell,,65001.04,1653898000,BTC-USDT,TimeCondition.GTC,0.001
2837957847,4194834854,0,1783610795960879683,201,order_input,benchmark,mock,InstrumentType.Spot,3847191305847373918,OrderType.Limit,Direction.Long,65000.85,614240304,False,Side.Buy,,65000.85,1653898000,BTC-USDT,TimeCondition.GTC,0.001
2837957847,4194834854,0,1783610795961022113,201,order_input,benchmark,mock,InstrumentType.Spot,3847191305847373919,OrderType.Limit,Direction.Long,65001.06,614241840,False,Side.Sell,,65001.06,1653898000,BTC-USDT,TimeCondition.GTC,0.001
2837957847,4194834854,0,1783610795961180031,201,order_input,benchmark,mock,InstrumentType.Spot,3847191305847373920,OrderType.Limit,Direction.Long,65000.87,614243376,False,Side.Buy,,65000.87,1653898000,BTC-USDT,TimeCondition.GTC,0.001
2837957847,4194834854,0,1783610795961517523,201,order_input,benchmark,mock,InstrumentType.Spot,3847191305847373921,OrderType.Limit,Direction.Long,65001.08,614213120,False,Side.Sell,,65001.08,1653898000,BTC-USDT,TimeCondition.GTC,0.001
2837957847,4194834854,0,1783610795961797297,201,order_input,benchmark,mock,InstrumentType.Spot,3847191305847373922,OrderType.Limit,Direction.Long,65000.89,615900784,False,Side.Buy,,65000.89,1653898000,BTC-USDT,TimeCondition.GTC,0.001
2837957847,4194834854,0,1783610795962061625,201,order_input,benchmark,mock,InstrumentType.Spot,3847191305847373923,OrderType.Limit,Direction.Long,65000.1,615902320,False,Side.Sell,,65000.1,1653898000,BTC-USDT,TimeCondition.GTC,0.001
2837957847,4194834854,0,1783610795962448819,201,order_input,benchmark,mock,InstrumentType.Spot,3847191305847373924,OrderType.Limit,Direction.Long,64999.91,615903856,False,Side.Buy,,64999.91,1653898000,BTC-USDT,TimeCondition.GTC,0.001
2837957847,4194834854,0,1783610795962725144,201,order_input,benchmark,mock,InstrumentType.Spot,3847191305847373925,OrderType.Limit,Direction.Long,65000.119999999995,615905392,False,Side.Sell,,65000.119999999995,1653898000,BTC-USDT,TimeCondition.GTC,0.001
2837957847,4194834854,0,1783610795963115201,201,order_input,benchmark,mock,InstrumentType.Spot,3847191305847373926,OrderType.Limit,Direction.Long,64999.93,615906928,False,Side.Buy,,64999.93,1653898000,BTC-USDT,TimeCondition.GTC,0.001
2837957847,4194834854,0,1783610795963348532,201,order_input,benchmark,mock,InstrumentType.Spot,3847191305847373927,OrderType.Limit,Direction.Long,65000.14,615908464,False,Side.Sell,,65000.14,1653898000,BTC-USDT,TimeCondition.GTC,0.001
2837957847,4194834854,0,1783610795963634483,201,order_input,benchmark,mock,InstrumentType.Spot,3847191305847373928,OrderType.Limit,Direction.Long,64999.950000000004,615910000,False,Side.Buy,,64999.950000000004,1653898000,BTC-USDT,TimeCondition.GTC,0.001
2837957847,4194834854,0,1783610795963869955,201,order_input,benchmark,mock,InstrumentType.Spot,3847191305847373929,OrderType.Limit,Direction.Long,65000.159999999996,615911536,False,Side.Sell,,65000.159999999996,1653898000,BTC-USDT,TimeCondition.GTC,0.001
2837957847,4194834854,0,1783610795964263066,201,order_input,benchmark,mock,InstrumentType.Spot,3847191305847373930,OrderType.Limit,Direction.Long,64999.97,615913072,False,Side.Buy,,64999.97,1653898000,BTC-USDT,TimeCondition.GTC,0.001
2837957847,4194834854,0,1783610795964564660,201,order_input,benchmark,mock,InstrumentType.Spot,3847191305847373931,OrderType.Limit,Direction.Long,65000.18,615914608,False,Side.Sell,,65000.18,1653898000,BTC-USDT,TimeCondition.GTC,0.001
2837957847,4194834854,0,1783610795964794329,201,order_input,benchmark,mock,InstrumentType.Spot,3847191305847373932,OrderType.Limit,Direction.Long,64999.99,615916144,False,Side.Buy,,64999.99,1653898000,BTC-USDT,TimeCondition.GTC,0.001
2837957847,4194834854,0,1783610795965057163,201,order_input,benchmark,mock,InstrumentType.Spot,3847191305847373933,OrderType.Limit,Direction.Long,65000.2,615918720,False,Side.Sell,,65000.2,1653898000,BTC-USDT,TimeCondition.GTC,0.001
2837957847,4194834854,0,1783610795965463994,201,order_input,benchmark,mock,InstrumentType.Spot,3847191305847373934,OrderType.Limit,Direction.Long,65000.01,615920256,False,Side.Buy,,65000.01,1653898000,BTC-USDT,TimeCondition.GTC,0.001
2837957847,4194834854,0,1783610795965746585,201,order_input,benchmark,mock,InstrumentType.Spot,3847191305847373935,OrderType.Limit,Direction.Long,65000.22,615921792,False,Side.Sell,,65000.22,1653898000,BTC-USDT,TimeCondition.GTC,0.001
2837957847,4194834854,0,1783610795966116138,201,order_input,benchmark,mock,InstrumentType.Spot,3847191305847373936,OrderType.Limit,Direction.Long,65000.03,615923328,False,Side.Buy,,65000.03,1653898000,BTC-USDT,TimeCondition.GTC,0.001
2837957847,4194834854,0,1783610795966252892,201,order_input,benchmark,mock,InstrumentType.Spot,3847191305847373937,OrderType.Limit,Direction.Long,65000.24,615924864,False,Side.Sell,,65000.24,1653898000,BTC-USDT,TimeCondition.GTC,0.001
2837957847,4194834854,0,1783610795966729590,201,order_input,benchmark,mock,InstrumentType.Spot,3847191305847373938,OrderType.Limit,Direction.Long,65000.05,615926400,False,Side.Buy,,65000.05,1653898000,BTC-USDT,TimeCondition.GTC,0.001
2837957847,4194834854,0,1783610795966907191,201,order_input,benchmark,mock,InstrumentType.Spot,3847191305847373939,OrderType.Limit,Direction.Long,65000.26,615927936,False,Side.Sell,,65000.26,1653898000,BTC-USDT,TimeCondition.GTC,0.001
2837957847,4194834854,0,1783610795967188372,201,order_input,benchmark,mock,InstrumentType.Spot,3847191305847373940,OrderType.Limit,Direction.Long,65000.07,615929472,False,Side.Buy,,65000.07,1653898000,BTC-USDT,TimeCondition.GTC,0.001
2837957847,4194834854,0,1783610795967557398,201,order_input,benchmark,mock,InstrumentType.Spot,3847191305847373941,OrderType.Limit,Direction.Long,65000.28,615931008,False,Side.Sell,,65000.28,1653898000,BTC-USDT,TimeCondition.GTC,0.001
2837957847,4194834854,0,1783610795967862064,201,order_input,benchmark,mock,InstrumentType.Spot,3847191305847373942,OrderType.Limit,Direction.Long,65000.090000000004,615932544,False,Side.Buy,,65000.090000000004,1653898000,BTC-USDT,TimeCondition.GTC,0.001
2837957847,4194834854,0,1783610795968385049,201,order_input,benchmark,mock,InstrumentType.Spot,3847191305847373943,OrderType.Limit,Direction.Long,65000.299999999996,615934080,False,Side.Sell,,65000.299999999996,1653898000,BTC-USDT,TimeCondition.GTC,0.001
2837957847,4194834854,0,1783610795968504356,201,order_input,benchmark,mock,InstrumentType.Spot,3847191305847373944,OrderType.Limit,Direction.Long,65000.11,615935584,False,Side.Buy,,65000.11,1653898000,BTC-USDT,TimeCondition.GTC,0.001
2837957847,4194834854,0,1783610795968673167,201,order_input,benchmark,mock,InstrumentType.Spot,3847191305847373945,OrderType.Limit,Direction.Long,65000.32,615937152,False,Side.Sell,,65000.32,1653898000,BTC-USDT,TimeCondition.GTC,0.001
2837957847,4194834854,0,1783610795969064811,201,order_input,benchmark,mock,InstrumentType.Spot,3847191305847373946,OrderType.Limit,Direction.Long,65000.130000000005,615938688,False,Side.Buy,,65000.130000000005,1653898000,BTC-USDT,TimeCondition.GTC,0.001
2837957847,4194834854,0,1783610795969295420,201,order_input,benchmark,mock,InstrumentType.Spot,3847191305847373947,OrderType.Limit,Direction.Long,65000.34,615940224,False,Side.Sell,,65000.34,1653898000,BTC-USDT,TimeCondition.GTC,0.001
2837957847,4194834854,0,1783610795969586205,201,order_input,benchmark,mock,InstrumentType.Spot,3847191305847373948,OrderType.Limit,Direction.Long,65000.15,615941760,False,Side.Buy,,65000.15,1653898000,BTC-USDT,TimeCondition.GTC,0.001
2837957847,4194834854,0,1783610795969951684,201,order_input,benchmark,mock,InstrumentType.Spot,3847191305847373949,OrderType.Limit,Direction.Long,65000.36,615943296,False,Side.Sell,,65000.36,1653898000,BTC-USDT,TimeCondition.GTC,0.001
2837957847,4194834854,0,1783610795970249021,201,order_input,benchmark,mock,InstrumentType.Spot,3847191305847373950,OrderType.Limit,Direction.Long,65000.17,615944832,False,Side.Buy,,65000.17,1653898000,BTC-USDT,TimeCondition.GTC,0.001
2837957847,4194834854,0,1783610795970498326,201,order_input,benchmark,mock,InstrumentType.Spot,3847191305847373951,OrderType.Limit,Direction.Long,65000.38,615946368,False,Side.Sell,,65000.38,1653898000,BTC-USDT,TimeCondition.GTC,0.001
2837957847,4194834854,0,1783610795970783299,201,order_input,benchmark,mock,InstrumentType.Spot,3847191305847373952,OrderType.Limit,Direction.Long,65000.19,615947904,False,Side.Buy,,65000.19,1653898000,BTC-USDT,TimeCondition.GTC,0.001
2837957847,4194834854,0,1783610795971182478,201,order_input,benchmark,mock,InstrumentType.Spot,3847191305847373953,OrderType.Limit,Direction.Long,65000.4,615917680,False,Side.Sell,,65000.4,1653898000,BTC-USDT,TimeCondition.GTC,0.001
2837957847,4194834854,0,1783610795971511420,201,order_input,benchmark,mock,InstrumentType.Spot,3847191305847373954,OrderType.Limit,Direction.Long,65000.21,615951136,False,Side.Buy,,65000.21,1653898000,BTC-USDT,TimeCondition.GTC,0.001
2837957847,4194834854,0,1783610795971675415,201,order_input,benchmark,mock,InstrumentType.Spot,3847191305847373955,OrderType.Limit,Direction.Long,65000.42,615952672,False,Side.Sell,,65000.42,1653898000,BTC-USDT,TimeCondition.GTC,0.001
2837957847,4194834854,0,1783610795972018341,201,order_input,benchmark,mock,InstrumentType.Spot,3847191305847373956,OrderType.Limit,Direction.Long,65000.23,615954208,False,Side.Buy,,65000.23,1653898000,BTC-USDT,TimeCondition.GTC,0.001
2837957847,4194834854,0,1783610795972402219,201,order_input,benchmark,mock,InstrumentType.Spot,3847191305847373957,OrderType.Limit,Direction.Long,65000.439999999995,615955744,False,Side.Sell,,65000.439999999995,1653898000,BTC-USDT,TimeCondition.GTC,0.001
2837957847,4194834854,0,1783610795972668725,201,order_input,benchmark,mock,InstrumentType.Spot,3847191305847373958,OrderType.Limit,Direction.Long,65000.25,615957280,False,Side.Buy,,65000.25,1653898000,BTC-USDT,TimeCondition.GTC,0.001
2837957847,4194834854,0,1783610795972917713,201,order_input,benchmark,mock,InstrumentType.Spot,3847191305847373959,OrderType.Limit,Direction.Long,65000.46,615958816,False,Side.Sell,,65000.46,1653898000,BTC-USDT,TimeCondition.GTC,0.001
2837957847,4194834854,0,1783610795973197166,201,order_input,benchmark,mock,InstrumentType.Spot,3847191305847373960,OrderType.Limit,Direction.Long,65000.270000000004,615960352,False,Side.Buy,,65000.270000000004,1653898000,BTC-USDT,TimeCondition.GTC,0.001
2837957847,4194834854,0,1783610795973528506,201,order_input,benchmark,mock,InstrumentType.Spot,3847191305847373961,OrderType.Limit,Direction.Long,65000.479999999996,615961888,False,Side.Sell,,65000.479999999996,1653898000,BTC-USDT,TimeCondition.GTC,0.001
2837957847,4194834854,0,1783610795973902154,201,order_input,benchmark,mock,InstrumentType.Spot,3847191305847373962,OrderType.Limit,Direction.Long,65000.29,615963424,False,Side.Buy,,65000.29,1653898000,BTC-USDT,TimeCondition.GTC,0.001
2837957847,4194834854,0,1783610795974141652,201,order_input,benchmark,mock,InstrumentType.Spot,3847191305847373963,OrderType.Limit,Direction.Long,65000.5,615964960,False,Side.Sell,,65000.5,1653898000,BTC-USDT,TimeCondition.GTC,0.001
2837957847,4194834854,0,1783610795974416656,201,order_input,benchmark,mock,InstrumentType.Spot,3847191305847373964,OrderType.Limit,Direction.Long,65000.310000000005,615966496,False,Side.Buy,,65000.310000000005,1653898000,BTC-USDT,TimeCondition.GTC,0.001
2837957847,4194834854,0,1783610795974805298,201,order_input,benchmark,mock,InstrumentType.Spot,3847191305847373965,OrderType.Limit,Direction.Long,65000.52,615968032,False,Side.Sell,,65000.52,1653898000,BTC-USDT,TimeCondition.GTC,0.001
2837957847,4194834854,0,1783610795975057972,201,order_input,benchmark,mock,InstrumentType.Spot,3847191305847373966,OrderType.Limit,Direction.Long,65000.33,615969568,False,Side.Buy,,65000.33,1653898000,BTC-USDT,TimeCondition.GTC,0.001
2837957847,4194834854,0,1783610795975263062,201,order_input,benchmark,mock,InstrumentType.Spot,3847191305847373967,OrderType.Limit,Direction.Long,65000.54,615971104,False,Side.Sell,,65000.54,1653898000,BTC-USDT,TimeCondition.GTC,0.001
2837957847,4194834854,0,1783610795975622891,201,order_input,benchmark,mock,InstrumentType.Spot,3847191305847373968,OrderType.Limit,Direction.Long,65000.35,615972640,False,Side.Buy,,65000.35,1653898000,BTC-USDT,TimeCondition.GTC,0.001
2837957847,4194834854,0,1783610795975977494,201,order_input,benchmark,mock,InstrumentType.Spot,3847191305847373969,OrderType.Limit,Direction.Long,65000.56,615974176,False,Side.Sell,,65000.56,1653898000,BTC-USDT,TimeCondition.GTC,0.001
2837957847,4194834854,0,1783610795976391135,201,order_input,benchmark,mock,InstrumentType.Spot,3847191305847373970,OrderType.Limit,Direction.Long,65000.37,615975712,False,Side.Buy,,65000.37,1653898000,BTC-USDT,TimeCondition.GTC,0.001
2837957847,4194834854,0,1783610795976519807,201,order_input,benchmark,mock,InstrumentType.Spot,3847191305847373971,OrderType.Limit,Direction.Long,65000.58,615977248,False,Side.Sell,,65000.58,1653898000,BTC-USDT,TimeCondition.GTC,0.001
2837957847,4194834854,0,1783610795976882725,201,order_input,benchmark,mock,InstrumentType.Spot,3847191305847373972,OrderType.Limit,Direction.Long,65000.39,615978784,False,Side.Buy,,65000.39,1653898000,BTC-USDT,TimeCondition.GTC,0.001
2837957847,4194834854,0,1783610795977049195,201,order_input,benchmark,mock,InstrumentType.Spot,3847191305847373973,OrderType.Limit,Direction.Long,65000.6,615949440,False,Side.Sell,,65000.6,1653898000,BTC-USDT,TimeCondition.GTC,0.001
2837957847,4194834854,0,1783610795977478668,201,order_input,benchmark,mock,InstrumentType.Spot,3847191305847373974,OrderType.Limit,Direction.Long,65000.41,615982048,False,Side.Buy,,65000.41,1653898000,BTC-USDT,TimeCondition.GTC,0.001
2837957847,4194834854,0,1783610795977738263,201,order_input,benchmark,mock,InstrumentType.Spot,3847191305847373975,OrderType.Limit,Direction.Long,65000.619999999995,615983584,False,Side.Sell,,65000.619999999995,1653898000,BTC-USDT,TimeCondition.GTC,0.001
2837957847,4194834854,0,1783610795978028764,201,order_input,benchmark,mock,InstrumentType.Spot,3847191305847373976,OrderType.Limit,Direction.Long,65000.43,615985120,False,Side.Buy,,65000.43,1653898000,BTC-USDT,TimeCondition.GTC,0.001
2837957847,4194834854,0,1783610795978314839,201,order_input,benchmark,mock,InstrumentType.Spot,3847191305847373977,OrderType.Limit,Direction.Long,65000.64,615986656,False,Side.Sell,,65000.64,1653898000,BTC-USDT,TimeCondition.GTC,0.001
2837957847,4194834854,0,1783610795978585839,201,order_input,benchmark,mock,InstrumentType.Spot,3847191305847373978,OrderType.Limit,Direction.Long,65000.450000000004,615988192,False,Side.Buy,,65000.450000000004,1653898000,BTC-USDT,TimeCondition.GTC,0.001
2837957847,4194834854,0,1783610795978875243,201,order_input,benchmark,mock,InstrumentType.Spot,3847191305847373979,OrderType.Limit,Direction.Long,65000.659999999996,615989728,False,Side.Sell,,65000.659999999996,1653898000,BTC-USDT,TimeCondition.GTC,0.001
2837957847,4194834854,0,1783610795979158405,201,order_input,benchmark,mock,InstrumentType.Spot,3847191305847373980,OrderType.Limit,Direction.Long,65000.47,615991264,False,Side.Buy,,65000.47,1653898000,BTC-USDT,TimeCondition.GTC,0.001
2837957847,4194834854,0,1783610795979522400,201,order_input,benchmark,mock,InstrumentType.Spot,3847191305847373981,OrderType.Limit,Direction.Long,65000.68,615992800,False,Side.Sell,,65000.68,1653898000,BTC-USDT,TimeCondition.GTC,0.001
2837957847,4194834854,0,1783610795979782902,201,order_input,benchmark,mock,InstrumentType.Spot,3847191305847373982,OrderType.Limit,Direction.Long,65000.49,615994336,False,Side.Buy,,65000.49,1653898000,BTC-USDT,TimeCondition.GTC,0.001
2837957847,4194834854,0,1783610795980144777,201,order_input,benchmark,mock,InstrumentType.Spot,3847191305847373983,OrderType.Limit,Direction.Long,65000.7,615995872,False,Side.Sell,,65000.7,1653898000,BTC-USDT,TimeCondition.GTC,0.001
2837957847,4194834854,0,1783610795980413574,201,order_input,benchmark,mock,InstrumentType.Spot,3847191305847373984,OrderType.Limit,Direction.Long,65000.51,615997408,False,Side.Buy,,65000.51,1653898000,BTC-USDT,TimeCondition.GTC,0.001
2837957847,4194834854,0,1783610795980670119,201,order_input,benchmark,mock,InstrumentType.Spot,3847191305847373985,OrderType.Limit,Direction.Long,65000.72,615998944,False,Side.Sell,,65000.72,1653898000,BTC-USDT,TimeCondition.GTC,0.001
2837957847,4194834854,0,1783610795981073364,201,order_input,benchmark,mock,InstrumentType.Spot,3847191305847373986,OrderType.Limit,Direction.Long,65000.53,616000480,False,Side.Buy,,65000.53,1653898000,BTC-USDT,TimeCondition.GTC,0.001
2837957847,4194834854,0,1783610795981309572,201,order_input,benchmark,mock,InstrumentType.Spot,3847191305847373987,OrderType.Limit,Direction.Long,65000.74,616002016,False,Side.Sell,,65000.74,1653898000,BTC-USDT,TimeCondition.GTC,0.001
2837957847,4194834854,0,1783610795981582434,201,order_input,benchmark,mock,InstrumentType.Spot,3847191305847373988,OrderType.Limit,Direction.Long,65000.55,616003552,False,Side.Buy,,65000.55,1653898000,BTC-USDT,TimeCondition.GTC,0.001
2837957847,4194834854,0,1783610795981951245,201,order_input,benchmark,mock,InstrumentType.Spot,3847191305847373989,OrderType.Limit,Direction.Long,65000.76,616005088,False,Side.Sell,,65000.76,1653898000,BTC-USDT,TimeCondition.GTC,0.001
2837957847,4194834854,0,1783610795982182702,201,order_input,benchmark,mock,InstrumentType.Spot,3847191305847373990,OrderType.Limit,Direction.Long,65000.57,616006624,False,Side.Buy,,65000.57,1653898000,BTC-USDT,TimeCondition.GTC,0.001
2837957847,4194834854,0,1783610795982543799,201,order_input,benchmark,mock,InstrumentType.Spot,3847191305847373991,OrderType.Limit,Direction.Long,65000.78,616008160,False,Side.Sell,,65000.78,1653898000,BTC-USDT,TimeCondition.GTC,0.001
2837957847,4194834854,0,1783610795982747325,201,order_input,benchmark,mock,InstrumentType.Spot,3847191305847373992,OrderType.Limit,Direction.Long,65000.590000000004,616009696,False,Side.Buy,,65000.590000000004,1653898000,BTC-USDT,TimeCondition.GTC,0.001
2837957847,4194834854,0,1783610795983144237,201,order_input,benchmark,mock,InstrumentType.Spot,3847191305847373993,OrderType.Limit,Direction.Long,65000.799999999996,616011232,False,Side.Sell,,65000.799999999996,1653898000,BTC-USDT,TimeCondition.GTC,0.001
2837957847,4194834854,0,1783610795983361327,201,order_input,benchmark,mock,InstrumentType.Spot,3847191305847373994,OrderType.Limit,Direction.Long,65000.61,616012768,False,Side.Buy,,65000.61,1653898000,BTC-USDT,TimeCondition.GTC,0.001
2837957847,4194834854,0,1783610795983752578,201,order_input,benchmark,mock,InstrumentType.Spot,3847191305847373995,OrderType.Limit,Direction.Long,65000.82,616014304,False,Side.Sell,,65000.82,1653898000,BTC-USDT,TimeCondition.GTC,0.001
2837957847,4194834854,0,1783610795983971005,201,order_input,benchmark,mock,InstrumentType.Spot,3847191305847373996,OrderType.Limit,Direction.Long,65000.630000000005,616015840,False,Side.Buy,,65000.630000000005,1653898000,BTC-USDT,TimeCondition.GTC,0.001
2837957847,4194834854,0,1783610795984353591,201,order_input,benchmark,mock,InstrumentType.Spot,3847191305847373997,OrderType.Limit,Direction.Long,65000.84,615980320,False,Side.Sell,,65000.84,1653898000,BTC-USDT,TimeCondition.GTC,0.001
2837957847,4194834854,0,1783610795984631709,201,order_input,benchmark,mock,InstrumentType.Spot,3847191305847373998,OrderType.Limit,Direction.Long,65000.65,616019136,False,Side.Buy,,65000.65,1653898000,BTC-USDT,TimeCondition.GTC,0.001
2837957847,4194834854,0,1783610795984934490,201,order_input,benchmark,mock,InstrumentType.Spot,3847191305847373999,OrderType.Limit,Direction.Long,65000.86,616020672,False,Side.Sell,,65000.86,1653898000,BTC-USDT,TimeCondition.GTC,0.001
2837957847,4194834854,0,1783610795985237260,201,order_input,benchmark,mock,InstrumentType.Spot,3847191305847374000,OrderType.Limit,Direction.Long,65000.67,616022208,False,Side.Buy,,65000.67,1653898000,BTC-USDT,TimeCondition.GTC,0.001
2837957847,4194834854,0,1783610795985659784,201,order_input,benchmark,mock,InstrumentType.Spot,3847191305847374001,OrderType.Limit,Direction.Long,65000.88,616023744,False,Side.Sell,,65000.88,1653898000,BTC-USDT,TimeCondition.GTC,0.001
2837957847,4194834854,0,1783610795985756440,201,order_input,benchmark,mock,InstrumentType.Spot,3847191305847374002,OrderType.Limit,Direction.Long,65000.69,616025280,False,Side.Buy,,65000.69,1653898000,BTC-USDT,TimeCondition.GTC,0.001
2837957847,4194834854,0,1783610795986093035,201,order_input,benchmark,mock,InstrumentType.Spot,3847191305847374003,OrderType.Limit,Direction.Long,65000.9,616026816,False,Side.Sell,,65000.9,1653898000,BTC-USDT,TimeCondition.GTC,0.001
2837957847,4194834854,0,1783610795986658247,201,order_input,benchmark,mock,InstrumentType.Spot,3847191305847374004,OrderType.Limit,Direction.Long,65000.71,616028352,False,Side.Buy,,65000.71,1653898000,BTC-USDT,TimeCondition.GTC,0.001
2837957847,4194834854,0,1783610795986788229,201,order_input,benchmark,mock,InstrumentType.Spot,3847191305847374005,OrderType.Limit,Direction.Long,65000.92,616029888,False,Side.Sell,,65000.92,1653898000,BTC-USDT,TimeCondition.GTC,0.001
2837957847,4194834854,0,1783610795986964477,201,order_input,benchmark,mock,InstrumentType.Spot,3847191305847374006,OrderType.Limit,Direction.Long,65000.73,616031424,False,Side.Buy,,65000.73,1653898000,BTC-USDT,TimeCondition.GTC,0.001
2837957847,4194834854,0,1783610795987264725,201,order_input,benchmark,mock,InstrumentType.Spot,3847191305847374007,OrderType.Limit,Direction.Long,65000.939999999995,616032960,False,Side.Sell,,65000.939999999995,1653898000,BTC-USDT,TimeCondition.GTC,0.001
2837957847,4194834854,0,1783610795987634531,201,order_input,benchmark,mock,InstrumentType.Spot,3847191305847374008,OrderType.Limit,Direction.Long,65000.75,616034496,False,Side.Buy,,65000.75,1653898000,BTC-USDT,TimeCondition.GTC,0.001
2837957847,4194834854,0,1783610795987935724,201,order_input,benchmark,mock,InstrumentType.Spot,3847191305847374009,OrderType.Limit,Direction.Long,65000.96,616036032,False,Side.Sell,,65000.96,1653898000,BTC-USDT,TimeCondition.GTC,0.001
2837957847,4194834854,0,1783610795988145920,201,order_input,benchmark,mock,InstrumentType.Spot,3847191305847374010,OrderType.Limit,Direction.Long,65000.770000000004,616037568,False,Side.Buy,,65000.770000000004,1653898000,BTC-USDT,TimeCondition.GTC,0.001
2837957847,4194834854,0,1783610795988565482,201,order_input,benchmark,mock,InstrumentType.Spot,3847191305847374011,OrderType.Limit,Direction.Long,65000.979999999996,616039104,False,Side.Sell,,65000.979999999996,1653898000,BTC-USDT,TimeCondition.GTC,0.001
2837957847,4194834854,0,1783610795988832040,201,order_input,benchmark,mock,InstrumentType.Spot,3847191305847374012,OrderType.Limit,Direction.Long,65000.79,616040640,False,Side.Buy,,65000.79,1653898000,BTC-USDT,TimeCondition.GTC,0.001
2837957847,4194834854,0,1783610795989046504,201,order_input,benchmark,mock,InstrumentType.Spot,3847191305847374013,OrderType.Limit,Direction.Long,65001.0,616042176,False,Side.Sell,,65001.0,1653898000,BTC-USDT,TimeCondition.GTC,0.001
2837957847,4194834854,0,1783610795989469134,201,order_input,benchmark,mock,InstrumentType.Spot,3847191305847374014,OrderType.Limit,Direction.Long,65000.810000000005,616043712,False,Side.Buy,,65000.810000000005,1653898000,BTC-USDT,TimeCondition.GTC,0.001
2837957847,4194834854,0,1783610795989715937,201,order_input,benchmark,mock,InstrumentType.Spot,3847191305847374015,OrderType.Limit,Direction.Long,65001.02,616045248,False,Side.Sell,,65001.02,1653898000,BTC-USDT,TimeCondition.GTC,0.001
2837957847,4194834854,0,1783610795990008433,201,order_input,benchmark,mock,InstrumentType.Spot,3847191305847374016,OrderType.Limit,Direction.Long,65000.83,616046784,False,Side.Buy,,65000.83,1653898000,BTC-USDT,TimeCondition.GTC,0.001
2837957847,4194834854,0,1783610795990252256,201,order_input,benchmark,mock,InstrumentType.Spot,3847191305847374017,OrderType.Limit,Direction.Long,65001.04,616048320,False,Side.Sell,,65001.04,1653898000,BTC-USDT,TimeCondition.GTC,0.001
2837957847,4194834854,0,1783610795990642975,201,order_input,benchmark,mock,InstrumentType.Spot,3847191305847374018,OrderType.Limit,Direction.Long,65000.85,616049856,False,Side.Buy,,65000.85,1653898000,BTC-USDT,TimeCondition.GTC,0.001
2837957847,4194834854,0,1783610795990855782,201,order_input,benchmark,mock,InstrumentType.Spot,3847191305847374019,OrderType.Limit,Direction.Long,65001.06,616051392,False,Side.Sell,,65001.06,1653898000,BTC-USDT,TimeCondition.GTC,0.001
2837957847,4194834854,0,1783610795991146317,201,order_input,benchmark,mock,InstrumentType.Spot,3847191305847374020,OrderType.Limit,Direction.Long,65000.87,616052928,False,Side.Buy,,65000.87,1653898000,BTC-USDT,TimeCondition.GTC,0.001
2837957847,4194834854,0,1783610795991533397,201,order_input,benchmark,mock,InstrumentType.Spot,3847191305847374021,OrderType.Limit,Direction.Long,65001.08,616054464,False,Side.Sell,,65001.08,1653898000,BTC-USDT,TimeCondition.GTC,0.001
2837957847,4194834854,0,1783610795991830643,201,order_input,benchmark,mock,InstrumentType.Spot,3847191305847374022,OrderType.Limit,Direction.Long,65000.89,616056000,False,Side.Buy,,65000.89,1653898000,BTC-USDT,TimeCondition.GTC,0.001
2837957847,4194834854,0,1783610795992134454,201,order_input,benchmark,mock,InstrumentType.Spot,3847191305847374023,OrderType.Limit,Direction.Long,65000.1,616057536,False,Side.Sell,,65000.1,1653898000,BTC-USDT,TimeCondition.GTC,0.001
2837957847,4194834854,0,1783610795992442816,201,order_input,benchmark,mock,InstrumentType.Spot,3847191305847374024,OrderType.Limit,Direction.Long,64999.91,616059072,False,Side.Buy,,64999.91,1653898000,BTC-USDT,TimeCondition.GTC,0.001
2837957847,4194834854,0,1783610795992730323,201,order_input,benchmark,mock,InstrumentType.Spot,3847191305847374025,OrderType.Limit,Direction.Long,65000.119999999995,616017376,False,Side.Sell,,65000.119999999995,1653898000,BTC-USDT,TimeCondition.GTC,0.001
2837957847,4194834854,0,1783610795993045660,201,order_input,benchmark,mock,InstrumentType.Spot,3847191305847374026,OrderType.Limit,Direction.Long,64999.93,616062448,False,Side.Buy,,64999.93,1653898000,BTC-USDT,TimeCondition.GTC,0.001
2837957847,4194834854,0,1783610795993326551,201,order_input,benchmark,mock,InstrumentType.Spot,3847191305847374027,OrderType.Limit,Direction.Long,65000.14,616063936,False,Side.Sell,,65000.14,1653898000,BTC-USDT,TimeCondition.GTC,0.001
2837957847,4194834854,0,1783610795993634686,201,order_input,benchmark,mock,InstrumentType.Spot,3847191305847374028,OrderType.Limit,Direction.Long,64999.950000000004,616065472,False,Side.Buy,,64999.950000000004,1653898000,BTC-USDT,TimeCondition.GTC,0.001
2837957847,4194834854,0,1783610795993933437,201,order_input,benchmark,mock,InstrumentType.Spot,3847191305847374029,OrderType.Limit,Direction.Long,65000.159999999996,616067008,False,Side.Sell,,65000.159999999996,1653898000,BTC-USDT,TimeCondition.GTC,0.001
2837957847,4194834854,0,1783610795994310509,201,order_input,benchmark,mock,InstrumentType.Spot,3847191305847374030,OrderType.Limit,Direction.Long,64999.97,616068544,False,Side.Buy,,64999.97,1653898000,BTC-USDT,TimeCondition.GTC,0.001
2837957847,4194834854,0,1783610795994539834,201,order_input,benchmark,mock,InstrumentType.Spot,3847191305847374031,OrderType.Limit,Direction.Long,65000.18,616070080,False,Side.Sell,,65000.18,1653898000,BTC-USDT,TimeCondition.GTC,0.001
2837957847,4194834854,0,1783610795995192295,201,order_input,benchmark,mock,InstrumentType.Spot,3847191305847374032,OrderType.Limit,Direction.Long,64999.99,616071616,False,Side.Buy,,64999.99,1653898000,BTC-USDT,TimeCondition.GTC,0.001
2837957847,4194834854,0,1783610795995277774,201,order_input,benchmark,mock,InstrumentType.Spot,3847191305847374033,OrderType.Limit,Direction.Long,65000.2,616073120,False,Side.Sell,,65000.2,1653898000,BTC-USDT,TimeCondition.GTC,0.001
2837957847,4194834854,0,1783610795995369718,201,order_input,benchmark,mock,InstrumentType.Spot,3847191305847374034,OrderType.Limit,Direction.Long,65000.01,616074688,False,Side.Buy,,65000.01,1653898000,BTC-USDT,TimeCondition.GTC,0.001
2837957847,4194834854,0,1783610795995751336,201,order_input,benchmark,mock,InstrumentType.Spot,3847191305847374035,OrderType.Limit,Direction.Long,65000.22,616076224,False,Side.Sell,,65000.22,1653898000,BTC-USDT,TimeCondition.GTC,0.001
2837957847,4194834854,0,1783610795996021989,201,order_input,benchmark,mock,InstrumentType.Spot,3847191305847374036,OrderType.Limit,Direction.Long,65000.03,616077760,False,Side.Buy,,65000.03,1653898000,BTC-USDT,TimeCondition.GTC,0.001
2837957847,4194834854,0,1783610795996270303,201,order_input,benchmark,mock,InstrumentType.Spot,3847191305847374037,OrderType.Limit,Direction.Long,65000.24,616079296,False,Side.Sell,,65000.24,1653898000,BTC-USDT,TimeCondition.GTC,0.001
2837957847,4194834854,0,1783610795996646985,201,order_input,benchmark,mock,InstrumentType.Spot,3847191305847374038,OrderType.Limit,Direction.Long,65000.05,616080832,False,Side.Buy,,65000.05,1653898000,BTC-USDT,TimeCondition.GTC,0.001
2837957847,4194834854,0,1783610795996920619,201,order_input,benchmark,mock,InstrumentType.Spot,3847191305847374039,OrderType.Limit,Direction.Long,65000.26,616082368,False,Side.Sell,,65000.26,1653898000,BTC-USDT,TimeCondition.GTC,0.001
2837957847,4194834854,0,1783610795997145232,201,order_input,benchmark,mock,InstrumentType.Spot,3847191305847374040,OrderType.Limit,Direction.Long,65000.07,616083904,False,Side.Buy,,65000.07,1653898000,BTC-USDT,TimeCondition.GTC,0.001
2837957847,4194834854,0,1783610795997548899,201,order_input,benchmark,mock,InstrumentType.Spot,3847191305847374041,OrderType.Limit,Direction.Long,65000.28,616085440,False,Side.Sell,,65000.28,1653898000,BTC-USDT,TimeCondition.GTC,0.001
2837957847,4194834854,0,1783610795997784965,201,order_input,benchmark,mock,InstrumentType.Spot,3847191305847374042,OrderType.Limit,Direction.Long,65000.090000000004,616086976,False,Side.Buy,,65000.090000000004,1653898000,BTC-USDT,TimeCondition.GTC,0.001
2837957847,4194834854,0,1783610795998152304,201,order_input,benchmark,mock,InstrumentType.Spot,3847191305847374043,OrderType.Limit,Direction.Long,65000.299999999996,616088512,False,Side.Sell,,65000.299999999996,1653898000,BTC-USDT,TimeCondition.GTC,0.001
2837957847,4194834854,0,1783610795998418513,201,order_input,benchmark,mock,InstrumentType.Spot,3847191305847374044,OrderType.Limit,Direction.Long,65000.11,616090048,False,Side.Buy,,65000.11,1653898000,BTC-USDT,TimeCondition.GTC,0.001
2837957847,4194834854,0,1783610795998727250,201,order_input,benchmark,mock,InstrumentType.Spot,3847191305847374045,OrderType.Limit,Direction.Long,65000.32,616091584,False,Side.Sell,,65000.32,1653898000,BTC-USDT,TimeCondition.GTC,0.001
2837957847,4194834854,0,1783610795999035680,201,order_input,benchmark,mock,InstrumentType.Spot,3847191305847374046,OrderType.Limit,Direction.Long,65000.130000000005,616093120,False,Side.Buy,,65000.130000000005,1653898000,BTC-USDT,TimeCondition.GTC,0.001
2837957847,4194834854,0,1783610795999326175,201,order_input,benchmark,mock,InstrumentType.Spot,3847191305847374047,OrderType.Limit,Direction.Long,65000.34,616094656,False,Side.Sell,,65000.34,1653898000,BTC-USDT,TimeCondition.GTC,0.001
2837957847,4194834854,0,1783610795999628840,201,order_input,benchmark,mock,InstrumentType.Spot,3847191305847374048,OrderType.Limit,Direction.Long,65000.15,616096192,False,Side.Buy,,65000.15,1653898000,BTC-USDT,TimeCondition.GTC,0.001
2837957847,4194834854,0,1783610795999926858,201,order_input,benchmark,mock,InstrumentType.Spot,3847191305847374049,OrderType.Limit,Direction.Long,65000.36,616097728,False,Side.Sell,,65000.36,1653898000,BTC-USDT,TimeCondition.GTC,0.001
2837957847,4194834854,0,1783610796000224872,201,order_input,benchmark,mock,InstrumentType.Spot,3847191305847374050,OrderType.Limit,Direction.Long,65000.17,616099264,False,Side.Buy,,65000.17,1653898000,BTC-USDT,TimeCondition.GTC,0.001
2837957847,4194834854,0,1783610796000524699,201,order_input,benchmark,mock,InstrumentType.Spot,3847191305847374051,OrderType.Limit,Direction.Long,65000.38,616100800,False,Side.Sell,,65000.38,1653898000,BTC-USDT,TimeCondition.GTC,0.001
2837957847,4194834854,0,1783610796000896020,201,order_input,benchmark,mock,InstrumentType.Spot,3847191305847374052,OrderType.Limit,Direction.Long,65000.19,616102336,False,Side.Buy,,65000.19,1653898000,BTC-USDT,TimeCondition.GTC,0.001
2837957847,4194834854,0,1783610796001113166,201,order_input,benchmark,mock,InstrumentType.Spot,3847191305847374053,OrderType.Limit,Direction.Long,65000.4,616103872,False,Side.Sell,,65000.4,1653898000,BTC-USDT,TimeCondition.GTC,0.001
2837957847,4194834854,0,1783610796001483289,201,order_input,benchmark,mock,InstrumentType.Spot,3847191305847374054,OrderType.Limit,Direction.Long,65000.21,616105408,False,Side.Buy,,65000.21,1653898000,BTC-USDT,TimeCondition.GTC,0.001
2837957847,4194834854,0,1783610796001770612,201,order_input,benchmark,mock,InstrumentType.Spot,3847191305847374055,OrderType.Limit,Direction.Long,65000.42,616106944,False,Side.Sell,,65000.42,1653898000,BTC-USDT,TimeCondition.GTC,0.001
2837957847,4194834854,0,1783610796002073255,201,order_input,benchmark,mock,InstrumentType.Spot,3847191305847374056,OrderType.Limit,Direction.Long,65000.23,616108480,False,Side.Buy,,65000.23,1653898000,BTC-USDT,TimeCondition.GTC,0.001
2837957847,4194834854,0,1783610796002283714,201,order_input,benchmark,mock,InstrumentType.Spot,3847191305847374057,OrderType.Limit,Direction.Long,65000.439999999995,616060608,False,Side.Sell,,65000.439999999995,1653898000,BTC-USDT,TimeCondition.GTC,0.001
2837957847,4194834854,0,1783610796002741843,201,order_input,benchmark,mock,InstrumentType.Spot,3847191305847374058,OrderType.Limit,Direction.Long,65000.25,616062144,False,Side.Buy,,65000.25,1653898000,BTC-USDT,TimeCondition.GTC,0.001
2837957847,4194834854,0,1783610796002942581,201,order_input,benchmark,mock,InstrumentType.Spot,3847191305847374059,OrderType.Limit,Direction.Long,65000.46,616113376,False,Side.Sell,,65000.46,1653898000,BTC-USDT,TimeCondition.GTC,0.001
2837957847,4194834854,0,1783610796003194656,201,order_input,benchmark,mock,InstrumentType.Spot,3847191305847374060,OrderType.Limit,Direction.Long,65000.270000000004,616114912,False,Side.Buy,,65000.270000000004,1653898000,BTC-USDT,TimeCondition.GTC,0.001
2837957847,4194834854,0,1783610796003542696,201,order_input,benchmark,mock,InstrumentType.Spot,3847191305847374061,OrderType.Limit,Direction.Long,65000.479999999996,616116448,False,Side.Sell,,65000.479999999996,1653898000,BTC-USDT,TimeCondition.GTC,0.001
2837957847,4194834854,0,1783610796003856795,201,order_input,benchmark,mock,InstrumentType.Spot,3847191305847374062,OrderType.Limit,Direction.Long,65000.29,616117984,False,Side.Buy,,65000.29,1653898000,BTC-USDT,TimeCondition.GTC,0.001
2837957847,4194834854,0,1783610796004110879,201,order_input,benchmark,mock,InstrumentType.Spot,3847191305847374063,OrderType.Limit,Direction.Long,65000.5,616119520,False,Side.Sell,,65000.5,1653898000,BTC-USDT,TimeCondition.GTC,0.001
2837957847,4194834854,0,1783610796004441511,201,order_input,benchmark,mock,InstrumentType.Spot,3847191305847374064,OrderType.Limit,Direction.Long,65000.310000000005,616121056,False,Side.Buy,,65000.310000000005,1653898000,BTC-USDT,TimeCondition.GTC,0.001
2837957847,4194834854,0,1783610796004739396,201,order_input,benchmark,mock,InstrumentType.Spot,3847191305847374065,OrderType.Limit,Direction.Long,65000.52,616122592,False,Side.Sell,,65000.52,1653898000,BTC-USDT,TimeCondition.GTC,0.001
2837957847,4194834854,0,1783610796005050903,201,order_input,benchmark,mock,InstrumentType.Spot,3847191305847374066,OrderType.Limit,Direction.Long,65000.33,616124128,False,Side.Buy,,65000.33,1653898000,BTC-USDT,TimeCondition.GTC,0.001
2837957847,4194834854,0,1783610796005339771,201,order_input,benchmark,mock,InstrumentType.Spot,3847191305847374067,OrderType.Limit,Direction.Long,65000.54,616125664,False,Side.Sell,,65000.54,1653898000,BTC-USDT,TimeCondition.GTC,0.001
2837957847,4194834854,0,1783610796005625138,201,order_input,benchmark,mock,InstrumentType.Spot,3847191305847374068,OrderType.Limit,Direction.Long,65000.35,616127200,False,Side.Buy,,65000.35,1653898000,BTC-USDT,TimeCondition.GTC,0.001
2837957847,4194834854,0,1783610796005877191,201,order_input,benchmark,mock,InstrumentType.Spot,3847191305847374069,OrderType.Limit,Direction.Long,65000.56,616128736,False,Side.Sell,,65000.56,1653898000,BTC-USDT,TimeCondition.GTC,0.001
2837957847,4194834854,0,1783610796006252593,201,order_input,benchmark,mock,InstrumentType.Spot,3847191305847374070,OrderType.Limit,Direction.Long,65000.37,616130272,False,Side.Buy,,65000.37,1653898000,BTC-USDT,TimeCondition.GTC,0.001
2837957847,4194834854,0,1783610796006547420,201,order_input,benchmark,mock,InstrumentType.Spot,3847191305847374071,OrderType.Limit,Direction.Long,65000.58,616131808,False,Side.Sell,,65000.58,1653898000,BTC-USDT,TimeCondition.GTC,0.001
2837957847,4194834854,0,1783610796006855985,201,order_input,benchmark,mock,InstrumentType.Spot,3847191305847374072,OrderType.Limit,Direction.Long,65000.39,616133344,False,Side.Buy,,65000.39,1653898000,BTC-USDT,TimeCondition.GTC,0.001
2837957847,4194834854,0,1783610796007139444,201,order_input,benchmark,mock,InstrumentType.Spot,3847191305847374073,OrderType.Limit,Direction.Long,65000.6,616134880,False,Side.Sell,,65000.6,1653898000,BTC-USDT,TimeCondition.GTC,0.001
2837957847,4194834854,0,1783610796007445882,201,order_input,benchmark,mock,InstrumentType.Spot,3847191305847374074,OrderType.Limit,Direction.Long,65000.41,616136416,False,Side.Buy,,65000.41,1653898000,BTC-USDT,TimeCondition.GTC,0.001
2837957847,4194834854,0,1783610796007717201,201,order_input,benchmark,mock,InstrumentType.Spot,3847191305847374075,OrderType.Limit,Direction.Long,65000.619999999995,616137952,False,Side.Sell,,65000.619999999995,1653898000,BTC-USDT,TimeCondition.GTC,0.001
2837957847,4194834854,0,1783610796007983421,201,order_input,benchmark,mock,InstrumentType.Spot,3847191305847374076,OrderType.Limit,Direction.Long,65000.43,616139488,False,Side.Buy,,65000.43,1653898000,BTC-USDT,TimeCondition.GTC,0.001
2837957847,4194834854,0,1783610796008412072,201,order_input,benchmark,mock,InstrumentType.Spot,3847191305847374077,OrderType.Limit,Direction.Long,65000.64,616141024,False,Side.Sell,,65000.64,1653898000,BTC-USDT,TimeCondition.GTC,0.001
2837957847,4194834854,0,1783610796008607274,201,order_input,benchmark,mock,InstrumentType.Spot,3847191305847374078,OrderType.Limit,Direction.Long,65000.450000000004,616142560,False,Side.Buy,,65000.450000000004,1653898000,BTC-USDT,TimeCondition.GTC,0.001
2837957847,4194834854,0,1783610796008973654,201,order_input,benchmark,mock,InstrumentType.Spot,3847191305847374079,OrderType.Limit,Direction.Long,65000.659999999996,616144096,False,Side.Sell,,65000.659999999996,1653898000,BTC-USDT,TimeCondition.GTC,0.001
2837957847,4194834854,0,1783610796009252121,201,order_input,benchmark,mock,InstrumentType.Spot,3847191305847374080,OrderType.Limit,Direction.Long,65000.47,616145632,False,Side.Buy,,65000.47,1653898000,BTC-USDT,TimeCondition.GTC,0.001
2837957847,4194834854,0,1783610796009562462,201,order_input,benchmark,mock,InstrumentType.Spot,3847191305847374081,OrderType.Limit,Direction.Long,65000.68,616147168,False,Side.Sell,,65000.68,1653898000,BTC-USDT,TimeCondition.GTC,0.001
2837957847,4194834854,0,1783610796009921278,201,order_input,benchmark,mock,InstrumentType.Spot,3847191305847374082,OrderType.Limit,Direction.Long,65000.49,616148704,False,Side.Buy,,65000.49,1653898000,BTC-USDT,TimeCondition.GTC,0.001
2837957847,4194834854,0,1783610796010154211,201,order_input,benchmark,mock,InstrumentType.Spot,3847191305847374083,OrderType.Limit,Direction.Long,65000.7,616150240,False,Side.Sell,,65000.7,1653898000,BTC-USDT,TimeCondition.GTC,0.001
2837957847,4194834854,0,1783610796010409427,201,order_input,benchmark,mock,InstrumentType.Spot,3847191305847374084,OrderType.Limit,Direction.Long,65000.51,616151776,False,Side.Buy,,65000.51,1653898000,BTC-USDT,TimeCondition.GTC,0.001
2837957847,4194834854,0,1783610796010673109,201,order_input,benchmark,mock,InstrumentType.Spot,3847191305847374085,OrderType.Limit,Direction.Long,65000.72,616153312,False,Side.Sell,,65000.72,1653898000,BTC-USDT,TimeCondition.GTC,0.001
2837957847,4194834854,0,1783610796011060182,201,order_input,benchmark,mock,InstrumentType.Spot,3847191305847374086,OrderType.Limit,Direction.Long,65000.53,616154848,False,Side.Buy,,65000.53,1653898000,BTC-USDT,TimeCondition.GTC,0.001
2837957847,4194834854,0,1783610796011341726,201,order_input,benchmark,mock,InstrumentType.Spot,3847191305847374087,OrderType.Limit,Direction.Long,65000.74,616156384,False,Side.Sell,,65000.74,1653898000,BTC-USDT,TimeCondition.GTC,0.001
2837957847,4194834854,0,1783610796011608209,201,order_input,benchmark,mock,InstrumentType.Spot,3847191305847374088,OrderType.Limit,Direction.Long,65000.55,616157920,False,Side.Buy,,65000.55,1653898000,BTC-USDT,TimeCondition.GTC,0.001
2837957847,4194834854,0,1783610796011859419,201,order_input,benchmark,mock,InstrumentType.Spot,3847191305847374089,OrderType.Limit,Direction.Long,65000.76,616159456,False,Side.Sell,,65000.76,1653898000,BTC-USDT,TimeCondition.GTC,0.001
2837957847,4194834854,0,1783610796012160345,201,order_input,benchmark,mock,InstrumentType.Spot,3847191305847374090,OrderType.Limit,Direction.Long,65000.57,616160992,False,Side.Buy,,65000.57,1653898000,BTC-USDT,TimeCondition.GTC,0.001
2837957847,4194834854,0,1783610796012557437,201,order_input,benchmark,mock,InstrumentType.Spot,3847191305847374091,OrderType.Limit,Direction.Long,65000.78,616162528,False,Side.Sell,,65000.78,1653898000,BTC-USDT,TimeCondition.GTC,0.001
2837957847,4194834854,0,1783610796012769892,201,order_input,benchmark,mock,InstrumentType.Spot,3847191305847374092,OrderType.Limit,Direction.Long,65000.590000000004,616164064,False,Side.Buy,,65000.590000000004,1653898000,BTC-USDT,TimeCondition.GTC,0.001
2837957847,4194834854,0,1783610796013138078,201,order_input,benchmark,mock,InstrumentType.Spot,3847191305847374093,OrderType.Limit,Direction.Long,65000.799999999996,616110016,False,Side.Sell,,65000.799999999996,1653898000,BTC-USDT,TimeCondition.GTC,0.001
2837957847,4194834854,0,1783610796013432681,201,order_input,benchmark,mock,InstrumentType.Spot,3847191305847374094,OrderType.Limit,Direction.Long,65000.61,616111552,False,Side.Buy,,65000.61,1653898000,BTC-USDT,TimeCondition.GTC,0.001
2837957847,4194834854,0,1783610796013734941,201,order_input,benchmark,mock,InstrumentType.Spot,3847191305847374095,OrderType.Limit,Direction.Long,65000.82,616169008,False,Side.Sell,,65000.82,1653898000,BTC-USDT,TimeCondition.GTC,0.001
2837957847,4194834854,0,1783610796014049680,201,order_input,benchmark,mock,InstrumentType.Spot,3847191305847374096,OrderType.Limit,Direction.Long,65000.630000000005,616170544,False,Side.Buy,,65000.630000000005,1653898000,BTC-USDT,TimeCondition.GTC,0.001
2837957847,4194834854,0,1783610796014331566,201,order_input,benchmark,mock,InstrumentType.Spot,3847191305847374097,OrderType.Limit,Direction.Long,65000.84,616172080,False,Side.Sell,,65000.84,1653898000,BTC-USDT,TimeCondition.GTC,0.001
2837957847,4194834854,0,1783610796014634236,201,order_input,benchmark,mock,InstrumentType.Spot,3847191305847374098,OrderType.Limit,Direction.Long,65000.65,616173616,False,Side.Buy,,65000.65,1653898000,BTC-USDT,TimeCondition.GTC,0.001
2837957847,4194834854,0,1783610796014933416,201,order_input,benchmark,mock,InstrumentType.Spot,3847191305847374099,OrderType.Limit,Direction.Long,65000.86,616175152,False,Side.Sell,,65000.86,1653898000,BTC-USDT,TimeCondition.GTC,0.001
2837957847,4194834854,0,1783610796015245922,201,order_input,benchmark,mock,InstrumentType.Spot,3847191305847374100,OrderType.Limit,Direction.Long,65000.67,616176688,False,Side.Buy,,65000.67,1653898000,BTC-USDT,TimeCondition.GTC,0.001
2837957847,4194834854,0,1783610796015443926,201,order_input,benchmark,mock,InstrumentType.Spot,3847191305847374101,OrderType.Limit,Direction.Long,65000.88,616178224,False,Side.Sell,,65000.88,1653898000,BTC-USDT,TimeCondition.GTC,0.001
2837957847,4194834854,0,1783610796015828871,201,order_input,benchmark,mock,InstrumentType.Spot,3847191305847374102,OrderType.Limit,Direction.Long,65000.69,616179760,False,Side.Buy,,65000.69,1653898000,BTC-USDT,TimeCondition.GTC,0.001
2837957847,4194834854,0,1783610796016249511,201,order_input,benchmark,mock,InstrumentType.Spot,3847191305847374103,OrderType.Limit,Direction.Long,65000.9,616181296,False,Side.Sell,,65000.9,1653898000,BTC-USDT,TimeCondition.GTC,0.001
2837957847,4194834854,0,1783610796016428773,201,order_input,benchmark,mock,InstrumentType.Spot,3847191305847374104,OrderType.Limit,Direction.Long,65000.71,616182832,False,Side.Buy,,65000.71,1653898000,BTC-USDT,TimeCondition.GTC,0.001
2837957847,4194834854,0,1783610796016701295,201,order_input,benchmark,mock,InstrumentType.Spot,3847191305847374105,OrderType.Limit,Direction.Long,65000.92,616184368,False,Side.Sell,,65000.92,1653898000,BTC-USDT,TimeCondition.GTC,0.001
2837957847,4194834854,0,1783610796017070300,201,order_input,benchmark,mock,InstrumentType.Spot,3847191305847374106,OrderType.Limit,Direction.Long,65000.73,616185904,False,Side.Buy,,65000.73,1653898000,BTC-USDT,TimeCondition.GTC,0.001
2837957847,4194834854,0,1783610796017311996,201,order_input,benchmark,mock,InstrumentType.Spot,3847191305847374107,OrderType.Limit,Direction.Long,65000.939999999995,616187440,False,Side.Sell,,65000.939999999995,1653898000,BTC-USDT,TimeCondition.GTC,0.001
2837957847,4194834854,0,1783610796017647258,201,order_input,benchmark,mock,InstrumentType.Spot,3847191305847374108,OrderType.Limit,Direction.Long,65000.75,616188976,False,Side.Buy,,65000.75,1653898000,BTC-USDT,TimeCondition.GTC,0.001
2837957847,4194834854,0,1783610796017928669,201,order_input,benchmark,mock,InstrumentType.Spot,3847191305847374109,OrderType.Limit,Direction.Long,65000.96,616190512,False,Side.Sell,,65000.96,1653898000,BTC-USDT,TimeCondition.GTC,0.001
2837957847,4194834854,0,1783610796018241400,201,order_input,benchmark,mock,InstrumentType.Spot,3847191305847374110,OrderType.Limit,Direction.Long,65000.770000000004,616192048,False,Side.Buy,,65000.770000000004,1653898000,BTC-USDT,TimeCondition.GTC,0.001
2837957847,4194834854,0,1783610796018527152,201,order_input,benchmark,mock,InstrumentType.Spot,3847191305847374111,OrderType.Limit,Direction.Long,65000.979999999996,616193584,False,Side.Sell,,65000.979999999996,1653898000,BTC-USDT,TimeCondition.GTC,0.001
2837957847,4194834854,0,1783610796018840255,201,order_input,benchmark,mock,InstrumentType.Spot,3847191305847374112,OrderType.Limit,Direction.Long,65000.79,616195120,False,Side.Buy,,65000.79,1653898000,BTC-USDT,TimeCondition.GTC,0.001
2837957847,4194834854,0,1783610796019108329,201,order_input,benchmark,mock,InstrumentType.Spot,3847191305847374113,OrderType.Limit,Direction.Long,65001.0,616196656,False,Side.Sell,,65001.0,1653898000,BTC-USDT,TimeCondition.GTC,0.001
2837957847,4194834854,0,1783610796019428764,201,order_input,benchmark,mock,InstrumentType.Spot,3847191305847374114,OrderType.Limit,Direction.Long,65000.810000000005,616198192,False,Side.Buy,,65000.810000000005,1653898000,BTC-USDT,TimeCondition.GTC,0.001
2837957847,4194834854,0,1783610796019727353,201,order_input,benchmark,mock,InstrumentType.Spot,3847191305847374115,OrderType.Limit,Direction.Long,65001.02,616199728,False,Side.Sell,,65001.02,1653898000,BTC-USDT,TimeCondition.GTC,0.001
2837957847,4194834854,0,1783610796020026004,201,order_input,benchmark,mock,InstrumentType.Spot,3847191305847374116,OrderType.Limit,Direction.Long,65000.83,616201264,False,Side.Buy,,65000.83,1653898000,BTC-USDT,TimeCondition.GTC,0.001
2837957847,4194834854,0,1783610796020321304,201,order_input,benchmark,mock,InstrumentType.Spot,3847191305847374117,OrderType.Limit,Direction.Long,65001.04,616202800,False,Side.Sell,,65001.04,1653898000,BTC-USDT,TimeCondition.GTC,0.001
2837957847,4194834854,0,1783610796020624860,201,order_input,benchmark,mock,InstrumentType.Spot,3847191305847374118,OrderType.Limit,Direction.Long,65000.85,616204336,False,Side.Buy,,65000.85,1653898000,BTC-USDT,TimeCondition.GTC,0.001
2837957847,4194834854,0,1783610796020933607,201,order_input,benchmark,mock,InstrumentType.Spot,3847191305847374119,OrderType.Limit,Direction.Long,65001.06,616205872,False,Side.Sell,,65001.06,1653898000,BTC-USDT,TimeCondition.GTC,0.001
2837957847,4194834854,0,1783610796021224184,201,order_input,benchmark,mock,InstrumentType.Spot,3847191305847374120,OrderType.Limit,Direction.Long,65000.87,616207408,False,Side.Buy,,65000.87,1653898000,BTC-USDT,TimeCondition.GTC,0.001
2837957847,4194834854,0,1783610796021524268,201,order_input,benchmark,mock,InstrumentType.Spot,3847191305847374121,OrderType.Limit,Direction.Long,65001.08,616208944,False,Side.Sell,,65001.08,1653898000,BTC-USDT,TimeCondition.GTC,0.001
2837957847,4194834854,0,1783610796021826329,201,order_input,benchmark,mock,InstrumentType.Spot,3847191305847374122,OrderType.Limit,Direction.Long,65000.89,616210480,False,Side.Buy,,65000.89,1653898000,BTC-USDT,TimeCondition.GTC,0.001
2837957847,4194834854,0,1783610796022129406,201,order_input,benchmark,mock,InstrumentType.Spot,3847191305847374123,OrderType.Limit,Direction.Long,65000.1,616212016,False,Side.Sell,,65000.1,1653898000,BTC-USDT,TimeCondition.GTC,0.001
2837957847,4194834854,0,1783610796022422108,201,order_input,benchmark,mock,InstrumentType.Spot,3847191305847374124,OrderType.Limit,Direction.Long,64999.91,616213552,False,Side.Buy,,64999.91,1653898000,BTC-USDT,TimeCondition.GTC,0.001
2837957847,4194834854,0,1783610796022727177,201,order_input,benchmark,mock,InstrumentType.Spot,3847191305847374125,OrderType.Limit,Direction.Long,65000.119999999995,616215088,False,Side.Sell,,65000.119999999995,1653898000,BTC-USDT,TimeCondition.GTC,0.001
2837957847,4194834854,0,1783610796023033358,201,order_input,benchmark,mock,InstrumentType.Spot,3847191305847374126,OrderType.Limit,Direction.Long,64999.93,616216624,False,Side.Buy,,64999.93,1653898000,BTC-USDT,TimeCondition.GTC,0.001
2837957847,4194834854,0,1783610796023323591,201,order_input,benchmark,mock,InstrumentType.Spot,3847191305847374127,OrderType.Limit,Direction.Long,65000.14,616218160,False,Side.Sell,,65000.14,1653898000,BTC-USDT,TimeCondition.GTC,0.001
2837957847,4194834854,0,1783610796023626186,201,order_input,benchmark,mock,InstrumentType.Spot,3847191305847374128,OrderType.Limit,Direction.Long,64999.950000000004,616219696,False,Side.Buy,,64999.950000000004,1653898000,BTC-USDT,TimeCondition.GTC,0.001
2837957847,4194834854,0,1783610796024023970,201,order_input,benchmark,mock,InstrumentType.Spot,3847191305847374129,OrderType.Limit,Direction.Long,65000.159999999996,616221232,False,Side.Sell,,65000.159999999996,1653898000,BTC-USDT,TimeCondition.GTC,0.001
2837957847,4194834854,0,1783610796024216677,201,order_input,benchmark,mock,InstrumentType.Spot,3847191305847374130,OrderType.Limit,Direction.Long,64999.97,616222768,False,Side.Buy,,64999.97,1653898000,BTC-USDT,TimeCondition.GTC,0.001
2837957847,4194834854,0,1783610796024447127,201,order_input,benchmark,mock,InstrumentType.Spot,3847191305847374131,OrderType.Limit,Direction.Long,65000.18,616224304,False,Side.Sell,,65000.18,1653898000,BTC-USDT,TimeCondition.GTC,0.001
2837957847,4194834854,0,1783610796024816979,201,order_input,benchmark,mock,InstrumentType.Spot,3847191305847374132,OrderType.Limit,Direction.Long,64999.99,616225840,False,Side.Buy,,64999.99,1653898000,BTC-USDT,TimeCondition.GTC,0.001
2837957847,4194834854,0,1783610796025128146,201,order_input,benchmark,mock,InstrumentType.Spot,3847191305847374133,OrderType.Limit,Direction.Long,65000.2,616165600,False,Side.Sell,,65000.2,1653898000,BTC-USDT,TimeCondition.GTC,0.001
2837957847,4194834854,0,1783610796025425745,201,order_input,benchmark,mock,InstrumentType.Spot,3847191305847374134,OrderType.Limit,Direction.Long,65000.01,616167136,False,Side.Buy,,65000.01,1653898000,BTC-USDT,TimeCondition.GTC,0.001
2837957847,4194834854,0,1783610796025720999,201,order_input,benchmark,mock,InstrumentType.Spot,3847191305847374135,OrderType.Limit,Direction.Long,65000.22,616167888,False,Side.Sell,,65000.22,1653898000,BTC-USDT,TimeCondition.GTC,0.001
2837957847,4194834854,0,1783610796026027990,201,order_input,benchmark,mock,InstrumentType.Spot,3847191305847374136,OrderType.Limit,Direction.Long,65000.03,616232336,False,Side.Buy,,65000.03,1653898000,BTC-USDT,TimeCondition.GTC,0.001
2837957847,4194834854,0,1783610796026326043,201,order_input,benchmark,mock,InstrumentType.Spot,3847191305847374137,OrderType.Limit,Direction.Long,65000.24,616233872,False,Side.Sell,,65000.24,1653898000,BTC-USDT,TimeCondition.GTC,0.001
2837957847,4194834854,0,1783610796026644509,201,order_input,benchmark,mock,InstrumentType.Spot,3847191305847374138,OrderType.Limit,Direction.Long,65000.05,616235408,False,Side.Buy,,65000.05,1653898000,BTC-USDT,TimeCondition.GTC,0.001
2837957847,4194834854,0,1783610796026935401,201,order_input,benchmark,mock,InstrumentType.Spot,3847191305847374139,OrderType.Limit,Direction.Long,65000.26,616236944,False,Side.Sell,,65000.26,1653898000,BTC-USDT,TimeCondition.GTC,0.001
2837957847,4194834854,0,1783610796027192354,201,order_input,benchmark,mock,InstrumentType.Spot,3847191305847374140,OrderType.Limit,Direction.Long,65000.07,616238480,False,Side.Buy,,65000.07,1653898000,BTC-USDT,TimeCondition.GTC,0.001
2837957847,4194834854,0,1783610796027470027,201,order_input,benchmark,mock,InstrumentType.Spot,3847191305847374141,OrderType.Limit,Direction.Long,65000.28,616240016,False,Side.Sell,,65000.28,1653898000,BTC-USDT,TimeCondition.GTC,0.001
2837957847,4194834854,0,1783610796027830711,201,order_input,benchmark,mock,InstrumentType.Spot,3847191305847374142,OrderType.Limit,Direction.Long,65000.090000000004,616241552,False,Side.Buy,,65000.090000000004,1653898000,BTC-USDT,TimeCondition.GTC,0.001
2837957847,4194834854,0,1783610796028132694,201,order_input,benchmark,mock,InstrumentType.Spot,3847191305847374143,OrderType.Limit,Direction.Long,65000.299999999996,616243088,False,Side.Sell,,65000.299999999996,1653898000,BTC-USDT,TimeCondition.GTC,0.001
2837957847,4194834854,0,1783610796028423515,201,order_input,benchmark,mock,InstrumentType.Spot,3847191305847374144,OrderType.Limit,Direction.Long,65000.11,616244624,False,Side.Buy,,65000.11,1653898000,BTC-USDT,TimeCondition.GTC,0.001
2837957847,4194834854,0,1783610796028767382,201,order_input,benchmark,mock,InstrumentType.Spot,3847191305847374145,OrderType.Limit,Direction.Long,65000.32,616246160,False,Side.Sell,,65000.32,1653898000,BTC-USDT,TimeCondition.GTC,0.001
2837957847,4194834854,0,1783610796029048511,201,order_input,benchmark,mock,InstrumentType.Spot,3847191305847374146,OrderType.Limit,Direction.Long,65000.130000000005,616247696,False,Side.Buy,,65000.130000000005,1653898000,BTC-USDT,TimeCondition.GTC,0.001
2837957847,4194834854,0,1783610796029382409,201,order_input,benchmark,mock,InstrumentType.Spot,3847191305847374147,OrderType.Limit,Direction.Long,65000.34,616249232,False,Side.Sell,,65000.34,1653898000,BTC-USDT,TimeCondition.GTC,0.001
2837957847,4194834854,0,1783610796029630060,201,order_input,benchmark,mock,InstrumentType.Spot,3847191305847374148,OrderType.Limit,Direction.Long,65000.15,616250768,False,Side.Buy,,65000.15,1653898000,BTC-USDT,TimeCondition.GTC,0.001
2837957847,4194834854,0,1783610796029876741,201,order_input,benchmark,mock,InstrumentType.Spot,3847191305847374149,OrderType.Limit,Direction.Long,65000.36,616252304,False,Side.Sell,,65000.36,1653898000,BTC-USDT,TimeCondition.GTC,0.001
2837957847,4194834854,0,1783610796030233263,201,order_input,benchmark,mock,InstrumentType.Spot,3847191305847374150,OrderType.Limit,Direction.Long,65000.17,616253840,False,Side.Buy,,65000.17,1653898000,BTC-USDT,TimeCondition.GTC,0.001
2837957847,4194834854,0,1783610796030465109,201,order_input,benchmark,mock,InstrumentType.Spot,3847191305847374151,OrderType.Limit,Direction.Long,65000.38,616255376,False,Side.Sell,,65000.38,1653898000,BTC-USDT,TimeCondition.GTC,0.001
2837957847,4194834854,0,1783610796030892614,201,order_input,benchmark,mock,InstrumentType.Spot,3847191305847374152,OrderType.Limit,Direction.Long,65000.19,616256912,False,Side.Buy,,65000.19,1653898000,BTC-USDT,TimeCondition.GTC,0.001
2837957847,4194834854,0,1783610796031145927,201,order_input,benchmark,mock,InstrumentType.Spot,3847191305847374153,OrderType.Limit,Direction.Long,65000.4,616258448,False,Side.Sell,,65000.4,1653898000,BTC-USDT,TimeCondition.GTC,0.001
2837957847,4194834854,0,1783610796031430123,201,order_input,benchmark,mock,InstrumentType.Spot,3847191305847374154,OrderType.Limit,Direction.Long,65000.21,616259984,False,Side.Buy,,65000.21,1653898000,BTC-USDT,TimeCondition.GTC,0.001
2837957847,4194834854,0,1783610796031732821,201,order_input,benchmark,mock,InstrumentType.Spot,3847191305847374155,OrderType.Limit,Direction.Long,65000.42,616261520,False,Side.Sell,,65000.42,1653898000,BTC-USDT,TimeCondition.GTC,0.001
2837957847,4194834854,0,1783610796032049257,201,order_input,benchmark,mock,InstrumentType.Spot,3847191305847374156,OrderType.Limit,Direction.Long,65000.23,616263056,False,Side.Buy,,65000.23,1653898000,BTC-USDT,TimeCondition.GTC,0.001
2837957847,4194834854,0,1783610796032346160,201,order_input,benchmark,mock,InstrumentType.Spot,3847191305847374157,OrderType.Limit,Direction.Long,65000.439999999995,616264592,False,Side.Sell,,65000.439999999995,1653898000,BTC-USDT,TimeCondition.GTC,0.001
2837957847,4194834854,0,1783610796032599466,201,order_input,benchmark,mock,InstrumentType.Spot,3847191305847374158,OrderType.Limit,Direction.Long,65000.25,616266128,False,Side.Buy,,65000.25,1653898000,BTC-USDT,TimeCondition.GTC,0.001
2837957847,4194834854,0,1783610796032853054,201,order_input,benchmark,mock,InstrumentType.Spot,3847191305847374159,OrderType.Limit,Direction.Long,65000.46,616267664,False,Side.Sell,,65000.46,1653898000,BTC-USDT,TimeCondition.GTC,0.001
2837957847,4194834854,0,1783610796033232794,201,order_input,benchmark,mock,InstrumentType.Spot,3847191305847374160,OrderType.Limit,Direction.Long,65000.270000000004,616269200,False,Side.Buy,,65000.270000000004,1653898000,BTC-USDT,TimeCondition.GTC,0.001
2837957847,4194834854,0,1783610796033545005,201,order_input,benchmark,mock,InstrumentType.Spot,3847191305847374161,OrderType.Limit,Direction.Long,65000.479999999996,616270736,False,Side.Sell,,65000.479999999996,1653898000,BTC-USDT,TimeCondition.GTC,0.001
2837957847,4194834854,0,1783610796033745935,201,order_input,benchmark,mock,InstrumentType.Spot,3847191305847374162,OrderType.Limit,Direction.Long,65000.29,616272272,False,Side.Buy,,65000.29,1653898000,BTC-USDT,TimeCondition.GTC,0.001
2837957847,4194834854,0,1783610796034141808,201,order_input,benchmark,mock,InstrumentType.Spot,3847191305847374163,OrderType.Limit,Direction.Long,65000.5,616273808,False,Side.Sell,,65000.5,1653898000,BTC-USDT,TimeCondition.GTC,0.001
2837957847,4194834854,0,1783610796034432093,201,order_input,benchmark,mock,InstrumentType.Spot,3847191305847374164,OrderType.Limit,Direction.Long,65000.310000000005,616275344,False,Side.Buy,,65000.310000000005,1653898000,BTC-USDT,TimeCondition.GTC,0.001
2837957847,4194834854,0,1783610796034730207,201,order_input,benchmark,mock,InstrumentType.Spot,3847191305847374165,OrderType.Limit,Direction.Long,65000.52,616276880,False,Side.Sell,,65000.52,1653898000,BTC-USDT,TimeCondition.GTC,0.001
2837957847,4194834854,0,1783610796035045149,201,order_input,benchmark,mock,InstrumentType.Spot,3847191305847374166,OrderType.Limit,Direction.Long,65000.33,616278416,False,Side.Buy,,65000.33,1653898000,BTC-USDT,TimeCondition.GTC,0.001
2837957847,4194834854,0,1783610796035289414,201,order_input,benchmark,mock,InstrumentType.Spot,3847191305847374167,OrderType.Limit,Direction.Long,65000.54,616279952,False,Side.Sell,,65000.54,1653898000,BTC-USDT,TimeCondition.GTC,0.001
2837957847,4194834854,0,1783610796035573328,201,order_input,benchmark,mock,InstrumentType.Spot,3847191305847374168,OrderType.Limit,Direction.Long,65000.35,616281488,False,Side.Buy,,65000.35,1653898000,BTC-USDT,TimeCondition.GTC,0.001
2837957847,4194834854,0,1783610796035932898,201,order_input,benchmark,mock,InstrumentType.Spot,3847191305847374169,OrderType.Limit,Direction.Long,65000.56,616283024,False,Side.Sell,,65000.56,1653898000,BTC-USDT,TimeCondition.GTC,0.001
2837957847,4194834854,0,1783610796036145846,201,order_input,benchmark,mock,InstrumentType.Spot,3847191305847374170,OrderType.Limit,Direction.Long,65000.37,616284560,False,Side.Buy,,65000.37,1653898000,BTC-USDT,TimeCondition.GTC,0.001
2837957847,4194834854,0,1783610796036526674,201,order_input,benchmark,mock,InstrumentType.Spot,3847191305847374171,OrderType.Limit,Direction.Long,65000.58,616286096,False,Side.Sell,,65000.58,1653898000,BTC-USDT,TimeCondition.GTC,0.001
2837957847,4194834854,0,1783610796036827913,201,order_input,benchmark,mock,InstrumentType.Spot,3847191305847374172,OrderType.Limit,Direction.Long,65000.39,616287632,False,Side.Buy,,65000.39,1653898000,BTC-USDT,TimeCondition.GTC,0.001
2837957847,4194834854,0,1783610796037127529,201,order_input,benchmark,mock,InstrumentType.Spot,3847191305847374173,OrderType.Limit,Direction.Long,65000.6,616289168,False,Side.Sell,,65000.6,1653898000,BTC-USDT,TimeCondition.GTC,0.001
2837957847,4194834854,0,1783610796037422593,201,order_input,benchmark,mock,InstrumentType.Spot,3847191305847374174,OrderType.Limit,Direction.Long,65000.41,616290704,False,Side.Buy,,65000.41,1653898000,BTC-USDT,TimeCondition.GTC,0.001
2837957847,4194834854,0,1783610796037722023,201,order_input,benchmark,mock,InstrumentType.Spot,3847191305847374175,OrderType.Limit,Direction.Long,65000.619999999995,616292240,False,Side.Sell,,65000.619999999995,1653898000,BTC-USDT,TimeCondition.GTC,0.001
2837957847,4194834854,0,1783610796038042272,201,order_input,benchmark,mock,InstrumentType.Spot,3847191305847374176,OrderType.Limit,Direction.Long,65000.43,616293776,False,Side.Buy,,65000.43,1653898000,BTC-USDT,TimeCondition.GTC,0.001
2837957847,4194834854,0,1783610796038274920,201,order_input,benchmark,mock,InstrumentType.Spot,3847191305847374177,OrderType.Limit,Direction.Long,65000.64,616227376,False,Side.Sell,,65000.64,1653898000,BTC-USDT,TimeCondition.GTC,0.001
2837957847,4194834854,0,1783610796038622633,201,order_input,benchmark,mock,InstrumentType.Spot,3847191305847374178,OrderType.Limit,Direction.Long,65000.450000000004,616228912,False,Side.Buy,,65000.450000000004,1653898000,BTC-USDT,TimeCondition.GTC,0.001
2837957847,4194834854,0,1783610796038929402,201,order_input,benchmark,mock,InstrumentType.Spot,3847191305847374179,OrderType.Limit,Direction.Long,65000.659999999996,616298784,False,Side.Sell,,65000.659999999996,1653898000,BTC-USDT,TimeCondition.GTC,0.001
2837957847,4194834854,0,1783610796039227131,201,order_input,benchmark,mock,InstrumentType.Spot,3847191305847374180,OrderType.Limit,Direction.Long,65000.47,616300320,False,Side.Buy,,65000.47,1653898000,BTC-USDT,TimeCondition.GTC,0.001
2837957847,4194834854,0,1783610796039525201,201,order_input,benchmark,mock,InstrumentType.Spot,3847191305847374181,OrderType.Limit,Direction.Long,65000.68,616301856,False,Side.Sell,,65000.68,1653898000,BTC-USDT,TimeCondition.GTC,0.001
2837957847,4194834854,0,1783610796039825843,201,order_input,benchmark,mock,InstrumentType.Spot,3847191305847374182,OrderType.Limit,Direction.Long,65000.49,616303392,False,Side.Buy,,65000.49,1653898000,BTC-USDT,TimeCondition.GTC,0.001
2837957847,4194834854,0,1783610796040127244,201,order_input,benchmark,mock,InstrumentType.Spot,3847191305847374183,OrderType.Limit,Direction.Long,65000.7,616304928,False,Side.Sell,,65000.7,1653898000,BTC-USDT,TimeCondition.GTC,0.001
2837957847,4194834854,0,1783610796040422148,201,order_input,benchmark,mock,InstrumentType.Spot,3847191305847374184,OrderType.Limit,Direction.Long,65000.51,616306464,False,Side.Buy,,65000.51,1653898000,BTC-USDT,TimeCondition.GTC,0.001
2837957847,4194834854,0,1783610796040724654,201,order_input,benchmark,mock,InstrumentType.Spot,3847191305847374185,OrderType.Limit,Direction.Long,65000.72,616308000,False,Side.Sell,,65000.72,1653898000,BTC-USDT,TimeCondition.GTC,0.001
2837957847,4194834854,0,1783610796041267807,201,order_input,benchmark,mock,InstrumentType.Spot,3847191305847374186,OrderType.Limit,Direction.Long,65000.53,616309536,False,Side.Buy,,65000.53,1653898000,BTC-USDT,TimeCondition.GTC,0.001
2837957847,4194834854,0,1783610796041378090,201,order_input,benchmark,mock,InstrumentType.Spot,3847191305847374187,OrderType.Limit,Direction.Long,65000.74,616311072,False,Side.Sell,,65000.74,1653898000,BTC-USDT,TimeCondition.GTC,0.001
2837957847,4194834854,0,1783610796041543696,201,order_input,benchmark,mock,InstrumentType.Spot,3847191305847374188,OrderType.Limit,Direction.Long,65000.55,616312608,False,Side.Buy,,65000.55,1653898000,BTC-USDT,TimeCondition.GTC,0.001
2837957847,4194834854,0,1783610796041980149,201,order_input,benchmark,mock,InstrumentType.Spot,3847191305847374189,OrderType.Limit,Direction.Long,65000.76,616314144,False,Side.Sell,,65000.76,1653898000,BTC-USDT,TimeCondition.GTC,0.001
2837957847,4194834854,0,1783610796042207153,201,order_input,benchmark,mock,InstrumentType.Spot,3847191305847374190,OrderType.Limit,Direction.Long,65000.57,616315680,False,Side.Buy,,65000.57,1653898000,BTC-USDT,TimeCondition.GTC,0.001
2837957847,4194834854,0,1783610796042485011,201,order_input,benchmark,mock,InstrumentType.Spot,3847191305847374191,OrderType.Limit,Direction.Long,65000.78,616317216,False,Side.Sell,,65000.78,1653898000,BTC-USDT,TimeCondition.GTC,0.001
2837957847,4194834854,0,1783610796042848424,201,order_input,benchmark,mock,InstrumentType.Spot,3847191305847374192,OrderType.Limit,Direction.Long,65000.590000000004,616318752,False,Side.Buy,,65000.590000000004,1653898000,BTC-USDT,TimeCondition.GTC,0.001
2837957847,4194834854,0,1783610796043255256,201,order_input,benchmark,mock,InstrumentType.Spot,3847191305847374193,OrderType.Limit,Direction.Long,65000.799999999996,616320288,False,Side.Sell,,65000.799999999996,1653898000,BTC-USDT,TimeCondition.GTC,0.001
2837957847,4194834854,0,1783610796043499889,201,order_input,benchmark,mock,InstrumentType.Spot,3847191305847374194,OrderType.Limit,Direction.Long,65000.61,616321824,False,Side.Buy,,65000.61,1653898000,BTC-USDT,TimeCondition.GTC,0.001
2837957847,4194834854,0,1783610796043702837,201,order_input,benchmark,mock,InstrumentType.Spot,3847191305847374195,OrderType.Limit,Direction.Long,65000.82,616323360,False,Side.Sell,,65000.82,1653898000,BTC-USDT,TimeCondition.GTC,0.001
2837957847,4194834854,0,1783610796044174913,201,order_input,benchmark,mock,InstrumentType.Spot,3847191305847374196,OrderType.Limit,Direction.Long,65000.630000000005,616324896,False,Side.Buy,,65000.630000000005,1653898000,BTC-USDT,TimeCondition.GTC,0.001
2837957847,4194834854,0,1783610796044391069,201,order_input,benchmark,mock,InstrumentType.Spot,3847191305847374197,OrderType.Limit,Direction.Long,65000.84,616326432,False,Side.Sell,,65000.84,1653898000,BTC-USDT,TimeCondition.GTC,0.001
2837957847,4194834854,0,1783610796044556125,201,order_input,benchmark,mock,InstrumentType.Spot,3847191305847374198,OrderType.Limit,Direction.Long,65000.65,616327968,False,Side.Buy,,65000.65,1653898000,BTC-USDT,TimeCondition.GTC,0.001
2837957847,4194834854,0,1783610796045035421,201,order_input,benchmark,mock,InstrumentType.Spot,3847191305847374199,OrderType.Limit,Direction.Long,65000.86,616329504,False,Side.Sell,,65000.86,1653898000,BTC-USDT,TimeCondition.GTC,0.001
2837957847,4194834854,0,1783610796045235481,201,order_input,benchmark,mock,InstrumentType.Spot,3847191305847374200,OrderType.Limit,Direction.Long,65000.67,616331040,False,Side.Buy,,65000.67,1653898000,BTC-USDT,TimeCondition.GTC,0.001
2837957847,4194834854,0,1783610796045578245,201,order_input,benchmark,mock,InstrumentType.Spot,3847191305847374201,OrderType.Limit,Direction.Long,65000.88,616332576,False,Side.Sell,,65000.88,1653898000,BTC-USDT,TimeCondition.GTC,0.001
2837957847,4194834854,0,1783610796045840984,201,order_input,benchmark,mock,InstrumentType.Spot,3847191305847374202,OrderType.Limit,Direction.Long,65000.69,616334112,False,Side.Buy,,65000.69,1653898000,BTC-USDT,TimeCondition.GTC,0.001
2837957847,4194834854,0,1783610796046098755,201,order_input,benchmark,mock,InstrumentType.Spot,3847191305847374203,OrderType.Limit,Direction.Long,65000.9,616335648,False,Side.Sell,,65000.9,1653898000,BTC-USDT,TimeCondition.GTC,0.001
2837957847,4194834854,0,1783610796046466055,201,order_input,benchmark,mock,InstrumentType.Spot,3847191305847374204,OrderType.Limit,Direction.Long,65000.71,616337184,False,Side.Buy,,65000.71,1653898000,BTC-USDT,TimeCondition.GTC,0.001
2837957847,4194834854,0,1783610796046785881,201,order_input,benchmark,mock,InstrumentType.Spot,3847191305847374205,OrderType.Limit,Direction.Long,65000.92,616338720,False,Side.Sell,,65000.92,1653898000,BTC-USDT,TimeCondition.GTC,0.001
2837957847,4194834854,0,1783610796047038325,201,order_input,benchmark,mock,InstrumentType.Spot,3847191305847374206,OrderType.Limit,Direction.Long,65000.73,616340256,False,Side.Buy,,65000.73,1653898000,BTC-USDT,TimeCondition.GTC,0.001
2837957847,4194834854,0,1783610796047272285,201,order_input,benchmark,mock,InstrumentType.Spot,3847191305847374207,OrderType.Limit,Direction.Long,65000.939999999995,616341792,False,Side.Sell,,65000.939999999995,1653898000,BTC-USDT,TimeCondition.GTC,0.001
2837957847,4194834854,0,1783610796047658824,201,order_input,benchmark,mock,InstrumentType.Spot,3847191305847374208,OrderType.Limit,Direction.Long,65000.75,616343328,False,Side.Buy,,65000.75,1653898000,BTC-USDT,TimeCondition.GTC,0.001
2837957847,4194834854,0,1783610796047944243,201,order_input,benchmark,mock,InstrumentType.Spot,3847191305847374209,OrderType.Limit,Direction.Long,65000.96,616344864,False,Side.Sell,,65000.96,1653898000,BTC-USDT,TimeCondition.GTC,0.001
2837957847,4194834854,0,1783610796048177980,201,order_input,benchmark,mock,InstrumentType.Spot,3847191305847374210,OrderType.Limit,Direction.Long,65000.770000000004,616346400,False,Side.Buy,,65000.770000000004,1653898000,BTC-USDT,TimeCondition.GTC,0.001
2837957847,4194834854,0,1783610796048555803,201,order_input,benchmark,mock,InstrumentType.Spot,3847191305847374211,OrderType.Limit,Direction.Long,65000.979999999996,616347936,False,Side.Sell,,65000.979999999996,1653898000,BTC-USDT,TimeCondition.GTC,0.001
2837957847,4194834854,0,1783610796048858439,201,order_input,benchmark,mock,InstrumentType.Spot,3847191305847374212,OrderType.Limit,Direction.Long,65000.79,616349472,False,Side.Buy,,65000.79,1653898000,BTC-USDT,TimeCondition.GTC,0.001
2837957847,4194834854,0,1783610796049091495,201,order_input,benchmark,mock,InstrumentType.Spot,3847191305847374213,OrderType.Limit,Direction.Long,65001.0,616351008,False,Side.Sell,,65001.0,1653898000,BTC-USDT,TimeCondition.GTC,0.001
2837957847,4194834854,0,1783610796049457639,201,order_input,benchmark,mock,InstrumentType.Spot,3847191305847374214,OrderType.Limit,Direction.Long,65000.810000000005,616352544,False,Side.Buy,,65000.810000000005,1653898000,BTC-USDT,TimeCondition.GTC,0.001
2837957847,4194834854,0,1783610796049757828,201,order_input,benchmark,mock,InstrumentType.Spot,3847191305847374215,OrderType.Limit,Direction.Long,65001.02,616354080,False,Side.Sell,,65001.02,1653898000,BTC-USDT,TimeCondition.GTC,0.001
2837957847,4194834854,0,1783610796049973005,201,order_input,benchmark,mock,InstrumentType.Spot,3847191305847374216,OrderType.Limit,Direction.Long,65000.83,616355616,False,Side.Buy,,65000.83,1653898000,BTC-USDT,TimeCondition.GTC,0.001
2837957847,4194834854,0,1783610796050345548,201,order_input,benchmark,mock,InstrumentType.Spot,3847191305847374217,OrderType.Limit,Direction.Long,65001.04,616357152,False,Side.Sell,,65001.04,1653898000,BTC-USDT,TimeCondition.GTC,0.001
2837957847,4194834854,0,1783610796050605218,201,order_input,benchmark,mock,InstrumentType.Spot,3847191305847374218,OrderType.Limit,Direction.Long,65000.85,616358688,False,Side.Buy,,65000.85,1653898000,BTC-USDT,TimeCondition.GTC,0.001
2837957847,4194834854,0,1783610796050932522,201,order_input,benchmark,mock,InstrumentType.Spot,3847191305847374219,OrderType.Limit,Direction.Long,65001.06,616360224,False,Side.Sell,,65001.06,1653898000,BTC-USDT,TimeCondition.GTC,0.001
2837957847,4194834854,0,1783610796051241695,201,order_input,benchmark,mock,InstrumentType.Spot,3847191305847374220,OrderType.Limit,Direction.Long,65000.87,616361760,False,Side.Buy,,65000.87,1653898000,BTC-USDT,TimeCondition.GTC,0.001
2837957847,4194834854,0,1783610796051494936,201,order_input,benchmark,mock,InstrumentType.Spot,3847191305847374221,OrderType.Limit,Direction.Long,65001.08,616363296,False,Side.Sell,,65001.08,1653898000,BTC-USDT,TimeCondition.GTC,0.001
2837957847,4194834854,0,1783610796051782466,201,order_input,benchmark,mock,InstrumentType.Spot,3847191305847374222,OrderType.Limit,Direction.Long,65000.89,616364832,False,Side.Buy,,65000.89,1653898000,BTC-USDT,TimeCondition.GTC,0.001
2837957847,4194834854,0,1783610796052235088,201,order_input,benchmark,mock,InstrumentType.Spot,3847191305847374223,OrderType.Limit,Direction.Long,65000.1,616366368,False,Side.Sell,,65000.1,1653898000,BTC-USDT,TimeCondition.GTC,0.001
2837957847,4194834854,0,1783610796052386848,201,order_input,benchmark,mock,InstrumentType.Spot,3847191305847374224,OrderType.Limit,Direction.Long,64999.91,616367904,False,Side.Buy,,64999.91,1653898000,BTC-USDT,TimeCondition.GTC,0.001
2837957847,4194834854,0,1783610796052727842,201,order_input,benchmark,mock,InstrumentType.Spot,3847191305847374225,OrderType.Limit,Direction.Long,65000.119999999995,616295312,False,Side.Sell,,65000.119999999995,1653898000,BTC-USDT,TimeCondition.GTC,0.001
2837957847,4194834854,0,1783610796053032675,201,order_input,benchmark,mock,InstrumentType.Spot,3847191305847374226,OrderType.Limit,Direction.Long,64999.93,616296848,False,Side.Buy,,64999.93,1653898000,BTC-USDT,TimeCondition.GTC,0.001
2837957847,4194834854,0,1783610796053321618,201,order_input,benchmark,mock,InstrumentType.Spot,3847191305847374227,OrderType.Limit,Direction.Long,65000.14,616373072,False,Side.Sell,,65000.14,1653898000,BTC-USDT,TimeCondition.GTC,0.001
2837957847,4194834854,0,1783610796053626059,201,order_input,benchmark,mock,InstrumentType.Spot,3847191305847374228,OrderType.Limit,Direction.Long,64999.950000000004,616374496,False,Side.Buy,,64999.950000000004,1653898000,BTC-USDT,TimeCondition.GTC,0.001
2837957847,4194834854,0,1783610796053925594,201,order_input,benchmark,mock,InstrumentType.Spot,3847191305847374229,OrderType.Limit,Direction.Long,65000.159999999996,616376032,False,Side.Sell,,65000.159999999996,1653898000,BTC-USDT,TimeCondition.GTC,0.001
2837957847,4194834854,0,1783610796054222803,201,order_input,benchmark,mock,InstrumentType.Spot,3847191305847374230,OrderType.Limit,Direction.Long,64999.97,616377568,False,Side.Buy,,64999.97,1653898000,BTC-USDT,TimeCondition.GTC,0.001
2837957847,4194834854,0,1783610796054525373,201,order_input,benchmark,mock,InstrumentType.Spot,3847191305847374231,OrderType.Limit,Direction.Long,65000.18,616379104,False,Side.Sell,,65000.18,1653898000,BTC-USDT,TimeCondition.GTC,0.001
2837957847,4194834854,0,1783610796054822784,201,order_input,benchmark,mock,InstrumentType.Spot,3847191305847374232,OrderType.Limit,Direction.Long,64999.99,616380640,False,Side.Buy,,64999.99,1653898000,BTC-USDT,TimeCondition.GTC,0.001
2837957847,4194834854,0,1783610796055128023,201,order_input,benchmark,mock,InstrumentType.Spot,3847191305847374233,OrderType.Limit,Direction.Long,65000.2,616382176,False,Side.Sell,,65000.2,1653898000,BTC-USDT,TimeCondition.GTC,0.001
2837957847,4194834854,0,1783610796055432028,201,order_input,benchmark,mock,InstrumentType.Spot,3847191305847374234,OrderType.Limit,Direction.Long,65000.01,616383712,False,Side.Buy,,65000.01,1653898000,BTC-USDT,TimeCondition.GTC,0.001
2837957847,4194834854,0,1783610796055725548,201,order_input,benchmark,mock,InstrumentType.Spot,3847191305847374235,OrderType.Limit,Direction.Long,65000.22,616385248,False,Side.Sell,,65000.22,1653898000,BTC-USDT,TimeCondition.GTC,0.001
2837957847,4194834854,0,1783610796056030764,201,order_input,benchmark,mock,InstrumentType.Spot,3847191305847374236,OrderType.Limit,Direction.Long,65000.03,616386784,False,Side.Buy,,65000.03,1653898000,BTC-USDT,TimeCondition.GTC,0.001
2837957847,4194834854,0,1783610796056325828,201,order_input,benchmark,mock,InstrumentType.Spot,3847191305847374237,OrderType.Limit,Direction.Long,65000.24,616388320,False,Side.Sell,,65000.24,1653898000,BTC-USDT,TimeCondition.GTC,0.001
2837957847,4194834854,0,1783610796056625647,201,order_input,benchmark,mock,InstrumentType.Spot,3847191305847374238,OrderType.Limit,Direction.Long,65000.05,616389856,False,Side.Buy,,65000.05,1653898000,BTC-USDT,TimeCondition.GTC,0.001
2837957847,4194834854,0,1783610796056924904,201,order_input,benchmark,mock,InstrumentType.Spot,3847191305847374239,OrderType.Limit,Direction.Long,65000.26,616391392,False,Side.Sell,,65000.26,1653898000,BTC-USDT,TimeCondition.GTC,0.001
2837957847,4194834854,0,1783610796057228089,201,order_input,benchmark,mock,InstrumentType.Spot,3847191305847374240,OrderType.Limit,Direction.Long,65000.07,616392928,False,Side.Buy,,65000.07,1653898000,BTC-USDT,TimeCondition.GTC,0.001
2837957847,4194834854,0,1783610796057524522,201,order_input,benchmark,mock,InstrumentType.Spot,3847191305847374241,OrderType.Limit,Direction.Long,65000.28,616394464,False,Side.Sell,,65000.28,1653898000,BTC-USDT,TimeCondition.GTC,0.001
2837957847,4194834854,0,1783610796057825568,201,order_input,benchmark,mock,InstrumentType.Spot,3847191305847374242,OrderType.Limit,Direction.Long,65000.090000000004,616396000,False,Side.Buy,,65000.090000000004,1653898000,BTC-USDT,TimeCondition.GTC,0.001
2837957847,4194834854,0,1783610796058154972,201,order_input,benchmark,mock,InstrumentType.Spot,3847191305847374243,OrderType.Limit,Direction.Long,65000.299999999996,616397536,False,Side.Sell,,65000.299999999996,1653898000,BTC-USDT,TimeCondition.GTC,0.001
2837957847,4194834854,0,1783610796058427497,201,order_input,benchmark,mock,InstrumentType.Spot,3847191305847374244,OrderType.Limit,Direction.Long,65000.11,616399072,False,Side.Buy,,65000.11,1653898000,BTC-USDT,TimeCondition.GTC,0.001
2837957847,4194834854,0,1783610796058728815,201,order_input,benchmark,mock,InstrumentType.Spot,3847191305847374245,OrderType.Limit,Direction.Long,65000.32,616400608,False,Side.Sell,,65000.32,1653898000,BTC-USDT,TimeCondition.GTC,0.001
2837957847,4194834854,0,1783610796059028696,201,order_input,benchmark,mock,InstrumentType.Spot,3847191305847374246,OrderType.Limit,Direction.Long,65000.130000000005,616402144,False,Side.Buy,,65000.130000000005,1653898000,BTC-USDT,TimeCondition.GTC,0.001
2837957847,4194834854,0,1783610796059290071,201,order_input,benchmark,mock,InstrumentType.Spot,3847191305847374247,OrderType.Limit,Direction.Long,65000.34,616403680,False,Side.Sell,,65000.34,1653898000,BTC-USDT,TimeCondition.GTC,0.001
2837957847,4194834854,0,1783610796059628457,201,order_input,benchmark,mock,InstrumentType.Spot,3847191305847374248,OrderType.Limit,Direction.Long,65000.15,616405216,False,Side.Buy,,65000.15,1653898000,BTC-USDT,TimeCondition.GTC,0.001
2837957847,4194834854,0,1783610796059925722,201,order_input,benchmark,mock,InstrumentType.Spot,3847191305847374249,OrderType.Limit,Direction.Long,65000.36,616406752,False,Side.Sell,,65000.36,1653898000,BTC-USDT,TimeCondition.GTC,0.001
2837957847,4194834854,0,1783610796060237669,201,order_input,benchmark,mock,InstrumentType.Spot,3847191305847374250,OrderType.Limit,Direction.Long,65000.17,616408288,False,Side.Buy,,65000.17,1653898000,BTC-USDT,TimeCondition.GTC,0.001
2837957847,4194834854,0,1783610796060544865,201,order_input,benchmark,mock,InstrumentType.Spot,3847191305847374251,OrderType.Limit,Direction.Long,65000.38,616409824,False,Side.Sell,,65000.38,1653898000,BTC-USDT,TimeCondition.GTC,0.001
2837957847,4194834854,0,1783610796060787484,201,order_input,benchmark,mock,InstrumentType.Spot,3847191305847374252,OrderType.Limit,Direction.Long,65000.19,616411360,False,Side.Buy,,65000.19,1653898000,BTC-USDT,TimeCondition.GTC,0.001
2837957847,4194834854,0,1783610796061149909,201,order_input,benchmark,mock,InstrumentType.Spot,3847191305847374253,OrderType.Limit,Direction.Long,65000.4,616412896,False,Side.Sell,,65000.4,1653898000,BTC-USDT,TimeCondition.GTC,0.001
2837957847,4194834854,0,1783610796061539837,201,order_input,benchmark,mock,InstrumentType.Spot,3847191305847374254,OrderType.Limit,Direction.Long,65000.21,616414432,False,Side.Buy,,65000.21,1653898000,BTC-USDT,TimeCondition.GTC,0.001
2837957847,4194834854,0,1783610796061711741,201,order_input,benchmark,mock,InstrumentType.Spot,3847191305847374255,OrderType.Limit,Direction.Long,65000.42,616415968,False,Side.Sell,,65000.42,1653898000,BTC-USDT,TimeCondition.GTC,0.001
2837957847,4194834854,0,1783610796061946914,201,order_input,benchmark,mock,InstrumentType.Spot,3847191305847374256,OrderType.Limit,Direction.Long,65000.23,616417504,False,Side.Buy,,65000.23,1653898000,BTC-USDT,TimeCondition.GTC,0.001
2837957847,4194834854,0,1783610796062353737,201,order_input,benchmark,mock,InstrumentType.Spot,3847191305847374257,OrderType.Limit,Direction.Long,65000.439999999995,616419040,False,Side.Sell,,65000.439999999995,1653898000,BTC-USDT,TimeCondition.GTC,0.001
2837957847,4194834854,0,1783610796062633747,201,order_input,benchmark,mock,InstrumentType.Spot,3847191305847374258,OrderType.Limit,Direction.Long,65000.25,616420576,False,Side.Buy,,65000.25,1653898000,BTC-USDT,TimeCondition.GTC,0.001
2837957847,4194834854,0,1783610796062885071,201,order_input,benchmark,mock,InstrumentType.Spot,3847191305847374259,OrderType.Limit,Direction.Long,65000.46,616422112,False,Side.Sell,,65000.46,1653898000,BTC-USDT,TimeCondition.GTC,0.001
2837957847,4194834854,0,1783610796063167206,201,order_input,benchmark,mock,InstrumentType.Spot,3847191305847374260,OrderType.Limit,Direction.Long,65000.270000000004,616423648,False,Side.Buy,,65000.270000000004,1653898000,BTC-USDT,TimeCondition.GTC,0.001
2837957847,4194834854,0,1783610796063581744,201,order_input,benchmark,mock,InstrumentType.Spot,3847191305847374261,OrderType.Limit,Direction.Long,65000.479999999996,616425184,False,Side.Sell,,65000.479999999996,1653898000,BTC-USDT,TimeCondition.GTC,0.001
2837957847,4194834854,0,1783610796063856088,201,order_input,benchmark,mock,InstrumentType.Spot,3847191305847374262,OrderType.Limit,Direction.Long,65000.29,616426720,False,Side.Buy,,65000.29,1653898000,BTC-USDT,TimeCondition.GTC,0.001
2837957847,4194834854,0,1783610796064075642,201,order_input,benchmark,mock,InstrumentType.Spot,3847191305847374263,OrderType.Limit,Direction.Long,65000.5,616428256,False,Side.Sell,,65000.5,1653898000,BTC-USDT,TimeCondition.GTC,0.001
2837957847,4194834854,0,1783610796064385214,201,order_input,benchmark,mock,InstrumentType.Spot,3847191305847374264,OrderType.Limit,Direction.Long,65000.310000000005,616429792,False,Side.Buy,,65000.310000000005,1653898000,BTC-USDT,TimeCondition.GTC,0.001
2837957847,4194834854,0,1783610796064766446,201,order_input,benchmark,mock,InstrumentType.Spot,3847191305847374265,OrderType.Limit,Direction.Long,65000.52,616431328,False,Side.Sell,,65000.52,1653898000,BTC-USDT,TimeCondition.GTC,0.001
2837957847,4194834854,0,1783610796065043821,201,order_input,benchmark,mock,InstrumentType.Spot,3847191305847374266,OrderType.Limit,Direction.Long,65000.33,616432864,False,Side.Buy,,65000.33,1653898000,BTC-USDT,TimeCondition.GTC,0.001
2837957847,4194834854,0,1783610796065270299,201,order_input,benchmark,mock,InstrumentType.Spot,3847191305847374267,OrderType.Limit,Direction.Long,65000.54,616434400,False,Side.Sell,,65000.54,1653898000,BTC-USDT,TimeCondition.GTC,0.001
2837957847,4194834854,0,1783610796065645467,201,order_input,benchmark,mock,InstrumentType.Spot,3847191305847374268,OrderType.Limit,Direction.Long,65000.35,616435936,False,Side.Buy,,65000.35,1653898000,BTC-USDT,TimeCondition.GTC,0.001
2837957847,4194834854,0,1783610796065904965,201,order_input,benchmark,mock,InstrumentType.Spot,3847191305847374269,OrderType.Limit,Direction.Long,65000.56,616437472,False,Side.Sell,,65000.56,1653898000,BTC-USDT,TimeCondition.GTC,0.001
2837957847,4194834854,0,1783610796066287042,201,order_input,benchmark,mock,InstrumentType.Spot,3847191305847374270,OrderType.Limit,Direction.Long,65000.37,616439008,False,Side.Buy,,65000.37,1653898000,BTC-USDT,TimeCondition.GTC,0.001
2837957847,4194834854,0,1783610796066526466,201,order_input,benchmark,mock,InstrumentType.Spot,3847191305847374271,OrderType.Limit,Direction.Long,65000.58,616440544,False,Side.Sell,,65000.58,1653898000,BTC-USDT,TimeCondition.GTC,0.001
2837957847,4194834854,0,1783610796066887962,201,order_input,benchmark,mock,InstrumentType.Spot,3847191305847374272,OrderType.Limit,Direction.Long,65000.39,616442080,False,Side.Buy,,65000.39,1653898000,BTC-USDT,TimeCondition.GTC,0.001
2837957847,4194834854,0,1783610796067156885,201,order_input,benchmark,mock,InstrumentType.Spot,3847191305847374273,OrderType.Limit,Direction.Long,65000.6,616443616,False,Side.Sell,,65000.6,1653898000,BTC-USDT,TimeCondition.GTC,0.001
2837957847,4194834854,0,1783610796067461866,201,order_input,benchmark,mock,InstrumentType.Spot,3847191305847374274,OrderType.Limit,Direction.Long,65000.41,616445152,False,Side.Buy,,65000.41,1653898000,BTC-USDT,TimeCondition.GTC,0.001
2837957847,4194834854,0,1783610796067792761,201,order_input,benchmark,mock,InstrumentType.Spot,3847191305847374275,OrderType.Limit,Direction.Long,65000.619999999995,616446688,False,Side.Sell,,65000.619999999995,1653898000,BTC-USDT,TimeCondition.GTC,0.001
2837957847,4194834854,0,1783610796067971782,201,order_input,benchmark,mock,InstrumentType.Spot,3847191305847374276,OrderType.Limit,Direction.Long,65000.43,616448224,False,Side.Buy,,65000.43,1653898000,BTC-USDT,TimeCondition.GTC,0.001
2837957847,4194834854,0,1783610796068284257,201,order_input,benchmark,mock,InstrumentType.Spot,3847191305847374277,OrderType.Limit,Direction.Long,65000.64,616449760,False,Side.Sell,,65000.64,1653898000,BTC-USDT,TimeCondition.GTC,0.001
2837957847,4194834854,0,1783610796068677683,201,order_input,benchmark,mock,InstrumentType.Spot,3847191305847374278,OrderType.Limit,Direction.Long,65000.450000000004,616451296,False,Side.Buy,,65000.450000000004,1653898000,BTC-USDT,TimeCondition.GTC,0.001
2837957847,4194834854,0,1783610796068986975,201,order_input,benchmark,mock,InstrumentType.Spot,3847191305847374279,OrderType.Limit,Direction.Long,65000.659999999996,616452832,False,Side.Sell,,65000.659999999996,1653898000,BTC-USDT,TimeCondition.GTC,0.001
2837957847,4194834854,0,1783610796069266680,201,order_input,benchmark,mock,InstrumentType.Spot,3847191305847374280,OrderType.Limit,Direction.Long,65000.47,616454368,False,Side.Buy,,65000.47,1653898000,BTC-USDT,TimeCondition.GTC,0.001
2837957847,4194834854,0,1783610796069578534,201,order_input,benchmark,mock,InstrumentType.Spot,3847191305847374281,OrderType.Limit,Direction.Long,65000.68,616369440,False,Side.Sell,,65000.68,1653898000,BTC-USDT,TimeCondition.GTC,0.001
2837957847,4194834854,0,1783610796069909887,201,order_input,benchmark,mock,InstrumentType.Spot,3847191305847374282,OrderType.Limit,Direction.Long,65000.49,616370976,False,Side.Buy,,65000.49,1653898000,BTC-USDT,TimeCondition.GTC,0.001
2837957847,4194834854,0,1783610796070080018,201,order_input,benchmark,mock,InstrumentType.Spot,3847191305847374283,OrderType.Limit,Direction.Long,65000.7,616372512,False,Side.Sell,,65000.7,1653898000,BTC-USDT,TimeCondition.GTC,0.001
2837957847,4194834854,0,1783610796070371649,201,order_input,benchmark,mock,InstrumentType.Spot,3847191305847374284,OrderType.Limit,Direction.Long,65000.51,616461024,False,Side.Buy,,65000.51,1653898000,BTC-USDT,TimeCondition.GTC,0.001
2837957847,4194834854,0,1783610796070750388,201,order_input,benchmark,mock,InstrumentType.Spot,3847191305847374285,OrderType.Limit,Direction.Long,65000.72,616462560,False,Side.Sell,,65000.72,1653898000,BTC-USDT,TimeCondition.GTC,0.001
2837957847,4194834854,0,1783610796071027268,201,order_input,benchmark,mock,InstrumentType.Spot,3847191305847374286,OrderType.Limit,Direction.Long,65000.53,616464096,False,Side.Buy,,65000.53,1653898000,BTC-USDT,TimeCondition.GTC,0.001
2837957847,4194834854,0,1783610796071308013,201,order_input,benchmark,mock,InstrumentType.Spot,3847191305847374287,OrderType.Limit,Direction.Long,65000.74,616465632,False,Side.Sell,,65000.74,1653898000,BTC-USDT,TimeCondition.GTC,0.001
2837957847,4194834854,0,1783610796071559931,201,order_input,benchmark,mock,InstrumentType.Spot,3847191305847374288,OrderType.Limit,Direction.Long,65000.55,616467168,False,Side.Buy,,65000.55,1653898000,BTC-USDT,TimeCondition.GTC,0.001
2837957847,4194834854,0,1783610796071942040,201,order_input,benchmark,mock,InstrumentType.Spot,3847191305847374289,OrderType.Limit,Direction.Long,65000.76,616468704,False,Side.Sell,,65000.76,1653898000,BTC-USDT,TimeCondition.GTC,0.001
2837957847,4194834854,0,1783610796072279450,201,order_input,benchmark,mock,InstrumentType.Spot,3847191305847374290,OrderType.Limit,Direction.Long,65000.57,616470240,False,Side.Buy,,65000.57,1653898000,BTC-USDT,TimeCondition.GTC,0.001
2837957847,4194834854,0,1783610796072530737,201,order_input,benchmark,mock,InstrumentType.Spot,3847191305847374291,OrderType.Limit,Direction.Long,65000.78,616471776,False,Side.Sell,,65000.78,1653898000,BTC-USDT,TimeCondition.GTC,0.001
2837957847,4194834854,0,1783610796072830129,201,order_input,benchmark,mock,InstrumentType.Spot,3847191305847374292,OrderType.Limit,Direction.Long,65000.590000000004,616473312,False,Side.Buy,,65000.590000000004,1653898000,BTC-USDT,TimeCondition.GTC,0.001
2837957847,4194834854,0,1783610796073130647,201,order_input,benchmark,mock,InstrumentType.Spot,3847191305847374293,OrderType.Limit,Direction.Long,65000.799999999996,616474848,False,Side.Sell,,65000.799999999996,1653898000,BTC-USDT,TimeCondition.GTC,0.001
2837957847,4194834854,0,1783610796073508124,201,order_input,benchmark,mock,InstrumentType.Spot,3847191305847374294,OrderType.Limit,Direction.Long,65000.61,616476384,False,Side.Buy,,65000.61,1653898000,BTC-USDT,TimeCondition.GTC,0.001
2837957847,4194834854,0,1783610796073724373,201,order_input,benchmark,mock,InstrumentType.Spot,3847191305847374295,OrderType.Limit,Direction.Long,65000.82,616477920,False,Side.Sell,,65000.82,1653898000,BTC-USDT,TimeCondition.GTC,0.001
2837957847,4194834854,0,1783610796074051541,201,order_input,benchmark,mock,InstrumentType.Spot,3847191305847374296,OrderType.Limit,Direction.Long,65000.630000000005,616479456,False,Side.Buy,,65000.630000000005,1653898000,BTC-USDT,TimeCondition.GTC,0.001
2837957847,4194834854,0,1783610796074355730,201,order_input,benchmark,mock,InstrumentType.Spot,3847191305847374297,OrderType.Limit,Direction.Long,65000.84,616480992,False,Side.Sell,,65000.84,1653898000,BTC-USDT,TimeCondition.GTC,0.001
2837957847,4194834854,0,1783610796074722659,201,order_input,benchmark,mock,InstrumentType.Spot,3847191305847374298,OrderType.Limit,Direction.Long,65000.65,616482528,False,Side.Buy,,65000.65,1653898000,BTC-USDT,TimeCondition.GTC,0.001
2837957847,4194834854,0,1783610796074869014,201,order_input,benchmark,mock,InstrumentType.Spot,3847191305847374299,OrderType.Limit,Direction.Long,65000.86,616484064,False,Side.Sell,,65000.86,1653898000,BTC-USDT,TimeCondition.GTC,0.001
2837957847,4194834854,0,1783610796075253483,201,order_input,benchmark,mock,InstrumentType.Spot,3847191305847374300,OrderType.Limit,Direction.Long,65000.67,616485600,False,Side.Buy,,65000.67,1653898000,BTC-USDT,TimeCondition.GTC,0.001
2837957847,4194834854,0,1783610796075545222,201,order_input,benchmark,mock,InstrumentType.Spot,3847191305847374301,OrderType.Limit,Direction.Long,65000.88,616487136,False,Side.Sell,,65000.88,1653898000,BTC-USDT,TimeCondition.GTC,0.001
2837957847,4194834854,0,1783610796075922545,201,order_input,benchmark,mock,InstrumentType.Spot,3847191305847374302,OrderType.Limit,Direction.Long,65000.69,616488672,False,Side.Buy,,65000.69,1653898000,BTC-USDT,TimeCondition.GTC,0.001
2837957847,4194834854,0,1783610796076089555,201,order_input,benchmark,mock,InstrumentType.Spot,3847191305847374303,OrderType.Limit,Direction.Long,65000.9,616490208,False,Side.Sell,,65000.9,1653898000,BTC-USDT,TimeCondition.GTC,0.001
2837957847,4194834854,0,1783610796076382975,201,order_input,benchmark,mock,InstrumentType.Spot,3847191305847374304,OrderType.Limit,Direction.Long,65000.71,616491744,False,Side.Buy,,65000.71,1653898000,BTC-USDT,TimeCondition.GTC,0.001
2837957847,4194834854,0,1783610796076682353,201,order_input,benchmark,mock,InstrumentType.Spot,3847191305847374305,OrderType.Limit,Direction.Long,65000.92,616493280,False,Side.Sell,,65000.92,1653898000,BTC-USDT,TimeCondition.GTC,0.001
2837957847,4194834854,0,1783610796077121845,201,order_input,benchmark,mock,InstrumentType.Spot,3847191305847374306,OrderType.Limit,Direction.Long,65000.73,616494816,False,Side.Buy,,65000.73,1653898000,BTC-USDT,TimeCondition.GTC,0.001
2837957847,4194834854,0,1783610796077361400,201,order_input,benchmark,mock,InstrumentType.Spot,3847191305847374307,OrderType.Limit,Direction.Long,65000.939999999995,616496352,False,Side.Sell,,65000.939999999995,1653898000,BTC-USDT,TimeCondition.GTC,0.001
2837957847,4194834854,0,1783610796077556084,201,order_input,benchmark,mock,InstrumentType.Spot,3847191305847374308,OrderType.Limit,Direction.Long,65000.75,616497888,False,Side.Buy,,65000.75,1653898000,BTC-USDT,TimeCondition.GTC,0.001
2837957847,4194834854,0,1783610796077871223,201,order_input,benchmark,mock,InstrumentType.Spot,3847191305847374309,OrderType.Limit,Direction.Long,65000.96,616499424,False,Side.Sell,,65000.96,1653898000,BTC-USDT,TimeCondition.GTC,0.001
2837957847,4194834854,0,1783610796078269497,201,order_input,benchmark,mock,InstrumentType.Spot,3847191305847374310,OrderType.Limit,Direction.Long,65000.770000000004,616500960,False,Side.Buy,,65000.770000000004,1653898000,BTC-USDT,TimeCondition.GTC,0.001
2837957847,4194834854,0,1783610796078548541,201,order_input,benchmark,mock,InstrumentType.Spot,3847191305847374311,OrderType.Limit,Direction.Long,65000.979999999996,616502496,False,Side.Sell,,65000.979999999996,1653898000,BTC-USDT,TimeCondition.GTC,0.001
2837957847,4194834854,0,1783610796078842619,201,order_input,benchmark,mock,InstrumentType.Spot,3847191305847374312,OrderType.Limit,Direction.Long,65000.79,616504032,False,Side.Buy,,65000.79,1653898000,BTC-USDT,TimeCondition.GTC,0.001
2837957847,4194834854,0,1783610796079080128,201,order_input,benchmark,mock,InstrumentType.Spot,3847191305847374313,OrderType.Limit,Direction.Long,65001.0,616505568,False,Side.Sell,,65001.0,1653898000,BTC-USDT,TimeCondition.GTC,0.001
2837957847,4194834854,0,1783610796079446282,201,order_input,benchmark,mock,InstrumentType.Spot,3847191305847374314,OrderType.Limit,Direction.Long,65000.810000000005,616507104,False,Side.Buy,,65000.810000000005,1653898000,BTC-USDT,TimeCondition.GTC,0.001
2837957847,4194834854,0,1783610796079743347,201,order_input,benchmark,mock,InstrumentType.Spot,3847191305847374315,OrderType.Limit,Direction.Long,65001.02,616508640,False,Side.Sell,,65001.02,1653898000,BTC-USDT,TimeCondition.GTC,0.001
2837957847,4194834854,0,1783610796080055478,201,order_input,benchmark,mock,InstrumentType.Spot,3847191305847374316,OrderType.Limit,Direction.Long,65000.83,616510176,False,Side.Buy,,65000.83,1653898000,BTC-USDT,TimeCondition.GTC,0.001
2837957847,4194834854,0,1783610796080344795,201,order_input,benchmark,mock,InstrumentType.Spot,3847191305847374317,OrderType.Limit,Direction.Long,65001.04,616511712,False,Side.Sell,,65001.04,1653898000,BTC-USDT,TimeCondition.GTC,0.001
2837957847,4194834854,0,1783610796080667333,201,order_input,benchmark,mock,InstrumentType.Spot,3847191305847374318,OrderType.Limit,Direction.Long,65000.85,616513248,False,Side.Buy,,65000.85,1653898000,BTC-USDT,TimeCondition.GTC,0.001
2837957847,4194834854,0,1783610796080912057,201,order_input,benchmark,mock,InstrumentType.Spot,3847191305847374319,OrderType.Limit,Direction.Long,65001.06,616514784,False,Side.Sell,,65001.06,1653898000,BTC-USDT,TimeCondition.GTC,0.001
2837957847,4194834854,0,1783610796081163389,201,order_input,benchmark,mock,InstrumentType.Spot,3847191305847374320,OrderType.Limit,Direction.Long,65000.87,616516320,False,Side.Buy,,65000.87,1653898000,BTC-USDT,TimeCondition.GTC,0.001
2837957847,4194834854,0,1783610796081536900,201,order_input,benchmark,mock,InstrumentType.Spot,3847191305847374321,OrderType.Limit,Direction.Long,65001.08,616517856,False,Side.Sell,,65001.08,1653898000,BTC-USDT,TimeCondition.GTC,0.001
2837957847,4194834854,0,1783610796081838347,201,order_input,benchmark,mock,InstrumentType.Spot,3847191305847374322,OrderType.Limit,Direction.Long,65000.89,616519392,False,Side.Buy,,65000.89,1653898000,BTC-USDT,TimeCondition.GTC,0.001
2837957847,4194834854,0,1783610796082132800,201,order_input,benchmark,mock,InstrumentType.Spot,3847191305847374323,OrderType.Limit,Direction.Long,65000.1,616520928,False,Side.Sell,,65000.1,1653898000,BTC-USDT,TimeCondition.GTC,0.001
2837957847,4194834854,0,1783610796082439044,201,order_input,benchmark,mock,InstrumentType.Spot,3847191305847374324,OrderType.Limit,Direction.Long,64999.91,616522464,False,Side.Buy,,64999.91,1653898000,BTC-USDT,TimeCondition.GTC,0.001
2837957847,4194834854,0,1783610796082730548,201,order_input,benchmark,mock,InstrumentType.Spot,3847191305847374325,OrderType.Limit,Direction.Long,65000.119999999995,616524000,False,Side.Sell,,65000.119999999995,1653898000,BTC-USDT,TimeCondition.GTC,0.001
2837957847,4194834854,0,1783610796083035838,201,order_input,benchmark,mock,InstrumentType.Spot,3847191305847374326,OrderType.Limit,Direction.Long,64999.93,616525536,False,Side.Buy,,64999.93,1653898000,BTC-USDT,TimeCondition.GTC,0.001
2837957847,4194834854,0,1783610796083329140,201,order_input,benchmark,mock,InstrumentType.Spot,3847191305847374327,OrderType.Limit,Direction.Long,65000.14,616527072,False,Side.Sell,,65000.14,1653898000,BTC-USDT,TimeCondition.GTC,0.001
2837957847,4194834854,0,1783610796083632014,201,order_input,benchmark,mock,InstrumentType.Spot,3847191305847374328,OrderType.Limit,Direction.Long,64999.950000000004,616528608,False,Side.Buy,,64999.950000000004,1653898000,BTC-USDT,TimeCondition.GTC,0.001
2837957847,4194834854,0,1783610796083940572,201,order_input,benchmark,mock,InstrumentType.Spot,3847191305847374329,OrderType.Limit,Direction.Long,65000.159999999996,616530144,False,Side.Sell,,65000.159999999996,1653898000,BTC-USDT,TimeCondition.GTC,0.001
2837957847,4194834854,0,1783610796084232361,201,order_input,benchmark,mock,InstrumentType.Spot,3847191305847374330,OrderType.Limit,Direction.Long,64999.97,616531680,False,Side.Buy,,64999.97,1653898000,BTC-USDT,TimeCondition.GTC,0.001
2837957847,4194834854,0,1783610796084530853,201,order_input,benchmark,mock,InstrumentType.Spot,3847191305847374331,OrderType.Limit,Direction.Long,65000.18,616533216,False,Side.Sell,,65000.18,1653898000,BTC-USDT,TimeCondition.GTC,0.001
2837957847,4194834854,0,1783610796084824509,201,order_input,benchmark,mock,InstrumentType.Spot,3847191305847374332,OrderType.Limit,Direction.Long,64999.99,616534752,False,Side.Buy,,64999.99,1653898000,BTC-USDT,TimeCondition.GTC,0.001
2837957847,4194834854,0,1783610796085127579,201,order_input,benchmark,mock,InstrumentType.Spot,3847191305847374333,OrderType.Limit,Direction.Long,65000.2,616536288,False,Side.Sell,,65000.2,1653898000,BTC-USDT,TimeCondition.GTC,0.001
2837957847,4194834854,0,1783610796085507614,201,order_input,benchmark,mock,InstrumentType.Spot,3847191305847374334,OrderType.Limit,Direction.Long,65000.01,616537824,False,Side.Buy,,65000.01,1653898000,BTC-USDT,TimeCondition.GTC,0.001
2837957847,4194834854,0,1783610796085768472,201,order_input,benchmark,mock,InstrumentType.Spot,3847191305847374335,OrderType.Limit,Direction.Long,65000.22,616539360,False,Side.Sell,,65000.22,1653898000,BTC-USDT,TimeCondition.GTC,0.001
2837957847,4194834854,0,1783610796085958415,201,order_input,benchmark,mock,InstrumentType.Spot,3847191305847374336,OrderType.Limit,Direction.Long,65000.03,616540896,False,Side.Buy,,65000.03,1653898000,BTC-USDT,TimeCondition.GTC,0.001
2837957847,4194834854,0,1783610796086333075,201,order_input,benchmark,mock,InstrumentType.Spot,3847191305847374337,OrderType.Limit,Direction.Long,65000.24,616542432,False,Side.Sell,,65000.24,1653898000,BTC-USDT,TimeCondition.GTC,0.001
2837957847,4194834854,0,1783610796086626820,201,order_input,benchmark,mock,InstrumentType.Spot,3847191305847374338,OrderType.Limit,Direction.Long,65000.05,616543968,False,Side.Buy,,65000.05,1653898000,BTC-USDT,TimeCondition.GTC,0.001
2837957847,4194834854,0,1783610796086933213,201,order_input,benchmark,mock,InstrumentType.Spot,3847191305847374339,OrderType.Limit,Direction.Long,65000.26,616545504,False,Side.Sell,,65000.26,1653898000,BTC-USDT,TimeCondition.GTC,0.001
2837957847,4194834854,0,1783610796087234658,201,order_input,benchmark,mock,InstrumentType.Spot,3847191305847374340,OrderType.Limit,Direction.Long,65000.07,616547040,False,Side.Buy,,65000.07,1653898000,BTC-USDT,TimeCondition.GTC,0.001
2837957847,4194834854,0,1783610796087553010,201,order_input,benchmark,mock,InstrumentType.Spot,3847191305847374341,OrderType.Limit,Direction.Long,65000.28,616548576,False,Side.Sell,,65000.28,1653898000,BTC-USDT,TimeCondition.GTC,0.001
2837957847,4194834854,0,1783610796087799313,201,order_input,benchmark,mock,InstrumentType.Spot,3847191305847374342,OrderType.Limit,Direction.Long,65000.090000000004,616550112,False,Side.Buy,,65000.090000000004,1653898000,BTC-USDT,TimeCondition.GTC,0.001
2837957847,4194834854,0,1783610796088051200,201,order_input,benchmark,mock,InstrumentType.Spot,3847191305847374343,OrderType.Limit,Direction.Long,65000.299999999996,616551648,False,Side.Sell,,65000.299999999996,1653898000,BTC-USDT,TimeCondition.GTC,0.001
2837957847,4194834854,0,1783610796088442528,201,order_input,benchmark,mock,InstrumentType.Spot,3847191305847374344,OrderType.Limit,Direction.Long,65000.11,616553184,False,Side.Buy,,65000.11,1653898000,BTC-USDT,TimeCondition.GTC,0.001
2837957847,4194834854,0,1783610796088647487,201,order_input,benchmark,mock,InstrumentType.Spot,3847191305847374345,OrderType.Limit,Direction.Long,65000.32,616455904,False,Side.Sell,,65000.32,1653898000,BTC-USDT,TimeCondition.GTC,0.001
2837957847,4194834854,0,1783610796089051971,201,order_input,benchmark,mock,InstrumentType.Spot,3847191305847374346,OrderType.Limit,Direction.Long,65000.130000000005,616457440,False,Side.Buy,,65000.130000000005,1653898000,BTC-USDT,TimeCondition.GTC,0.001
2837957847,4194834854,0,1783610796089267927,201,order_input,benchmark,mock,InstrumentType.Spot,3847191305847374347,OrderType.Limit,Direction.Long,65000.34,616458976,False,Side.Sell,,65000.34,1653898000,BTC-USDT,TimeCondition.GTC,0.001
2837957847,4194834854,0,1783610796089641981,201,order_input,benchmark,mock,InstrumentType.Spot,3847191305847374348,OrderType.Limit,Direction.Long,65000.15,616559920,False,Side.Buy,,65000.15,1653898000,BTC-USDT,TimeCondition.GTC,0.001
2837957847,4194834854,0,1783610796089934048,201,order_input,benchmark,mock,InstrumentType.Spot,3847191305847374349,OrderType.Limit,Direction.Long,65000.36,616561456,False,Side.Sell,,65000.36,1653898000,BTC-USDT,TimeCondition.GTC,0.001
2837957847,4194834854,0,1783610796090153015,201,order_input,benchmark,mock,InstrumentType.Spot,3847191305847374350,OrderType.Limit,Direction.Long,65000.17,616562992,False,Side.Buy,,65000.17,1653898000,BTC-USDT,TimeCondition.GTC,0.001
2837957847,4194834854,0,1783610796090527137,201,order_input,benchmark,mock,InstrumentType.Spot,3847191305847374351,OrderType.Limit,Direction.Long,65000.38,616564528,False,Side.Sell,,65000.38,1653898000,BTC-USDT,TimeCondition.GTC,0.001
2837957847,4194834854,0,1783610796090827269,201,order_input,benchmark,mock,InstrumentType.Spot,3847191305847374352,OrderType.Limit,Direction.Long,65000.19,616566064,False,Side.Buy,,65000.19,1653898000,BTC-USDT,TimeCondition.GTC,0.001
2837957847,4194834854,0,1783610796091127007,201,order_input,benchmark,mock,InstrumentType.Spot,3847191305847374353,OrderType.Limit,Direction.Long,65000.4,616567600,False,Side.Sell,,65000.4,1653898000,BTC-USDT,TimeCondition.GTC,0.001
2837957847,4194834854,0,1783610796091422762,201,order_input,benchmark,mock,InstrumentType.Spot,3847191305847374354,OrderType.Limit,Direction.Long,65000.21,616569136,False,Side.Buy,,65000.21,1653898000,BTC-USDT,TimeCondition.GTC,0.001
2837957847,4194834854,0,1783610796091723811,201,order_input,benchmark,mock,InstrumentType.Spot,3847191305847374355,OrderType.Limit,Direction.Long,65000.42,616570672,False,Side.Sell,,65000.42,1653898000,BTC-USDT,TimeCondition.GTC,0.001
2837957847,4194834854,0,1783610796092035063,201,order_input,benchmark,mock,InstrumentType.Spot,3847191305847374356,OrderType.Limit,Direction.Long,65000.23,616572208,False,Side.Buy,,65000.23,1653898000,BTC-USDT,TimeCondition.GTC,0.001
2837957847,4194834854,0,1783610796092326523,201,order_input,benchmark,mock,InstrumentType.Spot,3847191305847374357,OrderType.Limit,Direction.Long,65000.439999999995,616573744,False,Side.Sell,,65000.439999999995,1653898000,BTC-USDT,TimeCondition.GTC,0.001
2837957847,4194834854,0,1783610796092631533,201,order_input,benchmark,mock,InstrumentType.Spot,3847191305847374358,OrderType.Limit,Direction.Long,65000.25,616575280,False,Side.Buy,,65000.25,1653898000,BTC-USDT,TimeCondition.GTC,0.001
2837957847,4194834854,0,1783610796092966357,201,order_input,benchmark,mock,InstrumentType.Spot,3847191305847374359,OrderType.Limit,Direction.Long,65000.46,616576816,False,Side.Sell,,65000.46,1653898000,BTC-USDT,TimeCondition.GTC,0.001
2837957847,4194834854,0,1783610796093231983,201,order_input,benchmark,mock,InstrumentType.Spot,3847191305847374360,OrderType.Limit,Direction.Long,65000.270000000004,616578352,False,Side.Buy,,65000.270000000004,1653898000,BTC-USDT,TimeCondition.GTC,0.001
2837957847,4194834854,0,1783610796093458201,201,order_input,benchmark,mock,InstrumentType.Spot,3847191305847374361,OrderType.Limit,Direction.Long,65000.479999999996,616579888,False,Side.Sell,,65000.479999999996,1653898000,BTC-USDT,TimeCondition.GTC,0.001
2837957847,4194834854,0,1783610796094013996,201,order_input,benchmark,mock,InstrumentType.Spot,3847191305847374362,OrderType.Limit,Direction.Long,65000.29,616581424,False,Side.Buy,,65000.29,1653898000,BTC-USDT,TimeCondition.GTC,0.001
2837957847,4194834854,0,1783610796094169397,201,order_input,benchmark,mock,InstrumentType.Spot,3847191305847374363,OrderType.Limit,Direction.Long,65000.5,616582960,False,Side.Sell,,65000.5,1653898000,BTC-USDT,TimeCondition.GTC,0.001
2837957847,4194834854,0,1783610796094417136,201,order_input,benchmark,mock,InstrumentType.Spot,3847191305847374364,OrderType.Limit,Direction.Long,65000.310000000005,616584496,False,Side.Buy,,65000.310000000005,1653898000,BTC-USDT,TimeCondition.GTC,0.001
2837957847,4194834854,0,1783610796094747589,201,order_input,benchmark,mock,InstrumentType.Spot,3847191305847374365,OrderType.Limit,Direction.Long,65000.52,616586032,False,Side.Sell,,65000.52,1653898000,BTC-USDT,TimeCondition.GTC,0.001
2837957847,4194834854,0,1783610796095022397,201,order_input,benchmark,mock,InstrumentType.Spot,3847191305847374366,OrderType.Limit,Direction.Long,65000.33,616587568,False,Side.Buy,,65000.33,1653898000,BTC-USDT,TimeCondition.GTC,0.001
2837957847,4194834854,0,1783610796095340771,201,order_input,benchmark,mock,InstrumentType.Spot,3847191305847374367,OrderType.Limit,Direction.Long,65000.54,616589104,False,Side.Sell,,65000.54,1653898000,BTC-USDT,TimeCondition.GTC,0.001
2837957847,4194834854,0,1783610796095632904,201,order_input,benchmark,mock,InstrumentType.Spot,3847191305847374368,OrderType.Limit,Direction.Long,65000.35,616590640,False,Side.Buy,,65000.35,1653898000,BTC-USDT,TimeCondition.GTC,0.001
2837957847,4194834854,0,1783610796095932508,201,order_input,benchmark,mock,InstrumentType.Spot,3847191305847374369,OrderType.Limit,Direction.Long,65000.56,616592176,False,Side.Sell,,65000.56,1653898000,BTC-USDT,TimeCondition.GTC,0.001
2837957847,4194834854,0,1783610796096348441,201,order_input,benchmark,mock,InstrumentType.Spot,3847191305847374370,OrderType.Limit,Direction.Long,65000.37,616593712,False,Side.Buy,,65000.37,1653898000,BTC-USDT,TimeCondition.GTC,0.001
2837957847,4194834854,0,1783610796096476980,201,order_input,benchmark,mock,InstrumentType.Spot,3847191305847374371,OrderType.Limit,Direction.Long,65000.58,616595248,False,Side.Sell,,65000.58,1653898000,BTC-USDT,TimeCondition.GTC,0.001
2837957847,4194834854,0,1783610796096861199,201,order_input,benchmark,mock,InstrumentType.Spot,3847191305847374372,OrderType.Limit,Direction.Long,65000.39,616596784,False,Side.Buy,,65000.39,1653898000,BTC-USDT,TimeCondition.GTC,0.001
2837957847,4194834854,0,1783610796097121844,201,order_input,benchmark,mock,InstrumentType.Spot,3847191305847374373,OrderType.Limit,Direction.Long,65000.6,616598320,False,Side.Sell,,65000.6,1653898000,BTC-USDT,TimeCondition.GTC,0.001
2837957847,4194834854,0,1783610796097399472,201,order_input,benchmark,mock,InstrumentType.Spot,3847191305847374374,OrderType.Limit,Direction.Long,65000.41,616599856,False,Side.Buy,,65000.41,1653898000,BTC-USDT,TimeCondition.GTC,0.001
2837957847,4194834854,0,1783610796097729937,201,order_input,benchmark,mock,InstrumentType.Spot,3847191305847374375,OrderType.Limit,Direction.Long,65000.619999999995,616601392,False,Side.Sell,,65000.619999999995,1653898000,BTC-USDT,TimeCondition.GTC,0.001
2837957847,4194834854,0,1783610796098049962,201,order_input,benchmark,mock,InstrumentType.Spot,3847191305847374376,OrderType.Limit,Direction.Long,65000.43,616602928,False,Side.Buy,,65000.43,1653898000,BTC-USDT,TimeCondition.GTC,0.001
2837957847,4194834854,0,1783610796098328486,201,order_input,benchmark,mock,InstrumentType.Spot,3847191305847374377,OrderType.Limit,Direction.Long,65000.64,616604464,False,Side.Sell,,65000.64,1653898000,BTC-USDT,TimeCondition.GTC,0.001
2837957847,4194834854,0,1783610796098643428,201,order_input,benchmark,mock,InstrumentType.Spot,3847191305847374378,OrderType.Limit,Direction.Long,65000.450000000004,616606000,False,Side.Buy,,65000.450000000004,1653898000,BTC-USDT,TimeCondition.GTC,0.001
2837957847,4194834854,0,1783610796099016490,201,order_input,benchmark,mock,InstrumentType.Spot,3847191305847374379,OrderType.Limit,Direction.Long,65000.659999999996,616607536,False,Side.Sell,,65000.659999999996,1653898000,BTC-USDT,TimeCondition.GTC,0.001
2837957847,4194834854,0,1783610796099245189,201,order_input,benchmark,mock,InstrumentType.Spot,3847191305847374380,OrderType.Limit,Direction.Long,65000.47,616609072,False,Side.Buy,,65000.47,1653898000,BTC-USDT,TimeCondition.GTC,0.001
2837957847,4194834854,0,1783610796099497934,201,order_input,benchmark,mock,InstrumentType.Spot,3847191305847374381,OrderType.Limit,Direction.Long,65000.68,616610608,False,Side.Sell,,65000.68,1653898000,BTC-USDT,TimeCondition.GTC,0.001
2837957847,4194834854,0,1783610796099783232,201,order_input,benchmark,mock,InstrumentType.Spot,3847191305847374382,OrderType.Limit,Direction.Long,65000.49,616612144,False,Side.Buy,,65000.49,1653898000,BTC-USDT,TimeCondition.GTC,0.001
2837957847,4194834854,0,1783610796100185255,201,order_input,benchmark,mock,InstrumentType.Spot,3847191305847374383,OrderType.Limit,Direction.Long,65000.7,616613680,False,Side.Sell,,65000.7,1653898000,BTC-USDT,TimeCondition.GTC,0.001
2837957847,4194834854,0,1783610796100441066,201,order_input,benchmark,mock,InstrumentType.Spot,3847191305847374384,OrderType.Limit,Direction.Long,65000.51,616615216,False,Side.Buy,,65000.51,1653898000,BTC-USDT,TimeCondition.GTC,0.001
2837957847,4194834854,0,1783610796100734304,201,order_input,benchmark,mock,InstrumentType.Spot,3847191305847374385,OrderType.Limit,Direction.Long,65000.72,616616752,False,Side.Sell,,65000.72,1653898000,BTC-USDT,TimeCondition.GTC,0.001
2837957847,4194834854,0,1783610796101044828,201,order_input,benchmark,mock,InstrumentType.Spot,3847191305847374386,OrderType.Limit,Direction.Long,65000.53,616618288,False,Side.Buy,,65000.53,1653898000,BTC-USDT,TimeCondition.GTC,0.001
2837957847,4194834854,0,1783610796101339016,201,order_input,benchmark,mock,InstrumentType.Spot,3847191305847374387,OrderType.Limit,Direction.Long,65000.74,616619824,False,Side.Sell,,65000.74,1653898000,BTC-USDT,TimeCondition.GTC,0.001
2837957847,4194834854,0,1783610796101776367,201,order_input,benchmark,mock,InstrumentType.Spot,3847191305847374388,OrderType.Limit,Direction.Long,65000.55,616621360,False,Side.Buy,,65000.55,1653898000,BTC-USDT,TimeCondition.GTC,0.001
2837957847,4194834854,0,1783610796101943496,201,order_input,benchmark,mock,InstrumentType.Spot,3847191305847374389,OrderType.Limit,Direction.Long,65000.76,616622896,False,Side.Sell,,65000.76,1653898000,BTC-USDT,TimeCondition.GTC,0.001
2837957847,4194834854,0,1783610796102301794,201,order_input,benchmark,mock,InstrumentType.Spot,3847191305847374390,OrderType.Limit,Direction.Long,65000.57,616624432,False,Side.Buy,,65000.57,1653898000,BTC-USDT,TimeCondition.GTC,0.001
2837957847,4194834854,0,1783610796102571372,201,order_input,benchmark,mock,InstrumentType.Spot,3847191305847374391,OrderType.Limit,Direction.Long,65000.78,616625968,False,Side.Sell,,65000.78,1653898000,BTC-USDT,TimeCondition.GTC,0.001
2837957847,4194834854,0,1783610796102822604,201,order_input,benchmark,mock,InstrumentType.Spot,3847191305847374392,OrderType.Limit,Direction.Long,65000.590000000004,616627504,False,Side.Buy,,65000.590000000004,1653898000,BTC-USDT,TimeCondition.GTC,0.001
2837957847,4194834854,0,1783610796103089157,201,order_input,benchmark,mock,InstrumentType.Spot,3847191305847374393,OrderType.Limit,Direction.Long,65000.799999999996,616629040,False,Side.Sell,,65000.799999999996,1653898000,BTC-USDT,TimeCondition.GTC,0.001
2837957847,4194834854,0,1783610796103398432,201,order_input,benchmark,mock,InstrumentType.Spot,3847191305847374394,OrderType.Limit,Direction.Long,65000.61,616630576,False,Side.Buy,,65000.61,1653898000,BTC-USDT,TimeCondition.GTC,0.001
2837957847,4194834854,0,1783610796103810981,201,order_input,benchmark,mock,InstrumentType.Spot,3847191305847374395,OrderType.Limit,Direction.Long,65000.82,616632112,False,Side.Sell,,65000.82,1653898000,BTC-USDT,TimeCondition.GTC,0.001
2837957847,4194834854,0,1783610796104109312,201,order_input,benchmark,mock,InstrumentType.Spot,3847191305847374396,OrderType.Limit,Direction.Long,65000.630000000005,616633648,False,Side.Buy,,65000.630000000005,1653898000,BTC-USDT,TimeCondition.GTC,0.001
2837957847,4194834854,0,1783610796104469774,201,order_input,benchmark,mock,InstrumentType.Spot,3847191305847374397,OrderType.Limit,Direction.Long,65000.84,616635184,False,Side.Sell,,65000.84,1653898000,BTC-USDT,TimeCondition.GTC,0.001
2837957847,4194834854,0,1783610796104599283,201,order_input,benchmark,mock,InstrumentType.Spot,3847191305847374398,OrderType.Limit,Direction.Long,65000.65,616636720,False,Side.Buy,,65000.65,1653898000,BTC-USDT,TimeCondition.GTC,0.001
2837957847,4194834854,0,1783610796104977384,201,order_input,benchmark,mock,InstrumentType.Spot,3847191305847374399,OrderType.Limit,Direction.Long,65000.86,616638256,False,Side.Sell,,65000.86,1653898000,BTC-USDT,TimeCondition.GTC,0.001
2837957847,4194834854,0,1783610796105262700,201,order_input,benchmark,mock,InstrumentType.Spot,3847191305847374400,OrderType.Limit,Direction.Long,65000.67,616639792,False,Side.Buy,,65000.67,1653898000,BTC-USDT,TimeCondition.GTC,0.001
2837957847,4194834854,0,1783610796105646247,201,order_input,benchmark,mock,InstrumentType.Spot,3847191305847374401,OrderType.Limit,Direction.Long,65000.88,616641328,False,Side.Sell,,65000.88,1653898000,BTC-USDT,TimeCondition.GTC,0.001
2837957847,4194834854,0,1783610796106059758,201,order_input,benchmark,mock,InstrumentType.Spot,3847191305847374402,OrderType.Limit,Direction.Long,65000.69,616642864,False,Side.Buy,,65000.69,1653898000,BTC-USDT,TimeCondition.GTC,0.001
2837957847,4194834854,0,1783610796106167557,201,order_input,benchmark,mock,InstrumentType.Spot,3847191305847374403,OrderType.Limit,Direction.Long,65000.9,616644400,False,Side.Sell,,65000.9,1653898000,BTC-USDT,TimeCondition.GTC,0.001
2837957847,4194834854,0,1783610796106355944,201,order_input,benchmark,mock,InstrumentType.Spot,3847191305847374404,OrderType.Limit,Direction.Long,65000.71,616645936,False,Side.Buy,,65000.71,1653898000,BTC-USDT,TimeCondition.GTC,0.001
2837957847,4194834854,0,1783610796106698334,201,order_input,benchmark,mock,InstrumentType.Spot,3847191305847374405,OrderType.Limit,Direction.Long,65000.92,616647472,False,Side.Sell,,65000.92,1653898000,BTC-USDT,TimeCondition.GTC,0.001
2837957847,4194834854,0,1783610796107067160,201,order_input,benchmark,mock,InstrumentType.Spot,3847191305847374406,OrderType.Limit,Direction.Long,65000.73,616649008,False,Side.Buy,,65000.73,1653898000,BTC-USDT,TimeCondition.GTC,0.001
2837957847,4194834854,0,1783610796107339944,201,order_input,benchmark,mock,InstrumentType.Spot,3847191305847374407,OrderType.Limit,Direction.Long,65000.939999999995,616650544,False,Side.Sell,,65000.939999999995,1653898000,BTC-USDT,TimeCondition.GTC,0.001
2837957847,4194834854,0,1783610796107838352,201,order_input,benchmark,mock,InstrumentType.Spot,3847191305847374408,OrderType.Limit,Direction.Long,65000.75,616652080,False,Side.Buy,,65000.75,1653898000,BTC-USDT,TimeCondition.GTC,0.001
2837957847,4194834854,0,1783610796107907156,201,order_input,benchmark,mock,InstrumentType.Spot,3847191305847374409,OrderType.Limit,Direction.Long,65000.96,616653584,False,Side.Sell,,65000.96,1653898000,BTC-USDT,TimeCondition.GTC,0.001
2837957847,4194834854,0,1783610796108169107,201,order_input,benchmark,mock,InstrumentType.Spot,3847191305847374410,OrderType.Limit,Direction.Long,65000.770000000004,616655152,False,Side.Buy,,65000.770000000004,1653898000,BTC-USDT,TimeCondition.GTC,0.001
2837957847,4194834854,0,1783610796108535276,201,order_input,benchmark,mock,InstrumentType.Spot,3847191305847374411,OrderType.Limit,Direction.Long,65000.979999999996,616656688,False,Side.Sell,,65000.979999999996,1653898000,BTC-USDT,TimeCondition.GTC,0.001
2837957847,4194834854,0,1783610796108860594,201,order_input,benchmark,mock,InstrumentType.Spot,3847191305847374412,OrderType.Limit,Direction.Long,65000.79,616658224,False,Side.Buy,,65000.79,1653898000,BTC-USDT,TimeCondition.GTC,0.001
2837957847,4194834854,0,1783610796109121474,201,order_input,benchmark,mock,InstrumentType.Spot,3847191305847374413,OrderType.Limit,Direction.Long,65001.0,616659760,False,Side.Sell,,65001.0,1653898000,BTC-USDT,TimeCondition.GTC,0.001
2837957847,4194834854,0,1783610796109443623,201,order_input,benchmark,mock,InstrumentType.Spot,3847191305847374414,OrderType.Limit,Direction.Long,65000.810000000005,616661296,False,Side.Buy,,65000.810000000005,1653898000,BTC-USDT,TimeCondition.GTC,0.001
2837957847,4194834854,0,1783610796109677605,201,order_input,benchmark,mock,InstrumentType.Spot,3847191305847374415,OrderType.Limit,Direction.Long,65001.02,616662832,False,Side.Sell,,65001.02,1653898000,BTC-USDT,TimeCondition.GTC,0.001
2837957847,4194834854,0,1783610796110118416,201,order_input,benchmark,mock,InstrumentType.Spot,3847191305847374416,OrderType.Limit,Direction.Long,65000.83,616664368,False,Side.Buy,,65000.83,1653898000,BTC-USDT,TimeCondition.GTC,0.001
2837957847,4194834854,0,1783610796110357941,201,order_input,benchmark,mock,InstrumentType.Spot,3847191305847374417,OrderType.Limit,Direction.Long,65001.04,616554720,False,Side.Sell,,65001.04,1653898000,BTC-USDT,TimeCondition.GTC,0.001
2837957847,4194834854,0,1783610796110569925,201,order_input,benchmark,mock,InstrumentType.Spot,3847191305847374418,OrderType.Limit,Direction.Long,65000.85,616556256,False,Side.Buy,,65000.85,1653898000,BTC-USDT,TimeCondition.GTC,0.001
2837957847,4194834854,0,1783610796110936031,201,order_input,benchmark,mock,InstrumentType.Spot,3847191305847374419,OrderType.Limit,Direction.Long,65001.06,616557792,False,Side.Sell,,65001.06,1653898000,BTC-USDT,TimeCondition.GTC,0.001
2837957847,4194834854,0,1783610796111229563,201,order_input,benchmark,mock,InstrumentType.Spot,3847191305847374420,OrderType.Limit,Direction.Long,65000.87,616671264,False,Side.Buy,,65000.87,1653898000,BTC-USDT,TimeCondition.GTC,0.001
2837957847,4194834854,0,1783610796111534700,201,order_input,benchmark,mock,InstrumentType.Spot,3847191305847374421,OrderType.Limit,Direction.Long,65001.08,616672688,False,Side.Sell,,65001.08,1653898000,BTC-USDT,TimeCondition.GTC,0.001
2837957847,4194834854,0,1783610796111832102,201,order_input,benchmark,mock,InstrumentType.Spot,3847191305847374422,OrderType.Limit,Direction.Long,65000.89,616674224,False,Side.Buy,,65000.89,1653898000,BTC-USDT,TimeCondition.GTC,0.001
2837957847,4194834854,0,1783610796112131747,201,order_input,benchmark,mock,InstrumentType.Spot,3847191305847374423,OrderType.Limit,Direction.Long,65000.1,616675760,False,Side.Sell,,65000.1,1653898000,BTC-USDT,TimeCondition.GTC,0.001
2837957847,4194834854,0,1783610796112433046,201,order_input,benchmark,mock,InstrumentType.Spot,3847191305847374424,OrderType.Limit,Direction.Long,64999.91,616677296,False,Side.Buy,,64999.91,1653898000,BTC-USDT,TimeCondition.GTC,0.001
2837957847,4194834854,0,1783610796112759704,201,order_input,benchmark,mock,InstrumentType.Spot,3847191305847374425,OrderType.Limit,Direction.Long,65000.119999999995,616678832,False,Side.Sell,,65000.119999999995,1653898000,BTC-USDT,TimeCondition.GTC,0.001
2837957847,4194834854,0,1783610796113033539,201,order_input,benchmark,mock,InstrumentType.Spot,3847191305847374426,OrderType.Limit,Direction.Long,64999.93,616680368,False,Side.Buy,,64999.93,1653898000,BTC-USDT,TimeCondition.GTC,0.001
2837957847,4194834854,0,1783610796113270655,201,order_input,benchmark,mock,InstrumentType.Spot,3847191305847374427,OrderType.Limit,Direction.Long,65000.14,616681904,False,Side.Sell,,65000.14,1653898000,BTC-USDT,TimeCondition.GTC,0.001
2837957847,4194834854,0,1783610796113644795,201,order_input,benchmark,mock,InstrumentType.Spot,3847191305847374428,OrderType.Limit,Direction.Long,64999.950000000004,616683440,False,Side.Buy,,64999.950000000004,1653898000,BTC-USDT,TimeCondition.GTC,0.001
2837957847,4194834854,0,1783610796113931561,201,order_input,benchmark,mock,InstrumentType.Spot,3847191305847374429,OrderType.Limit,Direction.Long,65000.159999999996,616684976,False,Side.Sell,,65000.159999999996,1653898000,BTC-USDT,TimeCondition.GTC,0.001
2837957847,4194834854,0,1783610796114239385,201,order_input,benchmark,mock,InstrumentType.Spot,3847191305847374430,OrderType.Limit,Direction.Long,64999.97,616686512,False,Side.Buy,,64999.97,1653898000,BTC-USDT,TimeCondition.GTC,0.001
2837957847,4194834854,0,1783610796114532482,201,order_input,benchmark,mock,InstrumentType.Spot,3847191305847374431,OrderType.Limit,Direction.Long,65000.18,616688048,False,Side.Sell,,65000.18,1653898000,BTC-USDT,TimeCondition.GTC,0.001
2837957847,4194834854,0,1783610796114777625,201,order_input,benchmark,mock,InstrumentType.Spot,3847191305847374432,OrderType.Limit,Direction.Long,64999.99,616689584,False,Side.Buy,,64999.99,1653898000,BTC-USDT,TimeCondition.GTC,0.001
2837957847,4194834854,0,1783610796115133603,201,order_input,benchmark,mock,InstrumentType.Spot,3847191305847374433,OrderType.Limit,Direction.Long,65000.2,616691120,False,Side.Sell,,65000.2,1653898000,BTC-USDT,TimeCondition.GTC,0.001
2837957847,4194834854,0,1783610796115506026,201,order_input,benchmark,mock,InstrumentType.Spot,3847191305847374434,OrderType.Limit,Direction.Long,65000.01,616692656,False,Side.Buy,,65000.01,1653898000,BTC-USDT,TimeCondition.GTC,0.001
2837957847,4194834854,0,1783610796115716632,201,order_input,benchmark,mock,InstrumentType.Spot,3847191305847374435,OrderType.Limit,Direction.Long,65000.22,616694192,False,Side.Sell,,65000.22,1653898000,BTC-USDT,TimeCondition.GTC,0.001
2837957847,4194834854,0,1783610796116032482,201,order_input,benchmark,mock,InstrumentType.Spot,3847191305847374436,OrderType.Limit,Direction.Long,65000.03,616695728,False,Side.Buy,,65000.03,1653898000,BTC-USDT,TimeCondition.GTC,0.001
2837957847,4194834854,0,1783610796116725456,201,order_input,benchmark,mock,InstrumentType.Spot,3847191305847374437,OrderType.Limit,Direction.Long,65000.24,616697264,False,Side.Sell,,65000.24,1653898000,BTC-USDT,TimeCondition.GTC,0.001
2837957847,4194834854,0,1783610796116758030,201,order_input,benchmark,mock,InstrumentType.Spot,3847191305847374438,OrderType.Limit,Direction.Long,65000.05,616698768,False,Side.Buy,,65000.05,1653898000,BTC-USDT,TimeCondition.GTC,0.001
2837957847,4194834854,0,1783610796116847934,201,order_input,benchmark,mock,InstrumentType.Spot,3847191305847374439,OrderType.Limit,Direction.Long,65000.26,616700336,False,Side.Sell,,65000.26,1653898000,BTC-USDT,TimeCondition.GTC,0.001
2837957847,4194834854,0,1783610796117200178,201,order_input,benchmark,mock,InstrumentType.Spot,3847191305847374440,OrderType.Limit,Direction.Long,65000.07,616701872,False,Side.Buy,,65000.07,1653898000,BTC-USDT,TimeCondition.GTC,0.001
2837957847,4194834854,0,1783610796117530109,201,order_input,benchmark,mock,InstrumentType.Spot,3847191305847374441,OrderType.Limit,Direction.Long,65000.28,616703408,False,Side.Sell,,65000.28,1653898000,BTC-USDT,TimeCondition.GTC,0.001
2837957847,4194834854,0,1783610796117867770,201,order_input,benchmark,mock,InstrumentType.Spot,3847191305847374442,OrderType.Limit,Direction.Long,65000.090000000004,616704944,False,Side.Buy,,65000.090000000004,1653898000,BTC-USDT,TimeCondition.GTC,0.001
2837957847,4194834854,0,1783610796118128832,201,order_input,benchmark,mock,InstrumentType.Spot,3847191305847374443,OrderType.Limit,Direction.Long,65000.299999999996,616706480,False,Side.Sell,,65000.299999999996,1653898000,BTC-USDT,TimeCondition.GTC,0.001
2837957847,4194834854,0,1783610796118441278,201,order_input,benchmark,mock,InstrumentType.Spot,3847191305847374444,OrderType.Limit,Direction.Long,65000.11,616708016,False,Side.Buy,,65000.11,1653898000,BTC-USDT,TimeCondition.GTC,0.001
2837957847,4194834854,0,1783610796118743743,201,order_input,benchmark,mock,InstrumentType.Spot,3847191305847374445,OrderType.Limit,Direction.Long,65000.32,616709552,False,Side.Sell,,65000.32,1653898000,BTC-USDT,TimeCondition.GTC,0.001
2837957847,4194834854,0,1783610796118987273,201,order_input,benchmark,mock,InstrumentType.Spot,3847191305847374446,OrderType.Limit,Direction.Long,65000.130000000005,616711088,False,Side.Buy,,65000.130000000005,1653898000,BTC-USDT,TimeCondition.GTC,0.001
2837957847,4194834854,0,1783610796119324045,201,order_input,benchmark,mock,InstrumentType.Spot,3847191305847374447,OrderType.Limit,Direction.Long,65000.34,616712624,False,Side.Sell,,65000.34,1653898000,BTC-USDT,TimeCondition.GTC,0.001
2837957847,4194834854,0,1783610796119629016,201,order_input,benchmark,mock,InstrumentType.Spot,3847191305847374448,OrderType.Limit,Direction.Long,65000.15,616714160,False,Side.Buy,,65000.15,1653898000,BTC-USDT,TimeCondition.GTC,0.001
2837957847,4194834854,0,1783610796119926620,201,order_input,benchmark,mock,InstrumentType.Spot,3847191305847374449,OrderType.Limit,Direction.Long,65000.36,616715696,False,Side.Sell,,65000.36,1653898000,BTC-USDT,TimeCondition.GTC,0.001
2837957847,4194834854,0,1783610796120230044,201,order_input,benchmark,mock,InstrumentType.Spot,3847191305847374450,OrderType.Limit,Direction.Long,65000.17,616717232,False,Side.Buy,,65000.17,1653898000,BTC-USDT,TimeCondition.GTC,0.001
2837957847,4194834854,0,1783610796120522031,201,order_input,benchmark,mock,InstrumentType.Spot,3847191305847374451,OrderType.Limit,Direction.Long,65000.38,616718768,False,Side.Sell,,65000.38,1653898000,BTC-USDT,TimeCondition.GTC,0.001
2837957847,4194834854,0,1783610796120826344,201,order_input,benchmark,mock,InstrumentType.Spot,3847191305847374452,OrderType.Limit,Direction.Long,65000.19,616720304,False,Side.Buy,,65000.19,1653898000,BTC-USDT,TimeCondition.GTC,0.001
2837957847,4194834854,0,1783610796121408845,201,order_input,benchmark,mock,InstrumentType.Spot,3847191305847374453,OrderType.Limit,Direction.Long,65000.4,616721840,False,Side.Sell,,65000.4,1653898000,BTC-USDT,TimeCondition.GTC,0.001
2837957847,4194834854,0,1783610796121491691,201,order_input,benchmark,mock,InstrumentType.Spot,3847191305847374454,OrderType.Limit,Direction.Long,65000.21,616723376,False,Side.Buy,,65000.21,1653898000,BTC-USDT,TimeCondition.GTC,0.001
2837957847,4194834854,0,1783610796121666530,201,order_input,benchmark,mock,InstrumentType.Spot,3847191305847374455,OrderType.Limit,Direction.Long,65000.42,616724912,False,Side.Sell,,65000.42,1653898000,BTC-USDT,TimeCondition.GTC,0.001
2837957847,4194834854,0,1783610796122039771,201,order_input,benchmark,mock,InstrumentType.Spot,3847191305847374456,OrderType.Limit,Direction.Long,65000.23,616726448,False,Side.Buy,,65000.23,1653898000,BTC-USDT,TimeCondition.GTC,0.001
2837957847,4194834854,0,1783610796122334371,201,order_input,benchmark,mock,InstrumentType.Spot,3847191305847374457,OrderType.Limit,Direction.Long,65000.439999999995,616727984,False,Side.Sell,,65000.439999999995,1653898000,BTC-USDT,TimeCondition.GTC,0.001
2837957847,4194834854,0,1783610796122633752,201,order_input,benchmark,mock,InstrumentType.Spot,3847191305847374458,OrderType.Limit,Direction.Long,65000.25,616729520,False,Side.Buy,,65000.25,1653898000,BTC-USDT,TimeCondition.GTC,0.001
2837957847,4194834854,0,1783610796122948818,201,order_input,benchmark,mock,InstrumentType.Spot,3847191305847374459,OrderType.Limit,Direction.Long,65000.46,616731056,False,Side.Sell,,65000.46,1653898000,BTC-USDT,TimeCondition.GTC,0.001
2837957847,4194834854,0,1783610796123206377,201,order_input,benchmark,mock,InstrumentType.Spot,3847191305847374460,OrderType.Limit,Direction.Long,65000.270000000004,616732592,False,Side.Buy,,65000.270000000004,1653898000,BTC-USDT,TimeCondition.GTC,0.001
2837957847,4194834854,0,1783610796123532858,201,order_input,benchmark,mock,InstrumentType.Spot,3847191305847374461,OrderType.Limit,Direction.Long,65000.479999999996,616734128,False,Side.Sell,,65000.479999999996,1653898000,BTC-USDT,TimeCondition.GTC,0.001
2837957847,4194834854,0,1783610796123824834,201,order_input,benchmark,mock,InstrumentType.Spot,3847191305847374462,OrderType.Limit,Direction.Long,65000.29,616735664,False,Side.Buy,,65000.29,1653898000,BTC-USDT,TimeCondition.GTC,0.001
2837957847,4194834854,0,1783610796124139700,201,order_input,benchmark,mock,InstrumentType.Spot,3847191305847374463,OrderType.Limit,Direction.Long,65000.5,616737200,False,Side.Sell,,65000.5,1653898000,BTC-USDT,TimeCondition.GTC,0.001
2837957847,4194834854,0,1783610796124374711,201,order_input,benchmark,mock,InstrumentType.Spot,3847191305847374464,OrderType.Limit,Direction.Long,65000.310000000005,616738736,False,Side.Buy,,65000.310000000005,1653898000,BTC-USDT,TimeCondition.GTC,0.001
2837957847,4194834854,0,1783610796124731879,201,order_input,benchmark,mock,InstrumentType.Spot,3847191305847374465,OrderType.Limit,Direction.Long,65000.52,616740272,False,Side.Sell,,65000.52,1653898000,BTC-USDT,TimeCondition.GTC,0.001
2837957847,4194834854,0,1783610796125038287,201,order_input,benchmark,mock,InstrumentType.Spot,3847191305847374466,OrderType.Limit,Direction.Long,65000.33,616741808,False,Side.Buy,,65000.33,1653898000,BTC-USDT,TimeCondition.GTC,0.001
2837957847,4194834854,0,1783610796125330110,201,order_input,benchmark,mock,InstrumentType.Spot,3847191305847374467,OrderType.Limit,Direction.Long,65000.54,616743344,False,Side.Sell,,65000.54,1653898000,BTC-USDT,TimeCondition.GTC,0.001
2837957847,4194834854,0,1783610796125627383,201,order_input,benchmark,mock,InstrumentType.Spot,3847191305847374468,OrderType.Limit,Direction.Long,65000.35,616744880,False,Side.Buy,,65000.35,1653898000,BTC-USDT,TimeCondition.GTC,0.001
2837957847,4194834854,0,1783610796125936340,201,order_input,benchmark,mock,InstrumentType.Spot,3847191305847374469,OrderType.Limit,Direction.Long,65000.56,616746416,False,Side.Sell,,65000.56,1653898000,BTC-USDT,TimeCondition.GTC,0.001
2837957847,4194834854,0,1783610796126186005,201,order_input,benchmark,mock,InstrumentType.Spot,3847191305847374470,OrderType.Limit,Direction.Long,65000.37,616747952,False,Side.Buy,,65000.37,1653898000,BTC-USDT,TimeCondition.GTC,0.001
2837957847,4194834854,0,1783610796126531971,201,order_input,benchmark,mock,InstrumentType.Spot,3847191305847374471,OrderType.Limit,Direction.Long,65000.58,616749488,False,Side.Sell,,65000.58,1653898000,BTC-USDT,TimeCondition.GTC,0.001
2837957847,4194834854,0,1783610796126828588,201,order_input,benchmark,mock,InstrumentType.Spot,3847191305847374472,OrderType.Limit,Direction.Long,65000.39,616751024,False,Side.Buy,,65000.39,1653898000,BTC-USDT,TimeCondition.GTC,0.001
2837957847,4194834854,0,1783610796127142253,201,order_input,benchmark,mock,InstrumentType.Spot,3847191305847374473,OrderType.Limit,Direction.Long,65000.6,616752560,False,Side.Sell,,65000.6,1653898000,BTC-USDT,TimeCondition.GTC,0.001
2837957847,4194834854,0,1783610796127499803,201,order_input,benchmark,mock,InstrumentType.Spot,3847191305847374474,OrderType.Limit,Direction.Long,65000.41,616754096,False,Side.Buy,,65000.41,1653898000,BTC-USDT,TimeCondition.GTC,0.001
2837957847,4194834854,0,1783610796127739615,201,order_input,benchmark,mock,InstrumentType.Spot,3847191305847374475,OrderType.Limit,Direction.Long,65000.619999999995,616755632,False,Side.Sell,,65000.619999999995,1653898000,BTC-USDT,TimeCondition.GTC,0.001
2837957847,4194834854,0,1783610796128086158,201,order_input,benchmark,mock,InstrumentType.Spot,3847191305847374476,OrderType.Limit,Direction.Long,65000.43,616757168,False,Side.Buy,,65000.43,1653898000,BTC-USDT,TimeCondition.GTC,0.001
2837957847,4194834854,0,1783610796128366444,201,order_input,benchmark,mock,InstrumentType.Spot,3847191305847374477,OrderType.Limit,Direction.Long,65000.64,616758704,False,Side.Sell,,65000.64,1653898000,BTC-USDT,TimeCondition.GTC,0.001
2837957847,4194834854,0,1783610796128595419,201,order_input,benchmark,mock,InstrumentType.Spot,3847191305847374478,OrderType.Limit,Direction.Long,65000.450000000004,616760240,False,Side.Buy,,65000.450000000004,1653898000,BTC-USDT,TimeCondition.GTC,0.001
2837957847,4194834854,0,1783610796128951280,201,order_input,benchmark,mock,InstrumentType.Spot,3847191305847374479,OrderType.Limit,Direction.Long,65000.659999999996,616761776,False,Side.Sell,,65000.659999999996,1653898000,BTC-USDT,TimeCondition.GTC,0.001
2837957847,4194834854,0,1783610796129220568,201,order_input,benchmark,mock,InstrumentType.Spot,3847191305847374480,OrderType.Limit,Direction.Long,65000.47,616763312,False,Side.Buy,,65000.47,1653898000,BTC-USDT,TimeCondition.GTC,0.001
2837957847,4194834854,0,1783610796129450390,201,order_input,benchmark,mock,InstrumentType.Spot,3847191305847374481,OrderType.Limit,Direction.Long,65000.68,616764848,False,Side.Sell,,65000.68,1653898000,BTC-USDT,TimeCondition.GTC,0.001
2837957847,4194834854,0,1783610796129800383,201,order_input,benchmark,mock,InstrumentType.Spot,3847191305847374482,OrderType.Limit,Direction.Long,65000.49,616766384,False,Side.Buy,,65000.49,1653898000,BTC-USDT,TimeCondition.GTC,0.001
2837957847,4194834854,0,1783610796130118602,201,order_input,benchmark,mock,InstrumentType.Spot,3847191305847374483,OrderType.Limit,Direction.Long,65000.7,616767920,False,Side.Sell,,65000.7,1653898000,BTC-USDT,TimeCondition.GTC,0.001
2837957847,4194834854,0,1783610796130457868,201,order_input,benchmark,mock,InstrumentType.Spot,3847191305847374484,OrderType.Limit,Direction.Long,65000.51,616769456,False,Side.Buy,,65000.51,1653898000,BTC-USDT,TimeCondition.GTC,0.001
2837957847,4194834854,0,1783610796130729239,201,order_input,benchmark,mock,InstrumentType.Spot,3847191305847374485,OrderType.Limit,Direction.Long,65000.72,616770992,False,Side.Sell,,65000.72,1653898000,BTC-USDT,TimeCondition.GTC,0.001
2837957847,4194834854,0,1783610796130948752,201,order_input,benchmark,mock,InstrumentType.Spot,3847191305847374486,OrderType.Limit,Direction.Long,65000.53,616772528,False,Side.Buy,,65000.53,1653898000,BTC-USDT,TimeCondition.GTC,0.001
2837957847,4194834854,0,1783610796131352980,201,order_input,benchmark,mock,InstrumentType.Spot,3847191305847374487,OrderType.Limit,Direction.Long,65000.74,616774064,False,Side.Sell,,65000.74,1653898000,BTC-USDT,TimeCondition.GTC,0.001
2837957847,4194834854,0,1783610796131624160,201,order_input,benchmark,mock,InstrumentType.Spot,3847191305847374488,OrderType.Limit,Direction.Long,65000.55,616775600,False,Side.Buy,,65000.55,1653898000,BTC-USDT,TimeCondition.GTC,0.001
2837957847,4194834854,0,1783610796131859870,201,order_input,benchmark,mock,InstrumentType.Spot,3847191305847374489,OrderType.Limit,Direction.Long,65000.76,616777136,False,Side.Sell,,65000.76,1653898000,BTC-USDT,TimeCondition.GTC,0.001
2837957847,4194834854,0,1783610796132242539,201,order_input,benchmark,mock,InstrumentType.Spot,3847191305847374490,OrderType.Limit,Direction.Long,65000.57,616778672,False,Side.Buy,,65000.57,1653898000,BTC-USDT,TimeCondition.GTC,0.001
2837957847,4194834854,0,1783610796132492068,201,order_input,benchmark,mock,InstrumentType.Spot,3847191305847374491,OrderType.Limit,Direction.Long,65000.78,616780208,False,Side.Sell,,65000.78,1653898000,BTC-USDT,TimeCondition.GTC,0.001
2837957847,4194834854,0,1783610796132854720,201,order_input,benchmark,mock,InstrumentType.Spot,3847191305847374492,OrderType.Limit,Direction.Long,65000.590000000004,616781744,False,Side.Buy,,65000.590000000004,1653898000,BTC-USDT,TimeCondition.GTC,0.001
2837957847,4194834854,0,1783610796133113866,201,order_input,benchmark,mock,InstrumentType.Spot,3847191305847374493,OrderType.Limit,Direction.Long,65000.799999999996,616783280,False,Side.Sell,,65000.799999999996,1653898000,BTC-USDT,TimeCondition.GTC,0.001
2837957847,4194834854,0,1783610796133485765,201,order_input,benchmark,mock,InstrumentType.Spot,3847191305847374494,OrderType.Limit,Direction.Long,65000.61,616784816,False,Side.Buy,,65000.61,1653898000,BTC-USDT,TimeCondition.GTC,0.001
2837957847,4194834854,0,1783610796133803101,201,order_input,benchmark,mock,InstrumentType.Spot,3847191305847374495,OrderType.Limit,Direction.Long,65000.82,616786352,False,Side.Sell,,65000.82,1653898000,BTC-USDT,TimeCondition.GTC,0.001
2837957847,4194834854,0,1783610796134054848,201,order_input,benchmark,mock,InstrumentType.Spot,3847191305847374496,OrderType.Limit,Direction.Long,65000.630000000005,616787888,False,Side.Buy,,65000.630000000005,1653898000,BTC-USDT,TimeCondition.GTC,0.001
2837957847,4194834854,0,1783610796134279909,201,order_input,benchmark,mock,InstrumentType.Spot,3847191305847374497,OrderType.Limit,Direction.Long,65000.84,616665904,False,Side.Sell,,65000.84,1653898000,BTC-USDT,TimeCondition.GTC,0.001
2837957847,4194834854,0,1783610796134661640,201,order_input,benchmark,mock,InstrumentType.Spot,3847191305847374498,OrderType.Limit,Direction.Long,65000.65,616667440,False,Side.Buy,,65000.65,1653898000,BTC-USDT,TimeCondition.GTC,0.001
2837957847,4194834854,0,1783610796134952565,201,order_input,benchmark,mock,InstrumentType.Spot,3847191305847374499,OrderType.Limit,Direction.Long,65000.86,616668976,False,Side.Sell,,65000.86,1653898000,BTC-USDT,TimeCondition.GTC,0.001
2837957847,4194834854,0,1783610796135203733,201,order_input,benchmark,mock,InstrumentType.Spot,3847191305847374500,OrderType.Limit,Direction.Long,65000.67,616670512,False,Side.Buy,,65000.67,1653898000,BTC-USDT,TimeCondition.GTC,0.001
2837957847,4194834854,0,1783610796135574418,201,order_input,benchmark,mock,InstrumentType.Spot,3847191305847374501,OrderType.Limit,Direction.Long,65000.88,616796272,False,Side.Sell,,65000.88,1653898000,BTC-USDT,TimeCondition.GTC,0.001
2837957847,4194834854,0,1783610796135872285,201,order_input,benchmark,mock,InstrumentType.Spot,3847191305847374502,OrderType.Limit,Direction.Long,65000.69,616797808,False,Side.Buy,,65000.69,1653898000,BTC-USDT,TimeCondition.GTC,0.001
2837957847,4194834854,0,1783610796136127989,201,order_input,benchmark,mock,InstrumentType.Spot,3847191305847374503,OrderType.Limit,Direction.Long,65000.9,616799344,False,Side.Sell,,65000.9,1653898000,BTC-USDT,TimeCondition.GTC,0.001
2837957847,4194834854,0,1783610796136459685,201,order_input,benchmark,mock,InstrumentType.Spot,3847191305847374504,OrderType.Limit,Direction.Long,65000.71,616800880,False,Side.Buy,,65000.71,1653898000,BTC-USDT,TimeCondition.GTC,0.001
2837957847,4194834854,0,1783610796136758856,201,order_input,benchmark,mock,InstrumentType.Spot,3847191305847374505,OrderType.Limit,Direction.Long,65000.92,616802416,False,Side.Sell,,65000.92,1653898000,BTC-USDT,TimeCondition.GTC,0.001
2837957847,4194834854,0,1783610796137046096,201,order_input,benchmark,mock,InstrumentType.Spot,3847191305847374506,OrderType.Limit,Direction.Long,65000.73,616803952,False,Side.Buy,,65000.73,1653898000,BTC-USDT,TimeCondition.GTC,0.001
2837957847,4194834854,0,1783610796137432180,201,order_input,benchmark,mock,InstrumentType.Spot,3847191305847374507,OrderType.Limit,Direction.Long,65000.939999999995,616805488,False,Side.Sell,,65000.939999999995,1653898000,BTC-USDT,TimeCondition.GTC,0.001
2837957847,4194834854,0,1783610796137554093,201,order_input,benchmark,mock,InstrumentType.Spot,3847191305847374508,OrderType.Limit,Direction.Long,65000.75,616807024,False,Side.Buy,,65000.75,1653898000,BTC-USDT,TimeCondition.GTC,0.001
2837957847,4194834854,0,1783610796137848790,201,order_input,benchmark,mock,InstrumentType.Spot,3847191305847374509,OrderType.Limit,Direction.Long,65000.96,616808560,False,Side.Sell,,65000.96,1653898000,BTC-USDT,TimeCondition.GTC,0.001
2837957847,4194834854,0,1783610796138249828,201,order_input,benchmark,mock,InstrumentType.Spot,3847191305847374510,OrderType.Limit,Direction.Long,65000.770000000004,616810096,False,Side.Buy,,65000.770000000004,1653898000,BTC-USDT,TimeCondition.GTC,0.001
2837957847,4194834854,0,1783610796138459555,201,order_input,benchmark,mock,InstrumentType.Spot,3847191305847374511,OrderType.Limit,Direction.Long,65000.979999999996,616811632,False,Side.Sell,,65000.979999999996,1653898000,BTC-USDT,TimeCondition.GTC,0.001
2837957847,4194834854,0,1783610796138841181,201,order_input,benchmark,mock,InstrumentType.Spot,3847191305847374512,OrderType.Limit,Direction.Long,65000.79,616813168,False,Side.Buy,,65000.79,1653898000,BTC-USDT,TimeCondition.GTC,0.001
2837957847,4194834854,0,1783610796139155602,201,order_input,benchmark,mock,InstrumentType.Spot,3847191305847374513,OrderType.Limit,Direction.Long,65001.0,616814704,False,Side.Sell,,65001.0,1653898000,BTC-USDT,TimeCondition.GTC,0.001
2837957847,4194834854,0,1783610796139421732,201,order_input,benchmark,mock,InstrumentType.Spot,3847191305847374514,OrderType.Limit,Direction.Long,65000.810000000005,616816240,False,Side.Buy,,65000.810000000005,1653898000,BTC-USDT,TimeCondition.GTC,0.001
2837957847,4194834854,0,1783610796139748762,201,order_input,benchmark,mock,InstrumentType.Spot,3847191305847374515,OrderType.Limit,Direction.Long,65001.02,616817776,False,Side.Sell,,65001.02,1653898000,BTC-USDT,TimeCondition.GTC,0.001
2837957847,4194834854,0,1783610796140052897,201,order_input,benchmark,mock,InstrumentType.Spot,3847191305847374516,OrderType.Limit,Direction.Long,65000.83,616819312,False,Side.Buy,,65000.83,1653898000,BTC-USDT,TimeCondition.GTC,0.001
2837957847,4194834854,0,1783610796140345479,201,order_input,benchmark,mock,InstrumentType.Spot,3847191305847374517,OrderType.Limit,Direction.Long,65001.04,616820848,False,Side.Sell,,65001.04,1653898000,BTC-USDT,TimeCondition.GTC,0.001
2837957847,4194834854,0,1783610796140642198,201,order_input,benchmark,mock,InstrumentType.Spot,3847191305847374518,OrderType.Limit,Direction.Long,65000.85,616822384,False,Side.Buy,,65000.85,1653898000,BTC-USDT,TimeCondition.GTC,0.001
2837957847,4194834854,0,1783610796140958156,201,order_input,benchmark,mock,InstrumentType.Spot,3847191305847374519,OrderType.Limit,Direction.Long,65001.06,616823920,False,Side.Sell,,65001.06,1653898000,BTC-USDT,TimeCondition.GTC,0.001
2837957847,4194834854,0,1783610796141315553,201,order_input,benchmark,mock,InstrumentType.Spot,3847191305847374520,OrderType.Limit,Direction.Long,65000.87,616825456,False,Side.Buy,,65000.87,1653898000,BTC-USDT,TimeCondition.GTC,0.001
2837957847,4194834854,0,1783610796141492441,201,order_input,benchmark,mock,InstrumentType.Spot,3847191305847374521,OrderType.Limit,Direction.Long,65001.08,616826992,False,Side.Sell,,65001.08,1653898000,BTC-USDT,TimeCondition.GTC,0.001
2837957847,4194834854,0,1783610796141747686,201,order_input,benchmark,mock,InstrumentType.Spot,3847191305847374522,OrderType.Limit,Direction.Long,65000.89,616828528,False,Side.Buy,,65000.89,1653898000,BTC-USDT,TimeCondition.GTC,0.001
2837957847,4194834854,0,1783610796142171461,201,order_input,benchmark,mock,InstrumentType.Spot,3847191305847374523,OrderType.Limit,Direction.Long,65000.1,616830064,False,Side.Sell,,65000.1,1653898000,BTC-USDT,TimeCondition.GTC,0.001
2837957847,4194834854,0,1783610796142445978,201,order_input,benchmark,mock,InstrumentType.Spot,3847191305847374524,OrderType.Limit,Direction.Long,64999.91,616831600,False,Side.Buy,,64999.91,1653898000,BTC-USDT,TimeCondition.GTC,0.001
2837957847,4194834854,0,1783610796142698793,201,order_input,benchmark,mock,InstrumentType.Spot,3847191305847374525,OrderType.Limit,Direction.Long,65000.119999999995,616833136,False,Side.Sell,,65000.119999999995,1653898000,BTC-USDT,TimeCondition.GTC,0.001
2837957847,4194834854,0,1783610796143007503,201,order_input,benchmark,mock,InstrumentType.Spot,3847191305847374526,OrderType.Limit,Direction.Long,64999.93,616834672,False,Side.Buy,,64999.93,1653898000,BTC-USDT,TimeCondition.GTC,0.001
2837957847,4194834854,0,1783610796143374865,201,order_input,benchmark,mock,InstrumentType.Spot,3847191305847374527,OrderType.Limit,Direction.Long,65000.14,616836208,False,Side.Sell,,65000.14,1653898000,BTC-USDT,TimeCondition.GTC,0.001
2837957847,4194834854,0,1783610796143698043,201,order_input,benchmark,mock,InstrumentType.Spot,3847191305847374528,OrderType.Limit,Direction.Long,64999.950000000004,616837744,False,Side.Buy,,64999.950000000004,1653898000,BTC-USDT,TimeCondition.GTC,0.001
2837957847,4194834854,0,1783610796143986548,201,order_input,benchmark,mock,InstrumentType.Spot,3847191305847374529,OrderType.Limit,Direction.Long,65000.159999999996,616839280,False,Side.Sell,,65000.159999999996,1653898000,BTC-USDT,TimeCondition.GTC,0.001
2837957847,4194834854,0,1783610796144189046,201,order_input,benchmark,mock,InstrumentType.Spot,3847191305847374530,OrderType.Limit,Direction.Long,64999.97,616840816,False,Side.Buy,,64999.97,1653898000,BTC-USDT,TimeCondition.GTC,0.001
2837957847,4194834854,0,1783610796144462075,201,order_input,benchmark,mock,InstrumentType.Spot,3847191305847374531,OrderType.Limit,Direction.Long,65000.18,616842352,False,Side.Sell,,65000.18,1653898000,BTC-USDT,TimeCondition.GTC,0.001
2837957847,4194834854,0,1783610796144784560,201,order_input,benchmark,mock,InstrumentType.Spot,3847191305847374532,OrderType.Limit,Direction.Long,64999.99,616843888,False,Side.Buy,,64999.99,1653898000,BTC-USDT,TimeCondition.GTC,0.001
2837957847,4194834854,0,1783610796145062085,201,order_input,benchmark,mock,InstrumentType.Spot,3847191305847374533,OrderType.Limit,Direction.Long,65000.2,616845424,False,Side.Sell,,65000.2,1653898000,BTC-USDT,TimeCondition.GTC,0.001
2837957847,4194834854,0,1783610796145446213,201,order_input,benchmark,mock,InstrumentType.Spot,3847191305847374534,OrderType.Limit,Direction.Long,65000.01,616846960,False,Side.Buy,,65000.01,1653898000,BTC-USDT,TimeCondition.GTC,0.001
2837957847,4194834854,0,1783610796145647409,201,order_input,benchmark,mock,InstrumentType.Spot,3847191305847374535,OrderType.Limit,Direction.Long,65000.22,616848496,False,Side.Sell,,65000.22,1653898000,BTC-USDT,TimeCondition.GTC,0.001
2837957847,4194834854,0,1783610796146513913,201,order_input,benchmark,mock,InstrumentType.Spot,3847191305847374536,OrderType.Limit,Direction.Long,65000.03,616850032,False,Side.Buy,,65000.03,1653898000,BTC-USDT,TimeCondition.GTC,0.001
2837957847,4194834854,0,1783610796146540003,201,order_input,benchmark,mock,InstrumentType.Spot,3847191305847374537,OrderType.Limit,Direction.Long,65000.24,616851568,False,Side.Sell,,65000.24,1653898000,BTC-USDT,TimeCondition.GTC,0.001
2837957847,4194834854,0,1783610796146563128,201,order_input,benchmark,mock,InstrumentType.Spot,3847191305847374538,OrderType.Limit,Direction.Long,65000.05,616853072,False,Side.Buy,,65000.05,1653898000,BTC-USDT,TimeCondition.GTC,0.001
2837957847,4194834854,0,1783610796146921508,201,order_input,benchmark,mock,InstrumentType.Spot,3847191305847374539,OrderType.Limit,Direction.Long,65000.26,616854640,False,Side.Sell,,65000.26,1653898000,BTC-USDT,TimeCondition.GTC,0.001
2837957847,4194834854,0,1783610796147508165,201,order_input,benchmark,mock,InstrumentType.Spot,3847191305847374540,OrderType.Limit,Direction.Long,65000.07,616856176,False,Side.Buy,,65000.07,1653898000,BTC-USDT,TimeCondition.GTC,0.001
2837957847,4194834854,0,1783610796147723232,201,order_input,benchmark,mock,InstrumentType.Spot,3847191305847374541,OrderType.Limit,Direction.Long,65000.28,616857712,False,Side.Sell,,65000.28,1653898000,BTC-USDT,TimeCondition.GTC,0.001
2837957847,4194834854,0,1783610796147838942,201,order_input,benchmark,mock,InstrumentType.Spot,3847191305847374542,OrderType.Limit,Direction.Long,65000.090000000004,616859248,False,Side.Buy,,65000.090000000004,1653898000,BTC-USDT,TimeCondition.GTC,0.001
2837957847,4194834854,0,1783610796148099687,201,order_input,benchmark,mock,InstrumentType.Spot,3847191305847374543,OrderType.Limit,Direction.Long,65000.299999999996,616860784,False,Side.Sell,,65000.299999999996,1653898000,BTC-USDT,TimeCondition.GTC,0.001
2837957847,4194834854,0,1783610796148450664,201,order_input,benchmark,mock,InstrumentType.Spot,3847191305847374544,OrderType.Limit,Direction.Long,65000.11,616862320,False,Side.Buy,,65000.11,1653898000,BTC-USDT,TimeCondition.GTC,0.001
2837957847,4194834854,0,1783610796148811911,201,order_input,benchmark,mock,InstrumentType.Spot,3847191305847374545,OrderType.Limit,Direction.Long,65000.32,616863856,False,Side.Sell,,65000.32,1653898000,BTC-USDT,TimeCondition.GTC,0.001
2837957847,4194834854,0,1783610796148993913,201,order_input,benchmark,mock,InstrumentType.Spot,3847191305847374546,OrderType.Limit,Direction.Long,65000.130000000005,616865392,False,Side.Buy,,65000.130000000005,1653898000,BTC-USDT,TimeCondition.GTC,0.001
2837957847,4194834854,0,1783610796149337219,201,order_input,benchmark,mock,InstrumentType.Spot,3847191305847374547,OrderType.Limit,Direction.Long,65000.34,616866928,False,Side.Sell,,65000.34,1653898000,BTC-USDT,TimeCondition.GTC,0.001
2837957847,4194834854,0,1783610796149553045,201,order_input,benchmark,mock,InstrumentType.Spot,3847191305847374548,OrderType.Limit,Direction.Long,65000.15,616868464,False,Side.Buy,,65000.15,1653898000,BTC-USDT,TimeCondition.GTC,0.001
2837957847,4194834854,0,1783610796149954474,201,order_input,benchmark,mock,InstrumentType.Spot,3847191305847374549,OrderType.Limit,Direction.Long,65000.36,616870000,False,Side.Sell,,65000.36,1653898000,BTC-USDT,TimeCondition.GTC,0.001
2837957847,4194834854,0,1783610796150164749,201,order_input,benchmark,mock,InstrumentType.Spot,3847191305847374550,OrderType.Limit,Direction.Long,65000.17,616871536,False,Side.Buy,,65000.17,1653898000,BTC-USDT,TimeCondition.GTC,0.001
2837957847,4194834854,0,1783610796150636346,201,order_input,benchmark,mock,InstrumentType.Spot,3847191305847374551,OrderType.Limit,Direction.Long,65000.38,616873072,False,Side.Sell,,65000.38,1653898000,BTC-USDT,TimeCondition.GTC,0.001
2837957847,4194834854,0,1783610796150809909,201,order_input,benchmark,mock,InstrumentType.Spot,3847191305847374552,OrderType.Limit,Direction.Long,65000.19,616874608,False,Side.Buy,,65000.19,1653898000,BTC-USDT,TimeCondition.GTC,0.001
2837957847,4194834854,0,1783610796151162101,201,order_input,benchmark,mock,InstrumentType.Spot,3847191305847374553,OrderType.Limit,Direction.Long,65000.4,616876144,False,Side.Sell,,65000.4,1653898000,BTC-USDT,TimeCondition.GTC,0.001
2837957847,4194834854,0,1783610796151412183,201,order_input,benchmark,mock,InstrumentType.Spot,3847191305847374554,OrderType.Limit,Direction.Long,65000.21,616877680,False,Side.Buy,,65000.21,1653898000,BTC-USDT,TimeCondition.GTC,0.001
2837957847,4194834854,0,1783610796151651635,201,order_input,benchmark,mock,InstrumentType.Spot,3847191305847374555,OrderType.Limit,Direction.Long,65000.42,616879216,False,Side.Sell,,65000.42,1653898000,BTC-USDT,TimeCondition.GTC,0.001
2837957847,4194834854,0,1783610796151979912,201,order_input,benchmark,mock,InstrumentType.Spot,3847191305847374556,OrderType.Limit,Direction.Long,65000.23,616880752,False,Side.Buy,,65000.23,1653898000,BTC-USDT,TimeCondition.GTC,0.001
2837957847,4194834854,0,1783610796152283710,201,order_input,benchmark,mock,InstrumentType.Spot,3847191305847374557,OrderType.Limit,Direction.Long,65000.439999999995,616882288,False,Side.Sell,,65000.439999999995,1653898000,BTC-USDT,TimeCondition.GTC,0.001
2837957847,4194834854,0,1783610796152646870,201,order_input,benchmark,mock,InstrumentType.Spot,3847191305847374558,OrderType.Limit,Direction.Long,65000.25,616883824,False,Side.Buy,,65000.25,1653898000,BTC-USDT,TimeCondition.GTC,0.001
2837957847,4194834854,0,1783610796153009673,201,order_input,benchmark,mock,InstrumentType.Spot,3847191305847374559,OrderType.Limit,Direction.Long,65000.46,616885360,False,Side.Sell,,65000.46,1653898000,BTC-USDT,TimeCondition.GTC,0.001
2837957847,4194834854,0,1783610796153215970,201,order_input,benchmark,mock,InstrumentType.Spot,3847191305847374560,OrderType.Limit,Direction.Long,65000.270000000004,616886896,False,Side.Buy,,65000.270000000004,1653898000,BTC-USDT,TimeCondition.GTC,0.001
2837957847,4194834854,0,1783610796153443963,201,order_input,benchmark,mock,InstrumentType.Spot,3847191305847374561,OrderType.Limit,Direction.Long,65000.479999999996,616888432,False,Side.Sell,,65000.479999999996,1653898000,BTC-USDT,TimeCondition.GTC,0.001
2837957847,4194834854,0,1783610796153834420,201,order_input,benchmark,mock,InstrumentType.Spot,3847191305847374562,OrderType.Limit,Direction.Long,65000.29,616889968,False,Side.Buy,,65000.29,1653898000,BTC-USDT,TimeCondition.GTC,0.001
2837957847,4194834854,0,1783610796154048063,201,order_input,benchmark,mock,InstrumentType.Spot,3847191305847374563,OrderType.Limit,Direction.Long,65000.5,616891504,False,Side.Sell,,65000.5,1653898000,BTC-USDT,TimeCondition.GTC,0.001
2837957847,4194834854,0,1783610796154431911,201,order_input,benchmark,mock,InstrumentType.Spot,3847191305847374564,OrderType.Limit,Direction.Long,65000.310000000005,616893040,False,Side.Buy,,65000.310000000005,1653898000,BTC-USDT,TimeCondition.GTC,0.001
2837957847,4194834854,0,1783610796154733366,201,order_input,benchmark,mock,InstrumentType.Spot,3847191305847374565,OrderType.Limit,Direction.Long,65000.52,616894576,False,Side.Sell,,65000.52,1653898000,BTC-USDT,TimeCondition.GTC,0.001
2837957847,4194834854,0,1783610796155036778,201,order_input,benchmark,mock,InstrumentType.Spot,3847191305847374566,OrderType.Limit,Direction.Long,65000.33,616896112,False,Side.Buy,,65000.33,1653898000,BTC-USDT,TimeCondition.GTC,0.001
2837957847,4194834854,0,1783610796155332904,201,order_input,benchmark,mock,InstrumentType.Spot,3847191305847374567,OrderType.Limit,Direction.Long,65000.54,616897648,False,Side.Sell,,65000.54,1653898000,BTC-USDT,TimeCondition.GTC,0.001
2837957847,4194834854,0,1783610796155639675,201,order_input,benchmark,mock,InstrumentType.Spot,3847191305847374568,OrderType.Limit,Direction.Long,65000.35,616899184,False,Side.Buy,,65000.35,1653898000,BTC-USDT,TimeCondition.GTC,0.001
2837957847,4194834854,0,1783610796155935654,201,order_input,benchmark,mock,InstrumentType.Spot,3847191305847374569,OrderType.Limit,Direction.Long,65000.56,616900720,False,Side.Sell,,65000.56,1653898000,BTC-USDT,TimeCondition.GTC,0.001
2837957847,4194834854,0,1783610796156147311,201,order_input,benchmark,mock,InstrumentType.Spot,3847191305847374570,OrderType.Limit,Direction.Long,65000.37,616902256,False,Side.Buy,,65000.37,1653898000,BTC-USDT,TimeCondition.GTC,0.001
2837957847,4194834854,0,1783610796156529983,201,order_input,benchmark,mock,InstrumentType.Spot,3847191305847374571,OrderType.Limit,Direction.Long,65000.58,616903792,False,Side.Sell,,65000.58,1653898000,BTC-USDT,TimeCondition.GTC,0.001
2837957847,4194834854,0,1783610796156833010,201,order_input,benchmark,mock,InstrumentType.Spot,3847191305847374572,OrderType.Limit,Direction.Long,65000.39,616905328,False,Side.Buy,,65000.39,1653898000,BTC-USDT,TimeCondition.GTC,0.001
2837957847,4194834854,0,1783610796157133722,201,order_input,benchmark,mock,InstrumentType.Spot,3847191305847374573,OrderType.Limit,Direction.Long,65000.6,616906864,False,Side.Sell,,65000.6,1653898000,BTC-USDT,TimeCondition.GTC,0.001
2837957847,4194834854,0,1783610796157434211,201,order_input,benchmark,mock,InstrumentType.Spot,3847191305847374574,OrderType.Limit,Direction.Long,65000.41,616908400,False,Side.Buy,,65000.41,1653898000,BTC-USDT,TimeCondition.GTC,0.001
2837957847,4194834854,0,1783610796157732979,201,order_input,benchmark,mock,InstrumentType.Spot,3847191305847374575,OrderType.Limit,Direction.Long,65000.619999999995,616909936,False,Side.Sell,,65000.619999999995,1653898000,BTC-USDT,TimeCondition.GTC,0.001
2837957847,4194834854,0,1783610796158134424,201,order_input,benchmark,mock,InstrumentType.Spot,3847191305847374576,OrderType.Limit,Direction.Long,65000.43,616911472,False,Side.Buy,,65000.43,1653898000,BTC-USDT,TimeCondition.GTC,0.001
2837957847,4194834854,0,1783610796158253987,201,order_input,benchmark,mock,InstrumentType.Spot,3847191305847374577,OrderType.Limit,Direction.Long,65000.64,616913008,False,Side.Sell,,65000.64,1653898000,BTC-USDT,TimeCondition.GTC,0.001
2837957847,4194834854,0,1783610796158553803,201,order_input,benchmark,mock,InstrumentType.Spot,3847191305847374578,OrderType.Limit,Direction.Long,65000.450000000004,616914544,False,Side.Buy,,65000.450000000004,1653898000,BTC-USDT,TimeCondition.GTC,0.001
2837957847,4194834854,0,1783610796158927757,201,order_input,benchmark,mock,InstrumentType.Spot,3847191305847374579,OrderType.Limit,Direction.Long,65000.659999999996,616916080,False,Side.Sell,,65000.659999999996,1653898000,BTC-USDT,TimeCondition.GTC,0.001
2837957847,4194834854,0,1783610796159227088,201,order_input,benchmark,mock,InstrumentType.Spot,3847191305847374580,OrderType.Limit,Direction.Long,65000.47,616917616,False,Side.Buy,,65000.47,1653898000,BTC-USDT,TimeCondition.GTC,0.001
2837957847,4194834854,0,1783610796159526294,201,order_input,benchmark,mock,InstrumentType.Spot,3847191305847374581,OrderType.Limit,Direction.Long,65000.68,616919152,False,Side.Sell,,65000.68,1653898000,BTC-USDT,TimeCondition.GTC,0.001
2837957847,4194834854,0,1783610796159823961,201,order_input,benchmark,mock,InstrumentType.Spot,3847191305847374582,OrderType.Limit,Direction.Long,65000.49,616920688,False,Side.Buy,,65000.49,1653898000,BTC-USDT,TimeCondition.GTC,0.001
2837957847,4194834854,0,1783610796160124238,201,order_input,benchmark,mock,InstrumentType.Spot,3847191305847374583,OrderType.Limit,Direction.Long,65000.7,616922224,False,Side.Sell,,65000.7,1653898000,BTC-USDT,TimeCondition.GTC,0.001
2837957847,4194834854,0,1783610796160424006,201,order_input,benchmark,mock,InstrumentType.Spot,3847191305847374584,OrderType.Limit,Direction.Long,65000.51,616923760,False,Side.Buy,,65000.51,1653898000,BTC-USDT,TimeCondition.GTC,0.001
2837957847,4194834854,0,1783610796160982725,201,order_input,benchmark,mock,InstrumentType.Spot,3847191305847374585,OrderType.Limit,Direction.Long,65000.72,616789424,False,Side.Sell,,65000.72,1653898000,BTC-USDT,TimeCondition.GTC,0.001
2837957847,4194834854,0,1783610796161068769,201,order_input,benchmark,mock,InstrumentType.Spot,3847191305847374586,OrderType.Limit,Direction.Long,65000.53,616790960,False,Side.Buy,,65000.53,1653898000,BTC-USDT,TimeCondition.GTC,0.001
2837957847,4194834854,0,1783610796161324293,201,order_input,benchmark,mock,InstrumentType.Spot,3847191305847374587,OrderType.Limit,Direction.Long,65000.74,616792496,False,Side.Sell,,65000.74,1653898000,BTC-USDT,TimeCondition.GTC,0.001
2837957847,4194834854,0,1783610796161586310,201,order_input,benchmark,mock,InstrumentType.Spot,3847191305847374588,OrderType.Limit,Direction.Long,65000.55,616794032,False,Side.Buy,,65000.55,1653898000,BTC-USDT,TimeCondition.GTC,0.001
2837957847,4194834854,0,1783610796161939532,201,order_input,benchmark,mock,InstrumentType.Spot,3847191305847374589,OrderType.Limit,Direction.Long,65000.76,616932240,False,Side.Sell,,65000.76,1653898000,BTC-USDT,TimeCondition.GTC,0.001
2837957847,4194834854,0,1783610796162199101,201,order_input,benchmark,mock,InstrumentType.Spot,3847191305847374590,OrderType.Limit,Direction.Long,65000.57,616933776,False,Side.Buy,,65000.57,1653898000,BTC-USDT,TimeCondition.GTC,0.001
2837957847,4194834854,0,1783610796162485303,201,order_input,benchmark,mock,InstrumentType.Spot,3847191305847374591,OrderType.Limit,Direction.Long,65000.78,616935312,False,Side.Sell,,65000.78,1653898000,BTC-USDT,TimeCondition.GTC,0.001
2837957847,4194834854,0,1783610796162784491,201,order_input,benchmark,mock,InstrumentType.Spot,3847191305847374592,OrderType.Limit,Direction.Long,65000.590000000004,616936848,False,Side.Buy,,65000.590000000004,1653898000,BTC-USDT,TimeCondition.GTC,0.001
2837957847,4194834854,0,1783610796163300881,201,order_input,benchmark,mock,InstrumentType.Spot,3847191305847374593,OrderType.Limit,Direction.Long,65000.799999999996,616938384,False,Side.Sell,,65000.799999999996,1653898000,BTC-USDT,TimeCondition.GTC,0.001
2837957847,4194834854,0,1783610796163376313,201,order_input,benchmark,mock,InstrumentType.Spot,3847191305847374594,OrderType.Limit,Direction.Long,65000.61,616939920,False,Side.Buy,,65000.61,1653898000,BTC-USDT,TimeCondition.GTC,0.001
2837957847,4194834854,0,1783610796163672825,201,order_input,benchmark,mock,InstrumentType.Spot,3847191305847374595,OrderType.Limit,Direction.Long,65000.82,616941456,False,Side.Sell,,65000.82,1653898000,BTC-USDT,TimeCondition.GTC,0.001
2837957847,4194834854,0,1783610796164062516,201,order_input,benchmark,mock,InstrumentType.Spot,3847191305847374596,OrderType.Limit,Direction.Long,65000.630000000005,616942992,False,Side.Buy,,65000.630000000005,1653898000,BTC-USDT,TimeCondition.GTC,0.001
2837957847,4194834854,0,1783610796164333996,201,order_input,benchmark,mock,InstrumentType.Spot,3847191305847374597,OrderType.Limit,Direction.Long,65000.84,616944528,False,Side.Sell,,65000.84,1653898000,BTC-USDT,TimeCondition.GTC,0.001
2837957847,4194834854,0,1783610796164548839,201,order_input,benchmark,mock,InstrumentType.Spot,3847191305847374598,OrderType.Limit,Direction.Long,65000.65,616946064,False,Side.Buy,,65000.65,1653898000,BTC-USDT,TimeCondition.GTC,0.001
2837957847,4194834854,0,1783610796164989052,201,order_input,benchmark,mock,InstrumentType.Spot,3847191305847374599,OrderType.Limit,Direction.Long,65000.86,616947600,False,Side.Sell,,65000.86,1653898000,BTC-USDT,TimeCondition.GTC,0.001
2837957847,4194834854,0,1783610796165254085,201,order_input,benchmark,mock,InstrumentType.Spot,3847191305847374600,OrderType.Limit,Direction.Long,65000.67,616949136,False,Side.Buy,,65000.67,1653898000,BTC-USDT,TimeCondition.GTC,0.001
2837957847,4194834854,0,1783610796165542884,201,order_input,benchmark,mock,InstrumentType.Spot,3847191305847374601,OrderType.Limit,Direction.Long,65000.88,616950672,False,Side.Sell,,65000.88,1653898000,BTC-USDT,TimeCondition.GTC,0.001
2837957847,4194834854,0,1783610796165820657,201,order_input,benchmark,mock,InstrumentType.Spot,3847191305847374602,OrderType.Limit,Direction.Long,65000.69,616952208,False,Side.Buy,,65000.69,1653898000,BTC-USDT,TimeCondition.GTC,0.001
2837957847,4194834854,0,1783610796166052557,201,order_input,benchmark,mock,InstrumentType.Spot,3847191305847374603,OrderType.Limit,Direction.Long,65000.9,616953744,False,Side.Sell,,65000.9,1653898000,BTC-USDT,TimeCondition.GTC,0.001
2837957847,4194834854,0,1783610796166503566,201,order_input,benchmark,mock,InstrumentType.Spot,3847191305847374604,OrderType.Limit,Direction.Long,65000.71,616955280,False,Side.Buy,,65000.71,1653898000,BTC-USDT,TimeCondition.GTC,0.001
2837957847,4194834854,0,1783610796166682503,201,order_input,benchmark,mock,InstrumentType.Spot,3847191305847374605,OrderType.Limit,Direction.Long,65000.92,616956816,False,Side.Sell,,65000.92,1653898000,BTC-USDT,TimeCondition.GTC,0.001
2837957847,4194834854,0,1783610796167013493,201,order_input,benchmark,mock,InstrumentType.Spot,3847191305847374606,OrderType.Limit,Direction.Long,65000.73,616958352,False,Side.Buy,,65000.73,1653898000,BTC-USDT,TimeCondition.GTC,0.001
2837957847,4194834854,0,1783610796167292664,201,order_input,benchmark,mock,InstrumentType.Spot,3847191305847374607,OrderType.Limit,Direction.Long,65000.939999999995,616959888,False,Side.Sell,,65000.939999999995,1653898000,BTC-USDT,TimeCondition.GTC,0.001
2837957847,4194834854,0,1783610796167581392,201,order_input,benchmark,mock,InstrumentType.Spot,3847191305847374608,OrderType.Limit,Direction.Long,65000.75,616961424,False,Side.Buy,,65000.75,1653898000,BTC-USDT,TimeCondition.GTC,0.001
2837957847,4194834854,0,1783610796168005514,201,order_input,benchmark,mock,InstrumentType.Spot,3847191305847374609,OrderType.Limit,Direction.Long,65000.96,616962960,False,Side.Sell,,65000.96,1653898000,BTC-USDT,TimeCondition.GTC,0.001
2837957847,4194834854,0,1783610796168186638,201,order_input,benchmark,mock,InstrumentType.Spot,3847191305847374610,OrderType.Limit,Direction.Long,65000.770000000004,616964496,False,Side.Buy,,65000.770000000004,1653898000,BTC-USDT,TimeCondition.GTC,0.001
2837957847,4194834854,0,1783610796168541010,201,order_input,benchmark,mock,InstrumentType.Spot,3847191305847374611,OrderType.Limit,Direction.Long,65000.979999999996,616966032,False,Side.Sell,,65000.979999999996,1653898000,BTC-USDT,TimeCondition.GTC,0.001
2837957847,4194834854,0,1783610796168777055,201,order_input,benchmark,mock,InstrumentType.Spot,3847191305847374612,OrderType.Limit,Direction.Long,65000.79,616967568,False,Side.Buy,,65000.79,1653898000,BTC-USDT,TimeCondition.GTC,0.001
2837957847,4194834854,0,1783610796169189153,201,order_input,benchmark,mock,InstrumentType.Spot,3847191305847374613,OrderType.Limit,Direction.Long,65001.0,616969104,False,Side.Sell,,65001.0,1653898000,BTC-USDT,TimeCondition.GTC,0.001
2837957847,4194834854,0,1783610796169496912,201,order_input,benchmark,mock,InstrumentType.Spot,3847191305847374614,OrderType.Limit,Direction.Long,65000.810000000005,616970640,False,Side.Buy,,65000.810000000005,1653898000,BTC-USDT,TimeCondition.GTC,0.001
2837957847,4194834854,0,1783610796169763353,201,order_input,benchmark,mock,InstrumentType.Spot,3847191305847374615,OrderType.Limit,Direction.Long,65001.02,616972176,False,Side.Sell,,65001.02,1653898000,BTC-USDT,TimeCondition.GTC,0.001
2837957847,4194834854,0,1783610796170110303,201,order_input,benchmark,mock,InstrumentType.Spot,3847191305847374616,OrderType.Limit,Direction.Long,65000.83,616973712,False,Side.Buy,,65000.83,1653898000,BTC-USDT,TimeCondition.GTC,0.001
2837957847,4194834854,0,1783610796170379198,201,order_input,benchmark,mock,InstrumentType.Spot,3847191305847374617,OrderType.Limit,Direction.Long,65001.04,616975248,False,Side.Sell,,65001.04,1653898000,BTC-USDT,TimeCondition.GTC,0.001
2837957847,4194834854,0,1783610796170642987,201,order_input,benchmark,mock,InstrumentType.Spot,3847191305847374618,OrderType.Limit,Direction.Long,65000.85,616976784,False,Side.Buy,,65000.85,1653898000,BTC-USDT,TimeCondition.GTC,0.001
2837957847,4194834854,0,1783610796170881931,201,order_input,benchmark,mock,InstrumentType.Spot,3847191305847374619,OrderType.Limit,Direction.Long,65001.06,616978320,False,Side.Sell,,65001.06,1653898000,BTC-USDT,TimeCondition.GTC,0.001
2837957847,4194834854,0,1783610796171264816,201,order_input,benchmark,mock,InstrumentType.Spot,3847191305847374620,OrderType.Limit,Direction.Long,65000.87,616979856,False,Side.Buy,,65000.87,1653898000,BTC-USDT,TimeCondition.GTC,0.001
2837957847,4194834854,0,1783610796171541012,201,order_input,benchmark,mock,InstrumentType.Spot,3847191305847374621,OrderType.Limit,Direction.Long,65001.08,616981392,False,Side.Sell,,65001.08,1653898000,BTC-USDT,TimeCondition.GTC,0.001
2837957847,4194834854,0,1783610796171882373,201,order_input,benchmark,mock,InstrumentType.Spot,3847191305847374622,OrderType.Limit,Direction.Long,65000.89,616982928,False,Side.Buy,,65000.89,1653898000,BTC-USDT,TimeCondition.GTC,0.001
2837957847,4194834854,0,1783610796172144353,201,order_input,benchmark,mock,InstrumentType.Spot,3847191305847374623,OrderType.Limit,Direction.Long,65000.1,616984464,False,Side.Sell,,65000.1,1653898000,BTC-USDT,TimeCondition.GTC,0.001
2837957847,4194834854,0,1783610796172469722,201,order_input,benchmark,mock,InstrumentType.Spot,3847191305847374624,OrderType.Limit,Direction.Long,64999.91,616986000,False,Side.Buy,,64999.91,1653898000,BTC-USDT,TimeCondition.GTC,0.001
2837957847,4194834854,0,1783610796172864900,201,order_input,benchmark,mock,InstrumentType.Spot,3847191305847374625,OrderType.Limit,Direction.Long,65000.119999999995,616987536,False,Side.Sell,,65000.119999999995,1653898000,BTC-USDT,TimeCondition.GTC,0.001
2837957847,4194834854,0,1783610796173014555,201,order_input,benchmark,mock,InstrumentType.Spot,3847191305847374626,OrderType.Limit,Direction.Long,64999.93,616989072,False,Side.Buy,,64999.93,1653898000,BTC-USDT,TimeCondition.GTC,0.001
2837957847,4194834854,0,1783610796173429670,201,order_input,benchmark,mock,InstrumentType.Spot,3847191305847374627,OrderType.Limit,Direction.Long,65000.14,616990608,False,Side.Sell,,65000.14,1653898000,BTC-USDT,TimeCondition.GTC,0.001
2837957847,4194834854,0,1783610796173677735,201,order_input,benchmark,mock,InstrumentType.Spot,3847191305847374628,OrderType.Limit,Direction.Long,64999.950000000004,616992144,False,Side.Buy,,64999.950000000004,1653898000,BTC-USDT,TimeCondition.GTC,0.001
2837957847,4194834854,0,1783610796173903016,201,order_input,benchmark,mock,InstrumentType.Spot,3847191305847374629,OrderType.Limit,Direction.Long,65000.159999999996,616993680,False,Side.Sell,,65000.159999999996,1653898000,BTC-USDT,TimeCondition.GTC,0.001
2837957847,4194834854,0,1783610796174189450,201,order_input,benchmark,mock,InstrumentType.Spot,3847191305847374630,OrderType.Limit,Direction.Long,64999.97,616995216,False,Side.Buy,,64999.97,1653898000,BTC-USDT,TimeCondition.GTC,0.001
2837957847,4194834854,0,1783610796174474066,201,order_input,benchmark,mock,InstrumentType.Spot,3847191305847374631,OrderType.Limit,Direction.Long,65000.18,616996752,False,Side.Sell,,65000.18,1653898000,BTC-USDT,TimeCondition.GTC,0.001
2837957847,4194834854,0,1783610796175279895,201,order_input,benchmark,mock,InstrumentType.Spot,3847191305847374632,OrderType.Limit,Direction.Long,64999.99,616998288,False,Side.Buy,,64999.99,1653898000,BTC-USDT,TimeCondition.GTC,0.001
2837957847,4194834854,0,1783610796175328122,201,order_input,benchmark,mock,InstrumentType.Spot,3847191305847374633,OrderType.Limit,Direction.Long,65000.2,616999792,False,Side.Sell,,65000.2,1653898000,BTC-USDT,TimeCondition.GTC,0.001
2837957847,4194834854,0,1783610796175350464,201,order_input,benchmark,mock,InstrumentType.Spot,3847191305847374634,OrderType.Limit,Direction.Long,65000.01,617001360,False,Side.Buy,,65000.01,1653898000,BTC-USDT,TimeCondition.GTC,0.001
2837957847,4194834854,0,1783610796175798750,201,order_input,benchmark,mock,InstrumentType.Spot,3847191305847374635,OrderType.Limit,Direction.Long,65000.22,617002896,False,Side.Sell,,65000.22,1653898000,BTC-USDT,TimeCondition.GTC,0.001
2837957847,4194834854,0,1783610796175971350,201,order_input,benchmark,mock,InstrumentType.Spot,3847191305847374636,OrderType.Limit,Direction.Long,65000.03,617004432,False,Side.Buy,,65000.03,1653898000,BTC-USDT,TimeCondition.GTC,0.001
2837957847,4194834854,0,1783610796176254842,201,order_input,benchmark,mock,InstrumentType.Spot,3847191305847374637,OrderType.Limit,Direction.Long,65000.24,617005968,False,Side.Sell,,65000.24,1653898000,BTC-USDT,TimeCondition.GTC,0.001
2837957847,4194834854,0,1783610796176615063,201,order_input,benchmark,mock,InstrumentType.Spot,3847191305847374638,OrderType.Limit,Direction.Long,65000.05,617007504,False,Side.Buy,,65000.05,1653898000,BTC-USDT,TimeCondition.GTC,0.001
2837957847,4194834854,0,1783610796177064069,201,order_input,benchmark,mock,InstrumentType.Spot,3847191305847374639,OrderType.Limit,Direction.Long,65000.26,617009040,False,Side.Sell,,65000.26,1653898000,BTC-USDT,TimeCondition.GTC,0.001
2837957847,4194834854,0,1783610796177246214,201,order_input,benchmark,mock,InstrumentType.Spot,3847191305847374640,OrderType.Limit,Direction.Long,65000.07,617010576,False,Side.Buy,,65000.07,1653898000,BTC-USDT,TimeCondition.GTC,0.001
2837957847,4194834854,0,1783610796177495780,201,order_input,benchmark,mock,InstrumentType.Spot,3847191305847374641,OrderType.Limit,Direction.Long,65000.28,617012112,False,Side.Sell,,65000.28,1653898000,BTC-USDT,TimeCondition.GTC,0.001
2837957847,4194834854,0,1783610796177806618,201,order_input,benchmark,mock,InstrumentType.Spot,3847191305847374642,OrderType.Limit,Direction.Long,65000.090000000004,617013648,False,Side.Buy,,65000.090000000004,1653898000,BTC-USDT,TimeCondition.GTC,0.001
2837957847,4194834854,0,1783610796178117476,201,order_input,benchmark,mock,InstrumentType.Spot,3847191305847374643,OrderType.Limit,Direction.Long,65000.299999999996,617015184,False,Side.Sell,,65000.299999999996,1653898000,BTC-USDT,TimeCondition.GTC,0.001
2837957847,4194834854,0,1783610796178484056,201,order_input,benchmark,mock,InstrumentType.Spot,3847191305847374644,OrderType.Limit,Direction.Long,65000.11,617016720,False,Side.Buy,,65000.11,1653898000,BTC-USDT,TimeCondition.GTC,0.001
2837957847,4194834854,0,1783610796178652495,201,order_input,benchmark,mock,InstrumentType.Spot,3847191305847374645,OrderType.Limit,Direction.Long,65000.32,617018256,False,Side.Sell,,65000.32,1653898000,BTC-USDT,TimeCondition.GTC,0.001
2837957847,4194834854,0,1783610796179078056,201,order_input,benchmark,mock,InstrumentType.Spot,3847191305847374646,OrderType.Limit,Direction.Long,65000.130000000005,617019792,False,Side.Buy,,65000.130000000005,1653898000,BTC-USDT,TimeCondition.GTC,0.001
2837957847,4194834854,0,1783610796179292190,201,order_input,benchmark,mock,InstrumentType.Spot,3847191305847374647,OrderType.Limit,Direction.Long,65000.34,617021328,False,Side.Sell,,65000.34,1653898000,BTC-USDT,TimeCondition.GTC,0.001
2837957847,4194834854,0,1783610796179572736,201,order_input,benchmark,mock,InstrumentType.Spot,3847191305847374648,OrderType.Limit,Direction.Long,65000.15,617022864,False,Side.Buy,,65000.15,1653898000,BTC-USDT,TimeCondition.GTC,0.001
2837957847,4194834854,0,1783610796179860241,201,order_input,benchmark,mock,InstrumentType.Spot,3847191305847374649,OrderType.Limit,Direction.Long,65000.36,617024400,False,Side.Sell,,65000.36,1653898000,BTC-USDT,TimeCondition.GTC,0.001
2837957847,4194834854,0,1783610796180254532,201,order_input,benchmark,mock,InstrumentType.Spot,3847191305847374650,OrderType.Limit,Direction.Long,65000.17,617025936,False,Side.Buy,,65000.17,1653898000,BTC-USDT,TimeCondition.GTC,0.001
2837957847,4194834854,0,1783610796180511328,201,order_input,benchmark,mock,InstrumentType.Spot,3847191305847374651,OrderType.Limit,Direction.Long,65000.38,617027472,False,Side.Sell,,65000.38,1653898000,BTC-USDT,TimeCondition.GTC,0.001
2837957847,4194834854,0,1783610796180914750,201,order_input,benchmark,mock,InstrumentType.Spot,3847191305847374652,OrderType.Limit,Direction.Long,65000.19,617029008,False,Side.Buy,,65000.19,1653898000,BTC-USDT,TimeCondition.GTC,0.001
2837957847,4194834854,0,1783610796181118361,201,order_input,benchmark,mock,InstrumentType.Spot,3847191305847374653,OrderType.Limit,Direction.Long,65000.4,617030544,False,Side.Sell,,65000.4,1653898000,BTC-USDT,TimeCondition.GTC,0.001
2837957847,4194834854,0,1783610796181441231,201,order_input,benchmark,mock,InstrumentType.Spot,3847191305847374654,OrderType.Limit,Direction.Long,65000.21,617032080,False,Side.Buy,,65000.21,1653898000,BTC-USDT,TimeCondition.GTC,0.001
2837957847,4194834854,0,1783610796181706990,201,order_input,benchmark,mock,InstrumentType.Spot,3847191305847374655,OrderType.Limit,Direction.Long,65000.42,617033616,False,Side.Sell,,65000.42,1653898000,BTC-USDT,TimeCondition.GTC,0.001
2837957847,4194834854,0,1783610796181958598,201,order_input,benchmark,mock,InstrumentType.Spot,3847191305847374656,OrderType.Limit,Direction.Long,65000.23,617035152,False,Side.Buy,,65000.23,1653898000,BTC-USDT,TimeCondition.GTC,0.001
2837957847,4194834854,0,1783610796182339409,201,order_input,benchmark,mock,InstrumentType.Spot,3847191305847374657,OrderType.Limit,Direction.Long,65000.439999999995,617036688,False,Side.Sell,,65000.439999999995,1653898000,BTC-USDT,TimeCondition.GTC,0.001
2837957847,4194834854,0,1783610796182641668,201,order_input,benchmark,mock,InstrumentType.Spot,3847191305847374658,OrderType.Limit,Direction.Long,65000.25,617038224,False,Side.Buy,,65000.25,1653898000,BTC-USDT,TimeCondition.GTC,0.001
2837957847,4194834854,0,1783610796182854926,201,order_input,benchmark,mock,InstrumentType.Spot,3847191305847374659,OrderType.Limit,Direction.Long,65000.46,617039760,False,Side.Sell,,65000.46,1653898000,BTC-USDT,TimeCondition.GTC,0.001
2837957847,4194834854,0,1783610796183367972,201,order_input,benchmark,mock,InstrumentType.Spot,3847191305847374660,OrderType.Limit,Direction.Long,65000.270000000004,617041296,False,Side.Buy,,65000.270000000004,1653898000,BTC-USDT,TimeCondition.GTC,0.001
2837957847,4194834854,0,1783610796183518485,201,order_input,benchmark,mock,InstrumentType.Spot,3847191305847374661,OrderType.Limit,Direction.Long,65000.479999999996,617042832,False,Side.Sell,,65000.479999999996,1653898000,BTC-USDT,TimeCondition.GTC,0.001
2837957847,4194834854,0,1783610796183765255,201,order_input,benchmark,mock,InstrumentType.Spot,3847191305847374662,OrderType.Limit,Direction.Long,65000.29,617044368,False,Side.Buy,,65000.29,1653898000,BTC-USDT,TimeCondition.GTC,0.001
2837957847,4194834854,0,1783610796184084842,201,order_input,benchmark,mock,InstrumentType.Spot,3847191305847374663,OrderType.Limit,Direction.Long,65000.5,617045904,False,Side.Sell,,65000.5,1653898000,BTC-USDT,TimeCondition.GTC,0.001
2837957847,4194834854,0,1783610796184444767,201,order_input,benchmark,mock,InstrumentType.Spot,3847191305847374664,OrderType.Limit,Direction.Long,65000.310000000005,617047440,False,Side.Buy,,65000.310000000005,1653898000,BTC-USDT,TimeCondition.GTC,0.001
2837957847,4194834854,0,1783610796184668118,201,order_input,benchmark,mock,InstrumentType.Spot,3847191305847374665,OrderType.Limit,Direction.Long,65000.52,617048976,False,Side.Sell,,65000.52,1653898000,BTC-USDT,TimeCondition.GTC,0.001
2837957847,4194834854,0,1783610796185049288,201,order_input,benchmark,mock,InstrumentType.Spot,3847191305847374666,OrderType.Limit,Direction.Long,65000.33,617050512,False,Side.Buy,,65000.33,1653898000,BTC-USDT,TimeCondition.GTC,0.001
2837957847,4194834854,0,1783610796185514808,201,order_input,benchmark,mock,InstrumentType.Spot,3847191305847374667,OrderType.Limit,Direction.Long,65000.54,617052048,False,Side.Sell,,65000.54,1653898000,BTC-USDT,TimeCondition.GTC,0.001
2837957847,4194834854,0,1783610796185602541,201,order_input,benchmark,mock,InstrumentType.Spot,3847191305847374668,OrderType.Limit,Direction.Long,65000.35,617053584,False,Side.Buy,,65000.35,1653898000,BTC-USDT,TimeCondition.GTC,0.001
2837957847,4194834854,0,1783610796185977401,201,order_input,benchmark,mock,InstrumentType.Spot,3847191305847374669,OrderType.Limit,Direction.Long,65000.56,617055120,False,Side.Sell,,65000.56,1653898000,BTC-USDT,TimeCondition.GTC,0.001
2837957847,4194834854,0,1783610796186266971,201,order_input,benchmark,mock,InstrumentType.Spot,3847191305847374670,OrderType.Limit,Direction.Long,65000.37,617056656,False,Side.Buy,,65000.37,1653898000,BTC-USDT,TimeCondition.GTC,0.001
2837957847,4194834854,0,1783610796186467419,201,order_input,benchmark,mock,InstrumentType.Spot,3847191305847374671,OrderType.Limit,Direction.Long,65000.58,617058192,False,Side.Sell,,65000.58,1653898000,BTC-USDT,TimeCondition.GTC,0.001
2837957847,4194834854,0,1783610796186835864,201,order_input,benchmark,mock,InstrumentType.Spot,3847191305847374672,OrderType.Limit,Direction.Long,65000.39,617059728,False,Side.Buy,,65000.39,1653898000,BTC-USDT,TimeCondition.GTC,0.001
2837957847,4194834854,0,1783610796187144413,201,order_input,benchmark,mock,InstrumentType.Spot,3847191305847374673,OrderType.Limit,Direction.Long,65000.6,617061264,False,Side.Sell,,65000.6,1653898000,BTC-USDT,TimeCondition.GTC,0.001
2837957847,4194834854,0,1783610796187440140,201,order_input,benchmark,mock,InstrumentType.Spot,3847191305847374674,OrderType.Limit,Direction.Long,65000.41,617062800,False,Side.Buy,,65000.41,1653898000,BTC-USDT,TimeCondition.GTC,0.001
2837957847,4194834854,0,1783610796187738733,201,order_input,benchmark,mock,InstrumentType.Spot,3847191305847374675,OrderType.Limit,Direction.Long,65000.619999999995,617064336,False,Side.Sell,,65000.619999999995,1653898000,BTC-USDT,TimeCondition.GTC,0.001
2837957847,4194834854,0,1783610796188051094,201,order_input,benchmark,mock,InstrumentType.Spot,3847191305847374676,OrderType.Limit,Direction.Long,65000.43,617065872,False,Side.Buy,,65000.43,1653898000,BTC-USDT,TimeCondition.GTC,0.001
2837957847,4194834854,0,1783610796188336578,201,order_input,benchmark,mock,InstrumentType.Spot,3847191305847374677,OrderType.Limit,Direction.Long,65000.64,617067408,False,Side.Sell,,65000.64,1653898000,BTC-USDT,TimeCondition.GTC,0.001
2837957847,4194834854,0,1783610796188647355,201,order_input,benchmark,mock,InstrumentType.Spot,3847191305847374678,OrderType.Limit,Direction.Long,65000.450000000004,617068944,False,Side.Buy,,65000.450000000004,1653898000,BTC-USDT,TimeCondition.GTC,0.001
2837957847,4194834854,0,1783610796188945826,201,order_input,benchmark,mock,InstrumentType.Spot,3847191305847374679,OrderType.Limit,Direction.Long,65000.659999999996,617070480,False,Side.Sell,,65000.659999999996,1653898000,BTC-USDT,TimeCondition.GTC,0.001
2837957847,4194834854,0,1783610796189245286,201,order_input,benchmark,mock,InstrumentType.Spot,3847191305847374680,OrderType.Limit,Direction.Long,65000.47,617072016,False,Side.Buy,,65000.47,1653898000,BTC-USDT,TimeCondition.GTC,0.001
2837957847,4194834854,0,1783610796189544804,201,order_input,benchmark,mock,InstrumentType.Spot,3847191305847374681,OrderType.Limit,Direction.Long,65000.68,617073552,False,Side.Sell,,65000.68,1653898000,BTC-USDT,TimeCondition.GTC,0.001
2837957847,4194834854,0,1783610796189845758,201,order_input,benchmark,mock,InstrumentType.Spot,3847191305847374682,OrderType.Limit,Direction.Long,65000.49,617075088,False,Side.Buy,,65000.49,1653898000,BTC-USDT,TimeCondition.GTC,0.001
2837957847,4194834854,0,1783610796190069717,201,order_input,benchmark,mock,InstrumentType.Spot,3847191305847374683,OrderType.Limit,Direction.Long,65000.7,617076624,False,Side.Sell,,65000.7,1653898000,BTC-USDT,TimeCondition.GTC,0.001
2837957847,4194834854,0,1783610796190449824,201,order_input,benchmark,mock,InstrumentType.Spot,3847191305847374684,OrderType.Limit,Direction.Long,65000.51,617078160,False,Side.Buy,,65000.51,1653898000,BTC-USDT,TimeCondition.GTC,0.001
2837957847,4194834854,0,1783610796190651368,201,order_input,benchmark,mock,InstrumentType.Spot,3847191305847374685,OrderType.Limit,Direction.Long,65000.72,616925296,False,Side.Sell,,65000.72,1653898000,BTC-USDT,TimeCondition.GTC,0.001
2837957847,4194834854,0,1783610796191057513,201,order_input,benchmark,mock,InstrumentType.Spot,3847191305847374686,OrderType.Limit,Direction.Long,65000.53,616926832,False,Side.Buy,,65000.53,1653898000,BTC-USDT,TimeCondition.GTC,0.001
2837957847,4194834854,0,1783610796191344729,201,order_input,benchmark,mock,InstrumentType.Spot,3847191305847374687,OrderType.Limit,Direction.Long,65000.74,616928368,False,Side.Sell,,65000.74,1653898000,BTC-USDT,TimeCondition.GTC,0.001
2837957847,4194834854,0,1783610796191626174,201,order_input,benchmark,mock,InstrumentType.Spot,3847191305847374688,OrderType.Limit,Direction.Long,65000.55,616929904,False,Side.Buy,,65000.55,1653898000,BTC-USDT,TimeCondition.GTC,0.001
2837957847,4194834854,0,1783610796191939941,201,order_input,benchmark,mock,InstrumentType.Spot,3847191305847374689,OrderType.Limit,Direction.Long,65000.76,616931440,False,Side.Sell,,65000.76,1653898000,BTC-USDT,TimeCondition.GTC,0.001
2837957847,4194834854,0,1783610796192380757,201,order_input,benchmark,mock,InstrumentType.Spot,3847191305847374690,OrderType.Limit,Direction.Long,65000.57,617088272,False,Side.Buy,,65000.57,1653898000,BTC-USDT,TimeCondition.GTC,0.001
2837957847,4194834854,0,1783610796192466323,201,order_input,benchmark,mock,InstrumentType.Spot,3847191305847374691,OrderType.Limit,Direction.Long,65000.78,617089808,False,Side.Sell,,65000.78,1653898000,BTC-USDT,TimeCondition.GTC,0.001
2837957847,4194834854,0,1783610796192880862,201,order_input,benchmark,mock,InstrumentType.Spot,3847191305847374692,OrderType.Limit,Direction.Long,65000.590000000004,617091344,False,Side.Buy,,65000.590000000004,1653898000,BTC-USDT,TimeCondition.GTC,0.001
2837957847,4194834854,0,1783610796193126733,201,order_input,benchmark,mock,InstrumentType.Spot,3847191305847374693,OrderType.Limit,Direction.Long,65000.799999999996,617092880,False,Side.Sell,,65000.799999999996,1653898000,BTC-USDT,TimeCondition.GTC,0.001
2837957847,4194834854,0,1783610796193367718,201,order_input,benchmark,mock,InstrumentType.Spot,3847191305847374694,OrderType.Limit,Direction.Long,65000.61,617094416,False,Side.Buy,,65000.61,1653898000,BTC-USDT,TimeCondition.GTC,0.001
2837957847,4194834854,0,1783610796193740344,201,order_input,benchmark,mock,InstrumentType.Spot,3847191305847374695,OrderType.Limit,Direction.Long,65000.82,617095952,False,Side.Sell,,65000.82,1653898000,BTC-USDT,TimeCondition.GTC,0.001
2837957847,4194834854,0,1783610796194047619,201,order_input,benchmark,mock,InstrumentType.Spot,3847191305847374696,OrderType.Limit,Direction.Long,65000.630000000005,617097488,False,Side.Buy,,65000.630000000005,1653898000,BTC-USDT,TimeCondition.GTC,0.001
2837957847,4194834854,0,1783610796194327073,201,order_input,benchmark,mock,InstrumentType.Spot,3847191305847374697,OrderType.Limit,Direction.Long,65000.84,617099024,False,Side.Sell,,65000.84,1653898000,BTC-USDT,TimeCondition.GTC,0.001
2837957847,4194834854,0,1783610796194631822,201,order_input,benchmark,mock,InstrumentType.Spot,3847191305847374698,OrderType.Limit,Direction.Long,65000.65,617100560,False,Side.Buy,,65000.65,1653898000,BTC-USDT,TimeCondition.GTC,0.001
2837957847,4194834854,0,1783610796194946245,201,order_input,benchmark,mock,InstrumentType.Spot,3847191305847374699,OrderType.Limit,Direction.Long,65000.86,617102096,False,Side.Sell,,65000.86,1653898000,BTC-USDT,TimeCondition.GTC,0.001
2837957847,4194834854,0,1783610796195358248,201,order_input,benchmark,mock,InstrumentType.Spot,3847191305847374700,OrderType.Limit,Direction.Long,65000.67,617103632,False,Side.Buy,,65000.67,1653898000,BTC-USDT,TimeCondition.GTC,0.001
2837957847,4194834854,0,1783610796195479898,201,order_input,benchmark,mock,InstrumentType.Spot,3847191305847374701,OrderType.Limit,Direction.Long,65000.88,617105168,False,Side.Sell,,65000.88,1653898000,BTC-USDT,TimeCondition.GTC,0.001
2837957847,4194834854,0,1783610796195776756,201,order_input,benchmark,mock,InstrumentType.Spot,3847191305847374702,OrderType.Limit,Direction.Long,65000.69,617106704,False,Side.Buy,,65000.69,1653898000,BTC-USDT,TimeCondition.GTC,0.001
2837957847,4194834854,0,1783610796196087500,201,order_input,benchmark,mock,InstrumentType.Spot,3847191305847374703,OrderType.Limit,Direction.Long,65000.9,617108240,False,Side.Sell,,65000.9,1653898000,BTC-USDT,TimeCondition.GTC,0.001
2837957847,4194834854,0,1783610796196641275,201,order_input,benchmark,mock,InstrumentType.Spot,3847191305847374704,OrderType.Limit,Direction.Long,65000.71,617109776,False,Side.Buy,,65000.71,1653898000,BTC-USDT,TimeCondition.GTC,0.001
2837957847,4194834854,0,1783610796196732972,201,order_input,benchmark,mock,InstrumentType.Spot,3847191305847374705,OrderType.Limit,Direction.Long,65000.92,617111280,False,Side.Sell,,65000.92,1653898000,BTC-USDT,TimeCondition.GTC,0.001
2837957847,4194834854,0,1783610796197025606,201,order_input,benchmark,mock,InstrumentType.Spot,3847191305847374706,OrderType.Limit,Direction.Long,65000.73,617112848,False,Side.Buy,,65000.73,1653898000,BTC-USDT,TimeCondition.GTC,0.001
2837957847,4194834854,0,1783610796197360026,201,order_input,benchmark,mock,InstrumentType.Spot,3847191305847374707,OrderType.Limit,Direction.Long,65000.939999999995,617114384,False,Side.Sell,,65000.939999999995,1653898000,BTC-USDT,TimeCondition.GTC,0.001
2837957847,4194834854,0,1783610796197634157,201,order_input,benchmark,mock,InstrumentType.Spot,3847191305847374708,OrderType.Limit,Direction.Long,65000.75,617115920,False,Side.Buy,,65000.75,1653898000,BTC-USDT,TimeCondition.GTC,0.001
2837957847,4194834854,0,1783610796197847462,201,order_input,benchmark,mock,InstrumentType.Spot,3847191305847374709,OrderType.Limit,Direction.Long,65000.96,617117456,False,Side.Sell,,65000.96,1653898000,BTC-USDT,TimeCondition.GTC,0.001
2837957847,4194834854,0,1783610796198249135,201,order_input,benchmark,mock,InstrumentType.Spot,3847191305847374710,OrderType.Limit,Direction.Long,65000.770000000004,617118992,False,Side.Buy,,65000.770000000004,1653898000,BTC-USDT,TimeCondition.GTC,0.001
2837957847,4194834854,0,1783610796198511200,201,order_input,benchmark,mock,InstrumentType.Spot,3847191305847374711,OrderType.Limit,Direction.Long,65000.979999999996,617120528,False,Side.Sell,,65000.979999999996,1653898000,BTC-USDT,TimeCondition.GTC,0.001
2837957847,4194834854,0,1783610796198885523,201,order_input,benchmark,mock,InstrumentType.Spot,3847191305847374712,OrderType.Limit,Direction.Long,65000.79,617122064,False,Side.Buy,,65000.79,1653898000,BTC-USDT,TimeCondition.GTC,0.001
2837957847,4194834854,0,1783610796199119732,201,order_input,benchmark,mock,InstrumentType.Spot,3847191305847374713,OrderType.Limit,Direction.Long,65001.0,617123600,False,Side.Sell,,65001.0,1653898000,BTC-USDT,TimeCondition.GTC,0.001
2837957847,4194834854,0,1783610796199468459,201,order_input,benchmark,mock,InstrumentType.Spot,3847191305847374714,OrderType.Limit,Direction.Long,65000.810000000005,617125136,False,Side.Buy,,65000.810000000005,1653898000,BTC-USDT,TimeCondition.GTC,0.001
2837957847,4194834854,0,1783610796199770289,201,order_input,benchmark,mock,InstrumentType.Spot,3847191305847374715,OrderType.Limit,Direction.Long,65001.02,617126672,False,Side.Sell,,65001.02,1653898000,BTC-USDT,TimeCondition.GTC,0.001
2837957847,4194834854,0,1783610796199990321,201,order_input,benchmark,mock,InstrumentType.Spot,3847191305847374716,OrderType.Limit,Direction.Long,65000.83,617128208,False,Side.Buy,,65000.83,1653898000,BTC-USDT,TimeCondition.GTC,0.001
2837957847,4194834854,0,1783610796200362194,201,order_input,benchmark,mock,InstrumentType.Spot,3847191305847374717,OrderType.Limit,Direction.Long,65001.04,617129744,False,Side.Sell,,65001.04,1653898000,BTC-USDT,TimeCondition.GTC,0.001
2837957847,4194834854,0,1783610796200692572,201,order_input,benchmark,mock,InstrumentType.Spot,3847191305847374718,OrderType.Limit,Direction.Long,65000.85,617131280,False,Side.Buy,,65000.85,1653898000,BTC-USDT,TimeCondition.GTC,0.001
2837957847,4194834854,0,1783610796200968217,201,order_input,benchmark,mock,InstrumentType.Spot,3847191305847374719,OrderType.Limit,Direction.Long,65001.06,617132816,False,Side.Sell,,65001.06,1653898000,BTC-USDT,TimeCondition.GTC,0.001
2837957847,4194834854,0,1783610796201368218,201,order_input,benchmark,mock,InstrumentType.Spot,3847191305847374720,OrderType.Limit,Direction.Long,65000.87,617134352,False,Side.Buy,,65000.87,1653898000,BTC-USDT,TimeCondition.GTC,0.001
2837957847,4194834854,0,1783610796201588303,201,order_input,benchmark,mock,InstrumentType.Spot,3847191305847374721,OrderType.Limit,Direction.Long,65001.08,617135888,False,Side.Sell,,65001.08,1653898000,BTC-USDT,TimeCondition.GTC,0.001
2837957847,4194834854,0,1783610796201833841,201,order_input,benchmark,mock,InstrumentType.Spot,3847191305847374722,OrderType.Limit,Direction.Long,65000.89,617137424,False,Side.Buy,,65000.89,1653898000,BTC-USDT,TimeCondition.GTC,0.001
2837957847,4194834854,0,1783610796202096400,201,order_input,benchmark,mock,InstrumentType.Spot,3847191305847374723,OrderType.Limit,Direction.Long,65000.1,617138960,False,Side.Sell,,65000.1,1653898000,BTC-USDT,TimeCondition.GTC,0.001
2837957847,4194834854,0,1783610796202463976,201,order_input,benchmark,mock,InstrumentType.Spot,3847191305847374724,OrderType.Limit,Direction.Long,64999.91,617140496,False,Side.Buy,,64999.91,1653898000,BTC-USDT,TimeCondition.GTC,0.001
2837957847,4194834854,0,1783610796202756419,201,order_input,benchmark,mock,InstrumentType.Spot,3847191305847374725,OrderType.Limit,Direction.Long,65000.119999999995,617142032,False,Side.Sell,,65000.119999999995,1653898000,BTC-USDT,TimeCondition.GTC,0.001
2837957847,4194834854,0,1783610796203010998,201,order_input,benchmark,mock,InstrumentType.Spot,3847191305847374726,OrderType.Limit,Direction.Long,64999.93,617143568,False,Side.Buy,,64999.93,1653898000,BTC-USDT,TimeCondition.GTC,0.001
2837957847,4194834854,0,1783610796203334863,201,order_input,benchmark,mock,InstrumentType.Spot,3847191305847374727,OrderType.Limit,Direction.Long,65000.14,617145104,False,Side.Sell,,65000.14,1653898000,BTC-USDT,TimeCondition.GTC,0.001
2837957847,4194834854,0,1783610796203633525,201,order_input,benchmark,mock,InstrumentType.Spot,3847191305847374728,OrderType.Limit,Direction.Long,64999.950000000004,617146640,False,Side.Buy,,64999.950000000004,1653898000,BTC-USDT,TimeCondition.GTC,0.001
2837957847,4194834854,0,1783610796203935239,201,order_input,benchmark,mock,InstrumentType.Spot,3847191305847374729,OrderType.Limit,Direction.Long,65000.159999999996,617148176,False,Side.Sell,,65000.159999999996,1653898000,BTC-USDT,TimeCondition.GTC,0.001
2837957847,4194834854,0,1783610796204246898,201,order_input,benchmark,mock,InstrumentType.Spot,3847191305847374730,OrderType.Limit,Direction.Long,64999.97,617149712,False,Side.Buy,,64999.97,1653898000,BTC-USDT,TimeCondition.GTC,0.001
2837957847,4194834854,0,1783610796204564901,201,order_input,benchmark,mock,InstrumentType.Spot,3847191305847374731,OrderType.Limit,Direction.Long,65000.18,617151248,False,Side.Sell,,65000.18,1653898000,BTC-USDT,TimeCondition.GTC,0.001
2837957847,4194834854,0,1783610796204857306,201,order_input,benchmark,mock,InstrumentType.Spot,3847191305847374732,OrderType.Limit,Direction.Long,64999.99,617152784,False,Side.Buy,,64999.99,1653898000,BTC-USDT,TimeCondition.GTC,0.001
2837957847,4194834854,0,1783610796205082123,201,order_input,benchmark,mock,InstrumentType.Spot,3847191305847374733,OrderType.Limit,Direction.Long,65000.2,617154320,False,Side.Sell,,65000.2,1653898000,BTC-USDT,TimeCondition.GTC,0.001
2837957847,4194834854,0,1783610796205443714,201,order_input,benchmark,mock,InstrumentType.Spot,3847191305847374734,OrderType.Limit,Direction.Long,65000.01,617155856,False,Side.Buy,,65000.01,1653898000,BTC-USDT,TimeCondition.GTC,0.001
2837957847,4194834854,0,1783610796205686395,201,order_input,benchmark,mock,InstrumentType.Spot,3847191305847374735,OrderType.Limit,Direction.Long,65000.22,617157392,False,Side.Sell,,65000.22,1653898000,BTC-USDT,TimeCondition.GTC,0.001
2837957847,4194834854,0,1783610796206048514,201,order_input,benchmark,mock,InstrumentType.Spot,3847191305847374736,OrderType.Limit,Direction.Long,65000.03,617158928,False,Side.Buy,,65000.03,1653898000,BTC-USDT,TimeCondition.GTC,0.001
2837957847,4194834854,0,1783610796206313458,201,order_input,benchmark,mock,InstrumentType.Spot,3847191305847374737,OrderType.Limit,Direction.Long,65000.24,617160464,False,Side.Sell,,65000.24,1653898000,BTC-USDT,TimeCondition.GTC,0.001
2837957847,4194834854,0,1783610796206639996,201,order_input,benchmark,mock,InstrumentType.Spot,3847191305847374738,OrderType.Limit,Direction.Long,65000.05,617162000,False,Side.Buy,,65000.05,1653898000,BTC-USDT,TimeCondition.GTC,0.001
2837957847,4194834854,0,1783610796207219049,201,order_input,benchmark,mock,InstrumentType.Spot,3847191305847374739,OrderType.Limit,Direction.Long,65000.26,617163536,False,Side.Sell,,65000.26,1653898000,BTC-USDT,TimeCondition.GTC,0.001
2837957847,4194834854,0,1783610796207328510,201,order_input,benchmark,mock,InstrumentType.Spot,3847191305847374740,OrderType.Limit,Direction.Long,65000.07,617165040,False,Side.Buy,,65000.07,1653898000,BTC-USDT,TimeCondition.GTC,0.001
2837957847,4194834854,0,1783610796207542535,201,order_input,benchmark,mock,InstrumentType.Spot,3847191305847374741,OrderType.Limit,Direction.Long,65000.28,617166608,False,Side.Sell,,65000.28,1653898000,BTC-USDT,TimeCondition.GTC,0.001
2837957847,4194834854,0,1783610796207903496,201,order_input,benchmark,mock,InstrumentType.Spot,3847191305847374742,OrderType.Limit,Direction.Long,65000.090000000004,617168144,False,Side.Buy,,65000.090000000004,1653898000,BTC-USDT,TimeCondition.GTC,0.001
2837957847,4194834854,0,1783610796208106390,201,order_input,benchmark,mock,InstrumentType.Spot,3847191305847374743,OrderType.Limit,Direction.Long,65000.299999999996,617169680,False,Side.Sell,,65000.299999999996,1653898000,BTC-USDT,TimeCondition.GTC,0.001
2837957847,4194834854,0,1783610796208390780,201,order_input,benchmark,mock,InstrumentType.Spot,3847191305847374744,OrderType.Limit,Direction.Long,65000.11,617171216,False,Side.Buy,,65000.11,1653898000,BTC-USDT,TimeCondition.GTC,0.001
2837957847,4194834854,0,1783610796208656168,201,order_input,benchmark,mock,InstrumentType.Spot,3847191305847374745,OrderType.Limit,Direction.Long,65000.32,617172752,False,Side.Sell,,65000.32,1653898000,BTC-USDT,TimeCondition.GTC,0.001
2837957847,4194834854,0,1783610796209059119,201,order_input,benchmark,mock,InstrumentType.Spot,3847191305847374746,OrderType.Limit,Direction.Long,65000.130000000005,617174288,False,Side.Buy,,65000.130000000005,1653898000,BTC-USDT,TimeCondition.GTC,0.001
2837957847,4194834854,0,1783610796209336628,201,order_input,benchmark,mock,InstrumentType.Spot,3847191305847374747,OrderType.Limit,Direction.Long,65000.34,617175824,False,Side.Sell,,65000.34,1653898000,BTC-USDT,TimeCondition.GTC,0.001
2837957847,4194834854,0,1783610796209638448,201,order_input,benchmark,mock,InstrumentType.Spot,3847191305847374748,OrderType.Limit,Direction.Long,65000.15,617177360,False,Side.Buy,,65000.15,1653898000,BTC-USDT,TimeCondition.GTC,0.001
2837957847,4194834854,0,1783610796210126883,201,order_input,benchmark,mock,InstrumentType.Spot,3847191305847374749,OrderType.Limit,Direction.Long,65000.36,617178896,False,Side.Sell,,65000.36,1653898000,BTC-USDT,TimeCondition.GTC,0.001
2837957847,4194834854,0,1783610796210150086,201,order_input,benchmark,mock,InstrumentType.Spot,3847191305847374750,OrderType.Limit,Direction.Long,65000.17,617180432,False,Side.Buy,,65000.17,1653898000,BTC-USDT,TimeCondition.GTC,0.001
2837957847,4194834854,0,1783610796210463262,201,order_input,benchmark,mock,InstrumentType.Spot,3847191305847374751,OrderType.Limit,Direction.Long,65000.38,617181968,False,Side.Sell,,65000.38,1653898000,BTC-USDT,TimeCondition.GTC,0.001
2837957847,4194834854,0,1783610796210777524,201,order_input,benchmark,mock,InstrumentType.Spot,3847191305847374752,OrderType.Limit,Direction.Long,65000.19,617183504,False,Side.Buy,,65000.19,1653898000,BTC-USDT,TimeCondition.GTC,0.001
2837957847,4194834854,0,1783610796211066640,201,order_input,benchmark,mock,InstrumentType.Spot,3847191305847374753,OrderType.Limit,Direction.Long,65000.4,617185040,False,Side.Sell,,65000.4,1653898000,BTC-USDT,TimeCondition.GTC,0.001
2837957847,4194834854,0,1783610796211449196,201,order_input,benchmark,mock,InstrumentType.Spot,3847191305847374754,OrderType.Limit,Direction.Long,65000.21,617186576,False,Side.Buy,,65000.21,1653898000,BTC-USDT,TimeCondition.GTC,0.001
2837957847,4194834854,0,1783610796211745497,201,order_input,benchmark,mock,InstrumentType.Spot,3847191305847374755,OrderType.Limit,Direction.Long,65000.42,617188112,False,Side.Sell,,65000.42,1653898000,BTC-USDT,TimeCondition.GTC,0.001
2837957847,4194834854,0,1783610796212056758,201,order_input,benchmark,mock,InstrumentType.Spot,3847191305847374756,OrderType.Limit,Direction.Long,65000.23,617189648,False,Side.Buy,,65000.23,1653898000,BTC-USDT,TimeCondition.GTC,0.001
2837957847,4194834854,0,1783610796212347405,201,order_input,benchmark,mock,InstrumentType.Spot,3847191305847374757,OrderType.Limit,Direction.Long,65000.439999999995,617191184,False,Side.Sell,,65000.439999999995,1653898000,BTC-USDT,TimeCondition.GTC,0.001
2837957847,4194834854,0,1783610796212649699,201,order_input,benchmark,mock,InstrumentType.Spot,3847191305847374758,OrderType.Limit,Direction.Long,65000.25,617192720,False,Side.Buy,,65000.25,1653898000,BTC-USDT,TimeCondition.GTC,0.001
2837957847,4194834854,0,1783610796212956339,201,order_input,benchmark,mock,InstrumentType.Spot,3847191305847374759,OrderType.Limit,Direction.Long,65000.46,617194256,False,Side.Sell,,65000.46,1653898000,BTC-USDT,TimeCondition.GTC,0.001
2837957847,4194834854,0,1783610796213246116,201,order_input,benchmark,mock,InstrumentType.Spot,3847191305847374760,OrderType.Limit,Direction.Long,65000.270000000004,617195792,False,Side.Buy,,65000.270000000004,1653898000,BTC-USDT,TimeCondition.GTC,0.001
2837957847,4194834854,0,1783610796213538624,201,order_input,benchmark,mock,InstrumentType.Spot,3847191305847374761,OrderType.Limit,Direction.Long,65000.479999999996,617197328,False,Side.Sell,,65000.479999999996,1653898000,BTC-USDT,TimeCondition.GTC,0.001
2837957847,4194834854,0,1783610796213940866,201,order_input,benchmark,mock,InstrumentType.Spot,3847191305847374762,OrderType.Limit,Direction.Long,65000.29,617198864,False,Side.Buy,,65000.29,1653898000,BTC-USDT,TimeCondition.GTC,0.001
2837957847,4194834854,0,1783610796214261772,201,order_input,benchmark,mock,InstrumentType.Spot,3847191305847374763,OrderType.Limit,Direction.Long,65000.5,617200400,False,Side.Sell,,65000.5,1653898000,BTC-USDT,TimeCondition.GTC,0.001
2837957847,4194834854,0,1783610796214344453,201,order_input,benchmark,mock,InstrumentType.Spot,3847191305847374764,OrderType.Limit,Direction.Long,65000.310000000005,617201936,False,Side.Buy,,65000.310000000005,1653898000,BTC-USDT,TimeCondition.GTC,0.001
2837957847,4194834854,0,1783610796214721208,201,order_input,benchmark,mock,InstrumentType.Spot,3847191305847374765,OrderType.Limit,Direction.Long,65000.52,617203472,False,Side.Sell,,65000.52,1653898000,BTC-USDT,TimeCondition.GTC,0.001
2837957847,4194834854,0,1783610796215047987,201,order_input,benchmark,mock,InstrumentType.Spot,3847191305847374766,OrderType.Limit,Direction.Long,65000.33,617205008,False,Side.Buy,,65000.33,1653898000,BTC-USDT,TimeCondition.GTC,0.001
2837957847,4194834854,0,1783610796215330538,201,order_input,benchmark,mock,InstrumentType.Spot,3847191305847374767,OrderType.Limit,Direction.Long,65000.54,617206544,False,Side.Sell,,65000.54,1653898000,BTC-USDT,TimeCondition.GTC,0.001
2837957847,4194834854,0,1783610796215641420,201,order_input,benchmark,mock,InstrumentType.Spot,3847191305847374768,OrderType.Limit,Direction.Long,65000.35,617208080,False,Side.Buy,,65000.35,1653898000,BTC-USDT,TimeCondition.GTC,0.001
2837957847,4194834854,0,1783610796215935264,201,order_input,benchmark,mock,InstrumentType.Spot,3847191305847374769,OrderType.Limit,Direction.Long,65000.56,617209616,False,Side.Sell,,65000.56,1653898000,BTC-USDT,TimeCondition.GTC,0.001
2837957847,4194834854,0,1783610796216232777,201,order_input,benchmark,mock,InstrumentType.Spot,3847191305847374770,OrderType.Limit,Direction.Long,65000.37,617211152,False,Side.Buy,,65000.37,1653898000,BTC-USDT,TimeCondition.GTC,0.001
2837957847,4194834854,0,1783610796216579952,201,order_input,benchmark,mock,InstrumentType.Spot,3847191305847374771,OrderType.Limit,Direction.Long,65000.58,617212688,False,Side.Sell,,65000.58,1653898000,BTC-USDT,TimeCondition.GTC,0.001
2837957847,4194834854,0,1783610796216899559,201,order_input,benchmark,mock,InstrumentType.Spot,3847191305847374772,OrderType.Limit,Direction.Long,65000.39,617214224,False,Side.Buy,,65000.39,1653898000,BTC-USDT,TimeCondition.GTC,0.001
2837957847,4194834854,0,1783610796217289678,201,order_input,benchmark,mock,InstrumentType.Spot,3847191305847374773,OrderType.Limit,Direction.Long,65000.6,617215760,False,Side.Sell,,65000.6,1653898000,BTC-USDT,TimeCondition.GTC,0.001
2837957847,4194834854,0,1783610796217365264,201,order_input,benchmark,mock,InstrumentType.Spot,3847191305847374774,OrderType.Limit,Direction.Long,65000.41,617217296,False,Side.Buy,,65000.41,1653898000,BTC-USDT,TimeCondition.GTC,0.001
2837957847,4194834854,0,1783610796217750714,201,order_input,benchmark,mock,InstrumentType.Spot,3847191305847374775,OrderType.Limit,Direction.Long,65000.619999999995,617218832,False,Side.Sell,,65000.619999999995,1653898000,BTC-USDT,TimeCondition.GTC,0.001
2837957847,4194834854,0,1783610796218133888,201,order_input,benchmark,mock,InstrumentType.Spot,3847191305847374776,OrderType.Limit,Direction.Long,65000.43,617220368,False,Side.Buy,,65000.43,1653898000,BTC-USDT,TimeCondition.GTC,0.001
2837957847,4194834854,0,1783610796218286168,201,order_input,benchmark,mock,InstrumentType.Spot,3847191305847374777,OrderType.Limit,Direction.Long,65000.64,617221904,False,Side.Sell,,65000.64,1653898000,BTC-USDT,TimeCondition.GTC,0.001
2837957847,4194834854,0,1783610796218554719,201,order_input,benchmark,mock,InstrumentType.Spot,3847191305847374778,OrderType.Limit,Direction.Long,65000.450000000004,617223440,False,Side.Buy,,65000.450000000004,1653898000,BTC-USDT,TimeCondition.GTC,0.001
2837957847,4194834854,0,1783610796218938049,201,order_input,benchmark,mock,InstrumentType.Spot,3847191305847374779,OrderType.Limit,Direction.Long,65000.659999999996,617224976,False,Side.Sell,,65000.659999999996,1653898000,BTC-USDT,TimeCondition.GTC,0.001
2837957847,4194834854,0,1783610796219228651,201,order_input,benchmark,mock,InstrumentType.Spot,3847191305847374780,OrderType.Limit,Direction.Long,65000.47,617226512,False,Side.Buy,,65000.47,1653898000,BTC-USDT,TimeCondition.GTC,0.001
2837957847,4194834854,0,1783610796219523042,201,order_input,benchmark,mock,InstrumentType.Spot,3847191305847374781,OrderType.Limit,Direction.Long,65000.68,617228048,False,Side.Sell,,65000.68,1653898000,BTC-USDT,TimeCondition.GTC,0.001
2837957847,4194834854,0,1783610796219821040,201,order_input,benchmark,mock,InstrumentType.Spot,3847191305847374782,OrderType.Limit,Direction.Long,65000.49,617229584,False,Side.Buy,,65000.49,1653898000,BTC-USDT,TimeCondition.GTC,0.001
2837957847,4194834854,0,1783610796220127891,201,order_input,benchmark,mock,InstrumentType.Spot,3847191305847374783,OrderType.Limit,Direction.Long,65000.7,617231120,False,Side.Sell,,65000.7,1653898000,BTC-USDT,TimeCondition.GTC,0.001
2837957847,4194834854,0,1783610796220422713,201,order_input,benchmark,mock,InstrumentType.Spot,3847191305847374784,OrderType.Limit,Direction.Long,65000.51,617232656,False,Side.Buy,,65000.51,1653898000,BTC-USDT,TimeCondition.GTC,0.001
2837957847,4194834854,0,1783610796220719423,201,order_input,benchmark,mock,InstrumentType.Spot,3847191305847374785,OrderType.Limit,Direction.Long,65000.72,617234192,False,Side.Sell,,65000.72,1653898000,BTC-USDT,TimeCondition.GTC,0.001
2837957847,4194834854,0,1783610796221028375,201,order_input,benchmark,mock,InstrumentType.Spot,3847191305847374786,OrderType.Limit,Direction.Long,65000.53,617235728,False,Side.Buy,,65000.53,1653898000,BTC-USDT,TimeCondition.GTC,0.001
2837957847,4194834854,0,1783610796221325941,201,order_input,benchmark,mock,InstrumentType.Spot,3847191305847374787,OrderType.Limit,Direction.Long,65000.74,617237264,False,Side.Sell,,65000.74,1653898000,BTC-USDT,TimeCondition.GTC,0.001
2837957847,4194834854,0,1783610796221646707,201,order_input,benchmark,mock,InstrumentType.Spot,3847191305847374788,OrderType.Limit,Direction.Long,65000.55,617238800,False,Side.Buy,,65000.55,1653898000,BTC-USDT,TimeCondition.GTC,0.001
2837957847,4194834854,0,1783610796221898916,201,order_input,benchmark,mock,InstrumentType.Spot,3847191305847374789,OrderType.Limit,Direction.Long,65000.76,617240336,False,Side.Sell,,65000.76,1653898000,BTC-USDT,TimeCondition.GTC,0.001
2837957847,4194834854,0,1783610796222229083,201,order_input,benchmark,mock,InstrumentType.Spot,3847191305847374790,OrderType.Limit,Direction.Long,65000.57,617241872,False,Side.Buy,,65000.57,1653898000,BTC-USDT,TimeCondition.GTC,0.001
2837957847,4194834854,0,1783610796222525917,201,order_input,benchmark,mock,InstrumentType.Spot,3847191305847374791,OrderType.Limit,Direction.Long,65000.78,617243408,False,Side.Sell,,65000.78,1653898000,BTC-USDT,TimeCondition.GTC,0.001
2837957847,4194834854,0,1783610796222828165,201,order_input,benchmark,mock,InstrumentType.Spot,3847191305847374792,OrderType.Limit,Direction.Long,65000.590000000004,617244944,False,Side.Buy,,65000.590000000004,1653898000,BTC-USDT,TimeCondition.GTC,0.001
2837957847,4194834854,0,1783610796223127027,201,order_input,benchmark,mock,InstrumentType.Spot,3847191305847374793,OrderType.Limit,Direction.Long,65000.799999999996,617246480,False,Side.Sell,,65000.799999999996,1653898000,BTC-USDT,TimeCondition.GTC,0.001
2837957847,4194834854,0,1783610796223424651,201,order_input,benchmark,mock,InstrumentType.Spot,3847191305847374794,OrderType.Limit,Direction.Long,65000.61,617248016,False,Side.Buy,,65000.61,1653898000,BTC-USDT,TimeCondition.GTC,0.001
2837957847,4194834854,0,1783610796223724775,201,order_input,benchmark,mock,InstrumentType.Spot,3847191305847374795,OrderType.Limit,Direction.Long,65000.82,617249552,False,Side.Sell,,65000.82,1653898000,BTC-USDT,TimeCondition.GTC,0.001
2837957847,4194834854,0,1783610796224032308,201,order_input,benchmark,mock,InstrumentType.Spot,3847191305847374796,OrderType.Limit,Direction.Long,65000.630000000005,617251088,False,Side.Buy,,65000.630000000005,1653898000,BTC-USDT,TimeCondition.GTC,0.001
2837957847,4194834854,0,1783610796224334833,201,order_input,benchmark,mock,InstrumentType.Spot,3847191305847374797,OrderType.Limit,Direction.Long,65000.84,617079696,False,Side.Sell,,65000.84,1653898000,BTC-USDT,TimeCondition.GTC,0.001
2837957847,4194834854,0,1783610796224622895,201,order_input,benchmark,mock,InstrumentType.Spot,3847191305847374798,OrderType.Limit,Direction.Long,65000.65,617081232,False,Side.Buy,,65000.65,1653898000,BTC-USDT,TimeCondition.GTC,0.001
2837957847,4194834854,0,1783610796224924060,201,order_input,benchmark,mock,InstrumentType.Spot,3847191305847374799,OrderType.Limit,Direction.Long,65000.86,617082768,False,Side.Sell,,65000.86,1653898000,BTC-USDT,TimeCondition.GTC,0.001
2837957847,4194834854,0,1783610796225228800,201,order_input,benchmark,mock,InstrumentType.Spot,3847191305847374800,OrderType.Limit,Direction.Long,65000.67,617084304,False,Side.Buy,,65000.67,1653898000,BTC-USDT,TimeCondition.GTC,0.001
2837957847,4194834854,0,1783610796225523181,201,order_input,benchmark,mock,InstrumentType.Spot,3847191305847374801,OrderType.Limit,Direction.Long,65000.88,617085840,False,Side.Sell,,65000.88,1653898000,BTC-USDT,TimeCondition.GTC,0.001
2837957847,4194834854,0,1783610796225823757,201,order_input,benchmark,mock,InstrumentType.Spot,3847191305847374802,OrderType.Limit,Direction.Long,65000.69,617261408,False,Side.Buy,,65000.69,1653898000,BTC-USDT,TimeCondition.GTC,0.001
2837957847,4194834854,0,1783610796226124819,201,order_input,benchmark,mock,InstrumentType.Spot,3847191305847374803,OrderType.Limit,Direction.Long,65000.9,617262864,False,Side.Sell,,65000.9,1653898000,BTC-USDT,TimeCondition.GTC,0.001
2837957847,4194834854,0,1783610796226425231,201,order_input,benchmark,mock,InstrumentType.Spot,3847191305847374804,OrderType.Limit,Direction.Long,65000.71,617264400,False,Side.Buy,,65000.71,1653898000,BTC-USDT,TimeCondition.GTC,0.001
2837957847,4194834854,0,1783610796226723302,201,order_input,benchmark,mock,InstrumentType.Spot,3847191305847374805,OrderType.Limit,Direction.Long,65000.92,617265936,False,Side.Sell,,65000.92,1653898000,BTC-USDT,TimeCondition.GTC,0.001
2837957847,4194834854,0,1783610796227032759,201,order_input,benchmark,mock,InstrumentType.Spot,3847191305847374806,OrderType.Limit,Direction.Long,65000.73,617267472,False,Side.Buy,,65000.73,1653898000,BTC-USDT,TimeCondition.GTC,0.001
2837957847,4194834854,0,1783610796227331511,201,order_input,benchmark,mock,InstrumentType.Spot,3847191305847374807,OrderType.Limit,Direction.Long,65000.939999999995,617269008,False,Side.Sell,,65000.939999999995,1653898000,BTC-USDT,TimeCondition.GTC,0.001
2837957847,4194834854,0,1783610796227621674,201,order_input,benchmark,mock,InstrumentType.Spot,3847191305847374808,OrderType.Limit,Direction.Long,65000.75,617270544,False,Side.Buy,,65000.75,1653898000,BTC-USDT,TimeCondition.GTC,0.001
2837957847,4194834854,0,1783610796227925986,201,order_input,benchmark,mock,InstrumentType.Spot,3847191305847374809,OrderType.Limit,Direction.Long,65000.96,617272080,False,Side.Sell,,65000.96,1653898000,BTC-USDT,TimeCondition.GTC,0.001
2837957847,4194834854,0,1783610796228227107,201,order_input,benchmark,mock,InstrumentType.Spot,3847191305847374810,OrderType.Limit,Direction.Long,65000.770000000004,617273616,False,Side.Buy,,65000.770000000004,1653898000,BTC-USDT,TimeCondition.GTC,0.001
2837957847,4194834854,0,1783610796228539883,201,order_input,benchmark,mock,InstrumentType.Spot,3847191305847374811,OrderType.Limit,Direction.Long,65000.979999999996,617275152,False,Side.Sell,,65000.979999999996,1653898000,BTC-USDT,TimeCondition.GTC,0.001
2837957847,4194834854,0,1783610796228987401,201,order_input,benchmark,mock,InstrumentType.Spot,3847191305847374812,OrderType.Limit,Direction.Long,65000.79,617276688,False,Side.Buy,,65000.79,1653898000,BTC-USDT,TimeCondition.GTC,0.001
2837957847,4194834854,0,1783610796229059884,201,order_input,benchmark,mock,InstrumentType.Spot,3847191305847374813,OrderType.Limit,Direction.Long,65001.0,617278224,False,Side.Sell,,65001.0,1653898000,BTC-USDT,TimeCondition.GTC,0.001
2837957847,4194834854,0,1783610796229352956,201,order_input,benchmark,mock,InstrumentType.Spot,3847191305847374814,OrderType.Limit,Direction.Long,65000.810000000005,617279760,False,Side.Buy,,65000.810000000005,1653898000,BTC-USDT,TimeCondition.GTC,0.001
2837957847,4194834854,0,1783610796229914586,201,order_input,benchmark,mock,InstrumentType.Spot,3847191305847374815,OrderType.Limit,Direction.Long,65001.02,617281296,False,Side.Sell,,65001.02,1653898000,BTC-USDT,TimeCondition.GTC,0.001
2837957847,4194834854,0,1783610796230040339,201,order_input,benchmark,mock,InstrumentType.Spot,3847191305847374816,OrderType.Limit,Direction.Long,65000.83,617282832,False,Side.Buy,,65000.83,1653898000,BTC-USDT,TimeCondition.GTC,0.001
2837957847,4194834854,0,1783610796230431622,201,order_input,benchmark,mock,InstrumentType.Spot,3847191305847374817,OrderType.Limit,Direction.Long,65001.04,617284368,False,Side.Sell,,65001.04,1653898000,BTC-USDT,TimeCondition.GTC,0.001
2837957847,4194834854,0,1783610796230580604,201,order_input,benchmark,mock,InstrumentType.Spot,3847191305847374818,OrderType.Limit,Direction.Long,65000.85,617285904,False,Side.Buy,,65000.85,1653898000,BTC-USDT,TimeCondition.GTC,0.001
2837957847,4194834854,0,1783610796230967818,201,order_input,benchmark,mock,InstrumentType.Spot,3847191305847374819,OrderType.Limit,Direction.Long,65001.06,617287440,False,Side.Sell,,65001.06,1653898000,BTC-USDT,TimeCondition.GTC,0.001
2837957847,4194834854,0,1783610796231235299,201,order_input,benchmark,mock,InstrumentType.Spot,3847191305847374820,OrderType.Limit,Direction.Long,65000.87,617288976,False,Side.Buy,,65000.87,1653898000,BTC-USDT,TimeCondition.GTC,0.001
2837957847,4194834854,0,1783610796231529136,201,order_input,benchmark,mock,InstrumentType.Spot,3847191305847374821,OrderType.Limit,Direction.Long,65001.08,617290512,False,Side.Sell,,65001.08,1653898000,BTC-USDT,TimeCondition.GTC,0.001
2837957847,4194834854,0,1783610796231827415,201,order_input,benchmark,mock,InstrumentType.Spot,3847191305847374822,OrderType.Limit,Direction.Long,65000.89,617292048,False,Side.Buy,,65000.89,1653898000,BTC-USDT,TimeCondition.GTC,0.001
2837957847,4194834854,0,1783610796232132325,201,order_input,benchmark,mock,InstrumentType.Spot,3847191305847374823,OrderType.Limit,Direction.Long,65000.1,617293584,False,Side.Sell,,65000.1,1653898000,BTC-USDT,TimeCondition.GTC,0.001
