source,dest,trigger_time,gen_time,msg_type,msg_name,data.account_id,data.active,data.avg_price,data.close_pnl,data.error_code,data.ex_order_id,data.exchange_id,data.fee,data.fee_currency,data.insert_time,data.instrument_type,data.order_id,data.order_type,data.position_side,data.price,data.raw_address,data.side,data.source_id,data.status,data.stop_price,data.strategy_id,data.symbol,data.time_condition,data.update_time,data.volume,data.volume_left,data.volume_traded
4194834854,2837957847,1783610795933036506,1783610795933070844,203,order,benchmark,True,0.0,0.0,,,mock,0.0,,1783610795933036506,InstrumentType.Spot,3847191305847373824,OrderType.Limit,Direction.Long,64999.91,611732640,Side.Buy,,OrderStatus.Submitted,64999.91,1653898000,BTC-USDT,TimeCondition.GTC,1783610795933036506,0.001,0.001,0.0
4194834854,2837957847,1783610795933125291,1783610795933128506,203,order,benchmark,True,0.0,0.0,,,mock,0.0,,1783610795933125291,InstrumentType.Spot,3847191305847373825,OrderType.Limit,Direction.Long,65000.119999999995,610283776,Side.Sell,,OrderStatus.Submitted,65000.119999999995,1653898000,BTC-USDT,TimeCondition.GTC,1783610795933125291,0.001,0.001,0.0
4194834854,2837957847,1783610795933151768,1783610795933154144,203,order,benchmark,True,0.0,0.0,,,mock,0.0,,1783610795933151768,InstrumentType.Spot,3847191305847373826,OrderType.Limit,Direction.Long,64999.93,606635024,Side.Buy,,OrderStatus.Submitted,64999.93,1653898000,BTC-USDT,TimeCondition.GTC,1783610795933151768,0.001,0.001,0.0
4194834854,2837957847,1783610795933301976,1783610795933304997,203,order,benchmark,True,0.0,0.0,,,mock,0.0,,1783610795933301976,InstrumentType.Spot,3847191305847373827,OrderType.Limit,Direction.Long,65000.14,603335264,Side.Sell,,OrderStatus.Submitted,65000.14,1653898000,BTC-USDT,TimeCondition.GTC,1783610795933301976,0.001,0.001,0.0
4194834854,2837957847,1783610795934039967,1783610795934048643,203,order,benchmark,True,0.0,0.0,,,mock,0.0,,1783610795934039967,InstrumentType.Spot,3847191305847373828,OrderType.Limit,Direction.Long,64999.950000000004,598605008,Side.Buy,,OrderStatus.Submitted,64999.950000000004,1653898000,BTC-USDT,TimeCondition.GTC,1783610795934039967,0.001,0.001,0.0
4194834854,2837957847,1783610795934085803,1783610795934088557,203,order,benchmark,True,0.0,0.0,,,mock,0.0,,1783610795934085803,InstrumentType.Spot,3847191305847373829,OrderType.Limit,Direction.Long,65000.159999999996,600117584,Side.Sell,,OrderStatus.Submitted,65000.159999999996,1653898000,BTC-USDT,TimeCondition.GTC,1783610795934085803,0.001,0.001,0.0
4194834854,2837957847,1783610795934392294,1783610795934398872,203,order,benchmark,True,0.0,0.0,,,mock,0.0,,1783610795934392294,InstrumentType.Spot,3847191305847373830,OrderType.Limit,Direction.Long,64999.97,617304176,Side.Buy,,OrderStatus.Submitted,64999.97,1653898000,BTC-USDT,TimeCondition.GTC,1783610795934392294,0.001,0.001,0.0
4194834854,2837957847,1783610795934662332,1783610795934668089,203,order,benchmark,True,0.0,0.0,,,mock,0.0,,1783610795934662332,InstrumentType.Spot,3847191305847373831,OrderType.Limit,Direction.Long,65000.18,617305952,Side.Sell,,OrderStatus.Submitted,65000.18,1653898000,BTC-USDT,TimeCondition.GTC,1783610795934662332,0.001,0.001,0.0
4194834854,2837957847,1783610795935257848,1783610795935267712,203,order,benchmark,True,0.0,0.0,,,mock,0.0,,1783610795935257848,InstrumentType.Spot,3847191305847373832,OrderType.Limit,Direction.Long,64999.99,617307728,Side.Buy,,OrderStatus.Submitted,64999.99,1653898000,BTC-USDT,TimeCondition.GTC,1783610795935257848,0.001,0.001,0.0
4194834854,2837957847,1783610795935306685,1783610795935310086,203,order,benchmark,True,0.0,0.0,,,mock,0.0,,1783610795935306685,InstrumentType.Spot,3847191305847373833,OrderType.Limit,Direction.Long,65000.2,617309472,Side.Sell,,OrderStatus.Submitted,65000.2,1653898000,BTC-USDT,TimeCondition.GTC,1783610795935306685,0.001,0.001,0.0
4194834854,2837957847,1783610795935519783,1783610795935522899,203,order,benchmark,True,0.0,0.0,,,mock,0.0,,1783610795935519783,InstrumentType.Spot,3847191305847373834,OrderType.Limit,Direction.Long,65000.01,617311280,Side.Buy,,OrderStatus.Submitted,65000.01,1653898000,BTC-USDT,TimeCondition.GTC,1783610795935519783,0.001,0.001,0.0
4194834854,2837957847,1783610795935731353,1783610795935733801,203,order,benchmark,True,0.0,0.0,,,mock,0.0,,1783610795935731353,InstrumentType.Spot,3847191305847373835,OrderType.Limit,Direction.Long,65000.22,617313056,Side.Sell,,OrderStatus.Submitted,65000.22,1653898000,BTC-USDT,TimeCondition.GTC,1783610795935731353,0.001,0.001,0.0
4194834854,2837957847,1783610795935989180,1783610795935992596,203,order,benchmark,True,0.0,0.0,,,mock,0.0,,1783610795935989180,InstrumentType.Spot,3847191305847373836,OrderType.Limit,Direction.Long,65000.03,617314832,Side.Buy,,OrderStatus.Submitted,65000.03,1653898000,BTC-USDT,TimeCondition.GTC,1783610795935989180,0.001,0.001,0.0
4194834854,2837957847,1783610795936564327,1783610795936688824,203,order,benchmark,True,0.0,0.0,,,mock,0.0,,1783610795936564327,InstrumentType.Spot,3847191305847373837,OrderType.Limit,Direction.Long,65000.24,617316608,Side.Sell,,OrderStatus.Submitted,65000.24,1653898000,BTC-USDT,TimeCondition.GTC,1783610795936564327,0.001,0.001,0.0
4194834854,2837957847,1783610795936746234,1783610795936769848,203,order,benchmark,True,0.0,0.0,,,mock,0.0,,1783610795936746234,InstrumentType.Spot,3847191305847373838,OrderType.Limit,Direction.Long,65000.05,617318384,Side.Buy,,OrderStatus.Submitted,65000.05,1653898000,BTC-USDT,TimeCondition.GTC,1783610795936746234,0.001,0.001,0.0
4194834854,2837957847,1783610795937065639,1783610795937086367,203,order,benchmark,True,0.0,0.0,,,mock,0.0,,1783610795937065639,InstrumentType.Spot,3847191305847373839,OrderType.Limit,Direction.Long,65000.26,617320160,Side.Sell,,OrderStatus.Submitted,65000.26,1653898000,BTC-USDT,TimeCondition.GTC,1783610795937065639,0.001,0.001,0.0
4194834854,2837957847,1783610795937261059,1783610795937263295,203,order,benchmark,True,0.0,0.0,,,mock,0.0,,1783610795937261059,InstrumentType.Spot,3847191305847373840,OrderType.Limit,Direction.Long,65000.07,617321936,Side.Buy,,OrderStatus.Submitted,65000.07,1653898000,BTC-USDT,TimeCondition.GTC,1783610795937261059,0.001,0.001,0.0
4194834854,2837957847,1783610795937598711,1783610795937601247,203,order,benchmark,True,0.0,0.0,,,mock,0.0,,1783610795937598711,InstrumentType.Spot,3847191305847373841,OrderType.Limit,Direction.Long,65000.28,617323712,Side.Sell,,OrderStatus.Submitted,65000.28,1653898000,BTC-USDT,TimeCondition.GTC,1783610795937598711,0.001,0.001,0.0
4194834854,2837957847,1783610795938073277,1783610795938076941,203,order,benchmark,True,0.0,0.0,,,mock,0.0,,1783610795938073277,InstrumentType.Spot,3847191305847373842,OrderType.Limit,Direction.Long,65000.090000000004,617325488,Side.Buy,,OrderStatus.Submitted,65000.090000000004,1653898000,BTC-USDT,TimeCondition.GTC,1783610795938073277,0.001,0.001,0.0
4194834854,2837957847,1783610795938198990,1783610795938201189,203,order,benchmark,True,0.0,0.0,,,mock,0.0,,1783610795938198990,InstrumentType.Spot,3847191305847373843,OrderType.Limit,Direction.Long,65000.299999999996,617327264,Side.Sell,,OrderStatus.Submitted,65000.299999999996,1653898000,BTC-USDT,TimeCondition.GTC,1783610795938198990,0.001,0.001,0.0
4194834854,2837957847,1783610795938517504,1783610795938519919,203,order,benchmark,True,0.0,0.0,,,mock,0.0,,1783610795938517504,InstrumentType.Spot,3847191305847373844,OrderType.Limit,Direction.Long,65000.11,617329040,Side.Buy,,OrderStatus.Submitted,65000.11,1653898000,BTC-USDT,TimeCondition.GTC,1783610795938517504,0.001,0.001,0.0
4194834854,2837957847,1783610795938702713,1783610795938704921,203,order,benchmark,True,0.0,0.0,,,mock,0.0,,1783610795938702713,InstrumentType.Spot,3847191305847373845,OrderType.Limit,Direction.Long,65000.32,617330816,Side.Sell,,OrderStatus.Submitted,65000.32,1653898000,BTC-USDT,TimeCondition.GTC,1783610795938702713,0.001,0.001,0.0
4194834854,2837957847,1783610795939217779,1783610795939221135,203,order,benchmark,True,0.0,0.0,,,mock,0.0,,1783610795939217779,InstrumentType.Spot,3847191305847373846,OrderType.Limit,Direction.Long,65000.130000000005,617332592,Side.Buy,,OrderStatus.Submitted,65000.130000000005,1653898000,BTC-USDT,TimeCondition.GTC,1783610795939217779,0.001,0.001,0.0
4194834854,2837957847,1783610795939566143,1783610795939579375,203,order,benchmark,True,0.0,0.0,,,mock,0.0,,1783610795939566143,InstrumentType.Spot,3847191305847373847,OrderType.Limit,Direction.Long,65000.34,617334368,Side.Sell,,OrderStatus.Submitted,65000.34,1653898000,BTC-USDT,TimeCondition.GTC,1783610795939566143,0.001,0.001,0.0
4194834854,2837957847,1783610795939694168,1783610795939696295,203,order,benchmark,True,0.0,0.0,,,mock,0.0,,1783610795939694168,InstrumentType.Spot,3847191305847373848,OrderType.Limit,Direction.Long,65000.15,617336144,Side.Buy,,OrderStatus.Submitted,65000.15,1653898000,BTC-USDT,TimeCondition.GTC,1783610795939694168,0.001,0.001,0.0
4194834854,2837957847,1783610795939953170,1783610795939956530,203,order,benchmark,True,0.0,0.0,,,mock,0.0,,1783610795939953170,InstrumentType.Spot,3847191305847373849,OrderType.Limit,Direction.Long,65000.36,617337920,Side.Sell,,OrderStatus.Submitted,65000.36,1653898000,BTC-USDT,TimeCondition.GTC,1783610795939953170,0.001,0.001,0.0
4194834854,2837957847,1783610795940256683,1783610795940269455,203,order,benchmark,True,0.0,0.0,,,mock,0.0,,1783610795940256683,InstrumentType.Spot,3847191305847373850,OrderType.Limit,Direction.Long,65000.17,617339696,Side.Buy,,OrderStatus.Submitted,65000.17,1653898000,BTC-USDT,TimeCondition.GTC,1783610795940256683,0.001,0.001,0.0
4194834854,2837957847,1783610795940562692,1783610795940564907,203,order,benchmark,True,0.0,0.0,,,mock,0.0,,1783610795940562692,InstrumentType.Spot,3847191305847373851,OrderType.Limit,Direction.Long,65000.38,617341472,Side.Sell,,OrderStatus.Submitted,65000.38,1653898000,BTC-USDT,TimeCondition.GTC,1783610795940562692,0.001,0.001,0.0
4194834854,2837957847,1783610795941142605,1783610795941145875,203,order,benchmark,True,0.0,0.0,,,mock,0.0,,1783610795941142605,InstrumentType.Spot,3847191305847373852,OrderType.Limit,Direction.Long,65000.19,617343248,Side.Buy,,OrderStatus.Submitted,65000.19,1653898000,BTC-USDT,TimeCondition.GTC,1783610795941142605,0.001,0.001,0.0
4194834854,2837957847,1783610795941189796,1783610795941192442,203,order,benchmark,True,0.0,0.0,,,mock,0.0,,1783610795941189796,InstrumentType.Spot,3847191305847373853,OrderType.Limit,Direction.Long,65000.4,617344992,Side.Sell,,OrderStatus.Submitted,65000.4,1653898000,BTC-USDT,TimeCondition.GTC,1783610795941189796,0.001,0.001,0.0
4194834854,2837957847,1783610795941505581,1783610795941508060,203,order,benchmark,True,0.0,0.0,,,mock,0.0,,1783610795941505581,InstrumentType.Spot,3847191305847373854,OrderType.Limit,Direction.Long,65000.21,617346800,Side.Buy,,OrderStatus.Submitted,65000.21,1653898000,BTC-USDT,TimeCondition.GTC,1783610795941505581,0.001,0.001,0.0
4194834854,2837957847,1783610795941786840,1783610795941789217,203,order,benchmark,True,0.0,0.0,,,mock,0.0,,1783610795941786840,InstrumentType.Spot,3847191305847373855,OrderType.Limit,Direction.Long,65000.42,617348576,Side.Sell,,OrderStatus.Submitted,65000.42,1653898000,BTC-USDT,TimeCondition.GTC,1783610795941786840,0.001,0.001,0.0
4194834854,2837957847,1783610795942099482,1783610795942102101,203,order,benchmark,True,0.0,0.0,,,mock,0.0,,1783610795942099482,InstrumentType.Spot,3847191305847373856,OrderType.Limit,Direction.Long,65000.23,617350352,Side.Buy,,OrderStatus.Submitted,65000.23,1653898000,BTC-USDT,TimeCondition.GTC,1783610795942099482,0.001,0.001,0.0
4194834854,2837957847,1783610795942410585,1783610795942413620,203,order,benchmark,True,0.0,0.0,,,mock,0.0,,1783610795942410585,InstrumentType.Spot,3847191305847373857,OrderType.Limit,Direction.Long,65000.439999999995,617352128,Side.Sell,,OrderStatus.Submitted,65000.439999999995,1653898000,BTC-USDT,TimeCondition.GTC,1783610795942410585,0.001,0.001,0.0
4194834854,2837957847,1783610795942652733,1783610795942656076,203,order,benchmark,True,0.0,0.0,,,mock,0.0,,1783610795942652733,InstrumentType.Spot,3847191305847373858,OrderType.Limit,Direction.Long,65000.25,617353904,Side.Buy,,OrderStatus.Submitted,65000.25,1653898000,BTC-USDT,TimeCondition.GTC,1783610795942652733,0.001,0.001,0.0
4194834854,2837957847,1783610795942975870,1783610795942978124,203,order,benchmark,True,0.0,0.0,,,mock,0.0,,1783610795942975870,InstrumentType.Spot,3847191305847373859,OrderType.Limit,Direction.Long,65000.46,617355680,Side.Sell,,OrderStatus.Submitted,65000.46,1653898000,BTC-USDT,TimeCondition.GTC,1783610795942975870,0.001,0.001,0.0
4194834854,2837957847,1783610795943278603,1783610795943283517,203,order,benchmark,True,0.0,0.0,,,mock,0.0,,1783610795943278603,InstrumentType.Spot,3847191305847373860,OrderType.Limit,Direction.Long,65000.270000000004,617357456,Side.Buy,,OrderStatus.Submitted,65000.270000000004,1653898000,BTC-USDT,TimeCondition.GTC,1783610795943278603,0.001,0.001,0.0
4194834854,2837957847,1783610795943779462,1783610795943783484,203,order,benchmark,True,0.0,0.0,,,mock,0.0,,1783610795943779462,InstrumentType.Spot,3847191305847373861,OrderType.Limit,Direction.Long,65000.479999999996,617359232,Side.Sell,,OrderStatus.Submitted,65000.479999999996,1653898000,BTC-USDT,TimeCondition.GTC,1783610795943779462,0.001,0.001,0.0
4194834854,2837957847,1783610795943809141,1783610795943812155,203,order,benchmark,True,0.0,0.0,,,mock,0.0,,1783610795943809141,InstrumentType.Spot,3847191305847373862,OrderType.Limit,Direction.Long,65000.29,617361008,Side.Buy,,OrderStatus.Submitted,65000.29,1653898000,BTC-USDT,TimeCondition.GTC,1783610795943809141,0.001,0.001,0.0
4194834854,2837957847,1783610795944171575,1783610795944186532,203,order,benchmark,True,0.0,0.0,,,mock,0.0,,1783610795944171575,InstrumentType.Spot,3847191305847373863,OrderType.Limit,Direction.Long,65000.5,617362784,Side.Sell,,OrderStatus.Submitted,65000.5,1653898000,BTC-USDT,TimeCondition.GTC,1783610795944171575,0.001,0.001,0.0
4194834854,2837957847,1783610795944471651,1783610795944474187,203,order,benchmark,True,0.0,0.0,,,mock,0.0,,1783610795944471651,InstrumentType.Spot,3847191305847373864,OrderType.Limit,Direction.Long,65000.310000000005,617364560,Side.Buy,,OrderStatus.Submitted,65000.310000000005,1653898000,BTC-USDT,TimeCondition.GTC,1783610795944471651,0.001,0.001,0.0
4194834854,2837957847,1783610795944773226,1783610795944776616,203,order,benchmark,True,0.0,0.0,,,mock,0.0,,1783610795944773226,InstrumentType.Spot,3847191305847373865,OrderType.Limit,Direction.Long,65000.52,617366336,Side.Sell,,OrderStatus.Submitted,65000.52,1653898000,BTC-USDT,TimeCondition.GTC,1783610795944773226,0.001,0.001,0.0
4194834854,2837957847,1783610795945090166,1783610795945092585,203,order,benchmark,True,0.0,0.0,,,mock,0.0,,1783610795945090166,InstrumentType.Spot,3847191305847373866,OrderType.Limit,Direction.Long,65000.33,617368112,Side.Buy,,OrderStatus.Submitted,65000.33,1653898000,BTC-USDT,TimeCondition.GTC,1783610795945090166,0.001,0.001,0.0
4194834854,2837957847,1783610795945310563,1783610795945313124,203,order,benchmark,True,0.0,0.0,,,mock,0.0,,1783610795945310563,InstrumentType.Spot,3847191305847373867,OrderType.Limit,Direction.Long,65000.54,617369888,Side.Sell,,OrderStatus.Submitted,65000.54,1653898000,BTC-USDT,TimeCondition.GTC,1783610795945310563,0.001,0.001,0.0
4194834854,2837957847,1783610795945726793,1783610795945729524,203,order,benchmark,True,0.0,0.0,,,mock,0.0,,1783610795945726793,InstrumentType.Spot,3847191305847373868,OrderType.Limit,Direction.Long,65000.35,617371664,Side.Buy,,OrderStatus.Submitted,65000.35,1653898000,BTC-USDT,TimeCondition.GTC,1783610795945726793,0.001,0.001,0.0
4194834854,2837957847,1783610795945952340,1783610795945955010,203,order,benchmark,True,0.0,0.0,,,mock,0.0,,1783610795945952340,InstrumentType.Spot,3847191305847373869,OrderType.Limit,Direction.Long,65000.56,617373440,Side.Sell,,OrderStatus.Submitted,65000.56,1653898000,BTC-USDT,TimeCondition.GTC,1783610795945952340,0.001,0.001,0.0
4194834854,2837957847,1783610795946341572,1783610795946344075,203,order,benchmark,True,0.0,0.0,,,mock,0.0,,1783610795946341572,InstrumentType.Spot,3847191305847373870,OrderType.Limit,Direction.Long,65000.37,615652448,Side.Buy,,OrderStatus.Submitted,65000.37,1653898000,BTC-USDT,TimeCondition.GTC,1783610795946341572,0.001,0.001,0.0
4194834854,2837957847,1783610795946565095,1783610795946568662,203,order,benchmark,True,0.0,0.0,,,mock,0.0,,1783610795946565095,InstrumentType.Spot,3847191305847373871,OrderType.Limit,Direction.Long,65000.58,615654224,Side.Sell,,OrderStatus.Submitted,65000.58,1653898000,BTC-USDT,TimeCondition.GTC,1783610795946565095,0.001,0.001,0.0
4194834854,2837957847,1783610795946915466,1783610795946918032,203,order,benchmark,True,0.0,0.0,,,mock,0.0,,1783610795946915466,InstrumentType.Spot,3847191305847373872,OrderType.Limit,Direction.Long,65000.39,615656000,Side.Buy,,OrderStatus.Submitted,65000.39,1653898000,BTC-USDT,TimeCondition.GTC,1783610795946915466,0.001,0.001,0.0
4194834854,2837957847,1783610795947169037,1783610795947171554,203,order,benchmark,True,0.0,0.0,,,mock,0.0,,1783610795947169037,InstrumentType.Spot,3847191305847373873,OrderType.Limit,Direction.Long,65000.6,615657776,Side.Sell,,OrderStatus.Submitted,65000.6,1653898000,BTC-USDT,TimeCondition.GTC,1783610795947169037,0.001,0.001,0.0
4194834854,2837957847,1783610795947444114,1783610795947447288,203,order,benchmark,True,0.0,0.0,,,mock,0.0,,1783610795947444114,InstrumentType.Spot,3847191305847373874,OrderType.Limit,Direction.Long,65000.41,615659552,Side.Buy,,OrderStatus.Submitted,65000.41,1653898000,BTC-USDT,TimeCondition.GTC,1783610795947444114,0.001,0.001,0.0
4194834854,2837957847,1783610795947704521,1783610795947707735,203,order,benchmark,True,0.0,0.0,,,mock,0.0,,1783610795947704521,InstrumentType.Spot,3847191305847373875,OrderType.Limit,Direction.Long,65000.619999999995,615661328,Side.Sell,,OrderStatus.Submitted,65000.619999999995,1653898000,BTC-USDT,TimeCondition.GTC,1783610795947704521,0.001,0.001,0.0
4194834854,2837957847,1783610795948006617,1783610795948018959,203,order,benchmark,True,0.0,0.0,,,mock,0.0,,1783610795948006617,InstrumentType.Spot,3847191305847373876,OrderType.Limit,Direction.Long,65000.43,615663104,Side.Buy,,OrderStatus.Submitted,65000.43,1653898000,BTC-USDT,TimeCondition.GTC,1783610795948006617,0.001,0.001,0.0
4194834854,2837957847,1783610795948354264,1783610795948356669,203,order,benchmark,True,0.0,0.0,,,mock,0.0,,1783610795948354264,InstrumentType.Spot,3847191305847373877,OrderType.Limit,Direction.Long,65000.64,615664880,Side.Sell,,OrderStatus.Submitted,65000.64,1653898000,BTC-USDT,TimeCondition.GTC,1783610795948354264,0.001,0.001,0.0
4194834854,2837957847,1783610795948666201,1783610795948668456,203,order,benchmark,True,0.0,0.0,,,mock,0.0,,1783610795948666201,InstrumentType.Spot,3847191305847373878,OrderType.Limit,Direction.Long,65000.450000000004,615666656,Side.Buy,,OrderStatus.Submitted,65000.450000000004,1653898000,BTC-USDT,TimeCondition.GTC,1783610795948666201,0.001,0.001,0.0
4194834854,2837957847,1783610795949287478,1783610795949289923,203,order,benchmark,True,0.0,0.0,,,mock,0.0,,1783610795949287478,InstrumentType.Spot,3847191305847373879,OrderType.Limit,Direction.Long,65000.659999999996,615668432,Side.Sell,,OrderStatus.Submitted,65000.659999999996,1653898000,BTC-USDT,TimeCondition.GTC,1783610795949287478,0.001,0.001,0.0
4194834854,2837957847,1783610795949334439,1783610795949336996,203,order,benchmark,True,0.0,0.0,,,mock,0.0,,1783610795949334439,InstrumentType.Spot,3847191305847373880,OrderType.Limit,Direction.Long,65000.47,615670176,Side.Buy,,OrderStatus.Submitted,65000.47,1653898000,BTC-USDT,TimeCondition.GTC,1783610795949334439,0.001,0.001,0.0
4194834854,2837957847,1783610795949644142,1783610795949646634,203,order,benchmark,True,0.0,0.0,,,mock,0.0,,1783610795949644142,InstrumentType.Spot,3847191305847373881,OrderType.Limit,Direction.Long,65000.68,615671984,Side.Sell,,OrderStatus.Submitted,65000.68,1653898000,BTC-USDT,TimeCondition.GTC,1783610795949644142,0.001,0.001,0.0
4194834854,2837957847,1783610795949833330,1783610795949836519,203,order,benchmark,True,0.0,0.0,,,mock,0.0,,1783610795949833330,InstrumentType.Spot,3847191305847373882,OrderType.Limit,Direction.Long,65000.49,615673760,Side.Buy,,OrderStatus.Submitted,65000.49,1653898000,BTC-USDT,TimeCondition.GTC,1783610795949833330,0.001,0.001,0.0
4194834854,2837957847,1783610795950108977,1783610795950112161,203,order,benchmark,True,0.0,0.0,,,mock,0.0,,1783610795950108977,InstrumentType.Spot,3847191305847373883,OrderType.Limit,Direction.Long,65000.7,615675536,Side.Sell,,OrderStatus.Submitted,65000.7,1653898000,BTC-USDT,TimeCondition.GTC,1783610795950108977,0.001,0.001,0.0
4194834854,2837957847,1783610795950466779,1783610795950468963,203,order,benchmark,True,0.0,0.0,,,mock,0.0,,1783610795950466779,InstrumentType.Spot,3847191305847373884,OrderType.Limit,Direction.Long,65000.51,615677312,Side.Buy,,OrderStatus.Submitted,65000.51,1653898000,BTC-USDT,TimeCondition.GTC,1783610795950466779,0.001,0.001,0.0
4194834854,2837957847,1783610795950682357,1783610795950685414,203,order,benchmark,True,0.0,0.0,,,mock,0.0,,1783610795950682357,InstrumentType.Spot,3847191305847373885,OrderType.Limit,Direction.Long,65000.72,615679088,Side.Sell,,OrderStatus.Submitted,65000.72,1653898000,BTC-USDT,TimeCondition.GTC,1783610795950682357,0.001,0.001,0.0
4194834854,2837957847,1783610795951341960,1783610795951344579,203,order,benchmark,True,0.0,0.0,,,mock,0.0,,1783610795951341960,InstrumentType.Spot,3847191305847373886,OrderType.Limit,Direction.Long,65000.53,615680864,Side.Buy,,OrderStatus.Submitted,65000.53,1653898000,BTC-USDT,TimeCondition.GTC,1783610795951341960,0.001,0.001,0.0
4194834854,2837957847,1783610795951363177,1783610795951364740,203,order,benchmark,True,0.0,0.0,,,mock,0.0,,1783610795951363177,InstrumentType.Spot,3847191305847373887,OrderType.Limit,Direction.Long,65000.74,615682608,Side.Sell,,OrderStatus.Submitted,65000.74,1653898000,BTC-USDT,TimeCondition.GTC,1783610795951363177,0.001,0.001,0.0
4194834854,2837957847,1783610795951580038,1783610795951583058,203,order,benchmark,True,0.0,0.0,,,mock,0.0,,1783610795951580038,InstrumentType.Spot,3847191305847373888,OrderType.Limit,Direction.Long,65000.55,615684416,Side.Buy,,OrderStatus.Submitted,65000.55,1653898000,BTC-USDT,TimeCondition.GTC,1783610795951580038,0.001,0.001,0.0
4194834854,2837957847,1783610795952289695,1783610795952302382,203,order,benchmark,True,0.0,0.0,,,mock,0.0,,1783610795952289695,InstrumentType.Spot,3847191305847373889,OrderType.Limit,Direction.Long,65000.76,615686192,Side.Sell,,OrderStatus.Submitted,65000.76,1653898000,BTC-USDT,TimeCondition.GTC,1783610795952289695,0.001,0.001,0.0
4194834854,2837957847,1783610795952398051,1783610795952400966,203,order,benchmark,True,0.0,0.0,,,mock,0.0,,1783610795952398051,InstrumentType.Spot,3847191305847373890,OrderType.Limit,Direction.Long,65000.57,615687968,Side.Buy,,OrderStatus.Submitted,65000.57,1653898000,BTC-USDT,TimeCondition.GTC,1783610795952398051,0.001,0.001,0.0
4194834854,2837957847,1783610795952530073,1783610795952532818,203,order,benchmark,True,0.0,0.0,,,mock,0.0,,1783610795952530073,InstrumentType.Spot,3847191305847373891,OrderType.Limit,Direction.Long,65000.78,615689744,Side.Sell,,OrderStatus.Submitted,65000.78,1653898000,BTC-USDT,TimeCondition.GTC,1783610795952530073,0.001,0.001,0.0
4194834854,2837957847,1783610795953054687,1783610795953057660,203,order,benchmark,True,0.0,0.0,,,mock,0.0,,1783610795953054687,InstrumentType.Spot,3847191305847373892,OrderType.Limit,Direction.Long,65000.590000000004,615691520,Side.Buy,,OrderStatus.Submitted,65000.590000000004,1653898000,BTC-USDT,TimeCondition.GTC,1783610795953054687,0.001,0.001,0.0
4194834854,2837957847,1783610795953197010,1783610795953199702,203,order,benchmark,True,0.0,0.0,,,mock,0.0,,1783610795953197010,InstrumentType.Spot,3847191305847373893,OrderType.Limit,Direction.Long,65000.799999999996,615693296,Side.Sell,,OrderStatus.Submitted,65000.799999999996,1653898000,BTC-USDT,TimeCondition.GTC,1783610795953197010,0.001,0.001,0.0
4194834854,2837957847,1783610795953493393,1783610795953495649,203,order,benchmark,True,0.0,0.0,,,mock,0.0,,1783610795953493393,InstrumentType.Spot,3847191305847373894,OrderType.Limit,Direction.Long,65000.61,615695072,Side.Buy,,OrderStatus.Submitted,65000.61,1653898000,BTC-USDT,TimeCondition.GTC,1783610795953493393,0.001,0.001,0.0
4194834854,2837957847,1783610795953761266,1783610795953763417,203,order,benchmark,True,0.0,0.0,,,mock,0.0,,1783610795953761266,InstrumentType.Spot,3847191305847373895,OrderType.Limit,Direction.Long,65000.82,615696848,Side.Sell,,OrderStatus.Submitted,65000.82,1653898000,BTC-USDT,TimeCondition.GTC,1783610795953761266,0.001,0.001,0.0
4194834854,2837957847,1783610795953962353,1783610795953964958,203,order,benchmark,True,0.0,0.0,,,mock,0.0,,1783610795953962353,InstrumentType.Spot,3847191305847373896,OrderType.Limit,Direction.Long,65000.630000000005,615698624,Side.Buy,,OrderStatus.Submitted,65000.630000000005,1653898000,BTC-USDT,TimeCondition.GTC,1783610795953962353,0.001,0.001,0.0
4194834854,2837957847,1783610795954352726,1783610795954354952,203,order,benchmark,True,0.0,0.0,,,mock,0.0,,1783610795954352726,InstrumentType.Spot,3847191305847373897,OrderType.Limit,Direction.Long,65000.84,615700400,Side.Sell,,OrderStatus.Submitted,65000.84,1653898000,BTC-USDT,TimeCondition.GTC,1783610795954352726,0.001,0.001,0.0
4194834854,2837957847,1783610795954655682,1783610795954658495,203,order,benchmark,True,0.0,0.0,,,mock,0.0,,1783610795954655682,InstrumentType.Spot,3847191305847373898,OrderType.Limit,Direction.Long,65000.65,615702176,Side.Buy,,OrderStatus.Submitted,65000.65,1653898000,BTC-USDT,TimeCondition.GTC,1783610795954655682,0.001,0.001,0.0
4194834854,2837957847,1783610795954954963,1783610795954957130,203,order,benchmark,True,0.0,0.0,,,mock,0.0,,1783610795954954963,InstrumentType.Spot,3847191305847373899,OrderType.Limit,Direction.Long,65000.86,615703952,Side.Sell,,OrderStatus.Submitted,65000.86,1653898000,BTC-USDT,TimeCondition.GTC,1783610795954954963,0.001,0.001,0.0
4194834854,2837957847,1783610795955265403,1783610795955267751,203,order,benchmark,True,0.0,0.0,,,mock,0.0,,1783610795955265403,InstrumentType.Spot,3847191305847373900,OrderType.Limit,Direction.Long,65000.67,615705728,Side.Buy,,OrderStatus.Submitted,65000.67,1653898000,BTC-USDT,TimeCondition.GTC,1783610795955265403,0.001,0.001,0.0
4194834854,2837957847,1783610795955471910,1783610795955474715,203,order,benchmark,True,0.0,0.0,,,mock,0.0,,1783610795955471910,InstrumentType.Spot,3847191305847373901,OrderType.Limit,Direction.Long,65000.88,615708256,Side.Sell,,OrderStatus.Submitted,65000.88,1653898000,BTC-USDT,TimeCondition.GTC,1783610795955471910,0.001,0.001,0.0
4194834854,2837957847,1783610795955844683,1783610795955846804,203,order,benchmark,True,0.0,0.0,,,mock,0.0,,1783610795955844683,InstrumentType.Spot,3847191305847373902,OrderType.Limit,Direction.Long,65000.69,615710032,Side.Buy,,OrderStatus.Submitted,65000.69,1653898000,BTC-USDT,TimeCondition.GTC,1783610795955844683,0.001,0.001,0.0
4194834854,2837957847,1783610795956155519,1783610795956165423,203,order,benchmark,True,0.0,0.0,,,mock,0.0,,1783610795956155519,InstrumentType.Spot,3847191305847373903,OrderType.Limit,Direction.Long,65000.9,615711808,Side.Sell,,OrderStatus.Submitted,65000.9,1653898000,BTC-USDT,TimeCondition.GTC,1783610795956155519,0.001,0.001,0.0
4194834854,2837957847,1783610795956458833,1783610795956461101,203,order,benchmark,True,0.0,0.0,,,mock,0.0,,1783610795956458833,InstrumentType.Spot,3847191305847373904,OrderType.Limit,Direction.Long,65000.71,615713584,Side.Buy,,OrderStatus.Submitted,65000.71,1653898000,BTC-USDT,TimeCondition.GTC,1783610795956458833,0.001,0.001,0.0
4194834854,2837957847,1783610795956668300,1783610795956671037,203,order,benchmark,True,0.0,0.0,,,mock,0.0,,1783610795956668300,InstrumentType.Spot,3847191305847373905,OrderType.Limit,Direction.Long,65000.92,615715360,Side.Sell,,OrderStatus.Submitted,65000.92,1653898000,BTC-USDT,TimeCondition.GTC,1783610795956668300,0.001,0.001,0.0
4194834854,2837957847,1783610795957067891,1783610795957069944,203,order,benchmark,True,0.0,0.0,,,mock,0.0,,1783610795957067891,InstrumentType.Spot,3847191305847373906,OrderType.Limit,Direction.Long,65000.73,615717136,Side.Buy,,OrderStatus.Submitted,65000.73,1653898000,BTC-USDT,TimeCondition.GTC,1783610795957067891,0.001,0.001,0.0
4194834854,2837957847,1783610795957349727,1783610795957351665,203,order,benchmark,True,0.0,0.0,,,mock,0.0,,1783610795957349727,InstrumentType.Spot,3847191305847373907,OrderType.Limit,Direction.Long,65000.939999999995,615718912,Side.Sell,,OrderStatus.Submitted,65000.939999999995,1653898000,BTC-USDT,TimeCondition.GTC,1783610795957349727,0.001,0.001,0.0
4194834854,2837957847,1783610795957652982,1783610795957654913,203,order,benchmark,True,0.0,0.0,,,mock,0.0,,1783610795957652982,InstrumentType.Spot,3847191305847373908,OrderType.Limit,Direction.Long,65000.75,615720688,Side.Buy,,OrderStatus.Submitted,65000.75,1653898000,BTC-USDT,TimeCondition.GTC,1783610795957652982,0.001,0.001,0.0
4194834854,2837957847,1783610795957965188,1783610795957967270,203,order,benchmark,True,0.0,0.0,,,mock,0.0,,1783610795957965188,InstrumentType.Spot,3847191305847373909,OrderType.Limit,Direction.Long,65000.96,615722464,Side.Sell,,OrderStatus.Submitted,65000.96,1653898000,BTC-USDT,TimeCondition.GTC,1783610795957965188,0.001,0.001,0.0
4194834854,2837957847,1783610795958258765,1783610795958261080,203,order,benchmark,True,0.0,0.0,,,mock,0.0,,1783610795958258765,InstrumentType.Spot,3847191305847373910,OrderType.Limit,Direction.Long,65000.770000000004,615724240,Side.Buy,,OrderStatus.Submitted,65000.770000000004,1653898000,BTC-USDT,TimeCondition.GTC,1783610795958258765,0.001,0.001,0.0
4194834854,2837957847,1783610795958556628,1783610795958558838,203,order,benchmark,True,0.0,0.0,,,mock,0.0,,1783610795958556628,InstrumentType.Spot,3847191305847373911,OrderType.Limit,Direction.Long,65000.979999999996,615726016,Side.Sell,,OrderStatus.Submitted,65000.979999999996,1653898000,BTC-USDT,TimeCondition.GTC,1783610795958556628,0.001,0.001,0.0
4194834854,2837957847,1783610795958856116,1783610795958858308,203,order,benchmark,True,0.0,0.0,,,mock,0.0,,1783610795958856116,InstrumentType.Spot,3847191305847373912,OrderType.Limit,Direction.Long,65000.79,615727792,Side.Buy,,OrderStatus.Submitted,65000.79,1653898000,BTC-USDT,TimeCondition.GTC,1783610795958856116,0.001,0.001,0.0
4194834854,2837957847,1783610795959068581,1783610795959071437,203,order,benchmark,True,0.0,0.0,,,mock,0.0,,1783610795959068581,InstrumentType.Spot,3847191305847373913,OrderType.Limit,Direction.Long,65001.0,615729568,Side.Sell,,OrderStatus.Submitted,65001.0,1653898000,BTC-USDT,TimeCondition.GTC,1783610795959068581,0.001,0.001,0.0
4194834854,2837957847,1783610795959445557,1783610795959447462,203,order,benchmark,True,0.0,0.0,,,mock,0.0,,1783610795959445557,InstrumentType.Spot,3847191305847373914,OrderType.Limit,Direction.Long,65000.810000000005,615731344,Side.Buy,,OrderStatus.Submitted,65000.810000000005,1653898000,BTC-USDT,TimeCondition.GTC,1783610795959445557,0.001,0.001,0.0
4194834854,2837957847,1783610795959981348,1783610795959984360,203,order,benchmark,True,0.0,0.0,,,mock,0.0,,1783610795959981348,InstrumentType.Spot,3847191305847373915,OrderType.Limit,Direction.Long,65001.02,615733120,Side.Sell,,OrderStatus.Submitted,65001.02,1653898000,BTC-USDT,TimeCondition.GTC,1783610795959981348,0.001,0.001,0.0
4194834854,2837957847,1783610795960007214,1783610795960016236,203,order,benchmark,True,0.0,0.0,,,mock,0.0,,1783610795960007214,InstrumentType.Spot,3847191305847373916,OrderType.Limit,Direction.Long,65000.83,617541472,Side.Buy,,OrderStatus.Submitted,65000.83,1653898000,BTC-USDT,TimeCondition.GTC,1783610795960007214,0.001,0.001,0.0
4194834854,2837957847,1783610795960570956,1783610795960574100,203,order,benchmark,True,0.0,0.0,,,mock,0.0,,1783610795960570956,InstrumentType.Spot,3847191305847373917,OrderType.Limit,Direction.Long,65001.04,615707504,Side.Sell,,OrderStatus.Submitted,65001.04,1653898000,BTC-USDT,TimeCondition.GTC,1783610795960570956,0.001,0.001,0.0
4194834854,2837957847,1783610795960973509,1783610795960975795,203,order,benchmark,True,0.0,0.0,,,mock,0.0,,1783610795960973509,InstrumentType.Spot,3847191305847373918,OrderType.Limit,Direction.Long,65000.85,617545200,Side.Buy,,OrderStatus.Submitted,65000.85,1653898000,BTC-USDT,TimeCondition.GTC,1783610795960973509,0.001,0.001,0.0
4194834854,2837957847,1783610795961077980,1783610795961080483,203,order,benchmark,True,0.0,0.0,,,mock,0.0,,1783610795961077980,InstrumentType.Spot,3847191305847373919,OrderType.Limit,Direction.Long,65001.06,617546976,Side.Sell,,OrderStatus.Submitted,65001.06,1653898000,BTC-USDT,TimeCondition.GTC,1783610795961077980,0.001,0.001,0.0
4194834854,2837957847,1783610795961273798,1783610795961275703,203,order,benchmark,True,0.0,0.0,,,mock,0.0,,1783610795961273798,InstrumentType.Spot,3847191305847373920,OrderType.Limit,Direction.Long,65000.87,617548752,Side.Buy,,OrderStatus.Submitted,65000.87,1653898000,BTC-USDT,TimeCondition.GTC,1783610795961273798,0.001,0.001,0.0
4194834854,2837957847,1783610795961559014,1783610795961560894,203,order,benchmark,True,0.0,0.0,,,mock,0.0,,1783610795961559014,InstrumentType.Spot,3847191305847373921,OrderType.Limit,Direction.Long,65001.08,617550528,Side.Sell,,OrderStatus.Submitted,65001.08,1653898000,BTC-USDT,TimeCondition.GTC,1783610795961559014,0.001,0.001,0.0
4194834854,2837957847,1783610795961852774,1783610795961854666,203,order,benchmark,True,0.0,0.0,,,mock,0.0,,1783610795961852774,InstrumentType.Spot,3847191305847373922,OrderType.Limit,Direction.Long,65000.89,617552304,Side.Buy,,OrderStatus.Submitted,65000.89,1653898000,BTC-USDT,TimeCondition.GTC,1783610795961852774,0.001,0.001,0.0
4194834854,2837957847,1783610795962153622,1783610795962155690,203,order,benchmark,True,0.0,0.0,,,mock,0.0,,1783610795962153622,InstrumentType.Spot,3847191305847373923,OrderType.Limit,Direction.Long,65000.1,617554080,Side.Sell,,OrderStatus.Submitted,65000.1,1653898000,BTC-USDT,TimeCondition.GTC,1783610795962153622,0.001,0.001,0.0
4194834854,2837957847,1783610795962570957,1783610795962572934,203,order,benchmark,True,0.0,0.0,,,mock,0.0,,1783610795962570957,InstrumentType.Spot,3847191305847373924,OrderType.Limit,Direction.Long,64999.91,617555856,Side.Buy,,OrderStatus.Submitted,64999.91,1653898000,BTC-USDT,TimeCondition.GTC,1783610795962570957,0.001,0.001,0.0
4194834854,2837957847,1783610795962805681,1783610795962807553,203,order,benchmark,True,0.0,0.0,,,mock,0.0,,1783610795962805681,InstrumentType.Spot,3847191305847373925,OrderType.Limit,Direction.Long,65000.119999999995,617557632,Side.Sell,,OrderStatus.Submitted,65000.119999999995,1653898000,BTC-USDT,TimeCondition.GTC,1783610795962805681,0.001,0.001,0.0
4194834854,2837957847,1783610795963258288,1783610795963261821,203,order,benchmark,True,0.0,0.0,,,mock,0.0,,1783610795963258288,InstrumentType.Spot,3847191305847373926,OrderType.Limit,Direction.Long,64999.93,617559408,Side.Buy,,OrderStatus.Submitted,64999.93,1653898000,BTC-USDT,TimeCondition.GTC,1783610795963258288,0.001,0.001,0.0
4194834854,2837957847,1783610795963435600,1783610795963437547,203,order,benchmark,True,0.0,0.0,,,mock,0.0,,1783610795963435600,InstrumentType.Spot,3847191305847373927,OrderType.Limit,Direction.Long,65000.14,617561184,Side.Sell,,OrderStatus.Submitted,65000.14,1653898000,BTC-USDT,TimeCondition.GTC,1783610795963435600,0.001,0.001,0.0
4194834854,2837957847,1783610795963702318,1783610795963704252,203,order,benchmark,True,0.0,0.0,,,mock,0.0,,1783610795963702318,InstrumentType.Spot,3847191305847373928,OrderType.Limit,Direction.Long,64999.950000000004,617562960,Side.Buy,,OrderStatus.Submitted,64999.950000000004,1653898000,BTC-USDT,TimeCondition.GTC,1783610795963702318,0.001,0.001,0.0
4194834854,2837957847,1783610795963953950,1783610795963965721,203,order,benchmark,True,0.0,0.0,,,mock,0.0,,1783610795963953950,InstrumentType.Spot,3847191305847373929,OrderType.Limit,Direction.Long,65000.159999999996,617564736,Side.Sell,,OrderStatus.Submitted,65000.159999999996,1653898000,BTC-USDT,TimeCondition.GTC,1783610795963953950,0.001,0.001,0.0
4194834854,2837957847,1783610795964389700,1783610795964392497,203,order,benchmark,True,0.0,0.0,,,mock,0.0,,1783610795964389700,InstrumentType.Spot,3847191305847373930,OrderType.Limit,Direction.Long,64999.97,617566512,Side.Buy,,OrderStatus.Submitted,64999.97,1653898000,BTC-USDT,TimeCondition.GTC,1783610795964389700,0.001,0.001,0.0
4194834854,2837957847,1783610795964592679,1783610795964594514,203,order,benchmark,True,0.0,0.0,,,mock,0.0,,1783610795964592679,InstrumentType.Spot,3847191305847373931,OrderType.Limit,Direction.Long,65000.18,617568288,Side.Sell,,OrderStatus.Submitted,65000.18,1653898000,BTC-USDT,TimeCondition.GTC,1783610795964592679,0.001,0.001,0.0
4194834854,2837957847,1783610795964857211,1783610795964858990,203,order,benchmark,True,0.0,0.0,,,mock,0.0,,1783610795964857211,InstrumentType.Spot,3847191305847373932,OrderType.Limit,Direction.Long,64999.99,617570064,Side.Buy,,OrderStatus.Submitted,64999.99,1653898000,BTC-USDT,TimeCondition.GTC,1783610795964857211,0.001,0.001,0.0
4194834854,2837957847,1783610795965149303,1783610795965151209,203,order,benchmark,True,0.0,0.0,,,mock,0.0,,1783610795965149303,InstrumentType.Spot,3847191305847373933,OrderType.Limit,Direction.Long,65000.2,617572880,Side.Sell,,OrderStatus.Submitted,65000.2,1653898000,BTC-USDT,TimeCondition.GTC,1783610795965149303,0.001,0.001,0.0
4194834854,2837957847,1783610795965589335,1783610795965592423,203,order,benchmark,True,0.0,0.0,,,mock,0.0,,1783610795965589335,InstrumentType.Spot,3847191305847373934,OrderType.Limit,Direction.Long,65000.01,617574656,Side.Buy,,OrderStatus.Submitted,65000.01,1653898000,BTC-USDT,TimeCondition.GTC,1783610795965589335,0.001,0.001,0.0
4194834854,2837957847,1783610795965807529,1783610795965809782,203,order,benchmark,True,0.0,0.0,,,mock,0.0,,1783610795965807529,InstrumentType.Spot,3847191305847373935,OrderType.Limit,Direction.Long,65000.22,617576432,Side.Sell,,OrderStatus.Submitted,65000.22,1653898000,BTC-USDT,TimeCondition.GTC,1783610795965807529,0.001,0.001,0.0
4194834854,2837957847,1783610795966251159,1783610795966254843,203,order,benchmark,True,0.0,0.0,,,mock,0.0,,1783610795966251159,InstrumentType.Spot,3847191305847373936,OrderType.Limit,Direction.Long,65000.03,617578208,Side.Buy,,OrderStatus.Submitted,65000.03,1653898000,BTC-USDT,TimeCondition.GTC,1783610795966251159,0.001,0.001,0.0
4194834854,2837957847,1783610795966281414,1783610795966304804,203,order,benchmark,True,0.0,0.0,,,mock,0.0,,1783610795966281414,InstrumentType.Spot,3847191305847373937,OrderType.Limit,Direction.Long,65000.24,617579952,Side.Sell,,OrderStatus.Submitted,65000.24,1653898000,BTC-USDT,TimeCondition.GTC,1783610795966281414,0.001,0.001,0.0
4194834854,2837957847,1783610795966882170,1783610795966885702,203,order,benchmark,True,0.0,0.0,,,mock,0.0,,1783610795966882170,InstrumentType.Spot,3847191305847373938,OrderType.Limit,Direction.Long,65000.05,617581760,Side.Buy,,OrderStatus.Submitted,65000.05,1653898000,BTC-USDT,TimeCondition.GTC,1783610795966882170,0.001,0.001,0.0
4194834854,2837957847,1783610795967014240,1783610795967016983,203,order,benchmark,True,0.0,0.0,,,mock,0.0,,1783610795967014240,InstrumentType.Spot,3847191305847373939,OrderType.Limit,Direction.Long,65000.26,617583536,Side.Sell,,OrderStatus.Submitted,65000.26,1653898000,BTC-USDT,TimeCondition.GTC,1783610795967014240,0.001,0.001,0.0
4194834854,2837957847,1783610795967199863,1783610795967203086,203,order,benchmark,True,0.0,0.0,,,mock,0.0,,1783610795967199863,InstrumentType.Spot,3847191305847373940,OrderType.Limit,Direction.Long,65000.07,617585312,Side.Buy,,OrderStatus.Submitted,65000.07,1653898000,BTC-USDT,TimeCondition.GTC,1783610795967199863,0.001,0.001,0.0
4194834854,2837957847,1783610795967586155,1783610795967590421,203,order,benchmark,True,0.0,0.0,,,mock,0.0,,1783610795967586155,InstrumentType.Spot,3847191305847373941,OrderType.Limit,Direction.Long,65000.28,617587088,Side.Sell,,OrderStatus.Submitted,65000.28,1653898000,BTC-USDT,TimeCondition.GTC,1783610795967586155,0.001,0.001,0.0
4194834854,2837957847,1783610795967891262,1783610795967911293,203,order,benchmark,True,0.0,0.0,,,mock,0.0,,1783610795967891262,InstrumentType.Spot,3847191305847373942,OrderType.Limit,Direction.Long,65000.090000000004,617588864,Side.Buy,,OrderStatus.Submitted,65000.090000000004,1653898000,BTC-USDT,TimeCondition.GTC,1783610795967891262,0.001,0.001,0.0
4194834854,2837957847,1783610795968513340,1783610795968516496,203,order,benchmark,True,0.0,0.0,,,mock,0.0,,1783610795968513340,InstrumentType.Spot,3847191305847373943,OrderType.Limit,Direction.Long,65000.299999999996,617590640,Side.Sell,,OrderStatus.Submitted,65000.299999999996,1653898000,BTC-USDT,TimeCondition.GTC,1783610795968513340,0.001,0.001,0.0
4194834854,2837957847,1783610795968534584,1783610795968536454,203,order,benchmark,True,0.0,0.0,,,mock,0.0,,1783610795968534584,InstrumentType.Spot,3847191305847373944,OrderType.Limit,Direction.Long,65000.11,617592384,Side.Buy,,OrderStatus.Submitted,65000.11,1653898000,BTC-USDT,TimeCondition.GTC,1783610795968534584,0.001,0.001,0.0
4194834854,2837957847,1783610795968767467,1783610795968770738,203,order,benchmark,True,0.0,0.0,,,mock,0.0,,1783610795968767467,InstrumentType.Spot,3847191305847373945,OrderType.Limit,Direction.Long,65000.32,617594192,Side.Sell,,OrderStatus.Submitted,65000.32,1653898000,BTC-USDT,TimeCondition.GTC,1783610795968767467,0.001,0.001,0.0
4194834854,2837957847,1783610795969155142,1783610795969157979,203,order,benchmark,True,0.0,0.0,,,mock,0.0,,1783610795969155142,InstrumentType.Spot,3847191305847373946,OrderType.Limit,Direction.Long,65000.130000000005,617595968,Side.Buy,,OrderStatus.Submitted,65000.130000000005,1653898000,BTC-USDT,TimeCondition.GTC,1783610795969155142,0.001,0.001,0.0
4194834854,2837957847,1783610795969356711,1783610795969360155,203,order,benchmark,True,0.0,0.0,,,mock,0.0,,1783610795969356711,InstrumentType.Spot,3847191305847373947,OrderType.Limit,Direction.Long,65000.34,617597744,Side.Sell,,OrderStatus.Submitted,65000.34,1653898000,BTC-USDT,TimeCondition.GTC,1783610795969356711,0.001,0.001,0.0
4194834854,2837957847,1783610795969637538,1783610795969640041,203,order,benchmark,True,0.0,0.0,,,mock,0.0,,1783610795969637538,InstrumentType.Spot,3847191305847373948,OrderType.Limit,Direction.Long,65000.15,617599520,Side.Buy,,OrderStatus.Submitted,65000.15,1653898000,BTC-USDT,TimeCondition.GTC,1783610795969637538,0.001,0.001,0.0
4194834854,2837957847,1783610795970008505,1783610795970011047,203,order,benchmark,True,0.0,0.0,,,mock,0.0,,1783610795970008505,InstrumentType.Spot,3847191305847373949,OrderType.Limit,Direction.Long,65000.36,617601296,Side.Sell,,OrderStatus.Submitted,65000.36,1653898000,BTC-USDT,TimeCondition.GTC,1783610795970008505,0.001,0.001,0.0
4194834854,2837957847,1783610795970296360,1783610795970298535,203,order,benchmark,True,0.0,0.0,,,mock,0.0,,1783610795970296360,InstrumentType.Spot,3847191305847373950,OrderType.Limit,Direction.Long,65000.17,617603072,Side.Buy,,OrderStatus.Submitted,65000.17,1653898000,BTC-USDT,TimeCondition.GTC,1783610795970296360,0.001,0.001,0.0
4194834854,2837957847,1783610795970566613,1783610795970568740,203,order,benchmark,True,0.0,0.0,,,mock,0.0,,1783610795970566613,InstrumentType.Spot,3847191305847373951,OrderType.Limit,Direction.Long,65000.38,617604848,Side.Sell,,OrderStatus.Submitted,65000.38,1653898000,BTC-USDT,TimeCondition.GTC,1783610795970566613,0.001,0.001,0.0
4194834854,2837957847,1783610795970870368,1783610795970872509,203,order,benchmark,True,0.0,0.0,,,mock,0.0,,1783610795970870368,InstrumentType.Spot,3847191305847373952,OrderType.Limit,Direction.Long,65000.19,617606624,Side.Buy,,OrderStatus.Submitted,65000.19,1653898000,BTC-USDT,TimeCondition.GTC,1783610795970870368,0.001,0.001,0.0
4194834854,2837957847,1783610795971323659,1783610795971326914,203,order,benchmark,True,0.0,0.0,,,mock,0.0,,1783610795971323659,InstrumentType.Spot,3847191305847373953,OrderType.Limit,Direction.Long,65000.4,617571840,Side.Sell,,OrderStatus.Submitted,65000.4,1653898000,BTC-USDT,TimeCondition.GTC,1783610795971323659,0.001,0.001,0.0
4194834854,2837957847,1783610795971654842,1783610795971657930,203,order,benchmark,True,0.0,0.0,,,mock,0.0,,1783610795971654842,InstrumentType.Spot,3847191305847373954,OrderType.Limit,Direction.Long,65000.21,617610352,Side.Buy,,OrderStatus.Submitted,65000.21,1653898000,BTC-USDT,TimeCondition.GTC,1783610795971654842,0.001,0.001,0.0
4194834854,2837957847,1783610795971753999,1783610795971767241,203,order,benchmark,True,0.0,0.0,,,mock,0.0,,1783610795971753999,InstrumentType.Spot,3847191305847373955,OrderType.Limit,Direction.Long,65000.42,617612112,Side.Sell,,OrderStatus.Submitted,65000.42,1653898000,BTC-USDT,TimeCondition.GTC,1783610795971753999,0.001,0.001,0.0
4194834854,2837957847,1783610795972094101,1783610795972096804,203,order,benchmark,True,0.0,0.0,,,mock,0.0,,1783610795972094101,InstrumentType.Spot,3847191305847373956,OrderType.Limit,Direction.Long,65000.23,617613888,Side.Buy,,OrderStatus.Submitted,65000.23,1653898000,BTC-USDT,TimeCondition.GTC,1783610795972094101,0.001,0.001,0.0
4194834854,2837957847,1783610795972546429,1783610795972549907,203,order,benchmark,True,0.0,0.0,,,mock,0.0,,1783610795972546429,InstrumentType.Spot,3847191305847373957,OrderType.Limit,Direction.Long,65000.439999999995,617615664,Side.Sell,,OrderStatus.Submitted,65000.439999999995,1653898000,BTC-USDT,TimeCondition.GTC,1783610795972546429,0.001,0.001,0.0
4194834854,2837957847,1783610795972688939,1783610795972692048,203,order,benchmark,True,0.0,0.0,,,mock,0.0,,1783610795972688939,InstrumentType.Spot,3847191305847373958,OrderType.Limit,Direction.Long,65000.25,617617440,Side.Buy,,OrderStatus.Submitted,65000.25,1653898000,BTC-USDT,TimeCondition.GTC,1783610795972688939,0.001,0.001,0.0
4194834854,2837957847,1783610795972990484,1783610795972992918,203,order,benchmark,True,0.0,0.0,,,mock,0.0,,1783610795972990484,InstrumentType.Spot,3847191305847373959,OrderType.Limit,Direction.Long,65000.46,617619216,Side.Sell,,OrderStatus.Submitted,65000.46,1653898000,BTC-USDT,TimeCondition.GTC,1783610795972990484,0.001,0.001,0.0
4194834854,2837957847,1783610795973262744,1783610795973264969,203,order,benchmark,True,0.0,0.0,,,mock,0.0,,1783610795973262744,InstrumentType.Spot,3847191305847373960,OrderType.Limit,Direction.Long,65000.270000000004,617620992,Side.Buy,,OrderStatus.Submitted,65000.270000000004,1653898000,BTC-USDT,TimeCondition.GTC,1783610795973262744,0.001,0.001,0.0
4194834854,2837957847,1783610795973550789,1783610795973552626,203,order,benchmark,True,0.0,0.0,,,mock,0.0,,1783610795973550789,InstrumentType.Spot,3847191305847373961,OrderType.Limit,Direction.Long,65000.479999999996,617622768,Side.Sell,,OrderStatus.Submitted,65000.479999999996,1653898000,BTC-USDT,TimeCondition.GTC,1783610795973550789,0.001,0.001,0.0
4194834854,2837957847,1783610795974036139,1783610795974039099,203,order,benchmark,True,0.0,0.0,,,mock,0.0,,1783610795974036139,InstrumentType.Spot,3847191305847373962,OrderType.Limit,Direction.Long,65000.29,617624544,Side.Buy,,OrderStatus.Submitted,65000.29,1653898000,BTC-USDT,TimeCondition.GTC,1783610795974036139,0.001,0.001,0.0
4194834854,2837957847,1783610795974166361,1783610795974168971,203,order,benchmark,True,0.0,0.0,,,mock,0.0,,1783610795974166361,InstrumentType.Spot,3847191305847373963,OrderType.Limit,Direction.Long,65000.5,617626320,Side.Sell,,OrderStatus.Submitted,65000.5,1653898000,BTC-USDT,TimeCondition.GTC,1783610795974166361,0.001,0.001,0.0
4194834854,2837957847,1783610795974460818,1783610795974463504,203,order,benchmark,True,0.0,0.0,,,mock,0.0,,1783610795974460818,InstrumentType.Spot,3847191305847373964,OrderType.Limit,Direction.Long,65000.310000000005,617628096,Side.Buy,,OrderStatus.Submitted,65000.310000000005,1653898000,BTC-USDT,TimeCondition.GTC,1783610795974460818,0.001,0.001,0.0
4194834854,2837957847,1783610795974953851,1783610795974957476,203,order,benchmark,True,0.0,0.0,,,mock,0.0,,1783610795974953851,InstrumentType.Spot,3847191305847373965,OrderType.Limit,Direction.Long,65000.52,617629872,Side.Sell,,OrderStatus.Submitted,65000.52,1653898000,BTC-USDT,TimeCondition.GTC,1783610795974953851,0.001,0.001,0.0
4194834854,2837957847,1783610795975094498,1783610795975097667,203,order,benchmark,True,0.0,0.0,,,mock,0.0,,1783610795975094498,InstrumentType.Spot,3847191305847373966,OrderType.Limit,Direction.Long,65000.33,617631648,Side.Buy,,OrderStatus.Submitted,65000.33,1653898000,BTC-USDT,TimeCondition.GTC,1783610795975094498,0.001,0.001,0.0
4194834854,2837957847,1783610795975301899,1783610795975303919,203,order,benchmark,True,0.0,0.0,,,mock,0.0,,1783610795975301899,InstrumentType.Spot,3847191305847373967,OrderType.Limit,Direction.Long,65000.54,617633424,Side.Sell,,OrderStatus.Submitted,65000.54,1653898000,BTC-USDT,TimeCondition.GTC,1783610795975301899,0.001,0.001,0.0
4194834854,2837957847,1783610795975655254,1783610795975657430,203,order,benchmark,True,0.0,0.0,,,mock,0.0,,1783610795975655254,InstrumentType.Spot,3847191305847373968,OrderType.Limit,Direction.Long,65000.35,617635200,Side.Buy,,OrderStatus.Submitted,65000.35,1653898000,BTC-USDT,TimeCondition.GTC,1783610795975655254,0.001,0.001,0.0
4194834854,2837957847,1783610795976137722,1783610795976164339,203,order,benchmark,True,0.0,0.0,,,mock,0.0,,1783610795976137722,InstrumentType.Spot,3847191305847373969,OrderType.Limit,Direction.Long,65000.56,617636976,Side.Sell,,OrderStatus.Submitted,65000.56,1653898000,BTC-USDT,TimeCondition.GTC,1783610795976137722,0.001,0.001,0.0
4194834854,2837957847,1783610795976505821,1783610795976510577,203,order,benchmark,True,0.0,0.0,,,mock,0.0,,1783610795976505821,InstrumentType.Spot,3847191305847373970,OrderType.Limit,Direction.Long,65000.37,617638752,Side.Buy,,OrderStatus.Submitted,65000.37,1653898000,BTC-USDT,TimeCondition.GTC,1783610795976505821,0.001,0.001,0.0
4194834854,2837957847,1783610795976535029,1783610795976536952,203,order,benchmark,True,0.0,0.0,,,mock,0.0,,1783610795976535029,InstrumentType.Spot,3847191305847373971,OrderType.Limit,Direction.Long,65000.58,617640528,Side.Sell,,OrderStatus.Submitted,65000.58,1653898000,BTC-USDT,TimeCondition.GTC,1783610795976535029,0.001,0.001,0.0
4194834854,2837957847,1783610795976921225,1783610795976923963,203,order,benchmark,True,0.0,0.0,,,mock,0.0,,1783610795976921225,InstrumentType.Spot,3847191305847373972,OrderType.Limit,Direction.Long,65000.39,617642304,Side.Buy,,OrderStatus.Submitted,65000.39,1653898000,BTC-USDT,TimeCondition.GTC,1783610795976921225,0.001,0.001,0.0
4194834854,2837957847,1783610795977161031,1783610795977163310,203,order,benchmark,True,0.0,0.0,,,mock,0.0,,1783610795977161031,InstrumentType.Spot,3847191305847373973,OrderType.Limit,Direction.Long,65000.6,617608400,Side.Sell,,OrderStatus.Submitted,65000.6,1653898000,BTC-USDT,TimeCondition.GTC,1783610795977161031,0.001,0.001,0.0
4194834854,2837957847,1783610795977629431,1783610795977632447,203,order,benchmark,True,0.0,0.0,,,mock,0.0,,1783610795977629431,InstrumentType.Spot,3847191305847373974,OrderType.Limit,Direction.Long,65000.41,617646224,Side.Buy,,OrderStatus.Submitted,65000.41,1653898000,BTC-USDT,TimeCondition.GTC,1783610795977629431,0.001,0.001,0.0
4194834854,2837957847,1783610795977772810,1783610795977775843,203,order,benchmark,True,0.0,0.0,,,mock,0.0,,1783610795977772810,InstrumentType.Spot,3847191305847373975,OrderType.Limit,Direction.Long,65000.619999999995,617647824,Side.Sell,,OrderStatus.Submitted,65000.619999999995,1653898000,BTC-USDT,TimeCondition.GTC,1783610795977772810,0.001,0.001,0.0
4194834854,2837957847,1783610795978139787,1783610795978143516,203,order,benchmark,True,0.0,0.0,,,mock,0.0,,1783610795978139787,InstrumentType.Spot,3847191305847373976,OrderType.Limit,Direction.Long,65000.43,617649600,Side.Buy,,OrderStatus.Submitted,65000.43,1653898000,BTC-USDT,TimeCondition.GTC,1783610795978139787,0.001,0.001,0.0
4194834854,2837957847,1783610795978425016,1783610795978428107,203,order,benchmark,True,0.0,0.0,,,mock,0.0,,1783610795978425016,InstrumentType.Spot,3847191305847373977,OrderType.Limit,Direction.Long,65000.64,617651376,Side.Sell,,OrderStatus.Submitted,65000.64,1653898000,BTC-USDT,TimeCondition.GTC,1783610795978425016,0.001,0.001,0.0
4194834854,2837957847,1783610795978631250,1783610795978634044,203,order,benchmark,True,0.0,0.0,,,mock,0.0,,1783610795978631250,InstrumentType.Spot,3847191305847373978,OrderType.Limit,Direction.Long,65000.450000000004,617653152,Side.Buy,,OrderStatus.Submitted,65000.450000000004,1653898000,BTC-USDT,TimeCondition.GTC,1783610795978631250,0.001,0.001,0.0
4194834854,2837957847,1783610795978900142,1783610795978903457,203,order,benchmark,True,0.0,0.0,,,mock,0.0,,1783610795978900142,InstrumentType.Spot,3847191305847373979,OrderType.Limit,Direction.Long,65000.659999999996,617654928,Side.Sell,,OrderStatus.Submitted,65000.659999999996,1653898000,BTC-USDT,TimeCondition.GTC,1783610795978900142,0.001,0.001,0.0
4194834854,2837957847,1783610795979173466,1783610795979177065,203,order,benchmark,True,0.0,0.0,,,mock,0.0,,1783610795979173466,InstrumentType.Spot,3847191305847373980,OrderType.Limit,Direction.Long,65000.47,617656704,Side.Buy,,OrderStatus.Submitted,65000.47,1653898000,BTC-USDT,TimeCondition.GTC,1783610795979173466,0.001,0.001,0.0
4194834854,2837957847,1783610795979651514,1783610795979655139,203,order,benchmark,True,0.0,0.0,,,mock,0.0,,1783610795979651514,InstrumentType.Spot,3847191305847373981,OrderType.Limit,Direction.Long,65000.68,617658480,Side.Sell,,OrderStatus.Submitted,65000.68,1653898000,BTC-USDT,TimeCondition.GTC,1783610795979651514,0.001,0.001,0.0
4194834854,2837957847,1783610795979964181,1783610795980015836,203,order,benchmark,True,0.0,0.0,,,mock,0.0,,1783610795979964181,InstrumentType.Spot,3847191305847373982,OrderType.Limit,Direction.Long,65000.49,617660256,Side.Buy,,OrderStatus.Submitted,65000.49,1653898000,BTC-USDT,TimeCondition.GTC,1783610795979964181,0.001,0.001,0.0
4194834854,2837957847,1783610795980222502,1783610795980224975,203,order,benchmark,True,0.0,0.0,,,mock,0.0,,1783610795980222502,InstrumentType.Spot,3847191305847373983,OrderType.Limit,Direction.Long,65000.7,617662032,Side.Sell,,OrderStatus.Submitted,65000.7,1653898000,BTC-USDT,TimeCondition.GTC,1783610795980222502,0.001,0.001,0.0
4194834854,2837957847,1783610795980424854,1783610795980427172,203,order,benchmark,True,0.0,0.0,,,mock,0.0,,1783610795980424854,InstrumentType.Spot,3847191305847373984,OrderType.Limit,Direction.Long,65000.51,617663808,Side.Buy,,OrderStatus.Submitted,65000.51,1653898000,BTC-USDT,TimeCondition.GTC,1783610795980424854,0.001,0.001,0.0
4194834854,2837957847,1783610795980714231,1783610795980717618,203,order,benchmark,True,0.0,0.0,,,mock,0.0,,1783610795980714231,InstrumentType.Spot,3847191305847373985,OrderType.Limit,Direction.Long,65000.72,617665584,Side.Sell,,OrderStatus.Submitted,65000.72,1653898000,BTC-USDT,TimeCondition.GTC,1783610795980714231,0.001,0.001,0.0
4194834854,2837957847,1783610795981097033,1783610795981099917,203,order,benchmark,True,0.0,0.0,,,mock,0.0,,1783610795981097033,InstrumentType.Spot,3847191305847373986,OrderType.Limit,Direction.Long,65000.53,617667360,Side.Buy,,OrderStatus.Submitted,65000.53,1653898000,BTC-USDT,TimeCondition.GTC,1783610795981097033,0.001,0.001,0.0
4194834854,2837957847,1783610795981333574,1783610795981336077,203,order,benchmark,True,0.0,0.0,,,mock,0.0,,1783610795981333574,InstrumentType.Spot,3847191305847373987,OrderType.Limit,Direction.Long,65000.74,617669136,Side.Sell,,OrderStatus.Submitted,65000.74,1653898000,BTC-USDT,TimeCondition.GTC,1783610795981333574,0.001,0.001,0.0
4194834854,2837957847,1783610795981680811,1783610795981683367,203,order,benchmark,True,0.0,0.0,,,mock,0.0,,1783610795981680811,InstrumentType.Spot,3847191305847373988,OrderType.Limit,Direction.Long,65000.55,617670912,Side.Buy,,OrderStatus.Submitted,65000.55,1653898000,BTC-USDT,TimeCondition.GTC,1783610795981680811,0.001,0.001,0.0
4194834854,2837957847,1783610795981975157,1783610795981977694,203,order,benchmark,True,0.0,0.0,,,mock,0.0,,1783610795981975157,InstrumentType.Spot,3847191305847373989,OrderType.Limit,Direction.Long,65000.76,617672688,Side.Sell,,OrderStatus.Submitted,65000.76,1653898000,BTC-USDT,TimeCondition.GTC,1783610795981975157,0.001,0.001,0.0
4194834854,2837957847,1783610795982202490,1783610795982204879,203,order,benchmark,True,0.0,0.0,,,mock,0.0,,1783610795982202490,InstrumentType.Spot,3847191305847373990,OrderType.Limit,Direction.Long,65000.57,617674464,Side.Buy,,OrderStatus.Submitted,65000.57,1653898000,BTC-USDT,TimeCondition.GTC,1783610795982202490,0.001,0.001,0.0
4194834854,2837957847,1783610795982564805,1783610795982567079,203,order,benchmark,True,0.0,0.0,,,mock,0.0,,1783610795982564805,InstrumentType.Spot,3847191305847373991,OrderType.Limit,Direction.Long,65000.78,617676240,Side.Sell,,OrderStatus.Submitted,65000.78,1653898000,BTC-USDT,TimeCondition.GTC,1783610795982564805,0.001,0.001,0.0
4194834854,2837957847,1783610795982768155,1783610795982770958,203,order,benchmark,True,0.0,0.0,,,mock,0.0,,1783610795982768155,InstrumentType.Spot,3847191305847373992,OrderType.Limit,Direction.Long,65000.590000000004,617678016,Side.Buy,,OrderStatus.Submitted,65000.590000000004,1653898000,BTC-USDT,TimeCondition.GTC,1783610795982768155,0.001,0.001,0.0
4194834854,2837957847,1783610795983166010,1783610795983168337,203,order,benchmark,True,0.0,0.0,,,mock,0.0,,1783610795983166010,InstrumentType.Spot,3847191305847373993,OrderType.Limit,Direction.Long,65000.799999999996,617679792,Side.Sell,,OrderStatus.Submitted,65000.799999999996,1653898000,BTC-USDT,TimeCondition.GTC,1783610795983166010,0.001,0.001,0.0
4194834854,2837957847,1783610795983382536,1783610795983385465,203,order,benchmark,True,0.0,0.0,,,mock,0.0,,1783610795983382536,InstrumentType.Spot,3847191305847373994,OrderType.Limit,Direction.Long,65000.61,617681568,Side.Buy,,OrderStatus.Submitted,65000.61,1653898000,BTC-USDT,TimeCondition.GTC,1783610795983382536,0.001,0.001,0.0
4194834854,2837957847,1783610795983771033,1783610795983780872,203,order,benchmark,True,0.0,0.0,,,mock,0.0,,1783610795983771033,InstrumentType.Spot,3847191305847373995,OrderType.Limit,Direction.Long,65000.82,617683344,Side.Sell,,OrderStatus.Submitted,65000.82,1653898000,BTC-USDT,TimeCondition.GTC,1783610795983771033,0.001,0.001,0.0
4194834854,2837957847,1783610795983993351,1783610795984000571,203,order,benchmark,True,0.0,0.0,,,mock,0.0,,1783610795983993351,InstrumentType.Spot,3847191305847373996,OrderType.Limit,Direction.Long,65000.630000000005,617685120,Side.Buy,,OrderStatus.Submitted,65000.630000000005,1653898000,BTC-USDT,TimeCondition.GTC,1783610795983993351,0.001,0.001,0.0
4194834854,2837957847,1783610795984362934,1783610795984365002,203,order,benchmark,True,0.0,0.0,,,mock,0.0,,1783610795984362934,InstrumentType.Spot,3847191305847373997,OrderType.Limit,Direction.Long,65000.84,617644080,Side.Sell,,OrderStatus.Submitted,65000.84,1653898000,BTC-USDT,TimeCondition.GTC,1783610795984362934,0.001,0.001,0.0
4194834854,2837957847,1783610795984652366,1783610795984654445,203,order,benchmark,True,0.0,0.0,,,mock,0.0,,1783610795984652366,InstrumentType.Spot,3847191305847373998,OrderType.Limit,Direction.Long,65000.65,617645072,Side.Buy,,OrderStatus.Submitted,65000.65,1653898000,BTC-USDT,TimeCondition.GTC,1783610795984652366,0.001,0.001,0.0
4194834854,2837957847,1783610795984951351,1783610795984953296,203,order,benchmark,True,0.0,0.0,,,mock,0.0,,1783610795984951351,InstrumentType.Spot,3847191305847373999,OrderType.Limit,Direction.Long,65000.86,617690672,Side.Sell,,OrderStatus.Submitted,65000.86,1653898000,BTC-USDT,TimeCondition.GTC,1783610795984951351,0.001,0.001,0.0
4194834854,2837957847,1783610795985252550,1783610795985254561,203,order,benchmark,True,0.0,0.0,,,mock,0.0,,1783610795985252550,InstrumentType.Spot,3847191305847374000,OrderType.Limit,Direction.Long,65000.67,617692448,Side.Buy,,OrderStatus.Submitted,65000.67,1653898000,BTC-USDT,TimeCondition.GTC,1783610795985252550,0.001,0.001,0.0
4194834854,2837957847,1783610795985808968,1783610795985811640,203,order,benchmark,True,0.0,0.0,,,mock,0.0,,1783610795985808968,InstrumentType.Spot,3847191305847374001,OrderType.Limit,Direction.Long,65000.88,617694224,Side.Sell,,OrderStatus.Submitted,65000.88,1653898000,BTC-USDT,TimeCondition.GTC,1783610795985808968,0.001,0.001,0.0
4194834854,2837957847,1783610795985826552,1783610795985827975,203,order,benchmark,True,0.0,0.0,,,mock,0.0,,1783610795985826552,InstrumentType.Spot,3847191305847374002,OrderType.Limit,Direction.Long,65000.69,617695968,Side.Buy,,OrderStatus.Submitted,65000.69,1653898000,BTC-USDT,TimeCondition.GTC,1783610795985826552,0.001,0.001,0.0
4194834854,2837957847,1783610795986112068,1783610795986114182,203,order,benchmark,True,0.0,0.0,,,mock,0.0,,1783610795986112068,InstrumentType.Spot,3847191305847374003,OrderType.Limit,Direction.Long,65000.9,617697776,Side.Sell,,OrderStatus.Submitted,65000.9,1653898000,BTC-USDT,TimeCondition.GTC,1783610795986112068,0.001,0.001,0.0
4194834854,2837957847,1783610795986773913,1783610795986776741,203,order,benchmark,True,0.0,0.0,,,mock,0.0,,1783610795986773913,InstrumentType.Spot,3847191305847374004,OrderType.Limit,Direction.Long,65000.71,617699552,Side.Buy,,OrderStatus.Submitted,65000.71,1653898000,BTC-USDT,TimeCondition.GTC,1783610795986773913,0.001,0.001,0.0
4194834854,2837957847,1783610795986875841,1783610795986878421,203,order,benchmark,True,0.0,0.0,,,mock,0.0,,1783610795986875841,InstrumentType.Spot,3847191305847374005,OrderType.Limit,Direction.Long,65000.92,617701328,Side.Sell,,OrderStatus.Submitted,65000.92,1653898000,BTC-USDT,TimeCondition.GTC,1783610795986875841,0.001,0.001,0.0
4194834854,2837957847,1783610795986980678,1783610795986983521,203,order,benchmark,True,0.0,0.0,,,mock,0.0,,1783610795986980678,InstrumentType.Spot,3847191305847374006,OrderType.Limit,Direction.Long,65000.73,617703104,Side.Buy,,OrderStatus.Submitted,65000.73,1653898000,BTC-USDT,TimeCondition.GTC,1783610795986980678,0.001,0.001,0.0
4194834854,2837957847,1783610795987286254,1783610795987288709,203,order,benchmark,True,0.0,0.0,,,mock,0.0,,1783610795987286254,InstrumentType.Spot,3847191305847374007,OrderType.Limit,Direction.Long,65000.939999999995,617704880,Side.Sell,,OrderStatus.Submitted,65000.939999999995,1653898000,BTC-USDT,TimeCondition.GTC,1783610795987286254,0.001,0.001,0.0
4194834854,2837957847,1783610795987654418,1783610795987664953,203,order,benchmark,True,0.0,0.0,,,mock,0.0,,1783610795987654418,InstrumentType.Spot,3847191305847374008,OrderType.Limit,Direction.Long,65000.75,617706656,Side.Buy,,OrderStatus.Submitted,65000.75,1653898000,BTC-USDT,TimeCondition.GTC,1783610795987654418,0.001,0.001,0.0
4194834854,2837957847,1783610795987955684,1783610795987957910,203,order,benchmark,True,0.0,0.0,,,mock,0.0,,1783610795987955684,InstrumentType.Spot,3847191305847374009,OrderType.Limit,Direction.Long,65000.96,617708432,Side.Sell,,OrderStatus.Submitted,65000.96,1653898000,BTC-USDT,TimeCondition.GTC,1783610795987955684,0.001,0.001,0.0
4194834854,2837957847,1783610795988166188,1783610795988169228,203,order,benchmark,True,0.0,0.0,,,mock,0.0,,1783610795988166188,InstrumentType.Spot,3847191305847374010,OrderType.Limit,Direction.Long,65000.770000000004,617710208,Side.Buy,,OrderStatus.Submitted,65000.770000000004,1653898000,BTC-USDT,TimeCondition.GTC,1783610795988166188,0.001,0.001,0.0
4194834854,2837957847,1783610795988699467,1783610795988702765,203,order,benchmark,True,0.0,0.0,,,mock,0.0,,1783610795988699467,InstrumentType.Spot,3847191305847374011,OrderType.Limit,Direction.Long,65000.979999999996,617711984,Side.Sell,,OrderStatus.Submitted,65000.979999999996,1653898000,BTC-USDT,TimeCondition.GTC,1783610795988699467,0.001,0.001,0.0
4194834854,2837957847,1783610795988940491,1783610795988942755,203,order,benchmark,True,0.0,0.0,,,mock,0.0,,1783610795988940491,InstrumentType.Spot,3847191305847374012,OrderType.Limit,Direction.Long,65000.79,617713760,Side.Buy,,OrderStatus.Submitted,65000.79,1653898000,BTC-USDT,TimeCondition.GTC,1783610795988940491,0.001,0.001,0.0
4194834854,2837957847,1783610795989138263,1783610795989140624,203,order,benchmark,True,0.0,0.0,,,mock,0.0,,1783610795989138263,InstrumentType.Spot,3847191305847374013,OrderType.Limit,Direction.Long,65001.0,617715536,Side.Sell,,OrderStatus.Submitted,65001.0,1653898000,BTC-USDT,TimeCondition.GTC,1783610795989138263,0.001,0.001,0.0
4194834854,2837957847,1783610795989606132,1783610795989609388,203,order,benchmark,True,0.0,0.0,,,mock,0.0,,1783610795989606132,InstrumentType.Spot,3847191305847374014,OrderType.Limit,Direction.Long,65000.810000000005,617717312,Side.Buy,,OrderStatus.Submitted,65000.810000000005,1653898000,BTC-USDT,TimeCondition.GTC,1783610795989606132,0.001,0.001,0.0
4194834854,2837957847,1783610795989834577,1783610795989836840,203,order,benchmark,True,0.0,0.0,,,mock,0.0,,1783610795989834577,InstrumentType.Spot,3847191305847374015,OrderType.Limit,Direction.Long,65001.02,617719088,Side.Sell,,OrderStatus.Submitted,65001.02,1653898000,BTC-USDT,TimeCondition.GTC,1783610795989834577,0.001,0.001,0.0
4194834854,2837957847,1783610795990110927,1783610795990114147,203,order,benchmark,True,0.0,0.0,,,mock,0.0,,1783610795990110927,InstrumentType.Spot,3847191305847374016,OrderType.Limit,Direction.Long,65000.83,617720864,Side.Buy,,OrderStatus.Submitted,65000.83,1653898000,BTC-USDT,TimeCondition.GTC,1783610795990110927,0.001,0.001,0.0
4194834854,2837957847,1783610795990273609,1783610795990276477,203,order,benchmark,True,0.0,0.0,,,mock,0.0,,1783610795990273609,InstrumentType.Spot,3847191305847374017,OrderType.Limit,Direction.Long,65001.04,617722640,Side.Sell,,OrderStatus.Submitted,65001.04,1653898000,BTC-USDT,TimeCondition.GTC,1783610795990273609,0.001,0.001,0.0
4194834854,2837957847,1783610795990664761,1783610795990667055,203,order,benchmark,True,0.0,0.0,,,mock,0.0,,1783610795990664761,InstrumentType.Spot,3847191305847374018,OrderType.Limit,Direction.Long,65000.85,617724416,Side.Buy,,OrderStatus.Submitted,65000.85,1653898000,BTC-USDT,TimeCondition.GTC,1783610795990664761,0.001,0.001,0.0
4194834854,2837957847,1783610795990875697,1783610795990878718,203,order,benchmark,True,0.0,0.0,,,mock,0.0,,1783610795990875697,InstrumentType.Spot,3847191305847374019,OrderType.Limit,Direction.Long,65001.06,617726192,Side.Sell,,OrderStatus.Submitted,65001.06,1653898000,BTC-USDT,TimeCondition.GTC,1783610795990875697,0.001,0.001,0.0
4194834854,2837957847,1783610795991161474,1783610795991164624,203,order,benchmark,True,0.0,0.0,,,mock,0.0,,1783610795991161474,InstrumentType.Spot,3847191305847374020,OrderType.Limit,Direction.Long,65000.87,617727968,Side.Buy,,OrderStatus.Submitted,65000.87,1653898000,BTC-USDT,TimeCondition.GTC,1783610795991161474,0.001,0.001,0.0
4194834854,2837957847,1783610795991553694,1783610795991555905,203,order,benchmark,True,0.0,0.0,,,mock,0.0,,1783610795991553694,InstrumentType.Spot,3847191305847374021,OrderType.Limit,Direction.Long,65001.08,617729744,Side.Sell,,OrderStatus.Submitted,65001.08,1653898000,BTC-USDT,TimeCondition.GTC,1783610795991553694,0.001,0.001,0.0
4194834854,2837957847,1783610795991851146,1783610795991861775,203,order,benchmark,True,0.0,0.0,,,mock,0.0,,1783610795991851146,InstrumentType.Spot,3847191305847374022,OrderType.Limit,Direction.Long,65000.89,617731520,Side.Buy,,OrderStatus.Submitted,65000.89,1653898000,BTC-USDT,TimeCondition.GTC,1783610795991851146,0.001,0.001,0.0
4194834854,2837957847,1783610795992150794,1783610795992152825,203,order,benchmark,True,0.0,0.0,,,mock,0.0,,1783610795992150794,InstrumentType.Spot,3847191305847374023,OrderType.Limit,Direction.Long,65000.1,617733296,Side.Sell,,OrderStatus.Submitted,65000.1,1653898000,BTC-USDT,TimeCondition.GTC,1783610795992150794,0.001,0.001,0.0
4194834854,2837957847,1783610795992461395,1783610795992463481,203,order,benchmark,True,0.0,0.0,,,mock,0.0,,1783610795992461395,InstrumentType.Spot,3847191305847374024,OrderType.Limit,Direction.Long,64999.91,617735072,Side.Buy,,OrderStatus.Submitted,64999.91,1653898000,BTC-USDT,TimeCondition.GTC,1783610795992461395,0.001,0.001,0.0
4194834854,2837957847,1783610795992747579,1783610795992749537,203,order,benchmark,True,0.0,0.0,,,mock,0.0,,1783610795992747579,InstrumentType.Spot,3847191305847374025,OrderType.Limit,Direction.Long,65000.119999999995,617686896,Side.Sell,,OrderStatus.Submitted,65000.119999999995,1653898000,BTC-USDT,TimeCondition.GTC,1783610795992747579,0.001,0.001,0.0
4194834854,2837957847,1783610795993057608,1783610795993059646,203,order,benchmark,True,0.0,0.0,,,mock,0.0,,1783610795993057608,InstrumentType.Spot,3847191305847374026,OrderType.Limit,Direction.Long,64999.93,617687888,Side.Buy,,OrderStatus.Submitted,64999.93,1653898000,BTC-USDT,TimeCondition.GTC,1783610795993057608,0.001,0.001,0.0
4194834854,2837957847,1783610795993347872,1783610795993350050,203,order,benchmark,True,0.0,0.0,,,mock,0.0,,1783610795993347872,InstrumentType.Spot,3847191305847374027,OrderType.Limit,Direction.Long,65000.14,617740656,Side.Sell,,OrderStatus.Submitted,65000.14,1653898000,BTC-USDT,TimeCondition.GTC,1783610795993347872,0.001,0.001,0.0
4194834854,2837957847,1783610795993651471,1783610795993653377,203,order,benchmark,True,0.0,0.0,,,mock,0.0,,1783610795993651471,InstrumentType.Spot,3847191305847374028,OrderType.Limit,Direction.Long,64999.950000000004,617742432,Side.Buy,,OrderStatus.Submitted,64999.950000000004,1653898000,BTC-USDT,TimeCondition.GTC,1783610795993651471,0.001,0.001,0.0
4194834854,2837957847,1783610795993951012,1783610795993953110,203,order,benchmark,True,0.0,0.0,,,mock,0.0,,1783610795993951012,InstrumentType.Spot,3847191305847374029,OrderType.Limit,Direction.Long,65000.159999999996,617744208,Side.Sell,,OrderStatus.Submitted,65000.159999999996,1653898000,BTC-USDT,TimeCondition.GTC,1783610795993951012,0.001,0.001,0.0
4194834854,2837957847,1783610795994450099,1783610795994452870,203,order,benchmark,True,0.0,0.0,,,mock,0.0,,1783610795994450099,InstrumentType.Spot,3847191305847374030,OrderType.Limit,Direction.Long,64999.97,617745984,Side.Buy,,OrderStatus.Submitted,64999.97,1653898000,BTC-USDT,TimeCondition.GTC,1783610795994450099,0.001,0.001,0.0
4194834854,2837957847,1783610795994548259,1783610795994549958,203,order,benchmark,True,0.0,0.0,,,mock,0.0,,1783610795994548259,InstrumentType.Spot,3847191305847374031,OrderType.Limit,Direction.Long,65000.18,617747760,Side.Sell,,OrderStatus.Submitted,65000.18,1653898000,BTC-USDT,TimeCondition.GTC,1783610795994548259,0.001,0.001,0.0
4194834854,2837957847,1783610795995327121,1783610795995329946,203,order,benchmark,True,0.0,0.0,,,mock,0.0,,1783610795995327121,InstrumentType.Spot,3847191305847374032,OrderType.Limit,Direction.Long,64999.99,617749536,Side.Buy,,OrderStatus.Submitted,64999.99,1653898000,BTC-USDT,TimeCondition.GTC,1783610795995327121,0.001,0.001,0.0
4194834854,2837957847,1783610795995349924,1783610795995352330,203,order,benchmark,True,0.0,0.0,,,mock,0.0,,1783610795995349924,InstrumentType.Spot,3847191305847374033,OrderType.Limit,Direction.Long,65000.2,617751280,Side.Sell,,OrderStatus.Submitted,65000.2,1653898000,BTC-USDT,TimeCondition.GTC,1783610795995349924,0.001,0.001,0.0
4194834854,2837957847,1783610795995426786,1783610795995428348,203,order,benchmark,True,0.0,0.0,,,mock,0.0,,1783610795995426786,InstrumentType.Spot,3847191305847374034,OrderType.Limit,Direction.Long,65000.01,617753088,Side.Buy,,OrderStatus.Submitted,65000.01,1653898000,BTC-USDT,TimeCondition.GTC,1783610795995426786,0.001,0.001,0.0
4194834854,2837957847,1783610795995778942,1783610795995788073,203,order,benchmark,True,0.0,0.0,,,mock,0.0,,1783610795995778942,InstrumentType.Spot,3847191305847374035,OrderType.Limit,Direction.Long,65000.22,617754864,Side.Sell,,OrderStatus.Submitted,65000.22,1653898000,BTC-USDT,TimeCondition.GTC,1783610795995778942,0.001,0.001,0.0
4194834854,2837957847,1783610795996078417,1783610795996080631,203,order,benchmark,True,0.0,0.0,,,mock,0.0,,1783610795996078417,InstrumentType.Spot,3847191305847374036,OrderType.Limit,Direction.Long,65000.03,617756640,Side.Buy,,OrderStatus.Submitted,65000.03,1653898000,BTC-USDT,TimeCondition.GTC,1783610795996078417,0.001,0.001,0.0
4194834854,2837957847,1783610795996345896,1783610795996347744,203,order,benchmark,True,0.0,0.0,,,mock,0.0,,1783610795996345896,InstrumentType.Spot,3847191305847374037,OrderType.Limit,Direction.Long,65000.24,617758416,Side.Sell,,OrderStatus.Submitted,65000.24,1653898000,BTC-USDT,TimeCondition.GTC,1783610795996345896,0.001,0.001,0.0
4194834854,2837957847,1783610795996768389,1783610795996770753,203,order,benchmark,True,0.0,0.0,,,mock,0.0,,1783610795996768389,InstrumentType.Spot,3847191305847374038,OrderType.Limit,Direction.Long,65000.05,617760192,Side.Buy,,OrderStatus.Submitted,65000.05,1653898000,BTC-USDT,TimeCondition.GTC,1783610795996768389,0.001,0.001,0.0
4194834854,2837957847,1783610795997021334,1783610795997024157,203,order,benchmark,True,0.0,0.0,,,mock,0.0,,1783610795997021334,InstrumentType.Spot,3847191305847374039,OrderType.Limit,Direction.Long,65000.26,617761968,Side.Sell,,OrderStatus.Submitted,65000.26,1653898000,BTC-USDT,TimeCondition.GTC,1783610795997021334,0.001,0.001,0.0
4194834854,2837957847,1783610795997245296,1783610795997247919,203,order,benchmark,True,0.0,0.0,,,mock,0.0,,1783610795997245296,InstrumentType.Spot,3847191305847374040,OrderType.Limit,Direction.Long,65000.07,617763744,Side.Buy,,OrderStatus.Submitted,65000.07,1653898000,BTC-USDT,TimeCondition.GTC,1783610795997245296,0.001,0.001,0.0
4194834854,2837957847,1783610795997666655,1783610795997668657,203,order,benchmark,True,0.0,0.0,,,mock,0.0,,1783610795997666655,InstrumentType.Spot,3847191305847374041,OrderType.Limit,Direction.Long,65000.28,617765520,Side.Sell,,OrderStatus.Submitted,65000.28,1653898000,BTC-USDT,TimeCondition.GTC,1783610795997666655,0.001,0.001,0.0
4194834854,2837957847,1783610795997862087,1783610795997864018,203,order,benchmark,True,0.0,0.0,,,mock,0.0,,1783610795997862087,InstrumentType.Spot,3847191305847374042,OrderType.Limit,Direction.Long,65000.090000000004,617767296,Side.Buy,,OrderStatus.Submitted,65000.090000000004,1653898000,BTC-USDT,TimeCondition.GTC,1783610795997862087,0.001,0.001,0.0
4194834854,2837957847,1783610795998271108,1783610795998273326,203,order,benchmark,True,0.0,0.0,,,mock,0.0,,1783610795998271108,InstrumentType.Spot,3847191305847374043,OrderType.Limit,Direction.Long,65000.299999999996,617769072,Side.Sell,,OrderStatus.Submitted,65000.299999999996,1653898000,BTC-USDT,TimeCondition.GTC,1783610795998271108,0.001,0.001,0.0
4194834854,2837957847,1783610795998506118,1783610795998526853,203,order,benchmark,True,0.0,0.0,,,mock,0.0,,1783610795998506118,InstrumentType.Spot,3847191305847374044,OrderType.Limit,Direction.Long,65000.11,617770848,Side.Buy,,OrderStatus.Submitted,65000.11,1653898000,BTC-USDT,TimeCondition.GTC,1783610795998506118,0.001,0.001,0.0
4194834854,2837957847,1783610795998747716,1783610795998749736,203,order,benchmark,True,0.0,0.0,,,mock,0.0,,1783610795998747716,InstrumentType.Spot,3847191305847374045,OrderType.Limit,Direction.Long,65000.32,617772624,Side.Sell,,OrderStatus.Submitted,65000.32,1653898000,BTC-USDT,TimeCondition.GTC,1783610795998747716,0.001,0.001,0.0
4194834854,2837957847,1783610795999050280,1783610795999052246,203,order,benchmark,True,0.0,0.0,,,mock,0.0,,1783610795999050280,InstrumentType.Spot,3847191305847374046,OrderType.Limit,Direction.Long,65000.130000000005,617774400,Side.Buy,,OrderStatus.Submitted,65000.130000000005,1653898000,BTC-USDT,TimeCondition.GTC,1783610795999050280,0.001,0.001,0.0
4194834854,2837957847,1783610795999346336,1783610795999348377,203,order,benchmark,True,0.0,0.0,,,mock,0.0,,1783610795999346336,InstrumentType.Spot,3847191305847374047,OrderType.Limit,Direction.Long,65000.34,617776176,Side.Sell,,OrderStatus.Submitted,65000.34,1653898000,BTC-USDT,TimeCondition.GTC,1783610795999346336,0.001,0.001,0.0
4194834854,2837957847,1783610795999646854,1783610795999657183,203,order,benchmark,True,0.0,0.0,,,mock,0.0,,1783610795999646854,InstrumentType.Spot,3847191305847374048,OrderType.Limit,Direction.Long,65000.15,617777952,Side.Buy,,OrderStatus.Submitted,65000.15,1653898000,BTC-USDT,TimeCondition.GTC,1783610795999646854,0.001,0.001,0.0
4194834854,2837957847,1783610795999944491,1783610795999946497,203,order,benchmark,True,0.0,0.0,,,mock,0.0,,1783610795999944491,InstrumentType.Spot,3847191305847374049,OrderType.Limit,Direction.Long,65000.36,617779728,Side.Sell,,OrderStatus.Submitted,65000.36,1653898000,BTC-USDT,TimeCondition.GTC,1783610795999944491,0.001,0.001,0.0
4194834854,2837957847,1783610796000239716,1783610796000241564,203,order,benchmark,True,0.0,0.0,,,mock,0.0,,1783610796000239716,InstrumentType.Spot,3847191305847374050,OrderType.Limit,Direction.Long,65000.17,617781504,Side.Buy,,OrderStatus.Submitted,65000.17,1653898000,BTC-USDT,TimeCondition.GTC,1783610796000239716,0.001,0.001,0.0
4194834854,2837957847,1783610796000541714,1783610796000543626,203,order,benchmark,True,0.0,0.0,,,mock,0.0,,1783610796000541714,InstrumentType.Spot,3847191305847374051,OrderType.Limit,Direction.Long,65000.38,617783280,Side.Sell,,OrderStatus.Submitted,65000.38,1653898000,BTC-USDT,TimeCondition.GTC,1783610796000541714,0.001,0.001,0.0
4194834854,2837957847,1783610796000913620,1783610796000915976,203,order,benchmark,True,0.0,0.0,,,mock,0.0,,1783610796000913620,InstrumentType.Spot,3847191305847374052,OrderType.Limit,Direction.Long,65000.19,617785056,Side.Buy,,OrderStatus.Submitted,65000.19,1653898000,BTC-USDT,TimeCondition.GTC,1783610796000913620,0.001,0.001,0.0
4194834854,2837957847,1783610796001173084,1783610796001175083,203,order,benchmark,True,0.0,0.0,,,mock,0.0,,1783610796001173084,InstrumentType.Spot,3847191305847374053,OrderType.Limit,Direction.Long,65000.4,617786832,Side.Sell,,OrderStatus.Submitted,65000.4,1653898000,BTC-USDT,TimeCondition.GTC,1783610796001173084,0.001,0.001,0.0
4194834854,2837957847,1783610796001613904,1783610796001616866,203,order,benchmark,True,0.0,0.0,,,mock,0.0,,1783610796001613904,InstrumentType.Spot,3847191305847374054,OrderType.Limit,Direction.Long,65000.21,617788608,Side.Buy,,OrderStatus.Submitted,65000.21,1653898000,BTC-USDT,TimeCondition.GTC,1783610796001613904,0.001,0.001,0.0
4194834854,2837957847,1783610796001892316,1783610796001894888,203,order,benchmark,True,0.0,0.0,,,mock,0.0,,1783610796001892316,InstrumentType.Spot,3847191305847374055,OrderType.Limit,Direction.Long,65000.42,617790384,Side.Sell,,OrderStatus.Submitted,65000.42,1653898000,BTC-USDT,TimeCondition.GTC,1783610796001892316,0.001,0.001,0.0
4194834854,2837957847,1783610796002101678,1783610796002103711,203,order,benchmark,True,0.0,0.0,,,mock,0.0,,1783610796002101678,InstrumentType.Spot,3847191305847374056,OrderType.Limit,Direction.Long,65000.23,617792160,Side.Buy,,OrderStatus.Submitted,65000.23,1653898000,BTC-USDT,TimeCondition.GTC,1783610796002101678,0.001,0.001,0.0
4194834854,2837957847,1783610796002349494,1783610796002351539,203,order,benchmark,True,0.0,0.0,,,mock,0.0,,1783610796002349494,InstrumentType.Spot,3847191305847374057,OrderType.Limit,Direction.Long,65000.439999999995,617736848,Side.Sell,,OrderStatus.Submitted,65000.439999999995,1653898000,BTC-USDT,TimeCondition.GTC,1783610796002349494,0.001,0.001,0.0
4194834854,2837957847,1783610796002876173,1783610796002879333,203,order,benchmark,True,0.0,0.0,,,mock,0.0,,1783610796002876173,InstrumentType.Spot,3847191305847374058,OrderType.Limit,Direction.Long,65000.25,617796064,Side.Buy,,OrderStatus.Submitted,65000.25,1653898000,BTC-USDT,TimeCondition.GTC,1783610796002876173,0.001,0.001,0.0
4194834854,2837957847,1783610796002978824,1783610796002980769,203,order,benchmark,True,0.0,0.0,,,mock,0.0,,1783610796002978824,InstrumentType.Spot,3847191305847374059,OrderType.Limit,Direction.Long,65000.46,617797776,Side.Sell,,OrderStatus.Submitted,65000.46,1653898000,BTC-USDT,TimeCondition.GTC,1783610796002978824,0.001,0.001,0.0
4194834854,2837957847,1783610796003258818,1783610796003260892,203,order,benchmark,True,0.0,0.0,,,mock,0.0,,1783610796003258818,InstrumentType.Spot,3847191305847374060,OrderType.Limit,Direction.Long,65000.270000000004,617799552,Side.Buy,,OrderStatus.Submitted,65000.270000000004,1653898000,BTC-USDT,TimeCondition.GTC,1783610796003258818,0.001,0.001,0.0
4194834854,2837957847,1783610796003552151,1783610796003565785,203,order,benchmark,True,0.0,0.0,,,mock,0.0,,1783610796003552151,InstrumentType.Spot,3847191305847374061,OrderType.Limit,Direction.Long,65000.479999999996,617801328,Side.Sell,,OrderStatus.Submitted,65000.479999999996,1653898000,BTC-USDT,TimeCondition.GTC,1783610796003552151,0.001,0.001,0.0
4194834854,2837957847,1783610796003977066,1783610796003979919,203,order,benchmark,True,0.0,0.0,,,mock,0.0,,1783610796003977066,InstrumentType.Spot,3847191305847374062,OrderType.Limit,Direction.Long,65000.29,617803104,Side.Buy,,OrderStatus.Submitted,65000.29,1653898000,BTC-USDT,TimeCondition.GTC,1783610796003977066,0.001,0.001,0.0
4194834854,2837957847,1783610796004191934,1783610796004194051,203,order,benchmark,True,0.0,0.0,,,mock,0.0,,1783610796004191934,InstrumentType.Spot,3847191305847374063,OrderType.Limit,Direction.Long,65000.5,617804880,Side.Sell,,OrderStatus.Submitted,65000.5,1653898000,BTC-USDT,TimeCondition.GTC,1783610796004191934,0.001,0.001,0.0
4194834854,2837957847,1783610796004453559,1783610796004455628,203,order,benchmark,True,0.0,0.0,,,mock,0.0,,1783610796004453559,InstrumentType.Spot,3847191305847374064,OrderType.Limit,Direction.Long,65000.310000000005,617806656,Side.Buy,,OrderStatus.Submitted,65000.310000000005,1653898000,BTC-USDT,TimeCondition.GTC,1783610796004453559,0.001,0.001,0.0
4194834854,2837957847,1783610796004752453,1783610796004754614,203,order,benchmark,True,0.0,0.0,,,mock,0.0,,1783610796004752453,InstrumentType.Spot,3847191305847374065,OrderType.Limit,Direction.Long,65000.52,617808432,Side.Sell,,OrderStatus.Submitted,65000.52,1653898000,BTC-USDT,TimeCondition.GTC,1783610796004752453,0.001,0.001,0.0
4194834854,2837957847,1783610796005061322,1783610796005063757,203,order,benchmark,True,0.0,0.0,,,mock,0.0,,1783610796005061322,InstrumentType.Spot,3847191305847374066,OrderType.Limit,Direction.Long,65000.33,617810208,Side.Buy,,OrderStatus.Submitted,65000.33,1653898000,BTC-USDT,TimeCondition.GTC,1783610796005061322,0.001,0.001,0.0
4194834854,2837957847,1783610796005470049,1783610796005472666,203,order,benchmark,True,0.0,0.0,,,mock,0.0,,1783610796005470049,InstrumentType.Spot,3847191305847374067,OrderType.Limit,Direction.Long,65000.54,617811984,Side.Sell,,OrderStatus.Submitted,65000.54,1653898000,BTC-USDT,TimeCondition.GTC,1783610796005470049,0.001,0.001,0.0
4194834854,2837957847,1783610796005727030,1783610796005730105,203,order,benchmark,True,0.0,0.0,,,mock,0.0,,1783610796005727030,InstrumentType.Spot,3847191305847374068,OrderType.Limit,Direction.Long,65000.35,617813760,Side.Buy,,OrderStatus.Submitted,65000.35,1653898000,BTC-USDT,TimeCondition.GTC,1783610796005727030,0.001,0.001,0.0
4194834854,2837957847,1783610796005893465,1783610796005896445,203,order,benchmark,True,0.0,0.0,,,mock,0.0,,1783610796005893465,InstrumentType.Spot,3847191305847374069,OrderType.Limit,Direction.Long,65000.56,617815536,Side.Sell,,OrderStatus.Submitted,65000.56,1653898000,BTC-USDT,TimeCondition.GTC,1783610796005893465,0.001,0.001,0.0
4194834854,2837957847,1783610796006267340,1783610796006269723,203,order,benchmark,True,0.0,0.0,,,mock,0.0,,1783610796006267340,InstrumentType.Spot,3847191305847374070,OrderType.Limit,Direction.Long,65000.37,617817312,Side.Buy,,OrderStatus.Submitted,65000.37,1653898000,BTC-USDT,TimeCondition.GTC,1783610796006267340,0.001,0.001,0.0
4194834854,2837957847,1783610796006561460,1783610796006563550,203,order,benchmark,True,0.0,0.0,,,mock,0.0,,1783610796006561460,InstrumentType.Spot,3847191305847374071,OrderType.Limit,Direction.Long,65000.58,617819088,Side.Sell,,OrderStatus.Submitted,65000.58,1653898000,BTC-USDT,TimeCondition.GTC,1783610796006561460,0.001,0.001,0.0
4194834854,2837957847,1783610796006871861,1783610796006874216,203,order,benchmark,True,0.0,0.0,,,mock,0.0,,1783610796006871861,InstrumentType.Spot,3847191305847374072,OrderType.Limit,Direction.Long,65000.39,617820864,Side.Buy,,OrderStatus.Submitted,65000.39,1653898000,BTC-USDT,TimeCondition.GTC,1783610796006871861,0.001,0.001,0.0
4194834854,2837957847,1783610796007150608,1783610796007152879,203,order,benchmark,True,0.0,0.0,,,mock,0.0,,1783610796007150608,InstrumentType.Spot,3847191305847374073,OrderType.Limit,Direction.Long,65000.6,617822640,Side.Sell,,OrderStatus.Submitted,65000.6,1653898000,BTC-USDT,TimeCondition.GTC,1783610796007150608,0.001,0.001,0.0
4194834854,2837957847,1783610796007462448,1783610796007472899,203,order,benchmark,True,0.0,0.0,,,mock,0.0,,1783610796007462448,InstrumentType.Spot,3847191305847374074,OrderType.Limit,Direction.Long,65000.41,617824416,Side.Buy,,OrderStatus.Submitted,65000.41,1653898000,BTC-USDT,TimeCondition.GTC,1783610796007462448,0.001,0.001,0.0
4194834854,2837957847,1783610796007769694,1783610796007772758,203,order,benchmark,True,0.0,0.0,,,mock,0.0,,1783610796007769694,InstrumentType.Spot,3847191305847374075,OrderType.Limit,Direction.Long,65000.619999999995,617826192,Side.Sell,,OrderStatus.Submitted,65000.619999999995,1653898000,BTC-USDT,TimeCondition.GTC,1783610796007769694,0.001,0.001,0.0
4194834854,2837957847,1783610796008073488,1783610796008076260,203,order,benchmark,True,0.0,0.0,,,mock,0.0,,1783610796008073488,InstrumentType.Spot,3847191305847374076,OrderType.Limit,Direction.Long,65000.43,617827968,Side.Buy,,OrderStatus.Submitted,65000.43,1653898000,BTC-USDT,TimeCondition.GTC,1783610796008073488,0.001,0.001,0.0
4194834854,2837957847,1783610796008565337,1783610796008568320,203,order,benchmark,True,0.0,0.0,,,mock,0.0,,1783610796008565337,InstrumentType.Spot,3847191305847374077,OrderType.Limit,Direction.Long,65000.64,617829744,Side.Sell,,OrderStatus.Submitted,65000.64,1653898000,BTC-USDT,TimeCondition.GTC,1783610796008565337,0.001,0.001,0.0
4194834854,2837957847,1783610796008677190,1783610796008679170,203,order,benchmark,True,0.0,0.0,,,mock,0.0,,1783610796008677190,InstrumentType.Spot,3847191305847374078,OrderType.Limit,Direction.Long,65000.450000000004,617831520,Side.Buy,,OrderStatus.Submitted,65000.450000000004,1653898000,BTC-USDT,TimeCondition.GTC,1783610796008677190,0.001,0.001,0.0
4194834854,2837957847,1783610796009119697,1783610796009122877,203,order,benchmark,True,0.0,0.0,,,mock,0.0,,1783610796009119697,InstrumentType.Spot,3847191305847374079,OrderType.Limit,Direction.Long,65000.659999999996,617833296,Side.Sell,,OrderStatus.Submitted,65000.659999999996,1653898000,BTC-USDT,TimeCondition.GTC,1783610796009119697,0.001,0.001,0.0
4194834854,2837957847,1783610796009288729,1783610796009290802,203,order,benchmark,True,0.0,0.0,,,mock,0.0,,1783610796009288729,InstrumentType.Spot,3847191305847374080,OrderType.Limit,Direction.Long,65000.47,617835072,Side.Buy,,OrderStatus.Submitted,65000.47,1653898000,BTC-USDT,TimeCondition.GTC,1783610796009288729,0.001,0.001,0.0
4194834854,2837957847,1783610796009777039,1783610796009780527,203,order,benchmark,True,0.0,0.0,,,mock,0.0,,1783610796009777039,InstrumentType.Spot,3847191305847374081,OrderType.Limit,Direction.Long,65000.68,617836848,Side.Sell,,OrderStatus.Submitted,65000.68,1653898000,BTC-USDT,TimeCondition.GTC,1783610796009777039,0.001,0.001,0.0
4194834854,2837957847,1783610796009984374,1783610796009987977,203,order,benchmark,True,0.0,0.0,,,mock,0.0,,1783610796009984374,InstrumentType.Spot,3847191305847374082,OrderType.Limit,Direction.Long,65000.49,617838624,Side.Buy,,OrderStatus.Submitted,65000.49,1653898000,BTC-USDT,TimeCondition.GTC,1783610796009984374,0.001,0.001,0.0
4194834854,2837957847,1783610796010224453,1783610796010227638,203,order,benchmark,True,0.0,0.0,,,mock,0.0,,1783610796010224453,InstrumentType.Spot,3847191305847374083,OrderType.Limit,Direction.Long,65000.7,617840400,Side.Sell,,OrderStatus.Submitted,65000.7,1653898000,BTC-USDT,TimeCondition.GTC,1783610796010224453,0.001,0.001,0.0
4194834854,2837957847,1783610796010420377,1783610796010423375,203,order,benchmark,True,0.0,0.0,,,mock,0.0,,1783610796010420377,InstrumentType.Spot,3847191305847374084,OrderType.Limit,Direction.Long,65000.51,617842176,Side.Buy,,OrderStatus.Submitted,65000.51,1653898000,BTC-USDT,TimeCondition.GTC,1783610796010420377,0.001,0.001,0.0
4194834854,2837957847,1783610796010708167,1783610796010711121,203,order,benchmark,True,0.0,0.0,,,mock,0.0,,1783610796010708167,InstrumentType.Spot,3847191305847374085,OrderType.Limit,Direction.Long,65000.72,617843952,Side.Sell,,OrderStatus.Submitted,65000.72,1653898000,BTC-USDT,TimeCondition.GTC,1783610796010708167,0.001,0.001,0.0
4194834854,2837957847,1783610796011198056,1783610796011201370,203,order,benchmark,True,0.0,0.0,,,mock,0.0,,1783610796011198056,InstrumentType.Spot,3847191305847374086,OrderType.Limit,Direction.Long,65000.53,617845728,Side.Buy,,OrderStatus.Submitted,65000.53,1653898000,BTC-USDT,TimeCondition.GTC,1783610796011198056,0.001,0.001,0.0
4194834854,2837957847,1783610796011435442,1783610796011437621,203,order,benchmark,True,0.0,0.0,,,mock,0.0,,1783610796011435442,InstrumentType.Spot,3847191305847374087,OrderType.Limit,Direction.Long,65000.74,617847504,Side.Sell,,OrderStatus.Submitted,65000.74,1653898000,BTC-USDT,TimeCondition.GTC,1783610796011435442,0.001,0.001,0.0
4194834854,2837957847,1783610796011699576,1783610796011737355,203,order,benchmark,True,0.0,0.0,,,mock,0.0,,1783610796011699576,InstrumentType.Spot,3847191305847374088,OrderType.Limit,Direction.Long,65000.55,617849280,Side.Buy,,OrderStatus.Submitted,65000.55,1653898000,BTC-USDT,TimeCondition.GTC,1783610796011699576,0.001,0.001,0.0
4194834854,2837957847,1783610796011880189,1783610796011883238,203,order,benchmark,True,0.0,0.0,,,mock,0.0,,1783610796011880189,InstrumentType.Spot,3847191305847374089,OrderType.Limit,Direction.Long,65000.76,617851056,Side.Sell,,OrderStatus.Submitted,65000.76,1653898000,BTC-USDT,TimeCondition.GTC,1783610796011880189,0.001,0.001,0.0
4194834854,2837957847,1783610796012181903,1783610796012184976,203,order,benchmark,True,0.0,0.0,,,mock,0.0,,1783610796012181903,InstrumentType.Spot,3847191305847374090,OrderType.Limit,Direction.Long,65000.57,617852832,Side.Buy,,OrderStatus.Submitted,65000.57,1653898000,BTC-USDT,TimeCondition.GTC,1783610796012181903,0.001,0.001,0.0
4194834854,2837957847,1783610796012579984,1783610796012582306,203,order,benchmark,True,0.0,0.0,,,mock,0.0,,1783610796012579984,InstrumentType.Spot,3847191305847374091,OrderType.Limit,Direction.Long,65000.78,617854608,Side.Sell,,OrderStatus.Submitted,65000.78,1653898000,BTC-USDT,TimeCondition.GTC,1783610796012579984,0.001,0.001,0.0
4194834854,2837957847,1783610796012792090,1783610796012795119,203,order,benchmark,True,0.0,0.0,,,mock,0.0,,1783610796012792090,InstrumentType.Spot,3847191305847374092,OrderType.Limit,Direction.Long,65000.590000000004,617856384,Side.Buy,,OrderStatus.Submitted,65000.590000000004,1653898000,BTC-USDT,TimeCondition.GTC,1783610796012792090,0.001,0.001,0.0
4194834854,2837957847,1783610796013155398,1783610796013157684,203,order,benchmark,True,0.0,0.0,,,mock,0.0,,1783610796013155398,InstrumentType.Spot,3847191305847374093,OrderType.Limit,Direction.Long,65000.799999999996,617793936,Side.Sell,,OrderStatus.Submitted,65000.799999999996,1653898000,BTC-USDT,TimeCondition.GTC,1783610796013155398,0.001,0.001,0.0
4194834854,2837957847,1783610796013449209,1783610796013451163,203,order,benchmark,True,0.0,0.0,,,mock,0.0,,1783610796013449209,InstrumentType.Spot,3847191305847374094,OrderType.Limit,Direction.Long,65000.61,617795712,Side.Buy,,OrderStatus.Submitted,65000.61,1653898000,BTC-USDT,TimeCondition.GTC,1783610796013449209,0.001,0.001,0.0
4194834854,2837957847,1783610796013754716,1783610796013756918,203,order,benchmark,True,0.0,0.0,,,mock,0.0,,1783610796013754716,InstrumentType.Spot,3847191305847374095,OrderType.Limit,Direction.Long,65000.82,617862032,Side.Sell,,OrderStatus.Submitted,65000.82,1653898000,BTC-USDT,TimeCondition.GTC,1783610796013754716,0.001,0.001,0.0
4194834854,2837957847,1783610796014061987,1783610796014065015,203,order,benchmark,True,0.0,0.0,,,mock,0.0,,1783610796014061987,InstrumentType.Spot,3847191305847374096,OrderType.Limit,Direction.Long,65000.630000000005,617863808,Side.Buy,,OrderStatus.Submitted,65000.630000000005,1653898000,BTC-USDT,TimeCondition.GTC,1783610796014061987,0.001,0.001,0.0
4194834854,2837957847,1783610796014351261,1783610796014353462,203,order,benchmark,True,0.0,0.0,,,mock,0.0,,1783610796014351261,InstrumentType.Spot,3847191305847374097,OrderType.Limit,Direction.Long,65000.84,617865584,Side.Sell,,OrderStatus.Submitted,65000.84,1653898000,BTC-USDT,TimeCondition.GTC,1783610796014351261,0.001,0.001,0.0
4194834854,2837957847,1783610796014651833,1783610796014654081,203,order,benchmark,True,0.0,0.0,,,mock,0.0,,1783610796014651833,InstrumentType.Spot,3847191305847374098,OrderType.Limit,Direction.Long,65000.65,617867360,Side.Buy,,OrderStatus.Submitted,65000.65,1653898000,BTC-USDT,TimeCondition.GTC,1783610796014651833,0.001,0.001,0.0
4194834854,2837957847,1783610796014950672,1783610796014952605,203,order,benchmark,True,0.0,0.0,,,mock,0.0,,1783610796014950672,InstrumentType.Spot,3847191305847374099,OrderType.Limit,Direction.Long,65000.86,617869136,Side.Sell,,OrderStatus.Submitted,65000.86,1653898000,BTC-USDT,TimeCondition.GTC,1783610796014950672,0.001,0.001,0.0
4194834854,2837957847,1783610796015264469,1783610796015266764,203,order,benchmark,True,0.0,0.0,,,mock,0.0,,1783610796015264469,InstrumentType.Spot,3847191305847374100,OrderType.Limit,Direction.Long,65000.67,617870912,Side.Buy,,OrderStatus.Submitted,65000.67,1653898000,BTC-USDT,TimeCondition.GTC,1783610796015264469,0.001,0.001,0.0
4194834854,2837957847,1783610796015465782,1783610796015478592,203,order,benchmark,True,0.0,0.0,,,mock,0.0,,1783610796015465782,InstrumentType.Spot,3847191305847374101,OrderType.Limit,Direction.Long,65000.88,617872688,Side.Sell,,OrderStatus.Submitted,65000.88,1653898000,BTC-USDT,TimeCondition.GTC,1783610796015465782,0.001,0.001,0.0
4194834854,2837957847,1783610796015847927,1783610796015850006,203,order,benchmark,True,0.0,0.0,,,mock,0.0,,1783610796015847927,InstrumentType.Spot,3847191305847374102,OrderType.Limit,Direction.Long,65000.69,617874464,Side.Buy,,OrderStatus.Submitted,65000.69,1653898000,BTC-USDT,TimeCondition.GTC,1783610796015847927,0.001,0.001,0.0
4194834854,2837957847,1783610796016285353,1783610796016291129,203,order,benchmark,True,0.0,0.0,,,mock,0.0,,1783610796016285353,InstrumentType.Spot,3847191305847374103,OrderType.Limit,Direction.Long,65000.9,617876240,Side.Sell,,OrderStatus.Submitted,65000.9,1653898000,BTC-USDT,TimeCondition.GTC,1783610796016285353,0.001,0.001,0.0
4194834854,2837957847,1783610796016486433,1783610796016489234,203,order,benchmark,True,0.0,0.0,,,mock,0.0,,1783610796016486433,InstrumentType.Spot,3847191305847374104,OrderType.Limit,Direction.Long,65000.71,617878016,Side.Buy,,OrderStatus.Submitted,65000.71,1653898000,BTC-USDT,TimeCondition.GTC,1783610796016486433,0.001,0.001,0.0
4194834854,2837957847,1783610796016729493,1783610796016732321,203,order,benchmark,True,0.0,0.0,,,mock,0.0,,1783610796016729493,InstrumentType.Spot,3847191305847374105,OrderType.Limit,Direction.Long,65000.92,617879792,Side.Sell,,OrderStatus.Submitted,65000.92,1653898000,BTC-USDT,TimeCondition.GTC,1783610796016729493,0.001,0.001,0.0
4194834854,2837957847,1783610796017189874,1783610796017192957,203,order,benchmark,True,0.0,0.0,,,mock,0.0,,1783610796017189874,InstrumentType.Spot,3847191305847374106,OrderType.Limit,Direction.Long,65000.73,617881568,Side.Buy,,OrderStatus.Submitted,65000.73,1653898000,BTC-USDT,TimeCondition.GTC,1783610796017189874,0.001,0.001,0.0
4194834854,2837957847,1783610796017405565,1783610796017407624,203,order,benchmark,True,0.0,0.0,,,mock,0.0,,1783610796017405565,InstrumentType.Spot,3847191305847374107,OrderType.Limit,Direction.Long,65000.939999999995,617883344,Side.Sell,,OrderStatus.Submitted,65000.939999999995,1653898000,BTC-USDT,TimeCondition.GTC,1783610796017405565,0.001,0.001,0.0
4194834854,2837957847,1783610796017658326,1783610796017661044,203,order,benchmark,True,0.0,0.0,,,mock,0.0,,1783610796017658326,InstrumentType.Spot,3847191305847374108,OrderType.Limit,Direction.Long,65000.75,617885120,Side.Buy,,OrderStatus.Submitted,65000.75,1653898000,BTC-USDT,TimeCondition.GTC,1783610796017658326,0.001,0.001,0.0
4194834854,2837957847,1783610796017943704,1783610796017946418,203,order,benchmark,True,0.0,0.0,,,mock,0.0,,1783610796017943704,InstrumentType.Spot,3847191305847374109,OrderType.Limit,Direction.Long,65000.96,617886896,Side.Sell,,OrderStatus.Submitted,65000.96,1653898000,BTC-USDT,TimeCondition.GTC,1783610796017943704,0.001,0.001,0.0
4194834854,2837957847,1783610796018258283,1783610796018260448,203,order,benchmark,True,0.0,0.0,,,mock,0.0,,1783610796018258283,InstrumentType.Spot,3847191305847374110,OrderType.Limit,Direction.Long,65000.770000000004,617888672,Side.Buy,,OrderStatus.Submitted,65000.770000000004,1653898000,BTC-USDT,TimeCondition.GTC,1783610796018258283,0.001,0.001,0.0
4194834854,2837957847,1783610796018543714,1783610796018545546,203,order,benchmark,True,0.0,0.0,,,mock,0.0,,1783610796018543714,InstrumentType.Spot,3847191305847374111,OrderType.Limit,Direction.Long,65000.979999999996,617890448,Side.Sell,,OrderStatus.Submitted,65000.979999999996,1653898000,BTC-USDT,TimeCondition.GTC,1783610796018543714,0.001,0.001,0.0
4194834854,2837957847,1783610796018960175,1783610796018962701,203,order,benchmark,True,0.0,0.0,,,mock,0.0,,1783610796018960175,InstrumentType.Spot,3847191305847374112,OrderType.Limit,Direction.Long,65000.79,617892224,Side.Buy,,OrderStatus.Submitted,65000.79,1653898000,BTC-USDT,TimeCondition.GTC,1783610796018960175,0.001,0.001,0.0
4194834854,2837957847,1783610796019192719,1783610796019195032,203,order,benchmark,True,0.0,0.0,,,mock,0.0,,1783610796019192719,InstrumentType.Spot,3847191305847374113,OrderType.Limit,Direction.Long,65001.0,617894000,Side.Sell,,OrderStatus.Submitted,65001.0,1653898000,BTC-USDT,TimeCondition.GTC,1783610796019192719,0.001,0.001,0.0
4194834854,2837957847,1783610796019446597,1783610796019460223,203,order,benchmark,True,0.0,0.0,,,mock,0.0,,1783610796019446597,InstrumentType.Spot,3847191305847374114,OrderType.Limit,Direction.Long,65000.810000000005,617895776,Side.Buy,,OrderStatus.Submitted,65000.810000000005,1653898000,BTC-USDT,TimeCondition.GTC,1783610796019446597,0.001,0.001,0.0
4194834854,2837957847,1783610796019740117,1783610796019742047,203,order,benchmark,True,0.0,0.0,,,mock,0.0,,1783610796019740117,InstrumentType.Spot,3847191305847374115,OrderType.Limit,Direction.Long,65001.02,617897552,Side.Sell,,OrderStatus.Submitted,65001.02,1653898000,BTC-USDT,TimeCondition.GTC,1783610796019740117,0.001,0.001,0.0
4194834854,2837957847,1783610796020040597,1783610796020042672,203,order,benchmark,True,0.0,0.0,,,mock,0.0,,1783610796020040597,InstrumentType.Spot,3847191305847374116,OrderType.Limit,Direction.Long,65000.83,617899328,Side.Buy,,OrderStatus.Submitted,65000.83,1653898000,BTC-USDT,TimeCondition.GTC,1783610796020040597,0.001,0.001,0.0
4194834854,2837957847,1783610796020340676,1783610796020342724,203,order,benchmark,True,0.0,0.0,,,mock,0.0,,1783610796020340676,InstrumentType.Spot,3847191305847374117,OrderType.Limit,Direction.Long,65001.04,617901104,Side.Sell,,OrderStatus.Submitted,65001.04,1653898000,BTC-USDT,TimeCondition.GTC,1783610796020340676,0.001,0.001,0.0
4194834854,2837957847,1783610796020644427,1783610796020646428,203,order,benchmark,True,0.0,0.0,,,mock,0.0,,1783610796020644427,InstrumentType.Spot,3847191305847374118,OrderType.Limit,Direction.Long,65000.85,617902880,Side.Buy,,OrderStatus.Submitted,65000.85,1653898000,BTC-USDT,TimeCondition.GTC,1783610796020644427,0.001,0.001,0.0
4194834854,2837957847,1783610796020950634,1783610796020952950,203,order,benchmark,True,0.0,0.0,,,mock,0.0,,1783610796020950634,InstrumentType.Spot,3847191305847374119,OrderType.Limit,Direction.Long,65001.06,617904656,Side.Sell,,OrderStatus.Submitted,65001.06,1653898000,BTC-USDT,TimeCondition.GTC,1783610796020950634,0.001,0.001,0.0
4194834854,2837957847,1783610796021240363,1783610796021242303,203,order,benchmark,True,0.0,0.0,,,mock,0.0,,1783610796021240363,InstrumentType.Spot,3847191305847374120,OrderType.Limit,Direction.Long,65000.87,617906432,Side.Buy,,OrderStatus.Submitted,65000.87,1653898000,BTC-USDT,TimeCondition.GTC,1783610796021240363,0.001,0.001,0.0
4194834854,2837957847,1783610796021544217,1783610796021546279,203,order,benchmark,True,0.0,0.0,,,mock,0.0,,1783610796021544217,InstrumentType.Spot,3847191305847374121,OrderType.Limit,Direction.Long,65001.08,617908208,Side.Sell,,OrderStatus.Submitted,65001.08,1653898000,BTC-USDT,TimeCondition.GTC,1783610796021544217,0.001,0.001,0.0
4194834854,2837957847,1783610796021842535,1783610796021844398,203,order,benchmark,True,0.0,0.0,,,mock,0.0,,1783610796021842535,InstrumentType.Spot,3847191305847374122,OrderType.Limit,Direction.Long,65000.89,617909984,Side.Buy,,OrderStatus.Submitted,65000.89,1653898000,BTC-USDT,TimeCondition.GTC,1783610796021842535,0.001,0.001,0.0
4194834854,2837957847,1783610796022148873,1783610796022150938,203,order,benchmark,True,0.0,0.0,,,mock,0.0,,1783610796022148873,InstrumentType.Spot,3847191305847374123,OrderType.Limit,Direction.Long,65000.1,617911760,Side.Sell,,OrderStatus.Submitted,65000.1,1653898000,BTC-USDT,TimeCondition.GTC,1783610796022148873,0.001,0.001,0.0
4194834854,2837957847,1783610796022439002,1783610796022440869,203,order,benchmark,True,0.0,0.0,,,mock,0.0,,1783610796022439002,InstrumentType.Spot,3847191305847374124,OrderType.Limit,Direction.Long,64999.91,617913536,Side.Buy,,OrderStatus.Submitted,64999.91,1653898000,BTC-USDT,TimeCondition.GTC,1783610796022439002,0.001,0.001,0.0
4194834854,2837957847,1783610796022746319,1783610796022748345,203,order,benchmark,True,0.0,0.0,,,mock,0.0,,1783610796022746319,InstrumentType.Spot,3847191305847374125,OrderType.Limit,Direction.Long,65000.119999999995,617915312,Side.Sell,,OrderStatus.Submitted,65000.119999999995,1653898000,BTC-USDT,TimeCondition.GTC,1783610796022746319,0.001,0.001,0.0
4194834854,2837957847,1783610796023049629,1783610796023051746,203,order,benchmark,True,0.0,0.0,,,mock,0.0,,1783610796023049629,InstrumentType.Spot,3847191305847374126,OrderType.Limit,Direction.Long,64999.93,617917088,Side.Buy,,OrderStatus.Submitted,64999.93,1653898000,BTC-USDT,TimeCondition.GTC,1783610796023049629,0.001,0.001,0.0
4194834854,2837957847,1783610796023343846,1783610796023353547,203,order,benchmark,True,0.0,0.0,,,mock,0.0,,1783610796023343846,InstrumentType.Spot,3847191305847374127,OrderType.Limit,Direction.Long,65000.14,617918864,Side.Sell,,OrderStatus.Submitted,65000.14,1653898000,BTC-USDT,TimeCondition.GTC,1783610796023343846,0.001,0.001,0.0
4194834854,2837957847,1783610796023638270,1783610796023640258,203,order,benchmark,True,0.0,0.0,,,mock,0.0,,1783610796023638270,InstrumentType.Spot,3847191305847374128,OrderType.Limit,Direction.Long,64999.950000000004,617920640,Side.Buy,,OrderStatus.Submitted,64999.950000000004,1653898000,BTC-USDT,TimeCondition.GTC,1783610796023638270,0.001,0.001,0.0
4194834854,2837957847,1783610796024146696,1783610796024150221,203,order,benchmark,True,0.0,0.0,,,mock,0.0,,1783610796024146696,InstrumentType.Spot,3847191305847374129,OrderType.Limit,Direction.Long,65000.159999999996,617922416,Side.Sell,,OrderStatus.Submitted,65000.159999999996,1653898000,BTC-USDT,TimeCondition.GTC,1783610796024146696,0.001,0.001,0.0
4194834854,2837957847,1783610796024236935,1783610796024239493,203,order,benchmark,True,0.0,0.0,,,mock,0.0,,1783610796024236935,InstrumentType.Spot,3847191305847374130,OrderType.Limit,Direction.Long,64999.97,617924192,Side.Buy,,OrderStatus.Submitted,64999.97,1653898000,BTC-USDT,TimeCondition.GTC,1783610796024236935,0.001,0.001,0.0
4194834854,2837957847,1783610796024466027,1783610796024468757,203,order,benchmark,True,0.0,0.0,,,mock,0.0,,1783610796024466027,InstrumentType.Spot,3847191305847374131,OrderType.Limit,Direction.Long,65000.18,617925968,Side.Sell,,OrderStatus.Submitted,65000.18,1653898000,BTC-USDT,TimeCondition.GTC,1783610796024466027,0.001,0.001,0.0
4194834854,2837957847,1783610796024836269,1783610796024838340,203,order,benchmark,True,0.0,0.0,,,mock,0.0,,1783610796024836269,InstrumentType.Spot,3847191305847374132,OrderType.Limit,Direction.Long,64999.99,617927744,Side.Buy,,OrderStatus.Submitted,64999.99,1653898000,BTC-USDT,TimeCondition.GTC,1783610796024836269,0.001,0.001,0.0
4194834854,2837957847,1783610796025147004,1783610796025149151,203,order,benchmark,True,0.0,0.0,,,mock,0.0,,1783610796025147004,InstrumentType.Spot,3847191305847374133,OrderType.Limit,Direction.Long,65000.2,617858160,Side.Sell,,OrderStatus.Submitted,65000.2,1653898000,BTC-USDT,TimeCondition.GTC,1783610796025147004,0.001,0.001,0.0
4194834854,2837957847,1783610796025441610,1783610796025443536,203,order,benchmark,True,0.0,0.0,,,mock,0.0,,1783610796025441610,InstrumentType.Spot,3847191305847374134,OrderType.Limit,Direction.Long,65000.01,617859936,Side.Buy,,OrderStatus.Submitted,65000.01,1653898000,BTC-USDT,TimeCondition.GTC,1783610796025441610,0.001,0.001,0.0
4194834854,2837957847,1783610796025734235,1783610796025736179,203,order,benchmark,True,0.0,0.0,,,mock,0.0,,1783610796025734235,InstrumentType.Spot,3847191305847374135,OrderType.Limit,Direction.Long,65000.22,617933424,Side.Sell,,OrderStatus.Submitted,65000.22,1653898000,BTC-USDT,TimeCondition.GTC,1783610796025734235,0.001,0.001,0.0
4194834854,2837957847,1783610796026040166,1783610796026042139,203,order,benchmark,True,0.0,0.0,,,mock,0.0,,1783610796026040166,InstrumentType.Spot,3847191305847374136,OrderType.Limit,Direction.Long,65000.03,617935200,Side.Buy,,OrderStatus.Submitted,65000.03,1653898000,BTC-USDT,TimeCondition.GTC,1783610796026040166,0.001,0.001,0.0
4194834854,2837957847,1783610796026344743,1783610796026346823,203,order,benchmark,True,0.0,0.0,,,mock,0.0,,1783610796026344743,InstrumentType.Spot,3847191305847374137,OrderType.Limit,Direction.Long,65000.24,617936976,Side.Sell,,OrderStatus.Submitted,65000.24,1653898000,BTC-USDT,TimeCondition.GTC,1783610796026344743,0.001,0.001,0.0
4194834854,2837957847,1783610796026655887,1783610796026657955,203,order,benchmark,True,0.0,0.0,,,mock,0.0,,1783610796026655887,InstrumentType.Spot,3847191305847374138,OrderType.Limit,Direction.Long,65000.05,617938752,Side.Buy,,OrderStatus.Submitted,65000.05,1653898000,BTC-USDT,TimeCondition.GTC,1783610796026655887,0.001,0.001,0.0
4194834854,2837957847,1783610796027065109,1783610796027067372,203,order,benchmark,True,0.0,0.0,,,mock,0.0,,1783610796027065109,InstrumentType.Spot,3847191305847374139,OrderType.Limit,Direction.Long,65000.26,617940528,Side.Sell,,OrderStatus.Submitted,65000.26,1653898000,BTC-USDT,TimeCondition.GTC,1783610796027065109,0.001,0.001,0.0
4194834854,2837957847,1783610796027264299,1783610796027354555,203,order,benchmark,True,0.0,0.0,,,mock,0.0,,1783610796027264299,InstrumentType.Spot,3847191305847374140,OrderType.Limit,Direction.Long,65000.07,617942304,Side.Buy,,OrderStatus.Submitted,65000.07,1653898000,BTC-USDT,TimeCondition.GTC,1783610796027264299,0.001,0.001,0.0
4194834854,2837957847,1783610796027575459,1783610796027577924,203,order,benchmark,True,0.0,0.0,,,mock,0.0,,1783610796027575459,InstrumentType.Spot,3847191305847374141,OrderType.Limit,Direction.Long,65000.28,617944080,Side.Sell,,OrderStatus.Submitted,65000.28,1653898000,BTC-USDT,TimeCondition.GTC,1783610796027575459,0.001,0.001,0.0
4194834854,2837957847,1783610796027843918,1783610796027846147,203,order,benchmark,True,0.0,0.0,,,mock,0.0,,1783610796027843918,InstrumentType.Spot,3847191305847374142,OrderType.Limit,Direction.Long,65000.090000000004,617945856,Side.Buy,,OrderStatus.Submitted,65000.090000000004,1653898000,BTC-USDT,TimeCondition.GTC,1783610796027843918,0.001,0.001,0.0
4194834854,2837957847,1783610796028147382,1783610796028149518,203,order,benchmark,True,0.0,0.0,,,mock,0.0,,1783610796028147382,InstrumentType.Spot,3847191305847374143,OrderType.Limit,Direction.Long,65000.299999999996,617947632,Side.Sell,,OrderStatus.Submitted,65000.299999999996,1653898000,BTC-USDT,TimeCondition.GTC,1783610796028147382,0.001,0.001,0.0
4194834854,2837957847,1783610796028439002,1783610796028442033,203,order,benchmark,True,0.0,0.0,,,mock,0.0,,1783610796028439002,InstrumentType.Spot,3847191305847374144,OrderType.Limit,Direction.Long,65000.11,617949408,Side.Buy,,OrderStatus.Submitted,65000.11,1653898000,BTC-USDT,TimeCondition.GTC,1783610796028439002,0.001,0.001,0.0
4194834854,2837957847,1783610796028898809,1783610796028902122,203,order,benchmark,True,0.0,0.0,,,mock,0.0,,1783610796028898809,InstrumentType.Spot,3847191305847374145,OrderType.Limit,Direction.Long,65000.32,617951184,Side.Sell,,OrderStatus.Submitted,65000.32,1653898000,BTC-USDT,TimeCondition.GTC,1783610796028898809,0.001,0.001,0.0
4194834854,2837957847,1783610796029130812,1783610796029133638,203,order,benchmark,True,0.0,0.0,,,mock,0.0,,1783610796029130812,InstrumentType.Spot,3847191305847374146,OrderType.Limit,Direction.Long,65000.130000000005,617952960,Side.Buy,,OrderStatus.Submitted,65000.130000000005,1653898000,BTC-USDT,TimeCondition.GTC,1783610796029130812,0.001,0.001,0.0
4194834854,2837957847,1783610796029495690,1783610796029498432,203,order,benchmark,True,0.0,0.0,,,mock,0.0,,1783610796029495690,InstrumentType.Spot,3847191305847374147,OrderType.Limit,Direction.Long,65000.34,617954736,Side.Sell,,OrderStatus.Submitted,65000.34,1653898000,BTC-USDT,TimeCondition.GTC,1783610796029495690,0.001,0.001,0.0
4194834854,2837957847,1783610796029721179,1783610796029723155,203,order,benchmark,True,0.0,0.0,,,mock,0.0,,1783610796029721179,InstrumentType.Spot,3847191305847374148,OrderType.Limit,Direction.Long,65000.15,617956512,Side.Buy,,OrderStatus.Submitted,65000.15,1653898000,BTC-USDT,TimeCondition.GTC,1783610796029721179,0.001,0.001,0.0
4194834854,2837957847,1783610796029967351,1783610796029970432,203,order,benchmark,True,0.0,0.0,,,mock,0.0,,1783610796029967351,InstrumentType.Spot,3847191305847374149,OrderType.Limit,Direction.Long,65000.36,617958288,Side.Sell,,OrderStatus.Submitted,65000.36,1653898000,BTC-USDT,TimeCondition.GTC,1783610796029967351,0.001,0.001,0.0
4194834854,2837957847,1783610796030249211,1783610796030251339,203,order,benchmark,True,0.0,0.0,,,mock,0.0,,1783610796030249211,InstrumentType.Spot,3847191305847374150,OrderType.Limit,Direction.Long,65000.17,617960064,Side.Buy,,OrderStatus.Submitted,65000.17,1653898000,BTC-USDT,TimeCondition.GTC,1783610796030249211,0.001,0.001,0.0
4194834854,2837957847,1783610796030552192,1783610796030554127,203,order,benchmark,True,0.0,0.0,,,mock,0.0,,1783610796030552192,InstrumentType.Spot,3847191305847374151,OrderType.Limit,Direction.Long,65000.38,617961840,Side.Sell,,OrderStatus.Submitted,65000.38,1653898000,BTC-USDT,TimeCondition.GTC,1783610796030552192,0.001,0.001,0.0
4194834854,2837957847,1783610796031027812,1783610796031030585,203,order,benchmark,True,0.0,0.0,,,mock,0.0,,1783610796031027812,InstrumentType.Spot,3847191305847374152,OrderType.Limit,Direction.Long,65000.19,617963616,Side.Buy,,OrderStatus.Submitted,65000.19,1653898000,BTC-USDT,TimeCondition.GTC,1783610796031027812,0.001,0.001,0.0
4194834854,2837957847,1783610796031165096,1783610796031167361,203,order,benchmark,True,0.0,0.0,,,mock,0.0,,1783610796031165096,InstrumentType.Spot,3847191305847374153,OrderType.Limit,Direction.Long,65000.4,617965392,Side.Sell,,OrderStatus.Submitted,65000.4,1653898000,BTC-USDT,TimeCondition.GTC,1783610796031165096,0.001,0.001,0.0
4194834854,2837957847,1783610796031445650,1783610796031458978,203,order,benchmark,True,0.0,0.0,,,mock,0.0,,1783610796031445650,InstrumentType.Spot,3847191305847374154,OrderType.Limit,Direction.Long,65000.21,617967168,Side.Buy,,OrderStatus.Submitted,65000.21,1653898000,BTC-USDT,TimeCondition.GTC,1783610796031445650,0.001,0.001,0.0
4194834854,2837957847,1783610796031748855,1783610796031750774,203,order,benchmark,True,0.0,0.0,,,mock,0.0,,1783610796031748855,InstrumentType.Spot,3847191305847374155,OrderType.Limit,Direction.Long,65000.42,617968944,Side.Sell,,OrderStatus.Submitted,65000.42,1653898000,BTC-USDT,TimeCondition.GTC,1783610796031748855,0.001,0.001,0.0
4194834854,2837957847,1783610796032061837,1783610796032063990,203,order,benchmark,True,0.0,0.0,,,mock,0.0,,1783610796032061837,InstrumentType.Spot,3847191305847374156,OrderType.Limit,Direction.Long,65000.23,617970720,Side.Buy,,OrderStatus.Submitted,65000.23,1653898000,BTC-USDT,TimeCondition.GTC,1783610796032061837,0.001,0.001,0.0
4194834854,2837957847,1783610796032474280,1783610796032477602,203,order,benchmark,True,0.0,0.0,,,mock,0.0,,1783610796032474280,InstrumentType.Spot,3847191305847374157,OrderType.Limit,Direction.Long,65000.439999999995,617972496,Side.Sell,,OrderStatus.Submitted,65000.439999999995,1653898000,BTC-USDT,TimeCondition.GTC,1783610796032474280,0.001,0.001,0.0
4194834854,2837957847,1783610796032711828,1783610796032713923,203,order,benchmark,True,0.0,0.0,,,mock,0.0,,1783610796032711828,InstrumentType.Spot,3847191305847374158,OrderType.Limit,Direction.Long,65000.25,617974272,Side.Buy,,OrderStatus.Submitted,65000.25,1653898000,BTC-USDT,TimeCondition.GTC,1783610796032711828,0.001,0.001,0.0
4194834854,2837957847,1783610796032872044,1783610796032874727,203,order,benchmark,True,0.0,0.0,,,mock,0.0,,1783610796032872044,InstrumentType.Spot,3847191305847374159,OrderType.Limit,Direction.Long,65000.46,617976048,Side.Sell,,OrderStatus.Submitted,65000.46,1653898000,BTC-USDT,TimeCondition.GTC,1783610796032872044,0.001,0.001,0.0
4194834854,2837957847,1783610796033250218,1783610796033252590,203,order,benchmark,True,0.0,0.0,,,mock,0.0,,1783610796033250218,InstrumentType.Spot,3847191305847374160,OrderType.Limit,Direction.Long,65000.270000000004,617977824,Side.Buy,,OrderStatus.Submitted,65000.270000000004,1653898000,BTC-USDT,TimeCondition.GTC,1783610796033250218,0.001,0.001,0.0
4194834854,2837957847,1783610796033563137,1783610796033565186,203,order,benchmark,True,0.0,0.0,,,mock,0.0,,1783610796033563137,InstrumentType.Spot,3847191305847374161,OrderType.Limit,Direction.Long,65000.479999999996,617979600,Side.Sell,,OrderStatus.Submitted,65000.479999999996,1653898000,BTC-USDT,TimeCondition.GTC,1783610796033563137,0.001,0.001,0.0
4194834854,2837957847,1783610796033766484,1783610796033769488,203,order,benchmark,True,0.0,0.0,,,mock,0.0,,1783610796033766484,InstrumentType.Spot,3847191305847374162,OrderType.Limit,Direction.Long,65000.29,617981376,Side.Buy,,OrderStatus.Submitted,65000.29,1653898000,BTC-USDT,TimeCondition.GTC,1783610796033766484,0.001,0.001,0.0
4194834854,2837957847,1783610796034159114,1783610796034161405,203,order,benchmark,True,0.0,0.0,,,mock,0.0,,1783610796034159114,InstrumentType.Spot,3847191305847374163,OrderType.Limit,Direction.Long,65000.5,617983152,Side.Sell,,OrderStatus.Submitted,65000.5,1653898000,BTC-USDT,TimeCondition.GTC,1783610796034159114,0.001,0.001,0.0
4194834854,2837957847,1783610796034449807,1783610796034451942,203,order,benchmark,True,0.0,0.0,,,mock,0.0,,1783610796034449807,InstrumentType.Spot,3847191305847374164,OrderType.Limit,Direction.Long,65000.310000000005,617984928,Side.Buy,,OrderStatus.Submitted,65000.310000000005,1653898000,BTC-USDT,TimeCondition.GTC,1783610796034449807,0.001,0.001,0.0
4194834854,2837957847,1783610796034749493,1783610796034751408,203,order,benchmark,True,0.0,0.0,,,mock,0.0,,1783610796034749493,InstrumentType.Spot,3847191305847374165,OrderType.Limit,Direction.Long,65000.52,617986704,Side.Sell,,OrderStatus.Submitted,65000.52,1653898000,BTC-USDT,TimeCondition.GTC,1783610796034749493,0.001,0.001,0.0
4194834854,2837957847,1783610796035164736,1783610796035166871,203,order,benchmark,True,0.0,0.0,,,mock,0.0,,1783610796035164736,InstrumentType.Spot,3847191305847374166,OrderType.Limit,Direction.Long,65000.33,617988480,Side.Buy,,OrderStatus.Submitted,65000.33,1653898000,BTC-USDT,TimeCondition.GTC,1783610796035164736,0.001,0.001,0.0
4194834854,2837957847,1783610796035438877,1783610796035450936,203,order,benchmark,True,0.0,0.0,,,mock,0.0,,1783610796035438877,InstrumentType.Spot,3847191305847374167,OrderType.Limit,Direction.Long,65000.54,617990256,Side.Sell,,OrderStatus.Submitted,65000.54,1653898000,BTC-USDT,TimeCondition.GTC,1783610796035438877,0.001,0.001,0.0
4194834854,2837957847,1783610796035721667,1783610796035724786,203,order,benchmark,True,0.0,0.0,,,mock,0.0,,1783610796035721667,InstrumentType.Spot,3847191305847374168,OrderType.Limit,Direction.Long,65000.35,617992032,Side.Buy,,OrderStatus.Submitted,65000.35,1653898000,BTC-USDT,TimeCondition.GTC,1783610796035721667,0.001,0.001,0.0
4194834854,2837957847,1783610796035954281,1783610796035957072,203,order,benchmark,True,0.0,0.0,,,mock,0.0,,1783610796035954281,InstrumentType.Spot,3847191305847374169,OrderType.Limit,Direction.Long,65000.56,617993808,Side.Sell,,OrderStatus.Submitted,65000.56,1653898000,BTC-USDT,TimeCondition.GTC,1783610796035954281,0.001,0.001,0.0
4194834854,2837957847,1783610796036164266,1783610796036166866,203,order,benchmark,True,0.0,0.0,,,mock,0.0,,1783610796036164266,InstrumentType.Spot,3847191305847374170,OrderType.Limit,Direction.Long,65000.37,617995584,Side.Buy,,OrderStatus.Submitted,65000.37,1653898000,BTC-USDT,TimeCondition.GTC,1783610796036164266,0.001,0.001,0.0
4194834854,2837957847,1783610796036546778,1783610796036548802,203,order,benchmark,True,0.0,0.0,,,mock,0.0,,1783610796036546778,InstrumentType.Spot,3847191305847374171,OrderType.Limit,Direction.Long,65000.58,617997360,Side.Sell,,OrderStatus.Submitted,65000.58,1653898000,BTC-USDT,TimeCondition.GTC,1783610796036546778,0.001,0.001,0.0
4194834854,2837957847,1783610796036844431,1783610796036846350,203,order,benchmark,True,0.0,0.0,,,mock,0.0,,1783610796036844431,InstrumentType.Spot,3847191305847374172,OrderType.Limit,Direction.Long,65000.39,617999136,Side.Buy,,OrderStatus.Submitted,65000.39,1653898000,BTC-USDT,TimeCondition.GTC,1783610796036844431,0.001,0.001,0.0
4194834854,2837957847,1783610796037146363,1783610796037148568,203,order,benchmark,True,0.0,0.0,,,mock,0.0,,1783610796037146363,InstrumentType.Spot,3847191305847374173,OrderType.Limit,Direction.Long,65000.6,618000912,Side.Sell,,OrderStatus.Submitted,65000.6,1653898000,BTC-USDT,TimeCondition.GTC,1783610796037146363,0.001,0.001,0.0
4194834854,2837957847,1783610796037438437,1783610796037440340,203,order,benchmark,True,0.0,0.0,,,mock,0.0,,1783610796037438437,InstrumentType.Spot,3847191305847374174,OrderType.Limit,Direction.Long,65000.41,618002688,Side.Buy,,OrderStatus.Submitted,65000.41,1653898000,BTC-USDT,TimeCondition.GTC,1783610796037438437,0.001,0.001,0.0
4194834854,2837957847,1783610796037740314,1783610796037742217,203,order,benchmark,True,0.0,0.0,,,mock,0.0,,1783610796037740314,InstrumentType.Spot,3847191305847374175,OrderType.Limit,Direction.Long,65000.619999999995,618004464,Side.Sell,,OrderStatus.Submitted,65000.619999999995,1653898000,BTC-USDT,TimeCondition.GTC,1783610796037740314,0.001,0.001,0.0
4194834854,2837957847,1783610796038161272,1783610796038163466,203,order,benchmark,True,0.0,0.0,,,mock,0.0,,1783610796038161272,InstrumentType.Spot,3847191305847374176,OrderType.Limit,Direction.Long,65000.43,618006240,Side.Buy,,OrderStatus.Submitted,65000.43,1653898000,BTC-USDT,TimeCondition.GTC,1783610796038161272,0.001,0.001,0.0
4194834854,2837957847,1783610796038374785,1783610796038376783,203,order,benchmark,True,0.0,0.0,,,mock,0.0,,1783610796038374785,InstrumentType.Spot,3847191305847374177,OrderType.Limit,Direction.Long,65000.64,617929520,Side.Sell,,OrderStatus.Submitted,65000.64,1653898000,BTC-USDT,TimeCondition.GTC,1783610796038374785,0.001,0.001,0.0
4194834854,2837957847,1783610796038638403,1783610796038640377,203,order,benchmark,True,0.0,0.0,,,mock,0.0,,1783610796038638403,InstrumentType.Spot,3847191305847374178,OrderType.Limit,Direction.Long,65000.450000000004,617931296,Side.Buy,,OrderStatus.Submitted,65000.450000000004,1653898000,BTC-USDT,TimeCondition.GTC,1783610796038638403,0.001,0.001,0.0
4194834854,2837957847,1783610796038949662,1783610796038951661,203,order,benchmark,True,0.0,0.0,,,mock,0.0,,1783610796038949662,InstrumentType.Spot,3847191305847374179,OrderType.Limit,Direction.Long,65000.659999999996,618011984,Side.Sell,,OrderStatus.Submitted,65000.659999999996,1653898000,BTC-USDT,TimeCondition.GTC,1783610796038949662,0.001,0.001,0.0
4194834854,2837957847,1783610796039243951,1783610796039252875,203,order,benchmark,True,0.0,0.0,,,mock,0.0,,1783610796039243951,InstrumentType.Spot,3847191305847374180,OrderType.Limit,Direction.Long,65000.47,618013728,Side.Buy,,OrderStatus.Submitted,65000.47,1653898000,BTC-USDT,TimeCondition.GTC,1783610796039243951,0.001,0.001,0.0
4194834854,2837957847,1783610796039542506,1783610796039544572,203,order,benchmark,True,0.0,0.0,,,mock,0.0,,1783610796039542506,InstrumentType.Spot,3847191305847374181,OrderType.Limit,Direction.Long,65000.68,618015504,Side.Sell,,OrderStatus.Submitted,65000.68,1653898000,BTC-USDT,TimeCondition.GTC,1783610796039542506,0.001,0.001,0.0
4194834854,2837957847,1783610796039845320,1783610796039847383,203,order,benchmark,True,0.0,0.0,,,mock,0.0,,1783610796039845320,InstrumentType.Spot,3847191305847374182,OrderType.Limit,Direction.Long,65000.49,618017280,Side.Buy,,OrderStatus.Submitted,65000.49,1653898000,BTC-USDT,TimeCondition.GTC,1783610796039845320,0.001,0.001,0.0
4194834854,2837957847,1783610796040141189,1783610796040143195,203,order,benchmark,True,0.0,0.0,,,mock,0.0,,1783610796040141189,InstrumentType.Spot,3847191305847374183,OrderType.Limit,Direction.Long,65000.7,618019056,Side.Sell,,OrderStatus.Submitted,65000.7,1653898000,BTC-USDT,TimeCondition.GTC,1783610796040141189,0.001,0.001,0.0
4194834854,2837957847,1783610796040441098,1783610796040443081,203,order,benchmark,True,0.0,0.0,,,mock,0.0,,1783610796040441098,InstrumentType.Spot,3847191305847374184,OrderType.Limit,Direction.Long,65000.51,618020832,Side.Buy,,OrderStatus.Submitted,65000.51,1653898000,BTC-USDT,TimeCondition.GTC,1783610796040441098,0.001,0.001,0.0
4194834854,2837957847,1783610796040745921,1783610796040748027,203,order,benchmark,True,0.0,0.0,,,mock,0.0,,1783610796040745921,InstrumentType.Spot,3847191305847374185,OrderType.Limit,Direction.Long,65000.72,618022608,Side.Sell,,OrderStatus.Submitted,65000.72,1653898000,BTC-USDT,TimeCondition.GTC,1783610796040745921,0.001,0.001,0.0
4194834854,2837957847,1783610796041358339,1783610796041361182,203,order,benchmark,True,0.0,0.0,,,mock,0.0,,1783610796041358339,InstrumentType.Spot,3847191305847374186,OrderType.Limit,Direction.Long,65000.53,618024384,Side.Buy,,OrderStatus.Submitted,65000.53,1653898000,BTC-USDT,TimeCondition.GTC,1783610796041358339,0.001,0.001,0.0
4194834854,2837957847,1783610796041464829,1783610796041467265,203,order,benchmark,True,0.0,0.0,,,mock,0.0,,1783610796041464829,InstrumentType.Spot,3847191305847374187,OrderType.Limit,Direction.Long,65000.74,618026160,Side.Sell,,OrderStatus.Submitted,65000.74,1653898000,BTC-USDT,TimeCondition.GTC,1783610796041464829,0.001,0.001,0.0
4194834854,2837957847,1783610796041555851,1783610796041558326,203,order,benchmark,True,0.0,0.0,,,mock,0.0,,1783610796041555851,InstrumentType.Spot,3847191305847374188,OrderType.Limit,Direction.Long,65000.55,618027936,Side.Buy,,OrderStatus.Submitted,65000.55,1653898000,BTC-USDT,TimeCondition.GTC,1783610796041555851,0.001,0.001,0.0
4194834854,2837957847,1783610796042126350,1783610796042129019,203,order,benchmark,True,0.0,0.0,,,mock,0.0,,1783610796042126350,InstrumentType.Spot,3847191305847374189,OrderType.Limit,Direction.Long,65000.76,618029712,Side.Sell,,OrderStatus.Submitted,65000.76,1653898000,BTC-USDT,TimeCondition.GTC,1783610796042126350,0.001,0.001,0.0
4194834854,2837957847,1783610796042231597,1783610796042233299,203,order,benchmark,True,0.0,0.0,,,mock,0.0,,1783610796042231597,InstrumentType.Spot,3847191305847374190,OrderType.Limit,Direction.Long,65000.57,618031488,Side.Buy,,OrderStatus.Submitted,65000.57,1653898000,BTC-USDT,TimeCondition.GTC,1783610796042231597,0.001,0.001,0.0
4194834854,2837957847,1783610796042547779,1783610796042549836,203,order,benchmark,True,0.0,0.0,,,mock,0.0,,1783610796042547779,InstrumentType.Spot,3847191305847374191,OrderType.Limit,Direction.Long,65000.78,618033264,Side.Sell,,OrderStatus.Submitted,65000.78,1653898000,BTC-USDT,TimeCondition.GTC,1783610796042547779,0.001,0.001,0.0
4194834854,2837957847,1783610796042970785,1783610796042973640,203,order,benchmark,True,0.0,0.0,,,mock,0.0,,1783610796042970785,InstrumentType.Spot,3847191305847374192,OrderType.Limit,Direction.Long,65000.590000000004,618035040,Side.Buy,,OrderStatus.Submitted,65000.590000000004,1653898000,BTC-USDT,TimeCondition.GTC,1783610796042970785,0.001,0.001,0.0
4194834854,2837957847,1783610796043408484,1783610796043424374,203,order,benchmark,True,0.0,0.0,,,mock,0.0,,1783610796043408484,InstrumentType.Spot,3847191305847374193,OrderType.Limit,Direction.Long,65000.799999999996,618036816,Side.Sell,,OrderStatus.Submitted,65000.799999999996,1653898000,BTC-USDT,TimeCondition.GTC,1783610796043408484,0.001,0.001,0.0
4194834854,2837957847,1783610796043506799,1783610796043508490,203,order,benchmark,True,0.0,0.0,,,mock,0.0,,1783610796043506799,InstrumentType.Spot,3847191305847374194,OrderType.Limit,Direction.Long,65000.61,618038592,Side.Buy,,OrderStatus.Submitted,65000.61,1653898000,BTC-USDT,TimeCondition.GTC,1783610796043506799,0.001,0.001,0.0
4194834854,2837957847,1783610796043722585,1783610796043725305,203,order,benchmark,True,0.0,0.0,,,mock,0.0,,1783610796043722585,InstrumentType.Spot,3847191305847374195,OrderType.Limit,Direction.Long,65000.82,618040368,Side.Sell,,OrderStatus.Submitted,65000.82,1653898000,BTC-USDT,TimeCondition.GTC,1783610796043722585,0.001,0.001,0.0
4194834854,2837957847,1783610796044322272,1783610796044325619,203,order,benchmark,True,0.0,0.0,,,mock,0.0,,1783610796044322272,InstrumentType.Spot,3847191305847374196,OrderType.Limit,Direction.Long,65000.630000000005,618042144,Side.Buy,,OrderStatus.Submitted,65000.630000000005,1653898000,BTC-USDT,TimeCondition.GTC,1783610796044322272,0.001,0.001,0.0
4194834854,2837957847,1783610796044412989,1783610796044415266,203,order,benchmark,True,0.0,0.0,,,mock,0.0,,1783610796044412989,InstrumentType.Spot,3847191305847374197,OrderType.Limit,Direction.Long,65000.84,618043920,Side.Sell,,OrderStatus.Submitted,65000.84,1653898000,BTC-USDT,TimeCondition.GTC,1783610796044412989,0.001,0.001,0.0
4194834854,2837957847,1783610796044567338,1783610796044569885,203,order,benchmark,True,0.0,0.0,,,mock,0.0,,1783610796044567338,InstrumentType.Spot,3847191305847374198,OrderType.Limit,Direction.Long,65000.65,618045696,Side.Buy,,OrderStatus.Submitted,65000.65,1653898000,BTC-USDT,TimeCondition.GTC,1783610796044567338,0.001,0.001,0.0
4194834854,2837957847,1783610796045163094,1783610796045166245,203,order,benchmark,True,0.0,0.0,,,mock,0.0,,1783610796045163094,InstrumentType.Spot,3847191305847374199,OrderType.Limit,Direction.Long,65000.86,618047472,Side.Sell,,OrderStatus.Submitted,65000.86,1653898000,BTC-USDT,TimeCondition.GTC,1783610796045163094,0.001,0.001,0.0
4194834854,2837957847,1783610796045267692,1783610796045276805,203,order,benchmark,True,0.0,0.0,,,mock,0.0,,1783610796045267692,InstrumentType.Spot,3847191305847374200,OrderType.Limit,Direction.Long,65000.67,618049248,Side.Buy,,OrderStatus.Submitted,65000.67,1653898000,BTC-USDT,TimeCondition.GTC,1783610796045267692,0.001,0.001,0.0
4194834854,2837957847,1783610796045719106,1783610796045722195,203,order,benchmark,True,0.0,0.0,,,mock,0.0,,1783610796045719106,InstrumentType.Spot,3847191305847374201,OrderType.Limit,Direction.Long,65000.88,618051024,Side.Sell,,OrderStatus.Submitted,65000.88,1653898000,BTC-USDT,TimeCondition.GTC,1783610796045719106,0.001,0.001,0.0
4194834854,2837957847,1783610796045867876,1783610796045870909,203,order,benchmark,True,0.0,0.0,,,mock,0.0,,1783610796045867876,InstrumentType.Spot,3847191305847374202,OrderType.Limit,Direction.Long,65000.69,618052800,Side.Buy,,OrderStatus.Submitted,65000.69,1653898000,BTC-USDT,TimeCondition.GTC,1783610796045867876,0.001,0.001,0.0
4194834854,2837957847,1783610796046162783,1783610796046165050,203,order,benchmark,True,0.0,0.0,,,mock,0.0,,1783610796046162783,InstrumentType.Spot,3847191305847374203,OrderType.Limit,Direction.Long,65000.9,618054576,Side.Sell,,OrderStatus.Submitted,65000.9,1653898000,BTC-USDT,TimeCondition.GTC,1783610796046162783,0.001,0.001,0.0
4194834854,2837957847,1783610796046599218,1783610796046602225,203,order,benchmark,True,0.0,0.0,,,mock,0.0,,1783610796046599218,InstrumentType.Spot,3847191305847374204,OrderType.Limit,Direction.Long,65000.71,618056352,Side.Buy,,OrderStatus.Submitted,65000.71,1653898000,BTC-USDT,TimeCondition.GTC,1783610796046599218,0.001,0.001,0.0
4194834854,2837957847,1783610796046817914,1783610796046819950,203,order,benchmark,True,0.0,0.0,,,mock,0.0,,1783610796046817914,InstrumentType.Spot,3847191305847374205,OrderType.Limit,Direction.Long,65000.92,618058128,Side.Sell,,OrderStatus.Submitted,65000.92,1653898000,BTC-USDT,TimeCondition.GTC,1783610796046817914,0.001,0.001,0.0
4194834854,2837957847,1783610796047085779,1783610796047095487,203,order,benchmark,True,0.0,0.0,,,mock,0.0,,1783610796047085779,InstrumentType.Spot,3847191305847374206,OrderType.Limit,Direction.Long,65000.73,618059904,Side.Buy,,OrderStatus.Submitted,65000.73,1653898000,BTC-USDT,TimeCondition.GTC,1783610796047085779,0.001,0.001,0.0
4194834854,2837957847,1783610796047345247,1783610796047347326,203,order,benchmark,True,0.0,0.0,,,mock,0.0,,1783610796047345247,InstrumentType.Spot,3847191305847374207,OrderType.Limit,Direction.Long,65000.939999999995,618061680,Side.Sell,,OrderStatus.Submitted,65000.939999999995,1653898000,BTC-USDT,TimeCondition.GTC,1783610796047345247,0.001,0.001,0.0
4194834854,2837957847,1783610796047780950,1783610796047783783,203,order,benchmark,True,0.0,0.0,,,mock,0.0,,1783610796047780950,InstrumentType.Spot,3847191305847374208,OrderType.Limit,Direction.Long,65000.75,618063456,Side.Buy,,OrderStatus.Submitted,65000.75,1653898000,BTC-USDT,TimeCondition.GTC,1783610796047780950,0.001,0.001,0.0
4194834854,2837957847,1783610796047992038,1783610796047993976,203,order,benchmark,True,0.0,0.0,,,mock,0.0,,1783610796047992038,InstrumentType.Spot,3847191305847374209,OrderType.Limit,Direction.Long,65000.96,618065232,Side.Sell,,OrderStatus.Submitted,65000.96,1653898000,BTC-USDT,TimeCondition.GTC,1783610796047992038,0.001,0.001,0.0
4194834854,2837957847,1783610796048244145,1783610796048245976,203,order,benchmark,True,0.0,0.0,,,mock,0.0,,1783610796048244145,InstrumentType.Spot,3847191305847374210,OrderType.Limit,Direction.Long,65000.770000000004,618067008,Side.Buy,,OrderStatus.Submitted,65000.770000000004,1653898000,BTC-USDT,TimeCondition.GTC,1783610796048244145,0.001,0.001,0.0
4194834854,2837957847,1783610796048676822,1783610796048679437,203,order,benchmark,True,0.0,0.0,,,mock,0.0,,1783610796048676822,InstrumentType.Spot,3847191305847374211,OrderType.Limit,Direction.Long,65000.979999999996,618068784,Side.Sell,,OrderStatus.Submitted,65000.979999999996,1653898000,BTC-USDT,TimeCondition.GTC,1783610796048676822,0.001,0.001,0.0
4194834854,2837957847,1783610796048887642,1783610796048889542,203,order,benchmark,True,0.0,0.0,,,mock,0.0,,1783610796048887642,InstrumentType.Spot,3847191305847374212,OrderType.Limit,Direction.Long,65000.79,618070560,Side.Buy,,OrderStatus.Submitted,65000.79,1653898000,BTC-USDT,TimeCondition.GTC,1783610796048887642,0.001,0.001,0.0
4194834854,2837957847,1783610796049146867,1783610796049148915,203,order,benchmark,True,0.0,0.0,,,mock,0.0,,1783610796049146867,InstrumentType.Spot,3847191305847374213,OrderType.Limit,Direction.Long,65001.0,618072336,Side.Sell,,OrderStatus.Submitted,65001.0,1653898000,BTC-USDT,TimeCondition.GTC,1783610796049146867,0.001,0.001,0.0
4194834854,2837957847,1783610796049574636,1783610796049577510,203,order,benchmark,True,0.0,0.0,,,mock,0.0,,1783610796049574636,InstrumentType.Spot,3847191305847374214,OrderType.Limit,Direction.Long,65000.810000000005,618074112,Side.Buy,,OrderStatus.Submitted,65000.810000000005,1653898000,BTC-USDT,TimeCondition.GTC,1783610796049574636,0.001,0.001,0.0
4194834854,2837957847,1783610796049790766,1783610796049792742,203,order,benchmark,True,0.0,0.0,,,mock,0.0,,1783610796049790766,InstrumentType.Spot,3847191305847374215,OrderType.Limit,Direction.Long,65001.02,618075888,Side.Sell,,OrderStatus.Submitted,65001.02,1653898000,BTC-USDT,TimeCondition.GTC,1783610796049790766,0.001,0.001,0.0
4194834854,2837957847,1783610796050051695,1783610796050053752,203,order,benchmark,True,0.0,0.0,,,mock,0.0,,1783610796050051695,InstrumentType.Spot,3847191305847374216,OrderType.Limit,Direction.Long,65000.83,618077664,Side.Buy,,OrderStatus.Submitted,65000.83,1653898000,BTC-USDT,TimeCondition.GTC,1783610796050051695,0.001,0.001,0.0
4194834854,2837957847,1783610796050470670,1783610796050472497,203,order,benchmark,True,0.0,0.0,,,mock,0.0,,1783610796050470670,InstrumentType.Spot,3847191305847374217,OrderType.Limit,Direction.Long,65001.04,618079440,Side.Sell,,OrderStatus.Submitted,65001.04,1653898000,BTC-USDT,TimeCondition.GTC,1783610796050470670,0.001,0.001,0.0
4194834854,2837957847,1783610796050689369,1783610796050691313,203,order,benchmark,True,0.0,0.0,,,mock,0.0,,1783610796050689369,InstrumentType.Spot,3847191305847374218,OrderType.Limit,Direction.Long,65000.85,618081216,Side.Buy,,OrderStatus.Submitted,65000.85,1653898000,BTC-USDT,TimeCondition.GTC,1783610796050689369,0.001,0.001,0.0
4194834854,2837957847,1783610796050943366,1783610796050945150,203,order,benchmark,True,0.0,0.0,,,mock,0.0,,1783610796050943366,InstrumentType.Spot,3847191305847374219,OrderType.Limit,Direction.Long,65001.06,618082992,Side.Sell,,OrderStatus.Submitted,65001.06,1653898000,BTC-USDT,TimeCondition.GTC,1783610796050943366,0.001,0.001,0.0
4194834854,2837957847,1783610796051359985,1783610796051369038,203,order,benchmark,True,0.0,0.0,,,mock,0.0,,1783610796051359985,InstrumentType.Spot,3847191305847374220,OrderType.Limit,Direction.Long,65000.87,618084768,Side.Buy,,OrderStatus.Submitted,65000.87,1653898000,BTC-USDT,TimeCondition.GTC,1783610796051359985,0.001,0.001,0.0
4194834854,2837957847,1783610796051594389,1783610796051611110,203,order,benchmark,True,0.0,0.0,,,mock,0.0,,1783610796051594389,InstrumentType.Spot,3847191305847374221,OrderType.Limit,Direction.Long,65001.08,618086544,Side.Sell,,OrderStatus.Submitted,65001.08,1653898000,BTC-USDT,TimeCondition.GTC,1783610796051594389,0.001,0.001,0.0
4194834854,2837957847,1783610796051852971,1783610796051854952,203,order,benchmark,True,0.0,0.0,,,mock,0.0,,1783610796051852971,InstrumentType.Spot,3847191305847374222,OrderType.Limit,Direction.Long,65000.89,618088320,Side.Buy,,OrderStatus.Submitted,65000.89,1653898000,BTC-USDT,TimeCondition.GTC,1783610796051852971,0.001,0.001,0.0
4194834854,2837957847,1783610796052379384,1783610796052383070,203,order,benchmark,True,0.0,0.0,,,mock,0.0,,1783610796052379384,InstrumentType.Spot,3847191305847374223,OrderType.Limit,Direction.Long,65000.1,618090096,Side.Sell,,OrderStatus.Submitted,65000.1,1653898000,BTC-USDT,TimeCondition.GTC,1783610796052379384,0.001,0.001,0.0
4194834854,2837957847,1783610796052403615,1783610796052405864,203,order,benchmark,True,0.0,0.0,,,mock,0.0,,1783610796052403615,InstrumentType.Spot,3847191305847374224,OrderType.Limit,Direction.Long,64999.91,618091872,Side.Buy,,OrderStatus.Submitted,64999.91,1653898000,BTC-USDT,TimeCondition.GTC,1783610796052403615,0.001,0.001,0.0
4194834854,2837957847,1783610796052747449,1783610796052749512,203,order,benchmark,True,0.0,0.0,,,mock,0.0,,1783610796052747449,InstrumentType.Spot,3847191305847374225,OrderType.Limit,Direction.Long,65000.119999999995,618008016,Side.Sell,,OrderStatus.Submitted,65000.119999999995,1653898000,BTC-USDT,TimeCondition.GTC,1783610796052747449,0.001,0.001,0.0
4194834854,2837957847,1783610796053049216,1783610796053051214,203,order,benchmark,True,0.0,0.0,,,mock,0.0,,1783610796053049216,InstrumentType.Spot,3847191305847374226,OrderType.Limit,Direction.Long,64999.93,618009792,Side.Buy,,OrderStatus.Submitted,64999.93,1653898000,BTC-USDT,TimeCondition.GTC,1783610796053049216,0.001,0.001,0.0
4194834854,2837957847,1783610796053341789,1783610796053343904,203,order,benchmark,True,0.0,0.0,,,mock,0.0,,1783610796053341789,InstrumentType.Spot,3847191305847374227,OrderType.Limit,Direction.Long,65000.14,618010784,Side.Sell,,OrderStatus.Submitted,65000.14,1653898000,BTC-USDT,TimeCondition.GTC,1783610796053341789,0.001,0.001,0.0
4194834854,2837957847,1783610796053643539,1783610796053645383,203,order,benchmark,True,0.0,0.0,,,mock,0.0,,1783610796053643539,InstrumentType.Spot,3847191305847374228,OrderType.Limit,Direction.Long,64999.950000000004,618099440,Side.Buy,,OrderStatus.Submitted,64999.950000000004,1653898000,BTC-USDT,TimeCondition.GTC,1783610796053643539,0.001,0.001,0.0
4194834854,2837957847,1783610796053944591,1783610796053946652,203,order,benchmark,True,0.0,0.0,,,mock,0.0,,1783610796053944591,InstrumentType.Spot,3847191305847374229,OrderType.Limit,Direction.Long,65000.159999999996,618101216,Side.Sell,,OrderStatus.Submitted,65000.159999999996,1653898000,BTC-USDT,TimeCondition.GTC,1783610796053944591,0.001,0.001,0.0
4194834854,2837957847,1783610796054240572,1783610796054242463,203,order,benchmark,True,0.0,0.0,,,mock,0.0,,1783610796054240572,InstrumentType.Spot,3847191305847374230,OrderType.Limit,Direction.Long,64999.97,618102992,Side.Buy,,OrderStatus.Submitted,64999.97,1653898000,BTC-USDT,TimeCondition.GTC,1783610796054240572,0.001,0.001,0.0
4194834854,2837957847,1783610796054541560,1783610796054543384,203,order,benchmark,True,0.0,0.0,,,mock,0.0,,1783610796054541560,InstrumentType.Spot,3847191305847374231,OrderType.Limit,Direction.Long,65000.18,618104768,Side.Sell,,OrderStatus.Submitted,65000.18,1653898000,BTC-USDT,TimeCondition.GTC,1783610796054541560,0.001,0.001,0.0
4194834854,2837957847,1783610796054842427,1783610796054844502,203,order,benchmark,True,0.0,0.0,,,mock,0.0,,1783610796054842427,InstrumentType.Spot,3847191305847374232,OrderType.Limit,Direction.Long,64999.99,618106544,Side.Buy,,OrderStatus.Submitted,64999.99,1653898000,BTC-USDT,TimeCondition.GTC,1783610796054842427,0.001,0.001,0.0
4194834854,2837957847,1783610796055144161,1783610796055154064,203,order,benchmark,True,0.0,0.0,,,mock,0.0,,1783610796055144161,InstrumentType.Spot,3847191305847374233,OrderType.Limit,Direction.Long,65000.2,618108320,Side.Sell,,OrderStatus.Submitted,65000.2,1653898000,BTC-USDT,TimeCondition.GTC,1783610796055144161,0.001,0.001,0.0
4194834854,2837957847,1783610796055448811,1783610796055450764,203,order,benchmark,True,0.0,0.0,,,mock,0.0,,1783610796055448811,InstrumentType.Spot,3847191305847374234,OrderType.Limit,Direction.Long,65000.01,618110096,Side.Buy,,OrderStatus.Submitted,65000.01,1653898000,BTC-USDT,TimeCondition.GTC,1783610796055448811,0.001,0.001,0.0
4194834854,2837957847,1783610796055741937,1783610796055743838,203,order,benchmark,True,0.0,0.0,,,mock,0.0,,1783610796055741937,InstrumentType.Spot,3847191305847374235,OrderType.Limit,Direction.Long,65000.22,618111872,Side.Sell,,OrderStatus.Submitted,65000.22,1653898000,BTC-USDT,TimeCondition.GTC,1783610796055741937,0.001,0.001,0.0
4194834854,2837957847,1783610796056051695,1783610796056053916,203,order,benchmark,True,0.0,0.0,,,mock,0.0,,1783610796056051695,InstrumentType.Spot,3847191305847374236,OrderType.Limit,Direction.Long,65000.03,618113648,Side.Buy,,OrderStatus.Submitted,65000.03,1653898000,BTC-USDT,TimeCondition.GTC,1783610796056051695,0.001,0.001,0.0
4194834854,2837957847,1783610796056342287,1783610796056344116,203,order,benchmark,True,0.0,0.0,,,mock,0.0,,1783610796056342287,InstrumentType.Spot,3847191305847374237,OrderType.Limit,Direction.Long,65000.24,618115424,Side.Sell,,OrderStatus.Submitted,65000.24,1653898000,BTC-USDT,TimeCondition.GTC,1783610796056342287,0.001,0.001,0.0
4194834854,2837957847,1783610796056642167,1783610796056644043,203,order,benchmark,True,0.0,0.0,,,mock,0.0,,1783610796056642167,InstrumentType.Spot,3847191305847374238,OrderType.Limit,Direction.Long,65000.05,618117200,Side.Buy,,OrderStatus.Submitted,65000.05,1653898000,BTC-USDT,TimeCondition.GTC,1783610796056642167,0.001,0.001,0.0
4194834854,2837957847,1783610796056944139,1783610796056946187,203,order,benchmark,True,0.0,0.0,,,mock,0.0,,1783610796056944139,InstrumentType.Spot,3847191305847374239,OrderType.Limit,Direction.Long,65000.26,618118976,Side.Sell,,OrderStatus.Submitted,65000.26,1653898000,BTC-USDT,TimeCondition.GTC,1783610796056944139,0.001,0.001,0.0
4194834854,2837957847,1783610796057245521,1783610796057247473,203,order,benchmark,True,0.0,0.0,,,mock,0.0,,1783610796057245521,InstrumentType.Spot,3847191305847374240,OrderType.Limit,Direction.Long,65000.07,618120752,Side.Buy,,OrderStatus.Submitted,65000.07,1653898000,BTC-USDT,TimeCondition.GTC,1783610796057245521,0.001,0.001,0.0
4194834854,2837957847,1783610796057541163,1783610796057543021,203,order,benchmark,True,0.0,0.0,,,mock,0.0,,1783610796057541163,InstrumentType.Spot,3847191305847374241,OrderType.Limit,Direction.Long,65000.28,618122528,Side.Sell,,OrderStatus.Submitted,65000.28,1653898000,BTC-USDT,TimeCondition.GTC,1783610796057541163,0.001,0.001,0.0
4194834854,2837957847,1783610796057844774,1783610796057846810,203,order,benchmark,True,0.0,0.0,,,mock,0.0,,1783610796057844774,InstrumentType.Spot,3847191305847374242,OrderType.Limit,Direction.Long,65000.090000000004,618124304,Side.Buy,,OrderStatus.Submitted,65000.090000000004,1653898000,BTC-USDT,TimeCondition.GTC,1783610796057844774,0.001,0.001,0.0
4194834854,2837957847,1783610796058173674,1783610796058176068,203,order,benchmark,True,0.0,0.0,,,mock,0.0,,1783610796058173674,InstrumentType.Spot,3847191305847374243,OrderType.Limit,Direction.Long,65000.299999999996,618126080,Side.Sell,,OrderStatus.Submitted,65000.299999999996,1653898000,BTC-USDT,TimeCondition.GTC,1783610796058173674,0.001,0.001,0.0
4194834854,2837957847,1783610796058443439,1783610796058445478,203,order,benchmark,True,0.0,0.0,,,mock,0.0,,1783610796058443439,InstrumentType.Spot,3847191305847374244,OrderType.Limit,Direction.Long,65000.11,618127856,Side.Buy,,OrderStatus.Submitted,65000.11,1653898000,BTC-USDT,TimeCondition.GTC,1783610796058443439,0.001,0.001,0.0
4194834854,2837957847,1783610796058744783,1783610796058746788,203,order,benchmark,True,0.0,0.0,,,mock,0.0,,1783610796058744783,InstrumentType.Spot,3847191305847374245,OrderType.Limit,Direction.Long,65000.32,618129632,Side.Sell,,OrderStatus.Submitted,65000.32,1653898000,BTC-USDT,TimeCondition.GTC,1783610796058744783,0.001,0.001,0.0
4194834854,2837957847,1783610796059046676,1783610796059155754,203,order,benchmark,True,0.0,0.0,,,mock,0.0,,1783610796059046676,InstrumentType.Spot,3847191305847374246,OrderType.Limit,Direction.Long,65000.130000000005,618131408,Side.Buy,,OrderStatus.Submitted,65000.130000000005,1653898000,BTC-USDT,TimeCondition.GTC,1783610796059046676,0.001,0.001,0.0
4194834854,2837957847,1783610796059385214,1783610796059387880,203,order,benchmark,True,0.0,0.0,,,mock,0.0,,1783610796059385214,InstrumentType.Spot,3847191305847374247,OrderType.Limit,Direction.Long,65000.34,618133184,Side.Sell,,OrderStatus.Submitted,65000.34,1653898000,BTC-USDT,TimeCondition.GTC,1783610796059385214,0.001,0.001,0.0
4194834854,2837957847,1783610796059645819,1783610796059647891,203,order,benchmark,True,0.0,0.0,,,mock,0.0,,1783610796059645819,InstrumentType.Spot,3847191305847374248,OrderType.Limit,Direction.Long,65000.15,618134960,Side.Buy,,OrderStatus.Submitted,65000.15,1653898000,BTC-USDT,TimeCondition.GTC,1783610796059645819,0.001,0.001,0.0
4194834854,2837957847,1783610796059944635,1783610796059946745,203,order,benchmark,True,0.0,0.0,,,mock,0.0,,1783610796059944635,InstrumentType.Spot,3847191305847374249,OrderType.Limit,Direction.Long,65000.36,618136736,Side.Sell,,OrderStatus.Submitted,65000.36,1653898000,BTC-USDT,TimeCondition.GTC,1783610796059944635,0.001,0.001,0.0
4194834854,2837957847,1783610796060247352,1783610796060249247,203,order,benchmark,True,0.0,0.0,,,mock,0.0,,1783610796060247352,InstrumentType.Spot,3847191305847374250,OrderType.Limit,Direction.Long,65000.17,618138512,Side.Buy,,OrderStatus.Submitted,65000.17,1653898000,BTC-USDT,TimeCondition.GTC,1783610796060247352,0.001,0.001,0.0
4194834854,2837957847,1783610796060667728,1783610796060669819,203,order,benchmark,True,0.0,0.0,,,mock,0.0,,1783610796060667728,InstrumentType.Spot,3847191305847374251,OrderType.Limit,Direction.Long,65000.38,618140288,Side.Sell,,OrderStatus.Submitted,65000.38,1653898000,BTC-USDT,TimeCondition.GTC,1783610796060667728,0.001,0.001,0.0
4194834854,2837957847,1783610796060892627,1783610796060894752,203,order,benchmark,True,0.0,0.0,,,mock,0.0,,1783610796060892627,InstrumentType.Spot,3847191305847374252,OrderType.Limit,Direction.Long,65000.19,618142064,Side.Buy,,OrderStatus.Submitted,65000.19,1653898000,BTC-USDT,TimeCondition.GTC,1783610796060892627,0.001,0.001,0.0
4194834854,2837957847,1783610796061159180,1783610796061161392,203,order,benchmark,True,0.0,0.0,,,mock,0.0,,1783610796061159180,InstrumentType.Spot,3847191305847374253,OrderType.Limit,Direction.Long,65000.4,618143840,Side.Sell,,OrderStatus.Submitted,65000.4,1653898000,BTC-USDT,TimeCondition.GTC,1783610796061159180,0.001,0.001,0.0
4194834854,2837957847,1783610796061682158,1783610796061684950,203,order,benchmark,True,0.0,0.0,,,mock,0.0,,1783610796061682158,InstrumentType.Spot,3847191305847374254,OrderType.Limit,Direction.Long,65000.21,618145616,Side.Buy,,OrderStatus.Submitted,65000.21,1653898000,BTC-USDT,TimeCondition.GTC,1783610796061682158,0.001,0.001,0.0
4194834854,2837957847,1783610796061794147,1783610796061796142,203,order,benchmark,True,0.0,0.0,,,mock,0.0,,1783610796061794147,InstrumentType.Spot,3847191305847374255,OrderType.Limit,Direction.Long,65000.42,618147392,Side.Sell,,OrderStatus.Submitted,65000.42,1653898000,BTC-USDT,TimeCondition.GTC,1783610796061794147,0.001,0.001,0.0
4194834854,2837957847,1783610796061962105,1783610796061964688,203,order,benchmark,True,0.0,0.0,,,mock,0.0,,1783610796061962105,InstrumentType.Spot,3847191305847374256,OrderType.Limit,Direction.Long,65000.23,618149168,Side.Buy,,OrderStatus.Submitted,65000.23,1653898000,BTC-USDT,TimeCondition.GTC,1783610796061962105,0.001,0.001,0.0
4194834854,2837957847,1783610796062475747,1783610796062478640,203,order,benchmark,True,0.0,0.0,,,mock,0.0,,1783610796062475747,InstrumentType.Spot,3847191305847374257,OrderType.Limit,Direction.Long,65000.439999999995,618150944,Side.Sell,,OrderStatus.Submitted,65000.439999999995,1653898000,BTC-USDT,TimeCondition.GTC,1783610796062475747,0.001,0.001,0.0
4194834854,2837957847,1783610796062695221,1783610796062697115,203,order,benchmark,True,0.0,0.0,,,mock,0.0,,1783610796062695221,InstrumentType.Spot,3847191305847374258,OrderType.Limit,Direction.Long,65000.25,618152720,Side.Buy,,OrderStatus.Submitted,65000.25,1653898000,BTC-USDT,TimeCondition.GTC,1783610796062695221,0.001,0.001,0.0
4194834854,2837957847,1783610796062964890,1783610796062975059,203,order,benchmark,True,0.0,0.0,,,mock,0.0,,1783610796062964890,InstrumentType.Spot,3847191305847374259,OrderType.Limit,Direction.Long,65000.46,618154496,Side.Sell,,OrderStatus.Submitted,65000.46,1653898000,BTC-USDT,TimeCondition.GTC,1783610796062964890,0.001,0.001,0.0
4194834854,2837957847,1783610796063256173,1783610796063259010,203,order,benchmark,True,0.0,0.0,,,mock,0.0,,1783610796063256173,InstrumentType.Spot,3847191305847374260,OrderType.Limit,Direction.Long,65000.270000000004,618156272,Side.Buy,,OrderStatus.Submitted,65000.270000000004,1653898000,BTC-USDT,TimeCondition.GTC,1783610796063256173,0.001,0.001,0.0
4194834854,2837957847,1783610796063705911,1783610796063708798,203,order,benchmark,True,0.0,0.0,,,mock,0.0,,1783610796063705911,InstrumentType.Spot,3847191305847374261,OrderType.Limit,Direction.Long,65000.479999999996,618158048,Side.Sell,,OrderStatus.Submitted,65000.479999999996,1653898000,BTC-USDT,TimeCondition.GTC,1783610796063705911,0.001,0.001,0.0
4194834854,2837957847,1783610796063918190,1783610796063920214,203,order,benchmark,True,0.0,0.0,,,mock,0.0,,1783610796063918190,InstrumentType.Spot,3847191305847374262,OrderType.Limit,Direction.Long,65000.29,618159824,Side.Buy,,OrderStatus.Submitted,65000.29,1653898000,BTC-USDT,TimeCondition.GTC,1783610796063918190,0.001,0.001,0.0
4194834854,2837957847,1783610796064158186,1783610796064160436,203,order,benchmark,True,0.0,0.0,,,mock,0.0,,1783610796064158186,InstrumentType.Spot,3847191305847374263,OrderType.Limit,Direction.Long,65000.5,618161600,Side.Sell,,OrderStatus.Submitted,65000.5,1653898000,BTC-USDT,TimeCondition.GTC,1783610796064158186,0.001,0.001,0.0
4194834854,2837957847,1783610796064446019,1783610796064448091,203,order,benchmark,True,0.0,0.0,,,mock,0.0,,1783610796064446019,InstrumentType.Spot,3847191305847374264,OrderType.Limit,Direction.Long,65000.310000000005,618163376,Side.Buy,,OrderStatus.Submitted,65000.310000000005,1653898000,BTC-USDT,TimeCondition.GTC,1783610796064446019,0.001,0.001,0.0
4194834854,2837957847,1783610796064886974,1783610796064889746,203,order,benchmark,True,0.0,0.0,,,mock,0.0,,1783610796064886974,InstrumentType.Spot,3847191305847374265,OrderType.Limit,Direction.Long,65000.52,618165152,Side.Sell,,OrderStatus.Submitted,65000.52,1653898000,BTC-USDT,TimeCondition.GTC,1783610796064886974,0.001,0.001,0.0
4194834854,2837957847,1783610796065091326,1783610796065093428,203,order,benchmark,True,0.0,0.0,,,mock,0.0,,1783610796065091326,InstrumentType.Spot,3847191305847374266,OrderType.Limit,Direction.Long,65000.33,618166928,Side.Buy,,OrderStatus.Submitted,65000.33,1653898000,BTC-USDT,TimeCondition.GTC,1783610796065091326,0.001,0.001,0.0
4194834854,2837957847,1783610796065358358,1783610796065360460,203,order,benchmark,True,0.0,0.0,,,mock,0.0,,1783610796065358358,InstrumentType.Spot,3847191305847374267,OrderType.Limit,Direction.Long,65000.54,618168704,Side.Sell,,OrderStatus.Submitted,65000.54,1653898000,BTC-USDT,TimeCondition.GTC,1783610796065358358,0.001,0.001,0.0
4194834854,2837957847,1783610796065762466,1783610796065764515,203,order,benchmark,True,0.0,0.0,,,mock,0.0,,1783610796065762466,InstrumentType.Spot,3847191305847374268,OrderType.Limit,Direction.Long,65000.35,618170480,Side.Buy,,OrderStatus.Submitted,65000.35,1653898000,BTC-USDT,TimeCondition.GTC,1783610796065762466,0.001,0.001,0.0
4194834854,2837957847,1783610796065965923,1783610796065967882,203,order,benchmark,True,0.0,0.0,,,mock,0.0,,1783610796065965923,InstrumentType.Spot,3847191305847374269,OrderType.Limit,Direction.Long,65000.56,618172256,Side.Sell,,OrderStatus.Submitted,65000.56,1653898000,BTC-USDT,TimeCondition.GTC,1783610796065965923,0.001,0.001,0.0
4194834854,2837957847,1783610796066408221,1783610796066412337,203,order,benchmark,True,0.0,0.0,,,mock,0.0,,1783610796066408221,InstrumentType.Spot,3847191305847374270,OrderType.Limit,Direction.Long,65000.37,618174032,Side.Buy,,OrderStatus.Submitted,65000.37,1653898000,BTC-USDT,TimeCondition.GTC,1783610796066408221,0.001,0.001,0.0
4194834854,2837957847,1783610796066569418,1783610796066571685,203,order,benchmark,True,0.0,0.0,,,mock,0.0,,1783610796066569418,InstrumentType.Spot,3847191305847374271,OrderType.Limit,Direction.Long,65000.58,618175808,Side.Sell,,OrderStatus.Submitted,65000.58,1653898000,BTC-USDT,TimeCondition.GTC,1783610796066569418,0.001,0.001,0.0
4194834854,2837957847,1783610796067024113,1783610796067027920,203,order,benchmark,True,0.0,0.0,,,mock,0.0,,1783610796067024113,InstrumentType.Spot,3847191305847374272,OrderType.Limit,Direction.Long,65000.39,618177584,Side.Buy,,OrderStatus.Submitted,65000.39,1653898000,BTC-USDT,TimeCondition.GTC,1783610796067024113,0.001,0.001,0.0
4194834854,2837957847,1783610796067192197,1783610796067203318,203,order,benchmark,True,0.0,0.0,,,mock,0.0,,1783610796067192197,InstrumentType.Spot,3847191305847374273,OrderType.Limit,Direction.Long,65000.6,618179360,Side.Sell,,OrderStatus.Submitted,65000.6,1653898000,BTC-USDT,TimeCondition.GTC,1783610796067192197,0.001,0.001,0.0
4194834854,2837957847,1783610796067597024,1783610796067600124,203,order,benchmark,True,0.0,0.0,,,mock,0.0,,1783610796067597024,InstrumentType.Spot,3847191305847374274,OrderType.Limit,Direction.Long,65000.41,618181136,Side.Buy,,OrderStatus.Submitted,65000.41,1653898000,BTC-USDT,TimeCondition.GTC,1783610796067597024,0.001,0.001,0.0
4194834854,2837957847,1783610796067814343,1783610796067816399,203,order,benchmark,True,0.0,0.0,,,mock,0.0,,1783610796067814343,InstrumentType.Spot,3847191305847374275,OrderType.Limit,Direction.Long,65000.619999999995,618182912,Side.Sell,,OrderStatus.Submitted,65000.619999999995,1653898000,BTC-USDT,TimeCondition.GTC,1783610796067814343,0.001,0.001,0.0
4194834854,2837957847,1783610796068063395,1783610796068065954,203,order,benchmark,True,0.0,0.0,,,mock,0.0,,1783610796068063395,InstrumentType.Spot,3847191305847374276,OrderType.Limit,Direction.Long,65000.43,618184688,Side.Buy,,OrderStatus.Submitted,65000.43,1653898000,BTC-USDT,TimeCondition.GTC,1783610796068063395,0.001,0.001,0.0
4194834854,2837957847,1783610796068378116,1783610796068380217,203,order,benchmark,True,0.0,0.0,,,mock,0.0,,1783610796068378116,InstrumentType.Spot,3847191305847374277,OrderType.Limit,Direction.Long,65000.64,618186464,Side.Sell,,OrderStatus.Submitted,65000.64,1653898000,BTC-USDT,TimeCondition.GTC,1783610796068378116,0.001,0.001,0.0
4194834854,2837957847,1783610796068816432,1783610796068819612,203,order,benchmark,True,0.0,0.0,,,mock,0.0,,1783610796068816432,InstrumentType.Spot,3847191305847374278,OrderType.Limit,Direction.Long,65000.450000000004,618188240,Side.Buy,,OrderStatus.Submitted,65000.450000000004,1653898000,BTC-USDT,TimeCondition.GTC,1783610796068816432,0.001,0.001,0.0
4194834854,2837957847,1783610796069137573,1783610796069140708,203,order,benchmark,True,0.0,0.0,,,mock,0.0,,1783610796069137573,InstrumentType.Spot,3847191305847374279,OrderType.Limit,Direction.Long,65000.659999999996,618190016,Side.Sell,,OrderStatus.Submitted,65000.659999999996,1653898000,BTC-USDT,TimeCondition.GTC,1783610796069137573,0.001,0.001,0.0
4194834854,2837957847,1783610796069286046,1783610796069289044,203,order,benchmark,True,0.0,0.0,,,mock,0.0,,1783610796069286046,InstrumentType.Spot,3847191305847374280,OrderType.Limit,Direction.Long,65000.47,618191792,Side.Buy,,OrderStatus.Submitted,65000.47,1653898000,BTC-USDT,TimeCondition.GTC,1783610796069286046,0.001,0.001,0.0
4194834854,2837957847,1783610796069720350,1783610796069723578,203,order,benchmark,True,0.0,0.0,,,mock,0.0,,1783610796069720350,InstrumentType.Spot,3847191305847374281,OrderType.Limit,Direction.Long,65000.68,618093648,Side.Sell,,OrderStatus.Submitted,65000.68,1653898000,BTC-USDT,TimeCondition.GTC,1783610796069720350,0.001,0.001,0.0
4194834854,2837957847,1783610796070061477,1783610796070064573,203,order,benchmark,True,0.0,0.0,,,mock,0.0,,1783610796070061477,InstrumentType.Spot,3847191305847374282,OrderType.Limit,Direction.Long,65000.49,618095424,Side.Buy,,OrderStatus.Submitted,65000.49,1653898000,BTC-USDT,TimeCondition.GTC,1783610796070061477,0.001,0.001,0.0
4194834854,2837957847,1783610796070175724,1783610796070177908,203,order,benchmark,True,0.0,0.0,,,mock,0.0,,1783610796070175724,InstrumentType.Spot,3847191305847374283,OrderType.Limit,Direction.Long,65000.7,618197712,Side.Sell,,OrderStatus.Submitted,65000.7,1653898000,BTC-USDT,TimeCondition.GTC,1783610796070175724,0.001,0.001,0.0
4194834854,2837957847,1783610796070466263,1783610796070468602,203,order,benchmark,True,0.0,0.0,,,mock,0.0,,1783610796070466263,InstrumentType.Spot,3847191305847374284,OrderType.Limit,Direction.Long,65000.51,618199408,Side.Buy,,OrderStatus.Submitted,65000.51,1653898000,BTC-USDT,TimeCondition.GTC,1783610796070466263,0.001,0.001,0.0
4194834854,2837957847,1783610796070874707,1783610796070877662,203,order,benchmark,True,0.0,0.0,,,mock,0.0,,1783610796070874707,InstrumentType.Spot,3847191305847374285,OrderType.Limit,Direction.Long,65000.72,618201184,Side.Sell,,OrderStatus.Submitted,65000.72,1653898000,BTC-USDT,TimeCondition.GTC,1783610796070874707,0.001,0.001,0.0
4194834854,2837957847,1783610796071140007,1783610796071174076,203,order,benchmark,True,0.0,0.0,,,mock,0.0,,1783610796071140007,InstrumentType.Spot,3847191305847374286,OrderType.Limit,Direction.Long,65000.53,618202960,Side.Buy,,OrderStatus.Submitted,65000.53,1653898000,BTC-USDT,TimeCondition.GTC,1783610796071140007,0.001,0.001,0.0
4194834854,2837957847,1783610796071412382,1783610796071414597,203,order,benchmark,True,0.0,0.0,,,mock,0.0,,1783610796071412382,InstrumentType.Spot,3847191305847374287,OrderType.Limit,Direction.Long,65000.74,618204736,Side.Sell,,OrderStatus.Submitted,65000.74,1653898000,BTC-USDT,TimeCondition.GTC,1783610796071412382,0.001,0.001,0.0
4194834854,2837957847,1783610796071572548,1783610796071575384,203,order,benchmark,True,0.0,0.0,,,mock,0.0,,1783610796071572548,InstrumentType.Spot,3847191305847374288,OrderType.Limit,Direction.Long,65000.55,618206512,Side.Buy,,OrderStatus.Submitted,65000.55,1653898000,BTC-USDT,TimeCondition.GTC,1783610796071572548,0.001,0.001,0.0
4194834854,2837957847,1783610796071951728,1783610796071953755,203,order,benchmark,True,0.0,0.0,,,mock,0.0,,1783610796071951728,InstrumentType.Spot,3847191305847374289,OrderType.Limit,Direction.Long,65000.76,618208288,Side.Sell,,OrderStatus.Submitted,65000.76,1653898000,BTC-USDT,TimeCondition.GTC,1783610796071951728,0.001,0.001,0.0
4194834854,2837957847,1783610796072402876,1783610796072405794,203,order,benchmark,True,0.0,0.0,,,mock,0.0,,1783610796072402876,InstrumentType.Spot,3847191305847374290,OrderType.Limit,Direction.Long,65000.57,618210064,Side.Buy,,OrderStatus.Submitted,65000.57,1653898000,BTC-USDT,TimeCondition.GTC,1783610796072402876,0.001,0.001,0.0
4194834854,2837957847,1783610796072613551,1783610796072615727,203,order,benchmark,True,0.0,0.0,,,mock,0.0,,1783610796072613551,InstrumentType.Spot,3847191305847374291,OrderType.Limit,Direction.Long,65000.78,618211840,Side.Sell,,OrderStatus.Submitted,65000.78,1653898000,BTC-USDT,TimeCondition.GTC,1783610796072613551,0.001,0.001,0.0
4194834854,2837957847,1783610796072846560,1783610796072848556,203,order,benchmark,True,0.0,0.0,,,mock,0.0,,1783610796072846560,InstrumentType.Spot,3847191305847374292,OrderType.Limit,Direction.Long,65000.590000000004,618213616,Side.Buy,,OrderStatus.Submitted,65000.590000000004,1653898000,BTC-USDT,TimeCondition.GTC,1783610796072846560,0.001,0.001,0.0
4194834854,2837957847,1783610796073145204,1783610796073147372,203,order,benchmark,True,0.0,0.0,,,mock,0.0,,1783610796073145204,InstrumentType.Spot,3847191305847374293,OrderType.Limit,Direction.Long,65000.799999999996,618215392,Side.Sell,,OrderStatus.Submitted,65000.799999999996,1653898000,BTC-USDT,TimeCondition.GTC,1783610796073145204,0.001,0.001,0.0
4194834854,2837957847,1783610796073638457,1783610796073641731,203,order,benchmark,True,0.0,0.0,,,mock,0.0,,1783610796073638457,InstrumentType.Spot,3847191305847374294,OrderType.Limit,Direction.Long,65000.61,618217168,Side.Buy,,OrderStatus.Submitted,65000.61,1653898000,BTC-USDT,TimeCondition.GTC,1783610796073638457,0.001,0.001,0.0
4194834854,2837957847,1783610796073749120,1783610796073751784,203,order,benchmark,True,0.0,0.0,,,mock,0.0,,1783610796073749120,InstrumentType.Spot,3847191305847374295,OrderType.Limit,Direction.Long,65000.82,618218944,Side.Sell,,OrderStatus.Submitted,65000.82,1653898000,BTC-USDT,TimeCondition.GTC,1783610796073749120,0.001,0.001,0.0
4194834854,2837957847,1783610796074066279,1783610796074068541,203,order,benchmark,True,0.0,0.0,,,mock,0.0,,1783610796074066279,InstrumentType.Spot,3847191305847374296,OrderType.Limit,Direction.Long,65000.630000000005,618220720,Side.Buy,,OrderStatus.Submitted,65000.630000000005,1653898000,BTC-USDT,TimeCondition.GTC,1783610796074066279,0.001,0.001,0.0
4194834854,2837957847,1783610796074482599,1783610796074486592,203,order,benchmark,True,0.0,0.0,,,mock,0.0,,1783610796074482599,InstrumentType.Spot,3847191305847374297,OrderType.Limit,Direction.Long,65000.84,618222496,Side.Sell,,OrderStatus.Submitted,65000.84,1653898000,BTC-USDT,TimeCondition.GTC,1783610796074482599,0.001,0.001,0.0
4194834854,2837957847,1783610796074865482,1783610796074868900,203,order,benchmark,True,0.0,0.0,,,mock,0.0,,1783610796074865482,InstrumentType.Spot,3847191305847374298,OrderType.Limit,Direction.Long,65000.65,618224272,Side.Buy,,OrderStatus.Submitted,65000.65,1653898000,BTC-USDT,TimeCondition.GTC,1783610796074865482,0.001,0.001,0.0
4194834854,2837957847,1783610796074889599,1783610796074917921,203,order,benchmark,True,0.0,0.0,,,mock,0.0,,1783610796074889599,InstrumentType.Spot,3847191305847374299,OrderType.Limit,Direction.Long,65000.86,618226048,Side.Sell,,OrderStatus.Submitted,65000.86,1653898000,BTC-USDT,TimeCondition.GTC,1783610796074889599,0.001,0.001,0.0
4194834854,2837957847,1783610796075385447,1783610796075389624,203,order,benchmark,True,0.0,0.0,,,mock,0.0,,1783610796075385447,InstrumentType.Spot,3847191305847374300,OrderType.Limit,Direction.Long,65000.67,618227824,Side.Buy,,OrderStatus.Submitted,65000.67,1653898000,BTC-USDT,TimeCondition.GTC,1783610796075385447,0.001,0.001,0.0
4194834854,2837957847,1783610796075649261,1783610796075651700,203,order,benchmark,True,0.0,0.0,,,mock,0.0,,1783610796075649261,InstrumentType.Spot,3847191305847374301,OrderType.Limit,Direction.Long,65000.88,618229600,Side.Sell,,OrderStatus.Submitted,65000.88,1653898000,BTC-USDT,TimeCondition.GTC,1783610796075649261,0.001,0.001,0.0
4194834854,2837957847,1783610796076080924,1783610796076084198,203,order,benchmark,True,0.0,0.0,,,mock,0.0,,1783610796076080924,InstrumentType.Spot,3847191305847374302,OrderType.Limit,Direction.Long,65000.69,618231376,Side.Buy,,OrderStatus.Submitted,65000.69,1653898000,BTC-USDT,TimeCondition.GTC,1783610796076080924,0.001,0.001,0.0
4194834854,2837957847,1783610796076105852,1783610796076108876,203,order,benchmark,True,0.0,0.0,,,mock,0.0,,1783610796076105852,InstrumentType.Spot,3847191305847374303,OrderType.Limit,Direction.Long,65000.9,618233152,Side.Sell,,OrderStatus.Submitted,65000.9,1653898000,BTC-USDT,TimeCondition.GTC,1783610796076105852,0.001,0.001,0.0
4194834854,2837957847,1783610796076472837,1783610796076476133,203,order,benchmark,True,0.0,0.0,,,mock,0.0,,1783610796076472837,InstrumentType.Spot,3847191305847374304,OrderType.Limit,Direction.Long,65000.71,618234928,Side.Buy,,OrderStatus.Submitted,65000.71,1653898000,BTC-USDT,TimeCondition.GTC,1783610796076472837,0.001,0.001,0.0
4194834854,2837957847,1783610796076756451,1783610796076760097,203,order,benchmark,True,0.0,0.0,,,mock,0.0,,1783610796076756451,InstrumentType.Spot,3847191305847374305,OrderType.Limit,Direction.Long,65000.92,618236704,Side.Sell,,OrderStatus.Submitted,65000.92,1653898000,BTC-USDT,TimeCondition.GTC,1783610796076756451,0.001,0.001,0.0
4194834854,2837957847,1783610796077266461,1783610796077270155,203,order,benchmark,True,0.0,0.0,,,mock,0.0,,1783610796077266461,InstrumentType.Spot,3847191305847374306,OrderType.Limit,Direction.Long,65000.73,618238480,Side.Buy,,OrderStatus.Submitted,65000.73,1653898000,BTC-USDT,TimeCondition.GTC,1783610796077266461,0.001,0.001,0.0
4194834854,2837957847,1783610796077374487,1783610796077376725,203,order,benchmark,True,0.0,0.0,,,mock,0.0,,1783610796077374487,InstrumentType.Spot,3847191305847374307,OrderType.Limit,Direction.Long,65000.939999999995,618240256,Side.Sell,,OrderStatus.Submitted,65000.939999999995,1653898000,BTC-USDT,TimeCondition.GTC,1783610796077374487,0.001,0.001,0.0
4194834854,2837957847,1783610796077570628,1783610796077573569,203,order,benchmark,True,0.0,0.0,,,mock,0.0,,1783610796077570628,InstrumentType.Spot,3847191305847374308,OrderType.Limit,Direction.Long,65000.75,618242032,Side.Buy,,OrderStatus.Submitted,65000.75,1653898000,BTC-USDT,TimeCondition.GTC,1783610796077570628,0.001,0.001,0.0
4194834854,2837957847,1783610796077887468,1783610796077890505,203,order,benchmark,True,0.0,0.0,,,mock,0.0,,1783610796077887468,InstrumentType.Spot,3847191305847374309,OrderType.Limit,Direction.Long,65000.96,618243808,Side.Sell,,OrderStatus.Submitted,65000.96,1653898000,BTC-USDT,TimeCondition.GTC,1783610796077887468,0.001,0.001,0.0
4194834854,2837957847,1783610796078283183,1783610796078285583,203,order,benchmark,True,0.0,0.0,,,mock,0.0,,1783610796078283183,InstrumentType.Spot,3847191305847374310,OrderType.Limit,Direction.Long,65000.770000000004,618245584,Side.Buy,,OrderStatus.Submitted,65000.770000000004,1653898000,BTC-USDT,TimeCondition.GTC,1783610796078283183,0.001,0.001,0.0
4194834854,2837957847,1783610796078561233,1783610796078563627,203,order,benchmark,True,0.0,0.0,,,mock,0.0,,1783610796078561233,InstrumentType.Spot,3847191305847374311,OrderType.Limit,Direction.Long,65000.979999999996,618247360,Side.Sell,,OrderStatus.Submitted,65000.979999999996,1653898000,BTC-USDT,TimeCondition.GTC,1783610796078561233,0.001,0.001,0.0
4194834854,2837957847,1783610796078858985,1783610796078872023,203,order,benchmark,True,0.0,0.0,,,mock,0.0,,1783610796078858985,InstrumentType.Spot,3847191305847374312,OrderType.Limit,Direction.Long,65000.79,618249136,Side.Buy,,OrderStatus.Submitted,65000.79,1653898000,BTC-USDT,TimeCondition.GTC,1783610796078858985,0.001,0.001,0.0
4194834854,2837957847,1783610796079093866,1783610796079097072,203,order,benchmark,True,0.0,0.0,,,mock,0.0,,1783610796079093866,InstrumentType.Spot,3847191305847374313,OrderType.Limit,Direction.Long,65001.0,618250912,Side.Sell,,OrderStatus.Submitted,65001.0,1653898000,BTC-USDT,TimeCondition.GTC,1783610796079093866,0.001,0.001,0.0
4194834854,2837957847,1783610796079458820,1783610796079461012,203,order,benchmark,True,0.0,0.0,,,mock,0.0,,1783610796079458820,InstrumentType.Spot,3847191305847374314,OrderType.Limit,Direction.Long,65000.810000000005,618252688,Side.Buy,,OrderStatus.Submitted,65000.810000000005,1653898000,BTC-USDT,TimeCondition.GTC,1783610796079458820,0.001,0.001,0.0
4194834854,2837957847,1783610796079758175,1783610796079760598,203,order,benchmark,True,0.0,0.0,,,mock,0.0,,1783610796079758175,InstrumentType.Spot,3847191305847374315,OrderType.Limit,Direction.Long,65001.02,618254464,Side.Sell,,OrderStatus.Submitted,65001.02,1653898000,BTC-USDT,TimeCondition.GTC,1783610796079758175,0.001,0.001,0.0
4194834854,2837957847,1783610796080070917,1783610796080073281,203,order,benchmark,True,0.0,0.0,,,mock,0.0,,1783610796080070917,InstrumentType.Spot,3847191305847374316,OrderType.Limit,Direction.Long,65000.83,618256240,Side.Buy,,OrderStatus.Submitted,65000.83,1653898000,BTC-USDT,TimeCondition.GTC,1783610796080070917,0.001,0.001,0.0
4194834854,2837957847,1783610796080356073,1783610796080358048,203,order,benchmark,True,0.0,0.0,,,mock,0.0,,1783610796080356073,InstrumentType.Spot,3847191305847374317,OrderType.Limit,Direction.Long,65001.04,618258016,Side.Sell,,OrderStatus.Submitted,65001.04,1653898000,BTC-USDT,TimeCondition.GTC,1783610796080356073,0.001,0.001,0.0
4194834854,2837957847,1783610796080792318,1783610796080795432,203,order,benchmark,True,0.0,0.0,,,mock,0.0,,1783610796080792318,InstrumentType.Spot,3847191305847374318,OrderType.Limit,Direction.Long,65000.85,618259792,Side.Buy,,OrderStatus.Submitted,65000.85,1653898000,BTC-USDT,TimeCondition.GTC,1783610796080792318,0.001,0.001,0.0
4194834854,2837957847,1783610796081020216,1783610796081022817,203,order,benchmark,True,0.0,0.0,,,mock,0.0,,1783610796081020216,InstrumentType.Spot,3847191305847374319,OrderType.Limit,Direction.Long,65001.06,618261568,Side.Sell,,OrderStatus.Submitted,65001.06,1653898000,BTC-USDT,TimeCondition.GTC,1783610796081020216,0.001,0.001,0.0
4194834854,2837957847,1783610796081178395,1783610796081181548,203,order,benchmark,True,0.0,0.0,,,mock,0.0,,1783610796081178395,InstrumentType.Spot,3847191305847374320,OrderType.Limit,Direction.Long,65000.87,618263344,Side.Buy,,OrderStatus.Submitted,65000.87,1653898000,BTC-USDT,TimeCondition.GTC,1783610796081178395,0.001,0.001,0.0
4194834854,2837957847,1783610796081549316,1783610796081551491,203,order,benchmark,True,0.0,0.0,,,mock,0.0,,1783610796081549316,InstrumentType.Spot,3847191305847374321,OrderType.Limit,Direction.Long,65001.08,618265120,Side.Sell,,OrderStatus.Submitted,65001.08,1653898000,BTC-USDT,TimeCondition.GTC,1783610796081549316,0.001,0.001,0.0
4194834854,2837957847,1783610796081853091,1783610796081855171,203,order,benchmark,True,0.0,0.0,,,mock,0.0,,1783610796081853091,InstrumentType.Spot,3847191305847374322,OrderType.Limit,Direction.Long,65000.89,618266896,Side.Buy,,OrderStatus.Submitted,65000.89,1653898000,BTC-USDT,TimeCondition.GTC,1783610796081853091,0.001,0.001,0.0
4194834854,2837957847,1783610796082147740,1783610796082149989,203,order,benchmark,True,0.0,0.0,,,mock,0.0,,1783610796082147740,InstrumentType.Spot,3847191305847374323,OrderType.Limit,Direction.Long,65000.1,618268672,Side.Sell,,OrderStatus.Submitted,65000.1,1653898000,BTC-USDT,TimeCondition.GTC,1783610796082147740,0.001,0.001,0.0
4194834854,2837957847,1783610796082449965,1783610796082451786,203,order,benchmark,True,0.0,0.0,,,mock,0.0,,1783610796082449965,InstrumentType.Spot,3847191305847374324,OrderType.Limit,Direction.Long,64999.91,618270448,Side.Buy,,OrderStatus.Submitted,64999.91,1653898000,BTC-USDT,TimeCondition.GTC,1783610796082449965,0.001,0.001,0.0
4194834854,2837957847,1783610796082744201,1783610796082753907,203,order,benchmark,True,0.0,0.0,,,mock,0.0,,1783610796082744201,InstrumentType.Spot,3847191305847374325,OrderType.Limit,Direction.Long,65000.119999999995,618272224,Side.Sell,,OrderStatus.Submitted,65000.119999999995,1653898000,BTC-USDT,TimeCondition.GTC,1783610796082744201,0.001,0.001,0.0
4194834854,2837957847,1783610796083050263,1783610796083052590,203,order,benchmark,True,0.0,0.0,,,mock,0.0,,1783610796083050263,InstrumentType.Spot,3847191305847374326,OrderType.Limit,Direction.Long,64999.93,618274000,Side.Buy,,OrderStatus.Submitted,64999.93,1653898000,BTC-USDT,TimeCondition.GTC,1783610796083050263,0.001,0.001,0.0
4194834854,2837957847,1783610796083340236,1783610796083342090,203,order,benchmark,True,0.0,0.0,,,mock,0.0,,1783610796083340236,InstrumentType.Spot,3847191305847374327,OrderType.Limit,Direction.Long,65000.14,618275776,Side.Sell,,OrderStatus.Submitted,65000.14,1653898000,BTC-USDT,TimeCondition.GTC,1783610796083340236,0.001,0.001,0.0
4194834854,2837957847,1783610796083645973,1783610796083648004,203,order,benchmark,True,0.0,0.0,,,mock,0.0,,1783610796083645973,InstrumentType.Spot,3847191305847374328,OrderType.Limit,Direction.Long,64999.950000000004,618277552,Side.Buy,,OrderStatus.Submitted,64999.950000000004,1653898000,BTC-USDT,TimeCondition.GTC,1783610796083645973,0.001,0.001,0.0
4194834854,2837957847,1783610796083955085,1783610796083957230,203,order,benchmark,True,0.0,0.0,,,mock,0.0,,1783610796083955085,InstrumentType.Spot,3847191305847374329,OrderType.Limit,Direction.Long,65000.159999999996,618279328,Side.Sell,,OrderStatus.Submitted,65000.159999999996,1653898000,BTC-USDT,TimeCondition.GTC,1783610796083955085,0.001,0.001,0.0
4194834854,2837957847,1783610796084246568,1783610796084248755,203,order,benchmark,True,0.0,0.0,,,mock,0.0,,1783610796084246568,InstrumentType.Spot,3847191305847374330,OrderType.Limit,Direction.Long,64999.97,618281104,Side.Buy,,OrderStatus.Submitted,64999.97,1653898000,BTC-USDT,TimeCondition.GTC,1783610796084246568,0.001,0.001,0.0
4194834854,2837957847,1783610796084548710,1783610796084550747,203,order,benchmark,True,0.0,0.0,,,mock,0.0,,1783610796084548710,InstrumentType.Spot,3847191305847374331,OrderType.Limit,Direction.Long,65000.18,618282880,Side.Sell,,OrderStatus.Submitted,65000.18,1653898000,BTC-USDT,TimeCondition.GTC,1783610796084548710,0.001,0.001,0.0
4194834854,2837957847,1783610796084838557,1783610796084840353,203,order,benchmark,True,0.0,0.0,,,mock,0.0,,1783610796084838557,InstrumentType.Spot,3847191305847374332,OrderType.Limit,Direction.Long,64999.99,618284656,Side.Buy,,OrderStatus.Submitted,64999.99,1653898000,BTC-USDT,TimeCondition.GTC,1783610796084838557,0.001,0.001,0.0
4194834854,2837957847,1783610796085146831,1783610796085148969,203,order,benchmark,True,0.0,0.0,,,mock,0.0,,1783610796085146831,InstrumentType.Spot,3847191305847374333,OrderType.Limit,Direction.Long,65000.2,618286432,Side.Sell,,OrderStatus.Submitted,65000.2,1653898000,BTC-USDT,TimeCondition.GTC,1783610796085146831,0.001,0.001,0.0
4194834854,2837957847,1783610796085649567,1783610796085652850,203,order,benchmark,True,0.0,0.0,,,mock,0.0,,1783610796085649567,InstrumentType.Spot,3847191305847374334,OrderType.Limit,Direction.Long,65000.01,618288208,Side.Buy,,OrderStatus.Submitted,65000.01,1653898000,BTC-USDT,TimeCondition.GTC,1783610796085649567,0.001,0.001,0.0
4194834854,2837957847,1783610796085830355,1783610796085832129,203,order,benchmark,True,0.0,0.0,,,mock,0.0,,1783610796085830355,InstrumentType.Spot,3847191305847374335,OrderType.Limit,Direction.Long,65000.22,618289984,Side.Sell,,OrderStatus.Submitted,65000.22,1653898000,BTC-USDT,TimeCondition.GTC,1783610796085830355,0.001,0.001,0.0
4194834854,2837957847,1783610796085977547,1783610796086000294,203,order,benchmark,True,0.0,0.0,,,mock,0.0,,1783610796085977547,InstrumentType.Spot,3847191305847374336,OrderType.Limit,Direction.Long,65000.03,618291760,Side.Buy,,OrderStatus.Submitted,65000.03,1653898000,BTC-USDT,TimeCondition.GTC,1783610796085977547,0.001,0.001,0.0
4194834854,2837957847,1783610796086346910,1783610796086349009,203,order,benchmark,True,0.0,0.0,,,mock,0.0,,1783610796086346910,InstrumentType.Spot,3847191305847374337,OrderType.Limit,Direction.Long,65000.24,618293536,Side.Sell,,OrderStatus.Submitted,65000.24,1653898000,BTC-USDT,TimeCondition.GTC,1783610796086346910,0.001,0.001,0.0
4194834854,2837957847,1783610796086645095,1783610796086647158,203,order,benchmark,True,0.0,0.0,,,mock,0.0,,1783610796086645095,InstrumentType.Spot,3847191305847374338,OrderType.Limit,Direction.Long,65000.05,618295312,Side.Buy,,OrderStatus.Submitted,65000.05,1653898000,BTC-USDT,TimeCondition.GTC,1783610796086645095,0.001,0.001,0.0
4194834854,2837957847,1783610796086950640,1783610796086960877,203,order,benchmark,True,0.0,0.0,,,mock,0.0,,1783610796086950640,InstrumentType.Spot,3847191305847374339,OrderType.Limit,Direction.Long,65000.26,618297088,Side.Sell,,OrderStatus.Submitted,65000.26,1653898000,BTC-USDT,TimeCondition.GTC,1783610796086950640,0.001,0.001,0.0
4194834854,2837957847,1783610796087253332,1783610796087255432,203,order,benchmark,True,0.0,0.0,,,mock,0.0,,1783610796087253332,InstrumentType.Spot,3847191305847374340,OrderType.Limit,Direction.Long,65000.07,618298864,Side.Buy,,OrderStatus.Submitted,65000.07,1653898000,BTC-USDT,TimeCondition.GTC,1783610796087253332,0.001,0.001,0.0
4194834854,2837957847,1783610796087677252,1783610796087680488,203,order,benchmark,True,0.0,0.0,,,mock,0.0,,1783610796087677252,InstrumentType.Spot,3847191305847374341,OrderType.Limit,Direction.Long,65000.28,618300640,Side.Sell,,OrderStatus.Submitted,65000.28,1653898000,BTC-USDT,TimeCondition.GTC,1783610796087677252,0.001,0.001,0.0
4194834854,2837957847,1783610796087908297,1783610796087910793,203,order,benchmark,True,0.0,0.0,,,mock,0.0,,1783610796087908297,InstrumentType.Spot,3847191305847374342,OrderType.Limit,Direction.Long,65000.090000000004,618302416,Side.Buy,,OrderStatus.Submitted,65000.090000000004,1653898000,BTC-USDT,TimeCondition.GTC,1783610796087908297,0.001,0.001,0.0
4194834854,2837957847,1783610796088071122,1783610796088089725,203,order,benchmark,True,0.0,0.0,,,mock,0.0,,1783610796088071122,InstrumentType.Spot,3847191305847374343,OrderType.Limit,Direction.Long,65000.299999999996,618304192,Side.Sell,,OrderStatus.Submitted,65000.299999999996,1653898000,BTC-USDT,TimeCondition.GTC,1783610796088071122,0.001,0.001,0.0
4194834854,2837957847,1783610796088463504,1783610796088465910,203,order,benchmark,True,0.0,0.0,,,mock,0.0,,1783610796088463504,InstrumentType.Spot,3847191305847374344,OrderType.Limit,Direction.Long,65000.11,618305968,Side.Buy,,OrderStatus.Submitted,65000.11,1653898000,BTC-USDT,TimeCondition.GTC,1783610796088463504,0.001,0.001,0.0
4194834854,2837957847,1783610796088662098,1783610796088665033,203,order,benchmark,True,0.0,0.0,,,mock,0.0,,1783610796088662098,InstrumentType.Spot,3847191305847374345,OrderType.Limit,Direction.Long,65000.32,618193568,Side.Sell,,OrderStatus.Submitted,65000.32,1653898000,BTC-USDT,TimeCondition.GTC,1783610796088662098,0.001,0.001,0.0
4194834854,2837957847,1783610796089072733,1783610796089074995,203,order,benchmark,True,0.0,0.0,,,mock,0.0,,1783610796089072733,InstrumentType.Spot,3847191305847374346,OrderType.Limit,Direction.Long,65000.130000000005,618195344,Side.Buy,,OrderStatus.Submitted,65000.130000000005,1653898000,BTC-USDT,TimeCondition.GTC,1783610796089072733,0.001,0.001,0.0
4194834854,2837957847,1783610796089285600,1783610796089288320,203,order,benchmark,True,0.0,0.0,,,mock,0.0,,1783610796089285600,InstrumentType.Spot,3847191305847374347,OrderType.Limit,Direction.Long,65000.34,618197120,Side.Sell,,OrderStatus.Submitted,65000.34,1653898000,BTC-USDT,TimeCondition.GTC,1783610796089285600,0.001,0.001,0.0
4194834854,2837957847,1783610796089662560,1783610796089664998,203,order,benchmark,True,0.0,0.0,,,mock,0.0,,1783610796089662560,InstrumentType.Spot,3847191305847374348,OrderType.Limit,Direction.Long,65000.15,618313648,Side.Buy,,OrderStatus.Submitted,65000.15,1653898000,BTC-USDT,TimeCondition.GTC,1783610796089662560,0.001,0.001,0.0
4194834854,2837957847,1783610796089954264,1783610796089956352,203,order,benchmark,True,0.0,0.0,,,mock,0.0,,1783610796089954264,InstrumentType.Spot,3847191305847374349,OrderType.Limit,Direction.Long,65000.36,618315424,Side.Sell,,OrderStatus.Submitted,65000.36,1653898000,BTC-USDT,TimeCondition.GTC,1783610796089954264,0.001,0.001,0.0
4194834854,2837957847,1783610796090168508,1783610796090171012,203,order,benchmark,True,0.0,0.0,,,mock,0.0,,1783610796090168508,InstrumentType.Spot,3847191305847374350,OrderType.Limit,Direction.Long,65000.17,618317200,Side.Buy,,OrderStatus.Submitted,65000.17,1653898000,BTC-USDT,TimeCondition.GTC,1783610796090168508,0.001,0.001,0.0
4194834854,2837957847,1783610796090546681,1783610796090548589,203,order,benchmark,True,0.0,0.0,,,mock,0.0,,1783610796090546681,InstrumentType.Spot,3847191305847374351,OrderType.Limit,Direction.Long,65000.38,618318976,Side.Sell,,OrderStatus.Submitted,65000.38,1653898000,BTC-USDT,TimeCondition.GTC,1783610796090546681,0.001,0.001,0.0
4194834854,2837957847,1783610796090844187,1783610796090853582,203,order,benchmark,True,0.0,0.0,,,mock,0.0,,1783610796090844187,InstrumentType.Spot,3847191305847374352,OrderType.Limit,Direction.Long,65000.19,618320752,Side.Buy,,OrderStatus.Submitted,65000.19,1653898000,BTC-USDT,TimeCondition.GTC,1783610796090844187,0.001,0.001,0.0
4194834854,2837957847,1783610796091142456,1783610796091144414,203,order,benchmark,True,0.0,0.0,,,mock,0.0,,1783610796091142456,InstrumentType.Spot,3847191305847374353,OrderType.Limit,Direction.Long,65000.4,618322528,Side.Sell,,OrderStatus.Submitted,65000.4,1653898000,BTC-USDT,TimeCondition.GTC,1783610796091142456,0.001,0.001,0.0
4194834854,2837957847,1783610796091442254,1783610796091444331,203,order,benchmark,True,0.0,0.0,,,mock,0.0,,1783610796091442254,InstrumentType.Spot,3847191305847374354,OrderType.Limit,Direction.Long,65000.21,618324304,Side.Buy,,OrderStatus.Submitted,65000.21,1653898000,BTC-USDT,TimeCondition.GTC,1783610796091442254,0.001,0.001,0.0
4194834854,2837957847,1783610796091741124,1783610796091742950,203,order,benchmark,True,0.0,0.0,,,mock,0.0,,1783610796091741124,InstrumentType.Spot,3847191305847374355,OrderType.Limit,Direction.Long,65000.42,618326080,Side.Sell,,OrderStatus.Submitted,65000.42,1653898000,BTC-USDT,TimeCondition.GTC,1783610796091741124,0.001,0.001,0.0
4194834854,2837957847,1783610796092044763,1783610796092046735,203,order,benchmark,True,0.0,0.0,,,mock,0.0,,1783610796092044763,InstrumentType.Spot,3847191305847374356,OrderType.Limit,Direction.Long,65000.23,618327856,Side.Buy,,OrderStatus.Submitted,65000.23,1653898000,BTC-USDT,TimeCondition.GTC,1783610796092044763,0.001,0.001,0.0
4194834854,2837957847,1783610796092345729,1783610796092347680,203,order,benchmark,True,0.0,0.0,,,mock,0.0,,1783610796092345729,InstrumentType.Spot,3847191305847374357,OrderType.Limit,Direction.Long,65000.439999999995,618329632,Side.Sell,,OrderStatus.Submitted,65000.439999999995,1653898000,BTC-USDT,TimeCondition.GTC,1783610796092345729,0.001,0.001,0.0
4194834854,2837957847,1783610796092649008,1783610796092651021,203,order,benchmark,True,0.0,0.0,,,mock,0.0,,1783610796092649008,InstrumentType.Spot,3847191305847374358,OrderType.Limit,Direction.Long,65000.25,618331408,Side.Buy,,OrderStatus.Submitted,65000.25,1653898000,BTC-USDT,TimeCondition.GTC,1783610796092649008,0.001,0.001,0.0
4194834854,2837957847,1783610796093101724,1783610796093104717,203,order,benchmark,True,0.0,0.0,,,mock,0.0,,1783610796093101724,InstrumentType.Spot,3847191305847374359,OrderType.Limit,Direction.Long,65000.46,618333184,Side.Sell,,OrderStatus.Submitted,65000.46,1653898000,BTC-USDT,TimeCondition.GTC,1783610796093101724,0.001,0.001,0.0
4194834854,2837957847,1783610796093325890,1783610796093328581,203,order,benchmark,True,0.0,0.0,,,mock,0.0,,1783610796093325890,InstrumentType.Spot,3847191305847374360,OrderType.Limit,Direction.Long,65000.270000000004,618334960,Side.Buy,,OrderStatus.Submitted,65000.270000000004,1653898000,BTC-USDT,TimeCondition.GTC,1783610796093325890,0.001,0.001,0.0
4194834854,2837957847,1783610796093470209,1783610796093472859,203,order,benchmark,True,0.0,0.0,,,mock,0.0,,1783610796093470209,InstrumentType.Spot,3847191305847374361,OrderType.Limit,Direction.Long,65000.479999999996,618336736,Side.Sell,,OrderStatus.Submitted,65000.479999999996,1653898000,BTC-USDT,TimeCondition.GTC,1783610796093470209,0.001,0.001,0.0
4194834854,2837957847,1783610796094155142,1783610796094158176,203,order,benchmark,True,0.0,0.0,,,mock,0.0,,1783610796094155142,InstrumentType.Spot,3847191305847374362,OrderType.Limit,Direction.Long,65000.29,618338512,Side.Buy,,OrderStatus.Submitted,65000.29,1653898000,BTC-USDT,TimeCondition.GTC,1783610796094155142,0.001,0.001,0.0
4194834854,2837957847,1783610796094195522,1783610796094197062,203,order,benchmark,True,0.0,0.0,,,mock,0.0,,1783610796094195522,InstrumentType.Spot,3847191305847374363,OrderType.Limit,Direction.Long,65000.5,618340288,Side.Sell,,OrderStatus.Submitted,65000.5,1653898000,BTC-USDT,TimeCondition.GTC,1783610796094195522,0.001,0.001,0.0
4194834854,2837957847,1783610796094429670,1783610796094431585,203,order,benchmark,True,0.0,0.0,,,mock,0.0,,1783610796094429670,InstrumentType.Spot,3847191305847374364,OrderType.Limit,Direction.Long,65000.310000000005,618342064,Side.Buy,,OrderStatus.Submitted,65000.310000000005,1653898000,BTC-USDT,TimeCondition.GTC,1783610796094429670,0.001,0.001,0.0
4194834854,2837957847,1783610796094863400,1783610796094875979,203,order,benchmark,True,0.0,0.0,,,mock,0.0,,1783610796094863400,InstrumentType.Spot,3847191305847374365,OrderType.Limit,Direction.Long,65000.52,618343840,Side.Sell,,OrderStatus.Submitted,65000.52,1653898000,BTC-USDT,TimeCondition.GTC,1783610796094863400,0.001,0.001,0.0
4194834854,2837957847,1783610796095108144,1783610796095110233,203,order,benchmark,True,0.0,0.0,,,mock,0.0,,1783610796095108144,InstrumentType.Spot,3847191305847374366,OrderType.Limit,Direction.Long,65000.33,618345616,Side.Buy,,OrderStatus.Submitted,65000.33,1653898000,BTC-USDT,TimeCondition.GTC,1783610796095108144,0.001,0.001,0.0
4194834854,2837957847,1783610796095352105,1783610796095354221,203,order,benchmark,True,0.0,0.0,,,mock,0.0,,1783610796095352105,InstrumentType.Spot,3847191305847374367,OrderType.Limit,Direction.Long,65000.54,618347392,Side.Sell,,OrderStatus.Submitted,65000.54,1653898000,BTC-USDT,TimeCondition.GTC,1783610796095352105,0.001,0.001,0.0
4194834854,2837957847,1783610796095646787,1783610796095649032,203,order,benchmark,True,0.0,0.0,,,mock,0.0,,1783610796095646787,InstrumentType.Spot,3847191305847374368,OrderType.Limit,Direction.Long,65000.35,618349168,Side.Buy,,OrderStatus.Submitted,65000.35,1653898000,BTC-USDT,TimeCondition.GTC,1783610796095646787,0.001,0.001,0.0
4194834854,2837957847,1783610796095948153,1783610796095950270,203,order,benchmark,True,0.0,0.0,,,mock,0.0,,1783610796095948153,InstrumentType.Spot,3847191305847374369,OrderType.Limit,Direction.Long,65000.56,618350944,Side.Sell,,OrderStatus.Submitted,65000.56,1653898000,BTC-USDT,TimeCondition.GTC,1783610796095948153,0.001,0.001,0.0
4194834854,2837957847,1783610796096483947,1783610796096487521,203,order,benchmark,True,0.0,0.0,,,mock,0.0,,1783610796096483947,InstrumentType.Spot,3847191305847374370,OrderType.Limit,Direction.Long,65000.37,618352720,Side.Buy,,OrderStatus.Submitted,65000.37,1653898000,BTC-USDT,TimeCondition.GTC,1783610796096483947,0.001,0.001,0.0
4194834854,2837957847,1783610796096507342,1783610796096508944,203,order,benchmark,True,0.0,0.0,,,mock,0.0,,1783610796096507342,InstrumentType.Spot,3847191305847374371,OrderType.Limit,Direction.Long,65000.58,618354464,Side.Sell,,OrderStatus.Submitted,65000.58,1653898000,BTC-USDT,TimeCondition.GTC,1783610796096507342,0.001,0.001,0.0
4194834854,2837957847,1783610796096986628,1783610796096989443,203,order,benchmark,True,0.0,0.0,,,mock,0.0,,1783610796096986628,InstrumentType.Spot,3847191305847374372,OrderType.Limit,Direction.Long,65000.39,618356272,Side.Buy,,OrderStatus.Submitted,65000.39,1653898000,BTC-USDT,TimeCondition.GTC,1783610796096986628,0.001,0.001,0.0
4194834854,2837957847,1783610796097208170,1783610796097210073,203,order,benchmark,True,0.0,0.0,,,mock,0.0,,1783610796097208170,InstrumentType.Spot,3847191305847374373,OrderType.Limit,Direction.Long,65000.6,618358048,Side.Sell,,OrderStatus.Submitted,65000.6,1653898000,BTC-USDT,TimeCondition.GTC,1783610796097208170,0.001,0.001,0.0
4194834854,2837957847,1783610796097448711,1783610796097450712,203,order,benchmark,True,0.0,0.0,,,mock,0.0,,1783610796097448711,InstrumentType.Spot,3847191305847374374,OrderType.Limit,Direction.Long,65000.41,618359824,Side.Buy,,OrderStatus.Submitted,65000.41,1653898000,BTC-USDT,TimeCondition.GTC,1783610796097448711,0.001,0.001,0.0
4194834854,2837957847,1783610796097747893,1783610796097749976,203,order,benchmark,True,0.0,0.0,,,mock,0.0,,1783610796097747893,InstrumentType.Spot,3847191305847374375,OrderType.Limit,Direction.Long,65000.619999999995,618361600,Side.Sell,,OrderStatus.Submitted,65000.619999999995,1653898000,BTC-USDT,TimeCondition.GTC,1783610796097747893,0.001,0.001,0.0
4194834854,2837957847,1783610796098167999,1783610796098169937,203,order,benchmark,True,0.0,0.0,,,mock,0.0,,1783610796098167999,InstrumentType.Spot,3847191305847374376,OrderType.Limit,Direction.Long,65000.43,618363376,Side.Buy,,OrderStatus.Submitted,65000.43,1653898000,BTC-USDT,TimeCondition.GTC,1783610796098167999,0.001,0.001,0.0
4194834854,2837957847,1783610796098380686,1783610796098382703,203,order,benchmark,True,0.0,0.0,,,mock,0.0,,1783610796098380686,InstrumentType.Spot,3847191305847374377,OrderType.Limit,Direction.Long,65000.64,618365152,Side.Sell,,OrderStatus.Submitted,65000.64,1653898000,BTC-USDT,TimeCondition.GTC,1783610796098380686,0.001,0.001,0.0
4194834854,2837957847,1783610796098760533,1783610796098772091,203,order,benchmark,True,0.0,0.0,,,mock,0.0,,1783610796098760533,InstrumentType.Spot,3847191305847374378,OrderType.Limit,Direction.Long,65000.450000000004,618366928,Side.Buy,,OrderStatus.Submitted,65000.450000000004,1653898000,BTC-USDT,TimeCondition.GTC,1783610796098760533,0.001,0.001,0.0
4194834854,2837957847,1783610796099151826,1783610796099154749,203,order,benchmark,True,0.0,0.0,,,mock,0.0,,1783610796099151826,InstrumentType.Spot,3847191305847374379,OrderType.Limit,Direction.Long,65000.659999999996,618368704,Side.Sell,,OrderStatus.Submitted,65000.659999999996,1653898000,BTC-USDT,TimeCondition.GTC,1783610796099151826,0.001,0.001,0.0
4194834854,2837957847,1783610796099345547,1783610796099348002,203,order,benchmark,True,0.0,0.0,,,mock,0.0,,1783610796099345547,InstrumentType.Spot,3847191305847374380,OrderType.Limit,Direction.Long,65000.47,618370480,Side.Buy,,OrderStatus.Submitted,65000.47,1653898000,BTC-USDT,TimeCondition.GTC,1783610796099345547,0.001,0.001,0.0
4194834854,2837957847,1783610796099561634,1783610796099563627,203,order,benchmark,True,0.0,0.0,,,mock,0.0,,1783610796099561634,InstrumentType.Spot,3847191305847374381,OrderType.Limit,Direction.Long,65000.68,618372256,Side.Sell,,OrderStatus.Submitted,65000.68,1653898000,BTC-USDT,TimeCondition.GTC,1783610796099561634,0.001,0.001,0.0
4194834854,2837957847,1783610796099844086,1783610796099846101,203,order,benchmark,True,0.0,0.0,,,mock,0.0,,1783610796099844086,InstrumentType.Spot,3847191305847374382,OrderType.Limit,Direction.Long,65000.49,618374032,Side.Buy,,OrderStatus.Submitted,65000.49,1653898000,BTC-USDT,TimeCondition.GTC,1783610796099844086,0.001,0.001,0.0
4194834854,2837957847,1783610796100316125,1783610796100318867,203,order,benchmark,True,0.0,0.0,,,mock,0.0,,1783610796100316125,InstrumentType.Spot,3847191305847374383,OrderType.Limit,Direction.Long,65000.7,618375808,Side.Sell,,OrderStatus.Submitted,65000.7,1653898000,BTC-USDT,TimeCondition.GTC,1783610796100316125,0.001,0.001,0.0
4194834854,2837957847,1783610796100456033,1783610796100458743,203,order,benchmark,True,0.0,0.0,,,mock,0.0,,1783610796100456033,InstrumentType.Spot,3847191305847374384,OrderType.Limit,Direction.Long,65000.51,618377584,Side.Buy,,OrderStatus.Submitted,65000.51,1653898000,BTC-USDT,TimeCondition.GTC,1783610796100456033,0.001,0.001,0.0
4194834854,2837957847,1783610796100746629,1783610796100748536,203,order,benchmark,True,0.0,0.0,,,mock,0.0,,1783610796100746629,InstrumentType.Spot,3847191305847374385,OrderType.Limit,Direction.Long,65000.72,618379360,Side.Sell,,OrderStatus.Submitted,65000.72,1653898000,BTC-USDT,TimeCondition.GTC,1783610796100746629,0.001,0.001,0.0
4194834854,2837957847,1783610796101055414,1783610796101057764,203,order,benchmark,True,0.0,0.0,,,mock,0.0,,1783610796101055414,InstrumentType.Spot,3847191305847374386,OrderType.Limit,Direction.Long,65000.53,618381136,Side.Buy,,OrderStatus.Submitted,65000.53,1653898000,BTC-USDT,TimeCondition.GTC,1783610796101055414,0.001,0.001,0.0
4194834854,2837957847,1783610796101351857,1783610796101353967,203,order,benchmark,True,0.0,0.0,,,mock,0.0,,1783610796101351857,InstrumentType.Spot,3847191305847374387,OrderType.Limit,Direction.Long,65000.74,618382912,Side.Sell,,OrderStatus.Submitted,65000.74,1653898000,BTC-USDT,TimeCondition.GTC,1783610796101351857,0.001,0.001,0.0
4194834854,2837957847,1783610796101917389,1783610796101925033,203,order,benchmark,True,0.0,0.0,,,mock,0.0,,1783610796101917389,InstrumentType.Spot,3847191305847374388,OrderType.Limit,Direction.Long,65000.55,618384688,Side.Buy,,OrderStatus.Submitted,65000.55,1653898000,BTC-USDT,TimeCondition.GTC,1783610796101917389,0.001,0.001,0.0
4194834854,2837957847,1783610796102161598,1783610796102166045,203,order,benchmark,True,0.0,0.0,,,mock,0.0,,1783610796102161598,InstrumentType.Spot,3847191305847374389,OrderType.Limit,Direction.Long,65000.76,618386464,Side.Sell,,OrderStatus.Submitted,65000.76,1653898000,BTC-USDT,TimeCondition.GTC,1783610796102161598,0.001,0.001,0.0
4194834854,2837957847,1783610796102344584,1783610796102347938,203,order,benchmark,True,0.0,0.0,,,mock,0.0,,1783610796102344584,InstrumentType.Spot,3847191305847374390,OrderType.Limit,Direction.Long,65000.57,618388240,Side.Buy,,OrderStatus.Submitted,65000.57,1653898000,BTC-USDT,TimeCondition.GTC,1783610796102344584,0.001,0.001,0.0
4194834854,2837957847,1783610796102683056,1783610796102706170,203,order,benchmark,True,0.0,0.0,,,mock,0.0,,1783610796102683056,InstrumentType.Spot,3847191305847374391,OrderType.Limit,Direction.Long,65000.78,618390016,Side.Sell,,OrderStatus.Submitted,65000.78,1653898000,BTC-USDT,TimeCondition.GTC,1783610796102683056,0.001,0.001,0.0
4194834854,2837957847,1783610796102900896,1783610796102906325,203,order,benchmark,True,0.0,0.0,,,mock,0.0,,1783610796102900896,InstrumentType.Spot,3847191305847374392,OrderType.Limit,Direction.Long,65000.590000000004,618391792,Side.Buy,,OrderStatus.Submitted,65000.590000000004,1653898000,BTC-USDT,TimeCondition.GTC,1783610796102900896,0.001,0.001,0.0
4194834854,2837957847,1783610796103166936,1783610796103170052,203,order,benchmark,True,0.0,0.0,,,mock,0.0,,1783610796103166936,InstrumentType.Spot,3847191305847374393,OrderType.Limit,Direction.Long,65000.799999999996,618393568,Side.Sell,,OrderStatus.Submitted,65000.799999999996,1653898000,BTC-USDT,TimeCondition.GTC,1783610796103166936,0.001,0.001,0.0
4194834854,2837957847,1783610796103445357,1783610796103447356,203,order,benchmark,True,0.0,0.0,,,mock,0.0,,1783610796103445357,InstrumentType.Spot,3847191305847374394,OrderType.Limit,Direction.Long,65000.61,618395344,Side.Buy,,OrderStatus.Submitted,65000.61,1653898000,BTC-USDT,TimeCondition.GTC,1783610796103445357,0.001,0.001,0.0
4194834854,2837957847,1783610796103957689,1783610796103960919,203,order,benchmark,True,0.0,0.0,,,mock,0.0,,1783610796103957689,InstrumentType.Spot,3847191305847374395,OrderType.Limit,Direction.Long,65000.82,618397120,Side.Sell,,OrderStatus.Submitted,65000.82,1653898000,BTC-USDT,TimeCondition.GTC,1783610796103957689,0.001,0.001,0.0
4194834854,2837957847,1783610796104239987,1783610796104242983,203,order,benchmark,True,0.0,0.0,,,mock,0.0,,1783610796104239987,InstrumentType.Spot,3847191305847374396,OrderType.Limit,Direction.Long,65000.630000000005,618398896,Side.Buy,,OrderStatus.Submitted,65000.630000000005,1653898000,BTC-USDT,TimeCondition.GTC,1783610796104239987,0.001,0.001,0.0
4194834854,2837957847,1783610796104620192,1783610796104622437,203,order,benchmark,True,0.0,0.0,,,mock,0.0,,1783610796104620192,InstrumentType.Spot,3847191305847374397,OrderType.Limit,Direction.Long,65000.84,618400672,Side.Sell,,OrderStatus.Submitted,65000.84,1653898000,BTC-USDT,TimeCondition.GTC,1783610796104620192,0.001,0.001,0.0
4194834854,2837957847,1783610796104646124,1783610796104647578,203,order,benchmark,True,0.0,0.0,,,mock,0.0,,1783610796104646124,InstrumentType.Spot,3847191305847374398,OrderType.Limit,Direction.Long,65000.65,618402416,Side.Buy,,OrderStatus.Submitted,65000.65,1653898000,BTC-USDT,TimeCondition.GTC,1783610796104646124,0.001,0.001,0.0
4194834854,2837957847,1783610796105055133,1783610796105061445,203,order,benchmark,True,0.0,0.0,,,mock,0.0,,1783610796105055133,InstrumentType.Spot,3847191305847374399,OrderType.Limit,Direction.Long,65000.86,618404224,Side.Sell,,OrderStatus.Submitted,65000.86,1653898000,BTC-USDT,TimeCondition.GTC,1783610796105055133,0.001,0.001,0.0
4194834854,2837957847,1783610796105343207,1783610796105349250,203,order,benchmark,True,0.0,0.0,,,mock,0.0,,1783610796105343207,InstrumentType.Spot,3847191305847374400,OrderType.Limit,Direction.Long,65000.67,618406000,Side.Buy,,OrderStatus.Submitted,65000.67,1653898000,BTC-USDT,TimeCondition.GTC,1783610796105343207,0.001,0.001,0.0
4194834854,2837957847,1783610796105792802,1783610796105798209,203,order,benchmark,True,0.0,0.0,,,mock,0.0,,1783610796105792802,InstrumentType.Spot,3847191305847374401,OrderType.Limit,Direction.Long,65000.88,618407776,Side.Sell,,OrderStatus.Submitted,65000.88,1653898000,BTC-USDT,TimeCondition.GTC,1783610796105792802,0.001,0.001,0.0
4194834854,2837957847,1783610796106163639,1783610796106166667,203,order,benchmark,True,0.0,0.0,,,mock,0.0,,1783610796106163639,InstrumentType.Spot,3847191305847374402,OrderType.Limit,Direction.Long,65000.69,618409552,Side.Buy,,OrderStatus.Submitted,65000.69,1653898000,BTC-USDT,TimeCondition.GTC,1783610796106163639,0.001,0.001,0.0
4194834854,2837957847,1783610796106189713,1783610796106191186,203,order,benchmark,True,0.0,0.0,,,mock,0.0,,1783610796106189713,InstrumentType.Spot,3847191305847374403,OrderType.Limit,Direction.Long,65000.9,618411328,Side.Sell,,OrderStatus.Submitted,65000.9,1653898000,BTC-USDT,TimeCondition.GTC,1783610796106189713,0.001,0.001,0.0
4194834854,2837957847,1783610796106379922,1783610796106382692,203,order,benchmark,True,0.0,0.0,,,mock,0.0,,1783610796106379922,InstrumentType.Spot,3847191305847374404,OrderType.Limit,Direction.Long,65000.71,618413104,Side.Buy,,OrderStatus.Submitted,65000.71,1653898000,BTC-USDT,TimeCondition.GTC,1783610796106379922,0.001,0.001,0.0
4194834854,2837957847,1783610796106752699,1783610796106773216,203,order,benchmark,True,0.0,0.0,,,mock,0.0,,1783610796106752699,InstrumentType.Spot,3847191305847374405,OrderType.Limit,Direction.Long,65000.92,618414880,Side.Sell,,OrderStatus.Submitted,65000.92,1653898000,BTC-USDT,TimeCondition.GTC,1783610796106752699,0.001,0.001,0.0
4194834854,2837957847,1783610796107078002,1783610796107080319,203,order,benchmark,True,0.0,0.0,,,mock,0.0,,1783610796107078002,InstrumentType.Spot,3847191305847374406,OrderType.Limit,Direction.Long,65000.73,618416656,Side.Buy,,OrderStatus.Submitted,65000.73,1653898000,BTC-USDT,TimeCondition.GTC,1783610796107078002,0.001,0.001,0.0
4194834854,2837957847,1783610796107353200,1783610796107355368,203,order,benchmark,True,0.0,0.0,,,mock,0.0,,1783610796107353200,InstrumentType.Spot,3847191305847374407,OrderType.Limit,Direction.Long,65000.939999999995,618418432,Side.Sell,,OrderStatus.Submitted,65000.939999999995,1653898000,BTC-USDT,TimeCondition.GTC,1783610796107353200,0.001,0.001,0.0
4194834854,2837957847,1783610796107944032,1783610796107947538,203,order,benchmark,True,0.0,0.0,,,mock,0.0,,1783610796107944032,InstrumentType.Spot,3847191305847374408,OrderType.Limit,Direction.Long,65000.75,618420208,Side.Buy,,OrderStatus.Submitted,65000.75,1653898000,BTC-USDT,TimeCondition.GTC,1783610796107944032,0.001,0.001,0.0
4194834854,2837957847,1783610796107986587,1783610796107989022,203,order,benchmark,True,0.0,0.0,,,mock,0.0,,1783610796107986587,InstrumentType.Spot,3847191305847374409,OrderType.Limit,Direction.Long,65000.96,618421952,Side.Sell,,OrderStatus.Submitted,65000.96,1653898000,BTC-USDT,TimeCondition.GTC,1783610796107986587,0.001,0.001,0.0
4194834854,2837957847,1783610796108262540,1783610796108264625,203,order,benchmark,True,0.0,0.0,,,mock,0.0,,1783610796108262540,InstrumentType.Spot,3847191305847374410,OrderType.Limit,Direction.Long,65000.770000000004,618423760,Side.Buy,,OrderStatus.Submitted,65000.770000000004,1653898000,BTC-USDT,TimeCondition.GTC,1783610796108262540,0.001,0.001,0.0
4194834854,2837957847,1783610796108547314,1783610796108549368,203,order,benchmark,True,0.0,0.0,,,mock,0.0,,1783610796108547314,InstrumentType.Spot,3847191305847374411,OrderType.Limit,Direction.Long,65000.979999999996,618425536,Side.Sell,,OrderStatus.Submitted,65000.979999999996,1653898000,BTC-USDT,TimeCondition.GTC,1783610796108547314,0.001,0.001,0.0
4194834854,2837957847,1783610796108989672,1783610796108992761,203,order,benchmark,True,0.0,0.0,,,mock,0.0,,1783610796108989672,InstrumentType.Spot,3847191305847374412,OrderType.Limit,Direction.Long,65000.79,618427312,Side.Buy,,OrderStatus.Submitted,65000.79,1653898000,BTC-USDT,TimeCondition.GTC,1783610796108989672,0.001,0.001,0.0
4194834854,2837957847,1783610796109175012,1783610796109176867,203,order,benchmark,True,0.0,0.0,,,mock,0.0,,1783610796109175012,InstrumentType.Spot,3847191305847374413,OrderType.Limit,Direction.Long,65001.0,618429088,Side.Sell,,OrderStatus.Submitted,65001.0,1653898000,BTC-USDT,TimeCondition.GTC,1783610796109175012,0.001,0.001,0.0
4194834854,2837957847,1783610796109493142,1783610796109496014,203,order,benchmark,True,0.0,0.0,,,mock,0.0,,1783610796109493142,InstrumentType.Spot,3847191305847374414,OrderType.Limit,Direction.Long,65000.810000000005,618430864,Side.Buy,,OrderStatus.Submitted,65000.810000000005,1653898000,BTC-USDT,TimeCondition.GTC,1783610796109493142,0.001,0.001,0.0
4194834854,2837957847,1783610796109773783,1783610796109776380,203,order,benchmark,True,0.0,0.0,,,mock,0.0,,1783610796109773783,InstrumentType.Spot,3847191305847374415,OrderType.Limit,Direction.Long,65001.02,618432640,Side.Sell,,OrderStatus.Submitted,65001.02,1653898000,BTC-USDT,TimeCondition.GTC,1783610796109773783,0.001,0.001,0.0
4194834854,2837957847,1783610796110260241,1783610796110263271,203,order,benchmark,True,0.0,0.0,,,mock,0.0,,1783610796110260241,InstrumentType.Spot,3847191305847374416,OrderType.Limit,Direction.Long,65000.83,618434416,Side.Buy,,OrderStatus.Submitted,65000.83,1653898000,BTC-USDT,TimeCondition.GTC,1783610796110260241,0.001,0.001,0.0
4194834854,2837957847,1783610796110373205,1783610796110375180,203,order,benchmark,True,0.0,0.0,,,mock,0.0,,1783610796110373205,InstrumentType.Spot,3847191305847374417,OrderType.Limit,Direction.Long,65001.04,618307744,Side.Sell,,OrderStatus.Submitted,65001.04,1653898000,BTC-USDT,TimeCondition.GTC,1783610796110373205,0.001,0.001,0.0
4194834854,2837957847,1783610796110679740,1783610796110713242,203,order,benchmark,True,0.0,0.0,,,mock,0.0,,1783610796110679740,InstrumentType.Spot,3847191305847374418,OrderType.Limit,Direction.Long,65000.85,618309520,Side.Buy,,OrderStatus.Submitted,65000.85,1653898000,BTC-USDT,TimeCondition.GTC,1783610796110679740,0.001,0.001,0.0
4194834854,2837957847,1783610796110953818,1783610796110955774,203,order,benchmark,True,0.0,0.0,,,mock,0.0,,1783610796110953818,InstrumentType.Spot,3847191305847374419,OrderType.Limit,Direction.Long,65001.06,618311296,Side.Sell,,OrderStatus.Submitted,65001.06,1653898000,BTC-USDT,TimeCondition.GTC,1783610796110953818,0.001,0.001,0.0
4194834854,2837957847,1783610796111250172,1783610796111252349,203,order,benchmark,True,0.0,0.0,,,mock,0.0,,1783610796111250172,InstrumentType.Spot,3847191305847374420,OrderType.Limit,Direction.Long,65000.87,618442336,Side.Buy,,OrderStatus.Submitted,65000.87,1653898000,BTC-USDT,TimeCondition.GTC,1783610796111250172,0.001,0.001,0.0
4194834854,2837957847,1783610796111552944,1783610796111554880,203,order,benchmark,True,0.0,0.0,,,mock,0.0,,1783610796111552944,InstrumentType.Spot,3847191305847374421,OrderType.Limit,Direction.Long,65001.08,618443936,Side.Sell,,OrderStatus.Submitted,65001.08,1653898000,BTC-USDT,TimeCondition.GTC,1783610796111552944,0.001,0.001,0.0
4194834854,2837957847,1783610796111851174,1783610796111853076,203,order,benchmark,True,0.0,0.0,,,mock,0.0,,1783610796111851174,InstrumentType.Spot,3847191305847374422,OrderType.Limit,Direction.Long,65000.89,618445712,Side.Buy,,OrderStatus.Submitted,65000.89,1653898000,BTC-USDT,TimeCondition.GTC,1783610796111851174,0.001,0.001,0.0
4194834854,2837957847,1783610796112150328,1783610796112152348,203,order,benchmark,True,0.0,0.0,,,mock,0.0,,1783610796112150328,InstrumentType.Spot,3847191305847374423,OrderType.Limit,Direction.Long,65000.1,618447488,Side.Sell,,OrderStatus.Submitted,65000.1,1653898000,BTC-USDT,TimeCondition.GTC,1783610796112150328,0.001,0.001,0.0
4194834854,2837957847,1783610796112450667,1783610796112452640,203,order,benchmark,True,0.0,0.0,,,mock,0.0,,1783610796112450667,InstrumentType.Spot,3847191305847374424,OrderType.Limit,Direction.Long,64999.91,618449264,Side.Buy,,OrderStatus.Submitted,64999.91,1653898000,BTC-USDT,TimeCondition.GTC,1783610796112450667,0.001,0.001,0.0
4194834854,2837957847,1783610796112889018,1783610796112892055,203,order,benchmark,True,0.0,0.0,,,mock,0.0,,1783610796112889018,InstrumentType.Spot,3847191305847374425,OrderType.Limit,Direction.Long,65000.119999999995,618451040,Side.Sell,,OrderStatus.Submitted,65000.119999999995,1653898000,BTC-USDT,TimeCondition.GTC,1783610796112889018,0.001,0.001,0.0
4194834854,2837957847,1783610796113120828,1783610796113123442,203,order,benchmark,True,0.0,0.0,,,mock,0.0,,1783610796113120828,InstrumentType.Spot,3847191305847374426,OrderType.Limit,Direction.Long,64999.93,618452816,Side.Buy,,OrderStatus.Submitted,64999.93,1653898000,BTC-USDT,TimeCondition.GTC,1783610796113120828,0.001,0.001,0.0
4194834854,2837957847,1783610796113283558,1783610796113286373,203,order,benchmark,True,0.0,0.0,,,mock,0.0,,1783610796113283558,InstrumentType.Spot,3847191305847374427,OrderType.Limit,Direction.Long,65000.14,618454592,Side.Sell,,OrderStatus.Submitted,65000.14,1653898000,BTC-USDT,TimeCondition.GTC,1783610796113283558,0.001,0.001,0.0
4194834854,2837957847,1783610796113655639,1783610796113657672,203,order,benchmark,True,0.0,0.0,,,mock,0.0,,1783610796113655639,InstrumentType.Spot,3847191305847374428,OrderType.Limit,Direction.Long,64999.950000000004,618456368,Side.Buy,,OrderStatus.Submitted,64999.950000000004,1653898000,BTC-USDT,TimeCondition.GTC,1783610796113655639,0.001,0.001,0.0
4194834854,2837957847,1783610796113945864,1783610796113947996,203,order,benchmark,True,0.0,0.0,,,mock,0.0,,1783610796113945864,InstrumentType.Spot,3847191305847374429,OrderType.Limit,Direction.Long,65000.159999999996,618458144,Side.Sell,,OrderStatus.Submitted,65000.159999999996,1653898000,BTC-USDT,TimeCondition.GTC,1783610796113945864,0.001,0.001,0.0
4194834854,2837957847,1783610796114247899,1783610796114249867,203,order,benchmark,True,0.0,0.0,,,mock,0.0,,1783610796114247899,InstrumentType.Spot,3847191305847374430,OrderType.Limit,Direction.Long,64999.97,618459920,Side.Buy,,OrderStatus.Submitted,64999.97,1653898000,BTC-USDT,TimeCondition.GTC,1783610796114247899,0.001,0.001,0.0
4194834854,2837957847,1783610796114649080,1783610796114658550,203,order,benchmark,True,0.0,0.0,,,mock,0.0,,1783610796114649080,InstrumentType.Spot,3847191305847374431,OrderType.Limit,Direction.Long,65000.18,618461696,Side.Sell,,OrderStatus.Submitted,65000.18,1653898000,BTC-USDT,TimeCondition.GTC,1783610796114649080,0.001,0.001,0.0
4194834854,2837957847,1783610796114879482,1783610796114881486,203,order,benchmark,True,0.0,0.0,,,mock,0.0,,1783610796114879482,InstrumentType.Spot,3847191305847374432,OrderType.Limit,Direction.Long,64999.99,618463472,Side.Buy,,OrderStatus.Submitted,64999.99,1653898000,BTC-USDT,TimeCondition.GTC,1783610796114879482,0.001,0.001,0.0
4194834854,2837957847,1783610796115147217,1783610796115149352,203,order,benchmark,True,0.0,0.0,,,mock,0.0,,1783610796115147217,InstrumentType.Spot,3847191305847374433,OrderType.Limit,Direction.Long,65000.2,618465248,Side.Sell,,OrderStatus.Submitted,65000.2,1653898000,BTC-USDT,TimeCondition.GTC,1783610796115147217,0.001,0.001,0.0
4194834854,2837957847,1783610796115519829,1783610796115522509,203,order,benchmark,True,0.0,0.0,,,mock,0.0,,1783610796115519829,InstrumentType.Spot,3847191305847374434,OrderType.Limit,Direction.Long,65000.01,618467024,Side.Buy,,OrderStatus.Submitted,65000.01,1653898000,BTC-USDT,TimeCondition.GTC,1783610796115519829,0.001,0.001,0.0
4194834854,2837957847,1783610796115744424,1783610796115746898,203,order,benchmark,True,0.0,0.0,,,mock,0.0,,1783610796115744424,InstrumentType.Spot,3847191305847374435,OrderType.Limit,Direction.Long,65000.22,618468800,Side.Sell,,OrderStatus.Submitted,65000.22,1653898000,BTC-USDT,TimeCondition.GTC,1783610796115744424,0.001,0.001,0.0
4194834854,2837957847,1783610796116047833,1783610796116050005,203,order,benchmark,True,0.0,0.0,,,mock,0.0,,1783610796116047833,InstrumentType.Spot,3847191305847374436,OrderType.Limit,Direction.Long,65000.03,618470576,Side.Buy,,OrderStatus.Submitted,65000.03,1653898000,BTC-USDT,TimeCondition.GTC,1783610796116047833,0.001,0.001,0.0
4194834854,2837957847,1783610796116868741,1783610796116872596,203,order,benchmark,True,0.0,0.0,,,mock,0.0,,1783610796116868741,InstrumentType.Spot,3847191305847374437,OrderType.Limit,Direction.Long,65000.24,618472352,Side.Sell,,OrderStatus.Submitted,65000.24,1653898000,BTC-USDT,TimeCondition.GTC,1783610796116868741,0.001,0.001,0.0
4194834854,2837957847,1783610796116893157,1783610796116894668,203,order,benchmark,True,0.0,0.0,,,mock,0.0,,1783610796116893157,InstrumentType.Spot,3847191305847374438,OrderType.Limit,Direction.Long,65000.05,618474096,Side.Buy,,OrderStatus.Submitted,65000.05,1653898000,BTC-USDT,TimeCondition.GTC,1783610796116893157,0.001,0.001,0.0
4194834854,2837957847,1783610796116906770,1783610796116908061,203,order,benchmark,True,0.0,0.0,,,mock,0.0,,1783610796116906770,InstrumentType.Spot,3847191305847374439,OrderType.Limit,Direction.Long,65000.26,618475872,Side.Sell,,OrderStatus.Submitted,65000.26,1653898000,BTC-USDT,TimeCondition.GTC,1783610796116906770,0.001,0.001,0.0
4194834854,2837957847,1783610796117284710,1783610796117286984,203,order,benchmark,True,0.0,0.0,,,mock,0.0,,1783610796117284710,InstrumentType.Spot,3847191305847374440,OrderType.Limit,Direction.Long,65000.07,618477680,Side.Buy,,OrderStatus.Submitted,65000.07,1653898000,BTC-USDT,TimeCondition.GTC,1783610796117284710,0.001,0.001,0.0
4194834854,2837957847,1783610796117544468,1783610796117546481,203,order,benchmark,True,0.0,0.0,,,mock,0.0,,1783610796117544468,InstrumentType.Spot,3847191305847374441,OrderType.Limit,Direction.Long,65000.28,618479456,Side.Sell,,OrderStatus.Submitted,65000.28,1653898000,BTC-USDT,TimeCondition.GTC,1783610796117544468,0.001,0.001,0.0
4194834854,2837957847,1783610796118002160,1783610796118005158,203,order,benchmark,True,0.0,0.0,,,mock,0.0,,1783610796118002160,InstrumentType.Spot,3847191305847374442,OrderType.Limit,Direction.Long,65000.090000000004,618481232,Side.Buy,,OrderStatus.Submitted,65000.090000000004,1653898000,BTC-USDT,TimeCondition.GTC,1783610796118002160,0.001,0.001,0.0
4194834854,2837957847,1783610796118215441,1783610796118217332,203,order,benchmark,True,0.0,0.0,,,mock,0.0,,1783610796118215441,InstrumentType.Spot,3847191305847374443,OrderType.Limit,Direction.Long,65000.299999999996,618483008,Side.Sell,,OrderStatus.Submitted,65000.299999999996,1653898000,BTC-USDT,TimeCondition.GTC,1783610796118215441,0.001,0.001,0.0
4194834854,2837957847,1783610796118457878,1783610796118468863,203,order,benchmark,True,0.0,0.0,,,mock,0.0,,1783610796118457878,InstrumentType.Spot,3847191305847374444,OrderType.Limit,Direction.Long,65000.11,618484784,Side.Buy,,OrderStatus.Submitted,65000.11,1653898000,BTC-USDT,TimeCondition.GTC,1783610796118457878,0.001,0.001,0.0
4194834854,2837957847,1783610796118863295,1783610796118865815,203,order,benchmark,True,0.0,0.0,,,mock,0.0,,1783610796118863295,InstrumentType.Spot,3847191305847374445,OrderType.Limit,Direction.Long,65000.32,618486560,Side.Sell,,OrderStatus.Submitted,65000.32,1653898000,BTC-USDT,TimeCondition.GTC,1783610796118863295,0.001,0.001,0.0
4194834854,2837957847,1783610796119091265,1783610796119093439,203,order,benchmark,True,0.0,0.0,,,mock,0.0,,1783610796119091265,InstrumentType.Spot,3847191305847374446,OrderType.Limit,Direction.Long,65000.130000000005,618488336,Side.Buy,,OrderStatus.Submitted,65000.130000000005,1653898000,BTC-USDT,TimeCondition.GTC,1783610796119091265,0.001,0.001,0.0
4194834854,2837957847,1783610796119340822,1783610796119342730,203,order,benchmark,True,0.0,0.0,,,mock,0.0,,1783610796119340822,InstrumentType.Spot,3847191305847374447,OrderType.Limit,Direction.Long,65000.34,618490112,Side.Sell,,OrderStatus.Submitted,65000.34,1653898000,BTC-USDT,TimeCondition.GTC,1783610796119340822,0.001,0.001,0.0
4194834854,2837957847,1783610796119642135,1783610796119644210,203,order,benchmark,True,0.0,0.0,,,mock,0.0,,1783610796119642135,InstrumentType.Spot,3847191305847374448,OrderType.Limit,Direction.Long,65000.15,618491888,Side.Buy,,OrderStatus.Submitted,65000.15,1653898000,BTC-USDT,TimeCondition.GTC,1783610796119642135,0.001,0.001,0.0
4194834854,2837957847,1783610796119946989,1783610796119948991,203,order,benchmark,True,0.0,0.0,,,mock,0.0,,1783610796119946989,InstrumentType.Spot,3847191305847374449,OrderType.Limit,Direction.Long,65000.36,618493664,Side.Sell,,OrderStatus.Submitted,65000.36,1653898000,BTC-USDT,TimeCondition.GTC,1783610796119946989,0.001,0.001,0.0
4194834854,2837957847,1783610796120245509,1783610796120247430,203,order,benchmark,True,0.0,0.0,,,mock,0.0,,1783610796120245509,InstrumentType.Spot,3847191305847374450,OrderType.Limit,Direction.Long,65000.17,618495440,Side.Buy,,OrderStatus.Submitted,65000.17,1653898000,BTC-USDT,TimeCondition.GTC,1783610796120245509,0.001,0.001,0.0
4194834854,2837957847,1783610796120541497,1783610796120543528,203,order,benchmark,True,0.0,0.0,,,mock,0.0,,1783610796120541497,InstrumentType.Spot,3847191305847374451,OrderType.Limit,Direction.Long,65000.38,618497216,Side.Sell,,OrderStatus.Submitted,65000.38,1653898000,BTC-USDT,TimeCondition.GTC,1783610796120541497,0.001,0.001,0.0
4194834854,2837957847,1783610796120841883,1783610796120843696,203,order,benchmark,True,0.0,0.0,,,mock,0.0,,1783610796120841883,InstrumentType.Spot,3847191305847374452,OrderType.Limit,Direction.Long,65000.19,618498992,Side.Buy,,OrderStatus.Submitted,65000.19,1653898000,BTC-USDT,TimeCondition.GTC,1783610796120841883,0.001,0.001,0.0
4194834854,2837957847,1783610796121452581,1783610796121455012,203,order,benchmark,True,0.0,0.0,,,mock,0.0,,1783610796121452581,InstrumentType.Spot,3847191305847374453,OrderType.Limit,Direction.Long,65000.4,618500768,Side.Sell,,OrderStatus.Submitted,65000.4,1653898000,BTC-USDT,TimeCondition.GTC,1783610796121452581,0.001,0.001,0.0
4194834854,2837957847,1783610796121561175,1783610796121563569,203,order,benchmark,True,0.0,0.0,,,mock,0.0,,1783610796121561175,InstrumentType.Spot,3847191305847374454,OrderType.Limit,Direction.Long,65000.21,618502544,Side.Buy,,OrderStatus.Submitted,65000.21,1653898000,BTC-USDT,TimeCondition.GTC,1783610796121561175,0.001,0.001,0.0
4194834854,2837957847,1783610796121788071,1783610796121790686,203,order,benchmark,True,0.0,0.0,,,mock,0.0,,1783610796121788071,InstrumentType.Spot,3847191305847374455,OrderType.Limit,Direction.Long,65000.42,618504320,Side.Sell,,OrderStatus.Submitted,65000.42,1653898000,BTC-USDT,TimeCondition.GTC,1783610796121788071,0.001,0.001,0.0
4194834854,2837957847,1783610796122049996,1783610796122053046,203,order,benchmark,True,0.0,0.0,,,mock,0.0,,1783610796122049996,InstrumentType.Spot,3847191305847374456,OrderType.Limit,Direction.Long,65000.23,618506096,Side.Buy,,OrderStatus.Submitted,65000.23,1653898000,BTC-USDT,TimeCondition.GTC,1783610796122049996,0.001,0.001,0.0
4194834854,2837957847,1783610796122349452,1783610796122352294,203,order,benchmark,True,0.0,0.0,,,mock,0.0,,1783610796122349452,InstrumentType.Spot,3847191305847374457,OrderType.Limit,Direction.Long,65000.439999999995,618507872,Side.Sell,,OrderStatus.Submitted,65000.439999999995,1653898000,BTC-USDT,TimeCondition.GTC,1783610796122349452,0.001,0.001,0.0
4194834854,2837957847,1783610796122647520,1783610796122658317,203,order,benchmark,True,0.0,0.0,,,mock,0.0,,1783610796122647520,InstrumentType.Spot,3847191305847374458,OrderType.Limit,Direction.Long,65000.25,618509648,Side.Buy,,OrderStatus.Submitted,65000.25,1653898000,BTC-USDT,TimeCondition.GTC,1783610796122647520,0.001,0.001,0.0
4194834854,2837957847,1783610796123067733,1783610796123070212,203,order,benchmark,True,0.0,0.0,,,mock,0.0,,1783610796123067733,InstrumentType.Spot,3847191305847374459,OrderType.Limit,Direction.Long,65000.46,618511424,Side.Sell,,OrderStatus.Submitted,65000.46,1653898000,BTC-USDT,TimeCondition.GTC,1783610796123067733,0.001,0.001,0.0
4194834854,2837957847,1783610796123292567,1783610796123294563,203,order,benchmark,True,0.0,0.0,,,mock,0.0,,1783610796123292567,InstrumentType.Spot,3847191305847374460,OrderType.Limit,Direction.Long,65000.270000000004,618513200,Side.Buy,,OrderStatus.Submitted,65000.270000000004,1653898000,BTC-USDT,TimeCondition.GTC,1783610796123292567,0.001,0.001,0.0
4194834854,2837957847,1783610796123544274,1783610796123546235,203,order,benchmark,True,0.0,0.0,,,mock,0.0,,1783610796123544274,InstrumentType.Spot,3847191305847374461,OrderType.Limit,Direction.Long,65000.479999999996,618514976,Side.Sell,,OrderStatus.Submitted,65000.479999999996,1653898000,BTC-USDT,TimeCondition.GTC,1783610796123544274,0.001,0.001,0.0
4194834854,2837957847,1783610796123839314,1783610796123841373,203,order,benchmark,True,0.0,0.0,,,mock,0.0,,1783610796123839314,InstrumentType.Spot,3847191305847374462,OrderType.Limit,Direction.Long,65000.29,618516752,Side.Buy,,OrderStatus.Submitted,65000.29,1653898000,BTC-USDT,TimeCondition.GTC,1783610796123839314,0.001,0.001,0.0
4194834854,2837957847,1783610796124252003,1783610796124254438,203,order,benchmark,True,0.0,0.0,,,mock,0.0,,1783610796124252003,InstrumentType.Spot,3847191305847374463,OrderType.Limit,Direction.Long,65000.5,618518528,Side.Sell,,OrderStatus.Submitted,65000.5,1653898000,BTC-USDT,TimeCondition.GTC,1783610796124252003,0.001,0.001,0.0
4194834854,2837957847,1783610796124477875,1783610796124479910,203,order,benchmark,True,0.0,0.0,,,mock,0.0,,1783610796124477875,InstrumentType.Spot,3847191305847374464,OrderType.Limit,Direction.Long,65000.310000000005,618520304,Side.Buy,,OrderStatus.Submitted,65000.310000000005,1653898000,BTC-USDT,TimeCondition.GTC,1783610796124477875,0.001,0.001,0.0
4194834854,2837957847,1783610796124746549,1783610796124748590,203,order,benchmark,True,0.0,0.0,,,mock,0.0,,1783610796124746549,InstrumentType.Spot,3847191305847374465,OrderType.Limit,Direction.Long,65000.52,618522080,Side.Sell,,OrderStatus.Submitted,65000.52,1653898000,BTC-USDT,TimeCondition.GTC,1783610796124746549,0.001,0.001,0.0
4194834854,2837957847,1783610796125046130,1783610796125048119,203,order,benchmark,True,0.0,0.0,,,mock,0.0,,1783610796125046130,InstrumentType.Spot,3847191305847374466,OrderType.Limit,Direction.Long,65000.33,618523856,Side.Buy,,OrderStatus.Submitted,65000.33,1653898000,BTC-USDT,TimeCondition.GTC,1783610796125046130,0.001,0.001,0.0
4194834854,2837957847,1783610796125343387,1783610796125345404,203,order,benchmark,True,0.0,0.0,,,mock,0.0,,1783610796125343387,InstrumentType.Spot,3847191305847374467,OrderType.Limit,Direction.Long,65000.54,618525632,Side.Sell,,OrderStatus.Submitted,65000.54,1653898000,BTC-USDT,TimeCondition.GTC,1783610796125343387,0.001,0.001,0.0
4194834854,2837957847,1783610796125641493,1783610796125643457,203,order,benchmark,True,0.0,0.0,,,mock,0.0,,1783610796125641493,InstrumentType.Spot,3847191305847374468,OrderType.Limit,Direction.Long,65000.35,618527408,Side.Buy,,OrderStatus.Submitted,65000.35,1653898000,BTC-USDT,TimeCondition.GTC,1783610796125641493,0.001,0.001,0.0
4194834854,2837957847,1783610796126062457,1783610796126064571,203,order,benchmark,True,0.0,0.0,,,mock,0.0,,1783610796126062457,InstrumentType.Spot,3847191305847374469,OrderType.Limit,Direction.Long,65000.56,618529184,Side.Sell,,OrderStatus.Submitted,65000.56,1653898000,BTC-USDT,TimeCondition.GTC,1783610796126062457,0.001,0.001,0.0
4194834854,2837957847,1783610796126282045,1783610796126283999,203,order,benchmark,True,0.0,0.0,,,mock,0.0,,1783610796126282045,InstrumentType.Spot,3847191305847374470,OrderType.Limit,Direction.Long,65000.37,618530960,Side.Buy,,OrderStatus.Submitted,65000.37,1653898000,BTC-USDT,TimeCondition.GTC,1783610796126282045,0.001,0.001,0.0
4194834854,2837957847,1783610796126543213,1783610796126552737,203,order,benchmark,True,0.0,0.0,,,mock,0.0,,1783610796126543213,InstrumentType.Spot,3847191305847374471,OrderType.Limit,Direction.Long,65000.58,618532736,Side.Sell,,OrderStatus.Submitted,65000.58,1653898000,BTC-USDT,TimeCondition.GTC,1783610796126543213,0.001,0.001,0.0
4194834854,2837957847,1783610796126838880,1783610796126840785,203,order,benchmark,True,0.0,0.0,,,mock,0.0,,1783610796126838880,InstrumentType.Spot,3847191305847374472,OrderType.Limit,Direction.Long,65000.39,618534512,Side.Buy,,OrderStatus.Submitted,65000.39,1653898000,BTC-USDT,TimeCondition.GTC,1783610796126838880,0.001,0.001,0.0
4194834854,2837957847,1783610796127155333,1783610796127157637,203,order,benchmark,True,0.0,0.0,,,mock,0.0,,1783610796127155333,InstrumentType.Spot,3847191305847374473,OrderType.Limit,Direction.Long,65000.6,618536288,Side.Sell,,OrderStatus.Submitted,65000.6,1653898000,BTC-USDT,TimeCondition.GTC,1783610796127155333,0.001,0.001,0.0
4194834854,2837957847,1783610796127623599,1783610796127626341,203,order,benchmark,True,0.0,0.0,,,mock,0.0,,1783610796127623599,InstrumentType.Spot,3847191305847374474,OrderType.Limit,Direction.Long,65000.41,618538064,Side.Buy,,OrderStatus.Submitted,65000.41,1653898000,BTC-USDT,TimeCondition.GTC,1783610796127623599,0.001,0.001,0.0
4194834854,2837957847,1783610796127778448,1783610796127780141,203,order,benchmark,True,0.0,0.0,,,mock,0.0,,1783610796127778448,InstrumentType.Spot,3847191305847374475,OrderType.Limit,Direction.Long,65000.619999999995,618539840,Side.Sell,,OrderStatus.Submitted,65000.619999999995,1653898000,BTC-USDT,TimeCondition.GTC,1783610796127778448,0.001,0.001,0.0
4194834854,2837957847,1783610796128221271,1783610796128224114,203,order,benchmark,True,0.0,0.0,,,mock,0.0,,1783610796128221271,InstrumentType.Spot,3847191305847374476,OrderType.Limit,Direction.Long,65000.43,618541616,Side.Buy,,OrderStatus.Submitted,65000.43,1653898000,BTC-USDT,TimeCondition.GTC,1783610796128221271,0.001,0.001,0.0
4194834854,2837957847,1783610796128373181,1783610796128374951,203,order,benchmark,True,0.0,0.0,,,mock,0.0,,1783610796128373181,InstrumentType.Spot,3847191305847374477,OrderType.Limit,Direction.Long,65000.64,618543392,Side.Sell,,OrderStatus.Submitted,65000.64,1653898000,BTC-USDT,TimeCondition.GTC,1783610796128373181,0.001,0.001,0.0
4194834854,2837957847,1783610796128645389,1783610796128647386,203,order,benchmark,True,0.0,0.0,,,mock,0.0,,1783610796128645389,InstrumentType.Spot,3847191305847374478,OrderType.Limit,Direction.Long,65000.450000000004,618545168,Side.Buy,,OrderStatus.Submitted,65000.450000000004,1653898000,BTC-USDT,TimeCondition.GTC,1783610796128645389,0.001,0.001,0.0
4194834854,2837957847,1783610796129080574,1783610796129083415,203,order,benchmark,True,0.0,0.0,,,mock,0.0,,1783610796129080574,InstrumentType.Spot,3847191305847374479,OrderType.Limit,Direction.Long,65000.659999999996,618546944,Side.Sell,,OrderStatus.Submitted,65000.659999999996,1653898000,BTC-USDT,TimeCondition.GTC,1783610796129080574,0.001,0.001,0.0
4194834854,2837957847,1783610796129299371,1783610796129301190,203,order,benchmark,True,0.0,0.0,,,mock,0.0,,1783610796129299371,InstrumentType.Spot,3847191305847374480,OrderType.Limit,Direction.Long,65000.47,618548720,Side.Buy,,OrderStatus.Submitted,65000.47,1653898000,BTC-USDT,TimeCondition.GTC,1783610796129299371,0.001,0.001,0.0
4194834854,2837957847,1783610796129528114,1783610796129530880,203,order,benchmark,True,0.0,0.0,,,mock,0.0,,1783610796129528114,InstrumentType.Spot,3847191305847374481,OrderType.Limit,Direction.Long,65000.68,618550496,Side.Sell,,OrderStatus.Submitted,65000.68,1653898000,BTC-USDT,TimeCondition.GTC,1783610796129528114,0.001,0.001,0.0
4194834854,2837957847,1783610796129864721,1783610796129867355,203,order,benchmark,True,0.0,0.0,,,mock,0.0,,1783610796129864721,InstrumentType.Spot,3847191305847374482,OrderType.Limit,Direction.Long,65000.49,618552272,Side.Buy,,OrderStatus.Submitted,65000.49,1653898000,BTC-USDT,TimeCondition.GTC,1783610796129864721,0.001,0.001,0.0
4194834854,2837957847,1783610796130146179,1783610796130148443,203,order,benchmark,True,0.0,0.0,,,mock,0.0,,1783610796130146179,InstrumentType.Spot,3847191305847374483,OrderType.Limit,Direction.Long,65000.7,618554048,Side.Sell,,OrderStatus.Submitted,65000.7,1653898000,BTC-USDT,TimeCondition.GTC,1783610796130146179,0.001,0.001,0.0
4194834854,2837957847,1783610796130575640,1783610796130589307,203,order,benchmark,True,0.0,0.0,,,mock,0.0,,1783610796130575640,InstrumentType.Spot,3847191305847374484,OrderType.Limit,Direction.Long,65000.51,618555824,Side.Buy,,OrderStatus.Submitted,65000.51,1653898000,BTC-USDT,TimeCondition.GTC,1783610796130575640,0.001,0.001,0.0
4194834854,2837957847,1783610796130793249,1783610796130795281,203,order,benchmark,True,0.0,0.0,,,mock,0.0,,1783610796130793249,InstrumentType.Spot,3847191305847374485,OrderType.Limit,Direction.Long,65000.72,618557600,Side.Sell,,OrderStatus.Submitted,65000.72,1653898000,BTC-USDT,TimeCondition.GTC,1783610796130793249,0.001,0.001,0.0
4194834854,2837957847,1783610796131036555,1783610796131039507,203,order,benchmark,True,0.0,0.0,,,mock,0.0,,1783610796131036555,InstrumentType.Spot,3847191305847374486,OrderType.Limit,Direction.Long,65000.53,618559376,Side.Buy,,OrderStatus.Submitted,65000.53,1653898000,BTC-USDT,TimeCondition.GTC,1783610796131036555,0.001,0.001,0.0
4194834854,2837957847,1783610796131471973,1783610796131474175,203,order,benchmark,True,0.0,0.0,,,mock,0.0,,1783610796131471973,InstrumentType.Spot,3847191305847374487,OrderType.Limit,Direction.Long,65000.74,618561152,Side.Sell,,OrderStatus.Submitted,65000.74,1653898000,BTC-USDT,TimeCondition.GTC,1783610796131471973,0.001,0.001,0.0
4194834854,2837957847,1783610796131701504,1783610796131704118,203,order,benchmark,True,0.0,0.0,,,mock,0.0,,1783610796131701504,InstrumentType.Spot,3847191305847374488,OrderType.Limit,Direction.Long,65000.55,618562928,Side.Buy,,OrderStatus.Submitted,65000.55,1653898000,BTC-USDT,TimeCondition.GTC,1783610796131701504,0.001,0.001,0.0
4194834854,2837957847,1783610796131949211,1783610796131952062,203,order,benchmark,True,0.0,0.0,,,mock,0.0,,1783610796131949211,InstrumentType.Spot,3847191305847374489,OrderType.Limit,Direction.Long,65000.76,618564704,Side.Sell,,OrderStatus.Submitted,65000.76,1653898000,BTC-USDT,TimeCondition.GTC,1783610796131949211,0.001,0.001,0.0
4194834854,2837957847,1783610796132359638,1783610796132361810,203,order,benchmark,True,0.0,0.0,,,mock,0.0,,1783610796132359638,InstrumentType.Spot,3847191305847374490,OrderType.Limit,Direction.Long,65000.57,618566480,Side.Buy,,OrderStatus.Submitted,65000.57,1653898000,BTC-USDT,TimeCondition.GTC,1783610796132359638,0.001,0.001,0.0
4194834854,2837957847,1783610796132568427,1783610796132570429,203,order,benchmark,True,0.0,0.0,,,mock,0.0,,1783610796132568427,InstrumentType.Spot,3847191305847374491,OrderType.Limit,Direction.Long,65000.78,618568256,Side.Sell,,OrderStatus.Submitted,65000.78,1653898000,BTC-USDT,TimeCondition.GTC,1783610796132568427,0.001,0.001,0.0
4194834854,2837957847,1783610796132969173,1783610796132971515,203,order,benchmark,True,0.0,0.0,,,mock,0.0,,1783610796132969173,InstrumentType.Spot,3847191305847374492,OrderType.Limit,Direction.Long,65000.590000000004,615734832,Side.Buy,,OrderStatus.Submitted,65000.590000000004,1653898000,BTC-USDT,TimeCondition.GTC,1783610796132969173,0.001,0.001,0.0
4194834854,2837957847,1783610796133203654,1783610796133206058,203,order,benchmark,True,0.0,0.0,,,mock,0.0,,1783610796133203654,InstrumentType.Spot,3847191305847374493,OrderType.Limit,Direction.Long,65000.799999999996,615736608,Side.Sell,,OrderStatus.Submitted,65000.799999999996,1653898000,BTC-USDT,TimeCondition.GTC,1783610796133203654,0.001,0.001,0.0
4194834854,2837957847,1783610796133615488,1783610796133618367,203,order,benchmark,True,0.0,0.0,,,mock,0.0,,1783610796133615488,InstrumentType.Spot,3847191305847374494,OrderType.Limit,Direction.Long,65000.61,615738384,Side.Buy,,OrderStatus.Submitted,65000.61,1653898000,BTC-USDT,TimeCondition.GTC,1783610796133615488,0.001,0.001,0.0
4194834854,2837957847,1783610796133931851,1783610796133934418,203,order,benchmark,True,0.0,0.0,,,mock,0.0,,1783610796133931851,InstrumentType.Spot,3847191305847374495,OrderType.Limit,Direction.Long,65000.82,615740160,Side.Sell,,OrderStatus.Submitted,65000.82,1653898000,BTC-USDT,TimeCondition.GTC,1783610796133931851,0.001,0.001,0.0
4194834854,2837957847,1783610796134086623,1783610796134088616,203,order,benchmark,True,0.0,0.0,,,mock,0.0,,1783610796134086623,InstrumentType.Spot,3847191305847374496,OrderType.Limit,Direction.Long,65000.630000000005,615741936,Side.Buy,,OrderStatus.Submitted,65000.630000000005,1653898000,BTC-USDT,TimeCondition.GTC,1783610796134086623,0.001,0.001,0.0
4194834854,2837957847,1783610796134357672,1783610796134373631,203,order,benchmark,True,0.0,0.0,,,mock,0.0,,1783610796134357672,InstrumentType.Spot,3847191305847374497,OrderType.Limit,Direction.Long,65000.84,618436192,Side.Sell,,OrderStatus.Submitted,65000.84,1653898000,BTC-USDT,TimeCondition.GTC,1783610796134357672,0.001,0.001,0.0
4194834854,2837957847,1783610796134780660,1783610796134783491,203,order,benchmark,True,0.0,0.0,,,mock,0.0,,1783610796134780660,InstrumentType.Spot,3847191305847374498,OrderType.Limit,Direction.Long,65000.65,618437968,Side.Buy,,OrderStatus.Submitted,65000.65,1653898000,BTC-USDT,TimeCondition.GTC,1783610796134780660,0.001,0.001,0.0
4194834854,2837957847,1783610796135004595,1783610796135006924,203,order,benchmark,True,0.0,0.0,,,mock,0.0,,1783610796135004595,InstrumentType.Spot,3847191305847374499,OrderType.Limit,Direction.Long,65000.86,618439744,Side.Sell,,OrderStatus.Submitted,65000.86,1653898000,BTC-USDT,TimeCondition.GTC,1783610796135004595,0.001,0.001,0.0
4194834854,2837957847,1783610796135263994,1783610796135266444,203,order,benchmark,True,0.0,0.0,,,mock,0.0,,1783610796135263994,InstrumentType.Spot,3847191305847374500,OrderType.Limit,Direction.Long,65000.67,615749776,Side.Buy,,OrderStatus.Submitted,65000.67,1653898000,BTC-USDT,TimeCondition.GTC,1783610796135263994,0.001,0.001,0.0
4194834854,2837957847,1783610796135698002,1783610796135701289,203,order,benchmark,True,0.0,0.0,,,mock,0.0,,1783610796135698002,InstrumentType.Spot,3847191305847374501,OrderType.Limit,Direction.Long,65000.88,615751520,Side.Sell,,OrderStatus.Submitted,65000.88,1653898000,BTC-USDT,TimeCondition.GTC,1783610796135698002,0.001,0.001,0.0
4194834854,2837957847,1783610796135898361,1783610796135900308,203,order,benchmark,True,0.0,0.0,,,mock,0.0,,1783610796135898361,InstrumentType.Spot,3847191305847374502,OrderType.Limit,Direction.Long,65000.69,615753296,Side.Buy,,OrderStatus.Submitted,65000.69,1653898000,BTC-USDT,TimeCondition.GTC,1783610796135898361,0.001,0.001,0.0
4194834854,2837957847,1783610796136171607,1783610796136173846,203,order,benchmark,True,0.0,0.0,,,mock,0.0,,1783610796136171607,InstrumentType.Spot,3847191305847374503,OrderType.Limit,Direction.Long,65000.9,615755072,Side.Sell,,OrderStatus.Submitted,65000.9,1653898000,BTC-USDT,TimeCondition.GTC,1783610796136171607,0.001,0.001,0.0
4194834854,2837957847,1783610796136580330,1783610796136583245,203,order,benchmark,True,0.0,0.0,,,mock,0.0,,1783610796136580330,InstrumentType.Spot,3847191305847374504,OrderType.Limit,Direction.Long,65000.71,615756848,Side.Buy,,OrderStatus.Submitted,65000.71,1653898000,BTC-USDT,TimeCondition.GTC,1783610796136580330,0.001,0.001,0.0
4194834854,2837957847,1783610796136780367,1783610796136782334,203,order,benchmark,True,0.0,0.0,,,mock,0.0,,1783610796136780367,InstrumentType.Spot,3847191305847374505,OrderType.Limit,Direction.Long,65000.92,615758624,Side.Sell,,OrderStatus.Submitted,65000.92,1653898000,BTC-USDT,TimeCondition.GTC,1783610796136780367,0.001,0.001,0.0
4194834854,2837957847,1783610796137187888,1783610796137192838,203,order,benchmark,True,0.0,0.0,,,mock,0.0,,1783610796137187888,InstrumentType.Spot,3847191305847374506,OrderType.Limit,Direction.Long,65000.73,615760400,Side.Buy,,OrderStatus.Submitted,65000.73,1653898000,BTC-USDT,TimeCondition.GTC,1783610796137187888,0.001,0.001,0.0
4194834854,2837957847,1783610796137568231,1783610796137570957,203,order,benchmark,True,0.0,0.0,,,mock,0.0,,1783610796137568231,InstrumentType.Spot,3847191305847374507,OrderType.Limit,Direction.Long,65000.939999999995,615762176,Side.Sell,,OrderStatus.Submitted,65000.939999999995,1653898000,BTC-USDT,TimeCondition.GTC,1783610796137568231,0.001,0.001,0.0
4194834854,2837957847,1783610796137598856,1783610796137601132,203,order,benchmark,True,0.0,0.0,,,mock,0.0,,1783610796137598856,InstrumentType.Spot,3847191305847374508,OrderType.Limit,Direction.Long,65000.75,615763920,Side.Buy,,OrderStatus.Submitted,65000.75,1653898000,BTC-USDT,TimeCondition.GTC,1783610796137598856,0.001,0.001,0.0
4194834854,2837957847,1783610796137865297,1783610796137868104,203,order,benchmark,True,0.0,0.0,,,mock,0.0,,1783610796137865297,InstrumentType.Spot,3847191305847374509,OrderType.Limit,Direction.Long,65000.96,615765728,Side.Sell,,OrderStatus.Submitted,65000.96,1653898000,BTC-USDT,TimeCondition.GTC,1783610796137865297,0.001,0.001,0.0
4194834854,2837957847,1783610796138264682,1783610796138286984,203,order,benchmark,True,0.0,0.0,,,mock,0.0,,1783610796138264682,InstrumentType.Spot,3847191305847374510,OrderType.Limit,Direction.Long,65000.770000000004,615767504,Side.Buy,,OrderStatus.Submitted,65000.770000000004,1653898000,BTC-USDT,TimeCondition.GTC,1783610796138264682,0.001,0.001,0.0
4194834854,2837957847,1783610796138477662,1783610796138480578,203,order,benchmark,True,0.0,0.0,,,mock,0.0,,1783610796138477662,InstrumentType.Spot,3847191305847374511,OrderType.Limit,Direction.Long,65000.979999999996,615769280,Side.Sell,,OrderStatus.Submitted,65000.979999999996,1653898000,BTC-USDT,TimeCondition.GTC,1783610796138477662,0.001,0.001,0.0
4194834854,2837957847,1783610796138975261,1783610796138979659,203,order,benchmark,True,0.0,0.0,,,mock,0.0,,1783610796138975261,InstrumentType.Spot,3847191305847374512,OrderType.Limit,Direction.Long,65000.79,615771056,Side.Buy,,OrderStatus.Submitted,65000.79,1653898000,BTC-USDT,TimeCondition.GTC,1783610796138975261,0.001,0.001,0.0
4194834854,2837957847,1783610796139267133,1783610796139270095,203,order,benchmark,True,0.0,0.0,,,mock,0.0,,1783610796139267133,InstrumentType.Spot,3847191305847374513,OrderType.Limit,Direction.Long,65001.0,615772832,Side.Sell,,OrderStatus.Submitted,65001.0,1653898000,BTC-USDT,TimeCondition.GTC,1783610796139267133,0.001,0.001,0.0
4194834854,2837957847,1783610796139432371,1783610796139434496,203,order,benchmark,True,0.0,0.0,,,mock,0.0,,1783610796139432371,InstrumentType.Spot,3847191305847374514,OrderType.Limit,Direction.Long,65000.810000000005,615774608,Side.Buy,,OrderStatus.Submitted,65000.810000000005,1653898000,BTC-USDT,TimeCondition.GTC,1783610796139432371,0.001,0.001,0.0
4194834854,2837957847,1783610796139765110,1783610796139767668,203,order,benchmark,True,0.0,0.0,,,mock,0.0,,1783610796139765110,InstrumentType.Spot,3847191305847374515,OrderType.Limit,Direction.Long,65001.02,615776384,Side.Sell,,OrderStatus.Submitted,65001.02,1653898000,BTC-USDT,TimeCondition.GTC,1783610796139765110,0.001,0.001,0.0
4194834854,2837957847,1783610796140071286,1783610796140073527,203,order,benchmark,True,0.0,0.0,,,mock,0.0,,1783610796140071286,InstrumentType.Spot,3847191305847374516,OrderType.Limit,Direction.Long,65000.83,615778160,Side.Buy,,OrderStatus.Submitted,65000.83,1653898000,BTC-USDT,TimeCondition.GTC,1783610796140071286,0.001,0.001,0.0
4194834854,2837957847,1783610796140363979,1783610796140366249,203,order,benchmark,True,0.0,0.0,,,mock,0.0,,1783610796140363979,InstrumentType.Spot,3847191305847374517,OrderType.Limit,Direction.Long,65001.04,615779936,Side.Sell,,OrderStatus.Submitted,65001.04,1653898000,BTC-USDT,TimeCondition.GTC,1783610796140363979,0.001,0.001,0.0
4194834854,2837957847,1783610796140664263,1783610796140666732,203,order,benchmark,True,0.0,0.0,,,mock,0.0,,1783610796140664263,InstrumentType.Spot,3847191305847374518,OrderType.Limit,Direction.Long,65000.85,615781712,Side.Buy,,OrderStatus.Submitted,65000.85,1653898000,BTC-USDT,TimeCondition.GTC,1783610796140664263,0.001,0.001,0.0
4194834854,2837957847,1783610796141003523,1783610796141008154,203,order,benchmark,True,0.0,0.0,,,mock,0.0,,1783610796141003523,InstrumentType.Spot,3847191305847374519,OrderType.Limit,Direction.Long,65001.06,615783488,Side.Sell,,OrderStatus.Submitted,65001.06,1653898000,BTC-USDT,TimeCondition.GTC,1783610796141003523,0.001,0.001,0.0
4194834854,2837957847,1783610796141334834,1783610796141337911,203,order,benchmark,True,0.0,0.0,,,mock,0.0,,1783610796141334834,InstrumentType.Spot,3847191305847374520,OrderType.Limit,Direction.Long,65000.87,615785264,Side.Buy,,OrderStatus.Submitted,65000.87,1653898000,BTC-USDT,TimeCondition.GTC,1783610796141334834,0.001,0.001,0.0
4194834854,2837957847,1783610796141502465,1783610796141504679,203,order,benchmark,True,0.0,0.0,,,mock,0.0,,1783610796141502465,InstrumentType.Spot,3847191305847374521,OrderType.Limit,Direction.Long,65001.08,615787040,Side.Sell,,OrderStatus.Submitted,65001.08,1653898000,BTC-USDT,TimeCondition.GTC,1783610796141502465,0.001,0.001,0.0
4194834854,2837957847,1783610796141849694,1783610796141852843,203,order,benchmark,True,0.0,0.0,,,mock,0.0,,1783610796141849694,InstrumentType.Spot,3847191305847374522,OrderType.Limit,Direction.Long,65000.89,615788816,Side.Buy,,OrderStatus.Submitted,65000.89,1653898000,BTC-USDT,TimeCondition.GTC,1783610796141849694,0.001,0.001,0.0
4194834854,2837957847,1783610796142312757,1783610796142316008,203,order,benchmark,True,0.0,0.0,,,mock,0.0,,1783610796142312757,InstrumentType.Spot,3847191305847374523,OrderType.Limit,Direction.Long,65000.1,615790592,Side.Sell,,OrderStatus.Submitted,65000.1,1653898000,BTC-USDT,TimeCondition.GTC,1783610796142312757,0.001,0.001,0.0
4194834854,2837957847,1783610796142493352,1783610796142507028,203,order,benchmark,True,0.0,0.0,,,mock,0.0,,1783610796142493352,InstrumentType.Spot,3847191305847374524,OrderType.Limit,Direction.Long,64999.91,615792368,Side.Buy,,OrderStatus.Submitted,64999.91,1653898000,BTC-USDT,TimeCondition.GTC,1783610796142493352,0.001,0.001,0.0
4194834854,2837957847,1783610796142800260,1783610796142803418,203,order,benchmark,True,0.0,0.0,,,mock,0.0,,1783610796142800260,InstrumentType.Spot,3847191305847374525,OrderType.Limit,Direction.Long,65000.119999999995,615794144,Side.Sell,,OrderStatus.Submitted,65000.119999999995,1653898000,BTC-USDT,TimeCondition.GTC,1783610796142800260,0.001,0.001,0.0
4194834854,2837957847,1783610796143078555,1783610796143083165,203,order,benchmark,True,0.0,0.0,,,mock,0.0,,1783610796143078555,InstrumentType.Spot,3847191305847374526,OrderType.Limit,Direction.Long,64999.93,615795920,Side.Buy,,OrderStatus.Submitted,64999.93,1653898000,BTC-USDT,TimeCondition.GTC,1783610796143078555,0.001,0.001,0.0
4194834854,2837957847,1783610796143525619,1783610796143529642,203,order,benchmark,True,0.0,0.0,,,mock,0.0,,1783610796143525619,InstrumentType.Spot,3847191305847374527,OrderType.Limit,Direction.Long,65000.14,615797696,Side.Sell,,OrderStatus.Submitted,65000.14,1653898000,BTC-USDT,TimeCondition.GTC,1783610796143525619,0.001,0.001,0.0
4194834854,2837957847,1783610796143852654,1783610796143855926,203,order,benchmark,True,0.0,0.0,,,mock,0.0,,1783610796143852654,InstrumentType.Spot,3847191305847374528,OrderType.Limit,Direction.Long,64999.950000000004,615799472,Side.Buy,,OrderStatus.Submitted,64999.950000000004,1653898000,BTC-USDT,TimeCondition.GTC,1783610796143852654,0.001,0.001,0.0
4194834854,2837957847,1783610796144106753,1783610796144110286,203,order,benchmark,True,0.0,0.0,,,mock,0.0,,1783610796144106753,InstrumentType.Spot,3847191305847374529,OrderType.Limit,Direction.Long,65000.159999999996,615801248,Side.Sell,,OrderStatus.Submitted,65000.159999999996,1653898000,BTC-USDT,TimeCondition.GTC,1783610796144106753,0.001,0.001,0.0
4194834854,2837957847,1783610796144201579,1783610796144204584,203,order,benchmark,True,0.0,0.0,,,mock,0.0,,1783610796144201579,InstrumentType.Spot,3847191305847374530,OrderType.Limit,Direction.Long,64999.97,615803024,Side.Buy,,OrderStatus.Submitted,64999.97,1653898000,BTC-USDT,TimeCondition.GTC,1783610796144201579,0.001,0.001,0.0
4194834854,2837957847,1783610796144477291,1783610796144480618,203,order,benchmark,True,0.0,0.0,,,mock,0.0,,1783610796144477291,InstrumentType.Spot,3847191305847374531,OrderType.Limit,Direction.Long,65000.18,615804800,Side.Sell,,OrderStatus.Submitted,65000.18,1653898000,BTC-USDT,TimeCondition.GTC,1783610796144477291,0.001,0.001,0.0
4194834854,2837957847,1783610796144805302,1783610796144807763,203,order,benchmark,True,0.0,0.0,,,mock,0.0,,1783610796144805302,InstrumentType.Spot,3847191305847374532,OrderType.Limit,Direction.Long,64999.99,615806576,Side.Buy,,OrderStatus.Submitted,64999.99,1653898000,BTC-USDT,TimeCondition.GTC,1783610796144805302,0.001,0.001,0.0
4194834854,2837957847,1783610796145108515,1783610796145111802,203,order,benchmark,True,0.0,0.0,,,mock,0.0,,1783610796145108515,InstrumentType.Spot,3847191305847374533,OrderType.Limit,Direction.Long,65000.2,615808352,Side.Sell,,OrderStatus.Submitted,65000.2,1653898000,BTC-USDT,TimeCondition.GTC,1783610796145108515,0.001,0.001,0.0
4194834854,2837957847,1783610796145465716,1783610796145467960,203,order,benchmark,True,0.0,0.0,,,mock,0.0,,1783610796145465716,InstrumentType.Spot,3847191305847374534,OrderType.Limit,Direction.Long,65000.01,615810128,Side.Buy,,OrderStatus.Submitted,65000.01,1653898000,BTC-USDT,TimeCondition.GTC,1783610796145465716,0.001,0.001,0.0
4194834854,2837957847,1783610796145668563,1783610796145671235,203,order,benchmark,True,0.0,0.0,,,mock,0.0,,1783610796145668563,InstrumentType.Spot,3847191305847374535,OrderType.Limit,Direction.Long,65000.22,615811904,Side.Sell,,OrderStatus.Submitted,65000.22,1653898000,BTC-USDT,TimeCondition.GTC,1783610796145668563,0.001,0.001,0.0
4194834854,2837957847,1783610796146646187,1783610796146648918,203,order,benchmark,True,0.0,0.0,,,mock,0.0,,1783610796146646187,InstrumentType.Spot,3847191305847374536,OrderType.Limit,Direction.Long,65000.03,615813680,Side.Buy,,OrderStatus.Submitted,65000.03,1653898000,BTC-USDT,TimeCondition.GTC,1783610796146646187,0.001,0.001,0.0
4194834854,2837957847,1783610796146667755,1783610796146681132,203,order,benchmark,True,0.0,0.0,,,mock,0.0,,1783610796146667755,InstrumentType.Spot,3847191305847374537,OrderType.Limit,Direction.Long,65000.24,615815424,Side.Sell,,OrderStatus.Submitted,65000.24,1653898000,BTC-USDT,TimeCondition.GTC,1783610796146667755,0.001,0.001,0.0
4194834854,2837957847,1783610796146695629,1783610796146697176,203,order,benchmark,True,0.0,0.0,,,mock,0.0,,1783610796146695629,InstrumentType.Spot,3847191305847374538,OrderType.Limit,Direction.Long,65000.05,615817200,Side.Buy,,OrderStatus.Submitted,65000.05,1653898000,BTC-USDT,TimeCondition.GTC,1783610796146695629,0.001,0.001,0.0
4194834854,2837957847,1783610796147319880,1783610796147326742,203,order,benchmark,True,0.0,0.0,,,mock,0.0,,1783610796147319880,InstrumentType.Spot,3847191305847374539,OrderType.Limit,Direction.Long,65000.26,615819008,Side.Sell,,OrderStatus.Submitted,65000.26,1653898000,BTC-USDT,TimeCondition.GTC,1783610796147319880,0.001,0.001,0.0
4194834854,2837957847,1783610796147587898,1783610796147592476,203,order,benchmark,True,0.0,0.0,,,mock,0.0,,1783610796147587898,InstrumentType.Spot,3847191305847374540,OrderType.Limit,Direction.Long,65000.07,615820784,Side.Buy,,OrderStatus.Submitted,65000.07,1653898000,BTC-USDT,TimeCondition.GTC,1783610796147587898,0.001,0.001,0.0
4194834854,2837957847,1783610796147765203,1783610796147768196,203,order,benchmark,True,0.0,0.0,,,mock,0.0,,1783610796147765203,InstrumentType.Spot,3847191305847374541,OrderType.Limit,Direction.Long,65000.28,615822560,Side.Sell,,OrderStatus.Submitted,65000.28,1653898000,BTC-USDT,TimeCondition.GTC,1783610796147765203,0.001,0.001,0.0
4194834854,2837957847,1783610796147865391,1783610796147867919,203,order,benchmark,True,0.0,0.0,,,mock,0.0,,1783610796147865391,InstrumentType.Spot,3847191305847374542,OrderType.Limit,Direction.Long,65000.090000000004,615824336,Side.Buy,,OrderStatus.Submitted,65000.090000000004,1653898000,BTC-USDT,TimeCondition.GTC,1783610796147865391,0.001,0.001,0.0
4194834854,2837957847,1783610796148134658,1783610796148137027,203,order,benchmark,True,0.0,0.0,,,mock,0.0,,1783610796148134658,InstrumentType.Spot,3847191305847374543,OrderType.Limit,Direction.Long,65000.299999999996,615826112,Side.Sell,,OrderStatus.Submitted,65000.299999999996,1653898000,BTC-USDT,TimeCondition.GTC,1783610796148134658,0.001,0.001,0.0
4194834854,2837957847,1783610796148463986,1783610796148467169,203,order,benchmark,True,0.0,0.0,,,mock,0.0,,1783610796148463986,InstrumentType.Spot,3847191305847374544,OrderType.Limit,Direction.Long,65000.11,615827888,Side.Buy,,OrderStatus.Submitted,65000.11,1653898000,BTC-USDT,TimeCondition.GTC,1783610796148463986,0.001,0.001,0.0
4194834854,2837957847,1783610796148963568,1783610796148966468,203,order,benchmark,True,0.0,0.0,,,mock,0.0,,1783610796148963568,InstrumentType.Spot,3847191305847374545,OrderType.Limit,Direction.Long,65000.32,615829664,Side.Sell,,OrderStatus.Submitted,65000.32,1653898000,BTC-USDT,TimeCondition.GTC,1783610796148963568,0.001,0.001,0.0
4194834854,2837957847,1783610796149088309,1783610796149091066,203,order,benchmark,True,0.0,0.0,,,mock,0.0,,1783610796149088309,InstrumentType.Spot,3847191305847374546,OrderType.Limit,Direction.Long,65000.130000000005,615831440,Side.Buy,,OrderStatus.Submitted,65000.130000000005,1653898000,BTC-USDT,TimeCondition.GTC,1783610796149088309,0.001,0.001,0.0
4194834854,2837957847,1783610796149388646,1783610796149390937,203,order,benchmark,True,0.0,0.0,,,mock,0.0,,1783610796149388646,InstrumentType.Spot,3847191305847374547,OrderType.Limit,Direction.Long,65000.34,615833216,Side.Sell,,OrderStatus.Submitted,65000.34,1653898000,BTC-USDT,TimeCondition.GTC,1783610796149388646,0.001,0.001,0.0
4194834854,2837957847,1783610796149570422,1783610796149573211,203,order,benchmark,True,0.0,0.0,,,mock,0.0,,1783610796149570422,InstrumentType.Spot,3847191305847374548,OrderType.Limit,Direction.Long,65000.15,615834992,Side.Buy,,OrderStatus.Submitted,65000.15,1653898000,BTC-USDT,TimeCondition.GTC,1783610796149570422,0.001,0.001,0.0
4194834854,2837957847,1783610796149974873,1783610796149977154,203,order,benchmark,True,0.0,0.0,,,mock,0.0,,1783610796149974873,InstrumentType.Spot,3847191305847374549,OrderType.Limit,Direction.Long,65000.36,615836768,Side.Sell,,OrderStatus.Submitted,65000.36,1653898000,BTC-USDT,TimeCondition.GTC,1783610796149974873,0.001,0.001,0.0
4194834854,2837957847,1783610796150180260,1783610796150196890,203,order,benchmark,True,0.0,0.0,,,mock,0.0,,1783610796150180260,InstrumentType.Spot,3847191305847374550,OrderType.Limit,Direction.Long,65000.17,615838544,Side.Buy,,OrderStatus.Submitted,65000.17,1653898000,BTC-USDT,TimeCondition.GTC,1783610796150180260,0.001,0.001,0.0
4194834854,2837957847,1783610796150647183,1783610796150649997,203,order,benchmark,True,0.0,0.0,,,mock,0.0,,1783610796150647183,InstrumentType.Spot,3847191305847374551,OrderType.Limit,Direction.Long,65000.38,615840320,Side.Sell,,OrderStatus.Submitted,65000.38,1653898000,BTC-USDT,TimeCondition.GTC,1783610796150647183,0.001,0.001,0.0
4194834854,2837957847,1783610796150830236,1783610796150832371,203,order,benchmark,True,0.0,0.0,,,mock,0.0,,1783610796150830236,InstrumentType.Spot,3847191305847374552,OrderType.Limit,Direction.Long,65000.19,615842096,Side.Buy,,OrderStatus.Submitted,65000.19,1653898000,BTC-USDT,TimeCondition.GTC,1783610796150830236,0.001,0.001,0.0
4194834854,2837957847,1783610796151284044,1783610796151287379,203,order,benchmark,True,0.0,0.0,,,mock,0.0,,1783610796151284044,InstrumentType.Spot,3847191305847374553,OrderType.Limit,Direction.Long,65000.4,615843872,Side.Sell,,OrderStatus.Submitted,65000.4,1653898000,BTC-USDT,TimeCondition.GTC,1783610796151284044,0.001,0.001,0.0
4194834854,2837957847,1783610796151512754,1783610796151515129,203,order,benchmark,True,0.0,0.0,,,mock,0.0,,1783610796151512754,InstrumentType.Spot,3847191305847374554,OrderType.Limit,Direction.Long,65000.21,615845648,Side.Buy,,OrderStatus.Submitted,65000.21,1653898000,BTC-USDT,TimeCondition.GTC,1783610796151512754,0.001,0.001,0.0
4194834854,2837957847,1783610796151671938,1783610796151690918,203,order,benchmark,True,0.0,0.0,,,mock,0.0,,1783610796151671938,InstrumentType.Spot,3847191305847374555,OrderType.Limit,Direction.Long,65000.42,615847424,Side.Sell,,OrderStatus.Submitted,65000.42,1653898000,BTC-USDT,TimeCondition.GTC,1783610796151671938,0.001,0.001,0.0
4194834854,2837957847,1783610796152080564,1783610796152083312,203,order,benchmark,True,0.0,0.0,,,mock,0.0,,1783610796152080564,InstrumentType.Spot,3847191305847374556,OrderType.Limit,Direction.Long,65000.23,615849200,Side.Buy,,OrderStatus.Submitted,65000.23,1653898000,BTC-USDT,TimeCondition.GTC,1783610796152080564,0.001,0.001,0.0
4194834854,2837957847,1783610796152365912,1783610796152367963,203,order,benchmark,True,0.0,0.0,,,mock,0.0,,1783610796152365912,InstrumentType.Spot,3847191305847374557,OrderType.Limit,Direction.Long,65000.439999999995,615850976,Side.Sell,,OrderStatus.Submitted,65000.439999999995,1653898000,BTC-USDT,TimeCondition.GTC,1783610796152365912,0.001,0.001,0.0
4194834854,2837957847,1783610796152664102,1783610796152666288,203,order,benchmark,True,0.0,0.0,,,mock,0.0,,1783610796152664102,InstrumentType.Spot,3847191305847374558,OrderType.Limit,Direction.Long,65000.25,615852752,Side.Buy,,OrderStatus.Submitted,65000.25,1653898000,BTC-USDT,TimeCondition.GTC,1783610796152664102,0.001,0.001,0.0
4194834854,2837957847,1783610796153136318,1783610796153139268,203,order,benchmark,True,0.0,0.0,,,mock,0.0,,1783610796153136318,InstrumentType.Spot,3847191305847374559,OrderType.Limit,Direction.Long,65000.46,615854528,Side.Sell,,OrderStatus.Submitted,65000.46,1653898000,BTC-USDT,TimeCondition.GTC,1783610796153136318,0.001,0.001,0.0
4194834854,2837957847,1783610796153253286,1783610796153255915,203,order,benchmark,True,0.0,0.0,,,mock,0.0,,1783610796153253286,InstrumentType.Spot,3847191305847374560,OrderType.Limit,Direction.Long,65000.270000000004,615856304,Side.Buy,,OrderStatus.Submitted,65000.270000000004,1653898000,BTC-USDT,TimeCondition.GTC,1783610796153253286,0.001,0.001,0.0
4194834854,2837957847,1783610796153464481,1783610796153467237,203,order,benchmark,True,0.0,0.0,,,mock,0.0,,1783610796153464481,InstrumentType.Spot,3847191305847374561,OrderType.Limit,Direction.Long,65000.479999999996,615858080,Side.Sell,,OrderStatus.Submitted,65000.479999999996,1653898000,BTC-USDT,TimeCondition.GTC,1783610796153464481,0.001,0.001,0.0
4194834854,2837957847,1783610796153854657,1783610796153856903,203,order,benchmark,True,0.0,0.0,,,mock,0.0,,1783610796153854657,InstrumentType.Spot,3847191305847374562,OrderType.Limit,Direction.Long,65000.29,615859856,Side.Buy,,OrderStatus.Submitted,65000.29,1653898000,BTC-USDT,TimeCondition.GTC,1783610796153854657,0.001,0.001,0.0
4194834854,2837957847,1783610796154058427,1783610796154072798,203,order,benchmark,True,0.0,0.0,,,mock,0.0,,1783610796154058427,InstrumentType.Spot,3847191305847374563,OrderType.Limit,Direction.Long,65000.5,615861632,Side.Sell,,OrderStatus.Submitted,65000.5,1653898000,BTC-USDT,TimeCondition.GTC,1783610796154058427,0.001,0.001,0.0
4194834854,2837957847,1783610796154452326,1783610796154454695,203,order,benchmark,True,0.0,0.0,,,mock,0.0,,1783610796154452326,InstrumentType.Spot,3847191305847374564,OrderType.Limit,Direction.Long,65000.310000000005,615863408,Side.Buy,,OrderStatus.Submitted,65000.310000000005,1653898000,BTC-USDT,TimeCondition.GTC,1783610796154452326,0.001,0.001,0.0
4194834854,2837957847,1783610796154751399,1783610796154753362,203,order,benchmark,True,0.0,0.0,,,mock,0.0,,1783610796154751399,InstrumentType.Spot,3847191305847374565,OrderType.Limit,Direction.Long,65000.52,615865184,Side.Sell,,OrderStatus.Submitted,65000.52,1653898000,BTC-USDT,TimeCondition.GTC,1783610796154751399,0.001,0.001,0.0
4194834854,2837957847,1783610796155052809,1783610796155055119,203,order,benchmark,True,0.0,0.0,,,mock,0.0,,1783610796155052809,InstrumentType.Spot,3847191305847374566,OrderType.Limit,Direction.Long,65000.33,615866960,Side.Buy,,OrderStatus.Submitted,65000.33,1653898000,BTC-USDT,TimeCondition.GTC,1783610796155052809,0.001,0.001,0.0
4194834854,2837957847,1783610796155353691,1783610796155355854,203,order,benchmark,True,0.0,0.0,,,mock,0.0,,1783610796155353691,InstrumentType.Spot,3847191305847374567,OrderType.Limit,Direction.Long,65000.54,615868736,Side.Sell,,OrderStatus.Submitted,65000.54,1653898000,BTC-USDT,TimeCondition.GTC,1783610796155353691,0.001,0.001,0.0
4194834854,2837957847,1783610796155658222,1783610796155660373,203,order,benchmark,True,0.0,0.0,,,mock,0.0,,1783610796155658222,InstrumentType.Spot,3847191305847374568,OrderType.Limit,Direction.Long,65000.35,615870512,Side.Buy,,OrderStatus.Submitted,65000.35,1653898000,BTC-USDT,TimeCondition.GTC,1783610796155658222,0.001,0.001,0.0
4194834854,2837957847,1783610796155955077,1783610796155957283,203,order,benchmark,True,0.0,0.0,,,mock,0.0,,1783610796155955077,InstrumentType.Spot,3847191305847374569,OrderType.Limit,Direction.Long,65000.56,615872288,Side.Sell,,OrderStatus.Submitted,65000.56,1653898000,BTC-USDT,TimeCondition.GTC,1783610796155955077,0.001,0.001,0.0
4194834854,2837957847,1783610796156166696,1783610796156169508,203,order,benchmark,True,0.0,0.0,,,mock,0.0,,1783610796156166696,InstrumentType.Spot,3847191305847374570,OrderType.Limit,Direction.Long,65000.37,615874064,Side.Buy,,OrderStatus.Submitted,65000.37,1653898000,BTC-USDT,TimeCondition.GTC,1783610796156166696,0.001,0.001,0.0
4194834854,2837957847,1783610796156550116,1783610796156552178,203,order,benchmark,True,0.0,0.0,,,mock,0.0,,1783610796156550116,InstrumentType.Spot,3847191305847374571,OrderType.Limit,Direction.Long,65000.58,615875840,Side.Sell,,OrderStatus.Submitted,65000.58,1653898000,BTC-USDT,TimeCondition.GTC,1783610796156550116,0.001,0.001,0.0
4194834854,2837957847,1783610796156850576,1783610796156852544,203,order,benchmark,True,0.0,0.0,,,mock,0.0,,1783610796156850576,InstrumentType.Spot,3847191305847374572,OrderType.Limit,Direction.Long,65000.39,615877616,Side.Buy,,OrderStatus.Submitted,65000.39,1653898000,BTC-USDT,TimeCondition.GTC,1783610796156850576,0.001,0.001,0.0
4194834854,2837957847,1783610796157151307,1783610796157153368,203,order,benchmark,True,0.0,0.0,,,mock,0.0,,1783610796157151307,InstrumentType.Spot,3847191305847374573,OrderType.Limit,Direction.Long,65000.6,615879392,Side.Sell,,OrderStatus.Submitted,65000.6,1653898000,BTC-USDT,TimeCondition.GTC,1783610796157151307,0.001,0.001,0.0
4194834854,2837957847,1783610796157451099,1783610796157453022,203,order,benchmark,True,0.0,0.0,,,mock,0.0,,1783610796157451099,InstrumentType.Spot,3847191305847374574,OrderType.Limit,Direction.Long,65000.41,615881168,Side.Buy,,OrderStatus.Submitted,65000.41,1653898000,BTC-USDT,TimeCondition.GTC,1783610796157451099,0.001,0.001,0.0
4194834854,2837957847,1783610796157749959,1783610796157751890,203,order,benchmark,True,0.0,0.0,,,mock,0.0,,1783610796157749959,InstrumentType.Spot,3847191305847374575,OrderType.Limit,Direction.Long,65000.619999999995,615882944,Side.Sell,,OrderStatus.Submitted,65000.619999999995,1653898000,BTC-USDT,TimeCondition.GTC,1783610796157749959,0.001,0.001,0.0
4194834854,2837957847,1783610796158274531,1783610796158288361,203,order,benchmark,True,0.0,0.0,,,mock,0.0,,1783610796158274531,InstrumentType.Spot,3847191305847374576,OrderType.Limit,Direction.Long,65000.43,615884720,Side.Buy,,OrderStatus.Submitted,65000.43,1653898000,BTC-USDT,TimeCondition.GTC,1783610796158274531,0.001,0.001,0.0
4194834854,2837957847,1783610796158315045,1783610796158316820,203,order,benchmark,True,0.0,0.0,,,mock,0.0,,1783610796158315045,InstrumentType.Spot,3847191305847374577,OrderType.Limit,Direction.Long,65000.64,615886464,Side.Sell,,OrderStatus.Submitted,65000.64,1653898000,BTC-USDT,TimeCondition.GTC,1783610796158315045,0.001,0.001,0.0
4194834854,2837957847,1783610796158657697,1783610796158660563,203,order,benchmark,True,0.0,0.0,,,mock,0.0,,1783610796158657697,InstrumentType.Spot,3847191305847374578,OrderType.Limit,Direction.Long,65000.450000000004,615888272,Side.Buy,,OrderStatus.Submitted,65000.450000000004,1653898000,BTC-USDT,TimeCondition.GTC,1783610796158657697,0.001,0.001,0.0
4194834854,2837957847,1783610796158948012,1783610796158950236,203,order,benchmark,True,0.0,0.0,,,mock,0.0,,1783610796158948012,InstrumentType.Spot,3847191305847374579,OrderType.Limit,Direction.Long,65000.659999999996,615890048,Side.Sell,,OrderStatus.Submitted,65000.659999999996,1653898000,BTC-USDT,TimeCondition.GTC,1783610796158948012,0.001,0.001,0.0
4194834854,2837957847,1783610796159242651,1783610796159244562,203,order,benchmark,True,0.0,0.0,,,mock,0.0,,1783610796159242651,InstrumentType.Spot,3847191305847374580,OrderType.Limit,Direction.Long,65000.47,615891824,Side.Buy,,OrderStatus.Submitted,65000.47,1653898000,BTC-USDT,TimeCondition.GTC,1783610796159242651,0.001,0.001,0.0
4194834854,2837957847,1783610796159545674,1783610796159547662,203,order,benchmark,True,0.0,0.0,,,mock,0.0,,1783610796159545674,InstrumentType.Spot,3847191305847374581,OrderType.Limit,Direction.Long,65000.68,615893600,Side.Sell,,OrderStatus.Submitted,65000.68,1653898000,BTC-USDT,TimeCondition.GTC,1783610796159545674,0.001,0.001,0.0
4194834854,2837957847,1783610796159840243,1783610796159842092,203,order,benchmark,True,0.0,0.0,,,mock,0.0,,1783610796159840243,InstrumentType.Spot,3847191305847374582,OrderType.Limit,Direction.Long,65000.49,615895376,Side.Buy,,OrderStatus.Submitted,65000.49,1653898000,BTC-USDT,TimeCondition.GTC,1783610796159840243,0.001,0.001,0.0
4194834854,2837957847,1783610796160143282,1783610796160145329,203,order,benchmark,True,0.0,0.0,,,mock,0.0,,1783610796160143282,InstrumentType.Spot,3847191305847374583,OrderType.Limit,Direction.Long,65000.7,615897152,Side.Sell,,OrderStatus.Submitted,65000.7,1653898000,BTC-USDT,TimeCondition.GTC,1783610796160143282,0.001,0.001,0.0
4194834854,2837957847,1783610796160441304,1783610796160443177,203,order,benchmark,True,0.0,0.0,,,mock,0.0,,1783610796160441304,InstrumentType.Spot,3847191305847374584,OrderType.Limit,Direction.Long,65000.51,615898928,Side.Buy,,OrderStatus.Submitted,65000.51,1653898000,BTC-USDT,TimeCondition.GTC,1783610796160441304,0.001,0.001,0.0
4194834854,2837957847,1783610796161057015,1783610796161059632,203,order,benchmark,True,0.0,0.0,,,mock,0.0,,1783610796161057015,InstrumentType.Spot,3847191305847374585,OrderType.Limit,Direction.Long,65000.72,615743712,Side.Sell,,OrderStatus.Submitted,65000.72,1653898000,BTC-USDT,TimeCondition.GTC,1783610796161057015,0.001,0.001,0.0
4194834854,2837957847,1783610796161075277,1783610796161076831,203,order,benchmark,True,0.0,0.0,,,mock,0.0,,1783610796161075277,InstrumentType.Spot,3847191305847374586,OrderType.Limit,Direction.Long,65000.53,615745488,Side.Buy,,OrderStatus.Submitted,65000.53,1653898000,BTC-USDT,TimeCondition.GTC,1783610796161075277,0.001,0.001,0.0
4194834854,2837957847,1783610796161336508,1783610796161340244,203,order,benchmark,True,0.0,0.0,,,mock,0.0,,1783610796161336508,InstrumentType.Spot,3847191305847374587,OrderType.Limit,Direction.Long,65000.74,615747264,Side.Sell,,OrderStatus.Submitted,65000.74,1653898000,BTC-USDT,TimeCondition.GTC,1783610796161336508,0.001,0.001,0.0
4194834854,2837957847,1783610796161691780,1783610796161696903,203,order,benchmark,True,0.0,0.0,,,mock,0.0,,1783610796161691780,InstrumentType.Spot,3847191305847374588,OrderType.Limit,Direction.Long,65000.55,615749040,Side.Buy,,OrderStatus.Submitted,65000.55,1653898000,BTC-USDT,TimeCondition.GTC,1783610796161691780,0.001,0.001,0.0
4194834854,2837957847,1783610796162019612,1783610796162025829,203,order,benchmark,True,0.0,0.0,,,mock,0.0,,1783610796162019612,InstrumentType.Spot,3847191305847374589,OrderType.Limit,Direction.Long,65000.76,618914128,Side.Sell,,OrderStatus.Submitted,65000.76,1653898000,BTC-USDT,TimeCondition.GTC,1783610796162019612,0.001,0.001,0.0
4194834854,2837957847,1783610796162268112,1783610796162301296,203,order,benchmark,True,0.0,0.0,,,mock,0.0,,1783610796162268112,InstrumentType.Spot,3847191305847374590,OrderType.Limit,Direction.Long,65000.57,618915904,Side.Buy,,OrderStatus.Submitted,65000.57,1653898000,BTC-USDT,TimeCondition.GTC,1783610796162268112,0.001,0.001,0.0
4194834854,2837957847,1783610796162555158,1783610796162557297,203,order,benchmark,True,0.0,0.0,,,mock,0.0,,1783610796162555158,InstrumentType.Spot,3847191305847374591,OrderType.Limit,Direction.Long,65000.78,618917680,Side.Sell,,OrderStatus.Submitted,65000.78,1653898000,BTC-USDT,TimeCondition.GTC,1783610796162555158,0.001,0.001,0.0
4194834854,2837957847,1783610796162844689,1783610796162846748,203,order,benchmark,True,0.0,0.0,,,mock,0.0,,1783610796162844689,InstrumentType.Spot,3847191305847374592,OrderType.Limit,Direction.Long,65000.590000000004,618919456,Side.Buy,,OrderStatus.Submitted,65000.590000000004,1653898000,BTC-USDT,TimeCondition.GTC,1783610796162844689,0.001,0.001,0.0
4194834854,2837957847,1783610796163423752,1783610796163426469,203,order,benchmark,True,0.0,0.0,,,mock,0.0,,1783610796163423752,InstrumentType.Spot,3847191305847374593,OrderType.Limit,Direction.Long,65000.799999999996,618921232,Side.Sell,,OrderStatus.Submitted,65000.799999999996,1653898000,BTC-USDT,TimeCondition.GTC,1783610796163423752,0.001,0.001,0.0
4194834854,2837957847,1783610796163463207,1783610796163465469,203,order,benchmark,True,0.0,0.0,,,mock,0.0,,1783610796163463207,InstrumentType.Spot,3847191305847374594,OrderType.Limit,Direction.Long,65000.61,618922976,Side.Buy,,OrderStatus.Submitted,65000.61,1653898000,BTC-USDT,TimeCondition.GTC,1783610796163463207,0.001,0.001,0.0
4194834854,2837957847,1783610796163768261,1783610796163770328,203,order,benchmark,True,0.0,0.0,,,mock,0.0,,1783610796163768261,InstrumentType.Spot,3847191305847374595,OrderType.Limit,Direction.Long,65000.82,618924784,Side.Sell,,OrderStatus.Submitted,65000.82,1653898000,BTC-USDT,TimeCondition.GTC,1783610796163768261,0.001,0.001,0.0
4194834854,2837957847,1783610796164183040,1783610796164185995,203,order,benchmark,True,0.0,0.0,,,mock,0.0,,1783610796164183040,InstrumentType.Spot,3847191305847374596,OrderType.Limit,Direction.Long,65000.630000000005,618926560,Side.Buy,,OrderStatus.Submitted,65000.630000000005,1653898000,BTC-USDT,TimeCondition.GTC,1783610796164183040,0.001,0.001,0.0
4194834854,2837957847,1783610796164407631,1783610796164410261,203,order,benchmark,True,0.0,0.0,,,mock,0.0,,1783610796164407631,InstrumentType.Spot,3847191305847374597,OrderType.Limit,Direction.Long,65000.84,618928336,Side.Sell,,OrderStatus.Submitted,65000.84,1653898000,BTC-USDT,TimeCondition.GTC,1783610796164407631,0.001,0.001,0.0
4194834854,2837957847,1783610796164647789,1783610796164650559,203,order,benchmark,True,0.0,0.0,,,mock,0.0,,1783610796164647789,InstrumentType.Spot,3847191305847374598,OrderType.Limit,Direction.Long,65000.65,618930112,Side.Buy,,OrderStatus.Submitted,65000.65,1653898000,BTC-USDT,TimeCondition.GTC,1783610796164647789,0.001,0.001,0.0
4194834854,2837957847,1783610796165126213,1783610796165128796,203,order,benchmark,True,0.0,0.0,,,mock,0.0,,1783610796165126213,InstrumentType.Spot,3847191305847374599,OrderType.Limit,Direction.Long,65000.86,618931888,Side.Sell,,OrderStatus.Submitted,65000.86,1653898000,BTC-USDT,TimeCondition.GTC,1783610796165126213,0.001,0.001,0.0
4194834854,2837957847,1783610796165267050,1783610796165270381,203,order,benchmark,True,0.0,0.0,,,mock,0.0,,1783610796165267050,InstrumentType.Spot,3847191305847374600,OrderType.Limit,Direction.Long,65000.67,618933664,Side.Buy,,OrderStatus.Submitted,65000.67,1653898000,BTC-USDT,TimeCondition.GTC,1783610796165267050,0.001,0.001,0.0
4194834854,2837957847,1783610796165663404,1783610796165666062,203,order,benchmark,True,0.0,0.0,,,mock,0.0,,1783610796165663404,InstrumentType.Spot,3847191305847374601,OrderType.Limit,Direction.Long,65000.88,618935440,Side.Sell,,OrderStatus.Submitted,65000.88,1653898000,BTC-USDT,TimeCondition.GTC,1783610796165663404,0.001,0.001,0.0
4194834854,2837957847,1783610796165898994,1783610796165900951,203,order,benchmark,True,0.0,0.0,,,mock,0.0,,1783610796165898994,InstrumentType.Spot,3847191305847374602,OrderType.Limit,Direction.Long,65000.69,618937216,Side.Buy,,OrderStatus.Submitted,65000.69,1653898000,BTC-USDT,TimeCondition.GTC,1783610796165898994,0.001,0.001,0.0
4194834854,2837957847,1783610796166128772,1783610796166142499,203,order,benchmark,True,0.0,0.0,,,mock,0.0,,1783610796166128772,InstrumentType.Spot,3847191305847374603,OrderType.Limit,Direction.Long,65000.9,618938992,Side.Sell,,OrderStatus.Submitted,65000.9,1653898000,BTC-USDT,TimeCondition.GTC,1783610796166128772,0.001,0.001,0.0
4194834854,2837957847,1783610796166654374,1783610796166657365,203,order,benchmark,True,0.0,0.0,,,mock,0.0,,1783610796166654374,InstrumentType.Spot,3847191305847374604,OrderType.Limit,Direction.Long,65000.71,618940768,Side.Buy,,OrderStatus.Submitted,65000.71,1653898000,BTC-USDT,TimeCondition.GTC,1783610796166654374,0.001,0.001,0.0
4194834854,2837957847,1783610796166747829,1783610796166750233,203,order,benchmark,True,0.0,0.0,,,mock,0.0,,1783610796166747829,InstrumentType.Spot,3847191305847374605,OrderType.Limit,Direction.Long,65000.92,618942544,Side.Sell,,OrderStatus.Submitted,65000.92,1653898000,BTC-USDT,TimeCondition.GTC,1783610796166747829,0.001,0.001,0.0
4194834854,2837957847,1783610796167084292,1783610796167087037,203,order,benchmark,True,0.0,0.0,,,mock,0.0,,1783610796167084292,InstrumentType.Spot,3847191305847374606,OrderType.Limit,Direction.Long,65000.73,618944320,Side.Buy,,OrderStatus.Submitted,65000.73,1653898000,BTC-USDT,TimeCondition.GTC,1783610796167084292,0.001,0.001,0.0
4194834854,2837957847,1783610796167366957,1783610796167370628,203,order,benchmark,True,0.0,0.0,,,mock,0.0,,1783610796167366957,InstrumentType.Spot,3847191305847374607,OrderType.Limit,Direction.Long,65000.939999999995,618946096,Side.Sell,,OrderStatus.Submitted,65000.939999999995,1653898000,BTC-USDT,TimeCondition.GTC,1783610796167366957,0.001,0.001,0.0
4194834854,2837957847,1783610796167679226,1783610796167681933,203,order,benchmark,True,0.0,0.0,,,mock,0.0,,1783610796167679226,InstrumentType.Spot,3847191305847374608,OrderType.Limit,Direction.Long,65000.75,618947872,Side.Buy,,OrderStatus.Submitted,65000.75,1653898000,BTC-USDT,TimeCondition.GTC,1783610796167679226,0.001,0.001,0.0
4194834854,2837957847,1783610796168162585,1783610796168166377,203,order,benchmark,True,0.0,0.0,,,mock,0.0,,1783610796168162585,InstrumentType.Spot,3847191305847374609,OrderType.Limit,Direction.Long,65000.96,618949648,Side.Sell,,OrderStatus.Submitted,65000.96,1653898000,BTC-USDT,TimeCondition.GTC,1783610796168162585,0.001,0.001,0.0
4194834854,2837957847,1783610796168270193,1783610796168272319,203,order,benchmark,True,0.0,0.0,,,mock,0.0,,1783610796168270193,InstrumentType.Spot,3847191305847374610,OrderType.Limit,Direction.Long,65000.770000000004,618951424,Side.Buy,,OrderStatus.Submitted,65000.770000000004,1653898000,BTC-USDT,TimeCondition.GTC,1783610796168270193,0.001,0.001,0.0
4194834854,2837957847,1783610796168616616,1783610796168620101,203,order,benchmark,True,0.0,0.0,,,mock,0.0,,1783610796168616616,InstrumentType.Spot,3847191305847374611,OrderType.Limit,Direction.Long,65000.979999999996,618953200,Side.Sell,,OrderStatus.Submitted,65000.979999999996,1653898000,BTC-USDT,TimeCondition.GTC,1783610796168616616,0.001,0.001,0.0
4194834854,2837957847,1783610796168869526,1783610796168871646,203,order,benchmark,True,0.0,0.0,,,mock,0.0,,1783610796168869526,InstrumentType.Spot,3847191305847374612,OrderType.Limit,Direction.Long,65000.79,618954976,Side.Buy,,OrderStatus.Submitted,65000.79,1653898000,BTC-USDT,TimeCondition.GTC,1783610796168869526,0.001,0.001,0.0
4194834854,2837957847,1783610796169326452,1783610796169329371,203,order,benchmark,True,0.0,0.0,,,mock,0.0,,1783610796169326452,InstrumentType.Spot,3847191305847374613,OrderType.Limit,Direction.Long,65001.0,618956752,Side.Sell,,OrderStatus.Submitted,65001.0,1653898000,BTC-USDT,TimeCondition.GTC,1783610796169326452,0.001,0.001,0.0
4194834854,2837957847,1783610796169634649,1783610796169637641,203,order,benchmark,True,0.0,0.0,,,mock,0.0,,1783610796169634649,InstrumentType.Spot,3847191305847374614,OrderType.Limit,Direction.Long,65000.810000000005,618958528,Side.Buy,,OrderStatus.Submitted,65000.810000000005,1653898000,BTC-USDT,TimeCondition.GTC,1783610796169634649,0.001,0.001,0.0
4194834854,2837957847,1783610796169783157,1783610796169785969,203,order,benchmark,True,0.0,0.0,,,mock,0.0,,1783610796169783157,InstrumentType.Spot,3847191305847374615,OrderType.Limit,Direction.Long,65001.02,618960304,Side.Sell,,OrderStatus.Submitted,65001.02,1653898000,BTC-USDT,TimeCondition.GTC,1783610796169783157,0.001,0.001,0.0
4194834854,2837957847,1783610796170242714,1783610796170256765,203,order,benchmark,True,0.0,0.0,,,mock,0.0,,1783610796170242714,InstrumentType.Spot,3847191305847374616,OrderType.Limit,Direction.Long,65000.83,618962080,Side.Buy,,OrderStatus.Submitted,65000.83,1653898000,BTC-USDT,TimeCondition.GTC,1783610796170242714,0.001,0.001,0.0
4194834854,2837957847,1783610796170439780,1783610796170441975,203,order,benchmark,True,0.0,0.0,,,mock,0.0,,1783610796170439780,InstrumentType.Spot,3847191305847374617,OrderType.Limit,Direction.Long,65001.04,618963856,Side.Sell,,OrderStatus.Submitted,65001.04,1653898000,BTC-USDT,TimeCondition.GTC,1783610796170439780,0.001,0.001,0.0
4194834854,2837957847,1783610796170684102,1783610796170686856,203,order,benchmark,True,0.0,0.0,,,mock,0.0,,1783610796170684102,InstrumentType.Spot,3847191305847374618,OrderType.Limit,Direction.Long,65000.85,618965632,Side.Buy,,OrderStatus.Submitted,65000.85,1653898000,BTC-USDT,TimeCondition.GTC,1783610796170684102,0.001,0.001,0.0
4194834854,2837957847,1783610796170963125,1783610796170965148,203,order,benchmark,True,0.0,0.0,,,mock,0.0,,1783610796170963125,InstrumentType.Spot,3847191305847374619,OrderType.Limit,Direction.Long,65001.06,618967408,Side.Sell,,OrderStatus.Submitted,65001.06,1653898000,BTC-USDT,TimeCondition.GTC,1783610796170963125,0.001,0.001,0.0
4194834854,2837957847,1783610796171396679,1783610796171400436,203,order,benchmark,True,0.0,0.0,,,mock,0.0,,1783610796171396679,InstrumentType.Spot,3847191305847374620,OrderType.Limit,Direction.Long,65000.87,618969184,Side.Buy,,OrderStatus.Submitted,65000.87,1653898000,BTC-USDT,TimeCondition.GTC,1783610796171396679,0.001,0.001,0.0
4194834854,2837957847,1783610796171623959,1783610796171627188,203,order,benchmark,True,0.0,0.0,,,mock,0.0,,1783610796171623959,InstrumentType.Spot,3847191305847374621,OrderType.Limit,Direction.Long,65001.08,618970960,Side.Sell,,OrderStatus.Submitted,65001.08,1653898000,BTC-USDT,TimeCondition.GTC,1783610796171623959,0.001,0.001,0.0
4194834854,2837957847,1783610796171892917,1783610796171895788,203,order,benchmark,True,0.0,0.0,,,mock,0.0,,1783610796171892917,InstrumentType.Spot,3847191305847374622,OrderType.Limit,Direction.Long,65000.89,618972736,Side.Buy,,OrderStatus.Submitted,65000.89,1653898000,BTC-USDT,TimeCondition.GTC,1783610796171892917,0.001,0.001,0.0
4194834854,2837957847,1783610796172153506,1783610796172155786,203,order,benchmark,True,0.0,0.0,,,mock,0.0,,1783610796172153506,InstrumentType.Spot,3847191305847374623,OrderType.Limit,Direction.Long,65000.1,618974512,Side.Sell,,OrderStatus.Submitted,65000.1,1653898000,BTC-USDT,TimeCondition.GTC,1783610796172153506,0.001,0.001,0.0
4194834854,2837957847,1783610796172660697,1783610796172663877,203,order,benchmark,True,0.0,0.0,,,mock,0.0,,1783610796172660697,InstrumentType.Spot,3847191305847374624,OrderType.Limit,Direction.Long,64999.91,618976288,Side.Buy,,OrderStatus.Submitted,64999.91,1653898000,BTC-USDT,TimeCondition.GTC,1783610796172660697,0.001,0.001,0.0
4194834854,2837957847,1783610796173014837,1783610796173017417,203,order,benchmark,True,0.0,0.0,,,mock,0.0,,1783610796173014837,InstrumentType.Spot,3847191305847374625,OrderType.Limit,Direction.Long,65000.119999999995,618978064,Side.Sell,,OrderStatus.Submitted,65000.119999999995,1653898000,BTC-USDT,TimeCondition.GTC,1783610796173014837,0.001,0.001,0.0
4194834854,2837957847,1783610796173032030,1783610796173033586,203,order,benchmark,True,0.0,0.0,,,mock,0.0,,1783610796173032030,InstrumentType.Spot,3847191305847374626,OrderType.Limit,Direction.Long,64999.93,618979808,Side.Buy,,OrderStatus.Submitted,64999.93,1653898000,BTC-USDT,TimeCondition.GTC,1783610796173032030,0.001,0.001,0.0
4194834854,2837957847,1783610796173574606,1783610796173577810,203,order,benchmark,True,0.0,0.0,,,mock,0.0,,1783610796173574606,InstrumentType.Spot,3847191305847374627,OrderType.Limit,Direction.Long,65000.14,618981616,Side.Sell,,OrderStatus.Submitted,65000.14,1653898000,BTC-USDT,TimeCondition.GTC,1783610796173574606,0.001,0.001,0.0
4194834854,2837957847,1783610796173688515,1783610796173690436,203,order,benchmark,True,0.0,0.0,,,mock,0.0,,1783610796173688515,InstrumentType.Spot,3847191305847374628,OrderType.Limit,Direction.Long,64999.950000000004,618983392,Side.Buy,,OrderStatus.Submitted,64999.950000000004,1653898000,BTC-USDT,TimeCondition.GTC,1783610796173688515,0.001,0.001,0.0
4194834854,2837957847,1783610796173925579,1783610796173940536,203,order,benchmark,True,0.0,0.0,,,mock,0.0,,1783610796173925579,InstrumentType.Spot,3847191305847374629,OrderType.Limit,Direction.Long,65000.159999999996,618985168,Side.Sell,,OrderStatus.Submitted,65000.159999999996,1653898000,BTC-USDT,TimeCondition.GTC,1783610796173925579,0.001,0.001,0.0
4194834854,2837957847,1783610796174303519,1783610796174307601,203,order,benchmark,True,0.0,0.0,,,mock,0.0,,1783610796174303519,InstrumentType.Spot,3847191305847374630,OrderType.Limit,Direction.Long,64999.97,618986944,Side.Buy,,OrderStatus.Submitted,64999.97,1653898000,BTC-USDT,TimeCondition.GTC,1783610796174303519,0.001,0.001,0.0
4194834854,2837957847,1783610796174573161,1783610796174576734,203,order,benchmark,True,0.0,0.0,,,mock,0.0,,1783610796174573161,InstrumentType.Spot,3847191305847374631,OrderType.Limit,Direction.Long,65000.18,618988720,Side.Sell,,OrderStatus.Submitted,65000.18,1653898000,BTC-USDT,TimeCondition.GTC,1783610796174573161,0.001,0.001,0.0
4194834854,2837957847,1783610796175438822,1783610796175441233,203,order,benchmark,True,0.0,0.0,,,mock,0.0,,1783610796175438822,InstrumentType.Spot,3847191305847374632,OrderType.Limit,Direction.Long,64999.99,618990496,Side.Buy,,OrderStatus.Submitted,64999.99,1653898000,BTC-USDT,TimeCondition.GTC,1783610796175438822,0.001,0.001,0.0
4194834854,2837957847,1783610796175458037,1783610796175459540,203,order,benchmark,True,0.0,0.0,,,mock,0.0,,1783610796175458037,InstrumentType.Spot,3847191305847374633,OrderType.Limit,Direction.Long,65000.2,618992240,Side.Sell,,OrderStatus.Submitted,65000.2,1653898000,BTC-USDT,TimeCondition.GTC,1783610796175458037,0.001,0.001,0.0
4194834854,2837957847,1783610796175472113,1783610796175473514,203,order,benchmark,True,0.0,0.0,,,mock,0.0,,1783610796175472113,InstrumentType.Spot,3847191305847374634,OrderType.Limit,Direction.Long,65000.01,618994016,Side.Buy,,OrderStatus.Submitted,65000.01,1653898000,BTC-USDT,TimeCondition.GTC,1783610796175472113,0.001,0.001,0.0
4194834854,2837957847,1783610796175843384,1783610796175846172,203,order,benchmark,True,0.0,0.0,,,mock,0.0,,1783610796175843384,InstrumentType.Spot,3847191305847374635,OrderType.Limit,Direction.Long,65000.22,618995824,Side.Sell,,OrderStatus.Submitted,65000.22,1653898000,BTC-USDT,TimeCondition.GTC,1783610796175843384,0.001,0.001,0.0
4194834854,2837957847,1783610796176025708,1783610796176028990,203,order,benchmark,True,0.0,0.0,,,mock,0.0,,1783610796176025708,InstrumentType.Spot,3847191305847374636,OrderType.Limit,Direction.Long,65000.03,618997600,Side.Buy,,OrderStatus.Submitted,65000.03,1653898000,BTC-USDT,TimeCondition.GTC,1783610796176025708,0.001,0.001,0.0
4194834854,2837957847,1783610796176359903,1783610796176363575,203,order,benchmark,True,0.0,0.0,,,mock,0.0,,1783610796176359903,InstrumentType.Spot,3847191305847374637,OrderType.Limit,Direction.Long,65000.24,618999376,Side.Sell,,OrderStatus.Submitted,65000.24,1653898000,BTC-USDT,TimeCondition.GTC,1783610796176359903,0.001,0.001,0.0
4194834854,2837957847,1783610796176709701,1783610796176713762,203,order,benchmark,True,0.0,0.0,,,mock,0.0,,1783610796176709701,InstrumentType.Spot,3847191305847374638,OrderType.Limit,Direction.Long,65000.05,619001152,Side.Buy,,OrderStatus.Submitted,65000.05,1653898000,BTC-USDT,TimeCondition.GTC,1783610796176709701,0.001,0.001,0.0
4194834854,2837957847,1783610796177247804,1783610796177251751,203,order,benchmark,True,0.0,0.0,,,mock,0.0,,1783610796177247804,InstrumentType.Spot,3847191305847374639,OrderType.Limit,Direction.Long,65000.26,619002928,Side.Sell,,OrderStatus.Submitted,65000.26,1653898000,BTC-USDT,TimeCondition.GTC,1783610796177247804,0.001,0.001,0.0
4194834854,2837957847,1783610796177281066,1783610796177284168,203,order,benchmark,True,0.0,0.0,,,mock,0.0,,1783610796177281066,InstrumentType.Spot,3847191305847374640,OrderType.Limit,Direction.Long,65000.07,619004672,Side.Buy,,OrderStatus.Submitted,65000.07,1653898000,BTC-USDT,TimeCondition.GTC,1783610796177281066,0.001,0.001,0.0
4194834854,2837957847,1783610796177617542,1783610796177619826,203,order,benchmark,True,0.0,0.0,,,mock,0.0,,1783610796177617542,InstrumentType.Spot,3847191305847374641,OrderType.Limit,Direction.Long,65000.28,619006480,Side.Sell,,OrderStatus.Submitted,65000.28,1653898000,BTC-USDT,TimeCondition.GTC,1783610796177617542,0.001,0.001,0.0
4194834854,2837957847,1783610796177914910,1783610796177917634,203,order,benchmark,True,0.0,0.0,,,mock,0.0,,1783610796177914910,InstrumentType.Spot,3847191305847374642,OrderType.Limit,Direction.Long,65000.090000000004,619008256,Side.Buy,,OrderStatus.Submitted,65000.090000000004,1653898000,BTC-USDT,TimeCondition.GTC,1783610796177914910,0.001,0.001,0.0
4194834854,2837957847,1783610796178138322,1783610796178163931,203,order,benchmark,True,0.0,0.0,,,mock,0.0,,1783610796178138322,InstrumentType.Spot,3847191305847374643,OrderType.Limit,Direction.Long,65000.299999999996,619010032,Side.Sell,,OrderStatus.Submitted,65000.299999999996,1653898000,BTC-USDT,TimeCondition.GTC,1783610796178138322,0.001,0.001,0.0
4194834854,2837957847,1783610796178508876,1783610796178511334,203,order,benchmark,True,0.0,0.0,,,mock,0.0,,1783610796178508876,InstrumentType.Spot,3847191305847374644,OrderType.Limit,Direction.Long,65000.11,619011808,Side.Buy,,OrderStatus.Submitted,65000.11,1653898000,BTC-USDT,TimeCondition.GTC,1783610796178508876,0.001,0.001,0.0
4194834854,2837957847,1783610796178766541,1783610796178769958,203,order,benchmark,True,0.0,0.0,,,mock,0.0,,1783610796178766541,InstrumentType.Spot,3847191305847374645,OrderType.Limit,Direction.Long,65000.32,619013584,Side.Sell,,OrderStatus.Submitted,65000.32,1653898000,BTC-USDT,TimeCondition.GTC,1783610796178766541,0.001,0.001,0.0
4194834854,2837957847,1783610796179098375,1783610796179101128,203,order,benchmark,True,0.0,0.0,,,mock,0.0,,1783610796179098375,InstrumentType.Spot,3847191305847374646,OrderType.Limit,Direction.Long,65000.130000000005,619015360,Side.Buy,,OrderStatus.Submitted,65000.130000000005,1653898000,BTC-USDT,TimeCondition.GTC,1783610796179098375,0.001,0.001,0.0
4194834854,2837957847,1783610796179404602,1783610796179407332,203,order,benchmark,True,0.0,0.0,,,mock,0.0,,1783610796179404602,InstrumentType.Spot,3847191305847374647,OrderType.Limit,Direction.Long,65000.34,619017136,Side.Sell,,OrderStatus.Submitted,65000.34,1653898000,BTC-USDT,TimeCondition.GTC,1783610796179404602,0.001,0.001,0.0
4194834854,2837957847,1783610796179598448,1783610796179602362,203,order,benchmark,True,0.0,0.0,,,mock,0.0,,1783610796179598448,InstrumentType.Spot,3847191305847374648,OrderType.Limit,Direction.Long,65000.15,619018912,Side.Buy,,OrderStatus.Submitted,65000.15,1653898000,BTC-USDT,TimeCondition.GTC,1783610796179598448,0.001,0.001,0.0
4194834854,2837957847,1783610796179949605,1783610796179952077,203,order,benchmark,True,0.0,0.0,,,mock,0.0,,1783610796179949605,InstrumentType.Spot,3847191305847374649,OrderType.Limit,Direction.Long,65000.36,619020688,Side.Sell,,OrderStatus.Submitted,65000.36,1653898000,BTC-USDT,TimeCondition.GTC,1783610796179949605,0.001,0.001,0.0
4194834854,2837957847,1783610796180278427,1783610796180281056,203,order,benchmark,True,0.0,0.0,,,mock,0.0,,1783610796180278427,InstrumentType.Spot,3847191305847374650,OrderType.Limit,Direction.Long,65000.17,619022464,Side.Buy,,OrderStatus.Submitted,65000.17,1653898000,BTC-USDT,TimeCondition.GTC,1783610796180278427,0.001,0.001,0.0
4194834854,2837957847,1783610796180524981,1783610796180527313,203,order,benchmark,True,0.0,0.0,,,mock,0.0,,1783610796180524981,InstrumentType.Spot,3847191305847374651,OrderType.Limit,Direction.Long,65000.38,619024240,Side.Sell,,OrderStatus.Submitted,65000.38,1653898000,BTC-USDT,TimeCondition.GTC,1783610796180524981,0.001,0.001,0.0
4194834854,2837957847,1783610796181088573,1783610796181091835,203,order,benchmark,True,0.0,0.0,,,mock,0.0,,1783610796181088573,InstrumentType.Spot,3847191305847374652,OrderType.Limit,Direction.Long,65000.19,619026016,Side.Buy,,OrderStatus.Submitted,65000.19,1653898000,BTC-USDT,TimeCondition.GTC,1783610796181088573,0.001,0.001,0.0
4194834854,2837957847,1783610796181217243,1783610796181219506,203,order,benchmark,True,0.0,0.0,,,mock,0.0,,1783610796181217243,InstrumentType.Spot,3847191305847374653,OrderType.Limit,Direction.Long,65000.4,619027792,Side.Sell,,OrderStatus.Submitted,65000.4,1653898000,BTC-USDT,TimeCondition.GTC,1783610796181217243,0.001,0.001,0.0
4194834854,2837957847,1783610796181457717,1783610796181460150,203,order,benchmark,True,0.0,0.0,,,mock,0.0,,1783610796181457717,InstrumentType.Spot,3847191305847374654,OrderType.Limit,Direction.Long,65000.21,619029568,Side.Buy,,OrderStatus.Submitted,65000.21,1653898000,BTC-USDT,TimeCondition.GTC,1783610796181457717,0.001,0.001,0.0
4194834854,2837957847,1783610796181805321,1783610796181807606,203,order,benchmark,True,0.0,0.0,,,mock,0.0,,1783610796181805321,InstrumentType.Spot,3847191305847374655,OrderType.Limit,Direction.Long,65000.42,619031344,Side.Sell,,OrderStatus.Submitted,65000.42,1653898000,BTC-USDT,TimeCondition.GTC,1783610796181805321,0.001,0.001,0.0
4194834854,2837957847,1783610796181979265,1783610796182016561,203,order,benchmark,True,0.0,0.0,,,mock,0.0,,1783610796181979265,InstrumentType.Spot,3847191305847374656,OrderType.Limit,Direction.Long,65000.23,619033120,Side.Buy,,OrderStatus.Submitted,65000.23,1653898000,BTC-USDT,TimeCondition.GTC,1783610796181979265,0.001,0.001,0.0
4194834854,2837957847,1783610796182356652,1783610796182358898,203,order,benchmark,True,0.0,0.0,,,mock,0.0,,1783610796182356652,InstrumentType.Spot,3847191305847374657,OrderType.Limit,Direction.Long,65000.439999999995,619034896,Side.Sell,,OrderStatus.Submitted,65000.439999999995,1653898000,BTC-USDT,TimeCondition.GTC,1783610796182356652,0.001,0.001,0.0
4194834854,2837957847,1783610796182663584,1783610796182665983,203,order,benchmark,True,0.0,0.0,,,mock,0.0,,1783610796182663584,InstrumentType.Spot,3847191305847374658,OrderType.Limit,Direction.Long,65000.25,619036672,Side.Buy,,OrderStatus.Submitted,65000.25,1653898000,BTC-USDT,TimeCondition.GTC,1783610796182663584,0.001,0.001,0.0
4194834854,2837957847,1783610796182876699,1783610796182879670,203,order,benchmark,True,0.0,0.0,,,mock,0.0,,1783610796182876699,InstrumentType.Spot,3847191305847374659,OrderType.Limit,Direction.Long,65000.46,619038448,Side.Sell,,OrderStatus.Submitted,65000.46,1653898000,BTC-USDT,TimeCondition.GTC,1783610796182876699,0.001,0.001,0.0
4194834854,2837957847,1783610796183526861,1783610796183529327,203,order,benchmark,True,0.0,0.0,,,mock,0.0,,1783610796183526861,InstrumentType.Spot,3847191305847374660,OrderType.Limit,Direction.Long,65000.270000000004,619040224,Side.Buy,,OrderStatus.Submitted,65000.270000000004,1653898000,BTC-USDT,TimeCondition.GTC,1783610796183526861,0.001,0.001,0.0
4194834854,2837957847,1783610796183544244,1783610796183545714,203,order,benchmark,True,0.0,0.0,,,mock,0.0,,1783610796183544244,InstrumentType.Spot,3847191305847374661,OrderType.Limit,Direction.Long,65000.479999999996,619041968,Side.Sell,,OrderStatus.Submitted,65000.479999999996,1653898000,BTC-USDT,TimeCondition.GTC,1783610796183544244,0.001,0.001,0.0
4194834854,2837957847,1783610796183846704,1783610796183848703,203,order,benchmark,True,0.0,0.0,,,mock,0.0,,1783610796183846704,InstrumentType.Spot,3847191305847374662,OrderType.Limit,Direction.Long,65000.29,619043776,Side.Buy,,OrderStatus.Submitted,65000.29,1653898000,BTC-USDT,TimeCondition.GTC,1783610796183846704,0.001,0.001,0.0
4194834854,2837957847,1783610796184173578,1783610796184175965,203,order,benchmark,True,0.0,0.0,,,mock,0.0,,1783610796184173578,InstrumentType.Spot,3847191305847374663,OrderType.Limit,Direction.Long,65000.5,619045552,Side.Sell,,OrderStatus.Submitted,65000.5,1653898000,BTC-USDT,TimeCondition.GTC,1783610796184173578,0.001,0.001,0.0
4194834854,2837957847,1783610796184454168,1783610796184456187,203,order,benchmark,True,0.0,0.0,,,mock,0.0,,1783610796184454168,InstrumentType.Spot,3847191305847374664,OrderType.Limit,Direction.Long,65000.310000000005,619047328,Side.Buy,,OrderStatus.Submitted,65000.310000000005,1653898000,BTC-USDT,TimeCondition.GTC,1783610796184454168,0.001,0.001,0.0
4194834854,2837957847,1783610796184767194,1783610796184769281,203,order,benchmark,True,0.0,0.0,,,mock,0.0,,1783610796184767194,InstrumentType.Spot,3847191305847374665,OrderType.Limit,Direction.Long,65000.52,619049104,Side.Sell,,OrderStatus.Submitted,65000.52,1653898000,BTC-USDT,TimeCondition.GTC,1783610796184767194,0.001,0.001,0.0
4194834854,2837957847,1783610796185172271,1783610796185174416,203,order,benchmark,True,0.0,0.0,,,mock,0.0,,1783610796185172271,InstrumentType.Spot,3847191305847374666,OrderType.Limit,Direction.Long,65000.33,619050880,Side.Buy,,OrderStatus.Submitted,65000.33,1653898000,BTC-USDT,TimeCondition.GTC,1783610796185172271,0.001,0.001,0.0
4194834854,2837957847,1783610796185642806,1783610796185645362,203,order,benchmark,True,0.0,0.0,,,mock,0.0,,1783610796185642806,InstrumentType.Spot,3847191305847374667,OrderType.Limit,Direction.Long,65000.54,619052656,Side.Sell,,OrderStatus.Submitted,65000.54,1653898000,BTC-USDT,TimeCondition.GTC,1783610796185642806,0.001,0.001,0.0
4194834854,2837957847,1783610796185684531,1783610796185687078,203,order,benchmark,True,0.0,0.0,,,mock,0.0,,1783610796185684531,InstrumentType.Spot,3847191305847374668,OrderType.Limit,Direction.Long,65000.35,619054400,Side.Buy,,OrderStatus.Submitted,65000.35,1653898000,BTC-USDT,TimeCondition.GTC,1783610796185684531,0.001,0.001,0.0
4194834854,2837957847,1783610796186113655,1783610796186199764,203,order,benchmark,True,0.0,0.0,,,mock,0.0,,1783610796186113655,InstrumentType.Spot,3847191305847374669,OrderType.Limit,Direction.Long,65000.56,619056208,Side.Sell,,OrderStatus.Submitted,65000.56,1653898000,BTC-USDT,TimeCondition.GTC,1783610796186113655,0.001,0.001,0.0
4194834854,2837957847,1783610796186353677,1783610796186355696,203,order,benchmark,True,0.0,0.0,,,mock,0.0,,1783610796186353677,InstrumentType.Spot,3847191305847374670,OrderType.Limit,Direction.Long,65000.37,619057984,Side.Buy,,OrderStatus.Submitted,65000.37,1653898000,BTC-USDT,TimeCondition.GTC,1783610796186353677,0.001,0.001,0.0
4194834854,2837957847,1783610796186515005,1783610796186517893,203,order,benchmark,True,0.0,0.0,,,mock,0.0,,1783610796186515005,InstrumentType.Spot,3847191305847374671,OrderType.Limit,Direction.Long,65000.58,619059760,Side.Sell,,OrderStatus.Submitted,65000.58,1653898000,BTC-USDT,TimeCondition.GTC,1783610796186515005,0.001,0.001,0.0
4194834854,2837957847,1783610796186845793,1783610796186847772,203,order,benchmark,True,0.0,0.0,,,mock,0.0,,1783610796186845793,InstrumentType.Spot,3847191305847374672,OrderType.Limit,Direction.Long,65000.39,619061536,Side.Buy,,OrderStatus.Submitted,65000.39,1653898000,BTC-USDT,TimeCondition.GTC,1783610796186845793,0.001,0.001,0.0
4194834854,2837957847,1783610796187158026,1783610796187160333,203,order,benchmark,True,0.0,0.0,,,mock,0.0,,1783610796187158026,InstrumentType.Spot,3847191305847374673,OrderType.Limit,Direction.Long,65000.6,619063312,Side.Sell,,OrderStatus.Submitted,65000.6,1653898000,BTC-USDT,TimeCondition.GTC,1783610796187158026,0.001,0.001,0.0
4194834854,2837957847,1783610796187455958,1783610796187458274,203,order,benchmark,True,0.0,0.0,,,mock,0.0,,1783610796187455958,InstrumentType.Spot,3847191305847374674,OrderType.Limit,Direction.Long,65000.41,619065088,Side.Buy,,OrderStatus.Submitted,65000.41,1653898000,BTC-USDT,TimeCondition.GTC,1783610796187455958,0.001,0.001,0.0
4194834854,2837957847,1783610796187754160,1783610796187756358,203,order,benchmark,True,0.0,0.0,,,mock,0.0,,1783610796187754160,InstrumentType.Spot,3847191305847374675,OrderType.Limit,Direction.Long,65000.619999999995,619066864,Side.Sell,,OrderStatus.Submitted,65000.619999999995,1653898000,BTC-USDT,TimeCondition.GTC,1783610796187754160,0.001,0.001,0.0
4194834854,2837957847,1783610796188060740,1783610796188063297,203,order,benchmark,True,0.0,0.0,,,mock,0.0,,1783610796188060740,InstrumentType.Spot,3847191305847374676,OrderType.Limit,Direction.Long,65000.43,619068640,Side.Buy,,OrderStatus.Submitted,65000.43,1653898000,BTC-USDT,TimeCondition.GTC,1783610796188060740,0.001,0.001,0.0
4194834854,2837957847,1783610796188352748,1783610796188355017,203,order,benchmark,True,0.0,0.0,,,mock,0.0,,1783610796188352748,InstrumentType.Spot,3847191305847374677,OrderType.Limit,Direction.Long,65000.64,619070416,Side.Sell,,OrderStatus.Submitted,65000.64,1653898000,BTC-USDT,TimeCondition.GTC,1783610796188352748,0.001,0.001,0.0
4194834854,2837957847,1783610796188662488,1783610796188664850,203,order,benchmark,True,0.0,0.0,,,mock,0.0,,1783610796188662488,InstrumentType.Spot,3847191305847374678,OrderType.Limit,Direction.Long,65000.450000000004,619072192,Side.Buy,,OrderStatus.Submitted,65000.450000000004,1653898000,BTC-USDT,TimeCondition.GTC,1783610796188662488,0.001,0.001,0.0
4194834854,2837957847,1783610796188961397,1783610796188963873,203,order,benchmark,True,0.0,0.0,,,mock,0.0,,1783610796188961397,InstrumentType.Spot,3847191305847374679,OrderType.Limit,Direction.Long,65000.659999999996,619073968,Side.Sell,,OrderStatus.Submitted,65000.659999999996,1653898000,BTC-USDT,TimeCondition.GTC,1783610796188961397,0.001,0.001,0.0
4194834854,2837957847,1783610796189260682,1783610796189263124,203,order,benchmark,True,0.0,0.0,,,mock,0.0,,1783610796189260682,InstrumentType.Spot,3847191305847374680,OrderType.Limit,Direction.Long,65000.47,619075744,Side.Buy,,OrderStatus.Submitted,65000.47,1653898000,BTC-USDT,TimeCondition.GTC,1783610796189260682,0.001,0.001,0.0
4194834854,2837957847,1783610796189558940,1783610796189561365,203,order,benchmark,True,0.0,0.0,,,mock,0.0,,1783610796189558940,InstrumentType.Spot,3847191305847374681,OrderType.Limit,Direction.Long,65000.68,619077520,Side.Sell,,OrderStatus.Submitted,65000.68,1653898000,BTC-USDT,TimeCondition.GTC,1783610796189558940,0.001,0.001,0.0
4194834854,2837957847,1783610796189861598,1783610796189872729,203,order,benchmark,True,0.0,0.0,,,mock,0.0,,1783610796189861598,InstrumentType.Spot,3847191305847374682,OrderType.Limit,Direction.Long,65000.49,619079296,Side.Buy,,OrderStatus.Submitted,65000.49,1653898000,BTC-USDT,TimeCondition.GTC,1783610796189861598,0.001,0.001,0.0
4194834854,2837957847,1783610796190085664,1783610796190089018,203,order,benchmark,True,0.0,0.0,,,mock,0.0,,1783610796190085664,InstrumentType.Spot,3847191305847374683,OrderType.Limit,Direction.Long,65000.7,619081072,Side.Sell,,OrderStatus.Submitted,65000.7,1653898000,BTC-USDT,TimeCondition.GTC,1783610796190085664,0.001,0.001,0.0
4194834854,2837957847,1783610796190465902,1783610796190469457,203,order,benchmark,True,0.0,0.0,,,mock,0.0,,1783610796190465902,InstrumentType.Spot,3847191305847374684,OrderType.Limit,Direction.Long,65000.51,619082848,Side.Buy,,OrderStatus.Submitted,65000.51,1653898000,BTC-USDT,TimeCondition.GTC,1783610796190465902,0.001,0.001,0.0
4194834854,2837957847,1783610796190665888,1783610796190668774,203,order,benchmark,True,0.0,0.0,,,mock,0.0,,1783610796190665888,InstrumentType.Spot,3847191305847374685,OrderType.Limit,Direction.Long,65000.72,618906224,Side.Sell,,OrderStatus.Submitted,65000.72,1653898000,BTC-USDT,TimeCondition.GTC,1783610796190665888,0.001,0.001,0.0
4194834854,2837957847,1783610796191072485,1783610796191075372,203,order,benchmark,True,0.0,0.0,,,mock,0.0,,1783610796191072485,InstrumentType.Spot,3847191305847374686,OrderType.Limit,Direction.Long,65000.53,618908000,Side.Buy,,OrderStatus.Submitted,65000.53,1653898000,BTC-USDT,TimeCondition.GTC,1783610796191072485,0.001,0.001,0.0
4194834854,2837957847,1783610796191356933,1783610796191359088,203,order,benchmark,True,0.0,0.0,,,mock,0.0,,1783610796191356933,InstrumentType.Spot,3847191305847374687,OrderType.Limit,Direction.Long,65000.74,618909776,Side.Sell,,OrderStatus.Submitted,65000.74,1653898000,BTC-USDT,TimeCondition.GTC,1783610796191356933,0.001,0.001,0.0
4194834854,2837957847,1783610796191640564,1783610796191642840,203,order,benchmark,True,0.0,0.0,,,mock,0.0,,1783610796191640564,InstrumentType.Spot,3847191305847374688,OrderType.Limit,Direction.Long,65000.55,618911552,Side.Buy,,OrderStatus.Submitted,65000.55,1653898000,BTC-USDT,TimeCondition.GTC,1783610796191640564,0.001,0.001,0.0
4194834854,2837957847,1783610796191953894,1783610796191956027,203,order,benchmark,True,0.0,0.0,,,mock,0.0,,1783610796191953894,InstrumentType.Spot,3847191305847374689,OrderType.Limit,Direction.Long,65000.76,618912544,Side.Sell,,OrderStatus.Submitted,65000.76,1653898000,BTC-USDT,TimeCondition.GTC,1783610796191953894,0.001,0.001,0.0
4194834854,2837957847,1783610796192530051,1783610796192532326,203,order,benchmark,True,0.0,0.0,,,mock,0.0,,1783610796192530051,InstrumentType.Spot,3847191305847374690,OrderType.Limit,Direction.Long,65000.57,619094400,Side.Buy,,OrderStatus.Submitted,65000.57,1653898000,BTC-USDT,TimeCondition.GTC,1783610796192530051,0.001,0.001,0.0
4194834854,2837957847,1783610796192548962,1783610796192550374,203,order,benchmark,True,0.0,0.0,,,mock,0.0,,1783610796192548962,InstrumentType.Spot,3847191305847374691,OrderType.Limit,Direction.Long,65000.78,619096144,Side.Sell,,OrderStatus.Submitted,65000.78,1653898000,BTC-USDT,TimeCondition.GTC,1783610796192548962,0.001,0.001,0.0
4194834854,2837957847,1783610796193026718,1783610796193030359,203,order,benchmark,True,0.0,0.0,,,mock,0.0,,1783610796193026718,InstrumentType.Spot,3847191305847374692,OrderType.Limit,Direction.Long,65000.590000000004,619097952,Side.Buy,,OrderStatus.Submitted,65000.590000000004,1653898000,BTC-USDT,TimeCondition.GTC,1783610796193026718,0.001,0.001,0.0
4194834854,2837957847,1783610796193155430,1783610796193158145,203,order,benchmark,True,0.0,0.0,,,mock,0.0,,1783610796193155430,InstrumentType.Spot,3847191305847374693,OrderType.Limit,Direction.Long,65000.799999999996,619099728,Side.Sell,,OrderStatus.Submitted,65000.799999999996,1653898000,BTC-USDT,TimeCondition.GTC,1783610796193155430,0.001,0.001,0.0
4194834854,2837957847,1783610796193458480,1783610796193460854,203,order,benchmark,True,0.0,0.0,,,mock,0.0,,1783610796193458480,InstrumentType.Spot,3847191305847374694,OrderType.Limit,Direction.Long,65000.61,619101504,Side.Buy,,OrderStatus.Submitted,65000.61,1653898000,BTC-USDT,TimeCondition.GTC,1783610796193458480,0.001,0.001,0.0
4194834854,2837957847,1783610796193750848,1783610796193761533,203,order,benchmark,True,0.0,0.0,,,mock,0.0,,1783610796193750848,InstrumentType.Spot,3847191305847374695,OrderType.Limit,Direction.Long,65000.82,619103280,Side.Sell,,OrderStatus.Submitted,65000.82,1653898000,BTC-USDT,TimeCondition.GTC,1783610796193750848,0.001,0.001,0.0
4194834854,2837957847,1783610796194059395,1783610796194061375,203,order,benchmark,True,0.0,0.0,,,mock,0.0,,1783610796194059395,InstrumentType.Spot,3847191305847374696,OrderType.Limit,Direction.Long,65000.630000000005,619105056,Side.Buy,,OrderStatus.Submitted,65000.630000000005,1653898000,BTC-USDT,TimeCondition.GTC,1783610796194059395,0.001,0.001,0.0
4194834854,2837957847,1783610796194342211,1783610796194344331,203,order,benchmark,True,0.0,0.0,,,mock,0.0,,1783610796194342211,InstrumentType.Spot,3847191305847374697,OrderType.Limit,Direction.Long,65000.84,619106832,Side.Sell,,OrderStatus.Submitted,65000.84,1653898000,BTC-USDT,TimeCondition.GTC,1783610796194342211,0.001,0.001,0.0
4194834854,2837957847,1783610796194645903,1783610796194648014,203,order,benchmark,True,0.0,0.0,,,mock,0.0,,1783610796194645903,InstrumentType.Spot,3847191305847374698,OrderType.Limit,Direction.Long,65000.65,619108608,Side.Buy,,OrderStatus.Submitted,65000.65,1653898000,BTC-USDT,TimeCondition.GTC,1783610796194645903,0.001,0.001,0.0
4194834854,2837957847,1783610796195073439,1783610796195075939,203,order,benchmark,True,0.0,0.0,,,mock,0.0,,1783610796195073439,InstrumentType.Spot,3847191305847374699,OrderType.Limit,Direction.Long,65000.86,619110384,Side.Sell,,OrderStatus.Submitted,65000.86,1653898000,BTC-USDT,TimeCondition.GTC,1783610796195073439,0.001,0.001,0.0
4194834854,2837957847,1783610796195514704,1783610796195516765,203,order,benchmark,True,0.0,0.0,,,mock,0.0,,1783610796195514704,InstrumentType.Spot,3847191305847374700,OrderType.Limit,Direction.Long,65000.67,619112160,Side.Buy,,OrderStatus.Submitted,65000.67,1653898000,BTC-USDT,TimeCondition.GTC,1783610796195514704,0.001,0.001,0.0
4194834854,2837957847,1783610796195533627,1783610796195535056,203,order,benchmark,True,0.0,0.0,,,mock,0.0,,1783610796195533627,InstrumentType.Spot,3847191305847374701,OrderType.Limit,Direction.Long,65000.88,619113904,Side.Sell,,OrderStatus.Submitted,65000.88,1653898000,BTC-USDT,TimeCondition.GTC,1783610796195533627,0.001,0.001,0.0
4194834854,2837957847,1783610796195840815,1783610796195842943,203,order,benchmark,True,0.0,0.0,,,mock,0.0,,1783610796195840815,InstrumentType.Spot,3847191305847374702,OrderType.Limit,Direction.Long,65000.69,619115712,Side.Buy,,OrderStatus.Submitted,65000.69,1653898000,BTC-USDT,TimeCondition.GTC,1783610796195840815,0.001,0.001,0.0
4194834854,2837957847,1783610796196151945,1783610796196154089,203,order,benchmark,True,0.0,0.0,,,mock,0.0,,1783610796196151945,InstrumentType.Spot,3847191305847374703,OrderType.Limit,Direction.Long,65000.9,619117488,Side.Sell,,OrderStatus.Submitted,65000.9,1653898000,BTC-USDT,TimeCondition.GTC,1783610796196151945,0.001,0.001,0.0
4194834854,2837957847,1783610796196746869,1783610796196749346,203,order,benchmark,True,0.0,0.0,,,mock,0.0,,1783610796196746869,InstrumentType.Spot,3847191305847374704,OrderType.Limit,Direction.Long,65000.71,619119264,Side.Buy,,OrderStatus.Submitted,65000.71,1653898000,BTC-USDT,TimeCondition.GTC,1783610796196746869,0.001,0.001,0.0
4194834854,2837957847,1783610796196767502,1783610796196768800,203,order,benchmark,True,0.0,0.0,,,mock,0.0,,1783610796196767502,InstrumentType.Spot,3847191305847374705,OrderType.Limit,Direction.Long,65000.92,619121008,Side.Sell,,OrderStatus.Submitted,65000.92,1653898000,BTC-USDT,TimeCondition.GTC,1783610796196767502,0.001,0.001,0.0
4194834854,2837957847,1783610796197069206,1783610796197071202,203,order,benchmark,True,0.0,0.0,,,mock,0.0,,1783610796197069206,InstrumentType.Spot,3847191305847374706,OrderType.Limit,Direction.Long,65000.73,619122816,Side.Buy,,OrderStatus.Submitted,65000.73,1653898000,BTC-USDT,TimeCondition.GTC,1783610796197069206,0.001,0.001,0.0
4194834854,2837957847,1783610796197485415,1783610796197488233,203,order,benchmark,True,0.0,0.0,,,mock,0.0,,1783610796197485415,InstrumentType.Spot,3847191305847374707,OrderType.Limit,Direction.Long,65000.939999999995,619124592,Side.Sell,,OrderStatus.Submitted,65000.939999999995,1653898000,BTC-USDT,TimeCondition.GTC,1783610796197485415,0.001,0.001,0.0
4194834854,2837957847,1783610796197697531,1783610796197699404,203,order,benchmark,True,0.0,0.0,,,mock,0.0,,1783610796197697531,InstrumentType.Spot,3847191305847374708,OrderType.Limit,Direction.Long,65000.75,619126368,Side.Buy,,OrderStatus.Submitted,65000.75,1653898000,BTC-USDT,TimeCondition.GTC,1783610796197697531,0.001,0.001,0.0
4194834854,2837957847,1783610796197952821,1783610796197969785,203,order,benchmark,True,0.0,0.0,,,mock,0.0,,1783610796197952821,InstrumentType.Spot,3847191305847374709,OrderType.Limit,Direction.Long,65000.96,619128144,Side.Sell,,OrderStatus.Submitted,65000.96,1653898000,BTC-USDT,TimeCondition.GTC,1783610796197952821,0.001,0.001,0.0
4194834854,2837957847,1783610796198368889,1783610796198371108,203,order,benchmark,True,0.0,0.0,,,mock,0.0,,1783610796198368889,InstrumentType.Spot,3847191305847374710,OrderType.Limit,Direction.Long,65000.770000000004,619129920,Side.Buy,,OrderStatus.Submitted,65000.770000000004,1653898000,BTC-USDT,TimeCondition.GTC,1783610796198368889,0.001,0.001,0.0
4194834854,2837957847,1783610796198583851,1783610796198586031,203,order,benchmark,True,0.0,0.0,,,mock,0.0,,1783610796198583851,InstrumentType.Spot,3847191305847374711,OrderType.Limit,Direction.Long,65000.979999999996,619131696,Side.Sell,,OrderStatus.Submitted,65000.979999999996,1653898000,BTC-USDT,TimeCondition.GTC,1783610796198583851,0.001,0.001,0.0
4194834854,2837957847,1783610796199027053,1783610796199029540,203,order,benchmark,True,0.0,0.0,,,mock,0.0,,1783610796199027053,InstrumentType.Spot,3847191305847374712,OrderType.Limit,Direction.Long,65000.79,619133472,Side.Buy,,OrderStatus.Submitted,65000.79,1653898000,BTC-USDT,TimeCondition.GTC,1783610796199027053,0.001,0.001,0.0
4194834854,2837957847,1783610796199145773,1783610796199148283,203,order,benchmark,True,0.0,0.0,,,mock,0.0,,1783610796199145773,InstrumentType.Spot,3847191305847374713,OrderType.Limit,Direction.Long,65001.0,619135248,Side.Sell,,OrderStatus.Submitted,65001.0,1653898000,BTC-USDT,TimeCondition.GTC,1783610796199145773,0.001,0.001,0.0
4194834854,2837957847,1783610796199592420,1783610796199595244,203,order,benchmark,True,0.0,0.0,,,mock,0.0,,1783610796199592420,InstrumentType.Spot,3847191305847374714,OrderType.Limit,Direction.Long,65000.810000000005,619137024,Side.Buy,,OrderStatus.Submitted,65000.810000000005,1653898000,BTC-USDT,TimeCondition.GTC,1783610796199592420,0.001,0.001,0.0
4194834854,2837957847,1783610796199795088,1783610796199797010,203,order,benchmark,True,0.0,0.0,,,mock,0.0,,1783610796199795088,InstrumentType.Spot,3847191305847374715,OrderType.Limit,Direction.Long,65001.02,619138800,Side.Sell,,OrderStatus.Submitted,65001.02,1653898000,BTC-USDT,TimeCondition.GTC,1783610796199795088,0.001,0.001,0.0
4194834854,2837957847,1783610796200052020,1783610796200054256,203,order,benchmark,True,0.0,0.0,,,mock,0.0,,1783610796200052020,InstrumentType.Spot,3847191305847374716,OrderType.Limit,Direction.Long,65000.83,619140576,Side.Buy,,OrderStatus.Submitted,65000.83,1653898000,BTC-USDT,TimeCondition.GTC,1783610796200052020,0.001,0.001,0.0
4194834854,2837957847,1783610796200486831,1783610796200489490,203,order,benchmark,True,0.0,0.0,,,mock,0.0,,1783610796200486831,InstrumentType.Spot,3847191305847374717,OrderType.Limit,Direction.Long,65001.04,619142352,Side.Sell,,OrderStatus.Submitted,65001.04,1653898000,BTC-USDT,TimeCondition.GTC,1783610796200486831,0.001,0.001,0.0
4194834854,2837957847,1783610796200814312,1783610796200817277,203,order,benchmark,True,0.0,0.0,,,mock,0.0,,1783610796200814312,InstrumentType.Spot,3847191305847374718,OrderType.Limit,Direction.Long,65000.85,619144128,Side.Buy,,OrderStatus.Submitted,65000.85,1653898000,BTC-USDT,TimeCondition.GTC,1783610796200814312,0.001,0.001,0.0
4194834854,2837957847,1783610796201102637,1783610796201105788,203,order,benchmark,True,0.0,0.0,,,mock,0.0,,1783610796201102637,InstrumentType.Spot,3847191305847374719,OrderType.Limit,Direction.Long,65001.06,619145904,Side.Sell,,OrderStatus.Submitted,65001.06,1653898000,BTC-USDT,TimeCondition.GTC,1783610796201102637,0.001,0.001,0.0
4194834854,2837957847,1783610796201512682,1783610796201514824,203,order,benchmark,True,0.0,0.0,,,mock,0.0,,1783610796201512682,InstrumentType.Spot,3847191305847374720,OrderType.Limit,Direction.Long,65000.87,619147680,Side.Buy,,OrderStatus.Submitted,65000.87,1653898000,BTC-USDT,TimeCondition.GTC,1783610796201512682,0.001,0.001,0.0
4194834854,2837957847,1783610796201615510,1783610796201617445,203,order,benchmark,True,0.0,0.0,,,mock,0.0,,1783610796201615510,InstrumentType.Spot,3847191305847374721,OrderType.Limit,Direction.Long,65001.08,619149456,Side.Sell,,OrderStatus.Submitted,65001.08,1653898000,BTC-USDT,TimeCondition.GTC,1783610796201615510,0.001,0.001,0.0
4194834854,2837957847,1783610796201917843,1783610796201946803,203,order,benchmark,True,0.0,0.0,,,mock,0.0,,1783610796201917843,InstrumentType.Spot,3847191305847374722,OrderType.Limit,Direction.Long,65000.89,619151232,Side.Buy,,OrderStatus.Submitted,65000.89,1653898000,BTC-USDT,TimeCondition.GTC,1783610796201917843,0.001,0.001,0.0
4194834854,2837957847,1783610796202175496,1783610796202177586,203,order,benchmark,True,0.0,0.0,,,mock,0.0,,1783610796202175496,InstrumentType.Spot,3847191305847374723,OrderType.Limit,Direction.Long,65000.1,619153008,Side.Sell,,OrderStatus.Submitted,65000.1,1653898000,BTC-USDT,TimeCondition.GTC,1783610796202175496,0.001,0.001,0.0
4194834854,2837957847,1783610796202584665,1783610796202587475,203,order,benchmark,True,0.0,0.0,,,mock,0.0,,1783610796202584665,InstrumentType.Spot,3847191305847374724,OrderType.Limit,Direction.Long,64999.91,619154784,Side.Buy,,OrderStatus.Submitted,64999.91,1653898000,BTC-USDT,TimeCondition.GTC,1783610796202584665,0.001,0.001,0.0
4194834854,2837957847,1783610796202787249,1783610796202789226,203,order,benchmark,True,0.0,0.0,,,mock,0.0,,1783610796202787249,InstrumentType.Spot,3847191305847374725,OrderType.Limit,Direction.Long,65000.119999999995,619156560,Side.Sell,,OrderStatus.Submitted,65000.119999999995,1653898000,BTC-USDT,TimeCondition.GTC,1783610796202787249,0.001,0.001,0.0
4194834854,2837957847,1783610796203049163,1783610796203051676,203,order,benchmark,True,0.0,0.0,,,mock,0.0,,1783610796203049163,InstrumentType.Spot,3847191305847374726,OrderType.Limit,Direction.Long,64999.93,619158336,Side.Buy,,OrderStatus.Submitted,64999.93,1653898000,BTC-USDT,TimeCondition.GTC,1783610796203049163,0.001,0.001,0.0
4194834854,2837957847,1783610796203344316,1783610796203346224,203,order,benchmark,True,0.0,0.0,,,mock,0.0,,1783610796203344316,InstrumentType.Spot,3847191305847374727,OrderType.Limit,Direction.Long,65000.14,619160112,Side.Sell,,OrderStatus.Submitted,65000.14,1653898000,BTC-USDT,TimeCondition.GTC,1783610796203344316,0.001,0.001,0.0
4194834854,2837957847,1783610796203645196,1783610796203647304,203,order,benchmark,True,0.0,0.0,,,mock,0.0,,1783610796203645196,InstrumentType.Spot,3847191305847374728,OrderType.Limit,Direction.Long,64999.950000000004,619161888,Side.Buy,,OrderStatus.Submitted,64999.950000000004,1653898000,BTC-USDT,TimeCondition.GTC,1783610796203645196,0.001,0.001,0.0
4194834854,2837957847,1783610796203947715,1783610796203949730,203,order,benchmark,True,0.0,0.0,,,mock,0.0,,1783610796203947715,InstrumentType.Spot,3847191305847374729,OrderType.Limit,Direction.Long,65000.159999999996,619163664,Side.Sell,,OrderStatus.Submitted,65000.159999999996,1653898000,BTC-USDT,TimeCondition.GTC,1783610796203947715,0.001,0.001,0.0
4194834854,2837957847,1783610796204257952,1783610796204260238,203,order,benchmark,True,0.0,0.0,,,mock,0.0,,1783610796204257952,InstrumentType.Spot,3847191305847374730,OrderType.Limit,Direction.Long,64999.97,619165440,Side.Buy,,OrderStatus.Submitted,64999.97,1653898000,BTC-USDT,TimeCondition.GTC,1783610796204257952,0.001,0.001,0.0
4194834854,2837957847,1783610796204690174,1783610796204693713,203,order,benchmark,True,0.0,0.0,,,mock,0.0,,1783610796204690174,InstrumentType.Spot,3847191305847374731,OrderType.Limit,Direction.Long,65000.18,619167216,Side.Sell,,OrderStatus.Submitted,65000.18,1653898000,BTC-USDT,TimeCondition.GTC,1783610796204690174,0.001,0.001,0.0
4194834854,2837957847,1783610796204924566,1783610796204927773,203,order,benchmark,True,0.0,0.0,,,mock,0.0,,1783610796204924566,InstrumentType.Spot,3847191305847374732,OrderType.Limit,Direction.Long,64999.99,619168992,Side.Buy,,OrderStatus.Submitted,64999.99,1653898000,BTC-USDT,TimeCondition.GTC,1783610796204924566,0.001,0.001,0.0
4194834854,2837957847,1783610796205183293,1783610796205185934,203,order,benchmark,True,0.0,0.0,,,mock,0.0,,1783610796205183293,InstrumentType.Spot,3847191305847374733,OrderType.Limit,Direction.Long,65000.2,619170768,Side.Sell,,OrderStatus.Submitted,65000.2,1653898000,BTC-USDT,TimeCondition.GTC,1783610796205183293,0.001,0.001,0.0
4194834854,2837957847,1783610796205557968,1783610796205560559,203,order,benchmark,True,0.0,0.0,,,mock,0.0,,1783610796205557968,InstrumentType.Spot,3847191305847374734,OrderType.Limit,Direction.Long,65000.01,619172544,Side.Buy,,OrderStatus.Submitted,65000.01,1653898000,BTC-USDT,TimeCondition.GTC,1783610796205557968,0.001,0.001,0.0
4194834854,2837957847,1783610796205782165,1783610796205825263,203,order,benchmark,True,0.0,0.0,,,mock,0.0,,1783610796205782165,InstrumentType.Spot,3847191305847374735,OrderType.Limit,Direction.Long,65000.22,619174320,Side.Sell,,OrderStatus.Submitted,65000.22,1653898000,BTC-USDT,TimeCondition.GTC,1783610796205782165,0.001,0.001,0.0
4194834854,2837957847,1783610796206173543,1783610796206177337,203,order,benchmark,True,0.0,0.0,,,mock,0.0,,1783610796206173543,InstrumentType.Spot,3847191305847374736,OrderType.Limit,Direction.Long,65000.03,619176096,Side.Buy,,OrderStatus.Submitted,65000.03,1653898000,BTC-USDT,TimeCondition.GTC,1783610796206173543,0.001,0.001,0.0
4194834854,2837957847,1783610796206421365,1783610796206424272,203,order,benchmark,True,0.0,0.0,,,mock,0.0,,1783610796206421365,InstrumentType.Spot,3847191305847374737,OrderType.Limit,Direction.Long,65000.24,619177872,Side.Sell,,OrderStatus.Submitted,65000.24,1653898000,BTC-USDT,TimeCondition.GTC,1783610796206421365,0.001,0.001,0.0
4194834854,2837957847,1783610796206756895,1783610796206759057,203,order,benchmark,True,0.0,0.0,,,mock,0.0,,1783610796206756895,InstrumentType.Spot,3847191305847374738,OrderType.Limit,Direction.Long,65000.05,619179648,Side.Buy,,OrderStatus.Submitted,65000.05,1653898000,BTC-USDT,TimeCondition.GTC,1783610796206756895,0.001,0.001,0.0
4194834854,2837957847,1783610796207346353,1783610796207349594,203,order,benchmark,True,0.0,0.0,,,mock,0.0,,1783610796207346353,InstrumentType.Spot,3847191305847374739,OrderType.Limit,Direction.Long,65000.26,619181424,Side.Sell,,OrderStatus.Submitted,65000.26,1653898000,BTC-USDT,TimeCondition.GTC,1783610796207346353,0.001,0.001,0.0
4194834854,2837957847,1783610796207364833,1783610796207366267,203,order,benchmark,True,0.0,0.0,,,mock,0.0,,1783610796207364833,InstrumentType.Spot,3847191305847374740,OrderType.Limit,Direction.Long,65000.07,619183168,Side.Buy,,OrderStatus.Submitted,65000.07,1653898000,BTC-USDT,TimeCondition.GTC,1783610796207364833,0.001,0.001,0.0
4194834854,2837957847,1783610796207671640,1783610796207675500,203,order,benchmark,True,0.0,0.0,,,mock,0.0,,1783610796207671640,InstrumentType.Spot,3847191305847374741,OrderType.Limit,Direction.Long,65000.28,619184976,Side.Sell,,OrderStatus.Submitted,65000.28,1653898000,BTC-USDT,TimeCondition.GTC,1783610796207671640,0.001,0.001,0.0
4194834854,2837957847,1783610796207967114,1783610796207969302,203,order,benchmark,True,0.0,0.0,,,mock,0.0,,1783610796207967114,InstrumentType.Spot,3847191305847374742,OrderType.Limit,Direction.Long,65000.090000000004,619186752,Side.Buy,,OrderStatus.Submitted,65000.090000000004,1653898000,BTC-USDT,TimeCondition.GTC,1783610796207967114,0.001,0.001,0.0
4194834854,2837957847,1783610796208131054,1783610796208134160,203,order,benchmark,True,0.0,0.0,,,mock,0.0,,1783610796208131054,InstrumentType.Spot,3847191305847374743,OrderType.Limit,Direction.Long,65000.299999999996,619188528,Side.Sell,,OrderStatus.Submitted,65000.299999999996,1653898000,BTC-USDT,TimeCondition.GTC,1783610796208131054,0.001,0.001,0.0
4194834854,2837957847,1783610796208503654,1783610796208506680,203,order,benchmark,True,0.0,0.0,,,mock,0.0,,1783610796208503654,InstrumentType.Spot,3847191305847374744,OrderType.Limit,Direction.Long,65000.11,619190304,Side.Buy,,OrderStatus.Submitted,65000.11,1653898000,BTC-USDT,TimeCondition.GTC,1783610796208503654,0.001,0.001,0.0
4194834854,2837957847,1783610796208671477,1783610796208674136,203,order,benchmark,True,0.0,0.0,,,mock,0.0,,1783610796208671477,InstrumentType.Spot,3847191305847374745,OrderType.Limit,Direction.Long,65000.32,619192080,Side.Sell,,OrderStatus.Submitted,65000.32,1653898000,BTC-USDT,TimeCondition.GTC,1783610796208671477,0.001,0.001,0.0
4194834854,2837957847,1783610796209069943,1783610796209072443,203,order,benchmark,True,0.0,0.0,,,mock,0.0,,1783610796209069943,InstrumentType.Spot,3847191305847374746,OrderType.Limit,Direction.Long,65000.130000000005,619193856,Side.Buy,,OrderStatus.Submitted,65000.130000000005,1653898000,BTC-USDT,TimeCondition.GTC,1783610796209069943,0.001,0.001,0.0
4194834854,2837957847,1783610796209351742,1783610796209353935,203,order,benchmark,True,0.0,0.0,,,mock,0.0,,1783610796209351742,InstrumentType.Spot,3847191305847374747,OrderType.Limit,Direction.Long,65000.34,619195632,Side.Sell,,OrderStatus.Submitted,65000.34,1653898000,BTC-USDT,TimeCondition.GTC,1783610796209351742,0.001,0.001,0.0
4194834854,2837957847,1783610796209653584,1783610796209667715,203,order,benchmark,True,0.0,0.0,,,mock,0.0,,1783610796209653584,InstrumentType.Spot,3847191305847374748,OrderType.Limit,Direction.Long,65000.15,619197408,Side.Buy,,OrderStatus.Submitted,65000.15,1653898000,BTC-USDT,TimeCondition.GTC,1783610796209653584,0.001,0.001,0.0
4194834854,2837957847,1783610796210279116,1783610796210283507,203,order,benchmark,True,0.0,0.0,,,mock,0.0,,1783610796210279116,InstrumentType.Spot,3847191305847374749,OrderType.Limit,Direction.Long,65000.36,619199184,Side.Sell,,OrderStatus.Submitted,65000.36,1653898000,BTC-USDT,TimeCondition.GTC,1783610796210279116,0.001,0.001,0.0
4194834854,2837957847,1783610796210335341,1783610796210338228,203,order,benchmark,True,0.0,0.0,,,mock,0.0,,1783610796210335341,InstrumentType.Spot,3847191305847374750,OrderType.Limit,Direction.Long,65000.17,619200928,Side.Buy,,OrderStatus.Submitted,65000.17,1653898000,BTC-USDT,TimeCondition.GTC,1783610796210335341,0.001,0.001,0.0
4194834854,2837957847,1783610796210480699,1783610796210483908,203,order,benchmark,True,0.0,0.0,,,mock,0.0,,1783610796210480699,InstrumentType.Spot,3847191305847374751,OrderType.Limit,Direction.Long,65000.38,619202736,Side.Sell,,OrderStatus.Submitted,65000.38,1653898000,BTC-USDT,TimeCondition.GTC,1783610796210480699,0.001,0.001,0.0
4194834854,2837957847,1783610796210794493,1783610796210796815,203,order,benchmark,True,0.0,0.0,,,mock,0.0,,1783610796210794493,InstrumentType.Spot,3847191305847374752,OrderType.Limit,Direction.Long,65000.19,619204512,Side.Buy,,OrderStatus.Submitted,65000.19,1653898000,BTC-USDT,TimeCondition.GTC,1783610796210794493,0.001,0.001,0.0
4194834854,2837957847,1783610796211083111,1783610796211086462,203,order,benchmark,True,0.0,0.0,,,mock,0.0,,1783610796211083111,InstrumentType.Spot,3847191305847374753,OrderType.Limit,Direction.Long,65000.4,619206288,Side.Sell,,OrderStatus.Submitted,65000.4,1653898000,BTC-USDT,TimeCondition.GTC,1783610796211083111,0.001,0.001,0.0
4194834854,2837957847,1783610796211462435,1783610796211464604,203,order,benchmark,True,0.0,0.0,,,mock,0.0,,1783610796211462435,InstrumentType.Spot,3847191305847374754,OrderType.Limit,Direction.Long,65000.21,619208064,Side.Buy,,OrderStatus.Submitted,65000.21,1653898000,BTC-USDT,TimeCondition.GTC,1783610796211462435,0.001,0.001,0.0
4194834854,2837957847,1783610796211760653,1783610796211762975,203,order,benchmark,True,0.0,0.0,,,mock,0.0,,1783610796211760653,InstrumentType.Spot,3847191305847374755,OrderType.Limit,Direction.Long,65000.42,619209840,Side.Sell,,OrderStatus.Submitted,65000.42,1653898000,BTC-USDT,TimeCondition.GTC,1783610796211760653,0.001,0.001,0.0
4194834854,2837957847,1783610796212066677,1783610796212069007,203,order,benchmark,True,0.0,0.0,,,mock,0.0,,1783610796212066677,InstrumentType.Spot,3847191305847374756,OrderType.Limit,Direction.Long,65000.23,619211616,Side.Buy,,OrderStatus.Submitted,65000.23,1653898000,BTC-USDT,TimeCondition.GTC,1783610796212066677,0.001,0.001,0.0
4194834854,2837957847,1783610796212359018,1783610796212361165,203,order,benchmark,True,0.0,0.0,,,mock,0.0,,1783610796212359018,InstrumentType.Spot,3847191305847374757,OrderType.Limit,Direction.Long,65000.439999999995,619213392,Side.Sell,,OrderStatus.Submitted,65000.439999999995,1653898000,BTC-USDT,TimeCondition.GTC,1783610796212359018,0.001,0.001,0.0
4194834854,2837957847,1783610796212664729,1783610796212667101,203,order,benchmark,True,0.0,0.0,,,mock,0.0,,1783610796212664729,InstrumentType.Spot,3847191305847374758,OrderType.Limit,Direction.Long,65000.25,619215168,Side.Buy,,OrderStatus.Submitted,65000.25,1653898000,BTC-USDT,TimeCondition.GTC,1783610796212664729,0.001,0.001,0.0
4194834854,2837957847,1783610796212968914,1783610796212971202,203,order,benchmark,True,0.0,0.0,,,mock,0.0,,1783610796212968914,InstrumentType.Spot,3847191305847374759,OrderType.Limit,Direction.Long,65000.46,619216944,Side.Sell,,OrderStatus.Submitted,65000.46,1653898000,BTC-USDT,TimeCondition.GTC,1783610796212968914,0.001,0.001,0.0
4194834854,2837957847,1783610796213258678,1783610796213260943,203,order,benchmark,True,0.0,0.0,,,mock,0.0,,1783610796213258678,InstrumentType.Spot,3847191305847374760,OrderType.Limit,Direction.Long,65000.270000000004,619218720,Side.Buy,,OrderStatus.Submitted,65000.270000000004,1653898000,BTC-USDT,TimeCondition.GTC,1783610796213258678,0.001,0.001,0.0
4194834854,2837957847,1783610796213555213,1783610796213566947,203,order,benchmark,True,0.0,0.0,,,mock,0.0,,1783610796213555213,InstrumentType.Spot,3847191305847374761,OrderType.Limit,Direction.Long,65000.479999999996,619220496,Side.Sell,,OrderStatus.Submitted,65000.479999999996,1653898000,BTC-USDT,TimeCondition.GTC,1783610796213555213,0.001,0.001,0.0
4194834854,2837957847,1783610796214096344,1783610796214099776,203,order,benchmark,True,0.0,0.0,,,mock,0.0,,1783610796214096344,InstrumentType.Spot,3847191305847374762,OrderType.Limit,Direction.Long,65000.29,619222272,Side.Buy,,OrderStatus.Submitted,65000.29,1653898000,BTC-USDT,TimeCondition.GTC,1783610796214096344,0.001,0.001,0.0
4194834854,2837957847,1783610796214406789,1783610796214408784,203,order,benchmark,True,0.0,0.0,,,mock,0.0,,1783610796214406789,InstrumentType.Spot,3847191305847374763,OrderType.Limit,Direction.Long,65000.5,619224048,Side.Sell,,OrderStatus.Submitted,65000.5,1653898000,BTC-USDT,TimeCondition.GTC,1783610796214406789,0.001,0.001,0.0
4194834854,2837957847,1783610796214425255,1783610796214426765,203,order,benchmark,True,0.0,0.0,,,mock,0.0,,1783610796214425255,InstrumentType.Spot,3847191305847374764,OrderType.Limit,Direction.Long,65000.310000000005,619225792,Side.Buy,,OrderStatus.Submitted,65000.310000000005,1653898000,BTC-USDT,TimeCondition.GTC,1783610796214425255,0.001,0.001,0.0
4194834854,2837957847,1783610796214788861,1783610796214791229,203,order,benchmark,True,0.0,0.0,,,mock,0.0,,1783610796214788861,InstrumentType.Spot,3847191305847374765,OrderType.Limit,Direction.Long,65000.52,619227600,Side.Sell,,OrderStatus.Submitted,65000.52,1653898000,BTC-USDT,TimeCondition.GTC,1783610796214788861,0.001,0.001,0.0
4194834854,2837957847,1783610796215062470,1783610796215064582,203,order,benchmark,True,0.0,0.0,,,mock,0.0,,1783610796215062470,InstrumentType.Spot,3847191305847374766,OrderType.Limit,Direction.Long,65000.33,619229376,Side.Buy,,OrderStatus.Submitted,65000.33,1653898000,BTC-USDT,TimeCondition.GTC,1783610796215062470,0.001,0.001,0.0
4194834854,2837957847,1783610796215351701,1783610796215354056,203,order,benchmark,True,0.0,0.0,,,mock,0.0,,1783610796215351701,InstrumentType.Spot,3847191305847374767,OrderType.Limit,Direction.Long,65000.54,619231152,Side.Sell,,OrderStatus.Submitted,65000.54,1653898000,BTC-USDT,TimeCondition.GTC,1783610796215351701,0.001,0.001,0.0
4194834854,2837957847,1783610796215660235,1783610796215662258,203,order,benchmark,True,0.0,0.0,,,mock,0.0,,1783610796215660235,InstrumentType.Spot,3847191305847374768,OrderType.Limit,Direction.Long,65000.35,619232928,Side.Buy,,OrderStatus.Submitted,65000.35,1653898000,BTC-USDT,TimeCondition.GTC,1783610796215660235,0.001,0.001,0.0
4194834854,2837957847,1783610796215952367,1783610796215954319,203,order,benchmark,True,0.0,0.0,,,mock,0.0,,1783610796215952367,InstrumentType.Spot,3847191305847374769,OrderType.Limit,Direction.Long,65000.56,619234704,Side.Sell,,OrderStatus.Submitted,65000.56,1653898000,BTC-USDT,TimeCondition.GTC,1783610796215952367,0.001,0.001,0.0
4194834854,2837957847,1783610796216252551,1783610796216254885,203,order,benchmark,True,0.0,0.0,,,mock,0.0,,1783610796216252551,InstrumentType.Spot,3847191305847374770,OrderType.Limit,Direction.Long,65000.37,619236480,Side.Buy,,OrderStatus.Submitted,65000.37,1653898000,BTC-USDT,TimeCondition.GTC,1783610796216252551,0.001,0.001,0.0
4194834854,2837957847,1783610796216761879,1783610796216766965,203,order,benchmark,True,0.0,0.0,,,mock,0.0,,1783610796216761879,InstrumentType.Spot,3847191305847374771,OrderType.Limit,Direction.Long,65000.58,619238256,Side.Sell,,OrderStatus.Submitted,65000.58,1653898000,BTC-USDT,TimeCondition.GTC,1783610796216761879,0.001,0.001,0.0
4194834854,2837957847,1783610796217093283,1783610796217097335,203,order,benchmark,True,0.0,0.0,,,mock,0.0,,1783610796217093283,InstrumentType.Spot,3847191305847374772,OrderType.Limit,Direction.Long,65000.39,619240032,Side.Buy,,OrderStatus.Submitted,65000.39,1653898000,BTC-USDT,TimeCondition.GTC,1783610796217093283,0.001,0.001,0.0
4194834854,2837957847,1783610796217492713,1783610796217494938,203,order,benchmark,True,0.0,0.0,,,mock,0.0,,1783610796217492713,InstrumentType.Spot,3847191305847374773,OrderType.Limit,Direction.Long,65000.6,619241808,Side.Sell,,OrderStatus.Submitted,65000.6,1653898000,BTC-USDT,TimeCondition.GTC,1783610796217492713,0.001,0.001,0.0
4194834854,2837957847,1783610796217511897,1783610796217513291,203,order,benchmark,True,0.0,0.0,,,mock,0.0,,1783610796217511897,InstrumentType.Spot,3847191305847374774,OrderType.Limit,Direction.Long,65000.41,619243552,Side.Buy,,OrderStatus.Submitted,65000.41,1653898000,BTC-USDT,TimeCondition.GTC,1783610796217511897,0.001,0.001,0.0
4194834854,2837957847,1783610796217889110,1783610796217909195,203,order,benchmark,True,0.0,0.0,,,mock,0.0,,1783610796217889110,InstrumentType.Spot,3847191305847374775,OrderType.Limit,Direction.Long,65000.619999999995,619245360,Side.Sell,,OrderStatus.Submitted,65000.619999999995,1653898000,BTC-USDT,TimeCondition.GTC,1783610796217889110,0.001,0.001,0.0
4194834854,2837957847,1783610796218198071,1783610796218200913,203,order,benchmark,True,0.0,0.0,,,mock,0.0,,1783610796218198071,InstrumentType.Spot,3847191305847374776,OrderType.Limit,Direction.Long,65000.43,619247136,Side.Buy,,OrderStatus.Submitted,65000.43,1653898000,BTC-USDT,TimeCondition.GTC,1783610796218198071,0.001,0.001,0.0
4194834854,2837957847,1783610796218367226,1783610796218369385,203,order,benchmark,True,0.0,0.0,,,mock,0.0,,1783610796218367226,InstrumentType.Spot,3847191305847374777,OrderType.Limit,Direction.Long,65000.64,619248912,Side.Sell,,OrderStatus.Submitted,65000.64,1653898000,BTC-USDT,TimeCondition.GTC,1783610796218367226,0.001,0.001,0.0
4194834854,2837957847,1783610796218577234,1783610796218580039,203,order,benchmark,True,0.0,0.0,,,mock,0.0,,1783610796218577234,InstrumentType.Spot,3847191305847374778,OrderType.Limit,Direction.Long,65000.450000000004,619250688,Side.Buy,,OrderStatus.Submitted,65000.450000000004,1653898000,BTC-USDT,TimeCondition.GTC,1783610796218577234,0.001,0.001,0.0
4194834854,2837957847,1783610796218950750,1783610796218953178,203,order,benchmark,True,0.0,0.0,,,mock,0.0,,1783610796218950750,InstrumentType.Spot,3847191305847374779,OrderType.Limit,Direction.Long,65000.659999999996,619252464,Side.Sell,,OrderStatus.Submitted,65000.659999999996,1653898000,BTC-USDT,TimeCondition.GTC,1783610796218950750,0.001,0.001,0.0
4194834854,2837957847,1783610796219246751,1783610796219248905,203,order,benchmark,True,0.0,0.0,,,mock,0.0,,1783610796219246751,InstrumentType.Spot,3847191305847374780,OrderType.Limit,Direction.Long,65000.47,619254240,Side.Buy,,OrderStatus.Submitted,65000.47,1653898000,BTC-USDT,TimeCondition.GTC,1783610796219246751,0.001,0.001,0.0
4194834854,2837957847,1783610796219539903,1783610796219541816,203,order,benchmark,True,0.0,0.0,,,mock,0.0,,1783610796219539903,InstrumentType.Spot,3847191305847374781,OrderType.Limit,Direction.Long,65000.68,619256016,Side.Sell,,OrderStatus.Submitted,65000.68,1653898000,BTC-USDT,TimeCondition.GTC,1783610796219539903,0.001,0.001,0.0
4194834854,2837957847,1783610796219840705,1783610796219842780,203,order,benchmark,True,0.0,0.0,,,mock,0.0,,1783610796219840705,InstrumentType.Spot,3847191305847374782,OrderType.Limit,Direction.Long,65000.49,619257792,Side.Buy,,OrderStatus.Submitted,65000.49,1653898000,BTC-USDT,TimeCondition.GTC,1783610796219840705,0.001,0.001,0.0
4194834854,2837957847,1783610796220144621,1783610796220146668,203,order,benchmark,True,0.0,0.0,,,mock,0.0,,1783610796220144621,InstrumentType.Spot,3847191305847374783,OrderType.Limit,Direction.Long,65000.7,619259568,Side.Sell,,OrderStatus.Submitted,65000.7,1653898000,BTC-USDT,TimeCondition.GTC,1783610796220144621,0.001,0.001,0.0
4194834854,2837957847,1783610796220438352,1783610796220440127,203,order,benchmark,True,0.0,0.0,,,mock,0.0,,1783610796220438352,InstrumentType.Spot,3847191305847374784,OrderType.Limit,Direction.Long,65000.51,619261344,Side.Buy,,OrderStatus.Submitted,65000.51,1653898000,BTC-USDT,TimeCondition.GTC,1783610796220438352,0.001,0.001,0.0
4194834854,2837957847,1783610796220739626,1783610796220741671,203,order,benchmark,True,0.0,0.0,,,mock,0.0,,1783610796220739626,InstrumentType.Spot,3847191305847374785,OrderType.Limit,Direction.Long,65000.72,619263120,Side.Sell,,OrderStatus.Submitted,65000.72,1653898000,BTC-USDT,TimeCondition.GTC,1783610796220739626,0.001,0.001,0.0
4194834854,2837957847,1783610796221044966,1783610796221046992,203,order,benchmark,True,0.0,0.0,,,mock,0.0,,1783610796221044966,InstrumentType.Spot,3847191305847374786,OrderType.Limit,Direction.Long,65000.53,619264896,Side.Buy,,OrderStatus.Submitted,65000.53,1653898000,BTC-USDT,TimeCondition.GTC,1783610796221044966,0.001,0.001,0.0
4194834854,2837957847,1783610796221344877,1783610796221346911,203,order,benchmark,True,0.0,0.0,,,mock,0.0,,1783610796221344877,InstrumentType.Spot,3847191305847374787,OrderType.Limit,Direction.Long,65000.74,619266672,Side.Sell,,OrderStatus.Submitted,65000.74,1653898000,BTC-USDT,TimeCondition.GTC,1783610796221344877,0.001,0.001,0.0
4194834854,2837957847,1783610796221760591,1783610796221770977,203,order,benchmark,True,0.0,0.0,,,mock,0.0,,1783610796221760591,InstrumentType.Spot,3847191305847374788,OrderType.Limit,Direction.Long,65000.55,619268448,Side.Buy,,OrderStatus.Submitted,65000.55,1653898000,BTC-USDT,TimeCondition.GTC,1783610796221760591,0.001,0.001,0.0
4194834854,2837957847,1783610796221993235,1783610796221999885,203,order,benchmark,True,0.0,0.0,,,mock,0.0,,1783610796221993235,InstrumentType.Spot,3847191305847374789,OrderType.Limit,Direction.Long,65000.76,619270224,Side.Sell,,OrderStatus.Submitted,65000.76,1653898000,BTC-USDT,TimeCondition.GTC,1783610796221993235,0.001,0.001,0.0
4194834854,2837957847,1783610796222244683,1783610796222246735,203,order,benchmark,True,0.0,0.0,,,mock,0.0,,1783610796222244683,InstrumentType.Spot,3847191305847374790,OrderType.Limit,Direction.Long,65000.57,619272000,Side.Buy,,OrderStatus.Submitted,65000.57,1653898000,BTC-USDT,TimeCondition.GTC,1783610796222244683,0.001,0.001,0.0
4194834854,2837957847,1783610796222545452,1783610796222547539,203,order,benchmark,True,0.0,0.0,,,mock,0.0,,1783610796222545452,InstrumentType.Spot,3847191305847374791,OrderType.Limit,Direction.Long,65000.78,619273776,Side.Sell,,OrderStatus.Submitted,65000.78,1653898000,BTC-USDT,TimeCondition.GTC,1783610796222545452,0.001,0.001,0.0
4194834854,2837957847,1783610796222846609,1783610796222848617,203,order,benchmark,True,0.0,0.0,,,mock,0.0,,1783610796222846609,InstrumentType.Spot,3847191305847374792,OrderType.Limit,Direction.Long,65000.590000000004,619275552,Side.Buy,,OrderStatus.Submitted,65000.590000000004,1653898000,BTC-USDT,TimeCondition.GTC,1783610796222846609,0.001,0.001,0.0
4194834854,2837957847,1783610796223144782,1783610796223146768,203,order,benchmark,True,0.0,0.0,,,mock,0.0,,1783610796223144782,InstrumentType.Spot,3847191305847374793,OrderType.Limit,Direction.Long,65000.799999999996,619277328,Side.Sell,,OrderStatus.Submitted,65000.799999999996,1653898000,BTC-USDT,TimeCondition.GTC,1783610796223144782,0.001,0.001,0.0
4194834854,2837957847,1783610796223440725,1783610796223442532,203,order,benchmark,True,0.0,0.0,,,mock,0.0,,1783610796223440725,InstrumentType.Spot,3847191305847374794,OrderType.Limit,Direction.Long,65000.61,619279104,Side.Buy,,OrderStatus.Submitted,65000.61,1653898000,BTC-USDT,TimeCondition.GTC,1783610796223440725,0.001,0.001,0.0
4194834854,2837957847,1783610796223741825,1783610796223743733,203,order,benchmark,True,0.0,0.0,,,mock,0.0,,1783610796223741825,InstrumentType.Spot,3847191305847374795,OrderType.Limit,Direction.Long,65000.82,619280880,Side.Sell,,OrderStatus.Submitted,65000.82,1653898000,BTC-USDT,TimeCondition.GTC,1783610796223741825,0.001,0.001,0.0
4194834854,2837957847,1783610796224054356,1783610796224056505,203,order,benchmark,True,0.0,0.0,,,mock,0.0,,1783610796224054356,InstrumentType.Spot,3847191305847374796,OrderType.Limit,Direction.Long,65000.630000000005,619282656,Side.Buy,,OrderStatus.Submitted,65000.630000000005,1653898000,BTC-USDT,TimeCondition.GTC,1783610796224054356,0.001,0.001,0.0
4194834854,2837957847,1783610796224351635,1783610796224353687,203,order,benchmark,True,0.0,0.0,,,mock,0.0,,1783610796224351635,InstrumentType.Spot,3847191305847374797,OrderType.Limit,Direction.Long,65000.84,619084624,Side.Sell,,OrderStatus.Submitted,65000.84,1653898000,BTC-USDT,TimeCondition.GTC,1783610796224351635,0.001,0.001,0.0
4194834854,2837957847,1783610796224640389,1783610796224642235,203,order,benchmark,True,0.0,0.0,,,mock,0.0,,1783610796224640389,InstrumentType.Spot,3847191305847374798,OrderType.Limit,Direction.Long,65000.65,619086400,Side.Buy,,OrderStatus.Submitted,65000.65,1653898000,BTC-USDT,TimeCondition.GTC,1783610796224640389,0.001,0.001,0.0
4194834854,2837957847,1783610796224944112,1783610796224946183,203,order,benchmark,True,0.0,0.0,,,mock,0.0,,1783610796224944112,InstrumentType.Spot,3847191305847374799,OrderType.Limit,Direction.Long,65000.86,619088176,Side.Sell,,OrderStatus.Submitted,65000.86,1653898000,BTC-USDT,TimeCondition.GTC,1783610796224944112,0.001,0.001,0.0
4194834854,2837957847,1783610796225246110,1783610796225248070,203,order,benchmark,True,0.0,0.0,,,mock,0.0,,1783610796225246110,InstrumentType.Spot,3847191305847374800,OrderType.Limit,Direction.Long,65000.67,619089952,Side.Buy,,OrderStatus.Submitted,65000.67,1653898000,BTC-USDT,TimeCondition.GTC,1783610796225246110,0.001,0.001,0.0
4194834854,2837957847,1783610796225543345,1783610796225552384,203,order,benchmark,True,0.0,0.0,,,mock,0.0,,1783610796225543345,InstrumentType.Spot,3847191305847374801,OrderType.Limit,Direction.Long,65000.88,619091728,Side.Sell,,OrderStatus.Submitted,65000.88,1653898000,BTC-USDT,TimeCondition.GTC,1783610796225543345,0.001,0.001,0.0
4194834854,2837957847,1783610796225841270,1783610796225843159,203,order,benchmark,True,0.0,0.0,,,mock,0.0,,1783610796225841270,InstrumentType.Spot,3847191305847374802,OrderType.Limit,Direction.Long,65000.69,619294336,Side.Buy,,OrderStatus.Submitted,65000.69,1653898000,BTC-USDT,TimeCondition.GTC,1783610796225841270,0.001,0.001,0.0
4194834854,2837957847,1783610796226144040,1783610796226146175,203,order,benchmark,True,0.0,0.0,,,mock,0.0,,1783610796226144040,InstrumentType.Spot,3847191305847374803,OrderType.Limit,Direction.Long,65000.9,619296112,Side.Sell,,OrderStatus.Submitted,65000.9,1653898000,BTC-USDT,TimeCondition.GTC,1783610796226144040,0.001,0.001,0.0
4194834854,2837957847,1783610796226441814,1783610796226443656,203,order,benchmark,True,0.0,0.0,,,mock,0.0,,1783610796226441814,InstrumentType.Spot,3847191305847374804,OrderType.Limit,Direction.Long,65000.71,619297888,Side.Buy,,OrderStatus.Submitted,65000.71,1653898000,BTC-USDT,TimeCondition.GTC,1783610796226441814,0.001,0.001,0.0
4194834854,2837957847,1783610796226740059,1783610796226741906,203,order,benchmark,True,0.0,0.0,,,mock,0.0,,1783610796226740059,InstrumentType.Spot,3847191305847374805,OrderType.Limit,Direction.Long,65000.92,619299664,Side.Sell,,OrderStatus.Submitted,65000.92,1653898000,BTC-USDT,TimeCondition.GTC,1783610796226740059,0.001,0.001,0.0
4194834854,2837957847,1783610796227052302,1783610796227054456,203,order,benchmark,True,0.0,0.0,,,mock,0.0,,1783610796227052302,InstrumentType.Spot,3847191305847374806,OrderType.Limit,Direction.Long,65000.73,619301440,Side.Buy,,OrderStatus.Submitted,65000.73,1653898000,BTC-USDT,TimeCondition.GTC,1783610796227052302,0.001,0.001,0.0
4194834854,2837957847,1783610796227349780,1783610796227351770,203,order,benchmark,True,0.0,0.0,,,mock,0.0,,1783610796227349780,InstrumentType.Spot,3847191305847374807,OrderType.Limit,Direction.Long,65000.939999999995,619303216,Side.Sell,,OrderStatus.Submitted,65000.939999999995,1653898000,BTC-USDT,TimeCondition.GTC,1783610796227349780,0.001,0.001,0.0
4194834854,2837957847,1783610796227641683,1783610796227643782,203,order,benchmark,True,0.0,0.0,,,mock,0.0,,1783610796227641683,InstrumentType.Spot,3847191305847374808,OrderType.Limit,Direction.Long,65000.75,619304992,Side.Buy,,OrderStatus.Submitted,65000.75,1653898000,BTC-USDT,TimeCondition.GTC,1783610796227641683,0.001,0.001,0.0
4194834854,2837957847,1783610796227944860,1783610796227946924,203,order,benchmark,True,0.0,0.0,,,mock,0.0,,1783610796227944860,InstrumentType.Spot,3847191305847374809,OrderType.Limit,Direction.Long,65000.96,619306768,Side.Sell,,OrderStatus.Submitted,65000.96,1653898000,BTC-USDT,TimeCondition.GTC,1783610796227944860,0.001,0.001,0.0
4194834854,2837957847,1783610796228243032,1783610796228244910,203,order,benchmark,True,0.0,0.0,,,mock,0.0,,1783610796228243032,InstrumentType.Spot,3847191305847374810,OrderType.Limit,Direction.Long,65000.770000000004,619308544,Side.Buy,,OrderStatus.Submitted,65000.770000000004,1653898000,BTC-USDT,TimeCondition.GTC,1783610796228243032,0.001,0.001,0.0
4194834854,2837957847,1783610796228658184,1783610796228660226,203,order,benchmark,True,0.0,0.0,,,mock,0.0,,1783610796228658184,InstrumentType.Spot,3847191305847374811,OrderType.Limit,Direction.Long,65000.979999999996,619310320,Side.Sell,,OrderStatus.Submitted,65000.979999999996,1653898000,BTC-USDT,TimeCondition.GTC,1783610796228658184,0.001,0.001,0.0
4194834854,2837957847,1783610796229116694,1783610796229119174,203,order,benchmark,True,0.0,0.0,,,mock,0.0,,1783610796229116694,InstrumentType.Spot,3847191305847374812,OrderType.Limit,Direction.Long,65000.79,619312096,Side.Buy,,OrderStatus.Submitted,65000.79,1653898000,BTC-USDT,TimeCondition.GTC,1783610796229116694,0.001,0.001,0.0
4194834854,2837957847,1783610796229132622,1783610796229134022,203,order,benchmark,True,0.0,0.0,,,mock,0.0,,1783610796229132622,InstrumentType.Spot,3847191305847374813,OrderType.Limit,Direction.Long,65001.0,619313840,Side.Sell,,OrderStatus.Submitted,65001.0,1653898000,BTC-USDT,TimeCondition.GTC,1783610796229132622,0.001,0.001,0.0
4194834854,2837957847,1783610796229408268,1783610796229436513,203,order,benchmark,True,0.0,0.0,,,mock,0.0,,1783610796229408268,InstrumentType.Spot,3847191305847374814,OrderType.Limit,Direction.Long,65000.810000000005,619315648,Side.Buy,,OrderStatus.Submitted,65000.810000000005,1653898000,BTC-USDT,TimeCondition.GTC,1783610796229408268,0.001,0.001,0.0
4194834854,2837957847,1783610796230024147,1783610796230027947,203,order,benchmark,True,0.0,0.0,,,mock,0.0,,1783610796230024147,InstrumentType.Spot,3847191305847374815,OrderType.Limit,Direction.Long,65001.02,619317424,Side.Sell,,OrderStatus.Submitted,65001.02,1653898000,BTC-USDT,TimeCondition.GTC,1783610796230024147,0.001,0.001,0.0
4194834854,2837957847,1783610796230050281,1783610796230052794,203,order,benchmark,True,0.0,0.0,,,mock,0.0,,1783610796230050281,InstrumentType.Spot,3847191305847374816,OrderType.Limit,Direction.Long,65000.83,619319200,Side.Buy,,OrderStatus.Submitted,65000.83,1653898000,BTC-USDT,TimeCondition.GTC,1783610796230050281,0.001,0.001,0.0
4194834854,2837957847,1783610796230568675,1783610796230571358,203,order,benchmark,True,0.0,0.0,,,mock,0.0,,1783610796230568675,InstrumentType.Spot,3847191305847374817,OrderType.Limit,Direction.Long,65001.04,619320976,Side.Sell,,OrderStatus.Submitted,65001.04,1653898000,BTC-USDT,TimeCondition.GTC,1783610796230568675,0.001,0.001,0.0
4194834854,2837957847,1783610796230595897,1783610796230598348,203,order,benchmark,True,0.0,0.0,,,mock,0.0,,1783610796230595897,InstrumentType.Spot,3847191305847374818,OrderType.Limit,Direction.Long,65000.85,619322752,Side.Buy,,OrderStatus.Submitted,65000.85,1653898000,BTC-USDT,TimeCondition.GTC,1783610796230595897,0.001,0.001,0.0
4194834854,2837957847,1783610796231106607,1783610796231109616,203,order,benchmark,True,0.0,0.0,,,mock,0.0,,1783610796231106607,InstrumentType.Spot,3847191305847374819,OrderType.Limit,Direction.Long,65001.06,619324528,Side.Sell,,OrderStatus.Submitted,65001.06,1653898000,BTC-USDT,TimeCondition.GTC,1783610796231106607,0.001,0.001,0.0
4194834854,2837957847,1783610796231317665,1783610796231320169,203,order,benchmark,True,0.0,0.0,,,mock,0.0,,1783610796231317665,InstrumentType.Spot,3847191305847374820,OrderType.Limit,Direction.Long,65000.87,619326304,Side.Buy,,OrderStatus.Submitted,65000.87,1653898000,BTC-USDT,TimeCondition.GTC,1783610796231317665,0.001,0.001,0.0
4194834854,2837957847,1783610796231542913,1783610796231544758,203,order,benchmark,True,0.0,0.0,,,mock,0.0,,1783610796231542913,InstrumentType.Spot,3847191305847374821,OrderType.Limit,Direction.Long,65001.08,619328080,Side.Sell,,OrderStatus.Submitted,65001.08,1653898000,BTC-USDT,TimeCondition.GTC,1783610796231542913,0.001,0.001,0.0
4194834854,2837957847,1783610796231844810,1783610796231846907,203,order,benchmark,True,0.0,0.0,,,mock,0.0,,1783610796231844810,InstrumentType.Spot,3847191305847374822,OrderType.Limit,Direction.Long,65000.89,619329856,Side.Buy,,OrderStatus.Submitted,65000.89,1653898000,BTC-USDT,TimeCondition.GTC,1783610796231844810,0.001,0.001,0.0
4194834854,2837957847,1783610796232144316,1783610796232146322,203,order,benchmark,True,0.0,0.0,,,mock,0.0,,1783610796232144316,InstrumentType.Spot,3847191305847374823,OrderType.Limit,Direction.Long,65000.1,619331632,Side.Sell,,OrderStatus.Submitted,65000.1,1653898000,BTC-USDT,TimeCondition.GTC,1783610796232144316,0.001,0.001,0.0
