source,dest,trigger_time,gen_time,msg_type,msg_name,data.account_id,data.exchange_id,data.instrument_type,data.order_id,data.order_type,data.position_side,data.price,data.raw_address,data.reduce_only,data.side,data.source_id,data.stop_price,data.strategy_id,data.symbol,data.time_condition,data.volume
2837957847,4194834854,0,1783610628693885257,201,order_input,benchmark,mock,InstrumentType.Spot,6947440129078263808,OrderType.Limit,Direction.Long,64999.91,275080000,False,Side.Buy,,64999.91,1653898000,BTC-USDT,TimeCondition.GTC,0.001
2837957847,4194834854,0,1783610628693974117,201,order_input,benchmark,mock,InstrumentType.Spot,6947440129078263809,OrderType.Limit,Direction.Long,65000.119999999995,275080352,False,Side.Sell,,65000.119999999995,1653898000,BTC-USDT,TimeCondition.GTC,0.001
2837957847,4194834854,0,1783610628694033478,201,order_input,benchmark,mock,InstrumentType.Spot,6947440129078263810,OrderType.Limit,Direction.Long,64999.93,275081648,False,Side.Buy,,64999.93,1653898000,BTC-USDT,TimeCondition.GTC,0.001
2837957847,4194834854,0,1783610628694069111,201,order_input,benchmark,mock,InstrumentType.Spot,6947440129078263811,OrderType.Limit,Direction.Long,65000.14,275083040,False,Side.Sell,,65000.14,1653898000,BTC-USDT,TimeCondition.GTC,0.001
2837957847,4194834854,0,1783610628694096944,201,order_input,benchmark,mock,InstrumentType.Spot,6947440129078263812,OrderType.Limit,Direction.Long,64999.950000000004,275084576,False,Side.Buy,,64999.950000000004,1653898000,BTC-USDT,TimeCondition.GTC,0.001
2837957847,4194834854,0,1783610628694126444,201,order_input,benchmark,mock,InstrumentType.Spot,6947440129078263813,OrderType.Limit,Direction.Long,65000.159999999996,275086112,False,Side.Sell,,65000.159999999996,1653898000,BTC-USDT,TimeCondition.GTC,0.001
2837957847,4194834854,0,1783610628694153268,201,order_input,benchmark,mock,InstrumentType.Spot,6947440129078263814,OrderType.Limit,Direction.Long,64999.97,275087680,False,Side.Buy,,64999.97,1653898000,BTC-USDT,TimeCondition.GTC,0.001
2837957847,4194834854,0,1783610628694181278,201,order_input,benchmark,mock,InstrumentType.Spot,6947440129078263815,OrderType.Limit,Direction.Long,65000.18,275089216,False,Side.Sell,,65000.18,1653898000,BTC-USDT,TimeCondition.GTC,0.001
2837957847,4194834854,0,1783610628694208904,201,order_input,benchmark,mock,InstrumentType.Spot,6947440129078263816,OrderType.Limit,Direction.Long,64999.99,275090720,False,Side.Buy,,64999.99,1653898000,BTC-USDT,TimeCondition.GTC,0.001
2837957847,4194834854,0,1783610628694749367,201,order_input,benchmark,mock,InstrumentType.Spot,6947440129078263817,OrderType.Limit,Direction.Long,65000.2,275092288,False,Side.Sell,,65000.2,1653898000,BTC-USDT,TimeCondition.GTC,0.001
2837957847,4194834854,0,1783610628694783676,201,order_input,benchmark,mock,InstrumentType.Spot,6947440129078263818,OrderType.Limit,Direction.Long,65000.01,275093792,False,Side.Buy,,65000.01,1653898000,BTC-USDT,TimeCondition.GTC,0.001
2837957847,4194834854,0,1783610628695128895,201,order_input,benchmark,mock,InstrumentType.Spot,6947440129078263819,OrderType.Limit,Direction.Long,65000.22,275095360,False,Side.Sell,,65000.22,1653898000,BTC-USDT,TimeCondition.GTC,0.001
2837957847,4194834854,0,1783610628695368040,201,order_input,benchmark,mock,InstrumentType.Spot,6947440129078263820,OrderType.Limit,Direction.Long,65000.03,275096896,False,Side.Buy,,65000.03,1653898000,BTC-USDT,TimeCondition.GTC,0.001
2837957847,4194834854,0,1783610628695738087,201,order_input,benchmark,mock,InstrumentType.Spot,6947440129078263821,OrderType.Limit,Direction.Long,65000.24,275098432,False,Side.Sell,,65000.24,1653898000,BTC-USDT,TimeCondition.GTC,0.001
2837957847,4194834854,0,1783610628695955083,201,order_input,benchmark,mock,InstrumentType.Spot,6947440129078263822,OrderType.Limit,Direction.Long,65000.05,275099968,False,Side.Buy,,65000.05,1653898000,BTC-USDT,TimeCondition.GTC,0.001
2837957847,4194834854,0,1783610628696338075,201,order_input,benchmark,mock,InstrumentType.Spot,6947440129078263823,OrderType.Limit,Direction.Long,65000.26,275101504,False,Side.Sell,,65000.26,1653898000,BTC-USDT,TimeCondition.GTC,0.001
2837957847,4194834854,0,1783610628696590526,201,order_input,benchmark,mock,InstrumentType.Spot,6947440129078263824,OrderType.Limit,Direction.Long,65000.07,275103040,False,Side.Buy,,65000.07,1653898000,BTC-USDT,TimeCondition.GTC,0.001
2837957847,4194834854,0,1783610628696899293,201,order_input,benchmark,mock,InstrumentType.Spot,6947440129078263825,OrderType.Limit,Direction.Long,65000.28,275104576,False,Side.Sell,,65000.28,1653898000,BTC-USDT,TimeCondition.GTC,0.001
2837957847,4194834854,0,1783610628697267570,201,order_input,benchmark,mock,InstrumentType.Spot,6947440129078263826,OrderType.Limit,Direction.Long,65000.090000000004,273513904,False,Side.Buy,,65000.090000000004,1653898000,BTC-USDT,TimeCondition.GTC,0.001
2837957847,4194834854,0,1783610628697602208,201,order_input,benchmark,mock,InstrumentType.Spot,6947440129078263827,OrderType.Limit,Direction.Long,65000.299999999996,273515440,False,Side.Sell,,65000.299999999996,1653898000,BTC-USDT,TimeCondition.GTC,0.001
2837957847,4194834854,0,1783610628697857667,201,order_input,benchmark,mock,InstrumentType.Spot,6947440129078263828,OrderType.Limit,Direction.Long,65000.11,273516976,False,Side.Buy,,65000.11,1653898000,BTC-USDT,TimeCondition.GTC,0.001
2837957847,4194834854,0,1783610628698127150,201,order_input,benchmark,mock,InstrumentType.Spot,6947440129078263829,OrderType.Limit,Direction.Long,65000.32,273518512,False,Side.Sell,,65000.32,1653898000,BTC-USDT,TimeCondition.GTC,0.001
2837957847,4194834854,0,1783610628698390241,201,order_input,benchmark,mock,InstrumentType.Spot,6947440129078263830,OrderType.Limit,Direction.Long,65000.130000000005,273520048,False,Side.Buy,,65000.130000000005,1653898000,BTC-USDT,TimeCondition.GTC,0.001
2837957847,4194834854,0,1783610628698809867,201,order_input,benchmark,mock,InstrumentType.Spot,6947440129078263831,OrderType.Limit,Direction.Long,65000.34,273521584,False,Side.Sell,,65000.34,1653898000,BTC-USDT,TimeCondition.GTC,0.001
2837957847,4194834854,0,1783610628698978634,201,order_input,benchmark,mock,InstrumentType.Spot,6947440129078263832,OrderType.Limit,Direction.Long,65000.15,273523120,False,Side.Buy,,65000.15,1653898000,BTC-USDT,TimeCondition.GTC,0.001
2837957847,4194834854,0,1783610628699351510,201,order_input,benchmark,mock,InstrumentType.Spot,6947440129078263833,OrderType.Limit,Direction.Long,65000.36,273524656,False,Side.Sell,,65000.36,1653898000,BTC-USDT,TimeCondition.GTC,0.001
2837957847,4194834854,0,1783610628699589736,201,order_input,benchmark,mock,InstrumentType.Spot,6947440129078263834,OrderType.Limit,Direction.Long,65000.17,273526192,False,Side.Buy,,65000.17,1653898000,BTC-USDT,TimeCondition.GTC,0.001
2837957847,4194834854,0,1783610628699879291,201,order_input,benchmark,mock,InstrumentType.Spot,6947440129078263835,OrderType.Limit,Direction.Long,65000.38,273527728,False,Side.Sell,,65000.38,1653898000,BTC-USDT,TimeCondition.GTC,0.001
2837957847,4194834854,0,1783610628700278586,201,order_input,benchmark,mock,InstrumentType.Spot,6947440129078263836,OrderType.Limit,Direction.Long,65000.19,273529264,False,Side.Buy,,65000.19,1653898000,BTC-USDT,TimeCondition.GTC,0.001
2837957847,4194834854,0,1783610628700499598,201,order_input,benchmark,mock,InstrumentType.Spot,6947440129078263837,OrderType.Limit,Direction.Long,65000.4,273530800,False,Side.Sell,,65000.4,1653898000,BTC-USDT,TimeCondition.GTC,0.001
2837957847,4194834854,0,1783610628700859036,201,order_input,benchmark,mock,InstrumentType.Spot,6947440129078263838,OrderType.Limit,Direction.Long,65000.21,273532336,False,Side.Buy,,65000.21,1653898000,BTC-USDT,TimeCondition.GTC,0.001
2837957847,4194834854,0,1783610628701149325,201,order_input,benchmark,mock,InstrumentType.Spot,6947440129078263839,OrderType.Limit,Direction.Long,65000.42,273533872,False,Side.Sell,,65000.42,1653898000,BTC-USDT,TimeCondition.GTC,0.001
2837957847,4194834854,0,1783610628701392302,201,order_input,benchmark,mock,InstrumentType.Spot,6947440129078263840,OrderType.Limit,Direction.Long,65000.23,273535408,False,Side.Buy,,65000.23,1653898000,BTC-USDT,TimeCondition.GTC,0.001
2837957847,4194834854,0,1783610628701659183,201,order_input,benchmark,mock,InstrumentType.Spot,6947440129078263841,OrderType.Limit,Direction.Long,65000.439999999995,273536944,False,Side.Sell,,65000.439999999995,1653898000,BTC-USDT,TimeCondition.GTC,0.001
2837957847,4194834854,0,1783610628702249285,201,order_input,benchmark,mock,InstrumentType.Spot,6947440129078263842,OrderType.Limit,Direction.Long,65000.25,273538480,False,Side.Buy,,65000.25,1653898000,BTC-USDT,TimeCondition.GTC,0.001
2837957847,4194834854,0,1783610628702356947,201,order_input,benchmark,mock,InstrumentType.Spot,6947440129078263843,OrderType.Limit,Direction.Long,65000.46,273539984,False,Side.Sell,,65000.46,1653898000,BTC-USDT,TimeCondition.GTC,0.001
2837957847,4194834854,0,1783610628702853066,201,order_input,benchmark,mock,InstrumentType.Spot,6947440129078263844,OrderType.Limit,Direction.Long,65000.270000000004,273541552,False,Side.Buy,,65000.270000000004,1653898000,BTC-USDT,TimeCondition.GTC,0.001
2837957847,4194834854,0,1783610628702908502,201,order_input,benchmark,mock,InstrumentType.Spot,6947440129078263845,OrderType.Limit,Direction.Long,65000.479999999996,273543056,False,Side.Sell,,65000.479999999996,1653898000,BTC-USDT,TimeCondition.GTC,0.001
2837957847,4194834854,0,1783610628703337038,201,order_input,benchmark,mock,InstrumentType.Spot,6947440129078263846,OrderType.Limit,Direction.Long,65000.29,273544624,False,Side.Buy,,65000.29,1653898000,BTC-USDT,TimeCondition.GTC,0.001
2837957847,4194834854,0,1783610628703443664,201,order_input,benchmark,mock,InstrumentType.Spot,6947440129078263847,OrderType.Limit,Direction.Long,65000.5,273546160,False,Side.Sell,,65000.5,1653898000,BTC-USDT,TimeCondition.GTC,0.001
2837957847,4194834854,0,1783610628703776904,201,order_input,benchmark,mock,InstrumentType.Spot,6947440129078263848,OrderType.Limit,Direction.Long,65000.310000000005,273547696,False,Side.Buy,,65000.310000000005,1653898000,BTC-USDT,TimeCondition.GTC,0.001
2837957847,4194834854,0,1783610628704082208,201,order_input,benchmark,mock,InstrumentType.Spot,6947440129078263849,OrderType.Limit,Direction.Long,65000.52,273549232,False,Side.Sell,,65000.52,1653898000,BTC-USDT,TimeCondition.GTC,0.001
2837957847,4194834854,0,1783610628704350802,201,order_input,benchmark,mock,InstrumentType.Spot,6947440129078263850,OrderType.Limit,Direction.Long,65000.33,273550768,False,Side.Buy,,65000.33,1653898000,BTC-USDT,TimeCondition.GTC,0.001
2837957847,4194834854,0,1783610628704780775,201,order_input,benchmark,mock,InstrumentType.Spot,6947440129078263851,OrderType.Limit,Direction.Long,65000.54,273552304,False,Side.Sell,,65000.54,1653898000,BTC-USDT,TimeCondition.GTC,0.001
2837957847,4194834854,0,1783610628705106521,201,order_input,benchmark,mock,InstrumentType.Spot,6947440129078263852,OrderType.Limit,Direction.Long,65000.35,273553840,False,Side.Buy,,65000.35,1653898000,BTC-USDT,TimeCondition.GTC,0.001
2837957847,4194834854,0,1783610628705276866,201,order_input,benchmark,mock,InstrumentType.Spot,6947440129078263853,OrderType.Limit,Direction.Long,65000.56,273618064,False,Side.Sell,,65000.56,1653898000,BTC-USDT,TimeCondition.GTC,0.001
2837957847,4194834854,0,1783610628705752109,201,order_input,benchmark,mock,InstrumentType.Spot,6947440129078263854,OrderType.Limit,Direction.Long,65000.37,273619600,False,Side.Buy,,65000.37,1653898000,BTC-USDT,TimeCondition.GTC,0.001
2837957847,4194834854,0,1783610628705953605,201,order_input,benchmark,mock,InstrumentType.Spot,6947440129078263855,OrderType.Limit,Direction.Long,65000.58,273621136,False,Side.Sell,,65000.58,1653898000,BTC-USDT,TimeCondition.GTC,0.001
2837957847,4194834854,0,1783610628706161918,201,order_input,benchmark,mock,InstrumentType.Spot,6947440129078263856,OrderType.Limit,Direction.Long,65000.39,273622672,False,Side.Buy,,65000.39,1653898000,BTC-USDT,TimeCondition.GTC,0.001
2837957847,4194834854,0,1783610628706458893,201,order_input,benchmark,mock,InstrumentType.Spot,6947440129078263857,OrderType.Limit,Direction.Long,65000.6,273624208,False,Side.Sell,,65000.6,1653898000,BTC-USDT,TimeCondition.GTC,0.001
2837957847,4194834854,0,1783610628706974729,201,order_input,benchmark,mock,InstrumentType.Spot,6947440129078263858,OrderType.Limit,Direction.Long,65000.41,273625744,False,Side.Buy,,65000.41,1653898000,BTC-USDT,TimeCondition.GTC,0.001
2837957847,4194834854,0,1783610628707094460,201,order_input,benchmark,mock,InstrumentType.Spot,6947440129078263859,OrderType.Limit,Direction.Long,65000.619999999995,273627280,False,Side.Sell,,65000.619999999995,1653898000,BTC-USDT,TimeCondition.GTC,0.001
2837957847,4194834854,0,1783610628707409665,201,order_input,benchmark,mock,InstrumentType.Spot,6947440129078263860,OrderType.Limit,Direction.Long,65000.43,273628816,False,Side.Buy,,65000.43,1653898000,BTC-USDT,TimeCondition.GTC,0.001
2837957847,4194834854,0,1783610628707695173,201,order_input,benchmark,mock,InstrumentType.Spot,6947440129078263861,OrderType.Limit,Direction.Long,65000.64,273630352,False,Side.Sell,,65000.64,1653898000,BTC-USDT,TimeCondition.GTC,0.001
2837957847,4194834854,0,1783610628707956853,201,order_input,benchmark,mock,InstrumentType.Spot,6947440129078263862,OrderType.Limit,Direction.Long,65000.450000000004,273631888,False,Side.Buy,,65000.450000000004,1653898000,BTC-USDT,TimeCondition.GTC,0.001
2837957847,4194834854,0,1783610628708347429,201,order_input,benchmark,mock,InstrumentType.Spot,6947440129078263863,OrderType.Limit,Direction.Long,65000.659999999996,273633424,False,Side.Sell,,65000.659999999996,1653898000,BTC-USDT,TimeCondition.GTC,0.001
2837957847,4194834854,0,1783610628708646331,201,order_input,benchmark,mock,InstrumentType.Spot,6947440129078263864,OrderType.Limit,Direction.Long,65000.47,273634960,False,Side.Buy,,65000.47,1653898000,BTC-USDT,TimeCondition.GTC,0.001
2837957847,4194834854,0,1783610628708958100,201,order_input,benchmark,mock,InstrumentType.Spot,6947440129078263865,OrderType.Limit,Direction.Long,65000.68,273636496,False,Side.Sell,,65000.68,1653898000,BTC-USDT,TimeCondition.GTC,0.001
2837957847,4194834854,0,1783610628709200341,201,order_input,benchmark,mock,InstrumentType.Spot,6947440129078263866,OrderType.Limit,Direction.Long,65000.49,273638032,False,Side.Buy,,65000.49,1653898000,BTC-USDT,TimeCondition.GTC,0.001
2837957847,4194834854,0,1783610628709638904,201,order_input,benchmark,mock,InstrumentType.Spot,6947440129078263867,OrderType.Limit,Direction.Long,65000.7,273639568,False,Side.Sell,,65000.7,1653898000,BTC-USDT,TimeCondition.GTC,0.001
2837957847,4194834854,0,1783610628709931150,201,order_input,benchmark,mock,InstrumentType.Spot,6947440129078263868,OrderType.Limit,Direction.Long,65000.51,273641104,False,Side.Buy,,65000.51,1653898000,BTC-USDT,TimeCondition.GTC,0.001
2837957847,4194834854,0,1783610628710083234,201,order_input,benchmark,mock,InstrumentType.Spot,6947440129078263869,OrderType.Limit,Direction.Long,65000.72,273642640,False,Side.Sell,,65000.72,1653898000,BTC-USDT,TimeCondition.GTC,0.001
2837957847,4194834854,0,1783610628710518157,201,order_input,benchmark,mock,InstrumentType.Spot,6947440129078263870,OrderType.Limit,Direction.Long,65000.53,273644176,False,Side.Buy,,65000.53,1653898000,BTC-USDT,TimeCondition.GTC,0.001
2837957847,4194834854,0,1783610628710654785,201,order_input,benchmark,mock,InstrumentType.Spot,6947440129078263871,OrderType.Limit,Direction.Long,65000.74,273645712,False,Side.Sell,,65000.74,1653898000,BTC-USDT,TimeCondition.GTC,0.001
2837957847,4194834854,0,1783610628710961679,201,order_input,benchmark,mock,InstrumentType.Spot,6947440129078263872,OrderType.Limit,Direction.Long,65000.55,273647248,False,Side.Buy,,65000.55,1653898000,BTC-USDT,TimeCondition.GTC,0.001
2837957847,4194834854,0,1783610628711260746,201,order_input,benchmark,mock,InstrumentType.Spot,6947440129078263873,OrderType.Limit,Direction.Long,65000.76,273648784,False,Side.Sell,,65000.76,1653898000,BTC-USDT,TimeCondition.GTC,0.001
2837957847,4194834854,0,1783610628711656557,201,order_input,benchmark,mock,InstrumentType.Spot,6947440129078263874,OrderType.Limit,Direction.Long,65000.57,273650320,False,Side.Buy,,65000.57,1653898000,BTC-USDT,TimeCondition.GTC,0.001
2837957847,4194834854,0,1783610628711950650,201,order_input,benchmark,mock,InstrumentType.Spot,6947440129078263875,OrderType.Limit,Direction.Long,65000.78,273651856,False,Side.Sell,,65000.78,1653898000,BTC-USDT,TimeCondition.GTC,0.001
2837957847,4194834854,0,1783610628712248845,201,order_input,benchmark,mock,InstrumentType.Spot,6947440129078263876,OrderType.Limit,Direction.Long,65000.590000000004,273653392,False,Side.Buy,,65000.590000000004,1653898000,BTC-USDT,TimeCondition.GTC,0.001
2837957847,4194834854,0,1783610628712536996,201,order_input,benchmark,mock,InstrumentType.Spot,6947440129078263877,OrderType.Limit,Direction.Long,65000.799999999996,273654928,False,Side.Sell,,65000.799999999996,1653898000,BTC-USDT,TimeCondition.GTC,0.001
2837957847,4194834854,0,1783610628712885699,201,order_input,benchmark,mock,InstrumentType.Spot,6947440129078263878,OrderType.Limit,Direction.Long,65000.61,273656464,False,Side.Buy,,65000.61,1653898000,BTC-USDT,TimeCondition.GTC,0.001
2837957847,4194834854,0,1783610628713122526,201,order_input,benchmark,mock,InstrumentType.Spot,6947440129078263879,OrderType.Limit,Direction.Long,65000.82,273658000,False,Side.Sell,,65000.82,1653898000,BTC-USDT,TimeCondition.GTC,0.001
2837957847,4194834854,0,1783610628713456083,201,order_input,benchmark,mock,InstrumentType.Spot,6947440129078263880,OrderType.Limit,Direction.Long,65000.630000000005,273659536,False,Side.Buy,,65000.630000000005,1653898000,BTC-USDT,TimeCondition.GTC,0.001
2837957847,4194834854,0,1783610628713958397,201,order_input,benchmark,mock,InstrumentType.Spot,6947440129078263881,OrderType.Limit,Direction.Long,65000.84,273661072,False,Side.Sell,,65000.84,1653898000,BTC-USDT,TimeCondition.GTC,0.001
2837957847,4194834854,0,1783610628714060464,201,order_input,benchmark,mock,InstrumentType.Spot,6947440129078263882,OrderType.Limit,Direction.Long,65000.65,273662576,False,Side.Buy,,65000.65,1653898000,BTC-USDT,TimeCondition.GTC,0.001
2837957847,4194834854,0,1783610628714265259,201,order_input,benchmark,mock,InstrumentType.Spot,6947440129078263883,OrderType.Limit,Direction.Long,65000.86,273664144,False,Side.Sell,,65000.86,1653898000,BTC-USDT,TimeCondition.GTC,0.001
2837957847,4194834854,0,1783610628714634289,201,order_input,benchmark,mock,InstrumentType.Spot,6947440129078263884,OrderType.Limit,Direction.Long,65000.67,273665680,False,Side.Buy,,65000.67,1653898000,BTC-USDT,TimeCondition.GTC,0.001
2837957847,4194834854,0,1783610628714910192,201,order_input,benchmark,mock,InstrumentType.Spot,6947440129078263885,OrderType.Limit,Direction.Long,65000.88,273667968,False,Side.Sell,,65000.88,1653898000,BTC-USDT,TimeCondition.GTC,0.001
2837957847,4194834854,0,1783610628715158317,201,order_input,benchmark,mock,InstrumentType.Spot,6947440129078263886,OrderType.Limit,Direction.Long,65000.69,273669504,False,Side.Buy,,65000.69,1653898000,BTC-USDT,TimeCondition.GTC,0.001
2837957847,4194834854,0,1783610628715532006,201,order_input,benchmark,mock,InstrumentType.Spot,6947440129078263887,OrderType.Limit,Direction.Long,65000.9,273671040,False,Side.Sell,,65000.9,1653898000,BTC-USDT,TimeCondition.GTC,0.001
2837957847,4194834854,0,1783610628715823343,201,order_input,benchmark,mock,InstrumentType.Spot,6947440129078263888,OrderType.Limit,Direction.Long,65000.71,273672576,False,Side.Buy,,65000.71,1653898000,BTC-USDT,TimeCondition.GTC,0.001
2837957847,4194834854,0,1783610628716099938,201,order_input,benchmark,mock,InstrumentType.Spot,6947440129078263889,OrderType.Limit,Direction.Long,65000.92,273674112,False,Side.Sell,,65000.92,1653898000,BTC-USDT,TimeCondition.GTC,0.001
2837957847,4194834854,0,1783610628716383336,201,order_input,benchmark,mock,InstrumentType.Spot,6947440129078263890,OrderType.Limit,Direction.Long,65000.73,273675648,False,Side.Buy,,65000.73,1653898000,BTC-USDT,TimeCondition.GTC,0.001
2837957847,4194834854,0,1783610628716663654,201,order_input,benchmark,mock,InstrumentType.Spot,6947440129078263891,OrderType.Limit,Direction.Long,65000.939999999995,273677184,False,Side.Sell,,65000.939999999995,1653898000,BTC-USDT,TimeCondition.GTC,0.001
2837957847,4194834854,0,1783610628717041517,201,order_input,benchmark,mock,InstrumentType.Spot,6947440129078263892,OrderType.Limit,Direction.Long,65000.75,273678720,False,Side.Buy,,65000.75,1653898000,BTC-USDT,TimeCondition.GTC,0.001
2837957847,4194834854,0,1783610628717355283,201,order_input,benchmark,mock,InstrumentType.Spot,6947440129078263893,OrderType.Limit,Direction.Long,65000.96,273680256,False,Side.Sell,,65000.96,1653898000,BTC-USDT,TimeCondition.GTC,0.001
2837957847,4194834854,0,1783610628717619078,201,order_input,benchmark,mock,InstrumentType.Spot,6947440129078263894,OrderType.Limit,Direction.Long,65000.770000000004,273681792,False,Side.Buy,,65000.770000000004,1653898000,BTC-USDT,TimeCondition.GTC,0.001
2837957847,4194834854,0,1783610628717857003,201,order_input,benchmark,mock,InstrumentType.Spot,6947440129078263895,OrderType.Limit,Direction.Long,65000.979999999996,273683328,False,Side.Sell,,65000.979999999996,1653898000,BTC-USDT,TimeCondition.GTC,0.001
2837957847,4194834854,0,1783610628718238784,201,order_input,benchmark,mock,InstrumentType.Spot,6947440129078263896,OrderType.Limit,Direction.Long,65000.79,273684864,False,Side.Buy,,65000.79,1653898000,BTC-USDT,TimeCondition.GTC,0.001
2837957847,4194834854,0,1783610628718527774,201,order_input,benchmark,mock,InstrumentType.Spot,6947440129078263897,OrderType.Limit,Direction.Long,65001.0,273686400,False,Side.Sell,,65001.0,1653898000,BTC-USDT,TimeCondition.GTC,0.001
2837957847,4194834854,0,1783610628718840088,201,order_input,benchmark,mock,InstrumentType.Spot,6947440129078263898,OrderType.Limit,Direction.Long,65000.810000000005,273687936,False,Side.Buy,,65000.810000000005,1653898000,BTC-USDT,TimeCondition.GTC,0.001
2837957847,4194834854,0,1783610628719242190,201,order_input,benchmark,mock,InstrumentType.Spot,6947440129078263899,OrderType.Limit,Direction.Long,65001.02,273689472,False,Side.Sell,,65001.02,1653898000,BTC-USDT,TimeCondition.GTC,0.001
2837957847,4194834854,0,1783610628719397287,201,order_input,benchmark,mock,InstrumentType.Spot,6947440129078263900,OrderType.Limit,Direction.Long,65000.83,273691008,False,Side.Buy,,65000.83,1653898000,BTC-USDT,TimeCondition.GTC,0.001
2837957847,4194834854,0,1783610628719695769,201,order_input,benchmark,mock,InstrumentType.Spot,6947440129078263901,OrderType.Limit,Direction.Long,65001.04,273554032,False,Side.Sell,,65001.04,1653898000,BTC-USDT,TimeCondition.GTC,0.001
2837957847,4194834854,0,1783610628720052539,201,order_input,benchmark,mock,InstrumentType.Spot,6947440129078263902,OrderType.Limit,Direction.Long,65000.85,273694768,False,Side.Buy,,65000.85,1653898000,BTC-USDT,TimeCondition.GTC,0.001
2837957847,4194834854,0,1783610628720351494,201,order_input,benchmark,mock,InstrumentType.Spot,6947440129078263903,OrderType.Limit,Direction.Long,65001.06,273696304,False,Side.Sell,,65001.06,1653898000,BTC-USDT,TimeCondition.GTC,0.001
2837957847,4194834854,0,1783610628720708407,201,order_input,benchmark,mock,InstrumentType.Spot,6947440129078263904,OrderType.Limit,Direction.Long,65000.87,273697840,False,Side.Buy,,65000.87,1653898000,BTC-USDT,TimeCondition.GTC,0.001
2837957847,4194834854,0,1783610628720886212,201,order_input,benchmark,mock,InstrumentType.Spot,6947440129078263905,OrderType.Limit,Direction.Long,65001.08,273667584,False,Side.Sell,,65001.08,1653898000,BTC-USDT,TimeCondition.GTC,0.001
2837957847,4194834854,0,1783610628721282785,201,order_input,benchmark,mock,InstrumentType.Spot,6947440129078263906,OrderType.Limit,Direction.Long,65000.89,275355232,False,Side.Buy,,65000.89,1653898000,BTC-USDT,TimeCondition.GTC,0.001
2837957847,4194834854,0,1783610628721519851,201,order_input,benchmark,mock,InstrumentType.Spot,6947440129078263907,OrderType.Limit,Direction.Long,65000.1,275356768,False,Side.Sell,,65000.1,1653898000,BTC-USDT,TimeCondition.GTC,0.001
2837957847,4194834854,0,1783610628721805727,201,order_input,benchmark,mock,InstrumentType.Spot,6947440129078263908,OrderType.Limit,Direction.Long,64999.91,275358304,False,Side.Buy,,64999.91,1653898000,BTC-USDT,TimeCondition.GTC,0.001
2837957847,4194834854,0,1783610628722123631,201,order_input,benchmark,mock,InstrumentType.Spot,6947440129078263909,OrderType.Limit,Direction.Long,65000.119999999995,275359840,False,Side.Sell,,65000.119999999995,1653898000,BTC-USDT,TimeCondition.GTC,0.001
2837957847,4194834854,0,1783610628722423180,201,order_input,benchmark,mock,InstrumentType.Spot,6947440129078263910,OrderType.Limit,Direction.Long,64999.93,275361376,False,Side.Buy,,64999.93,1653898000,BTC-USDT,TimeCondition.GTC,0.001
2837957847,4194834854,0,1783610628722684265,201,order_input,benchmark,mock,InstrumentType.Spot,6947440129078263911,OrderType.Limit,Direction.Long,65000.14,275362912,False,Side.Sell,,65000.14,1653898000,BTC-USDT,TimeCondition.GTC,0.001
2837957847,4194834854,0,1783610628723108248,201,order_input,benchmark,mock,InstrumentType.Spot,6947440129078263912,OrderType.Limit,Direction.Long,64999.950000000004,275364448,False,Side.Buy,,64999.950000000004,1653898000,BTC-USDT,TimeCondition.GTC,0.001
2837957847,4194834854,0,1783610628723291996,201,order_input,benchmark,mock,InstrumentType.Spot,6947440129078263913,OrderType.Limit,Direction.Long,65000.159999999996,275365984,False,Side.Sell,,65000.159999999996,1653898000,BTC-USDT,TimeCondition.GTC,0.001
2837957847,4194834854,0,1783610628723625821,201,order_input,benchmark,mock,InstrumentType.Spot,6947440129078263914,OrderType.Limit,Direction.Long,64999.97,275367520,False,Side.Buy,,64999.97,1653898000,BTC-USDT,TimeCondition.GTC,0.001
2837957847,4194834854,0,1783610628723858179,201,order_input,benchmark,mock,InstrumentType.Spot,6947440129078263915,OrderType.Limit,Direction.Long,65000.18,275369056,False,Side.Sell,,65000.18,1653898000,BTC-USDT,TimeCondition.GTC,0.001
2837957847,4194834854,0,1783610628724164102,201,order_input,benchmark,mock,InstrumentType.Spot,6947440129078263916,OrderType.Limit,Direction.Long,64999.99,275370592,False,Side.Buy,,64999.99,1653898000,BTC-USDT,TimeCondition.GTC,0.001
2837957847,4194834854,0,1783610628724516926,201,order_input,benchmark,mock,InstrumentType.Spot,6947440129078263917,OrderType.Limit,Direction.Long,65000.2,275373168,False,Side.Sell,,65000.2,1653898000,BTC-USDT,TimeCondition.GTC,0.001
2837957847,4194834854,0,1783610628724805933,201,order_input,benchmark,mock,InstrumentType.Spot,6947440129078263918,OrderType.Limit,Direction.Long,65000.01,275374704,False,Side.Buy,,65000.01,1653898000,BTC-USDT,TimeCondition.GTC,0.001
2837957847,4194834854,0,1783610628725061337,201,order_input,benchmark,mock,InstrumentType.Spot,6947440129078263919,OrderType.Limit,Direction.Long,65000.22,275376240,False,Side.Sell,,65000.22,1653898000,BTC-USDT,TimeCondition.GTC,0.001
2837957847,4194834854,0,1783610628725366223,201,order_input,benchmark,mock,InstrumentType.Spot,6947440129078263920,OrderType.Limit,Direction.Long,65000.03,275377776,False,Side.Buy,,65000.03,1653898000,BTC-USDT,TimeCondition.GTC,0.001
2837957847,4194834854,0,1783610628725747274,201,order_input,benchmark,mock,InstrumentType.Spot,6947440129078263921,OrderType.Limit,Direction.Long,65000.24,275379312,False,Side.Sell,,65000.24,1653898000,BTC-USDT,TimeCondition.GTC,0.001
2837957847,4194834854,0,1783610628726061438,201,order_input,benchmark,mock,InstrumentType.Spot,6947440129078263922,OrderType.Limit,Direction.Long,65000.05,275380848,False,Side.Buy,,65000.05,1653898000,BTC-USDT,TimeCondition.GTC,0.001
2837957847,4194834854,0,1783610628726316906,201,order_input,benchmark,mock,InstrumentType.Spot,6947440129078263923,OrderType.Limit,Direction.Long,65000.26,275382384,False,Side.Sell,,65000.26,1653898000,BTC-USDT,TimeCondition.GTC,0.001
2837957847,4194834854,0,1783610628726554943,201,order_input,benchmark,mock,InstrumentType.Spot,6947440129078263924,OrderType.Limit,Direction.Long,65000.07,275383920,False,Side.Buy,,65000.07,1653898000,BTC-USDT,TimeCondition.GTC,0.001
2837957847,4194834854,0,1783610628726964741,201,order_input,benchmark,mock,InstrumentType.Spot,6947440129078263925,OrderType.Limit,Direction.Long,65000.28,275385456,False,Side.Sell,,65000.28,1653898000,BTC-USDT,TimeCondition.GTC,0.001
2837957847,4194834854,0,1783610628727712924,201,order_input,benchmark,mock,InstrumentType.Spot,6947440129078263926,OrderType.Limit,Direction.Long,65000.090000000004,275386992,False,Side.Buy,,65000.090000000004,1653898000,BTC-USDT,TimeCondition.GTC,0.001
2837957847,4194834854,0,1783610628727744886,201,order_input,benchmark,mock,InstrumentType.Spot,6947440129078263927,OrderType.Limit,Direction.Long,65000.299999999996,275388528,False,Side.Sell,,65000.299999999996,1653898000,BTC-USDT,TimeCondition.GTC,0.001
2837957847,4194834854,0,1783610628727766254,201,order_input,benchmark,mock,InstrumentType.Spot,6947440129078263928,OrderType.Limit,Direction.Long,65000.11,275390032,False,Side.Buy,,65000.11,1653898000,BTC-USDT,TimeCondition.GTC,0.001
2837957847,4194834854,0,1783610628728090678,201,order_input,benchmark,mock,InstrumentType.Spot,6947440129078263929,OrderType.Limit,Direction.Long,65000.32,275391600,False,Side.Sell,,65000.32,1653898000,BTC-USDT,TimeCondition.GTC,0.001
2837957847,4194834854,0,1783610628728340422,201,order_input,benchmark,mock,InstrumentType.Spot,6947440129078263930,OrderType.Limit,Direction.Long,65000.130000000005,275393136,False,Side.Buy,,65000.130000000005,1653898000,BTC-USDT,TimeCondition.GTC,0.001
2837957847,4194834854,0,1783610628728746872,201,order_input,benchmark,mock,InstrumentType.Spot,6947440129078263931,OrderType.Limit,Direction.Long,65000.34,275394672,False,Side.Sell,,65000.34,1653898000,BTC-USDT,TimeCondition.GTC,0.001
2837957847,4194834854,0,1783610628729053826,201,order_input,benchmark,mock,InstrumentType.Spot,6947440129078263932,OrderType.Limit,Direction.Long,65000.15,275396208,False,Side.Buy,,65000.15,1653898000,BTC-USDT,TimeCondition.GTC,0.001
2837957847,4194834854,0,1783610628729268626,201,order_input,benchmark,mock,InstrumentType.Spot,6947440129078263933,OrderType.Limit,Direction.Long,65000.36,275397744,False,Side.Sell,,65000.36,1653898000,BTC-USDT,TimeCondition.GTC,0.001
2837957847,4194834854,0,1783610628729944115,201,order_input,benchmark,mock,InstrumentType.Spot,6947440129078263934,OrderType.Limit,Direction.Long,65000.17,275399280,False,Side.Buy,,65000.17,1653898000,BTC-USDT,TimeCondition.GTC,0.001
2837957847,4194834854,0,1783610628730036349,201,order_input,benchmark,mock,InstrumentType.Spot,6947440129078263935,OrderType.Limit,Direction.Long,65000.38,275400816,False,Side.Sell,,65000.38,1653898000,BTC-USDT,TimeCondition.GTC,0.001
2837957847,4194834854,0,1783610628730243732,201,order_input,benchmark,mock,InstrumentType.Spot,6947440129078263936,OrderType.Limit,Direction.Long,65000.19,275402352,False,Side.Buy,,65000.19,1653898000,BTC-USDT,TimeCondition.GTC,0.001
2837957847,4194834854,0,1783610628730443412,201,order_input,benchmark,mock,InstrumentType.Spot,6947440129078263937,OrderType.Limit,Direction.Long,65000.4,275372128,False,Side.Sell,,65000.4,1653898000,BTC-USDT,TimeCondition.GTC,0.001
2837957847,4194834854,0,1783610628730812766,201,order_input,benchmark,mock,InstrumentType.Spot,6947440129078263938,OrderType.Limit,Direction.Long,65000.21,275405584,False,Side.Buy,,65000.21,1653898000,BTC-USDT,TimeCondition.GTC,0.001
2837957847,4194834854,0,1783610628731118776,201,order_input,benchmark,mock,InstrumentType.Spot,6947440129078263939,OrderType.Limit,Direction.Long,65000.42,275407120,False,Side.Sell,,65000.42,1653898000,BTC-USDT,TimeCondition.GTC,0.001
2837957847,4194834854,0,1783610628731363582,201,order_input,benchmark,mock,InstrumentType.Spot,6947440129078263940,OrderType.Limit,Direction.Long,65000.23,275408656,False,Side.Buy,,65000.23,1653898000,BTC-USDT,TimeCondition.GTC,0.001
2837957847,4194834854,0,1783610628731719425,201,order_input,benchmark,mock,InstrumentType.Spot,6947440129078263941,OrderType.Limit,Direction.Long,65000.439999999995,275410192,False,Side.Sell,,65000.439999999995,1653898000,BTC-USDT,TimeCondition.GTC,0.001
2837957847,4194834854,0,1783610628732017303,201,order_input,benchmark,mock,InstrumentType.Spot,6947440129078263942,OrderType.Limit,Direction.Long,65000.25,275411728,False,Side.Buy,,65000.25,1653898000,BTC-USDT,TimeCondition.GTC,0.001
2837957847,4194834854,0,1783610628732264167,201,order_input,benchmark,mock,InstrumentType.Spot,6947440129078263943,OrderType.Limit,Direction.Long,65000.46,275413264,False,Side.Sell,,65000.46,1653898000,BTC-USDT,TimeCondition.GTC,0.001
2837957847,4194834854,0,1783610628732639529,201,order_input,benchmark,mock,InstrumentType.Spot,6947440129078263944,OrderType.Limit,Direction.Long,65000.270000000004,275414800,False,Side.Buy,,65000.270000000004,1653898000,BTC-USDT,TimeCondition.GTC,0.001
2837957847,4194834854,0,1783610628732851780,201,order_input,benchmark,mock,InstrumentType.Spot,6947440129078263945,OrderType.Limit,Direction.Long,65000.479999999996,275416336,False,Side.Sell,,65000.479999999996,1653898000,BTC-USDT,TimeCondition.GTC,0.001
2837957847,4194834854,0,1783610628733238456,201,order_input,benchmark,mock,InstrumentType.Spot,6947440129078263946,OrderType.Limit,Direction.Long,65000.29,275417872,False,Side.Buy,,65000.29,1653898000,BTC-USDT,TimeCondition.GTC,0.001
2837957847,4194834854,0,1783610628733440137,201,order_input,benchmark,mock,InstrumentType.Spot,6947440129078263947,OrderType.Limit,Direction.Long,65000.5,275419408,False,Side.Sell,,65000.5,1653898000,BTC-USDT,TimeCondition.GTC,0.001
2837957847,4194834854,0,1783610628733850947,201,order_input,benchmark,mock,InstrumentType.Spot,6947440129078263948,OrderType.Limit,Direction.Long,65000.310000000005,275420944,False,Side.Buy,,65000.310000000005,1653898000,BTC-USDT,TimeCondition.GTC,0.001
2837957847,4194834854,0,1783610628734107707,201,order_input,benchmark,mock,InstrumentType.Spot,6947440129078263949,OrderType.Limit,Direction.Long,65000.52,275422480,False,Side.Sell,,65000.52,1653898000,BTC-USDT,TimeCondition.GTC,0.001
2837957847,4194834854,0,1783610628734442675,201,order_input,benchmark,mock,InstrumentType.Spot,6947440129078263950,OrderType.Limit,Direction.Long,65000.33,275424016,False,Side.Buy,,65000.33,1653898000,BTC-USDT,TimeCondition.GTC,0.001
2837957847,4194834854,0,1783610628734730543,201,order_input,benchmark,mock,InstrumentType.Spot,6947440129078263951,OrderType.Limit,Direction.Long,65000.54,275425552,False,Side.Sell,,65000.54,1653898000,BTC-USDT,TimeCondition.GTC,0.001
2837957847,4194834854,0,1783610628735033740,201,order_input,benchmark,mock,InstrumentType.Spot,6947440129078263952,OrderType.Limit,Direction.Long,65000.35,275427088,False,Side.Buy,,65000.35,1653898000,BTC-USDT,TimeCondition.GTC,0.001
2837957847,4194834854,0,1783610628735329683,201,order_input,benchmark,mock,InstrumentType.Spot,6947440129078263953,OrderType.Limit,Direction.Long,65000.56,275428624,False,Side.Sell,,65000.56,1653898000,BTC-USDT,TimeCondition.GTC,0.001
2837957847,4194834854,0,1783610628735629158,201,order_input,benchmark,mock,InstrumentType.Spot,6947440129078263954,OrderType.Limit,Direction.Long,65000.37,275430160,False,Side.Buy,,65000.37,1653898000,BTC-USDT,TimeCondition.GTC,0.001
2837957847,4194834854,0,1783610628735928538,201,order_input,benchmark,mock,InstrumentType.Spot,6947440129078263955,OrderType.Limit,Direction.Long,65000.58,275431696,False,Side.Sell,,65000.58,1653898000,BTC-USDT,TimeCondition.GTC,0.001
2837957847,4194834854,0,1783610628736233901,201,order_input,benchmark,mock,InstrumentType.Spot,6947440129078263956,OrderType.Limit,Direction.Long,65000.39,275433232,False,Side.Buy,,65000.39,1653898000,BTC-USDT,TimeCondition.GTC,0.001
2837957847,4194834854,0,1783610628736529531,201,order_input,benchmark,mock,InstrumentType.Spot,6947440129078263957,OrderType.Limit,Direction.Long,65000.6,275403888,False,Side.Sell,,65000.6,1653898000,BTC-USDT,TimeCondition.GTC,0.001
2837957847,4194834854,0,1783610628736829913,201,order_input,benchmark,mock,InstrumentType.Spot,6947440129078263958,OrderType.Limit,Direction.Long,65000.41,275436496,False,Side.Buy,,65000.41,1653898000,BTC-USDT,TimeCondition.GTC,0.001
2837957847,4194834854,0,1783610628737135416,201,order_input,benchmark,mock,InstrumentType.Spot,6947440129078263959,OrderType.Limit,Direction.Long,65000.619999999995,275438032,False,Side.Sell,,65000.619999999995,1653898000,BTC-USDT,TimeCondition.GTC,0.001
2837957847,4194834854,0,1783610628737357688,201,order_input,benchmark,mock,InstrumentType.Spot,6947440129078263960,OrderType.Limit,Direction.Long,65000.43,275439568,False,Side.Buy,,65000.43,1653898000,BTC-USDT,TimeCondition.GTC,0.001
2837957847,4194834854,0,1783610628737721580,201,order_input,benchmark,mock,InstrumentType.Spot,6947440129078263961,OrderType.Limit,Direction.Long,65000.64,275441104,False,Side.Sell,,65000.64,1653898000,BTC-USDT,TimeCondition.GTC,0.001
2837957847,4194834854,0,1783610628738040888,201,order_input,benchmark,mock,InstrumentType.Spot,6947440129078263962,OrderType.Limit,Direction.Long,65000.450000000004,275442640,False,Side.Buy,,65000.450000000004,1653898000,BTC-USDT,TimeCondition.GTC,0.001
2837957847,4194834854,0,1783610628738267316,201,order_input,benchmark,mock,InstrumentType.Spot,6947440129078263963,OrderType.Limit,Direction.Long,65000.659999999996,275444176,False,Side.Sell,,65000.659999999996,1653898000,BTC-USDT,TimeCondition.GTC,0.001
2837957847,4194834854,0,1783610628738551822,201,order_input,benchmark,mock,InstrumentType.Spot,6947440129078263964,OrderType.Limit,Direction.Long,65000.47,275445712,False,Side.Buy,,65000.47,1653898000,BTC-USDT,TimeCondition.GTC,0.001
2837957847,4194834854,0,1783610628738924654,201,order_input,benchmark,mock,InstrumentType.Spot,6947440129078263965,OrderType.Limit,Direction.Long,65000.68,275447248,False,Side.Sell,,65000.68,1653898000,BTC-USDT,TimeCondition.GTC,0.001
2837957847,4194834854,0,1783610628739225603,201,order_input,benchmark,mock,InstrumentType.Spot,6947440129078263966,OrderType.Limit,Direction.Long,65000.49,275448784,False,Side.Buy,,65000.49,1653898000,BTC-USDT,TimeCondition.GTC,0.001
2837957847,4194834854,0,1783610628739522929,201,order_input,benchmark,mock,InstrumentType.Spot,6947440129078263967,OrderType.Limit,Direction.Long,65000.7,275450320,False,Side.Sell,,65000.7,1653898000,BTC-USDT,TimeCondition.GTC,0.001
2837957847,4194834854,0,1783610628739825631,201,order_input,benchmark,mock,InstrumentType.Spot,6947440129078263968,OrderType.Limit,Direction.Long,65000.51,275451856,False,Side.Buy,,65000.51,1653898000,BTC-USDT,TimeCondition.GTC,0.001
2837957847,4194834854,0,1783610628740150395,201,order_input,benchmark,mock,InstrumentType.Spot,6947440129078263969,OrderType.Limit,Direction.Long,65000.72,275453392,False,Side.Sell,,65000.72,1653898000,BTC-USDT,TimeCondition.GTC,0.001
2837957847,4194834854,0,1783610628740429814,201,order_input,benchmark,mock,InstrumentType.Spot,6947440129078263970,OrderType.Limit,Direction.Long,65000.53,275454928,False,Side.Buy,,65000.53,1653898000,BTC-USDT,TimeCondition.GTC,0.001
2837957847,4194834854,0,1783610628740653329,201,order_input,benchmark,mock,InstrumentType.Spot,6947440129078263971,OrderType.Limit,Direction.Long,65000.74,275456464,False,Side.Sell,,65000.74,1653898000,BTC-USDT,TimeCondition.GTC,0.001
2837957847,4194834854,0,1783610628741051478,201,order_input,benchmark,mock,InstrumentType.Spot,6947440129078263972,OrderType.Limit,Direction.Long,65000.55,275458000,False,Side.Buy,,65000.55,1653898000,BTC-USDT,TimeCondition.GTC,0.001
2837957847,4194834854,0,1783610628741307457,201,order_input,benchmark,mock,InstrumentType.Spot,6947440129078263973,OrderType.Limit,Direction.Long,65000.76,275459536,False,Side.Sell,,65000.76,1653898000,BTC-USDT,TimeCondition.GTC,0.001
2837957847,4194834854,0,1783610628741622028,201,order_input,benchmark,mock,InstrumentType.Spot,6947440129078263974,OrderType.Limit,Direction.Long,65000.57,275461072,False,Side.Buy,,65000.57,1653898000,BTC-USDT,TimeCondition.GTC,0.001
2837957847,4194834854,0,1783610628741925041,201,order_input,benchmark,mock,InstrumentType.Spot,6947440129078263975,OrderType.Limit,Direction.Long,65000.78,275462608,False,Side.Sell,,65000.78,1653898000,BTC-USDT,TimeCondition.GTC,0.001
2837957847,4194834854,0,1783610628742224173,201,order_input,benchmark,mock,InstrumentType.Spot,6947440129078263976,OrderType.Limit,Direction.Long,65000.590000000004,275464144,False,Side.Buy,,65000.590000000004,1653898000,BTC-USDT,TimeCondition.GTC,0.001
2837957847,4194834854,0,1783610628742523575,201,order_input,benchmark,mock,InstrumentType.Spot,6947440129078263977,OrderType.Limit,Direction.Long,65000.799999999996,275465680,False,Side.Sell,,65000.799999999996,1653898000,BTC-USDT,TimeCondition.GTC,0.001
2837957847,4194834854,0,1783610628742948582,201,order_input,benchmark,mock,InstrumentType.Spot,6947440129078263978,OrderType.Limit,Direction.Long,65000.61,275467216,False,Side.Buy,,65000.61,1653898000,BTC-USDT,TimeCondition.GTC,0.001
2837957847,4194834854,0,1783610628743058405,201,order_input,benchmark,mock,InstrumentType.Spot,6947440129078263979,OrderType.Limit,Direction.Long,65000.82,275468752,False,Side.Sell,,65000.82,1653898000,BTC-USDT,TimeCondition.GTC,0.001
2837957847,4194834854,0,1783610628743430701,201,order_input,benchmark,mock,InstrumentType.Spot,6947440129078263980,OrderType.Limit,Direction.Long,65000.630000000005,275470288,False,Side.Buy,,65000.630000000005,1653898000,BTC-USDT,TimeCondition.GTC,0.001
2837957847,4194834854,0,1783610628743724960,201,order_input,benchmark,mock,InstrumentType.Spot,6947440129078263981,OrderType.Limit,Direction.Long,65000.84,275434768,False,Side.Sell,,65000.84,1653898000,BTC-USDT,TimeCondition.GTC,0.001
2837957847,4194834854,0,1783610628744031600,201,order_input,benchmark,mock,InstrumentType.Spot,6947440129078263982,OrderType.Limit,Direction.Long,65000.65,275473584,False,Side.Buy,,65000.65,1653898000,BTC-USDT,TimeCondition.GTC,0.001
2837957847,4194834854,0,1783610628744324527,201,order_input,benchmark,mock,InstrumentType.Spot,6947440129078263983,OrderType.Limit,Direction.Long,65000.86,275475120,False,Side.Sell,,65000.86,1653898000,BTC-USDT,TimeCondition.GTC,0.001
2837957847,4194834854,0,1783610628744621311,201,order_input,benchmark,mock,InstrumentType.Spot,6947440129078263984,OrderType.Limit,Direction.Long,65000.67,275476656,False,Side.Buy,,65000.67,1653898000,BTC-USDT,TimeCondition.GTC,0.001
2837957847,4194834854,0,1783610628744932297,201,order_input,benchmark,mock,InstrumentType.Spot,6947440129078263985,OrderType.Limit,Direction.Long,65000.88,275478192,False,Side.Sell,,65000.88,1653898000,BTC-USDT,TimeCondition.GTC,0.001
2837957847,4194834854,0,1783610628745433971,201,order_input,benchmark,mock,InstrumentType.Spot,6947440129078263986,OrderType.Limit,Direction.Long,65000.69,275479728,False,Side.Buy,,65000.69,1653898000,BTC-USDT,TimeCondition.GTC,0.001
2837957847,4194834854,0,1783610628745527130,201,order_input,benchmark,mock,InstrumentType.Spot,6947440129078263987,OrderType.Limit,Direction.Long,65000.9,275481232,False,Side.Sell,,65000.9,1653898000,BTC-USDT,TimeCondition.GTC,0.001
2837957847,4194834854,0,1783610628745772512,201,order_input,benchmark,mock,InstrumentType.Spot,6947440129078263988,OrderType.Limit,Direction.Long,65000.71,275482800,False,Side.Buy,,65000.71,1653898000,BTC-USDT,TimeCondition.GTC,0.001
2837957847,4194834854,0,1783610628746259301,201,order_input,benchmark,mock,InstrumentType.Spot,6947440129078263989,OrderType.Limit,Direction.Long,65000.92,275484336,False,Side.Sell,,65000.92,1653898000,BTC-USDT,TimeCondition.GTC,0.001
2837957847,4194834854,0,1783610628746573352,201,order_input,benchmark,mock,InstrumentType.Spot,6947440129078263990,OrderType.Limit,Direction.Long,65000.73,275485872,False,Side.Buy,,65000.73,1653898000,BTC-USDT,TimeCondition.GTC,0.001
2837957847,4194834854,0,1783610628746654448,201,order_input,benchmark,mock,InstrumentType.Spot,6947440129078263991,OrderType.Limit,Direction.Long,65000.939999999995,275487408,False,Side.Sell,,65000.939999999995,1653898000,BTC-USDT,TimeCondition.GTC,0.001
2837957847,4194834854,0,1783610628746964232,201,order_input,benchmark,mock,InstrumentType.Spot,6947440129078263992,OrderType.Limit,Direction.Long,65000.75,275488944,False,Side.Buy,,65000.75,1653898000,BTC-USDT,TimeCondition.GTC,0.001
2837957847,4194834854,0,1783610628747364363,201,order_input,benchmark,mock,InstrumentType.Spot,6947440129078263993,OrderType.Limit,Direction.Long,65000.96,275490480,False,Side.Sell,,65000.96,1653898000,BTC-USDT,TimeCondition.GTC,0.001
2837957847,4194834854,0,1783610628747630170,201,order_input,benchmark,mock,InstrumentType.Spot,6947440129078263994,OrderType.Limit,Direction.Long,65000.770000000004,275492016,False,Side.Buy,,65000.770000000004,1653898000,BTC-USDT,TimeCondition.GTC,0.001
2837957847,4194834854,0,1783610628747923162,201,order_input,benchmark,mock,InstrumentType.Spot,6947440129078263995,OrderType.Limit,Direction.Long,65000.979999999996,275493552,False,Side.Sell,,65000.979999999996,1653898000,BTC-USDT,TimeCondition.GTC,0.001
2837957847,4194834854,0,1783610628748361203,201,order_input,benchmark,mock,InstrumentType.Spot,6947440129078263996,OrderType.Limit,Direction.Long,65000.79,275495088,False,Side.Buy,,65000.79,1653898000,BTC-USDT,TimeCondition.GTC,0.001
2837957847,4194834854,0,1783610628748581945,201,order_input,benchmark,mock,InstrumentType.Spot,6947440129078263997,OrderType.Limit,Direction.Long,65001.0,275496624,False,Side.Sell,,65001.0,1653898000,BTC-USDT,TimeCondition.GTC,0.001
2837957847,4194834854,0,1783610628748963868,201,order_input,benchmark,mock,InstrumentType.Spot,6947440129078263998,OrderType.Limit,Direction.Long,65000.810000000005,275498160,False,Side.Buy,,65000.810000000005,1653898000,BTC-USDT,TimeCondition.GTC,0.001
2837957847,4194834854,0,1783610628749108598,201,order_input,benchmark,mock,InstrumentType.Spot,6947440129078263999,OrderType.Limit,Direction.Long,65001.02,275499696,False,Side.Sell,,65001.02,1653898000,BTC-USDT,TimeCondition.GTC,0.001
2837957847,4194834854,0,1783610628749375501,201,order_input,benchmark,mock,InstrumentType.Spot,6947440129078264000,OrderType.Limit,Direction.Long,65000.83,275501232,False,Side.Buy,,65000.83,1653898000,BTC-USDT,TimeCondition.GTC,0.001
2837957847,4194834854,0,1783610628749705469,201,order_input,benchmark,mock,InstrumentType.Spot,6947440129078264001,OrderType.Limit,Direction.Long,65001.04,275502768,False,Side.Sell,,65001.04,1653898000,BTC-USDT,TimeCondition.GTC,0.001
2837957847,4194834854,0,1783610628750076812,201,order_input,benchmark,mock,InstrumentType.Spot,6947440129078264002,OrderType.Limit,Direction.Long,65000.85,275504304,False,Side.Buy,,65000.85,1653898000,BTC-USDT,TimeCondition.GTC,0.001
2837957847,4194834854,0,1783610628750396195,201,order_input,benchmark,mock,InstrumentType.Spot,6947440129078264003,OrderType.Limit,Direction.Long,65001.06,275505840,False,Side.Sell,,65001.06,1653898000,BTC-USDT,TimeCondition.GTC,0.001
2837957847,4194834854,0,1783610628750639618,201,order_input,benchmark,mock,InstrumentType.Spot,6947440129078264004,OrderType.Limit,Direction.Long,65000.87,275507376,False,Side.Buy,,65000.87,1653898000,BTC-USDT,TimeCondition.GTC,0.001
2837957847,4194834854,0,1783610628750885311,201,order_input,benchmark,mock,InstrumentType.Spot,6947440129078264005,OrderType.Limit,Direction.Long,65001.08,275508912,False,Side.Sell,,65001.08,1653898000,BTC-USDT,TimeCondition.GTC,0.001
2837957847,4194834854,0,1783610628751262055,201,order_input,benchmark,mock,InstrumentType.Spot,6947440129078264006,OrderType.Limit,Direction.Long,65000.89,275510448,False,Side.Buy,,65000.89,1653898000,BTC-USDT,TimeCondition.GTC,0.001
2837957847,4194834854,0,1783610628751572529,201,order_input,benchmark,mock,InstrumentType.Spot,6947440129078264007,OrderType.Limit,Direction.Long,65000.1,275511984,False,Side.Sell,,65000.1,1653898000,BTC-USDT,TimeCondition.GTC,0.001
2837957847,4194834854,0,1783610628751888101,201,order_input,benchmark,mock,InstrumentType.Spot,6947440129078264008,OrderType.Limit,Direction.Long,64999.91,275513520,False,Side.Buy,,64999.91,1653898000,BTC-USDT,TimeCondition.GTC,0.001
2837957847,4194834854,0,1783610628752138410,201,order_input,benchmark,mock,InstrumentType.Spot,6947440129078264009,OrderType.Limit,Direction.Long,65000.119999999995,275471824,False,Side.Sell,,65000.119999999995,1653898000,BTC-USDT,TimeCondition.GTC,0.001
2837957847,4194834854,0,1783610628752372410,201,order_input,benchmark,mock,InstrumentType.Spot,6947440129078264010,OrderType.Limit,Direction.Long,64999.93,275516896,False,Side.Buy,,64999.93,1653898000,BTC-USDT,TimeCondition.GTC,0.001
2837957847,4194834854,0,1783610628752685000,201,order_input,benchmark,mock,InstrumentType.Spot,6947440129078264011,OrderType.Limit,Direction.Long,65000.14,275518384,False,Side.Sell,,65000.14,1653898000,BTC-USDT,TimeCondition.GTC,0.001
2837957847,4194834854,0,1783610628753047184,201,order_input,benchmark,mock,InstrumentType.Spot,6947440129078264012,OrderType.Limit,Direction.Long,64999.950000000004,275519920,False,Side.Buy,,64999.950000000004,1653898000,BTC-USDT,TimeCondition.GTC,0.001
2837957847,4194834854,0,1783610628753300563,201,order_input,benchmark,mock,InstrumentType.Spot,6947440129078264013,OrderType.Limit,Direction.Long,65000.159999999996,275521456,False,Side.Sell,,65000.159999999996,1653898000,BTC-USDT,TimeCondition.GTC,0.001
2837957847,4194834854,0,1783610628753550256,201,order_input,benchmark,mock,InstrumentType.Spot,6947440129078264014,OrderType.Limit,Direction.Long,64999.97,275522992,False,Side.Buy,,64999.97,1653898000,BTC-USDT,TimeCondition.GTC,0.001
2837957847,4194834854,0,1783610628753930815,201,order_input,benchmark,mock,InstrumentType.Spot,6947440129078264015,OrderType.Limit,Direction.Long,65000.18,275524528,False,Side.Sell,,65000.18,1653898000,BTC-USDT,TimeCondition.GTC,0.001
2837957847,4194834854,0,1783610628754235682,201,order_input,benchmark,mock,InstrumentType.Spot,6947440129078264016,OrderType.Limit,Direction.Long,64999.99,275526064,False,Side.Buy,,64999.99,1653898000,BTC-USDT,TimeCondition.GTC,0.001
2837957847,4194834854,0,1783610628754540898,201,order_input,benchmark,mock,InstrumentType.Spot,6947440129078264017,OrderType.Limit,Direction.Long,65000.2,275527600,False,Side.Sell,,65000.2,1653898000,BTC-USDT,TimeCondition.GTC,0.001
2837957847,4194834854,0,1783610628754829965,201,order_input,benchmark,mock,InstrumentType.Spot,6947440129078264018,OrderType.Limit,Direction.Long,65000.01,275529136,False,Side.Buy,,65000.01,1653898000,BTC-USDT,TimeCondition.GTC,0.001
2837957847,4194834854,0,1783610628755157473,201,order_input,benchmark,mock,InstrumentType.Spot,6947440129078264019,OrderType.Limit,Direction.Long,65000.22,275530672,False,Side.Sell,,65000.22,1653898000,BTC-USDT,TimeCondition.GTC,0.001
2837957847,4194834854,0,1783610628755426224,201,order_input,benchmark,mock,InstrumentType.Spot,6947440129078264020,OrderType.Limit,Direction.Long,65000.03,275532208,False,Side.Buy,,65000.03,1653898000,BTC-USDT,TimeCondition.GTC,0.001
2837957847,4194834854,0,1783610628755670311,201,order_input,benchmark,mock,InstrumentType.Spot,6947440129078264021,OrderType.Limit,Direction.Long,65000.24,275533744,False,Side.Sell,,65000.24,1653898000,BTC-USDT,TimeCondition.GTC,0.001
2837957847,4194834854,0,1783610628756039123,201,order_input,benchmark,mock,InstrumentType.Spot,6947440129078264022,OrderType.Limit,Direction.Long,65000.05,275535280,False,Side.Buy,,65000.05,1653898000,BTC-USDT,TimeCondition.GTC,0.001
2837957847,4194834854,0,1783610628756324204,201,order_input,benchmark,mock,InstrumentType.Spot,6947440129078264023,OrderType.Limit,Direction.Long,65000.26,275536816,False,Side.Sell,,65000.26,1653898000,BTC-USDT,TimeCondition.GTC,0.001
2837957847,4194834854,0,1783610628756616614,201,order_input,benchmark,mock,InstrumentType.Spot,6947440129078264024,OrderType.Limit,Direction.Long,65000.07,275538352,False,Side.Buy,,65000.07,1653898000,BTC-USDT,TimeCondition.GTC,0.001
2837957847,4194834854,0,1783610628756920283,201,order_input,benchmark,mock,InstrumentType.Spot,6947440129078264025,OrderType.Limit,Direction.Long,65000.28,275539888,False,Side.Sell,,65000.28,1653898000,BTC-USDT,TimeCondition.GTC,0.001
2837957847,4194834854,0,1783610628757222857,201,order_input,benchmark,mock,InstrumentType.Spot,6947440129078264026,OrderType.Limit,Direction.Long,65000.090000000004,275541424,False,Side.Buy,,65000.090000000004,1653898000,BTC-USDT,TimeCondition.GTC,0.001
2837957847,4194834854,0,1783610628757525770,201,order_input,benchmark,mock,InstrumentType.Spot,6947440129078264027,OrderType.Limit,Direction.Long,65000.299999999996,275542960,False,Side.Sell,,65000.299999999996,1653898000,BTC-USDT,TimeCondition.GTC,0.001
2837957847,4194834854,0,1783610628757822210,201,order_input,benchmark,mock,InstrumentType.Spot,6947440129078264028,OrderType.Limit,Direction.Long,65000.11,275544496,False,Side.Buy,,65000.11,1653898000,BTC-USDT,TimeCondition.GTC,0.001
2837957847,4194834854,0,1783610628758163196,201,order_input,benchmark,mock,InstrumentType.Spot,6947440129078264029,OrderType.Limit,Direction.Long,65000.32,275546032,False,Side.Sell,,65000.32,1653898000,BTC-USDT,TimeCondition.GTC,0.001
2837957847,4194834854,0,1783610628758643212,201,order_input,benchmark,mock,InstrumentType.Spot,6947440129078264030,OrderType.Limit,Direction.Long,65000.130000000005,275547568,False,Side.Buy,,65000.130000000005,1653898000,BTC-USDT,TimeCondition.GTC,0.001
2837957847,4194834854,0,1783610628758721340,201,order_input,benchmark,mock,InstrumentType.Spot,6947440129078264031,OrderType.Limit,Direction.Long,65000.34,275549072,False,Side.Sell,,65000.34,1653898000,BTC-USDT,TimeCondition.GTC,0.001
2837957847,4194834854,0,1783610628759089260,201,order_input,benchmark,mock,InstrumentType.Spot,6947440129078264032,OrderType.Limit,Direction.Long,65000.15,275550640,False,Side.Buy,,65000.15,1653898000,BTC-USDT,TimeCondition.GTC,0.001
2837957847,4194834854,0,1783610628759307069,201,order_input,benchmark,mock,InstrumentType.Spot,6947440129078264033,OrderType.Limit,Direction.Long,65000.36,275552176,False,Side.Sell,,65000.36,1653898000,BTC-USDT,TimeCondition.GTC,0.001
2837957847,4194834854,0,1783610628759629905,201,order_input,benchmark,mock,InstrumentType.Spot,6947440129078264034,OrderType.Limit,Direction.Long,65000.17,275553712,False,Side.Buy,,65000.17,1653898000,BTC-USDT,TimeCondition.GTC,0.001
2837957847,4194834854,0,1783610628759923334,201,order_input,benchmark,mock,InstrumentType.Spot,6947440129078264035,OrderType.Limit,Direction.Long,65000.38,275555248,False,Side.Sell,,65000.38,1653898000,BTC-USDT,TimeCondition.GTC,0.001
2837957847,4194834854,0,1783610628760294791,201,order_input,benchmark,mock,InstrumentType.Spot,6947440129078264036,OrderType.Limit,Direction.Long,65000.19,275556784,False,Side.Buy,,65000.19,1653898000,BTC-USDT,TimeCondition.GTC,0.001
2837957847,4194834854,0,1783610628760491615,201,order_input,benchmark,mock,InstrumentType.Spot,6947440129078264037,OrderType.Limit,Direction.Long,65000.4,275558320,False,Side.Sell,,65000.4,1653898000,BTC-USDT,TimeCondition.GTC,0.001
2837957847,4194834854,0,1783610628760849923,201,order_input,benchmark,mock,InstrumentType.Spot,6947440129078264038,OrderType.Limit,Direction.Long,65000.21,275559856,False,Side.Buy,,65000.21,1653898000,BTC-USDT,TimeCondition.GTC,0.001
2837957847,4194834854,0,1783610628761127948,201,order_input,benchmark,mock,InstrumentType.Spot,6947440129078264039,OrderType.Limit,Direction.Long,65000.42,275561392,False,Side.Sell,,65000.42,1653898000,BTC-USDT,TimeCondition.GTC,0.001
2837957847,4194834854,0,1783610628761387835,201,order_input,benchmark,mock,InstrumentType.Spot,6947440129078264040,OrderType.Limit,Direction.Long,65000.23,275562928,False,Side.Buy,,65000.23,1653898000,BTC-USDT,TimeCondition.GTC,0.001
2837957847,4194834854,0,1783610628761720919,201,order_input,benchmark,mock,InstrumentType.Spot,6947440129078264041,OrderType.Limit,Direction.Long,65000.439999999995,275515056,False,Side.Sell,,65000.439999999995,1653898000,BTC-USDT,TimeCondition.GTC,0.001
2837957847,4194834854,0,1783610628762039000,201,order_input,benchmark,mock,InstrumentType.Spot,6947440129078264042,OrderType.Limit,Direction.Long,65000.25,275516592,False,Side.Buy,,65000.25,1653898000,BTC-USDT,TimeCondition.GTC,0.001
2837957847,4194834854,0,1783610628762340027,201,order_input,benchmark,mock,InstrumentType.Spot,6947440129078264043,OrderType.Limit,Direction.Long,65000.46,275567824,False,Side.Sell,,65000.46,1653898000,BTC-USDT,TimeCondition.GTC,0.001
2837957847,4194834854,0,1783610628762571283,201,order_input,benchmark,mock,InstrumentType.Spot,6947440129078264044,OrderType.Limit,Direction.Long,65000.270000000004,275569360,False,Side.Buy,,65000.270000000004,1653898000,BTC-USDT,TimeCondition.GTC,0.001
2837957847,4194834854,0,1783610628762921522,201,order_input,benchmark,mock,InstrumentType.Spot,6947440129078264045,OrderType.Limit,Direction.Long,65000.479999999996,275570896,False,Side.Sell,,65000.479999999996,1653898000,BTC-USDT,TimeCondition.GTC,0.001
2837957847,4194834854,0,1783610628763237947,201,order_input,benchmark,mock,InstrumentType.Spot,6947440129078264046,OrderType.Limit,Direction.Long,65000.29,275572432,False,Side.Buy,,65000.29,1653898000,BTC-USDT,TimeCondition.GTC,0.001
2837957847,4194834854,0,1783610628763530357,201,order_input,benchmark,mock,InstrumentType.Spot,6947440129078264047,OrderType.Limit,Direction.Long,65000.5,275573968,False,Side.Sell,,65000.5,1653898000,BTC-USDT,TimeCondition.GTC,0.001
2837957847,4194834854,0,1783610628763841224,201,order_input,benchmark,mock,InstrumentType.Spot,6947440129078264048,OrderType.Limit,Direction.Long,65000.310000000005,275575504,False,Side.Buy,,65000.310000000005,1653898000,BTC-USDT,TimeCondition.GTC,0.001
2837957847,4194834854,0,1783610628764090671,201,order_input,benchmark,mock,InstrumentType.Spot,6947440129078264049,OrderType.Limit,Direction.Long,65000.52,275577040,False,Side.Sell,,65000.52,1653898000,BTC-USDT,TimeCondition.GTC,0.001
2837957847,4194834854,0,1783610628764430870,201,order_input,benchmark,mock,InstrumentType.Spot,6947440129078264050,OrderType.Limit,Direction.Long,65000.33,275578576,False,Side.Buy,,65000.33,1653898000,BTC-USDT,TimeCondition.GTC,0.001
2837957847,4194834854,0,1783610628764735750,201,order_input,benchmark,mock,InstrumentType.Spot,6947440129078264051,OrderType.Limit,Direction.Long,65000.54,275580112,False,Side.Sell,,65000.54,1653898000,BTC-USDT,TimeCondition.GTC,0.001
2837957847,4194834854,0,1783610628765037753,201,order_input,benchmark,mock,InstrumentType.Spot,6947440129078264052,OrderType.Limit,Direction.Long,65000.35,275581648,False,Side.Buy,,65000.35,1653898000,BTC-USDT,TimeCondition.GTC,0.001
2837957847,4194834854,0,1783610628765342113,201,order_input,benchmark,mock,InstrumentType.Spot,6947440129078264053,OrderType.Limit,Direction.Long,65000.56,275583184,False,Side.Sell,,65000.56,1653898000,BTC-USDT,TimeCondition.GTC,0.001
2837957847,4194834854,0,1783610628765903493,201,order_input,benchmark,mock,InstrumentType.Spot,6947440129078264054,OrderType.Limit,Direction.Long,65000.37,275584720,False,Side.Buy,,65000.37,1653898000,BTC-USDT,TimeCondition.GTC,0.001
2837957847,4194834854,0,1783610628766067768,201,order_input,benchmark,mock,InstrumentType.Spot,6947440129078264055,OrderType.Limit,Direction.Long,65000.58,275586256,False,Side.Sell,,65000.58,1653898000,BTC-USDT,TimeCondition.GTC,0.001
2837957847,4194834854,0,1783610628766218571,201,order_input,benchmark,mock,InstrumentType.Spot,6947440129078264056,OrderType.Limit,Direction.Long,65000.39,275587792,False,Side.Buy,,65000.39,1653898000,BTC-USDT,TimeCondition.GTC,0.001
2837957847,4194834854,0,1783610628766460413,201,order_input,benchmark,mock,InstrumentType.Spot,6947440129078264057,OrderType.Limit,Direction.Long,65000.6,275589328,False,Side.Sell,,65000.6,1653898000,BTC-USDT,TimeCondition.GTC,0.001
2837957847,4194834854,0,1783610628766744840,201,order_input,benchmark,mock,InstrumentType.Spot,6947440129078264058,OrderType.Limit,Direction.Long,65000.41,275590864,False,Side.Buy,,65000.41,1653898000,BTC-USDT,TimeCondition.GTC,0.001
2837957847,4194834854,0,1783610628767175570,201,order_input,benchmark,mock,InstrumentType.Spot,6947440129078264059,OrderType.Limit,Direction.Long,65000.619999999995,275592400,False,Side.Sell,,65000.619999999995,1653898000,BTC-USDT,TimeCondition.GTC,0.001
2837957847,4194834854,0,1783610628767415315,201,order_input,benchmark,mock,InstrumentType.Spot,6947440129078264060,OrderType.Limit,Direction.Long,65000.43,275593936,False,Side.Buy,,65000.43,1653898000,BTC-USDT,TimeCondition.GTC,0.001
2837957847,4194834854,0,1783610628767669474,201,order_input,benchmark,mock,InstrumentType.Spot,6947440129078264061,OrderType.Limit,Direction.Long,65000.64,275595472,False,Side.Sell,,65000.64,1653898000,BTC-USDT,TimeCondition.GTC,0.001
2837957847,4194834854,0,1783610628767952743,201,order_input,benchmark,mock,InstrumentType.Spot,6947440129078264062,OrderType.Limit,Direction.Long,65000.450000000004,275597008,False,Side.Buy,,65000.450000000004,1653898000,BTC-USDT,TimeCondition.GTC,0.001
2837957847,4194834854,0,1783610628768323450,201,order_input,benchmark,mock,InstrumentType.Spot,6947440129078264063,OrderType.Limit,Direction.Long,65000.659999999996,275598544,False,Side.Sell,,65000.659999999996,1653898000,BTC-USDT,TimeCondition.GTC,0.001
2837957847,4194834854,0,1783610628768622958,201,order_input,benchmark,mock,InstrumentType.Spot,6947440129078264064,OrderType.Limit,Direction.Long,65000.47,275600080,False,Side.Buy,,65000.47,1653898000,BTC-USDT,TimeCondition.GTC,0.001
2837957847,4194834854,0,1783610628768932509,201,order_input,benchmark,mock,InstrumentType.Spot,6947440129078264065,OrderType.Limit,Direction.Long,65000.68,275601616,False,Side.Sell,,65000.68,1653898000,BTC-USDT,TimeCondition.GTC,0.001
2837957847,4194834854,0,1783610628769243814,201,order_input,benchmark,mock,InstrumentType.Spot,6947440129078264066,OrderType.Limit,Direction.Long,65000.49,275603152,False,Side.Buy,,65000.49,1653898000,BTC-USDT,TimeCondition.GTC,0.001
2837957847,4194834854,0,1783610628769471360,201,order_input,benchmark,mock,InstrumentType.Spot,6947440129078264067,OrderType.Limit,Direction.Long,65000.7,275604688,False,Side.Sell,,65000.7,1653898000,BTC-USDT,TimeCondition.GTC,0.001
2837957847,4194834854,0,1783610628769823037,201,order_input,benchmark,mock,InstrumentType.Spot,6947440129078264068,OrderType.Limit,Direction.Long,65000.51,275606224,False,Side.Buy,,65000.51,1653898000,BTC-USDT,TimeCondition.GTC,0.001
2837957847,4194834854,0,1783610628770121343,201,order_input,benchmark,mock,InstrumentType.Spot,6947440129078264069,OrderType.Limit,Direction.Long,65000.72,275607760,False,Side.Sell,,65000.72,1653898000,BTC-USDT,TimeCondition.GTC,0.001
2837957847,4194834854,0,1783610628770420900,201,order_input,benchmark,mock,InstrumentType.Spot,6947440129078264070,OrderType.Limit,Direction.Long,65000.53,275609296,False,Side.Buy,,65000.53,1653898000,BTC-USDT,TimeCondition.GTC,0.001
2837957847,4194834854,0,1783610628770721190,201,order_input,benchmark,mock,InstrumentType.Spot,6947440129078264071,OrderType.Limit,Direction.Long,65000.74,275610832,False,Side.Sell,,65000.74,1653898000,BTC-USDT,TimeCondition.GTC,0.001
2837957847,4194834854,0,1783610628771027513,201,order_input,benchmark,mock,InstrumentType.Spot,6947440129078264072,OrderType.Limit,Direction.Long,65000.55,275612368,False,Side.Buy,,65000.55,1653898000,BTC-USDT,TimeCondition.GTC,0.001
2837957847,4194834854,0,1783610628771321430,201,order_input,benchmark,mock,InstrumentType.Spot,6947440129078264073,OrderType.Limit,Direction.Long,65000.76,275613904,False,Side.Sell,,65000.76,1653898000,BTC-USDT,TimeCondition.GTC,0.001
2837957847,4194834854,0,1783610628771629101,201,order_input,benchmark,mock,InstrumentType.Spot,6947440129078264074,OrderType.Limit,Direction.Long,65000.57,275615440,False,Side.Buy,,65000.57,1653898000,BTC-USDT,TimeCondition.GTC,0.001
2837957847,4194834854,0,1783610628771934024,201,order_input,benchmark,mock,InstrumentType.Spot,6947440129078264075,OrderType.Limit,Direction.Long,65000.78,275616976,False,Side.Sell,,65000.78,1653898000,BTC-USDT,TimeCondition.GTC,0.001
2837957847,4194834854,0,1783610628772181510,201,order_input,benchmark,mock,InstrumentType.Spot,6947440129078264076,OrderType.Limit,Direction.Long,65000.590000000004,275618512,False,Side.Buy,,65000.590000000004,1653898000,BTC-USDT,TimeCondition.GTC,0.001
2837957847,4194834854,0,1783610628772522921,201,order_input,benchmark,mock,InstrumentType.Spot,6947440129078264077,OrderType.Limit,Direction.Long,65000.799999999996,275564464,False,Side.Sell,,65000.799999999996,1653898000,BTC-USDT,TimeCondition.GTC,0.001
2837957847,4194834854,0,1783610628772921662,201,order_input,benchmark,mock,InstrumentType.Spot,6947440129078264078,OrderType.Limit,Direction.Long,65000.61,275566000,False,Side.Buy,,65000.61,1653898000,BTC-USDT,TimeCondition.GTC,0.001
2837957847,4194834854,0,1783610628773050910,201,order_input,benchmark,mock,InstrumentType.Spot,6947440129078264079,OrderType.Limit,Direction.Long,65000.82,275623456,False,Side.Sell,,65000.82,1653898000,BTC-USDT,TimeCondition.GTC,0.001
2837957847,4194834854,0,1783610628773345281,201,order_input,benchmark,mock,InstrumentType.Spot,6947440129078264080,OrderType.Limit,Direction.Long,65000.630000000005,275624992,False,Side.Buy,,65000.630000000005,1653898000,BTC-USDT,TimeCondition.GTC,0.001
2837957847,4194834854,0,1783610628773690228,201,order_input,benchmark,mock,InstrumentType.Spot,6947440129078264081,OrderType.Limit,Direction.Long,65000.84,275626528,False,Side.Sell,,65000.84,1653898000,BTC-USDT,TimeCondition.GTC,0.001
2837957847,4194834854,0,1783610628774038929,201,order_input,benchmark,mock,InstrumentType.Spot,6947440129078264082,OrderType.Limit,Direction.Long,65000.65,275628064,False,Side.Buy,,65000.65,1653898000,BTC-USDT,TimeCondition.GTC,0.001
2837957847,4194834854,0,1783610628774519838,201,order_input,benchmark,mock,InstrumentType.Spot,6947440129078264083,OrderType.Limit,Direction.Long,65000.86,275629600,False,Side.Sell,,65000.86,1653898000,BTC-USDT,TimeCondition.GTC,0.001
2837957847,4194834854,0,1783610628774633792,201,order_input,benchmark,mock,InstrumentType.Spot,6947440129078264084,OrderType.Limit,Direction.Long,65000.67,275631136,False,Side.Buy,,65000.67,1653898000,BTC-USDT,TimeCondition.GTC,0.001
2837957847,4194834854,0,1783610628774899310,201,order_input,benchmark,mock,InstrumentType.Spot,6947440129078264085,OrderType.Limit,Direction.Long,65000.88,275632672,False,Side.Sell,,65000.88,1653898000,BTC-USDT,TimeCondition.GTC,0.001
2837957847,4194834854,0,1783610628775224889,201,order_input,benchmark,mock,InstrumentType.Spot,6947440129078264086,OrderType.Limit,Direction.Long,65000.69,275634208,False,Side.Buy,,65000.69,1653898000,BTC-USDT,TimeCondition.GTC,0.001
2837957847,4194834854,0,1783610628775519738,201,order_input,benchmark,mock,InstrumentType.Spot,6947440129078264087,OrderType.Limit,Direction.Long,65000.9,275635744,False,Side.Sell,,65000.9,1653898000,BTC-USDT,TimeCondition.GTC,0.001
2837957847,4194834854,0,1783610628775823657,201,order_input,benchmark,mock,InstrumentType.Spot,6947440129078264088,OrderType.Limit,Direction.Long,65000.71,275637280,False,Side.Buy,,65000.71,1653898000,BTC-USDT,TimeCondition.GTC,0.001
2837957847,4194834854,0,1783610628776124024,201,order_input,benchmark,mock,InstrumentType.Spot,6947440129078264089,OrderType.Limit,Direction.Long,65000.92,275638816,False,Side.Sell,,65000.92,1653898000,BTC-USDT,TimeCondition.GTC,0.001
2837957847,4194834854,0,1783610628776440251,201,order_input,benchmark,mock,InstrumentType.Spot,6947440129078264090,OrderType.Limit,Direction.Long,65000.73,275640352,False,Side.Buy,,65000.73,1653898000,BTC-USDT,TimeCondition.GTC,0.001
2837957847,4194834854,0,1783610628776667260,201,order_input,benchmark,mock,InstrumentType.Spot,6947440129078264091,OrderType.Limit,Direction.Long,65000.939999999995,275641888,False,Side.Sell,,65000.939999999995,1653898000,BTC-USDT,TimeCondition.GTC,0.001
2837957847,4194834854,0,1783610628777037101,201,order_input,benchmark,mock,InstrumentType.Spot,6947440129078264092,OrderType.Limit,Direction.Long,65000.75,275643424,False,Side.Buy,,65000.75,1653898000,BTC-USDT,TimeCondition.GTC,0.001
2837957847,4194834854,0,1783610628777288825,201,order_input,benchmark,mock,InstrumentType.Spot,6947440129078264093,OrderType.Limit,Direction.Long,65000.96,275644960,False,Side.Sell,,65000.96,1653898000,BTC-USDT,TimeCondition.GTC,0.001
2837957847,4194834854,0,1783610628777666637,201,order_input,benchmark,mock,InstrumentType.Spot,6947440129078264094,OrderType.Limit,Direction.Long,65000.770000000004,275646496,False,Side.Buy,,65000.770000000004,1653898000,BTC-USDT,TimeCondition.GTC,0.001
2837957847,4194834854,0,1783610628777943844,201,order_input,benchmark,mock,InstrumentType.Spot,6947440129078264095,OrderType.Limit,Direction.Long,65000.979999999996,275648032,False,Side.Sell,,65000.979999999996,1653898000,BTC-USDT,TimeCondition.GTC,0.001
2837957847,4194834854,0,1783610628778241804,201,order_input,benchmark,mock,InstrumentType.Spot,6947440129078264096,OrderType.Limit,Direction.Long,65000.79,275649568,False,Side.Buy,,65000.79,1653898000,BTC-USDT,TimeCondition.GTC,0.001
2837957847,4194834854,0,1783610628778478356,201,order_input,benchmark,mock,InstrumentType.Spot,6947440129078264097,OrderType.Limit,Direction.Long,65001.0,275651104,False,Side.Sell,,65001.0,1653898000,BTC-USDT,TimeCondition.GTC,0.001
2837957847,4194834854,0,1783610628778822667,201,order_input,benchmark,mock,InstrumentType.Spot,6947440129078264098,OrderType.Limit,Direction.Long,65000.810000000005,275652640,False,Side.Buy,,65000.810000000005,1653898000,BTC-USDT,TimeCondition.GTC,0.001
2837957847,4194834854,0,1783610628779124743,201,order_input,benchmark,mock,InstrumentType.Spot,6947440129078264099,OrderType.Limit,Direction.Long,65001.02,275654176,False,Side.Sell,,65001.02,1653898000,BTC-USDT,TimeCondition.GTC,0.001
2837957847,4194834854,0,1783610628779420764,201,order_input,benchmark,mock,InstrumentType.Spot,6947440129078264100,OrderType.Limit,Direction.Long,65000.83,275655712,False,Side.Buy,,65000.83,1653898000,BTC-USDT,TimeCondition.GTC,0.001
2837957847,4194834854,0,1783610628779721116,201,order_input,benchmark,mock,InstrumentType.Spot,6947440129078264101,OrderType.Limit,Direction.Long,65001.04,275657248,False,Side.Sell,,65001.04,1653898000,BTC-USDT,TimeCondition.GTC,0.001
2837957847,4194834854,0,1783610628780026628,201,order_input,benchmark,mock,InstrumentType.Spot,6947440129078264102,OrderType.Limit,Direction.Long,65000.85,275658784,False,Side.Buy,,65000.85,1653898000,BTC-USDT,TimeCondition.GTC,0.001
2837957847,4194834854,0,1783610628780338706,201,order_input,benchmark,mock,InstrumentType.Spot,6947440129078264103,OrderType.Limit,Direction.Long,65001.06,275660320,False,Side.Sell,,65001.06,1653898000,BTC-USDT,TimeCondition.GTC,0.001
2837957847,4194834854,0,1783610628780667545,201,order_input,benchmark,mock,InstrumentType.Spot,6947440129078264104,OrderType.Limit,Direction.Long,65000.87,275661856,False,Side.Buy,,65000.87,1653898000,BTC-USDT,TimeCondition.GTC,0.001
2837957847,4194834854,0,1783610628780920617,201,order_input,benchmark,mock,InstrumentType.Spot,6947440129078264105,OrderType.Limit,Direction.Long,65001.08,275663392,False,Side.Sell,,65001.08,1653898000,BTC-USDT,TimeCondition.GTC,0.001
2837957847,4194834854,0,1783610628781160292,201,order_input,benchmark,mock,InstrumentType.Spot,6947440129078264106,OrderType.Limit,Direction.Long,65000.89,275664928,False,Side.Buy,,65000.89,1653898000,BTC-USDT,TimeCondition.GTC,0.001
2837957847,4194834854,0,1783610628781522553,201,order_input,benchmark,mock,InstrumentType.Spot,6947440129078264107,OrderType.Limit,Direction.Long,65000.1,275666464,False,Side.Sell,,65000.1,1653898000,BTC-USDT,TimeCondition.GTC,0.001
2837957847,4194834854,0,1783610628781820254,201,order_input,benchmark,mock,InstrumentType.Spot,6947440129078264108,OrderType.Limit,Direction.Long,64999.91,275668000,False,Side.Buy,,64999.91,1653898000,BTC-USDT,TimeCondition.GTC,0.001
2837957847,4194834854,0,1783610628782124868,201,order_input,benchmark,mock,InstrumentType.Spot,6947440129078264109,OrderType.Limit,Direction.Long,65000.119999999995,275669536,False,Side.Sell,,65000.119999999995,1653898000,BTC-USDT,TimeCondition.GTC,0.001
2837957847,4194834854,0,1783610628782417857,201,order_input,benchmark,mock,InstrumentType.Spot,6947440129078264110,OrderType.Limit,Direction.Long,64999.93,275671072,False,Side.Buy,,64999.93,1653898000,BTC-USDT,TimeCondition.GTC,0.001
2837957847,4194834854,0,1783610628782724714,201,order_input,benchmark,mock,InstrumentType.Spot,6947440129078264111,OrderType.Limit,Direction.Long,65000.14,275672608,False,Side.Sell,,65000.14,1653898000,BTC-USDT,TimeCondition.GTC,0.001
2837957847,4194834854,0,1783610628783212526,201,order_input,benchmark,mock,InstrumentType.Spot,6947440129078264112,OrderType.Limit,Direction.Long,64999.950000000004,275674144,False,Side.Buy,,64999.950000000004,1653898000,BTC-USDT,TimeCondition.GTC,0.001
2837957847,4194834854,0,1783610628783385992,201,order_input,benchmark,mock,InstrumentType.Spot,6947440129078264113,OrderType.Limit,Direction.Long,65000.159999999996,275675680,False,Side.Sell,,65000.159999999996,1653898000,BTC-USDT,TimeCondition.GTC,0.001
2837957847,4194834854,0,1783610628783579261,201,order_input,benchmark,mock,InstrumentType.Spot,6947440129078264114,OrderType.Limit,Direction.Long,64999.97,275677216,False,Side.Buy,,64999.97,1653898000,BTC-USDT,TimeCondition.GTC,0.001
2837957847,4194834854,0,1783610628784036597,201,order_input,benchmark,mock,InstrumentType.Spot,6947440129078264115,OrderType.Limit,Direction.Long,65000.18,275678752,False,Side.Sell,,65000.18,1653898000,BTC-USDT,TimeCondition.GTC,0.001
2837957847,4194834854,0,1783610628784287679,201,order_input,benchmark,mock,InstrumentType.Spot,6947440129078264116,OrderType.Limit,Direction.Long,64999.99,275680288,False,Side.Buy,,64999.99,1653898000,BTC-USDT,TimeCondition.GTC,0.001
2837957847,4194834854,0,1783610628784468160,201,order_input,benchmark,mock,InstrumentType.Spot,6947440129078264117,OrderType.Limit,Direction.Long,65000.2,275620048,False,Side.Sell,,65000.2,1653898000,BTC-USDT,TimeCondition.GTC,0.001
2837957847,4194834854,0,1783610628784803189,201,order_input,benchmark,mock,InstrumentType.Spot,6947440129078264118,OrderType.Limit,Direction.Long,65000.01,275621584,False,Side.Buy,,65000.01,1653898000,BTC-USDT,TimeCondition.GTC,0.001
2837957847,4194834854,0,1783610628785223152,201,order_input,benchmark,mock,InstrumentType.Spot,6947440129078264119,OrderType.Limit,Direction.Long,65000.22,275622336,False,Side.Sell,,65000.22,1653898000,BTC-USDT,TimeCondition.GTC,0.001
2837957847,4194834854,0,1783610628785409496,201,order_input,benchmark,mock,InstrumentType.Spot,6947440129078264120,OrderType.Limit,Direction.Long,65000.03,275686784,False,Side.Buy,,65000.03,1653898000,BTC-USDT,TimeCondition.GTC,0.001
2837957847,4194834854,0,1783610628785673312,201,order_input,benchmark,mock,InstrumentType.Spot,6947440129078264121,OrderType.Limit,Direction.Long,65000.24,275688320,False,Side.Sell,,65000.24,1653898000,BTC-USDT,TimeCondition.GTC,0.001
2837957847,4194834854,0,1783610628786092862,201,order_input,benchmark,mock,InstrumentType.Spot,6947440129078264122,OrderType.Limit,Direction.Long,65000.05,275689856,False,Side.Buy,,65000.05,1653898000,BTC-USDT,TimeCondition.GTC,0.001
2837957847,4194834854,0,1783610628786340865,201,order_input,benchmark,mock,InstrumentType.Spot,6947440129078264123,OrderType.Limit,Direction.Long,65000.26,275691392,False,Side.Sell,,65000.26,1653898000,BTC-USDT,TimeCondition.GTC,0.001
2837957847,4194834854,0,1783610628786586379,201,order_input,benchmark,mock,InstrumentType.Spot,6947440129078264124,OrderType.Limit,Direction.Long,65000.07,275692928,False,Side.Buy,,65000.07,1653898000,BTC-USDT,TimeCondition.GTC,0.001
2837957847,4194834854,0,1783610628786981089,201,order_input,benchmark,mock,InstrumentType.Spot,6947440129078264125,OrderType.Limit,Direction.Long,65000.28,275694464,False,Side.Sell,,65000.28,1653898000,BTC-USDT,TimeCondition.GTC,0.001
2837957847,4194834854,0,1783610628787347364,201,order_input,benchmark,mock,InstrumentType.Spot,6947440129078264126,OrderType.Limit,Direction.Long,65000.090000000004,275696000,False,Side.Buy,,65000.090000000004,1653898000,BTC-USDT,TimeCondition.GTC,0.001
2837957847,4194834854,0,1783610628787617747,201,order_input,benchmark,mock,InstrumentType.Spot,6947440129078264127,OrderType.Limit,Direction.Long,65000.299999999996,275697536,False,Side.Sell,,65000.299999999996,1653898000,BTC-USDT,TimeCondition.GTC,0.001
2837957847,4194834854,0,1783610628787781029,201,order_input,benchmark,mock,InstrumentType.Spot,6947440129078264128,OrderType.Limit,Direction.Long,65000.11,275699072,False,Side.Buy,,65000.11,1653898000,BTC-USDT,TimeCondition.GTC,0.001
2837957847,4194834854,0,1783610628788097835,201,order_input,benchmark,mock,InstrumentType.Spot,6947440129078264129,OrderType.Limit,Direction.Long,65000.32,275700608,False,Side.Sell,,65000.32,1653898000,BTC-USDT,TimeCondition.GTC,0.001
2837957847,4194834854,0,1783610628788446380,201,order_input,benchmark,mock,InstrumentType.Spot,6947440129078264130,OrderType.Limit,Direction.Long,65000.130000000005,275702144,False,Side.Buy,,65000.130000000005,1653898000,BTC-USDT,TimeCondition.GTC,0.001
2837957847,4194834854,0,1783610628788725911,201,order_input,benchmark,mock,InstrumentType.Spot,6947440129078264131,OrderType.Limit,Direction.Long,65000.34,275703680,False,Side.Sell,,65000.34,1653898000,BTC-USDT,TimeCondition.GTC,0.001
2837957847,4194834854,0,1783610628788949115,201,order_input,benchmark,mock,InstrumentType.Spot,6947440129078264132,OrderType.Limit,Direction.Long,65000.15,275705216,False,Side.Buy,,65000.15,1653898000,BTC-USDT,TimeCondition.GTC,0.001
2837957847,4194834854,0,1783610628789336351,201,order_input,benchmark,mock,InstrumentType.Spot,6947440129078264133,OrderType.Limit,Direction.Long,65000.36,275706752,False,Side.Sell,,65000.36,1653898000,BTC-USDT,TimeCondition.GTC,0.001
2837957847,4194834854,0,1783610628789580623,201,order_input,benchmark,mock,InstrumentType.Spot,6947440129078264134,OrderType.Limit,Direction.Long,65000.17,275708288,False,Side.Buy,,65000.17,1653898000,BTC-USDT,TimeCondition.GTC,0.001
2837957847,4194834854,0,1783610628789959555,201,order_input,benchmark,mock,InstrumentType.Spot,6947440129078264135,OrderType.Limit,Direction.Long,65000.38,275709824,False,Side.Sell,,65000.38,1653898000,BTC-USDT,TimeCondition.GTC,0.001
2837957847,4194834854,0,1783610628790255365,201,order_input,benchmark,mock,InstrumentType.Spot,6947440129078264136,OrderType.Limit,Direction.Long,65000.19,275711360,False,Side.Buy,,65000.19,1653898000,BTC-USDT,TimeCondition.GTC,0.001
2837957847,4194834854,0,1783610628790505445,201,order_input,benchmark,mock,InstrumentType.Spot,6947440129078264137,OrderType.Limit,Direction.Long,65000.4,275712896,False,Side.Sell,,65000.4,1653898000,BTC-USDT,TimeCondition.GTC,0.001
2837957847,4194834854,0,1783610628790857661,201,order_input,benchmark,mock,InstrumentType.Spot,6947440129078264138,OrderType.Limit,Direction.Long,65000.21,275714432,False,Side.Buy,,65000.21,1653898000,BTC-USDT,TimeCondition.GTC,0.001
2837957847,4194834854,0,1783610628791124883,201,order_input,benchmark,mock,InstrumentType.Spot,6947440129078264139,OrderType.Limit,Direction.Long,65000.42,275715968,False,Side.Sell,,65000.42,1653898000,BTC-USDT,TimeCondition.GTC,0.001
2837957847,4194834854,0,1783610628791441827,201,order_input,benchmark,mock,InstrumentType.Spot,6947440129078264140,OrderType.Limit,Direction.Long,65000.23,275717504,False,Side.Buy,,65000.23,1653898000,BTC-USDT,TimeCondition.GTC,0.001
2837957847,4194834854,0,1783610628791689117,201,order_input,benchmark,mock,InstrumentType.Spot,6947440129078264141,OrderType.Limit,Direction.Long,65000.439999999995,275719040,False,Side.Sell,,65000.439999999995,1653898000,BTC-USDT,TimeCondition.GTC,0.001
2837957847,4194834854,0,1783610628792046737,201,order_input,benchmark,mock,InstrumentType.Spot,6947440129078264142,OrderType.Limit,Direction.Long,65000.25,275720576,False,Side.Buy,,65000.25,1653898000,BTC-USDT,TimeCondition.GTC,0.001
2837957847,4194834854,0,1783610628792293509,201,order_input,benchmark,mock,InstrumentType.Spot,6947440129078264143,OrderType.Limit,Direction.Long,65000.46,275722112,False,Side.Sell,,65000.46,1653898000,BTC-USDT,TimeCondition.GTC,0.001
2837957847,4194834854,0,1783610628792564048,201,order_input,benchmark,mock,InstrumentType.Spot,6947440129078264144,OrderType.Limit,Direction.Long,65000.270000000004,275723648,False,Side.Buy,,65000.270000000004,1653898000,BTC-USDT,TimeCondition.GTC,0.001
2837957847,4194834854,0,1783610628793219550,201,order_input,benchmark,mock,InstrumentType.Spot,6947440129078264145,OrderType.Limit,Direction.Long,65000.479999999996,275725184,False,Side.Sell,,65000.479999999996,1653898000,BTC-USDT,TimeCondition.GTC,0.001
2837957847,4194834854,0,1783610628793256890,201,order_input,benchmark,mock,InstrumentType.Spot,6947440129078264146,OrderType.Limit,Direction.Long,65000.29,275726688,False,Side.Buy,,65000.29,1653898000,BTC-USDT,TimeCondition.GTC,0.001
2837957847,4194834854,0,1783610628793446856,201,order_input,benchmark,mock,InstrumentType.Spot,6947440129078264147,OrderType.Limit,Direction.Long,65000.5,275728256,False,Side.Sell,,65000.5,1653898000,BTC-USDT,TimeCondition.GTC,0.001
2837957847,4194834854,0,1783610628793837337,201,order_input,benchmark,mock,InstrumentType.Spot,6947440129078264148,OrderType.Limit,Direction.Long,65000.310000000005,275729792,False,Side.Buy,,65000.310000000005,1653898000,BTC-USDT,TimeCondition.GTC,0.001
2837957847,4194834854,0,1783610628794052633,201,order_input,benchmark,mock,InstrumentType.Spot,6947440129078264149,OrderType.Limit,Direction.Long,65000.52,275731328,False,Side.Sell,,65000.52,1653898000,BTC-USDT,TimeCondition.GTC,0.001
2837957847,4194834854,0,1783610628794434198,201,order_input,benchmark,mock,InstrumentType.Spot,6947440129078264150,OrderType.Limit,Direction.Long,65000.33,275732864,False,Side.Buy,,65000.33,1653898000,BTC-USDT,TimeCondition.GTC,0.001
2837957847,4194834854,0,1783610628794701741,201,order_input,benchmark,mock,InstrumentType.Spot,6947440129078264151,OrderType.Limit,Direction.Long,65000.54,275734400,False,Side.Sell,,65000.54,1653898000,BTC-USDT,TimeCondition.GTC,0.001
2837957847,4194834854,0,1783610628795039860,201,order_input,benchmark,mock,InstrumentType.Spot,6947440129078264152,OrderType.Limit,Direction.Long,65000.35,275735936,False,Side.Buy,,65000.35,1653898000,BTC-USDT,TimeCondition.GTC,0.001
2837957847,4194834854,0,1783610628795320748,201,order_input,benchmark,mock,InstrumentType.Spot,6947440129078264153,OrderType.Limit,Direction.Long,65000.56,275737472,False,Side.Sell,,65000.56,1653898000,BTC-USDT,TimeCondition.GTC,0.001
2837957847,4194834854,0,1783610628795619595,201,order_input,benchmark,mock,InstrumentType.Spot,6947440129078264154,OrderType.Limit,Direction.Long,65000.37,275739008,False,Side.Buy,,65000.37,1653898000,BTC-USDT,TimeCondition.GTC,0.001
2837957847,4194834854,0,1783610628795920535,201,order_input,benchmark,mock,InstrumentType.Spot,6947440129078264155,OrderType.Limit,Direction.Long,65000.58,275740544,False,Side.Sell,,65000.58,1653898000,BTC-USDT,TimeCondition.GTC,0.001
2837957847,4194834854,0,1783610628796222462,201,order_input,benchmark,mock,InstrumentType.Spot,6947440129078264156,OrderType.Limit,Direction.Long,65000.39,275742080,False,Side.Buy,,65000.39,1653898000,BTC-USDT,TimeCondition.GTC,0.001
2837957847,4194834854,0,1783610628796520128,201,order_input,benchmark,mock,InstrumentType.Spot,6947440129078264157,OrderType.Limit,Direction.Long,65000.6,275743616,False,Side.Sell,,65000.6,1653898000,BTC-USDT,TimeCondition.GTC,0.001
2837957847,4194834854,0,1783610628796820223,201,order_input,benchmark,mock,InstrumentType.Spot,6947440129078264158,OrderType.Limit,Direction.Long,65000.41,275745152,False,Side.Buy,,65000.41,1653898000,BTC-USDT,TimeCondition.GTC,0.001
2837957847,4194834854,0,1783610628797123997,201,order_input,benchmark,mock,InstrumentType.Spot,6947440129078264159,OrderType.Limit,Direction.Long,65000.619999999995,275746688,False,Side.Sell,,65000.619999999995,1653898000,BTC-USDT,TimeCondition.GTC,0.001
2837957847,4194834854,0,1783610628797446890,201,order_input,benchmark,mock,InstrumentType.Spot,6947440129078264160,OrderType.Limit,Direction.Long,65000.43,275748224,False,Side.Buy,,65000.43,1653898000,BTC-USDT,TimeCondition.GTC,0.001
2837957847,4194834854,0,1783610628797673664,201,order_input,benchmark,mock,InstrumentType.Spot,6947440129078264161,OrderType.Limit,Direction.Long,65000.64,275681824,False,Side.Sell,,65000.64,1653898000,BTC-USDT,TimeCondition.GTC,0.001
2837957847,4194834854,0,1783610628798023685,201,order_input,benchmark,mock,InstrumentType.Spot,6947440129078264162,OrderType.Limit,Direction.Long,65000.450000000004,275683360,False,Side.Buy,,65000.450000000004,1653898000,BTC-USDT,TimeCondition.GTC,0.001
2837957847,4194834854,0,1783610628798242514,201,order_input,benchmark,mock,InstrumentType.Spot,6947440129078264163,OrderType.Limit,Direction.Long,65000.659999999996,275753232,False,Side.Sell,,65000.659999999996,1653898000,BTC-USDT,TimeCondition.GTC,0.001
2837957847,4194834854,0,1783610628798642814,201,order_input,benchmark,mock,InstrumentType.Spot,6947440129078264164,OrderType.Limit,Direction.Long,65000.47,275754768,False,Side.Buy,,65000.47,1653898000,BTC-USDT,TimeCondition.GTC,0.001
2837957847,4194834854,0,1783610628798908517,201,order_input,benchmark,mock,InstrumentType.Spot,6947440129078264165,OrderType.Limit,Direction.Long,65000.68,275756304,False,Side.Sell,,65000.68,1653898000,BTC-USDT,TimeCondition.GTC,0.001
2837957847,4194834854,0,1783610628799148523,201,order_input,benchmark,mock,InstrumentType.Spot,6947440129078264166,OrderType.Limit,Direction.Long,65000.49,275757840,False,Side.Buy,,65000.49,1653898000,BTC-USDT,TimeCondition.GTC,0.001
2837957847,4194834854,0,1783610628799522945,201,order_input,benchmark,mock,InstrumentType.Spot,6947440129078264167,OrderType.Limit,Direction.Long,65000.7,275759376,False,Side.Sell,,65000.7,1653898000,BTC-USDT,TimeCondition.GTC,0.001
2837957847,4194834854,0,1783610628799825732,201,order_input,benchmark,mock,InstrumentType.Spot,6947440129078264168,OrderType.Limit,Direction.Long,65000.51,275760912,False,Side.Buy,,65000.51,1653898000,BTC-USDT,TimeCondition.GTC,0.001
2837957847,4194834854,0,1783610628800127998,201,order_input,benchmark,mock,InstrumentType.Spot,6947440129078264169,OrderType.Limit,Direction.Long,65000.72,275762448,False,Side.Sell,,65000.72,1653898000,BTC-USDT,TimeCondition.GTC,0.001
2837957847,4194834854,0,1783610628800439061,201,order_input,benchmark,mock,InstrumentType.Spot,6947440129078264170,OrderType.Limit,Direction.Long,65000.53,275763984,False,Side.Buy,,65000.53,1653898000,BTC-USDT,TimeCondition.GTC,0.001
2837957847,4194834854,0,1783610628800726991,201,order_input,benchmark,mock,InstrumentType.Spot,6947440129078264171,OrderType.Limit,Direction.Long,65000.74,275765520,False,Side.Sell,,65000.74,1653898000,BTC-USDT,TimeCondition.GTC,0.001
2837957847,4194834854,0,1783610628801040518,201,order_input,benchmark,mock,InstrumentType.Spot,6947440129078264172,OrderType.Limit,Direction.Long,65000.55,275767056,False,Side.Buy,,65000.55,1653898000,BTC-USDT,TimeCondition.GTC,0.001
2837957847,4194834854,0,1783610628801284882,201,order_input,benchmark,mock,InstrumentType.Spot,6947440129078264173,OrderType.Limit,Direction.Long,65000.76,275768592,False,Side.Sell,,65000.76,1653898000,BTC-USDT,TimeCondition.GTC,0.001
2837957847,4194834854,0,1783610628801635451,201,order_input,benchmark,mock,InstrumentType.Spot,6947440129078264174,OrderType.Limit,Direction.Long,65000.57,275770128,False,Side.Buy,,65000.57,1653898000,BTC-USDT,TimeCondition.GTC,0.001
2837957847,4194834854,0,1783610628801933596,201,order_input,benchmark,mock,InstrumentType.Spot,6947440129078264175,OrderType.Limit,Direction.Long,65000.78,275771664,False,Side.Sell,,65000.78,1653898000,BTC-USDT,TimeCondition.GTC,0.001
2837957847,4194834854,0,1783610628802235950,201,order_input,benchmark,mock,InstrumentType.Spot,6947440129078264176,OrderType.Limit,Direction.Long,65000.590000000004,275773200,False,Side.Buy,,65000.590000000004,1653898000,BTC-USDT,TimeCondition.GTC,0.001
2837957847,4194834854,0,1783610628802545276,201,order_input,benchmark,mock,InstrumentType.Spot,6947440129078264177,OrderType.Limit,Direction.Long,65000.799999999996,275774736,False,Side.Sell,,65000.799999999996,1653898000,BTC-USDT,TimeCondition.GTC,0.001
2837957847,4194834854,0,1783610628802760080,201,order_input,benchmark,mock,InstrumentType.Spot,6947440129078264178,OrderType.Limit,Direction.Long,65000.61,275776272,False,Side.Buy,,65000.61,1653898000,BTC-USDT,TimeCondition.GTC,0.001
2837957847,4194834854,0,1783610628803144524,201,order_input,benchmark,mock,InstrumentType.Spot,6947440129078264179,OrderType.Limit,Direction.Long,65000.82,275777808,False,Side.Sell,,65000.82,1653898000,BTC-USDT,TimeCondition.GTC,0.001
2837957847,4194834854,0,1783610628803446056,201,order_input,benchmark,mock,InstrumentType.Spot,6947440129078264180,OrderType.Limit,Direction.Long,65000.630000000005,275779344,False,Side.Buy,,65000.630000000005,1653898000,BTC-USDT,TimeCondition.GTC,0.001
2837957847,4194834854,0,1783610628803741005,201,order_input,benchmark,mock,InstrumentType.Spot,6947440129078264181,OrderType.Limit,Direction.Long,65000.84,275780880,False,Side.Sell,,65000.84,1653898000,BTC-USDT,TimeCondition.GTC,0.001
2837957847,4194834854,0,1783610628804049278,201,order_input,benchmark,mock,InstrumentType.Spot,6947440129078264182,OrderType.Limit,Direction.Long,65000.65,275782416,False,Side.Buy,,65000.65,1653898000,BTC-USDT,TimeCondition.GTC,0.001
2837957847,4194834854,0,1783610628804342571,201,order_input,benchmark,mock,InstrumentType.Spot,6947440129078264183,OrderType.Limit,Direction.Long,65000.86,275783952,False,Side.Sell,,65000.86,1653898000,BTC-USDT,TimeCondition.GTC,0.001
2837957847,4194834854,0,1783610628804655161,201,order_input,benchmark,mock,InstrumentType.Spot,6947440129078264184,OrderType.Limit,Direction.Long,65000.67,275785488,False,Side.Buy,,65000.67,1653898000,BTC-USDT,TimeCondition.GTC,0.001
2837957847,4194834854,0,1783610628804921776,201,order_input,benchmark,mock,InstrumentType.Spot,6947440129078264185,OrderType.Limit,Direction.Long,65000.88,275787024,False,Side.Sell,,65000.88,1653898000,BTC-USDT,TimeCondition.GTC,0.001
2837957847,4194834854,0,1783610628805322877,201,order_input,benchmark,mock,InstrumentType.Spot,6947440129078264186,OrderType.Limit,Direction.Long,65000.69,275788560,False,Side.Buy,,65000.69,1653898000,BTC-USDT,TimeCondition.GTC,0.001
2837957847,4194834854,0,1783610628805462849,201,order_input,benchmark,mock,InstrumentType.Spot,6947440129078264187,OrderType.Limit,Direction.Long,65000.9,275790096,False,Side.Sell,,65000.9,1653898000,BTC-USDT,TimeCondition.GTC,0.001
2837957847,4194834854,0,1783610628805826494,201,order_input,benchmark,mock,InstrumentType.Spot,6947440129078264188,OrderType.Limit,Direction.Long,65000.71,275791632,False,Side.Buy,,65000.71,1653898000,BTC-USDT,TimeCondition.GTC,0.001
2837957847,4194834854,0,1783610628806135360,201,order_input,benchmark,mock,InstrumentType.Spot,6947440129078264189,OrderType.Limit,Direction.Long,65000.92,275793168,False,Side.Sell,,65000.92,1653898000,BTC-USDT,TimeCondition.GTC,0.001
2837957847,4194834854,0,1783610628806428605,201,order_input,benchmark,mock,InstrumentType.Spot,6947440129078264190,OrderType.Limit,Direction.Long,65000.73,275794704,False,Side.Buy,,65000.73,1653898000,BTC-USDT,TimeCondition.GTC,0.001
2837957847,4194834854,0,1783610628806727591,201,order_input,benchmark,mock,InstrumentType.Spot,6947440129078264191,OrderType.Limit,Direction.Long,65000.939999999995,275796240,False,Side.Sell,,65000.939999999995,1653898000,BTC-USDT,TimeCondition.GTC,0.001
2837957847,4194834854,0,1783610628807045325,201,order_input,benchmark,mock,InstrumentType.Spot,6947440129078264192,OrderType.Limit,Direction.Long,65000.75,275797776,False,Side.Buy,,65000.75,1653898000,BTC-USDT,TimeCondition.GTC,0.001
2837957847,4194834854,0,1783610628807376409,201,order_input,benchmark,mock,InstrumentType.Spot,6947440129078264193,OrderType.Limit,Direction.Long,65000.96,275799312,False,Side.Sell,,65000.96,1653898000,BTC-USDT,TimeCondition.GTC,0.001
2837957847,4194834854,0,1783610628807576438,201,order_input,benchmark,mock,InstrumentType.Spot,6947440129078264194,OrderType.Limit,Direction.Long,65000.770000000004,275800848,False,Side.Buy,,65000.770000000004,1653898000,BTC-USDT,TimeCondition.GTC,0.001
2837957847,4194834854,0,1783610628807927141,201,order_input,benchmark,mock,InstrumentType.Spot,6947440129078264195,OrderType.Limit,Direction.Long,65000.979999999996,275802384,False,Side.Sell,,65000.979999999996,1653898000,BTC-USDT,TimeCondition.GTC,0.001
2837957847,4194834854,0,1783610628808227433,201,order_input,benchmark,mock,InstrumentType.Spot,6947440129078264196,OrderType.Limit,Direction.Long,65000.79,275803920,False,Side.Buy,,65000.79,1653898000,BTC-USDT,TimeCondition.GTC,0.001
2837957847,4194834854,0,1783610628808530017,201,order_input,benchmark,mock,InstrumentType.Spot,6947440129078264197,OrderType.Limit,Direction.Long,65001.0,275805456,False,Side.Sell,,65001.0,1653898000,BTC-USDT,TimeCondition.GTC,0.001
2837957847,4194834854,0,1783610628808823883,201,order_input,benchmark,mock,InstrumentType.Spot,6947440129078264198,OrderType.Limit,Direction.Long,65000.810000000005,275806992,False,Side.Buy,,65000.810000000005,1653898000,BTC-USDT,TimeCondition.GTC,0.001
2837957847,4194834854,0,1783610628809143769,201,order_input,benchmark,mock,InstrumentType.Spot,6947440129078264199,OrderType.Limit,Direction.Long,65001.02,275808528,False,Side.Sell,,65001.02,1653898000,BTC-USDT,TimeCondition.GTC,0.001
2837957847,4194834854,0,1783610628809706690,201,order_input,benchmark,mock,InstrumentType.Spot,6947440129078264200,OrderType.Limit,Direction.Long,65000.83,275810064,False,Side.Buy,,65000.83,1653898000,BTC-USDT,TimeCondition.GTC,0.001
2837957847,4194834854,0,1783610628809774133,201,order_input,benchmark,mock,InstrumentType.Spot,6947440129078264201,OrderType.Limit,Direction.Long,65001.04,275811600,False,Side.Sell,,65001.04,1653898000,BTC-USDT,TimeCondition.GTC,0.001
2837957847,4194834854,0,1783610628809942623,201,order_input,benchmark,mock,InstrumentType.Spot,6947440129078264202,OrderType.Limit,Direction.Long,65000.85,275813136,False,Side.Buy,,65000.85,1653898000,BTC-USDT,TimeCondition.GTC,0.001
2837957847,4194834854,0,1783610628810246282,201,order_input,benchmark,mock,InstrumentType.Spot,6947440129078264203,OrderType.Limit,Direction.Long,65001.06,275814672,False,Side.Sell,,65001.06,1653898000,BTC-USDT,TimeCondition.GTC,0.001
2837957847,4194834854,0,1783610628810624712,201,order_input,benchmark,mock,InstrumentType.Spot,6947440129078264204,OrderType.Limit,Direction.Long,65000.87,275816208,False,Side.Buy,,65000.87,1653898000,BTC-USDT,TimeCondition.GTC,0.001
2837957847,4194834854,0,1783610628810929327,201,order_input,benchmark,mock,InstrumentType.Spot,6947440129078264205,OrderType.Limit,Direction.Long,65001.08,275817744,False,Side.Sell,,65001.08,1653898000,BTC-USDT,TimeCondition.GTC,0.001
2837957847,4194834854,0,1783610628811168758,201,order_input,benchmark,mock,InstrumentType.Spot,6947440129078264206,OrderType.Limit,Direction.Long,65000.89,275819280,False,Side.Buy,,65000.89,1653898000,BTC-USDT,TimeCondition.GTC,0.001
2837957847,4194834854,0,1783610628811536300,201,order_input,benchmark,mock,InstrumentType.Spot,6947440129078264207,OrderType.Limit,Direction.Long,65000.1,275820816,False,Side.Sell,,65000.1,1653898000,BTC-USDT,TimeCondition.GTC,0.001
2837957847,4194834854,0,1783610628811764759,201,order_input,benchmark,mock,InstrumentType.Spot,6947440129078264208,OrderType.Limit,Direction.Long,64999.91,275822352,False,Side.Buy,,64999.91,1653898000,BTC-USDT,TimeCondition.GTC,0.001
2837957847,4194834854,0,1783610628812125890,201,order_input,benchmark,mock,InstrumentType.Spot,6947440129078264209,OrderType.Limit,Direction.Long,65000.119999999995,275749760,False,Side.Sell,,65000.119999999995,1653898000,BTC-USDT,TimeCondition.GTC,0.001
2837957847,4194834854,0,1783610628812419559,201,order_input,benchmark,mock,InstrumentType.Spot,6947440129078264210,OrderType.Limit,Direction.Long,64999.93,275751296,False,Side.Buy,,64999.93,1653898000,BTC-USDT,TimeCondition.GTC,0.001
2837957847,4194834854,0,1783610628812711681,201,order_input,benchmark,mock,InstrumentType.Spot,6947440129078264211,OrderType.Limit,Direction.Long,65000.14,275827520,False,Side.Sell,,65000.14,1653898000,BTC-USDT,TimeCondition.GTC,0.001
2837957847,4194834854,0,1783610628813025685,201,order_input,benchmark,mock,InstrumentType.Spot,6947440129078264212,OrderType.Limit,Direction.Long,64999.950000000004,275828944,False,Side.Buy,,64999.950000000004,1653898000,BTC-USDT,TimeCondition.GTC,0.001
2837957847,4194834854,0,1783610628813319468,201,order_input,benchmark,mock,InstrumentType.Spot,6947440129078264213,OrderType.Limit,Direction.Long,65000.159999999996,275830480,False,Side.Sell,,65000.159999999996,1653898000,BTC-USDT,TimeCondition.GTC,0.001
2837957847,4194834854,0,1783610628813622055,201,order_input,benchmark,mock,InstrumentType.Spot,6947440129078264214,OrderType.Limit,Direction.Long,64999.97,275832016,False,Side.Buy,,64999.97,1653898000,BTC-USDT,TimeCondition.GTC,0.001
2837957847,4194834854,0,1783610628813918534,201,order_input,benchmark,mock,InstrumentType.Spot,6947440129078264215,OrderType.Limit,Direction.Long,65000.18,275833552,False,Side.Sell,,65000.18,1653898000,BTC-USDT,TimeCondition.GTC,0.001
2837957847,4194834854,0,1783610628814222428,201,order_input,benchmark,mock,InstrumentType.Spot,6947440129078264216,OrderType.Limit,Direction.Long,64999.99,275835088,False,Side.Buy,,64999.99,1653898000,BTC-USDT,TimeCondition.GTC,0.001
2837957847,4194834854,0,1783610628814519653,201,order_input,benchmark,mock,InstrumentType.Spot,6947440129078264217,OrderType.Limit,Direction.Long,65000.2,275836624,False,Side.Sell,,65000.2,1653898000,BTC-USDT,TimeCondition.GTC,0.001
2837957847,4194834854,0,1783610628814827727,201,order_input,benchmark,mock,InstrumentType.Spot,6947440129078264218,OrderType.Limit,Direction.Long,65000.01,275838160,False,Side.Buy,,65000.01,1653898000,BTC-USDT,TimeCondition.GTC,0.001
2837957847,4194834854,0,1783610628815123328,201,order_input,benchmark,mock,InstrumentType.Spot,6947440129078264219,OrderType.Limit,Direction.Long,65000.22,275839696,False,Side.Sell,,65000.22,1653898000,BTC-USDT,TimeCondition.GTC,0.001
2837957847,4194834854,0,1783610628815420798,201,order_input,benchmark,mock,InstrumentType.Spot,6947440129078264220,OrderType.Limit,Direction.Long,65000.03,275841232,False,Side.Buy,,65000.03,1653898000,BTC-USDT,TimeCondition.GTC,0.001
2837957847,4194834854,0,1783610628815719572,201,order_input,benchmark,mock,InstrumentType.Spot,6947440129078264221,OrderType.Limit,Direction.Long,65000.24,275842768,False,Side.Sell,,65000.24,1653898000,BTC-USDT,TimeCondition.GTC,0.001
2837957847,4194834854,0,1783610628816034561,201,order_input,benchmark,mock,InstrumentType.Spot,6947440129078264222,OrderType.Limit,Direction.Long,65000.05,275844304,False,Side.Buy,,65000.05,1653898000,BTC-USDT,TimeCondition.GTC,0.001
2837957847,4194834854,0,1783610628816479411,201,order_input,benchmark,mock,InstrumentType.Spot,6947440129078264223,OrderType.Limit,Direction.Long,65000.26,275845840,False,Side.Sell,,65000.26,1653898000,BTC-USDT,TimeCondition.GTC,0.001
2837957847,4194834854,0,1783610628816587817,201,order_input,benchmark,mock,InstrumentType.Spot,6947440129078264224,OrderType.Limit,Direction.Long,65000.07,275847376,False,Side.Buy,,65000.07,1653898000,BTC-USDT,TimeCondition.GTC,0.001
2837957847,4194834854,0,1783610628816924064,201,order_input,benchmark,mock,InstrumentType.Spot,6947440129078264225,OrderType.Limit,Direction.Long,65000.28,275848912,False,Side.Sell,,65000.28,1653898000,BTC-USDT,TimeCondition.GTC,0.001
2837957847,4194834854,0,1783610628817221667,201,order_input,benchmark,mock,InstrumentType.Spot,6947440129078264226,OrderType.Limit,Direction.Long,65000.090000000004,275850448,False,Side.Buy,,65000.090000000004,1653898000,BTC-USDT,TimeCondition.GTC,0.001
2837957847,4194834854,0,1783610628817527805,201,order_input,benchmark,mock,InstrumentType.Spot,6947440129078264227,OrderType.Limit,Direction.Long,65000.299999999996,275851984,False,Side.Sell,,65000.299999999996,1653898000,BTC-USDT,TimeCondition.GTC,0.001
2837957847,4194834854,0,1783610628817821661,201,order_input,benchmark,mock,InstrumentType.Spot,6947440129078264228,OrderType.Limit,Direction.Long,65000.11,275853520,False,Side.Buy,,65000.11,1653898000,BTC-USDT,TimeCondition.GTC,0.001
2837957847,4194834854,0,1783610628818120871,201,order_input,benchmark,mock,InstrumentType.Spot,6947440129078264229,OrderType.Limit,Direction.Long,65000.32,275855056,False,Side.Sell,,65000.32,1653898000,BTC-USDT,TimeCondition.GTC,0.001
2837957847,4194834854,0,1783610628818421053,201,order_input,benchmark,mock,InstrumentType.Spot,6947440129078264230,OrderType.Limit,Direction.Long,65000.130000000005,275856592,False,Side.Buy,,65000.130000000005,1653898000,BTC-USDT,TimeCondition.GTC,0.001
2837957847,4194834854,0,1783610628818668642,201,order_input,benchmark,mock,InstrumentType.Spot,6947440129078264231,OrderType.Limit,Direction.Long,65000.34,275858128,False,Side.Sell,,65000.34,1653898000,BTC-USDT,TimeCondition.GTC,0.001
2837957847,4194834854,0,1783610628819029324,201,order_input,benchmark,mock,InstrumentType.Spot,6947440129078264232,OrderType.Limit,Direction.Long,65000.15,275859664,False,Side.Buy,,65000.15,1653898000,BTC-USDT,TimeCondition.GTC,0.001
2837957847,4194834854,0,1783610628819323674,201,order_input,benchmark,mock,InstrumentType.Spot,6947440129078264233,OrderType.Limit,Direction.Long,65000.36,275861200,False,Side.Sell,,65000.36,1653898000,BTC-USDT,TimeCondition.GTC,0.001
2837957847,4194834854,0,1783610628819621159,201,order_input,benchmark,mock,InstrumentType.Spot,6947440129078264234,OrderType.Limit,Direction.Long,65000.17,275862736,False,Side.Buy,,65000.17,1653898000,BTC-USDT,TimeCondition.GTC,0.001
2837957847,4194834854,0,1783610628819921297,201,order_input,benchmark,mock,InstrumentType.Spot,6947440129078264235,OrderType.Limit,Direction.Long,65000.38,275864272,False,Side.Sell,,65000.38,1653898000,BTC-USDT,TimeCondition.GTC,0.001
2837957847,4194834854,0,1783610628820222526,201,order_input,benchmark,mock,InstrumentType.Spot,6947440129078264236,OrderType.Limit,Direction.Long,65000.19,275865808,False,Side.Buy,,65000.19,1653898000,BTC-USDT,TimeCondition.GTC,0.001
2837957847,4194834854,0,1783610628820527987,201,order_input,benchmark,mock,InstrumentType.Spot,6947440129078264237,OrderType.Limit,Direction.Long,65000.4,275867344,False,Side.Sell,,65000.4,1653898000,BTC-USDT,TimeCondition.GTC,0.001
2837957847,4194834854,0,1783610628820820528,201,order_input,benchmark,mock,InstrumentType.Spot,6947440129078264238,OrderType.Limit,Direction.Long,65000.21,275868880,False,Side.Buy,,65000.21,1653898000,BTC-USDT,TimeCondition.GTC,0.001
2837957847,4194834854,0,1783610628821160317,201,order_input,benchmark,mock,InstrumentType.Spot,6947440129078264239,OrderType.Limit,Direction.Long,65000.42,275870416,False,Side.Sell,,65000.42,1653898000,BTC-USDT,TimeCondition.GTC,0.001
2837957847,4194834854,0,1783610628821542445,201,order_input,benchmark,mock,InstrumentType.Spot,6947440129078264240,OrderType.Limit,Direction.Long,65000.23,275871952,False,Side.Buy,,65000.23,1653898000,BTC-USDT,TimeCondition.GTC,0.001
2837957847,4194834854,0,1783610628821840936,201,order_input,benchmark,mock,InstrumentType.Spot,6947440129078264241,OrderType.Limit,Direction.Long,65000.439999999995,275873488,False,Side.Sell,,65000.439999999995,1653898000,BTC-USDT,TimeCondition.GTC,0.001
2837957847,4194834854,0,1783610628821968486,201,order_input,benchmark,mock,InstrumentType.Spot,6947440129078264242,OrderType.Limit,Direction.Long,65000.25,275875024,False,Side.Buy,,65000.25,1653898000,BTC-USDT,TimeCondition.GTC,0.001
2837957847,4194834854,0,1783610628822417506,201,order_input,benchmark,mock,InstrumentType.Spot,6947440129078264243,OrderType.Limit,Direction.Long,65000.46,275876560,False,Side.Sell,,65000.46,1653898000,BTC-USDT,TimeCondition.GTC,0.001
2837957847,4194834854,0,1783610628822607234,201,order_input,benchmark,mock,InstrumentType.Spot,6947440129078264244,OrderType.Limit,Direction.Long,65000.270000000004,275878096,False,Side.Buy,,65000.270000000004,1653898000,BTC-USDT,TimeCondition.GTC,0.001
2837957847,4194834854,0,1783610628822898368,201,order_input,benchmark,mock,InstrumentType.Spot,6947440129078264245,OrderType.Limit,Direction.Long,65000.479999999996,275879632,False,Side.Sell,,65000.479999999996,1653898000,BTC-USDT,TimeCondition.GTC,0.001
2837957847,4194834854,0,1783610628823334259,201,order_input,benchmark,mock,InstrumentType.Spot,6947440129078264246,OrderType.Limit,Direction.Long,65000.29,275881168,False,Side.Buy,,65000.29,1653898000,BTC-USDT,TimeCondition.GTC,0.001
2837957847,4194834854,0,1783610628823530851,201,order_input,benchmark,mock,InstrumentType.Spot,6947440129078264247,OrderType.Limit,Direction.Long,65000.5,275882704,False,Side.Sell,,65000.5,1653898000,BTC-USDT,TimeCondition.GTC,0.001
2837957847,4194834854,0,1783610628823805223,201,order_input,benchmark,mock,InstrumentType.Spot,6947440129078264248,OrderType.Limit,Direction.Long,65000.310000000005,275884240,False,Side.Buy,,65000.310000000005,1653898000,BTC-USDT,TimeCondition.GTC,0.001
2837957847,4194834854,0,1783610628824148042,201,order_input,benchmark,mock,InstrumentType.Spot,6947440129078264249,OrderType.Limit,Direction.Long,65000.52,275885776,False,Side.Sell,,65000.52,1653898000,BTC-USDT,TimeCondition.GTC,0.001
2837957847,4194834854,0,1783610628824412099,201,order_input,benchmark,mock,InstrumentType.Spot,6947440129078264250,OrderType.Limit,Direction.Long,65000.33,275887312,False,Side.Buy,,65000.33,1653898000,BTC-USDT,TimeCondition.GTC,0.001
2837957847,4194834854,0,1783610628824743267,201,order_input,benchmark,mock,InstrumentType.Spot,6947440129078264251,OrderType.Limit,Direction.Long,65000.54,275888848,False,Side.Sell,,65000.54,1653898000,BTC-USDT,TimeCondition.GTC,0.001
2837957847,4194834854,0,1783610628825047721,201,order_input,benchmark,mock,InstrumentType.Spot,6947440129078264252,OrderType.Limit,Direction.Long,65000.35,275890384,False,Side.Buy,,65000.35,1653898000,BTC-USDT,TimeCondition.GTC,0.001
2837957847,4194834854,0,1783610628825274760,201,order_input,benchmark,mock,InstrumentType.Spot,6947440129078264253,OrderType.Limit,Direction.Long,65000.56,275891920,False,Side.Sell,,65000.56,1653898000,BTC-USDT,TimeCondition.GTC,0.001
2837957847,4194834854,0,1783610628825689391,201,order_input,benchmark,mock,InstrumentType.Spot,6947440129078264254,OrderType.Limit,Direction.Long,65000.37,275893456,False,Side.Buy,,65000.37,1653898000,BTC-USDT,TimeCondition.GTC,0.001
2837957847,4194834854,0,1783610628825965277,201,order_input,benchmark,mock,InstrumentType.Spot,6947440129078264255,OrderType.Limit,Direction.Long,65000.58,275894992,False,Side.Sell,,65000.58,1653898000,BTC-USDT,TimeCondition.GTC,0.001
2837957847,4194834854,0,1783610628826333642,201,order_input,benchmark,mock,InstrumentType.Spot,6947440129078264256,OrderType.Limit,Direction.Long,65000.39,275896528,False,Side.Buy,,65000.39,1653898000,BTC-USDT,TimeCondition.GTC,0.001
2837957847,4194834854,0,1783610628826536124,201,order_input,benchmark,mock,InstrumentType.Spot,6947440129078264257,OrderType.Limit,Direction.Long,65000.6,275898064,False,Side.Sell,,65000.6,1653898000,BTC-USDT,TimeCondition.GTC,0.001
2837957847,4194834854,0,1783610628826913500,201,order_input,benchmark,mock,InstrumentType.Spot,6947440129078264258,OrderType.Limit,Direction.Long,65000.41,275899600,False,Side.Buy,,65000.41,1653898000,BTC-USDT,TimeCondition.GTC,0.001
2837957847,4194834854,0,1783610628827203268,201,order_input,benchmark,mock,InstrumentType.Spot,6947440129078264259,OrderType.Limit,Direction.Long,65000.619999999995,275901136,False,Side.Sell,,65000.619999999995,1653898000,BTC-USDT,TimeCondition.GTC,0.001
2837957847,4194834854,0,1783610628827356742,201,order_input,benchmark,mock,InstrumentType.Spot,6947440129078264260,OrderType.Limit,Direction.Long,65000.43,275902672,False,Side.Buy,,65000.43,1653898000,BTC-USDT,TimeCondition.GTC,0.001
2837957847,4194834854,0,1783610628827823934,201,order_input,benchmark,mock,InstrumentType.Spot,6947440129078264261,OrderType.Limit,Direction.Long,65000.64,275904208,False,Side.Sell,,65000.64,1653898000,BTC-USDT,TimeCondition.GTC,0.001
2837957847,4194834854,0,1783610628827980610,201,order_input,benchmark,mock,InstrumentType.Spot,6947440129078264262,OrderType.Limit,Direction.Long,65000.450000000004,275905744,False,Side.Buy,,65000.450000000004,1653898000,BTC-USDT,TimeCondition.GTC,0.001
2837957847,4194834854,0,1783610628828252414,201,order_input,benchmark,mock,InstrumentType.Spot,6947440129078264263,OrderType.Limit,Direction.Long,65000.659999999996,275907280,False,Side.Sell,,65000.659999999996,1653898000,BTC-USDT,TimeCondition.GTC,0.001
2837957847,4194834854,0,1783610628828681628,201,order_input,benchmark,mock,InstrumentType.Spot,6947440129078264264,OrderType.Limit,Direction.Long,65000.47,275908816,False,Side.Buy,,65000.47,1653898000,BTC-USDT,TimeCondition.GTC,0.001
2837957847,4194834854,0,1783610628828967912,201,order_input,benchmark,mock,InstrumentType.Spot,6947440129078264265,OrderType.Limit,Direction.Long,65000.68,275823888,False,Side.Sell,,65000.68,1653898000,BTC-USDT,TimeCondition.GTC,0.001
2837957847,4194834854,0,1783610628829315139,201,order_input,benchmark,mock,InstrumentType.Spot,6947440129078264266,OrderType.Limit,Direction.Long,65000.49,275825424,False,Side.Buy,,65000.49,1653898000,BTC-USDT,TimeCondition.GTC,0.001
2837957847,4194834854,0,1783610628829501695,201,order_input,benchmark,mock,InstrumentType.Spot,6947440129078264267,OrderType.Limit,Direction.Long,65000.7,275826960,False,Side.Sell,,65000.7,1653898000,BTC-USDT,TimeCondition.GTC,0.001
2837957847,4194834854,0,1783610628830113457,201,order_input,benchmark,mock,InstrumentType.Spot,6947440129078264268,OrderType.Limit,Direction.Long,65000.51,275915472,False,Side.Buy,,65000.51,1653898000,BTC-USDT,TimeCondition.GTC,0.001
2837957847,4194834854,0,1783610628830219656,201,order_input,benchmark,mock,InstrumentType.Spot,6947440129078264269,OrderType.Limit,Direction.Long,65000.72,275916976,False,Side.Sell,,65000.72,1653898000,BTC-USDT,TimeCondition.GTC,0.001
2837957847,4194834854,0,1783610628830380256,201,order_input,benchmark,mock,InstrumentType.Spot,6947440129078264270,OrderType.Limit,Direction.Long,65000.53,275918544,False,Side.Buy,,65000.53,1653898000,BTC-USDT,TimeCondition.GTC,0.001
2837957847,4194834854,0,1783610628830695755,201,order_input,benchmark,mock,InstrumentType.Spot,6947440129078264271,OrderType.Limit,Direction.Long,65000.74,275920080,False,Side.Sell,,65000.74,1653898000,BTC-USDT,TimeCondition.GTC,0.001
2837957847,4194834854,0,1783610628830968831,201,order_input,benchmark,mock,InstrumentType.Spot,6947440129078264272,OrderType.Limit,Direction.Long,65000.55,275921616,False,Side.Buy,,65000.55,1653898000,BTC-USDT,TimeCondition.GTC,0.001
2837957847,4194834854,0,1783610628831287200,201,order_input,benchmark,mock,InstrumentType.Spot,6947440129078264273,OrderType.Limit,Direction.Long,65000.76,275923152,False,Side.Sell,,65000.76,1653898000,BTC-USDT,TimeCondition.GTC,0.001
2837957847,4194834854,0,1783610628831668318,201,order_input,benchmark,mock,InstrumentType.Spot,6947440129078264274,OrderType.Limit,Direction.Long,65000.57,275924688,False,Side.Buy,,65000.57,1653898000,BTC-USDT,TimeCondition.GTC,0.001
2837957847,4194834854,0,1783610628831936522,201,order_input,benchmark,mock,InstrumentType.Spot,6947440129078264275,OrderType.Limit,Direction.Long,65000.78,275926224,False,Side.Sell,,65000.78,1653898000,BTC-USDT,TimeCondition.GTC,0.001
2837957847,4194834854,0,1783610628832220317,201,order_input,benchmark,mock,InstrumentType.Spot,6947440129078264276,OrderType.Limit,Direction.Long,65000.590000000004,275927760,False,Side.Buy,,65000.590000000004,1653898000,BTC-USDT,TimeCondition.GTC,0.001
2837957847,4194834854,0,1783610628832538364,201,order_input,benchmark,mock,InstrumentType.Spot,6947440129078264277,OrderType.Limit,Direction.Long,65000.799999999996,275929296,False,Side.Sell,,65000.799999999996,1653898000,BTC-USDT,TimeCondition.GTC,0.001
2837957847,4194834854,0,1783610628832850549,201,order_input,benchmark,mock,InstrumentType.Spot,6947440129078264278,OrderType.Limit,Direction.Long,65000.61,275930832,False,Side.Buy,,65000.61,1653898000,BTC-USDT,TimeCondition.GTC,0.001
2837957847,4194834854,0,1783610628833111663,201,order_input,benchmark,mock,InstrumentType.Spot,6947440129078264279,OrderType.Limit,Direction.Long,65000.82,275932368,False,Side.Sell,,65000.82,1653898000,BTC-USDT,TimeCondition.GTC,0.001
2837957847,4194834854,0,1783610628833429263,201,order_input,benchmark,mock,InstrumentType.Spot,6947440129078264280,OrderType.Limit,Direction.Long,65000.630000000005,275933904,False,Side.Buy,,65000.630000000005,1653898000,BTC-USDT,TimeCondition.GTC,0.001
2837957847,4194834854,0,1783610628833729728,201,order_input,benchmark,mock,InstrumentType.Spot,6947440129078264281,OrderType.Limit,Direction.Long,65000.84,275935440,False,Side.Sell,,65000.84,1653898000,BTC-USDT,TimeCondition.GTC,0.001
2837957847,4194834854,0,1783610628834042683,201,order_input,benchmark,mock,InstrumentType.Spot,6947440129078264282,OrderType.Limit,Direction.Long,65000.65,275936976,False,Side.Buy,,65000.65,1653898000,BTC-USDT,TimeCondition.GTC,0.001
2837957847,4194834854,0,1783610628834331796,201,order_input,benchmark,mock,InstrumentType.Spot,6947440129078264283,OrderType.Limit,Direction.Long,65000.86,275938512,False,Side.Sell,,65000.86,1653898000,BTC-USDT,TimeCondition.GTC,0.001
2837957847,4194834854,0,1783610628834631533,201,order_input,benchmark,mock,InstrumentType.Spot,6947440129078264284,OrderType.Limit,Direction.Long,65000.67,275940048,False,Side.Buy,,65000.67,1653898000,BTC-USDT,TimeCondition.GTC,0.001
2837957847,4194834854,0,1783610628834936283,201,order_input,benchmark,mock,InstrumentType.Spot,6947440129078264285,OrderType.Limit,Direction.Long,65000.88,275941584,False,Side.Sell,,65000.88,1653898000,BTC-USDT,TimeCondition.GTC,0.001
2837957847,4194834854,0,1783610628835224926,201,order_input,benchmark,mock,InstrumentType.Spot,6947440129078264286,OrderType.Limit,Direction.Long,65000.69,275943120,False,Side.Buy,,65000.69,1653898000,BTC-USDT,TimeCondition.GTC,0.001
2837957847,4194834854,0,1783610628835528745,201,order_input,benchmark,mock,InstrumentType.Spot,6947440129078264287,OrderType.Limit,Direction.Long,65000.9,275944656,False,Side.Sell,,65000.9,1653898000,BTC-USDT,TimeCondition.GTC,0.001
2837957847,4194834854,0,1783610628835835056,201,order_input,benchmark,mock,InstrumentType.Spot,6947440129078264288,OrderType.Limit,Direction.Long,65000.71,275946192,False,Side.Buy,,65000.71,1653898000,BTC-USDT,TimeCondition.GTC,0.001
2837957847,4194834854,0,1783610628836137430,201,order_input,benchmark,mock,InstrumentType.Spot,6947440129078264289,OrderType.Limit,Direction.Long,65000.92,275947728,False,Side.Sell,,65000.92,1653898000,BTC-USDT,TimeCondition.GTC,0.001
2837957847,4194834854,0,1783610628836433797,201,order_input,benchmark,mock,InstrumentType.Spot,6947440129078264290,OrderType.Limit,Direction.Long,65000.73,275949264,False,Side.Buy,,65000.73,1653898000,BTC-USDT,TimeCondition.GTC,0.001
2837957847,4194834854,0,1783610628836736531,201,order_input,benchmark,mock,InstrumentType.Spot,6947440129078264291,OrderType.Limit,Direction.Long,65000.939999999995,275950800,False,Side.Sell,,65000.939999999995,1653898000,BTC-USDT,TimeCondition.GTC,0.001
2837957847,4194834854,0,1783610628837038351,201,order_input,benchmark,mock,InstrumentType.Spot,6947440129078264292,OrderType.Limit,Direction.Long,65000.75,275952336,False,Side.Buy,,65000.75,1653898000,BTC-USDT,TimeCondition.GTC,0.001
2837957847,4194834854,0,1783610628837340654,201,order_input,benchmark,mock,InstrumentType.Spot,6947440129078264293,OrderType.Limit,Direction.Long,65000.96,275953872,False,Side.Sell,,65000.96,1653898000,BTC-USDT,TimeCondition.GTC,0.001
2837957847,4194834854,0,1783610628837650002,201,order_input,benchmark,mock,InstrumentType.Spot,6947440129078264294,OrderType.Limit,Direction.Long,65000.770000000004,275955408,False,Side.Buy,,65000.770000000004,1653898000,BTC-USDT,TimeCondition.GTC,0.001
2837957847,4194834854,0,1783610628837931051,201,order_input,benchmark,mock,InstrumentType.Spot,6947440129078264295,OrderType.Limit,Direction.Long,65000.979999999996,275956944,False,Side.Sell,,65000.979999999996,1653898000,BTC-USDT,TimeCondition.GTC,0.001
2837957847,4194834854,0,1783610628838396178,201,order_input,benchmark,mock,InstrumentType.Spot,6947440129078264296,OrderType.Limit,Direction.Long,65000.79,275958480,False,Side.Buy,,65000.79,1653898000,BTC-USDT,TimeCondition.GTC,0.001
2837957847,4194834854,0,1783610628838530517,201,order_input,benchmark,mock,InstrumentType.Spot,6947440129078264297,OrderType.Limit,Direction.Long,65001.0,275960016,False,Side.Sell,,65001.0,1653898000,BTC-USDT,TimeCondition.GTC,0.001
2837957847,4194834854,0,1783610628838876933,201,order_input,benchmark,mock,InstrumentType.Spot,6947440129078264298,OrderType.Limit,Direction.Long,65000.810000000005,275961552,False,Side.Buy,,65000.810000000005,1653898000,BTC-USDT,TimeCondition.GTC,0.001
2837957847,4194834854,0,1783610628839168947,201,order_input,benchmark,mock,InstrumentType.Spot,6947440129078264299,OrderType.Limit,Direction.Long,65001.02,275963088,False,Side.Sell,,65001.02,1653898000,BTC-USDT,TimeCondition.GTC,0.001
2837957847,4194834854,0,1783610628839429188,201,order_input,benchmark,mock,InstrumentType.Spot,6947440129078264300,OrderType.Limit,Direction.Long,65000.83,275964624,False,Side.Buy,,65000.83,1653898000,BTC-USDT,TimeCondition.GTC,0.001
2837957847,4194834854,0,1783610628839663659,201,order_input,benchmark,mock,InstrumentType.Spot,6947440129078264301,OrderType.Limit,Direction.Long,65001.04,275966160,False,Side.Sell,,65001.04,1653898000,BTC-USDT,TimeCondition.GTC,0.001
2837957847,4194834854,0,1783610628839970026,201,order_input,benchmark,mock,InstrumentType.Spot,6947440129078264302,OrderType.Limit,Direction.Long,65000.85,275967696,False,Side.Buy,,65000.85,1653898000,BTC-USDT,TimeCondition.GTC,0.001
2837957847,4194834854,0,1783610628840302438,201,order_input,benchmark,mock,InstrumentType.Spot,6947440129078264303,OrderType.Limit,Direction.Long,65001.06,275969232,False,Side.Sell,,65001.06,1653898000,BTC-USDT,TimeCondition.GTC,0.001
2837957847,4194834854,0,1783610628840685745,201,order_input,benchmark,mock,InstrumentType.Spot,6947440129078264304,OrderType.Limit,Direction.Long,65000.87,275970768,False,Side.Buy,,65000.87,1653898000,BTC-USDT,TimeCondition.GTC,0.001
2837957847,4194834854,0,1783610628840943240,201,order_input,benchmark,mock,InstrumentType.Spot,6947440129078264305,OrderType.Limit,Direction.Long,65001.08,275972304,False,Side.Sell,,65001.08,1653898000,BTC-USDT,TimeCondition.GTC,0.001
2837957847,4194834854,0,1783610628841179309,201,order_input,benchmark,mock,InstrumentType.Spot,6947440129078264306,OrderType.Limit,Direction.Long,65000.89,275973840,False,Side.Buy,,65000.89,1653898000,BTC-USDT,TimeCondition.GTC,0.001
2837957847,4194834854,0,1783610628841547054,201,order_input,benchmark,mock,InstrumentType.Spot,6947440129078264307,OrderType.Limit,Direction.Long,65000.1,275975376,False,Side.Sell,,65000.1,1653898000,BTC-USDT,TimeCondition.GTC,0.001
2837957847,4194834854,0,1783610628841846433,201,order_input,benchmark,mock,InstrumentType.Spot,6947440129078264308,OrderType.Limit,Direction.Long,64999.91,275976912,False,Side.Buy,,64999.91,1653898000,BTC-USDT,TimeCondition.GTC,0.001
2837957847,4194834854,0,1783610628842155758,201,order_input,benchmark,mock,InstrumentType.Spot,6947440129078264309,OrderType.Limit,Direction.Long,65000.119999999995,275978448,False,Side.Sell,,65000.119999999995,1653898000,BTC-USDT,TimeCondition.GTC,0.001
2837957847,4194834854,0,1783610628842378926,201,order_input,benchmark,mock,InstrumentType.Spot,6947440129078264310,OrderType.Limit,Direction.Long,64999.93,275979984,False,Side.Buy,,64999.93,1653898000,BTC-USDT,TimeCondition.GTC,0.001
2837957847,4194834854,0,1783610628842652017,201,order_input,benchmark,mock,InstrumentType.Spot,6947440129078264311,OrderType.Limit,Direction.Long,65000.14,275981520,False,Side.Sell,,65000.14,1653898000,BTC-USDT,TimeCondition.GTC,0.001
2837957847,4194834854,0,1783610628843096283,201,order_input,benchmark,mock,InstrumentType.Spot,6947440129078264312,OrderType.Limit,Direction.Long,64999.950000000004,275983056,False,Side.Buy,,64999.950000000004,1653898000,BTC-USDT,TimeCondition.GTC,0.001
2837957847,4194834854,0,1783610628843370179,201,order_input,benchmark,mock,InstrumentType.Spot,6947440129078264313,OrderType.Limit,Direction.Long,65000.159999999996,275984592,False,Side.Sell,,65000.159999999996,1653898000,BTC-USDT,TimeCondition.GTC,0.001
2837957847,4194834854,0,1783610628843567870,201,order_input,benchmark,mock,InstrumentType.Spot,6947440129078264314,OrderType.Limit,Direction.Long,64999.97,275986128,False,Side.Buy,,64999.97,1653898000,BTC-USDT,TimeCondition.GTC,0.001
2837957847,4194834854,0,1783610628843974610,201,order_input,benchmark,mock,InstrumentType.Spot,6947440129078264315,OrderType.Limit,Direction.Long,65000.18,275987664,False,Side.Sell,,65000.18,1653898000,BTC-USDT,TimeCondition.GTC,0.001
2837957847,4194834854,0,1783610628844182716,201,order_input,benchmark,mock,InstrumentType.Spot,6947440129078264316,OrderType.Limit,Direction.Long,64999.99,275989200,False,Side.Buy,,64999.99,1653898000,BTC-USDT,TimeCondition.GTC,0.001
2837957847,4194834854,0,1783610628844482962,201,order_input,benchmark,mock,InstrumentType.Spot,6947440129078264317,OrderType.Limit,Direction.Long,65000.2,275990736,False,Side.Sell,,65000.2,1653898000,BTC-USDT,TimeCondition.GTC,0.001
2837957847,4194834854,0,1783610628844877466,201,order_input,benchmark,mock,InstrumentType.Spot,6947440129078264318,OrderType.Limit,Direction.Long,65000.01,275992272,False,Side.Buy,,65000.01,1653898000,BTC-USDT,TimeCondition.GTC,0.001
2837957847,4194834854,0,1783610628845170368,201,order_input,benchmark,mock,InstrumentType.Spot,6947440129078264319,OrderType.Limit,Direction.Long,65000.22,275993808,False,Side.Sell,,65000.22,1653898000,BTC-USDT,TimeCondition.GTC,0.001
2837957847,4194834854,0,1783610628845452059,201,order_input,benchmark,mock,InstrumentType.Spot,6947440129078264320,OrderType.Limit,Direction.Long,65000.03,275995344,False,Side.Buy,,65000.03,1653898000,BTC-USDT,TimeCondition.GTC,0.001
2837957847,4194834854,0,1783610628845743492,201,order_input,benchmark,mock,InstrumentType.Spot,6947440129078264321,OrderType.Limit,Direction.Long,65000.24,275996880,False,Side.Sell,,65000.24,1653898000,BTC-USDT,TimeCondition.GTC,0.001
2837957847,4194834854,0,1783610628845971198,201,order_input,benchmark,mock,InstrumentType.Spot,6947440129078264322,OrderType.Limit,Direction.Long,65000.05,275998416,False,Side.Buy,,65000.05,1653898000,BTC-USDT,TimeCondition.GTC,0.001
2837957847,4194834854,0,1783610628846355788,201,order_input,benchmark,mock,InstrumentType.Spot,6947440129078264323,OrderType.Limit,Direction.Long,65000.26,275999952,False,Side.Sell,,65000.26,1653898000,BTC-USDT,TimeCondition.GTC,0.001
2837957847,4194834854,0,1783610628846650801,201,order_input,benchmark,mock,InstrumentType.Spot,6947440129078264324,OrderType.Limit,Direction.Long,65000.07,276001488,False,Side.Buy,,65000.07,1653898000,BTC-USDT,TimeCondition.GTC,0.001
2837957847,4194834854,0,1783610628846981560,201,order_input,benchmark,mock,InstrumentType.Spot,6947440129078264325,OrderType.Limit,Direction.Long,65000.28,276003024,False,Side.Sell,,65000.28,1653898000,BTC-USDT,TimeCondition.GTC,0.001
2837957847,4194834854,0,1783610628847220942,201,order_input,benchmark,mock,InstrumentType.Spot,6947440129078264326,OrderType.Limit,Direction.Long,65000.090000000004,276004560,False,Side.Buy,,65000.090000000004,1653898000,BTC-USDT,TimeCondition.GTC,0.001
2837957847,4194834854,0,1783610628847474373,201,order_input,benchmark,mock,InstrumentType.Spot,6947440129078264327,OrderType.Limit,Direction.Long,65000.299999999996,276006096,False,Side.Sell,,65000.299999999996,1653898000,BTC-USDT,TimeCondition.GTC,0.001
2837957847,4194834854,0,1783610628847787396,201,order_input,benchmark,mock,InstrumentType.Spot,6947440129078264328,OrderType.Limit,Direction.Long,65000.11,276007632,False,Side.Buy,,65000.11,1653898000,BTC-USDT,TimeCondition.GTC,0.001
2837957847,4194834854,0,1783610628848070300,201,order_input,benchmark,mock,InstrumentType.Spot,6947440129078264329,OrderType.Limit,Direction.Long,65000.32,275910352,False,Side.Sell,,65000.32,1653898000,BTC-USDT,TimeCondition.GTC,0.001
2837957847,4194834854,0,1783610628848443874,201,order_input,benchmark,mock,InstrumentType.Spot,6947440129078264330,OrderType.Limit,Direction.Long,65000.130000000005,275911888,False,Side.Buy,,65000.130000000005,1653898000,BTC-USDT,TimeCondition.GTC,0.001
2837957847,4194834854,0,1783610628848741654,201,order_input,benchmark,mock,InstrumentType.Spot,6947440129078264331,OrderType.Limit,Direction.Long,65000.34,275913424,False,Side.Sell,,65000.34,1653898000,BTC-USDT,TimeCondition.GTC,0.001
2837957847,4194834854,0,1783610628849058465,201,order_input,benchmark,mock,InstrumentType.Spot,6947440129078264332,OrderType.Limit,Direction.Long,65000.15,276014368,False,Side.Buy,,65000.15,1653898000,BTC-USDT,TimeCondition.GTC,0.001
2837957847,4194834854,0,1783610628849248777,201,order_input,benchmark,mock,InstrumentType.Spot,6947440129078264333,OrderType.Limit,Direction.Long,65000.36,276015904,False,Side.Sell,,65000.36,1653898000,BTC-USDT,TimeCondition.GTC,0.001
2837957847,4194834854,0,1783610628849694329,201,order_input,benchmark,mock,InstrumentType.Spot,6947440129078264334,OrderType.Limit,Direction.Long,65000.17,276017440,False,Side.Buy,,65000.17,1653898000,BTC-USDT,TimeCondition.GTC,0.001
2837957847,4194834854,0,1783610628849913871,201,order_input,benchmark,mock,InstrumentType.Spot,6947440129078264335,OrderType.Limit,Direction.Long,65000.38,276018976,False,Side.Sell,,65000.38,1653898000,BTC-USDT,TimeCondition.GTC,0.001
2837957847,4194834854,0,1783610628850299821,201,order_input,benchmark,mock,InstrumentType.Spot,6947440129078264336,OrderType.Limit,Direction.Long,65000.19,276020512,False,Side.Buy,,65000.19,1653898000,BTC-USDT,TimeCondition.GTC,0.001
2837957847,4194834854,0,1783610628850543899,201,order_input,benchmark,mock,InstrumentType.Spot,6947440129078264337,OrderType.Limit,Direction.Long,65000.4,276022048,False,Side.Sell,,65000.4,1653898000,BTC-USDT,TimeCondition.GTC,0.001
2837957847,4194834854,0,1783610628850763587,201,order_input,benchmark,mock,InstrumentType.Spot,6947440129078264338,OrderType.Limit,Direction.Long,65000.21,276023584,False,Side.Buy,,65000.21,1653898000,BTC-USDT,TimeCondition.GTC,0.001
2837957847,4194834854,0,1783610628851134449,201,order_input,benchmark,mock,InstrumentType.Spot,6947440129078264339,OrderType.Limit,Direction.Long,65000.42,276025120,False,Side.Sell,,65000.42,1653898000,BTC-USDT,TimeCondition.GTC,0.001
2837957847,4194834854,0,1783610628851421457,201,order_input,benchmark,mock,InstrumentType.Spot,6947440129078264340,OrderType.Limit,Direction.Long,65000.23,276026656,False,Side.Buy,,65000.23,1653898000,BTC-USDT,TimeCondition.GTC,0.001
2837957847,4194834854,0,1783610628851720775,201,order_input,benchmark,mock,InstrumentType.Spot,6947440129078264341,OrderType.Limit,Direction.Long,65000.439999999995,276028192,False,Side.Sell,,65000.439999999995,1653898000,BTC-USDT,TimeCondition.GTC,0.001
2837957847,4194834854,0,1783610628852035550,201,order_input,benchmark,mock,InstrumentType.Spot,6947440129078264342,OrderType.Limit,Direction.Long,65000.25,276029728,False,Side.Buy,,65000.25,1653898000,BTC-USDT,TimeCondition.GTC,0.001
2837957847,4194834854,0,1783610628852322657,201,order_input,benchmark,mock,InstrumentType.Spot,6947440129078264343,OrderType.Limit,Direction.Long,65000.46,276031264,False,Side.Sell,,65000.46,1653898000,BTC-USDT,TimeCondition.GTC,0.001
2837957847,4194834854,0,1783610628852620331,201,order_input,benchmark,mock,InstrumentType.Spot,6947440129078264344,OrderType.Limit,Direction.Long,65000.270000000004,276032800,False,Side.Buy,,65000.270000000004,1653898000,BTC-USDT,TimeCondition.GTC,0.001
2837957847,4194834854,0,1783610628852918970,201,order_input,benchmark,mock,InstrumentType.Spot,6947440129078264345,OrderType.Limit,Direction.Long,65000.479999999996,276034336,False,Side.Sell,,65000.479999999996,1653898000,BTC-USDT,TimeCondition.GTC,0.001
2837957847,4194834854,0,1783610628853222044,201,order_input,benchmark,mock,InstrumentType.Spot,6947440129078264346,OrderType.Limit,Direction.Long,65000.29,276035872,False,Side.Buy,,65000.29,1653898000,BTC-USDT,TimeCondition.GTC,0.001
2837957847,4194834854,0,1783610628853525444,201,order_input,benchmark,mock,InstrumentType.Spot,6947440129078264347,OrderType.Limit,Direction.Long,65000.5,276037408,False,Side.Sell,,65000.5,1653898000,BTC-USDT,TimeCondition.GTC,0.001
2837957847,4194834854,0,1783610628853818378,201,order_input,benchmark,mock,InstrumentType.Spot,6947440129078264348,OrderType.Limit,Direction.Long,65000.310000000005,276038944,False,Side.Buy,,65000.310000000005,1653898000,BTC-USDT,TimeCondition.GTC,0.001
2837957847,4194834854,0,1783610628854138658,201,order_input,benchmark,mock,InstrumentType.Spot,6947440129078264349,OrderType.Limit,Direction.Long,65000.52,276040480,False,Side.Sell,,65000.52,1653898000,BTC-USDT,TimeCondition.GTC,0.001
2837957847,4194834854,0,1783610628854372494,201,order_input,benchmark,mock,InstrumentType.Spot,6947440129078264350,OrderType.Limit,Direction.Long,65000.33,276042016,False,Side.Buy,,65000.33,1653898000,BTC-USDT,TimeCondition.GTC,0.001
2837957847,4194834854,0,1783610628854730659,201,order_input,benchmark,mock,InstrumentType.Spot,6947440129078264351,OrderType.Limit,Direction.Long,65000.54,276043552,False,Side.Sell,,65000.54,1653898000,BTC-USDT,TimeCondition.GTC,0.001
2837957847,4194834854,0,1783610628855024960,201,order_input,benchmark,mock,InstrumentType.Spot,6947440129078264352,OrderType.Limit,Direction.Long,65000.35,276045088,False,Side.Buy,,65000.35,1653898000,BTC-USDT,TimeCondition.GTC,0.001
2837957847,4194834854,0,1783610628855316570,201,order_input,benchmark,mock,InstrumentType.Spot,6947440129078264353,OrderType.Limit,Direction.Long,65000.56,276046624,False,Side.Sell,,65000.56,1653898000,BTC-USDT,TimeCondition.GTC,0.001
2837957847,4194834854,0,1783610628855619156,201,order_input,benchmark,mock,InstrumentType.Spot,6947440129078264354,OrderType.Limit,Direction.Long,65000.37,276048160,False,Side.Buy,,65000.37,1653898000,BTC-USDT,TimeCondition.GTC,0.001
2837957847,4194834854,0,1783610628855921057,201,order_input,benchmark,mock,InstrumentType.Spot,6947440129078264355,OrderType.Limit,Direction.Long,65000.58,276049696,False,Side.Sell,,65000.58,1653898000,BTC-USDT,TimeCondition.GTC,0.001
2837957847,4194834854,0,1783610628856220745,201,order_input,benchmark,mock,InstrumentType.Spot,6947440129078264356,OrderType.Limit,Direction.Long,65000.39,276051232,False,Side.Buy,,65000.39,1653898000,BTC-USDT,TimeCondition.GTC,0.001
2837957847,4194834854,0,1783610628856523475,201,order_input,benchmark,mock,InstrumentType.Spot,6947440129078264357,OrderType.Limit,Direction.Long,65000.6,276052768,False,Side.Sell,,65000.6,1653898000,BTC-USDT,TimeCondition.GTC,0.001
2837957847,4194834854,0,1783610628856812624,201,order_input,benchmark,mock,InstrumentType.Spot,6947440129078264358,OrderType.Limit,Direction.Long,65000.41,276054304,False,Side.Buy,,65000.41,1653898000,BTC-USDT,TimeCondition.GTC,0.001
2837957847,4194834854,0,1783610628857121723,201,order_input,benchmark,mock,InstrumentType.Spot,6947440129078264359,OrderType.Limit,Direction.Long,65000.619999999995,276055840,False,Side.Sell,,65000.619999999995,1653898000,BTC-USDT,TimeCondition.GTC,0.001
2837957847,4194834854,0,1783610628857419910,201,order_input,benchmark,mock,InstrumentType.Spot,6947440129078264360,OrderType.Limit,Direction.Long,65000.43,276057376,False,Side.Buy,,65000.43,1653898000,BTC-USDT,TimeCondition.GTC,0.001
2837957847,4194834854,0,1783610628857731914,201,order_input,benchmark,mock,InstrumentType.Spot,6947440129078264361,OrderType.Limit,Direction.Long,65000.64,276058912,False,Side.Sell,,65000.64,1653898000,BTC-USDT,TimeCondition.GTC,0.001
2837957847,4194834854,0,1783610628858061660,201,order_input,benchmark,mock,InstrumentType.Spot,6947440129078264362,OrderType.Limit,Direction.Long,65000.450000000004,276060448,False,Side.Buy,,65000.450000000004,1653898000,BTC-USDT,TimeCondition.GTC,0.001
2837957847,4194834854,0,1783610628858328134,201,order_input,benchmark,mock,InstrumentType.Spot,6947440129078264363,OrderType.Limit,Direction.Long,65000.659999999996,276061984,False,Side.Sell,,65000.659999999996,1653898000,BTC-USDT,TimeCondition.GTC,0.001
2837957847,4194834854,0,1783610628858635003,201,order_input,benchmark,mock,InstrumentType.Spot,6947440129078264364,OrderType.Limit,Direction.Long,65000.47,276063520,False,Side.Buy,,65000.47,1653898000,BTC-USDT,TimeCondition.GTC,0.001
2837957847,4194834854,0,1783610628858882924,201,order_input,benchmark,mock,InstrumentType.Spot,6947440129078264365,OrderType.Limit,Direction.Long,65000.68,276065056,False,Side.Sell,,65000.68,1653898000,BTC-USDT,TimeCondition.GTC,0.001
2837957847,4194834854,0,1783610628859232892,201,order_input,benchmark,mock,InstrumentType.Spot,6947440129078264366,OrderType.Limit,Direction.Long,65000.49,276066592,False,Side.Buy,,65000.49,1653898000,BTC-USDT,TimeCondition.GTC,0.001
2837957847,4194834854,0,1783610628859479680,201,order_input,benchmark,mock,InstrumentType.Spot,6947440129078264367,OrderType.Limit,Direction.Long,65000.7,276068128,False,Side.Sell,,65000.7,1653898000,BTC-USDT,TimeCondition.GTC,0.001
2837957847,4194834854,0,1783610628859918446,201,order_input,benchmark,mock,InstrumentType.Spot,6947440129078264368,OrderType.Limit,Direction.Long,65000.51,276069664,False,Side.Buy,,65000.51,1653898000,BTC-USDT,TimeCondition.GTC,0.001
2837957847,4194834854,0,1783610628860099427,201,order_input,benchmark,mock,InstrumentType.Spot,6947440129078264369,OrderType.Limit,Direction.Long,65000.72,276071200,False,Side.Sell,,65000.72,1653898000,BTC-USDT,TimeCondition.GTC,0.001
2837957847,4194834854,0,1783610628860551884,201,order_input,benchmark,mock,InstrumentType.Spot,6947440129078264370,OrderType.Limit,Direction.Long,65000.53,276072736,False,Side.Buy,,65000.53,1653898000,BTC-USDT,TimeCondition.GTC,0.001
2837957847,4194834854,0,1783610628860800247,201,order_input,benchmark,mock,InstrumentType.Spot,6947440129078264371,OrderType.Limit,Direction.Long,65000.74,276074272,False,Side.Sell,,65000.74,1653898000,BTC-USDT,TimeCondition.GTC,0.001
2837957847,4194834854,0,1783610628861127455,201,order_input,benchmark,mock,InstrumentType.Spot,6947440129078264372,OrderType.Limit,Direction.Long,65000.55,276075808,False,Side.Buy,,65000.55,1653898000,BTC-USDT,TimeCondition.GTC,0.001
2837957847,4194834854,0,1783610628861558329,201,order_input,benchmark,mock,InstrumentType.Spot,6947440129078264373,OrderType.Limit,Direction.Long,65000.76,276077344,False,Side.Sell,,65000.76,1653898000,BTC-USDT,TimeCondition.GTC,0.001
2837957847,4194834854,0,1783610628861678448,201,order_input,benchmark,mock,InstrumentType.Spot,6947440129078264374,OrderType.Limit,Direction.Long,65000.57,276078880,False,Side.Buy,,65000.57,1653898000,BTC-USDT,TimeCondition.GTC,0.001
2837957847,4194834854,0,1783610628861862841,201,order_input,benchmark,mock,InstrumentType.Spot,6947440129078264375,OrderType.Limit,Direction.Long,65000.78,276080416,False,Side.Sell,,65000.78,1653898000,BTC-USDT,TimeCondition.GTC,0.001
2837957847,4194834854,0,1783610628862277749,201,order_input,benchmark,mock,InstrumentType.Spot,6947440129078264376,OrderType.Limit,Direction.Long,65000.590000000004,276081952,False,Side.Buy,,65000.590000000004,1653898000,BTC-USDT,TimeCondition.GTC,0.001
2837957847,4194834854,0,1783610628862642103,201,order_input,benchmark,mock,InstrumentType.Spot,6947440129078264377,OrderType.Limit,Direction.Long,65000.799999999996,276083488,False,Side.Sell,,65000.799999999996,1653898000,BTC-USDT,TimeCondition.GTC,0.001
2837957847,4194834854,0,1783610628862869046,201,order_input,benchmark,mock,InstrumentType.Spot,6947440129078264378,OrderType.Limit,Direction.Long,65000.61,276085024,False,Side.Buy,,65000.61,1653898000,BTC-USDT,TimeCondition.GTC,0.001
2837957847,4194834854,0,1783610628863052791,201,order_input,benchmark,mock,InstrumentType.Spot,6947440129078264379,OrderType.Limit,Direction.Long,65000.82,276086560,False,Side.Sell,,65000.82,1653898000,BTC-USDT,TimeCondition.GTC,0.001
2837957847,4194834854,0,1783610628863553337,201,order_input,benchmark,mock,InstrumentType.Spot,6947440129078264380,OrderType.Limit,Direction.Long,65000.630000000005,276088096,False,Side.Buy,,65000.630000000005,1653898000,BTC-USDT,TimeCondition.GTC,0.001
2837957847,4194834854,0,1783610628863735343,201,order_input,benchmark,mock,InstrumentType.Spot,6947440129078264381,OrderType.Limit,Direction.Long,65000.84,276089632,False,Side.Sell,,65000.84,1653898000,BTC-USDT,TimeCondition.GTC,0.001
2837957847,4194834854,0,1783610628863970150,201,order_input,benchmark,mock,InstrumentType.Spot,6947440129078264382,OrderType.Limit,Direction.Long,65000.65,276091168,False,Side.Buy,,65000.65,1653898000,BTC-USDT,TimeCondition.GTC,0.001
2837957847,4194834854,0,1783610628864249006,201,order_input,benchmark,mock,InstrumentType.Spot,6947440129078264383,OrderType.Limit,Direction.Long,65000.86,276092704,False,Side.Sell,,65000.86,1653898000,BTC-USDT,TimeCondition.GTC,0.001
2837957847,4194834854,0,1783610628864636678,201,order_input,benchmark,mock,InstrumentType.Spot,6947440129078264384,OrderType.Limit,Direction.Long,65000.67,276094240,False,Side.Buy,,65000.67,1653898000,BTC-USDT,TimeCondition.GTC,0.001
2837957847,4194834854,0,1783610628864935600,201,order_input,benchmark,mock,InstrumentType.Spot,6947440129078264385,OrderType.Limit,Direction.Long,65000.88,276095776,False,Side.Sell,,65000.88,1653898000,BTC-USDT,TimeCondition.GTC,0.001
2837957847,4194834854,0,1783610628865214580,201,order_input,benchmark,mock,InstrumentType.Spot,6947440129078264386,OrderType.Limit,Direction.Long,65000.69,276097312,False,Side.Buy,,65000.69,1653898000,BTC-USDT,TimeCondition.GTC,0.001
2837957847,4194834854,0,1783610628865529826,201,order_input,benchmark,mock,InstrumentType.Spot,6947440129078264387,OrderType.Limit,Direction.Long,65000.9,276098848,False,Side.Sell,,65000.9,1653898000,BTC-USDT,TimeCondition.GTC,0.001
2837957847,4194834854,0,1783610628866061016,201,order_input,benchmark,mock,InstrumentType.Spot,6947440129078264388,OrderType.Limit,Direction.Long,65000.71,276100384,False,Side.Buy,,65000.71,1653898000,BTC-USDT,TimeCondition.GTC,0.001
2837957847,4194834854,0,1783610628866091421,201,order_input,benchmark,mock,InstrumentType.Spot,6947440129078264389,OrderType.Limit,Direction.Long,65000.92,276101888,False,Side.Sell,,65000.92,1653898000,BTC-USDT,TimeCondition.GTC,0.001
2837957847,4194834854,0,1783610628866365612,201,order_input,benchmark,mock,InstrumentType.Spot,6947440129078264390,OrderType.Limit,Direction.Long,65000.73,276103456,False,Side.Buy,,65000.73,1653898000,BTC-USDT,TimeCondition.GTC,0.001
2837957847,4194834854,0,1783610628866737906,201,order_input,benchmark,mock,InstrumentType.Spot,6947440129078264391,OrderType.Limit,Direction.Long,65000.939999999995,276104992,False,Side.Sell,,65000.939999999995,1653898000,BTC-USDT,TimeCondition.GTC,0.001
2837957847,4194834854,0,1783610628867040643,201,order_input,benchmark,mock,InstrumentType.Spot,6947440129078264392,OrderType.Limit,Direction.Long,65000.75,276106528,False,Side.Buy,,65000.75,1653898000,BTC-USDT,TimeCondition.GTC,0.001
2837957847,4194834854,0,1783610628867309357,201,order_input,benchmark,mock,InstrumentType.Spot,6947440129078264393,OrderType.Limit,Direction.Long,65000.96,276108064,False,Side.Sell,,65000.96,1653898000,BTC-USDT,TimeCondition.GTC,0.001
2837957847,4194834854,0,1783610628867546853,201,order_input,benchmark,mock,InstrumentType.Spot,6947440129078264394,OrderType.Limit,Direction.Long,65000.770000000004,276109600,False,Side.Buy,,65000.770000000004,1653898000,BTC-USDT,TimeCondition.GTC,0.001
2837957847,4194834854,0,1783610628867926197,201,order_input,benchmark,mock,InstrumentType.Spot,6947440129078264395,OrderType.Limit,Direction.Long,65000.979999999996,276111136,False,Side.Sell,,65000.979999999996,1653898000,BTC-USDT,TimeCondition.GTC,0.001
2837957847,4194834854,0,1783610628868252501,201,order_input,benchmark,mock,InstrumentType.Spot,6947440129078264396,OrderType.Limit,Direction.Long,65000.79,276112672,False,Side.Buy,,65000.79,1653898000,BTC-USDT,TimeCondition.GTC,0.001
2837957847,4194834854,0,1783610628868499283,201,order_input,benchmark,mock,InstrumentType.Spot,6947440129078264397,OrderType.Limit,Direction.Long,65001.0,276114208,False,Side.Sell,,65001.0,1653898000,BTC-USDT,TimeCondition.GTC,0.001
2837957847,4194834854,0,1783610628868829588,201,order_input,benchmark,mock,InstrumentType.Spot,6947440129078264398,OrderType.Limit,Direction.Long,65000.810000000005,276115744,False,Side.Buy,,65000.810000000005,1653898000,BTC-USDT,TimeCondition.GTC,0.001
2837957847,4194834854,0,1783610628869130960,201,order_input,benchmark,mock,InstrumentType.Spot,6947440129078264399,OrderType.Limit,Direction.Long,65001.02,276117280,False,Side.Sell,,65001.02,1653898000,BTC-USDT,TimeCondition.GTC,0.001
2837957847,4194834854,0,1783610628869426308,201,order_input,benchmark,mock,InstrumentType.Spot,6947440129078264400,OrderType.Limit,Direction.Long,65000.83,276118816,False,Side.Buy,,65000.83,1653898000,BTC-USDT,TimeCondition.GTC,0.001
2837957847,4194834854,0,1783610628869725925,201,order_input,benchmark,mock,InstrumentType.Spot,6947440129078264401,OrderType.Limit,Direction.Long,65001.04,276009168,False,Side.Sell,,65001.04,1653898000,BTC-USDT,TimeCondition.GTC,0.001
2837957847,4194834854,0,1783610628870032943,201,order_input,benchmark,mock,InstrumentType.Spot,6947440129078264402,OrderType.Limit,Direction.Long,65000.85,276010704,False,Side.Buy,,65000.85,1653898000,BTC-USDT,TimeCondition.GTC,0.001
2837957847,4194834854,0,1783610628870329037,201,order_input,benchmark,mock,InstrumentType.Spot,6947440129078264403,OrderType.Limit,Direction.Long,65001.06,276012240,False,Side.Sell,,65001.06,1653898000,BTC-USDT,TimeCondition.GTC,0.001
2837957847,4194834854,0,1783610628870625510,201,order_input,benchmark,mock,InstrumentType.Spot,6947440129078264404,OrderType.Limit,Direction.Long,65000.87,276125712,False,Side.Buy,,65000.87,1653898000,BTC-USDT,TimeCondition.GTC,0.001
2837957847,4194834854,0,1783610628870926086,201,order_input,benchmark,mock,InstrumentType.Spot,6947440129078264405,OrderType.Limit,Direction.Long,65001.08,276127136,False,Side.Sell,,65001.08,1653898000,BTC-USDT,TimeCondition.GTC,0.001
2837957847,4194834854,0,1783610628871234094,201,order_input,benchmark,mock,InstrumentType.Spot,6947440129078264406,OrderType.Limit,Direction.Long,65000.89,276128672,False,Side.Buy,,65000.89,1653898000,BTC-USDT,TimeCondition.GTC,0.001
2837957847,4194834854,0,1783610628871525508,201,order_input,benchmark,mock,InstrumentType.Spot,6947440129078264407,OrderType.Limit,Direction.Long,65000.1,276130208,False,Side.Sell,,65000.1,1653898000,BTC-USDT,TimeCondition.GTC,0.001
2837957847,4194834854,0,1783610628871829680,201,order_input,benchmark,mock,InstrumentType.Spot,6947440129078264408,OrderType.Limit,Direction.Long,64999.91,276131744,False,Side.Buy,,64999.91,1653898000,BTC-USDT,TimeCondition.GTC,0.001
2837957847,4194834854,0,1783610628872172992,201,order_input,benchmark,mock,InstrumentType.Spot,6947440129078264409,OrderType.Limit,Direction.Long,65000.119999999995,276133280,False,Side.Sell,,65000.119999999995,1653898000,BTC-USDT,TimeCondition.GTC,0.001
2837957847,4194834854,0,1783610628872546263,201,order_input,benchmark,mock,InstrumentType.Spot,6947440129078264410,OrderType.Limit,Direction.Long,64999.93,276134816,False,Side.Buy,,64999.93,1653898000,BTC-USDT,TimeCondition.GTC,0.001
2837957847,4194834854,0,1783610628872679519,201,order_input,benchmark,mock,InstrumentType.Spot,6947440129078264411,OrderType.Limit,Direction.Long,65000.14,276136352,False,Side.Sell,,65000.14,1653898000,BTC-USDT,TimeCondition.GTC,0.001
2837957847,4194834854,0,1783610628873055344,201,order_input,benchmark,mock,InstrumentType.Spot,6947440129078264412,OrderType.Limit,Direction.Long,64999.950000000004,276137888,False,Side.Buy,,64999.950000000004,1653898000,BTC-USDT,TimeCondition.GTC,0.001
2837957847,4194834854,0,1783610628873522993,201,order_input,benchmark,mock,InstrumentType.Spot,6947440129078264413,OrderType.Limit,Direction.Long,65000.159999999996,276139424,False,Side.Sell,,65000.159999999996,1653898000,BTC-USDT,TimeCondition.GTC,0.001
2837957847,4194834854,0,1783610628873614644,201,order_input,benchmark,mock,InstrumentType.Spot,6947440129078264414,OrderType.Limit,Direction.Long,64999.97,276140960,False,Side.Buy,,64999.97,1653898000,BTC-USDT,TimeCondition.GTC,0.001
2837957847,4194834854,0,1783610628873906673,201,order_input,benchmark,mock,InstrumentType.Spot,6947440129078264415,OrderType.Limit,Direction.Long,65000.18,276142496,False,Side.Sell,,65000.18,1653898000,BTC-USDT,TimeCondition.GTC,0.001
2837957847,4194834854,0,1783610628874302200,201,order_input,benchmark,mock,InstrumentType.Spot,6947440129078264416,OrderType.Limit,Direction.Long,64999.99,276144032,False,Side.Buy,,64999.99,1653898000,BTC-USDT,TimeCondition.GTC,0.001
2837957847,4194834854,0,1783610628874528015,201,order_input,benchmark,mock,InstrumentType.Spot,6947440129078264417,OrderType.Limit,Direction.Long,65000.2,276145568,False,Side.Sell,,65000.2,1653898000,BTC-USDT,TimeCondition.GTC,0.001
2837957847,4194834854,0,1783610628874937494,201,order_input,benchmark,mock,InstrumentType.Spot,6947440129078264418,OrderType.Limit,Direction.Long,65000.01,276147104,False,Side.Buy,,65000.01,1653898000,BTC-USDT,TimeCondition.GTC,0.001
2837957847,4194834854,0,1783610628875076406,201,order_input,benchmark,mock,InstrumentType.Spot,6947440129078264419,OrderType.Limit,Direction.Long,65000.22,276148640,False,Side.Sell,,65000.22,1653898000,BTC-USDT,TimeCondition.GTC,0.001
2837957847,4194834854,0,1783610628875440178,201,order_input,benchmark,mock,InstrumentType.Spot,6947440129078264420,OrderType.Limit,Direction.Long,65000.03,276150176,False,Side.Buy,,65000.03,1653898000,BTC-USDT,TimeCondition.GTC,0.001
2837957847,4194834854,0,1783610628875732175,201,order_input,benchmark,mock,InstrumentType.Spot,6947440129078264421,OrderType.Limit,Direction.Long,65000.24,276151712,False,Side.Sell,,65000.24,1653898000,BTC-USDT,TimeCondition.GTC,0.001
2837957847,4194834854,0,1783610628876039145,201,order_input,benchmark,mock,InstrumentType.Spot,6947440129078264422,OrderType.Limit,Direction.Long,65000.05,276153248,False,Side.Buy,,65000.05,1653898000,BTC-USDT,TimeCondition.GTC,0.001
2837957847,4194834854,0,1783610628876272680,201,order_input,benchmark,mock,InstrumentType.Spot,6947440129078264423,OrderType.Limit,Direction.Long,65000.26,276154784,False,Side.Sell,,65000.26,1653898000,BTC-USDT,TimeCondition.GTC,0.001
2837957847,4194834854,0,1783610628876640616,201,order_input,benchmark,mock,InstrumentType.Spot,6947440129078264424,OrderType.Limit,Direction.Long,65000.07,276156320,False,Side.Buy,,65000.07,1653898000,BTC-USDT,TimeCondition.GTC,0.001
2837957847,4194834854,0,1783610628876890394,201,order_input,benchmark,mock,InstrumentType.Spot,6947440129078264425,OrderType.Limit,Direction.Long,65000.28,276157856,False,Side.Sell,,65000.28,1653898000,BTC-USDT,TimeCondition.GTC,0.001
2837957847,4194834854,0,1783610628877219257,201,order_input,benchmark,mock,InstrumentType.Spot,6947440129078264426,OrderType.Limit,Direction.Long,65000.090000000004,276159392,False,Side.Buy,,65000.090000000004,1653898000,BTC-USDT,TimeCondition.GTC,0.001
2837957847,4194834854,0,1783610628877636960,201,order_input,benchmark,mock,InstrumentType.Spot,6947440129078264427,OrderType.Limit,Direction.Long,65000.299999999996,276160928,False,Side.Sell,,65000.299999999996,1653898000,BTC-USDT,TimeCondition.GTC,0.001
2837957847,4194834854,0,1783610628877809156,201,order_input,benchmark,mock,InstrumentType.Spot,6947440129078264428,OrderType.Limit,Direction.Long,65000.11,276162464,False,Side.Buy,,65000.11,1653898000,BTC-USDT,TimeCondition.GTC,0.001
2837957847,4194834854,0,1783610628878194963,201,order_input,benchmark,mock,InstrumentType.Spot,6947440129078264429,OrderType.Limit,Direction.Long,65000.32,276164000,False,Side.Sell,,65000.32,1653898000,BTC-USDT,TimeCondition.GTC,0.001
2837957847,4194834854,0,1783610628878446795,201,order_input,benchmark,mock,InstrumentType.Spot,6947440129078264430,OrderType.Limit,Direction.Long,65000.130000000005,276165536,False,Side.Buy,,65000.130000000005,1653898000,BTC-USDT,TimeCondition.GTC,0.001
2837957847,4194834854,0,1783610628878698947,201,order_input,benchmark,mock,InstrumentType.Spot,6947440129078264431,OrderType.Limit,Direction.Long,65000.34,276167072,False,Side.Sell,,65000.34,1653898000,BTC-USDT,TimeCondition.GTC,0.001
2837957847,4194834854,0,1783610628878953741,201,order_input,benchmark,mock,InstrumentType.Spot,6947440129078264432,OrderType.Limit,Direction.Long,65000.15,276168608,False,Side.Buy,,65000.15,1653898000,BTC-USDT,TimeCondition.GTC,0.001
2837957847,4194834854,0,1783610628879307446,201,order_input,benchmark,mock,InstrumentType.Spot,6947440129078264433,OrderType.Limit,Direction.Long,65000.36,276170144,False,Side.Sell,,65000.36,1653898000,BTC-USDT,TimeCondition.GTC,0.001
2837957847,4194834854,0,1783610628879631771,201,order_input,benchmark,mock,InstrumentType.Spot,6947440129078264434,OrderType.Limit,Direction.Long,65000.17,276171680,False,Side.Buy,,65000.17,1653898000,BTC-USDT,TimeCondition.GTC,0.001
2837957847,4194834854,0,1783610628879928196,201,order_input,benchmark,mock,InstrumentType.Spot,6947440129078264435,OrderType.Limit,Direction.Long,65000.38,276173216,False,Side.Sell,,65000.38,1653898000,BTC-USDT,TimeCondition.GTC,0.001
2837957847,4194834854,0,1783610628880327891,201,order_input,benchmark,mock,InstrumentType.Spot,6947440129078264436,OrderType.Limit,Direction.Long,65000.19,276174752,False,Side.Buy,,65000.19,1653898000,BTC-USDT,TimeCondition.GTC,0.001
2837957847,4194834854,0,1783610628880532776,201,order_input,benchmark,mock,InstrumentType.Spot,6947440129078264437,OrderType.Limit,Direction.Long,65000.4,276176288,False,Side.Sell,,65000.4,1653898000,BTC-USDT,TimeCondition.GTC,0.001
2837957847,4194834854,0,1783610628880833464,201,order_input,benchmark,mock,InstrumentType.Spot,6947440129078264438,OrderType.Limit,Direction.Long,65000.21,276177824,False,Side.Buy,,65000.21,1653898000,BTC-USDT,TimeCondition.GTC,0.001
2837957847,4194834854,0,1783610628881127967,201,order_input,benchmark,mock,InstrumentType.Spot,6947440129078264439,OrderType.Limit,Direction.Long,65000.42,276179360,False,Side.Sell,,65000.42,1653898000,BTC-USDT,TimeCondition.GTC,0.001
2837957847,4194834854,0,1783610628881428207,201,order_input,benchmark,mock,InstrumentType.Spot,6947440129078264440,OrderType.Limit,Direction.Long,65000.23,276180896,False,Side.Buy,,65000.23,1653898000,BTC-USDT,TimeCondition.GTC,0.001
2837957847,4194834854,0,1783610628881729193,201,order_input,benchmark,mock,InstrumentType.Spot,6947440129078264441,OrderType.Limit,Direction.Long,65000.439999999995,276182432,False,Side.Sell,,65000.439999999995,1653898000,BTC-USDT,TimeCondition.GTC,0.001
2837957847,4194834854,0,1783610628882039133,201,order_input,benchmark,mock,InstrumentType.Spot,6947440129078264442,OrderType.Limit,Direction.Long,65000.25,276183968,False,Side.Buy,,65000.25,1653898000,BTC-USDT,TimeCondition.GTC,0.001
2837957847,4194834854,0,1783610628882307433,201,order_input,benchmark,mock,InstrumentType.Spot,6947440129078264443,OrderType.Limit,Direction.Long,65000.46,276185504,False,Side.Sell,,65000.46,1653898000,BTC-USDT,TimeCondition.GTC,0.001
2837957847,4194834854,0,1783610628882628958,201,order_input,benchmark,mock,InstrumentType.Spot,6947440129078264444,OrderType.Limit,Direction.Long,65000.270000000004,276187040,False,Side.Buy,,65000.270000000004,1653898000,BTC-USDT,TimeCondition.GTC,0.001
2837957847,4194834854,0,1783610628882928571,201,order_input,benchmark,mock,InstrumentType.Spot,6947440129078264445,OrderType.Limit,Direction.Long,65000.479999999996,276188576,False,Side.Sell,,65000.479999999996,1653898000,BTC-USDT,TimeCondition.GTC,0.001
2837957847,4194834854,0,1783610628883256807,201,order_input,benchmark,mock,InstrumentType.Spot,6947440129078264446,OrderType.Limit,Direction.Long,65000.29,276190112,False,Side.Buy,,65000.29,1653898000,BTC-USDT,TimeCondition.GTC,0.001
2837957847,4194834854,0,1783610628883502734,201,order_input,benchmark,mock,InstrumentType.Spot,6947440129078264447,OrderType.Limit,Direction.Long,65000.5,276191648,False,Side.Sell,,65000.5,1653898000,BTC-USDT,TimeCondition.GTC,0.001
2837957847,4194834854,0,1783610628883833543,201,order_input,benchmark,mock,InstrumentType.Spot,6947440129078264448,OrderType.Limit,Direction.Long,65000.310000000005,276193184,False,Side.Buy,,65000.310000000005,1653898000,BTC-USDT,TimeCondition.GTC,0.001
2837957847,4194834854,0,1783610628884126563,201,order_input,benchmark,mock,InstrumentType.Spot,6947440129078264449,OrderType.Limit,Direction.Long,65000.52,276194720,False,Side.Sell,,65000.52,1653898000,BTC-USDT,TimeCondition.GTC,0.001
2837957847,4194834854,0,1783610628884427609,201,order_input,benchmark,mock,InstrumentType.Spot,6947440129078264450,OrderType.Limit,Direction.Long,65000.33,276196256,False,Side.Buy,,65000.33,1653898000,BTC-USDT,TimeCondition.GTC,0.001
2837957847,4194834854,0,1783610628884719828,201,order_input,benchmark,mock,InstrumentType.Spot,6947440129078264451,OrderType.Limit,Direction.Long,65000.54,276197792,False,Side.Sell,,65000.54,1653898000,BTC-USDT,TimeCondition.GTC,0.001
2837957847,4194834854,0,1783610628885024640,201,order_input,benchmark,mock,InstrumentType.Spot,6947440129078264452,OrderType.Limit,Direction.Long,65000.35,276199328,False,Side.Buy,,65000.35,1653898000,BTC-USDT,TimeCondition.GTC,0.001
2837957847,4194834854,0,1783610628885256528,201,order_input,benchmark,mock,InstrumentType.Spot,6947440129078264453,OrderType.Limit,Direction.Long,65000.56,276200864,False,Side.Sell,,65000.56,1653898000,BTC-USDT,TimeCondition.GTC,0.001
2837957847,4194834854,0,1783610628885628542,201,order_input,benchmark,mock,InstrumentType.Spot,6947440129078264454,OrderType.Limit,Direction.Long,65000.37,276202400,False,Side.Buy,,65000.37,1653898000,BTC-USDT,TimeCondition.GTC,0.001
2837957847,4194834854,0,1783610628885926020,201,order_input,benchmark,mock,InstrumentType.Spot,6947440129078264455,OrderType.Limit,Direction.Long,65000.58,276203936,False,Side.Sell,,65000.58,1653898000,BTC-USDT,TimeCondition.GTC,0.001
2837957847,4194834854,0,1783610628886224897,201,order_input,benchmark,mock,InstrumentType.Spot,6947440129078264456,OrderType.Limit,Direction.Long,65000.39,276205472,False,Side.Buy,,65000.39,1653898000,BTC-USDT,TimeCondition.GTC,0.001
2837957847,4194834854,0,1783610628886533971,201,order_input,benchmark,mock,InstrumentType.Spot,6947440129078264457,OrderType.Limit,Direction.Long,65000.6,276207008,False,Side.Sell,,65000.6,1653898000,BTC-USDT,TimeCondition.GTC,0.001
2837957847,4194834854,0,1783610628886826506,201,order_input,benchmark,mock,InstrumentType.Spot,6947440129078264458,OrderType.Limit,Direction.Long,65000.41,276208544,False,Side.Buy,,65000.41,1653898000,BTC-USDT,TimeCondition.GTC,0.001
2837957847,4194834854,0,1783610628887126445,201,order_input,benchmark,mock,InstrumentType.Spot,6947440129078264459,OrderType.Limit,Direction.Long,65000.619999999995,276210080,False,Side.Sell,,65000.619999999995,1653898000,BTC-USDT,TimeCondition.GTC,0.001
2837957847,4194834854,0,1783610628887428809,201,order_input,benchmark,mock,InstrumentType.Spot,6947440129078264460,OrderType.Limit,Direction.Long,65000.43,276211616,False,Side.Buy,,65000.43,1653898000,BTC-USDT,TimeCondition.GTC,0.001
2837957847,4194834854,0,1783610628887725471,201,order_input,benchmark,mock,InstrumentType.Spot,6947440129078264461,OrderType.Limit,Direction.Long,65000.64,276213152,False,Side.Sell,,65000.64,1653898000,BTC-USDT,TimeCondition.GTC,0.001
2837957847,4194834854,0,1783610628888036287,201,order_input,benchmark,mock,InstrumentType.Spot,6947440129078264462,OrderType.Limit,Direction.Long,65000.450000000004,276214688,False,Side.Buy,,65000.450000000004,1653898000,BTC-USDT,TimeCondition.GTC,0.001
2837957847,4194834854,0,1783610628888325453,201,order_input,benchmark,mock,InstrumentType.Spot,6947440129078264463,OrderType.Limit,Direction.Long,65000.659999999996,276216224,False,Side.Sell,,65000.659999999996,1653898000,BTC-USDT,TimeCondition.GTC,0.001
2837957847,4194834854,0,1783610628888626326,201,order_input,benchmark,mock,InstrumentType.Spot,6947440129078264464,OrderType.Limit,Direction.Long,65000.47,276217760,False,Side.Buy,,65000.47,1653898000,BTC-USDT,TimeCondition.GTC,0.001
2837957847,4194834854,0,1783610628888926983,201,order_input,benchmark,mock,InstrumentType.Spot,6947440129078264465,OrderType.Limit,Direction.Long,65000.68,276219296,False,Side.Sell,,65000.68,1653898000,BTC-USDT,TimeCondition.GTC,0.001
2837957847,4194834854,0,1783610628889247632,201,order_input,benchmark,mock,InstrumentType.Spot,6947440129078264466,OrderType.Limit,Direction.Long,65000.49,276220832,False,Side.Buy,,65000.49,1653898000,BTC-USDT,TimeCondition.GTC,0.001
2837957847,4194834854,0,1783610628889765266,201,order_input,benchmark,mock,InstrumentType.Spot,6947440129078264467,OrderType.Limit,Direction.Long,65000.7,276222368,False,Side.Sell,,65000.7,1653898000,BTC-USDT,TimeCondition.GTC,0.001
2837957847,4194834854,0,1783610628889853291,201,order_input,benchmark,mock,InstrumentType.Spot,6947440129078264468,OrderType.Limit,Direction.Long,65000.51,276223872,False,Side.Buy,,65000.51,1653898000,BTC-USDT,TimeCondition.GTC,0.001
2837957847,4194834854,0,1783610628890239138,201,order_input,benchmark,mock,InstrumentType.Spot,6947440129078264469,OrderType.Limit,Direction.Long,65000.72,276225440,False,Side.Sell,,65000.72,1653898000,BTC-USDT,TimeCondition.GTC,0.001
2837957847,4194834854,0,1783610628890445455,201,order_input,benchmark,mock,InstrumentType.Spot,6947440129078264470,OrderType.Limit,Direction.Long,65000.53,276226976,False,Side.Buy,,65000.53,1653898000,BTC-USDT,TimeCondition.GTC,0.001
2837957847,4194834854,0,1783610628890680645,201,order_input,benchmark,mock,InstrumentType.Spot,6947440129078264471,OrderType.Limit,Direction.Long,65000.74,276228512,False,Side.Sell,,65000.74,1653898000,BTC-USDT,TimeCondition.GTC,0.001
2837957847,4194834854,0,1783610628891039502,201,order_input,benchmark,mock,InstrumentType.Spot,6947440129078264472,OrderType.Limit,Direction.Long,65000.55,276230048,False,Side.Buy,,65000.55,1653898000,BTC-USDT,TimeCondition.GTC,0.001
2837957847,4194834854,0,1783610628891317925,201,order_input,benchmark,mock,InstrumentType.Spot,6947440129078264473,OrderType.Limit,Direction.Long,65000.76,276231584,False,Side.Sell,,65000.76,1653898000,BTC-USDT,TimeCondition.GTC,0.001
2837957847,4194834854,0,1783610628891619429,201,order_input,benchmark,mock,InstrumentType.Spot,6947440129078264474,OrderType.Limit,Direction.Long,65000.57,276233120,False,Side.Buy,,65000.57,1653898000,BTC-USDT,TimeCondition.GTC,0.001
2837957847,4194834854,0,1783610628891921334,201,order_input,benchmark,mock,InstrumentType.Spot,6947440129078264475,OrderType.Limit,Direction.Long,65000.78,276234656,False,Side.Sell,,65000.78,1653898000,BTC-USDT,TimeCondition.GTC,0.001
2837957847,4194834854,0,1783610628892235754,201,order_input,benchmark,mock,InstrumentType.Spot,6947440129078264476,OrderType.Limit,Direction.Long,65000.590000000004,276236192,False,Side.Buy,,65000.590000000004,1653898000,BTC-USDT,TimeCondition.GTC,0.001
2837957847,4194834854,0,1783610628892523593,201,order_input,benchmark,mock,InstrumentType.Spot,6947440129078264477,OrderType.Limit,Direction.Long,65000.799999999996,276237728,False,Side.Sell,,65000.799999999996,1653898000,BTC-USDT,TimeCondition.GTC,0.001
2837957847,4194834854,0,1783610628892820722,201,order_input,benchmark,mock,InstrumentType.Spot,6947440129078264478,OrderType.Limit,Direction.Long,65000.61,276239264,False,Side.Buy,,65000.61,1653898000,BTC-USDT,TimeCondition.GTC,0.001
2837957847,4194834854,0,1783610628893131419,201,order_input,benchmark,mock,InstrumentType.Spot,6947440129078264479,OrderType.Limit,Direction.Long,65000.82,276240800,False,Side.Sell,,65000.82,1653898000,BTC-USDT,TimeCondition.GTC,0.001
2837957847,4194834854,0,1783610628893420838,201,order_input,benchmark,mock,InstrumentType.Spot,6947440129078264480,OrderType.Limit,Direction.Long,65000.630000000005,276242336,False,Side.Buy,,65000.630000000005,1653898000,BTC-USDT,TimeCondition.GTC,0.001
2837957847,4194834854,0,1783610628893720642,201,order_input,benchmark,mock,InstrumentType.Spot,6947440129078264481,OrderType.Limit,Direction.Long,65000.84,276120352,False,Side.Sell,,65000.84,1653898000,BTC-USDT,TimeCondition.GTC,0.001
2837957847,4194834854,0,1783610628894035539,201,order_input,benchmark,mock,InstrumentType.Spot,6947440129078264482,OrderType.Limit,Direction.Long,65000.65,276121888,False,Side.Buy,,65000.65,1653898000,BTC-USDT,TimeCondition.GTC,0.001
2837957847,4194834854,0,1783610628894326955,201,order_input,benchmark,mock,InstrumentType.Spot,6947440129078264483,OrderType.Limit,Direction.Long,65000.86,276123424,False,Side.Sell,,65000.86,1653898000,BTC-USDT,TimeCondition.GTC,0.001
2837957847,4194834854,0,1783610628894622137,201,order_input,benchmark,mock,InstrumentType.Spot,6947440129078264484,OrderType.Limit,Direction.Long,65000.67,276124960,False,Side.Buy,,65000.67,1653898000,BTC-USDT,TimeCondition.GTC,0.001
2837957847,4194834854,0,1783610628894929583,201,order_input,benchmark,mock,InstrumentType.Spot,6947440129078264485,OrderType.Limit,Direction.Long,65000.88,276250720,False,Side.Sell,,65000.88,1653898000,BTC-USDT,TimeCondition.GTC,0.001
2837957847,4194834854,0,1783610628895226652,201,order_input,benchmark,mock,InstrumentType.Spot,6947440129078264486,OrderType.Limit,Direction.Long,65000.69,276252256,False,Side.Buy,,65000.69,1653898000,BTC-USDT,TimeCondition.GTC,0.001
2837957847,4194834854,0,1783610628895521139,201,order_input,benchmark,mock,InstrumentType.Spot,6947440129078264487,OrderType.Limit,Direction.Long,65000.9,276253792,False,Side.Sell,,65000.9,1653898000,BTC-USDT,TimeCondition.GTC,0.001
2837957847,4194834854,0,1783610628895820267,201,order_input,benchmark,mock,InstrumentType.Spot,6947440129078264488,OrderType.Limit,Direction.Long,65000.71,276255328,False,Side.Buy,,65000.71,1653898000,BTC-USDT,TimeCondition.GTC,0.001
2837957847,4194834854,0,1783610628896280545,201,order_input,benchmark,mock,InstrumentType.Spot,6947440129078264489,OrderType.Limit,Direction.Long,65000.92,276256864,False,Side.Sell,,65000.92,1653898000,BTC-USDT,TimeCondition.GTC,0.001
2837957847,4194834854,0,1783610628896399517,201,order_input,benchmark,mock,InstrumentType.Spot,6947440129078264490,OrderType.Limit,Direction.Long,65000.73,276258400,False,Side.Buy,,65000.73,1653898000,BTC-USDT,TimeCondition.GTC,0.001
2837957847,4194834854,0,1783610628896680709,201,order_input,benchmark,mock,InstrumentType.Spot,6947440129078264491,OrderType.Limit,Direction.Long,65000.939999999995,276259936,False,Side.Sell,,65000.939999999995,1653898000,BTC-USDT,TimeCondition.GTC,0.001
2837957847,4194834854,0,1783610628897103769,201,order_input,benchmark,mock,InstrumentType.Spot,6947440129078264492,OrderType.Limit,Direction.Long,65000.75,276261472,False,Side.Buy,,65000.75,1653898000,BTC-USDT,TimeCondition.GTC,0.001
2837957847,4194834854,0,1783610628897435052,201,order_input,benchmark,mock,InstrumentType.Spot,6947440129078264493,OrderType.Limit,Direction.Long,65000.96,276263008,False,Side.Sell,,65000.96,1653898000,BTC-USDT,TimeCondition.GTC,0.001
2837957847,4194834854,0,1783610628897564644,201,order_input,benchmark,mock,InstrumentType.Spot,6947440129078264494,OrderType.Limit,Direction.Long,65000.770000000004,276264544,False,Side.Buy,,65000.770000000004,1653898000,BTC-USDT,TimeCondition.GTC,0.001
2837957847,4194834854,0,1783610628898034716,201,order_input,benchmark,mock,InstrumentType.Spot,6947440129078264495,OrderType.Limit,Direction.Long,65000.979999999996,276266080,False,Side.Sell,,65000.979999999996,1653898000,BTC-USDT,TimeCondition.GTC,0.001
2837957847,4194834854,0,1783610628898161293,201,order_input,benchmark,mock,InstrumentType.Spot,6947440129078264496,OrderType.Limit,Direction.Long,65000.79,276267616,False,Side.Buy,,65000.79,1653898000,BTC-USDT,TimeCondition.GTC,0.001
2837957847,4194834854,0,1783610628898704017,201,order_input,benchmark,mock,InstrumentType.Spot,6947440129078264497,OrderType.Limit,Direction.Long,65001.0,276269152,False,Side.Sell,,65001.0,1653898000,BTC-USDT,TimeCondition.GTC,0.001
2837957847,4194834854,0,1783610628898790247,201,order_input,benchmark,mock,InstrumentType.Spot,6947440129078264498,OrderType.Limit,Direction.Long,65000.810000000005,276270688,False,Side.Buy,,65000.810000000005,1653898000,BTC-USDT,TimeCondition.GTC,0.001
2837957847,4194834854,0,1783610628899062034,201,order_input,benchmark,mock,InstrumentType.Spot,6947440129078264499,OrderType.Limit,Direction.Long,65001.02,276272224,False,Side.Sell,,65001.02,1653898000,BTC-USDT,TimeCondition.GTC,0.001
2837957847,4194834854,0,1783610628899430652,201,order_input,benchmark,mock,InstrumentType.Spot,6947440129078264500,OrderType.Limit,Direction.Long,65000.83,276273760,False,Side.Buy,,65000.83,1653898000,BTC-USDT,TimeCondition.GTC,0.001
2837957847,4194834854,0,1783610628899730032,201,order_input,benchmark,mock,InstrumentType.Spot,6947440129078264501,OrderType.Limit,Direction.Long,65001.04,276275296,False,Side.Sell,,65001.04,1653898000,BTC-USDT,TimeCondition.GTC,0.001
2837957847,4194834854,0,1783610628900026888,201,order_input,benchmark,mock,InstrumentType.Spot,6947440129078264502,OrderType.Limit,Direction.Long,65000.85,276276832,False,Side.Buy,,65000.85,1653898000,BTC-USDT,TimeCondition.GTC,0.001
2837957847,4194834854,0,1783610628900327292,201,order_input,benchmark,mock,InstrumentType.Spot,6947440129078264503,OrderType.Limit,Direction.Long,65001.06,276278368,False,Side.Sell,,65001.06,1653898000,BTC-USDT,TimeCondition.GTC,0.001
2837957847,4194834854,0,1783610628900636851,201,order_input,benchmark,mock,InstrumentType.Spot,6947440129078264504,OrderType.Limit,Direction.Long,65000.87,276279904,False,Side.Buy,,65000.87,1653898000,BTC-USDT,TimeCondition.GTC,0.001
2837957847,4194834854,0,1783610628900923465,201,order_input,benchmark,mock,InstrumentType.Spot,6947440129078264505,OrderType.Limit,Direction.Long,65001.08,276281440,False,Side.Sell,,65001.08,1653898000,BTC-USDT,TimeCondition.GTC,0.001
2837957847,4194834854,0,1783610628901225931,201,order_input,benchmark,mock,InstrumentType.Spot,6947440129078264506,OrderType.Limit,Direction.Long,65000.89,276282976,False,Side.Buy,,65000.89,1653898000,BTC-USDT,TimeCondition.GTC,0.001
2837957847,4194834854,0,1783610628901526744,201,order_input,benchmark,mock,InstrumentType.Spot,6947440129078264507,OrderType.Limit,Direction.Long,65000.1,276284512,False,Side.Sell,,65000.1,1653898000,BTC-USDT,TimeCondition.GTC,0.001
2837957847,4194834854,0,1783610628901822683,201,order_input,benchmark,mock,InstrumentType.Spot,6947440129078264508,OrderType.Limit,Direction.Long,64999.91,276286048,False,Side.Buy,,64999.91,1653898000,BTC-USDT,TimeCondition.GTC,0.001
2837957847,4194834854,0,1783610628902127767,201,order_input,benchmark,mock,InstrumentType.Spot,6947440129078264509,OrderType.Limit,Direction.Long,65000.119999999995,276287584,False,Side.Sell,,65000.119999999995,1653898000,BTC-USDT,TimeCondition.GTC,0.001
2837957847,4194834854,0,1783610628902427489,201,order_input,benchmark,mock,InstrumentType.Spot,6947440129078264510,OrderType.Limit,Direction.Long,64999.93,276289120,False,Side.Buy,,64999.93,1653898000,BTC-USDT,TimeCondition.GTC,0.001
2837957847,4194834854,0,1783610628902726513,201,order_input,benchmark,mock,InstrumentType.Spot,6947440129078264511,OrderType.Limit,Direction.Long,65000.14,276290656,False,Side.Sell,,65000.14,1653898000,BTC-USDT,TimeCondition.GTC,0.001
2837957847,4194834854,0,1783610628903034913,201,order_input,benchmark,mock,InstrumentType.Spot,6947440129078264512,OrderType.Limit,Direction.Long,64999.950000000004,276292192,False,Side.Buy,,64999.950000000004,1653898000,BTC-USDT,TimeCondition.GTC,0.001
2837957847,4194834854,0,1783610628903344049,201,order_input,benchmark,mock,InstrumentType.Spot,6947440129078264513,OrderType.Limit,Direction.Long,65000.159999999996,276293728,False,Side.Sell,,65000.159999999996,1653898000,BTC-USDT,TimeCondition.GTC,0.001
2837957847,4194834854,0,1783610628903572260,201,order_input,benchmark,mock,InstrumentType.Spot,6947440129078264514,OrderType.Limit,Direction.Long,64999.97,276295264,False,Side.Buy,,64999.97,1653898000,BTC-USDT,TimeCondition.GTC,0.001
2837957847,4194834854,0,1783610628903886005,201,order_input,benchmark,mock,InstrumentType.Spot,6947440129078264515,OrderType.Limit,Direction.Long,65000.18,276296800,False,Side.Sell,,65000.18,1653898000,BTC-USDT,TimeCondition.GTC,0.001
2837957847,4194834854,0,1783610628904229297,201,order_input,benchmark,mock,InstrumentType.Spot,6947440129078264516,OrderType.Limit,Direction.Long,64999.99,276298336,False,Side.Buy,,64999.99,1653898000,BTC-USDT,TimeCondition.GTC,0.001
2837957847,4194834854,0,1783610628904687439,201,order_input,benchmark,mock,InstrumentType.Spot,6947440129078264517,OrderType.Limit,Direction.Long,65000.2,276299872,False,Side.Sell,,65000.2,1653898000,BTC-USDT,TimeCondition.GTC,0.001
2837957847,4194834854,0,1783610628904760968,201,order_input,benchmark,mock,InstrumentType.Spot,6947440129078264518,OrderType.Limit,Direction.Long,65000.01,276301408,False,Side.Buy,,65000.01,1653898000,BTC-USDT,TimeCondition.GTC,0.001
2837957847,4194834854,0,1783610628905232953,201,order_input,benchmark,mock,InstrumentType.Spot,6947440129078264519,OrderType.Limit,Direction.Long,65000.22,276302944,False,Side.Sell,,65000.22,1653898000,BTC-USDT,TimeCondition.GTC,0.001
2837957847,4194834854,0,1783610628905626202,201,order_input,benchmark,mock,InstrumentType.Spot,6947440129078264520,OrderType.Limit,Direction.Long,65000.03,276304480,False,Side.Buy,,65000.03,1653898000,BTC-USDT,TimeCondition.GTC,0.001
2837957847,4194834854,0,1783610628905749941,201,order_input,benchmark,mock,InstrumentType.Spot,6947440129078264521,OrderType.Limit,Direction.Long,65000.24,276306016,False,Side.Sell,,65000.24,1653898000,BTC-USDT,TimeCondition.GTC,0.001
2837957847,4194834854,0,1783610628906092619,201,order_input,benchmark,mock,InstrumentType.Spot,6947440129078264522,OrderType.Limit,Direction.Long,65000.05,276307552,False,Side.Buy,,65000.05,1653898000,BTC-USDT,TimeCondition.GTC,0.001
2837957847,4194834854,0,1783610628906349265,201,order_input,benchmark,mock,InstrumentType.Spot,6947440129078264523,OrderType.Limit,Direction.Long,65000.26,276309088,False,Side.Sell,,65000.26,1653898000,BTC-USDT,TimeCondition.GTC,0.001
2837957847,4194834854,0,1783610628906763511,201,order_input,benchmark,mock,InstrumentType.Spot,6947440129078264524,OrderType.Limit,Direction.Long,65000.07,276310624,False,Side.Buy,,65000.07,1653898000,BTC-USDT,TimeCondition.GTC,0.001
2837957847,4194834854,0,1783610628906939956,201,order_input,benchmark,mock,InstrumentType.Spot,6947440129078264525,OrderType.Limit,Direction.Long,65000.28,276312160,False,Side.Sell,,65000.28,1653898000,BTC-USDT,TimeCondition.GTC,0.001
2837957847,4194834854,0,1783610628907169657,201,order_input,benchmark,mock,InstrumentType.Spot,6947440129078264526,OrderType.Limit,Direction.Long,65000.090000000004,276313696,False,Side.Buy,,65000.090000000004,1653898000,BTC-USDT,TimeCondition.GTC,0.001
2837957847,4194834854,0,1783610628907546898,201,order_input,benchmark,mock,InstrumentType.Spot,6947440129078264527,OrderType.Limit,Direction.Long,65000.299999999996,276315232,False,Side.Sell,,65000.299999999996,1653898000,BTC-USDT,TimeCondition.GTC,0.001
2837957847,4194834854,0,1783610628907821850,201,order_input,benchmark,mock,InstrumentType.Spot,6947440129078264528,OrderType.Limit,Direction.Long,65000.11,276316768,False,Side.Buy,,65000.11,1653898000,BTC-USDT,TimeCondition.GTC,0.001
2837957847,4194834854,0,1783610628908143195,201,order_input,benchmark,mock,InstrumentType.Spot,6947440129078264529,OrderType.Limit,Direction.Long,65000.32,276318304,False,Side.Sell,,65000.32,1653898000,BTC-USDT,TimeCondition.GTC,0.001
2837957847,4194834854,0,1783610628908414492,201,order_input,benchmark,mock,InstrumentType.Spot,6947440129078264530,OrderType.Limit,Direction.Long,65000.130000000005,276319840,False,Side.Buy,,65000.130000000005,1653898000,BTC-USDT,TimeCondition.GTC,0.001
2837957847,4194834854,0,1783610628908720816,201,order_input,benchmark,mock,InstrumentType.Spot,6947440129078264531,OrderType.Limit,Direction.Long,65000.34,276321376,False,Side.Sell,,65000.34,1653898000,BTC-USDT,TimeCondition.GTC,0.001
2837957847,4194834854,0,1783610628909029802,201,order_input,benchmark,mock,InstrumentType.Spot,6947440129078264532,OrderType.Limit,Direction.Long,65000.15,276322912,False,Side.Buy,,65000.15,1653898000,BTC-USDT,TimeCondition.GTC,0.001
2837957847,4194834854,0,1783610628909336919,201,order_input,benchmark,mock,InstrumentType.Spot,6947440129078264533,OrderType.Limit,Direction.Long,65000.36,276324448,False,Side.Sell,,65000.36,1653898000,BTC-USDT,TimeCondition.GTC,0.001
2837957847,4194834854,0,1783610628909622522,201,order_input,benchmark,mock,InstrumentType.Spot,6947440129078264534,OrderType.Limit,Direction.Long,65000.17,276325984,False,Side.Buy,,65000.17,1653898000,BTC-USDT,TimeCondition.GTC,0.001
2837957847,4194834854,0,1783610628909921626,201,order_input,benchmark,mock,InstrumentType.Spot,6947440129078264535,OrderType.Limit,Direction.Long,65000.38,276327520,False,Side.Sell,,65000.38,1653898000,BTC-USDT,TimeCondition.GTC,0.001
2837957847,4194834854,0,1783610628910222185,201,order_input,benchmark,mock,InstrumentType.Spot,6947440129078264536,OrderType.Limit,Direction.Long,65000.19,276329056,False,Side.Buy,,65000.19,1653898000,BTC-USDT,TimeCondition.GTC,0.001
2837957847,4194834854,0,1783610628910544863,201,order_input,benchmark,mock,InstrumentType.Spot,6947440129078264537,OrderType.Limit,Direction.Long,65000.4,276330592,False,Side.Sell,,65000.4,1653898000,BTC-USDT,TimeCondition.GTC,0.001
2837957847,4194834854,0,1783610628910773120,201,order_input,benchmark,mock,InstrumentType.Spot,6947440129078264538,OrderType.Limit,Direction.Long,65000.21,276332128,False,Side.Buy,,65000.21,1653898000,BTC-USDT,TimeCondition.GTC,0.001
2837957847,4194834854,0,1783610628911124055,201,order_input,benchmark,mock,InstrumentType.Spot,6947440129078264539,OrderType.Limit,Direction.Long,65000.42,276333664,False,Side.Sell,,65000.42,1653898000,BTC-USDT,TimeCondition.GTC,0.001
2837957847,4194834854,0,1783610628911421196,201,order_input,benchmark,mock,InstrumentType.Spot,6947440129078264540,OrderType.Limit,Direction.Long,65000.23,276335200,False,Side.Buy,,65000.23,1653898000,BTC-USDT,TimeCondition.GTC,0.001
2837957847,4194834854,0,1783610628911718538,201,order_input,benchmark,mock,InstrumentType.Spot,6947440129078264541,OrderType.Limit,Direction.Long,65000.439999999995,276336736,False,Side.Sell,,65000.439999999995,1653898000,BTC-USDT,TimeCondition.GTC,0.001
2837957847,4194834854,0,1783610628912032426,201,order_input,benchmark,mock,InstrumentType.Spot,6947440129078264542,OrderType.Limit,Direction.Long,65000.25,276338272,False,Side.Buy,,65000.25,1653898000,BTC-USDT,TimeCondition.GTC,0.001
2837957847,4194834854,0,1783610628912322986,201,order_input,benchmark,mock,InstrumentType.Spot,6947440129078264543,OrderType.Limit,Direction.Long,65000.46,276339808,False,Side.Sell,,65000.46,1653898000,BTC-USDT,TimeCondition.GTC,0.001
2837957847,4194834854,0,1783610628912619473,201,order_input,benchmark,mock,InstrumentType.Spot,6947440129078264544,OrderType.Limit,Direction.Long,65000.270000000004,276341344,False,Side.Buy,,65000.270000000004,1653898000,BTC-USDT,TimeCondition.GTC,0.001
2837957847,4194834854,0,1783610628912919968,201,order_input,benchmark,mock,InstrumentType.Spot,6947440129078264545,OrderType.Limit,Direction.Long,65000.479999999996,276342880,False,Side.Sell,,65000.479999999996,1653898000,BTC-USDT,TimeCondition.GTC,0.001
2837957847,4194834854,0,1783610628913222165,201,order_input,benchmark,mock,InstrumentType.Spot,6947440129078264546,OrderType.Limit,Direction.Long,65000.29,276344416,False,Side.Buy,,65000.29,1653898000,BTC-USDT,TimeCondition.GTC,0.001
2837957847,4194834854,0,1783610628913515722,201,order_input,benchmark,mock,InstrumentType.Spot,6947440129078264547,OrderType.Limit,Direction.Long,65000.5,276345952,False,Side.Sell,,65000.5,1653898000,BTC-USDT,TimeCondition.GTC,0.001
2837957847,4194834854,0,1783610628913819079,201,order_input,benchmark,mock,InstrumentType.Spot,6947440129078264548,OrderType.Limit,Direction.Long,65000.310000000005,276347488,False,Side.Buy,,65000.310000000005,1653898000,BTC-USDT,TimeCondition.GTC,0.001
2837957847,4194834854,0,1783610628914124236,201,order_input,benchmark,mock,InstrumentType.Spot,6947440129078264549,OrderType.Limit,Direction.Long,65000.52,276349024,False,Side.Sell,,65000.52,1653898000,BTC-USDT,TimeCondition.GTC,0.001
2837957847,4194834854,0,1783610628914420168,201,order_input,benchmark,mock,InstrumentType.Spot,6947440129078264550,OrderType.Limit,Direction.Long,65000.33,276350560,False,Side.Buy,,65000.33,1653898000,BTC-USDT,TimeCondition.GTC,0.001
2837957847,4194834854,0,1783610628914720427,201,order_input,benchmark,mock,InstrumentType.Spot,6947440129078264551,OrderType.Limit,Direction.Long,65000.54,276352096,False,Side.Sell,,65000.54,1653898000,BTC-USDT,TimeCondition.GTC,0.001
2837957847,4194834854,0,1783610628915038104,201,order_input,benchmark,mock,InstrumentType.Spot,6947440129078264552,OrderType.Limit,Direction.Long,65000.35,276353632,False,Side.Buy,,65000.35,1653898000,BTC-USDT,TimeCondition.GTC,0.001
2837957847,4194834854,0,1783610628915322891,201,order_input,benchmark,mock,InstrumentType.Spot,6947440129078264553,OrderType.Limit,Direction.Long,65000.56,276355168,False,Side.Sell,,65000.56,1653898000,BTC-USDT,TimeCondition.GTC,0.001
2837957847,4194834854,0,1783610628915618729,201,order_input,benchmark,mock,InstrumentType.Spot,6947440129078264554,OrderType.Limit,Direction.Long,65000.37,276356704,False,Side.Buy,,65000.37,1653898000,BTC-USDT,TimeCondition.GTC,0.001
2837957847,4194834854,0,1783610628915921443,201,order_input,benchmark,mock,InstrumentType.Spot,6947440129078264555,OrderType.Limit,Direction.Long,65000.58,276358240,False,Side.Sell,,65000.58,1653898000,BTC-USDT,TimeCondition.GTC,0.001
2837957847,4194834854,0,1783610628916228297,201,order_input,benchmark,mock,InstrumentType.Spot,6947440129078264556,OrderType.Limit,Direction.Long,65000.39,276359776,False,Side.Buy,,65000.39,1653898000,BTC-USDT,TimeCondition.GTC,0.001
2837957847,4194834854,0,1783610628916505340,201,order_input,benchmark,mock,InstrumentType.Spot,6947440129078264557,OrderType.Limit,Direction.Long,65000.6,276361312,False,Side.Sell,,65000.6,1653898000,BTC-USDT,TimeCondition.GTC,0.001
2837957847,4194834854,0,1783610628916820712,201,order_input,benchmark,mock,InstrumentType.Spot,6947440129078264558,OrderType.Limit,Direction.Long,65000.41,276362848,False,Side.Buy,,65000.41,1653898000,BTC-USDT,TimeCondition.GTC,0.001
2837957847,4194834854,0,1783610628917123048,201,order_input,benchmark,mock,InstrumentType.Spot,6947440129078264559,OrderType.Limit,Direction.Long,65000.619999999995,276364384,False,Side.Sell,,65000.619999999995,1653898000,BTC-USDT,TimeCondition.GTC,0.001
2837957847,4194834854,0,1783610628917503992,201,order_input,benchmark,mock,InstrumentType.Spot,6947440129078264560,OrderType.Limit,Direction.Long,65000.43,276365920,False,Side.Buy,,65000.43,1653898000,BTC-USDT,TimeCondition.GTC,0.001
2837957847,4194834854,0,1783610628917705734,201,order_input,benchmark,mock,InstrumentType.Spot,6947440129078264561,OrderType.Limit,Direction.Long,65000.64,276367456,False,Side.Sell,,65000.64,1653898000,BTC-USDT,TimeCondition.GTC,0.001
2837957847,4194834854,0,1783610628918044572,201,order_input,benchmark,mock,InstrumentType.Spot,6947440129078264562,OrderType.Limit,Direction.Long,65000.450000000004,276368992,False,Side.Buy,,65000.450000000004,1653898000,BTC-USDT,TimeCondition.GTC,0.001
2837957847,4194834854,0,1783610628918323120,201,order_input,benchmark,mock,InstrumentType.Spot,6947440129078264563,OrderType.Limit,Direction.Long,65000.659999999996,276370528,False,Side.Sell,,65000.659999999996,1653898000,BTC-USDT,TimeCondition.GTC,0.001
2837957847,4194834854,0,1783610628918627842,201,order_input,benchmark,mock,InstrumentType.Spot,6947440129078264564,OrderType.Limit,Direction.Long,65000.47,276372064,False,Side.Buy,,65000.47,1653898000,BTC-USDT,TimeCondition.GTC,0.001
2837957847,4194834854,0,1783610628918930437,201,order_input,benchmark,mock,InstrumentType.Spot,6947440129078264565,OrderType.Limit,Direction.Long,65000.68,276373600,False,Side.Sell,,65000.68,1653898000,BTC-USDT,TimeCondition.GTC,0.001
2837957847,4194834854,0,1783610628919230992,201,order_input,benchmark,mock,InstrumentType.Spot,6947440129078264566,OrderType.Limit,Direction.Long,65000.49,276375136,False,Side.Buy,,65000.49,1653898000,BTC-USDT,TimeCondition.GTC,0.001
2837957847,4194834854,0,1783610628919524247,201,order_input,benchmark,mock,InstrumentType.Spot,6947440129078264567,OrderType.Limit,Direction.Long,65000.7,276376672,False,Side.Sell,,65000.7,1653898000,BTC-USDT,TimeCondition.GTC,0.001
2837957847,4194834854,0,1783610628919820586,201,order_input,benchmark,mock,InstrumentType.Spot,6947440129078264568,OrderType.Limit,Direction.Long,65000.51,276378208,False,Side.Buy,,65000.51,1653898000,BTC-USDT,TimeCondition.GTC,0.001
2837957847,4194834854,0,1783610628920122335,201,order_input,benchmark,mock,InstrumentType.Spot,6947440129078264569,OrderType.Limit,Direction.Long,65000.72,276243872,False,Side.Sell,,65000.72,1653898000,BTC-USDT,TimeCondition.GTC,0.001
2837957847,4194834854,0,1783610628920420231,201,order_input,benchmark,mock,InstrumentType.Spot,6947440129078264570,OrderType.Limit,Direction.Long,65000.53,276245408,False,Side.Buy,,65000.53,1653898000,BTC-USDT,TimeCondition.GTC,0.001
2837957847,4194834854,0,1783610628920729775,201,order_input,benchmark,mock,InstrumentType.Spot,6947440129078264571,OrderType.Limit,Direction.Long,65000.74,276246944,False,Side.Sell,,65000.74,1653898000,BTC-USDT,TimeCondition.GTC,0.001
2837957847,4194834854,0,1783610628921026399,201,order_input,benchmark,mock,InstrumentType.Spot,6947440129078264572,OrderType.Limit,Direction.Long,65000.55,276248480,False,Side.Buy,,65000.55,1653898000,BTC-USDT,TimeCondition.GTC,0.001
2837957847,4194834854,0,1783610628921321794,201,order_input,benchmark,mock,InstrumentType.Spot,6947440129078264573,OrderType.Limit,Direction.Long,65000.76,276386688,False,Side.Sell,,65000.76,1653898000,BTC-USDT,TimeCondition.GTC,0.001
2837957847,4194834854,0,1783610628921621495,201,order_input,benchmark,mock,InstrumentType.Spot,6947440129078264574,OrderType.Limit,Direction.Long,65000.57,276388224,False,Side.Buy,,65000.57,1653898000,BTC-USDT,TimeCondition.GTC,0.001
2837957847,4194834854,0,1783610628921923636,201,order_input,benchmark,mock,InstrumentType.Spot,6947440129078264575,OrderType.Limit,Direction.Long,65000.78,276389760,False,Side.Sell,,65000.78,1653898000,BTC-USDT,TimeCondition.GTC,0.001
2837957847,4194834854,0,1783610628922218049,201,order_input,benchmark,mock,InstrumentType.Spot,6947440129078264576,OrderType.Limit,Direction.Long,65000.590000000004,276391296,False,Side.Buy,,65000.590000000004,1653898000,BTC-USDT,TimeCondition.GTC,0.001
2837957847,4194834854,0,1783610628922516459,201,order_input,benchmark,mock,InstrumentType.Spot,6947440129078264577,OrderType.Limit,Direction.Long,65000.799999999996,276392832,False,Side.Sell,,65000.799999999996,1653898000,BTC-USDT,TimeCondition.GTC,0.001
2837957847,4194834854,0,1783610628922820611,201,order_input,benchmark,mock,InstrumentType.Spot,6947440129078264578,OrderType.Limit,Direction.Long,65000.61,276394368,False,Side.Buy,,65000.61,1653898000,BTC-USDT,TimeCondition.GTC,0.001
2837957847,4194834854,0,1783610628923122227,201,order_input,benchmark,mock,InstrumentType.Spot,6947440129078264579,OrderType.Limit,Direction.Long,65000.82,276395904,False,Side.Sell,,65000.82,1653898000,BTC-USDT,TimeCondition.GTC,0.001
2837957847,4194834854,0,1783610628923416690,201,order_input,benchmark,mock,InstrumentType.Spot,6947440129078264580,OrderType.Limit,Direction.Long,65000.630000000005,276397440,False,Side.Buy,,65000.630000000005,1653898000,BTC-USDT,TimeCondition.GTC,0.001
2837957847,4194834854,0,1783610628923726580,201,order_input,benchmark,mock,InstrumentType.Spot,6947440129078264581,OrderType.Limit,Direction.Long,65000.84,276398976,False,Side.Sell,,65000.84,1653898000,BTC-USDT,TimeCondition.GTC,0.001
2837957847,4194834854,0,1783610628924034158,201,order_input,benchmark,mock,InstrumentType.Spot,6947440129078264582,OrderType.Limit,Direction.Long,65000.65,276400512,False,Side.Buy,,65000.65,1653898000,BTC-USDT,TimeCondition.GTC,0.001
2837957847,4194834854,0,1783610628924317317,201,order_input,benchmark,mock,InstrumentType.Spot,6947440129078264583,OrderType.Limit,Direction.Long,65000.86,276402048,False,Side.Sell,,65000.86,1653898000,BTC-USDT,TimeCondition.GTC,0.001
2837957847,4194834854,0,1783610628924629382,201,order_input,benchmark,mock,InstrumentType.Spot,6947440129078264584,OrderType.Limit,Direction.Long,65000.67,276403584,False,Side.Buy,,65000.67,1653898000,BTC-USDT,TimeCondition.GTC,0.001
2837957847,4194834854,0,1783610628924849805,201,order_input,benchmark,mock,InstrumentType.Spot,6947440129078264585,OrderType.Limit,Direction.Long,65000.88,276405120,False,Side.Sell,,65000.88,1653898000,BTC-USDT,TimeCondition.GTC,0.001
2837957847,4194834854,0,1783610628925216951,201,order_input,benchmark,mock,InstrumentType.Spot,6947440129078264586,OrderType.Limit,Direction.Long,65000.69,276406656,False,Side.Buy,,65000.69,1653898000,BTC-USDT,TimeCondition.GTC,0.001
2837957847,4194834854,0,1783610628925519501,201,order_input,benchmark,mock,InstrumentType.Spot,6947440129078264587,OrderType.Limit,Direction.Long,65000.9,276408192,False,Side.Sell,,65000.9,1653898000,BTC-USDT,TimeCondition.GTC,0.001
2837957847,4194834854,0,1783610628925820601,201,order_input,benchmark,mock,InstrumentType.Spot,6947440129078264588,OrderType.Limit,Direction.Long,65000.71,276409728,False,Side.Buy,,65000.71,1653898000,BTC-USDT,TimeCondition.GTC,0.001
2837957847,4194834854,0,1783610628926121838,201,order_input,benchmark,mock,InstrumentType.Spot,6947440129078264589,OrderType.Limit,Direction.Long,65000.92,276411264,False,Side.Sell,,65000.92,1653898000,BTC-USDT,TimeCondition.GTC,0.001
2837957847,4194834854,0,1783610628926430432,201,order_input,benchmark,mock,InstrumentType.Spot,6947440129078264590,OrderType.Limit,Direction.Long,65000.73,276412800,False,Side.Buy,,65000.73,1653898000,BTC-USDT,TimeCondition.GTC,0.001
2837957847,4194834854,0,1783610628926718581,201,order_input,benchmark,mock,InstrumentType.Spot,6947440129078264591,OrderType.Limit,Direction.Long,65000.939999999995,276414336,False,Side.Sell,,65000.939999999995,1653898000,BTC-USDT,TimeCondition.GTC,0.001
2837957847,4194834854,0,1783610628927028344,201,order_input,benchmark,mock,InstrumentType.Spot,6947440129078264592,OrderType.Limit,Direction.Long,65000.75,276415872,False,Side.Buy,,65000.75,1653898000,BTC-USDT,TimeCondition.GTC,0.001
2837957847,4194834854,0,1783610628927263524,201,order_input,benchmark,mock,InstrumentType.Spot,6947440129078264593,OrderType.Limit,Direction.Long,65000.96,276417408,False,Side.Sell,,65000.96,1653898000,BTC-USDT,TimeCondition.GTC,0.001
2837957847,4194834854,0,1783610628927618734,201,order_input,benchmark,mock,InstrumentType.Spot,6947440129078264594,OrderType.Limit,Direction.Long,65000.770000000004,276418944,False,Side.Buy,,65000.770000000004,1653898000,BTC-USDT,TimeCondition.GTC,0.001
2837957847,4194834854,0,1783610628927915972,201,order_input,benchmark,mock,InstrumentType.Spot,6947440129078264595,OrderType.Limit,Direction.Long,65000.979999999996,276420480,False,Side.Sell,,65000.979999999996,1653898000,BTC-USDT,TimeCondition.GTC,0.001
2837957847,4194834854,0,1783610628928220940,201,order_input,benchmark,mock,InstrumentType.Spot,6947440129078264596,OrderType.Limit,Direction.Long,65000.79,276422016,False,Side.Buy,,65000.79,1653898000,BTC-USDT,TimeCondition.GTC,0.001
2837957847,4194834854,0,1783610628928522556,201,order_input,benchmark,mock,InstrumentType.Spot,6947440129078264597,OrderType.Limit,Direction.Long,65001.0,276423552,False,Side.Sell,,65001.0,1653898000,BTC-USDT,TimeCondition.GTC,0.001
2837957847,4194834854,0,1783610628928987187,201,order_input,benchmark,mock,InstrumentType.Spot,6947440129078264598,OrderType.Limit,Direction.Long,65000.810000000005,276425088,False,Side.Buy,,65000.810000000005,1653898000,BTC-USDT,TimeCondition.GTC,0.001
2837957847,4194834854,0,1783610628929088009,201,order_input,benchmark,mock,InstrumentType.Spot,6947440129078264599,OrderType.Limit,Direction.Long,65001.02,276426624,False,Side.Sell,,65001.02,1653898000,BTC-USDT,TimeCondition.GTC,0.001
2837957847,4194834854,0,1783610628929445715,201,order_input,benchmark,mock,InstrumentType.Spot,6947440129078264600,OrderType.Limit,Direction.Long,65000.83,276428160,False,Side.Buy,,65000.83,1653898000,BTC-USDT,TimeCondition.GTC,0.001
2837957847,4194834854,0,1783610628929927623,201,order_input,benchmark,mock,InstrumentType.Spot,6947440129078264601,OrderType.Limit,Direction.Long,65001.04,276429696,False,Side.Sell,,65001.04,1653898000,BTC-USDT,TimeCondition.GTC,0.001
2837957847,4194834854,0,1783610628930046114,201,order_input,benchmark,mock,InstrumentType.Spot,6947440129078264602,OrderType.Limit,Direction.Long,65000.85,276431232,False,Side.Buy,,65000.85,1653898000,BTC-USDT,TimeCondition.GTC,0.001
2837957847,4194834854,0,1783610628930353608,201,order_input,benchmark,mock,InstrumentType.Spot,6947440129078264603,OrderType.Limit,Direction.Long,65001.06,276432768,False,Side.Sell,,65001.06,1653898000,BTC-USDT,TimeCondition.GTC,0.001
2837957847,4194834854,0,1783610628930563269,201,order_input,benchmark,mock,InstrumentType.Spot,6947440129078264604,OrderType.Limit,Direction.Long,65000.87,276434304,False,Side.Buy,,65000.87,1653898000,BTC-USDT,TimeCondition.GTC,0.001
2837957847,4194834854,0,1783610628930839881,201,order_input,benchmark,mock,InstrumentType.Spot,6947440129078264605,OrderType.Limit,Direction.Long,65001.08,276435840,False,Side.Sell,,65001.08,1653898000,BTC-USDT,TimeCondition.GTC,0.001
2837957847,4194834854,0,1783610628931232761,201,order_input,benchmark,mock,InstrumentType.Spot,6947440129078264606,OrderType.Limit,Direction.Long,65000.89,276437376,False,Side.Buy,,65000.89,1653898000,BTC-USDT,TimeCondition.GTC,0.001
2837957847,4194834854,0,1783610628931529761,201,order_input,benchmark,mock,InstrumentType.Spot,6947440129078264607,OrderType.Limit,Direction.Long,65000.1,276438912,False,Side.Sell,,65000.1,1653898000,BTC-USDT,TimeCondition.GTC,0.001
2837957847,4194834854,0,1783610628931856334,201,order_input,benchmark,mock,InstrumentType.Spot,6947440129078264608,OrderType.Limit,Direction.Long,64999.91,276440448,False,Side.Buy,,64999.91,1653898000,BTC-USDT,TimeCondition.GTC,0.001
2837957847,4194834854,0,1783610628932121965,201,order_input,benchmark,mock,InstrumentType.Spot,6947440129078264609,OrderType.Limit,Direction.Long,65000.119999999995,276441984,False,Side.Sell,,65000.119999999995,1653898000,BTC-USDT,TimeCondition.GTC,0.001
2837957847,4194834854,0,1783610628932435555,201,order_input,benchmark,mock,InstrumentType.Spot,6947440129078264610,OrderType.Limit,Direction.Long,64999.93,276443520,False,Side.Buy,,64999.93,1653898000,BTC-USDT,TimeCondition.GTC,0.001
2837957847,4194834854,0,1783610628932725157,201,order_input,benchmark,mock,InstrumentType.Spot,6947440129078264611,OrderType.Limit,Direction.Long,65000.14,276445056,False,Side.Sell,,65000.14,1653898000,BTC-USDT,TimeCondition.GTC,0.001
2837957847,4194834854,0,1783610628933040945,201,order_input,benchmark,mock,InstrumentType.Spot,6947440129078264612,OrderType.Limit,Direction.Long,64999.950000000004,276446592,False,Side.Buy,,64999.950000000004,1653898000,BTC-USDT,TimeCondition.GTC,0.001
2837957847,4194834854,0,1783610628933275371,201,order_input,benchmark,mock,InstrumentType.Spot,6947440129078264613,OrderType.Limit,Direction.Long,65000.159999999996,276448128,False,Side.Sell,,65000.159999999996,1653898000,BTC-USDT,TimeCondition.GTC,0.001
2837957847,4194834854,0,1783610628933625361,201,order_input,benchmark,mock,InstrumentType.Spot,6947440129078264614,OrderType.Limit,Direction.Long,64999.97,276449664,False,Side.Buy,,64999.97,1653898000,BTC-USDT,TimeCondition.GTC,0.001
2837957847,4194834854,0,1783610628933927059,201,order_input,benchmark,mock,InstrumentType.Spot,6947440129078264615,OrderType.Limit,Direction.Long,65000.18,276451200,False,Side.Sell,,65000.18,1653898000,BTC-USDT,TimeCondition.GTC,0.001
2837957847,4194834854,0,1783610628934232849,201,order_input,benchmark,mock,InstrumentType.Spot,6947440129078264616,OrderType.Limit,Direction.Long,64999.99,276452736,False,Side.Buy,,64999.99,1653898000,BTC-USDT,TimeCondition.GTC,0.001
2837957847,4194834854,0,1783610628934523776,201,order_input,benchmark,mock,InstrumentType.Spot,6947440129078264617,OrderType.Limit,Direction.Long,65000.2,276454272,False,Side.Sell,,65000.2,1653898000,BTC-USDT,TimeCondition.GTC,0.001
2837957847,4194834854,0,1783610628934825705,201,order_input,benchmark,mock,InstrumentType.Spot,6947440129078264618,OrderType.Limit,Direction.Long,65000.01,276455808,False,Side.Buy,,65000.01,1653898000,BTC-USDT,TimeCondition.GTC,0.001
2837957847,4194834854,0,1783610628935135563,201,order_input,benchmark,mock,InstrumentType.Spot,6947440129078264619,OrderType.Limit,Direction.Long,65000.22,276457344,False,Side.Sell,,65000.22,1653898000,BTC-USDT,TimeCondition.GTC,0.001
2837957847,4194834854,0,1783610628935423759,201,order_input,benchmark,mock,InstrumentType.Spot,6947440129078264620,OrderType.Limit,Direction.Long,65000.03,276458880,False,Side.Buy,,65000.03,1653898000,BTC-USDT,TimeCondition.GTC,0.001
2837957847,4194834854,0,1783610628935723905,201,order_input,benchmark,mock,InstrumentType.Spot,6947440129078264621,OrderType.Limit,Direction.Long,65000.24,276460416,False,Side.Sell,,65000.24,1653898000,BTC-USDT,TimeCondition.GTC,0.001
2837957847,4194834854,0,1783610628936031802,201,order_input,benchmark,mock,InstrumentType.Spot,6947440129078264622,OrderType.Limit,Direction.Long,65000.05,276461952,False,Side.Buy,,65000.05,1653898000,BTC-USDT,TimeCondition.GTC,0.001
2837957847,4194834854,0,1783610628936323889,201,order_input,benchmark,mock,InstrumentType.Spot,6947440129078264623,OrderType.Limit,Direction.Long,65000.26,276463488,False,Side.Sell,,65000.26,1653898000,BTC-USDT,TimeCondition.GTC,0.001
2837957847,4194834854,0,1783610628936620960,201,order_input,benchmark,mock,InstrumentType.Spot,6947440129078264624,OrderType.Limit,Direction.Long,65000.07,276465024,False,Side.Buy,,65000.07,1653898000,BTC-USDT,TimeCondition.GTC,0.001
2837957847,4194834854,0,1783610628936925073,201,order_input,benchmark,mock,InstrumentType.Spot,6947440129078264625,OrderType.Limit,Direction.Long,65000.28,276466560,False,Side.Sell,,65000.28,1653898000,BTC-USDT,TimeCondition.GTC,0.001
2837957847,4194834854,0,1783610628937227137,201,order_input,benchmark,mock,InstrumentType.Spot,6947440129078264626,OrderType.Limit,Direction.Long,65000.090000000004,276468096,False,Side.Buy,,65000.090000000004,1653898000,BTC-USDT,TimeCondition.GTC,0.001
2837957847,4194834854,0,1783610628937522885,201,order_input,benchmark,mock,InstrumentType.Spot,6947440129078264627,OrderType.Limit,Direction.Long,65000.299999999996,276469632,False,Side.Sell,,65000.299999999996,1653898000,BTC-USDT,TimeCondition.GTC,0.001
2837957847,4194834854,0,1783610628937832682,201,order_input,benchmark,mock,InstrumentType.Spot,6947440129078264628,OrderType.Limit,Direction.Long,65000.11,276471168,False,Side.Buy,,65000.11,1653898000,BTC-USDT,TimeCondition.GTC,0.001
2837957847,4194834854,0,1783610628938128815,201,order_input,benchmark,mock,InstrumentType.Spot,6947440129078264629,OrderType.Limit,Direction.Long,65000.32,276472704,False,Side.Sell,,65000.32,1653898000,BTC-USDT,TimeCondition.GTC,0.001
2837957847,4194834854,0,1783610628938669964,201,order_input,benchmark,mock,InstrumentType.Spot,6947440129078264630,OrderType.Limit,Direction.Long,65000.130000000005,276474240,False,Side.Buy,,65000.130000000005,1653898000,BTC-USDT,TimeCondition.GTC,0.001
2837957847,4194834854,0,1783610628938823387,201,order_input,benchmark,mock,InstrumentType.Spot,6947440129078264631,OrderType.Limit,Direction.Long,65000.34,276475776,False,Side.Sell,,65000.34,1653898000,BTC-USDT,TimeCondition.GTC,0.001
2837957847,4194834854,0,1783610628938971536,201,order_input,benchmark,mock,InstrumentType.Spot,6947440129078264632,OrderType.Limit,Direction.Long,65000.15,276477312,False,Side.Buy,,65000.15,1653898000,BTC-USDT,TimeCondition.GTC,0.001
2837957847,4194834854,0,1783610628939263442,201,order_input,benchmark,mock,InstrumentType.Spot,6947440129078264633,OrderType.Limit,Direction.Long,65000.36,276478848,False,Side.Sell,,65000.36,1653898000,BTC-USDT,TimeCondition.GTC,0.001
2837957847,4194834854,0,1783610628939587154,201,order_input,benchmark,mock,InstrumentType.Spot,6947440129078264634,OrderType.Limit,Direction.Long,65000.17,276480384,False,Side.Buy,,65000.17,1653898000,BTC-USDT,TimeCondition.GTC,0.001
2837957847,4194834854,0,1783610628939983943,201,order_input,benchmark,mock,InstrumentType.Spot,6947440129078264635,OrderType.Limit,Direction.Long,65000.38,276481920,False,Side.Sell,,65000.38,1653898000,BTC-USDT,TimeCondition.GTC,0.001
2837957847,4194834854,0,1783610628940173746,201,order_input,benchmark,mock,InstrumentType.Spot,6947440129078264636,OrderType.Limit,Direction.Long,65000.19,276483456,False,Side.Buy,,65000.19,1653898000,BTC-USDT,TimeCondition.GTC,0.001
2837957847,4194834854,0,1783610628940462569,201,order_input,benchmark,mock,InstrumentType.Spot,6947440129078264637,OrderType.Limit,Direction.Long,65000.4,276484992,False,Side.Sell,,65000.4,1653898000,BTC-USDT,TimeCondition.GTC,0.001
2837957847,4194834854,0,1783610628941062099,201,order_input,benchmark,mock,InstrumentType.Spot,6947440129078264638,OrderType.Limit,Direction.Long,65000.21,276486528,False,Side.Buy,,65000.21,1653898000,BTC-USDT,TimeCondition.GTC,0.001
2837957847,4194834854,0,1783610628941159870,201,order_input,benchmark,mock,InstrumentType.Spot,6947440129078264639,OrderType.Limit,Direction.Long,65000.42,276488032,False,Side.Sell,,65000.42,1653898000,BTC-USDT,TimeCondition.GTC,0.001
2837957847,4194834854,0,1783610628941490484,201,order_input,benchmark,mock,InstrumentType.Spot,6947440129078264640,OrderType.Limit,Direction.Long,65000.23,276489600,False,Side.Buy,,65000.23,1653898000,BTC-USDT,TimeCondition.GTC,0.001
2837957847,4194834854,0,1783610628941768556,201,order_input,benchmark,mock,InstrumentType.Spot,6947440129078264641,OrderType.Limit,Direction.Long,65000.439999999995,276491136,False,Side.Sell,,65000.439999999995,1653898000,BTC-USDT,TimeCondition.GTC,0.001
2837957847,4194834854,0,1783610628942111550,201,order_input,benchmark,mock,InstrumentType.Spot,6947440129078264642,OrderType.Limit,Direction.Long,65000.25,276492672,False,Side.Buy,,65000.25,1653898000,BTC-USDT,TimeCondition.GTC,0.001
2837957847,4194834854,0,1783610628942388153,201,order_input,benchmark,mock,InstrumentType.Spot,6947440129078264643,OrderType.Limit,Direction.Long,65000.46,276494208,False,Side.Sell,,65000.46,1653898000,BTC-USDT,TimeCondition.GTC,0.001
2837957847,4194834854,0,1783610628942683142,201,order_input,benchmark,mock,InstrumentType.Spot,6947440129078264644,OrderType.Limit,Direction.Long,65000.270000000004,276495744,False,Side.Buy,,65000.270000000004,1653898000,BTC-USDT,TimeCondition.GTC,0.001
2837957847,4194834854,0,1783610628943109346,201,order_input,benchmark,mock,InstrumentType.Spot,6947440129078264645,OrderType.Limit,Direction.Long,65000.479999999996,276497280,False,Side.Sell,,65000.479999999996,1653898000,BTC-USDT,TimeCondition.GTC,0.001
2837957847,4194834854,0,1783610628943149275,201,order_input,benchmark,mock,InstrumentType.Spot,6947440129078264646,OrderType.Limit,Direction.Long,65000.29,276498816,False,Side.Buy,,65000.29,1653898000,BTC-USDT,TimeCondition.GTC,0.001
2837957847,4194834854,0,1783610628943519253,201,order_input,benchmark,mock,InstrumentType.Spot,6947440129078264647,OrderType.Limit,Direction.Long,65000.5,276500352,False,Side.Sell,,65000.5,1653898000,BTC-USDT,TimeCondition.GTC,0.001
2837957847,4194834854,0,1783610628943835617,201,order_input,benchmark,mock,InstrumentType.Spot,6947440129078264648,OrderType.Limit,Direction.Long,65000.310000000005,276501888,False,Side.Buy,,65000.310000000005,1653898000,BTC-USDT,TimeCondition.GTC,0.001
2837957847,4194834854,0,1783610628944129221,201,order_input,benchmark,mock,InstrumentType.Spot,6947440129078264649,OrderType.Limit,Direction.Long,65000.52,276503424,False,Side.Sell,,65000.52,1653898000,BTC-USDT,TimeCondition.GTC,0.001
2837957847,4194834854,0,1783610628944424597,201,order_input,benchmark,mock,InstrumentType.Spot,6947440129078264650,OrderType.Limit,Direction.Long,65000.33,276504960,False,Side.Buy,,65000.33,1653898000,BTC-USDT,TimeCondition.GTC,0.001
2837957847,4194834854,0,1783610628944732009,201,order_input,benchmark,mock,InstrumentType.Spot,6947440129078264651,OrderType.Limit,Direction.Long,65000.54,276506496,False,Side.Sell,,65000.54,1653898000,BTC-USDT,TimeCondition.GTC,0.001
2837957847,4194834854,0,1783610628945050969,201,order_input,benchmark,mock,InstrumentType.Spot,6947440129078264652,OrderType.Limit,Direction.Long,65000.35,276508032,False,Side.Buy,,65000.35,1653898000,BTC-USDT,TimeCondition.GTC,0.001
2837957847,4194834854,0,1783610628945282989,201,order_input,benchmark,mock,InstrumentType.Spot,6947440129078264653,OrderType.Limit,Direction.Long,65000.56,276509568,False,Side.Sell,,65000.56,1653898000,BTC-USDT,TimeCondition.GTC,0.001
2837957847,4194834854,0,1783610628945628994,201,order_input,benchmark,mock,InstrumentType.Spot,6947440129078264654,OrderType.Limit,Direction.Long,65000.37,276511104,False,Side.Buy,,65000.37,1653898000,BTC-USDT,TimeCondition.GTC,0.001
2837957847,4194834854,0,1783610628945939049,201,order_input,benchmark,mock,InstrumentType.Spot,6947440129078264655,OrderType.Limit,Direction.Long,65000.58,276512640,False,Side.Sell,,65000.58,1653898000,BTC-USDT,TimeCondition.GTC,0.001
2837957847,4194834854,0,1783610628946200892,201,order_input,benchmark,mock,InstrumentType.Spot,6947440129078264656,OrderType.Limit,Direction.Long,65000.39,276514176,False,Side.Buy,,65000.39,1653898000,BTC-USDT,TimeCondition.GTC,0.001
2837957847,4194834854,0,1783610628946538138,201,order_input,benchmark,mock,InstrumentType.Spot,6947440129078264657,OrderType.Limit,Direction.Long,65000.6,276515712,False,Side.Sell,,65000.6,1653898000,BTC-USDT,TimeCondition.GTC,0.001
2837957847,4194834854,0,1783610628946825871,201,order_input,benchmark,mock,InstrumentType.Spot,6947440129078264658,OrderType.Limit,Direction.Long,65000.41,276517248,False,Side.Buy,,65000.41,1653898000,BTC-USDT,TimeCondition.GTC,0.001
2837957847,4194834854,0,1783610628947124267,201,order_input,benchmark,mock,InstrumentType.Spot,6947440129078264659,OrderType.Limit,Direction.Long,65000.619999999995,276518784,False,Side.Sell,,65000.619999999995,1653898000,BTC-USDT,TimeCondition.GTC,0.001
2837957847,4194834854,0,1783610628947425953,201,order_input,benchmark,mock,InstrumentType.Spot,6947440129078264660,OrderType.Limit,Direction.Long,65000.43,276520320,False,Side.Buy,,65000.43,1653898000,BTC-USDT,TimeCondition.GTC,0.001
2837957847,4194834854,0,1783610628947730060,201,order_input,benchmark,mock,InstrumentType.Spot,6947440129078264661,OrderType.Limit,Direction.Long,65000.64,276521856,False,Side.Sell,,65000.64,1653898000,BTC-USDT,TimeCondition.GTC,0.001
2837957847,4194834854,0,1783610628948037910,201,order_input,benchmark,mock,InstrumentType.Spot,6947440129078264662,OrderType.Limit,Direction.Long,65000.450000000004,276523392,False,Side.Buy,,65000.450000000004,1653898000,BTC-USDT,TimeCondition.GTC,0.001
2837957847,4194834854,0,1783610628948281998,201,order_input,benchmark,mock,InstrumentType.Spot,6947440129078264663,OrderType.Limit,Direction.Long,65000.659999999996,276524928,False,Side.Sell,,65000.659999999996,1653898000,BTC-USDT,TimeCondition.GTC,0.001
2837957847,4194834854,0,1783610628948627978,201,order_input,benchmark,mock,InstrumentType.Spot,6947440129078264664,OrderType.Limit,Direction.Long,65000.47,276526464,False,Side.Buy,,65000.47,1653898000,BTC-USDT,TimeCondition.GTC,0.001
2837957847,4194834854,0,1783610628948929169,201,order_input,benchmark,mock,InstrumentType.Spot,6947440129078264665,OrderType.Limit,Direction.Long,65000.68,276528000,False,Side.Sell,,65000.68,1653898000,BTC-USDT,TimeCondition.GTC,0.001
2837957847,4194834854,0,1783610628949231512,201,order_input,benchmark,mock,InstrumentType.Spot,6947440129078264666,OrderType.Limit,Direction.Long,65000.49,276529536,False,Side.Buy,,65000.49,1653898000,BTC-USDT,TimeCondition.GTC,0.001
2837957847,4194834854,0,1783610628949692870,201,order_input,benchmark,mock,InstrumentType.Spot,6947440129078264667,OrderType.Limit,Direction.Long,65000.7,276531072,False,Side.Sell,,65000.7,1653898000,BTC-USDT,TimeCondition.GTC,0.001
2837957847,4194834854,0,1783610628949851142,201,order_input,benchmark,mock,InstrumentType.Spot,6947440129078264668,OrderType.Limit,Direction.Long,65000.51,276532608,False,Side.Buy,,65000.51,1653898000,BTC-USDT,TimeCondition.GTC,0.001
2837957847,4194834854,0,1783610628950081737,201,order_input,benchmark,mock,InstrumentType.Spot,6947440129078264669,OrderType.Limit,Direction.Long,65000.72,276379744,False,Side.Sell,,65000.72,1653898000,BTC-USDT,TimeCondition.GTC,0.001
2837957847,4194834854,0,1783610628950355683,201,order_input,benchmark,mock,InstrumentType.Spot,6947440129078264670,OrderType.Limit,Direction.Long,65000.53,276381280,False,Side.Buy,,65000.53,1653898000,BTC-USDT,TimeCondition.GTC,0.001
2837957847,4194834854,0,1783610628950739050,201,order_input,benchmark,mock,InstrumentType.Spot,6947440129078264671,OrderType.Limit,Direction.Long,65000.74,276382816,False,Side.Sell,,65000.74,1653898000,BTC-USDT,TimeCondition.GTC,0.001
2837957847,4194834854,0,1783610628951026327,201,order_input,benchmark,mock,InstrumentType.Spot,6947440129078264672,OrderType.Limit,Direction.Long,65000.55,276384352,False,Side.Buy,,65000.55,1653898000,BTC-USDT,TimeCondition.GTC,0.001
2837957847,4194834854,0,1783610628951327786,201,order_input,benchmark,mock,InstrumentType.Spot,6947440129078264673,OrderType.Limit,Direction.Long,65000.76,276385888,False,Side.Sell,,65000.76,1653898000,BTC-USDT,TimeCondition.GTC,0.001
2837957847,4194834854,0,1783610628951625331,201,order_input,benchmark,mock,InstrumentType.Spot,6947440129078264674,OrderType.Limit,Direction.Long,65000.57,276542720,False,Side.Buy,,65000.57,1653898000,BTC-USDT,TimeCondition.GTC,0.001
2837957847,4194834854,0,1783610628951929729,201,order_input,benchmark,mock,InstrumentType.Spot,6947440129078264675,OrderType.Limit,Direction.Long,65000.78,276544256,False,Side.Sell,,65000.78,1653898000,BTC-USDT,TimeCondition.GTC,0.001
2837957847,4194834854,0,1783610628952241727,201,order_input,benchmark,mock,InstrumentType.Spot,6947440129078264676,OrderType.Limit,Direction.Long,65000.590000000004,276545792,False,Side.Buy,,65000.590000000004,1653898000,BTC-USDT,TimeCondition.GTC,0.001
2837957847,4194834854,0,1783610628952441669,201,order_input,benchmark,mock,InstrumentType.Spot,6947440129078264677,OrderType.Limit,Direction.Long,65000.799999999996,276547328,False,Side.Sell,,65000.799999999996,1653898000,BTC-USDT,TimeCondition.GTC,0.001
2837957847,4194834854,0,1783610628952909386,201,order_input,benchmark,mock,InstrumentType.Spot,6947440129078264678,OrderType.Limit,Direction.Long,65000.61,276548864,False,Side.Buy,,65000.61,1653898000,BTC-USDT,TimeCondition.GTC,0.001
2837957847,4194834854,0,1783610628953099941,201,order_input,benchmark,mock,InstrumentType.Spot,6947440129078264679,OrderType.Limit,Direction.Long,65000.82,276550400,False,Side.Sell,,65000.82,1653898000,BTC-USDT,TimeCondition.GTC,0.001
2837957847,4194834854,0,1783610628953460102,201,order_input,benchmark,mock,InstrumentType.Spot,6947440129078264680,OrderType.Limit,Direction.Long,65000.630000000005,276551936,False,Side.Buy,,65000.630000000005,1653898000,BTC-USDT,TimeCondition.GTC,0.001
2837957847,4194834854,0,1783610628953702509,201,order_input,benchmark,mock,InstrumentType.Spot,6947440129078264681,OrderType.Limit,Direction.Long,65000.84,276553472,False,Side.Sell,,65000.84,1653898000,BTC-USDT,TimeCondition.GTC,0.001
2837957847,4194834854,0,1783610628953973089,201,order_input,benchmark,mock,InstrumentType.Spot,6947440129078264682,OrderType.Limit,Direction.Long,65000.65,276555008,False,Side.Buy,,65000.65,1653898000,BTC-USDT,TimeCondition.GTC,0.001
2837957847,4194834854,0,1783610628954352387,201,order_input,benchmark,mock,InstrumentType.Spot,6947440129078264683,OrderType.Limit,Direction.Long,65000.86,276556544,False,Side.Sell,,65000.86,1653898000,BTC-USDT,TimeCondition.GTC,0.001
2837957847,4194834854,0,1783610628954621053,201,order_input,benchmark,mock,InstrumentType.Spot,6947440129078264684,OrderType.Limit,Direction.Long,65000.67,276558080,False,Side.Buy,,65000.67,1653898000,BTC-USDT,TimeCondition.GTC,0.001
2837957847,4194834854,0,1783610628954849611,201,order_input,benchmark,mock,InstrumentType.Spot,6947440129078264685,OrderType.Limit,Direction.Long,65000.88,276559616,False,Side.Sell,,65000.88,1653898000,BTC-USDT,TimeCondition.GTC,0.001
2837957847,4194834854,0,1783610628955244204,201,order_input,benchmark,mock,InstrumentType.Spot,6947440129078264686,OrderType.Limit,Direction.Long,65000.69,276561152,False,Side.Buy,,65000.69,1653898000,BTC-USDT,TimeCondition.GTC,0.001
2837957847,4194834854,0,1783610628955522246,201,order_input,benchmark,mock,InstrumentType.Spot,6947440129078264687,OrderType.Limit,Direction.Long,65000.9,276562688,False,Side.Sell,,65000.9,1653898000,BTC-USDT,TimeCondition.GTC,0.001
2837957847,4194834854,0,1783610628955827934,201,order_input,benchmark,mock,InstrumentType.Spot,6947440129078264688,OrderType.Limit,Direction.Long,65000.71,276564224,False,Side.Buy,,65000.71,1653898000,BTC-USDT,TimeCondition.GTC,0.001
2837957847,4194834854,0,1783610628956130002,201,order_input,benchmark,mock,InstrumentType.Spot,6947440129078264689,OrderType.Limit,Direction.Long,65000.92,276565760,False,Side.Sell,,65000.92,1653898000,BTC-USDT,TimeCondition.GTC,0.001
2837957847,4194834854,0,1783610628956423530,201,order_input,benchmark,mock,InstrumentType.Spot,6947440129078264690,OrderType.Limit,Direction.Long,65000.73,276567296,False,Side.Buy,,65000.73,1653898000,BTC-USDT,TimeCondition.GTC,0.001
2837957847,4194834854,0,1783610628956727842,201,order_input,benchmark,mock,InstrumentType.Spot,6947440129078264691,OrderType.Limit,Direction.Long,65000.939999999995,276568832,False,Side.Sell,,65000.939999999995,1653898000,BTC-USDT,TimeCondition.GTC,0.001
2837957847,4194834854,0,1783610628957033419,201,order_input,benchmark,mock,InstrumentType.Spot,6947440129078264692,OrderType.Limit,Direction.Long,65000.75,276570368,False,Side.Buy,,65000.75,1653898000,BTC-USDT,TimeCondition.GTC,0.001
2837957847,4194834854,0,1783610628957328333,201,order_input,benchmark,mock,InstrumentType.Spot,6947440129078264693,OrderType.Limit,Direction.Long,65000.96,276571904,False,Side.Sell,,65000.96,1653898000,BTC-USDT,TimeCondition.GTC,0.001
2837957847,4194834854,0,1783610628957629095,201,order_input,benchmark,mock,InstrumentType.Spot,6947440129078264694,OrderType.Limit,Direction.Long,65000.770000000004,276573440,False,Side.Buy,,65000.770000000004,1653898000,BTC-USDT,TimeCondition.GTC,0.001
2837957847,4194834854,0,1783610628957936399,201,order_input,benchmark,mock,InstrumentType.Spot,6947440129078264695,OrderType.Limit,Direction.Long,65000.979999999996,276574976,False,Side.Sell,,65000.979999999996,1653898000,BTC-USDT,TimeCondition.GTC,0.001
2837957847,4194834854,0,1783610628958228799,201,order_input,benchmark,mock,InstrumentType.Spot,6947440129078264696,OrderType.Limit,Direction.Long,65000.79,276576512,False,Side.Buy,,65000.79,1653898000,BTC-USDT,TimeCondition.GTC,0.001
2837957847,4194834854,0,1783610628958525113,201,order_input,benchmark,mock,InstrumentType.Spot,6947440129078264697,OrderType.Limit,Direction.Long,65001.0,276578048,False,Side.Sell,,65001.0,1653898000,BTC-USDT,TimeCondition.GTC,0.001
2837957847,4194834854,0,1783610628958826990,201,order_input,benchmark,mock,InstrumentType.Spot,6947440129078264698,OrderType.Limit,Direction.Long,65000.810000000005,276579584,False,Side.Buy,,65000.810000000005,1653898000,BTC-USDT,TimeCondition.GTC,0.001
2837957847,4194834854,0,1783610628959131400,201,order_input,benchmark,mock,InstrumentType.Spot,6947440129078264699,OrderType.Limit,Direction.Long,65001.02,276581120,False,Side.Sell,,65001.02,1653898000,BTC-USDT,TimeCondition.GTC,0.001
2837957847,4194834854,0,1783610628959428802,201,order_input,benchmark,mock,InstrumentType.Spot,6947440129078264700,OrderType.Limit,Direction.Long,65000.83,276582656,False,Side.Buy,,65000.83,1653898000,BTC-USDT,TimeCondition.GTC,0.001
2837957847,4194834854,0,1783610628959732309,201,order_input,benchmark,mock,InstrumentType.Spot,6947440129078264701,OrderType.Limit,Direction.Long,65001.04,276584192,False,Side.Sell,,65001.04,1653898000,BTC-USDT,TimeCondition.GTC,0.001
2837957847,4194834854,0,1783610628960057377,201,order_input,benchmark,mock,InstrumentType.Spot,6947440129078264702,OrderType.Limit,Direction.Long,65000.85,276585728,False,Side.Buy,,65000.85,1653898000,BTC-USDT,TimeCondition.GTC,0.001
2837957847,4194834854,0,1783610628960299865,201,order_input,benchmark,mock,InstrumentType.Spot,6947440129078264703,OrderType.Limit,Direction.Long,65001.06,276587264,False,Side.Sell,,65001.06,1653898000,BTC-USDT,TimeCondition.GTC,0.001
2837957847,4194834854,0,1783610628960544570,201,order_input,benchmark,mock,InstrumentType.Spot,6947440129078264704,OrderType.Limit,Direction.Long,65000.87,276588800,False,Side.Buy,,65000.87,1653898000,BTC-USDT,TimeCondition.GTC,0.001
2837957847,4194834854,0,1783610628961015337,201,order_input,benchmark,mock,InstrumentType.Spot,6947440129078264705,OrderType.Limit,Direction.Long,65001.08,276590336,False,Side.Sell,,65001.08,1653898000,BTC-USDT,TimeCondition.GTC,0.001
2837957847,4194834854,0,1783610628961244767,201,order_input,benchmark,mock,InstrumentType.Spot,6947440129078264706,OrderType.Limit,Direction.Long,65000.89,276591872,False,Side.Buy,,65000.89,1653898000,BTC-USDT,TimeCondition.GTC,0.001
2837957847,4194834854,0,1783610628961460134,201,order_input,benchmark,mock,InstrumentType.Spot,6947440129078264707,OrderType.Limit,Direction.Long,65000.1,276593408,False,Side.Sell,,65000.1,1653898000,BTC-USDT,TimeCondition.GTC,0.001
2837957847,4194834854,0,1783610628961839670,201,order_input,benchmark,mock,InstrumentType.Spot,6947440129078264708,OrderType.Limit,Direction.Long,64999.91,276594944,False,Side.Buy,,64999.91,1653898000,BTC-USDT,TimeCondition.GTC,0.001
2837957847,4194834854,0,1783610628962131012,201,order_input,benchmark,mock,InstrumentType.Spot,6947440129078264709,OrderType.Limit,Direction.Long,65000.119999999995,276596480,False,Side.Sell,,65000.119999999995,1653898000,BTC-USDT,TimeCondition.GTC,0.001
2837957847,4194834854,0,1783610628962482944,201,order_input,benchmark,mock,InstrumentType.Spot,6947440129078264710,OrderType.Limit,Direction.Long,64999.93,276598016,False,Side.Buy,,64999.93,1653898000,BTC-USDT,TimeCondition.GTC,0.001
2837957847,4194834854,0,1783610628962718394,201,order_input,benchmark,mock,InstrumentType.Spot,6947440129078264711,OrderType.Limit,Direction.Long,65000.14,276599552,False,Side.Sell,,65000.14,1653898000,BTC-USDT,TimeCondition.GTC,0.001
2837957847,4194834854,0,1783610628962947794,201,order_input,benchmark,mock,InstrumentType.Spot,6947440129078264712,OrderType.Limit,Direction.Long,64999.950000000004,276601088,False,Side.Buy,,64999.950000000004,1653898000,BTC-USDT,TimeCondition.GTC,0.001
2837957847,4194834854,0,1783610628963282731,201,order_input,benchmark,mock,InstrumentType.Spot,6947440129078264713,OrderType.Limit,Direction.Long,65000.159999999996,276602624,False,Side.Sell,,65000.159999999996,1653898000,BTC-USDT,TimeCondition.GTC,0.001
2837957847,4194834854,0,1783610628963651068,201,order_input,benchmark,mock,InstrumentType.Spot,6947440129078264714,OrderType.Limit,Direction.Long,64999.97,276604160,False,Side.Buy,,64999.97,1653898000,BTC-USDT,TimeCondition.GTC,0.001
2837957847,4194834854,0,1783610628963928806,201,order_input,benchmark,mock,InstrumentType.Spot,6947440129078264715,OrderType.Limit,Direction.Long,65000.18,276605696,False,Side.Sell,,65000.18,1653898000,BTC-USDT,TimeCondition.GTC,0.001
2837957847,4194834854,0,1783610628964235283,201,order_input,benchmark,mock,InstrumentType.Spot,6947440129078264716,OrderType.Limit,Direction.Long,64999.99,276607232,False,Side.Buy,,64999.99,1653898000,BTC-USDT,TimeCondition.GTC,0.001
2837957847,4194834854,0,1783610628964533018,201,order_input,benchmark,mock,InstrumentType.Spot,6947440129078264717,OrderType.Limit,Direction.Long,65000.2,276608768,False,Side.Sell,,65000.2,1653898000,BTC-USDT,TimeCondition.GTC,0.001
2837957847,4194834854,0,1783610628964829560,201,order_input,benchmark,mock,InstrumentType.Spot,6947440129078264718,OrderType.Limit,Direction.Long,65000.01,276610304,False,Side.Buy,,65000.01,1653898000,BTC-USDT,TimeCondition.GTC,0.001
2837957847,4194834854,0,1783610628965087976,201,order_input,benchmark,mock,InstrumentType.Spot,6947440129078264719,OrderType.Limit,Direction.Long,65000.22,276611840,False,Side.Sell,,65000.22,1653898000,BTC-USDT,TimeCondition.GTC,0.001
2837957847,4194834854,0,1783610628965429541,201,order_input,benchmark,mock,InstrumentType.Spot,6947440129078264720,OrderType.Limit,Direction.Long,65000.03,276613376,False,Side.Buy,,65000.03,1653898000,BTC-USDT,TimeCondition.GTC,0.001
2837957847,4194834854,0,1783610628965728693,201,order_input,benchmark,mock,InstrumentType.Spot,6947440129078264721,OrderType.Limit,Direction.Long,65000.24,276614912,False,Side.Sell,,65000.24,1653898000,BTC-USDT,TimeCondition.GTC,0.001
2837957847,4194834854,0,1783610628966109828,201,order_input,benchmark,mock,InstrumentType.Spot,6947440129078264722,OrderType.Limit,Direction.Long,65000.05,276616448,False,Side.Buy,,65000.05,1653898000,BTC-USDT,TimeCondition.GTC,0.001
2837957847,4194834854,0,1783610628966332643,201,order_input,benchmark,mock,InstrumentType.Spot,6947440129078264723,OrderType.Limit,Direction.Long,65000.26,276617984,False,Side.Sell,,65000.26,1653898000,BTC-USDT,TimeCondition.GTC,0.001
2837957847,4194834854,0,1783610628966720843,201,order_input,benchmark,mock,InstrumentType.Spot,6947440129078264724,OrderType.Limit,Direction.Long,65000.07,276619520,False,Side.Buy,,65000.07,1653898000,BTC-USDT,TimeCondition.GTC,0.001
2837957847,4194834854,0,1783610628966940791,201,order_input,benchmark,mock,InstrumentType.Spot,6947440129078264725,OrderType.Limit,Direction.Long,65000.28,276621056,False,Side.Sell,,65000.28,1653898000,BTC-USDT,TimeCondition.GTC,0.001
2837957847,4194834854,0,1783610628967157637,201,order_input,benchmark,mock,InstrumentType.Spot,6947440129078264726,OrderType.Limit,Direction.Long,65000.090000000004,276622592,False,Side.Buy,,65000.090000000004,1653898000,BTC-USDT,TimeCondition.GTC,0.001
2837957847,4194834854,0,1783610628967525291,201,order_input,benchmark,mock,InstrumentType.Spot,6947440129078264727,OrderType.Limit,Direction.Long,65000.299999999996,276624128,False,Side.Sell,,65000.299999999996,1653898000,BTC-USDT,TimeCondition.GTC,0.001
2837957847,4194834854,0,1783610628967829900,201,order_input,benchmark,mock,InstrumentType.Spot,6947440129078264728,OrderType.Limit,Direction.Long,65000.11,276625664,False,Side.Buy,,65000.11,1653898000,BTC-USDT,TimeCondition.GTC,0.001
2837957847,4194834854,0,1783610628968168479,201,order_input,benchmark,mock,InstrumentType.Spot,6947440129078264729,OrderType.Limit,Direction.Long,65000.32,276627200,False,Side.Sell,,65000.32,1653898000,BTC-USDT,TimeCondition.GTC,0.001
2837957847,4194834854,0,1783610628968418430,201,order_input,benchmark,mock,InstrumentType.Spot,6947440129078264730,OrderType.Limit,Direction.Long,65000.130000000005,276628736,False,Side.Buy,,65000.130000000005,1653898000,BTC-USDT,TimeCondition.GTC,0.001
2837957847,4194834854,0,1783610628968726893,201,order_input,benchmark,mock,InstrumentType.Spot,6947440129078264731,OrderType.Limit,Direction.Long,65000.34,276630272,False,Side.Sell,,65000.34,1653898000,BTC-USDT,TimeCondition.GTC,0.001
2837957847,4194834854,0,1783610628969032955,201,order_input,benchmark,mock,InstrumentType.Spot,6947440129078264732,OrderType.Limit,Direction.Long,65000.15,276631808,False,Side.Buy,,65000.15,1653898000,BTC-USDT,TimeCondition.GTC,0.001
2837957847,4194834854,0,1783610628969275768,201,order_input,benchmark,mock,InstrumentType.Spot,6947440129078264733,OrderType.Limit,Direction.Long,65000.36,276633344,False,Side.Sell,,65000.36,1653898000,BTC-USDT,TimeCondition.GTC,0.001
2837957847,4194834854,0,1783610628969798041,201,order_input,benchmark,mock,InstrumentType.Spot,6947440129078264734,OrderType.Limit,Direction.Long,65000.17,276634880,False,Side.Buy,,65000.17,1653898000,BTC-USDT,TimeCondition.GTC,0.001
2837957847,4194834854,0,1783610628969884148,201,order_input,benchmark,mock,InstrumentType.Spot,6947440129078264735,OrderType.Limit,Direction.Long,65000.38,276636416,False,Side.Sell,,65000.38,1653898000,BTC-USDT,TimeCondition.GTC,0.001
2837957847,4194834854,0,1783610628970218332,201,order_input,benchmark,mock,InstrumentType.Spot,6947440129078264736,OrderType.Limit,Direction.Long,65000.19,276637952,False,Side.Buy,,65000.19,1653898000,BTC-USDT,TimeCondition.GTC,0.001
2837957847,4194834854,0,1783610628970615342,201,order_input,benchmark,mock,InstrumentType.Spot,6947440129078264737,OrderType.Limit,Direction.Long,65000.4,276639488,False,Side.Sell,,65000.4,1653898000,BTC-USDT,TimeCondition.GTC,0.001
2837957847,4194834854,0,1783610628970751094,201,order_input,benchmark,mock,InstrumentType.Spot,6947440129078264738,OrderType.Limit,Direction.Long,65000.21,276641024,False,Side.Buy,,65000.21,1653898000,BTC-USDT,TimeCondition.GTC,0.001
2837957847,4194834854,0,1783610628971130926,201,order_input,benchmark,mock,InstrumentType.Spot,6947440129078264739,OrderType.Limit,Direction.Long,65000.42,276642560,False,Side.Sell,,65000.42,1653898000,BTC-USDT,TimeCondition.GTC,0.001
2837957847,4194834854,0,1783610628971523152,201,order_input,benchmark,mock,InstrumentType.Spot,6947440129078264740,OrderType.Limit,Direction.Long,65000.23,276644096,False,Side.Buy,,65000.23,1653898000,BTC-USDT,TimeCondition.GTC,0.001
2837957847,4194834854,0,1783610628971680597,201,order_input,benchmark,mock,InstrumentType.Spot,6947440129078264741,OrderType.Limit,Direction.Long,65000.439999999995,276645632,False,Side.Sell,,65000.439999999995,1653898000,BTC-USDT,TimeCondition.GTC,0.001
2837957847,4194834854,0,1783610628972080341,201,order_input,benchmark,mock,InstrumentType.Spot,6947440129078264742,OrderType.Limit,Direction.Long,65000.25,276647168,False,Side.Buy,,65000.25,1653898000,BTC-USDT,TimeCondition.GTC,0.001
2837957847,4194834854,0,1783610628972394449,201,order_input,benchmark,mock,InstrumentType.Spot,6947440129078264743,OrderType.Limit,Direction.Long,65000.46,276648704,False,Side.Sell,,65000.46,1653898000,BTC-USDT,TimeCondition.GTC,0.001
2837957847,4194834854,0,1783610628972632254,201,order_input,benchmark,mock,InstrumentType.Spot,6947440129078264744,OrderType.Limit,Direction.Long,65000.270000000004,276650240,False,Side.Buy,,65000.270000000004,1653898000,BTC-USDT,TimeCondition.GTC,0.001
2837957847,4194834854,0,1783610628972965765,201,order_input,benchmark,mock,InstrumentType.Spot,6947440129078264745,OrderType.Limit,Direction.Long,65000.479999999996,276651776,False,Side.Sell,,65000.479999999996,1653898000,BTC-USDT,TimeCondition.GTC,0.001
2837957847,4194834854,0,1783610628973283817,201,order_input,benchmark,mock,InstrumentType.Spot,6947440129078264746,OrderType.Limit,Direction.Long,65000.29,276653312,False,Side.Buy,,65000.29,1653898000,BTC-USDT,TimeCondition.GTC,0.001
2837957847,4194834854,0,1783610628973569657,201,order_input,benchmark,mock,InstrumentType.Spot,6947440129078264747,OrderType.Limit,Direction.Long,65000.5,276654848,False,Side.Sell,,65000.5,1653898000,BTC-USDT,TimeCondition.GTC,0.001
2837957847,4194834854,0,1783610628973806113,201,order_input,benchmark,mock,InstrumentType.Spot,6947440129078264748,OrderType.Limit,Direction.Long,65000.310000000005,276656384,False,Side.Buy,,65000.310000000005,1653898000,BTC-USDT,TimeCondition.GTC,0.001
2837957847,4194834854,0,1783610628974303351,201,order_input,benchmark,mock,InstrumentType.Spot,6947440129078264749,OrderType.Limit,Direction.Long,65000.52,276657920,False,Side.Sell,,65000.52,1653898000,BTC-USDT,TimeCondition.GTC,0.001
2837957847,4194834854,0,1783610628974388922,201,order_input,benchmark,mock,InstrumentType.Spot,6947440129078264750,OrderType.Limit,Direction.Long,65000.33,276659456,False,Side.Buy,,65000.33,1653898000,BTC-USDT,TimeCondition.GTC,0.001
2837957847,4194834854,0,1783610628974678203,201,order_input,benchmark,mock,InstrumentType.Spot,6947440129078264751,OrderType.Limit,Direction.Long,65000.54,276660992,False,Side.Sell,,65000.54,1653898000,BTC-USDT,TimeCondition.GTC,0.001
2837957847,4194834854,0,1783610628975105998,201,order_input,benchmark,mock,InstrumentType.Spot,6947440129078264752,OrderType.Limit,Direction.Long,65000.35,276662528,False,Side.Buy,,65000.35,1653898000,BTC-USDT,TimeCondition.GTC,0.001
2837957847,4194834854,0,1783610628975344904,201,order_input,benchmark,mock,InstrumentType.Spot,6947440129078264753,OrderType.Limit,Direction.Long,65000.56,276664064,False,Side.Sell,,65000.56,1653898000,BTC-USDT,TimeCondition.GTC,0.001
2837957847,4194834854,0,1783610628975745122,201,order_input,benchmark,mock,InstrumentType.Spot,6947440129078264754,OrderType.Limit,Direction.Long,65000.37,276665600,False,Side.Buy,,65000.37,1653898000,BTC-USDT,TimeCondition.GTC,0.001
2837957847,4194834854,0,1783610628975903366,201,order_input,benchmark,mock,InstrumentType.Spot,6947440129078264755,OrderType.Limit,Direction.Long,65000.58,276667136,False,Side.Sell,,65000.58,1653898000,BTC-USDT,TimeCondition.GTC,0.001
2837957847,4194834854,0,1783610628976215780,201,order_input,benchmark,mock,InstrumentType.Spot,6947440129078264756,OrderType.Limit,Direction.Long,65000.39,276668672,False,Side.Buy,,65000.39,1653898000,BTC-USDT,TimeCondition.GTC,0.001
2837957847,4194834854,0,1783610628976531135,201,order_input,benchmark,mock,InstrumentType.Spot,6947440129078264757,OrderType.Limit,Direction.Long,65000.6,276670208,False,Side.Sell,,65000.6,1653898000,BTC-USDT,TimeCondition.GTC,0.001
2837957847,4194834854,0,1783610628976833612,201,order_input,benchmark,mock,InstrumentType.Spot,6947440129078264758,OrderType.Limit,Direction.Long,65000.41,276671744,False,Side.Buy,,65000.41,1653898000,BTC-USDT,TimeCondition.GTC,0.001
2837957847,4194834854,0,1783610628977128176,201,order_input,benchmark,mock,InstrumentType.Spot,6947440129078264759,OrderType.Limit,Direction.Long,65000.619999999995,276673280,False,Side.Sell,,65000.619999999995,1653898000,BTC-USDT,TimeCondition.GTC,0.001
2837957847,4194834854,0,1783610628977435031,201,order_input,benchmark,mock,InstrumentType.Spot,6947440129078264760,OrderType.Limit,Direction.Long,65000.43,276674816,False,Side.Buy,,65000.43,1653898000,BTC-USDT,TimeCondition.GTC,0.001
2837957847,4194834854,0,1783610628977732846,201,order_input,benchmark,mock,InstrumentType.Spot,6947440129078264761,OrderType.Limit,Direction.Long,65000.64,276676352,False,Side.Sell,,65000.64,1653898000,BTC-USDT,TimeCondition.GTC,0.001
2837957847,4194834854,0,1783610628978047815,201,order_input,benchmark,mock,InstrumentType.Spot,6947440129078264762,OrderType.Limit,Direction.Long,65000.450000000004,276677888,False,Side.Buy,,65000.450000000004,1653898000,BTC-USDT,TimeCondition.GTC,0.001
2837957847,4194834854,0,1783610628978336503,201,order_input,benchmark,mock,InstrumentType.Spot,6947440129078264763,OrderType.Limit,Direction.Long,65000.659999999996,276679424,False,Side.Sell,,65000.659999999996,1653898000,BTC-USDT,TimeCondition.GTC,0.001
2837957847,4194834854,0,1783610628978630259,201,order_input,benchmark,mock,InstrumentType.Spot,6947440129078264764,OrderType.Limit,Direction.Long,65000.47,276680960,False,Side.Buy,,65000.47,1653898000,BTC-USDT,TimeCondition.GTC,0.001
2837957847,4194834854,0,1783610628978931148,201,order_input,benchmark,mock,InstrumentType.Spot,6947440129078264765,OrderType.Limit,Direction.Long,65000.68,276682496,False,Side.Sell,,65000.68,1653898000,BTC-USDT,TimeCondition.GTC,0.001
2837957847,4194834854,0,1783610628979236148,201,order_input,benchmark,mock,InstrumentType.Spot,6947440129078264766,OrderType.Limit,Direction.Long,65000.49,276684032,False,Side.Buy,,65000.49,1653898000,BTC-USDT,TimeCondition.GTC,0.001
2837957847,4194834854,0,1783610628979531458,201,order_input,benchmark,mock,InstrumentType.Spot,6947440129078264767,OrderType.Limit,Direction.Long,65000.7,276685568,False,Side.Sell,,65000.7,1653898000,BTC-USDT,TimeCondition.GTC,0.001
2837957847,4194834854,0,1783610628979835158,201,order_input,benchmark,mock,InstrumentType.Spot,6947440129078264768,OrderType.Limit,Direction.Long,65000.51,276687104,False,Side.Buy,,65000.51,1653898000,BTC-USDT,TimeCondition.GTC,0.001
2837957847,4194834854,0,1783610628980133608,201,order_input,benchmark,mock,InstrumentType.Spot,6947440129078264769,OrderType.Limit,Direction.Long,65000.72,276688640,False,Side.Sell,,65000.72,1653898000,BTC-USDT,TimeCondition.GTC,0.001
2837957847,4194834854,0,1783610628980435898,201,order_input,benchmark,mock,InstrumentType.Spot,6947440129078264770,OrderType.Limit,Direction.Long,65000.53,276690176,False,Side.Buy,,65000.53,1653898000,BTC-USDT,TimeCondition.GTC,0.001
2837957847,4194834854,0,1783610628980728609,201,order_input,benchmark,mock,InstrumentType.Spot,6947440129078264771,OrderType.Limit,Direction.Long,65000.74,276691712,False,Side.Sell,,65000.74,1653898000,BTC-USDT,TimeCondition.GTC,0.001
2837957847,4194834854,0,1783610628981086651,201,order_input,benchmark,mock,InstrumentType.Spot,6947440129078264772,OrderType.Limit,Direction.Long,65000.55,276693248,False,Side.Buy,,65000.55,1653898000,BTC-USDT,TimeCondition.GTC,0.001
2837957847,4194834854,0,1783610628981315318,201,order_input,benchmark,mock,InstrumentType.Spot,6947440129078264773,OrderType.Limit,Direction.Long,65000.76,276694784,False,Side.Sell,,65000.76,1653898000,BTC-USDT,TimeCondition.GTC,0.001
2837957847,4194834854,0,1783610628981635364,201,order_input,benchmark,mock,InstrumentType.Spot,6947440129078264774,OrderType.Limit,Direction.Long,65000.57,276696320,False,Side.Buy,,65000.57,1653898000,BTC-USDT,TimeCondition.GTC,0.001
2837957847,4194834854,0,1783610628981936431,201,order_input,benchmark,mock,InstrumentType.Spot,6947440129078264775,OrderType.Limit,Direction.Long,65000.78,276697856,False,Side.Sell,,65000.78,1653898000,BTC-USDT,TimeCondition.GTC,0.001
2837957847,4194834854,0,1783610628982234010,201,order_input,benchmark,mock,InstrumentType.Spot,6947440129078264776,OrderType.Limit,Direction.Long,65000.590000000004,276699392,False,Side.Buy,,65000.590000000004,1653898000,BTC-USDT,TimeCondition.GTC,0.001
2837957847,4194834854,0,1783610628982533472,201,order_input,benchmark,mock,InstrumentType.Spot,6947440129078264777,OrderType.Limit,Direction.Long,65000.799999999996,276700928,False,Side.Sell,,65000.799999999996,1653898000,BTC-USDT,TimeCondition.GTC,0.001
2837957847,4194834854,0,1783610628983293960,201,order_input,benchmark,mock,InstrumentType.Spot,6947440129078264778,OrderType.Limit,Direction.Long,65000.61,276702464,False,Side.Buy,,65000.61,1653898000,BTC-USDT,TimeCondition.GTC,0.001
2837957847,4194834854,0,1783610628983356824,201,order_input,benchmark,mock,InstrumentType.Spot,6947440129078264779,OrderType.Limit,Direction.Long,65000.82,276704000,False,Side.Sell,,65000.82,1653898000,BTC-USDT,TimeCondition.GTC,0.001
2837957847,4194834854,0,1783610628983380445,201,order_input,benchmark,mock,InstrumentType.Spot,6947440129078264780,OrderType.Limit,Direction.Long,65000.630000000005,276705504,False,Side.Buy,,65000.630000000005,1653898000,BTC-USDT,TimeCondition.GTC,0.001
2837957847,4194834854,0,1783610628983722153,201,order_input,benchmark,mock,InstrumentType.Spot,6947440129078264781,OrderType.Limit,Direction.Long,65000.84,276534144,False,Side.Sell,,65000.84,1653898000,BTC-USDT,TimeCondition.GTC,0.001
2837957847,4194834854,0,1783610628984040193,201,order_input,benchmark,mock,InstrumentType.Spot,6947440129078264782,OrderType.Limit,Direction.Long,65000.65,276535680,False,Side.Buy,,65000.65,1653898000,BTC-USDT,TimeCondition.GTC,0.001
2837957847,4194834854,0,1783610628984326061,201,order_input,benchmark,mock,InstrumentType.Spot,6947440129078264783,OrderType.Limit,Direction.Long,65000.86,276537216,False,Side.Sell,,65000.86,1653898000,BTC-USDT,TimeCondition.GTC,0.001
2837957847,4194834854,0,1783610628984627865,201,order_input,benchmark,mock,InstrumentType.Spot,6947440129078264784,OrderType.Limit,Direction.Long,65000.67,276538752,False,Side.Buy,,65000.67,1653898000,BTC-USDT,TimeCondition.GTC,0.001
2837957847,4194834854,0,1783610628984928271,201,order_input,benchmark,mock,InstrumentType.Spot,6947440129078264785,OrderType.Limit,Direction.Long,65000.88,276540288,False,Side.Sell,,65000.88,1653898000,BTC-USDT,TimeCondition.GTC,0.001
2837957847,4194834854,0,1783610628985240985,201,order_input,benchmark,mock,InstrumentType.Spot,6947440129078264786,OrderType.Limit,Direction.Long,65000.69,276715856,False,Side.Buy,,65000.69,1653898000,BTC-USDT,TimeCondition.GTC,0.001
2837957847,4194834854,0,1783610628985456240,201,order_input,benchmark,mock,InstrumentType.Spot,6947440129078264787,OrderType.Limit,Direction.Long,65000.9,276717312,False,Side.Sell,,65000.9,1653898000,BTC-USDT,TimeCondition.GTC,0.001
2837957847,4194834854,0,1783610628985838552,201,order_input,benchmark,mock,InstrumentType.Spot,6947440129078264788,OrderType.Limit,Direction.Long,65000.71,276718848,False,Side.Buy,,65000.71,1653898000,BTC-USDT,TimeCondition.GTC,0.001
2837957847,4194834854,0,1783610628986047336,201,order_input,benchmark,mock,InstrumentType.Spot,6947440129078264789,OrderType.Limit,Direction.Long,65000.92,276720384,False,Side.Sell,,65000.92,1653898000,BTC-USDT,TimeCondition.GTC,0.001
2837957847,4194834854,0,1783610628986444082,201,order_input,benchmark,mock,InstrumentType.Spot,6947440129078264790,OrderType.Limit,Direction.Long,65000.73,276721920,False,Side.Buy,,65000.73,1653898000,BTC-USDT,TimeCondition.GTC,0.001
2837957847,4194834854,0,1783610628986666795,201,order_input,benchmark,mock,InstrumentType.Spot,6947440129078264791,OrderType.Limit,Direction.Long,65000.939999999995,276723456,False,Side.Sell,,65000.939999999995,1653898000,BTC-USDT,TimeCondition.GTC,0.001
2837957847,4194834854,0,1783610628986952454,201,order_input,benchmark,mock,InstrumentType.Spot,6947440129078264792,OrderType.Limit,Direction.Long,65000.75,276724992,False,Side.Buy,,65000.75,1653898000,BTC-USDT,TimeCondition.GTC,0.001
2837957847,4194834854,0,1783610628987245176,201,order_input,benchmark,mock,InstrumentType.Spot,6947440129078264793,OrderType.Limit,Direction.Long,65000.96,276726528,False,Side.Sell,,65000.96,1653898000,BTC-USDT,TimeCondition.GTC,0.001
2837957847,4194834854,0,1783610628987647755,201,order_input,benchmark,mock,InstrumentType.Spot,6947440129078264794,OrderType.Limit,Direction.Long,65000.770000000004,276728064,False,Side.Buy,,65000.770000000004,1653898000,BTC-USDT,TimeCondition.GTC,0.001
2837957847,4194834854,0,1783610628987866453,201,order_input,benchmark,mock,InstrumentType.Spot,6947440129078264795,OrderType.Limit,Direction.Long,65000.979999999996,276729600,False,Side.Sell,,65000.979999999996,1653898000,BTC-USDT,TimeCondition.GTC,0.001
2837957847,4194834854,0,1783610628988278175,201,order_input,benchmark,mock,InstrumentType.Spot,6947440129078264796,OrderType.Limit,Direction.Long,65000.79,276731136,False,Side.Buy,,65000.79,1653898000,BTC-USDT,TimeCondition.GTC,0.001
2837957847,4194834854,0,1783610628988521405,201,order_input,benchmark,mock,InstrumentType.Spot,6947440129078264797,OrderType.Limit,Direction.Long,65001.0,276732672,False,Side.Sell,,65001.0,1653898000,BTC-USDT,TimeCondition.GTC,0.001
2837957847,4194834854,0,1783610628988755678,201,order_input,benchmark,mock,InstrumentType.Spot,6947440129078264798,OrderType.Limit,Direction.Long,65000.810000000005,276734208,False,Side.Buy,,65000.810000000005,1653898000,BTC-USDT,TimeCondition.GTC,0.001
2837957847,4194834854,0,1783610628989137968,201,order_input,benchmark,mock,InstrumentType.Spot,6947440129078264799,OrderType.Limit,Direction.Long,65001.02,276735744,False,Side.Sell,,65001.02,1653898000,BTC-USDT,TimeCondition.GTC,0.001
2837957847,4194834854,0,1783610628989448574,201,order_input,benchmark,mock,InstrumentType.Spot,6947440129078264800,OrderType.Limit,Direction.Long,65000.83,276737280,False,Side.Buy,,65000.83,1653898000,BTC-USDT,TimeCondition.GTC,0.001
2837957847,4194834854,0,1783610628989657455,201,order_input,benchmark,mock,InstrumentType.Spot,6947440129078264801,OrderType.Limit,Direction.Long,65001.04,276738816,False,Side.Sell,,65001.04,1653898000,BTC-USDT,TimeCondition.GTC,0.001
2837957847,4194834854,0,1783610628990047455,201,order_input,benchmark,mock,InstrumentType.Spot,6947440129078264802,OrderType.Limit,Direction.Long,65000.85,276740352,False,Side.Buy,,65000.85,1653898000,BTC-USDT,TimeCondition.GTC,0.001
2837957847,4194834854,0,1783610628990245830,201,order_input,benchmark,mock,InstrumentType.Spot,6947440129078264803,OrderType.Limit,Direction.Long,65001.06,276741888,False,Side.Sell,,65001.06,1653898000,BTC-USDT,TimeCondition.GTC,0.001
2837957847,4194834854,0,1783610628990628969,201,order_input,benchmark,mock,InstrumentType.Spot,6947440129078264804,OrderType.Limit,Direction.Long,65000.87,276743424,False,Side.Buy,,65000.87,1653898000,BTC-USDT,TimeCondition.GTC,0.001
2837957847,4194834854,0,1783610628990978916,201,order_input,benchmark,mock,InstrumentType.Spot,6947440129078264805,OrderType.Limit,Direction.Long,65001.08,276744960,False,Side.Sell,,65001.08,1653898000,BTC-USDT,TimeCondition.GTC,0.001
2837957847,4194834854,0,1783610628991216438,201,order_input,benchmark,mock,InstrumentType.Spot,6947440129078264806,OrderType.Limit,Direction.Long,65000.89,276746496,False,Side.Buy,,65000.89,1653898000,BTC-USDT,TimeCondition.GTC,0.001
2837957847,4194834854,0,1783610628991537664,201,order_input,benchmark,mock,InstrumentType.Spot,6947440129078264807,OrderType.Limit,Direction.Long,65000.1,276748032,False,Side.Sell,,65000.1,1653898000,BTC-USDT,TimeCondition.GTC,0.001
