source,dest,trigger_time,gen_time,msg_type,msg_name,data.account_id,data.active,data.avg_price,data.close_pnl,data.error_code,data.ex_order_id,data.exchange_id,data.fee,data.fee_currency,data.insert_time,data.instrument_type,data.order_id,data.order_type,data.position_side,data.price,data.raw_address,data.side,data.source_id,data.status,data.stop_price,data.strategy_id,data.symbol,data.time_condition,data.update_time,data.volume,data.volume_left,data.volume_traded
4194834854,2837957847,1783610628694130474,1783610628694171483,203,order,benchmark,True,0.0,0.0,,,mock,0.0,,1783610628694130474,InstrumentType.Spot,6947440129078263808,OrderType.Limit,Direction.Long,64999.91,271187104,Side.Buy,,OrderStatus.Submitted,64999.91,1653898000,BTC-USDT,TimeCondition.GTC,1783610628694130474,0.001,0.001,0.0
4194834854,2837957847,1783610628694239029,1783610628694242696,203,order,benchmark,True,0.0,0.0,,,mock,0.0,,1783610628694239029,InstrumentType.Spot,6947440129078263809,OrderType.Limit,Direction.Long,65000.119999999995,269738240,Side.Sell,,OrderStatus.Submitted,65000.119999999995,1653898000,BTC-USDT,TimeCondition.GTC,1783610628694239029,0.001,0.001,0.0
4194834854,2837957847,1783610628694268787,1783610628694272003,203,order,benchmark,True,0.0,0.0,,,mock,0.0,,1783610628694268787,InstrumentType.Spot,6947440129078263810,OrderType.Limit,Direction.Long,64999.93,266089488,Side.Buy,,OrderStatus.Submitted,64999.93,1653898000,BTC-USDT,TimeCondition.GTC,1783610628694268787,0.001,0.001,0.0
4194834854,2837957847,1783610628694294459,1783610628694297432,203,order,benchmark,True,0.0,0.0,,,mock,0.0,,1783610628694294459,InstrumentType.Spot,6947440129078263811,OrderType.Limit,Direction.Long,65000.14,262789728,Side.Sell,,OrderStatus.Submitted,65000.14,1653898000,BTC-USDT,TimeCondition.GTC,1783610628694294459,0.001,0.001,0.0
4194834854,2837957847,1783610628694320801,1783610628694324294,203,order,benchmark,True,0.0,0.0,,,mock,0.0,,1783610628694320801,InstrumentType.Spot,6947440129078263812,OrderType.Limit,Direction.Long,64999.950000000004,258059472,Side.Buy,,OrderStatus.Submitted,64999.950000000004,1653898000,BTC-USDT,TimeCondition.GTC,1783610628694320801,0.001,0.001,0.0
4194834854,2837957847,1783610628694349718,1783610628694354159,203,order,benchmark,True,0.0,0.0,,,mock,0.0,,1783610628694349718,InstrumentType.Spot,6947440129078263813,OrderType.Limit,Direction.Long,65000.159999999996,259572048,Side.Sell,,OrderStatus.Submitted,65000.159999999996,1653898000,BTC-USDT,TimeCondition.GTC,1783610628694349718,0.001,0.001,0.0
4194834854,2837957847,1783610628694381416,1783610628694385020,203,order,benchmark,True,0.0,0.0,,,mock,0.0,,1783610628694381416,InstrumentType.Spot,6947440129078263814,OrderType.Limit,Direction.Long,64999.97,276758592,Side.Buy,,OrderStatus.Submitted,64999.97,1653898000,BTC-USDT,TimeCondition.GTC,1783610628694381416,0.001,0.001,0.0
4194834854,2837957847,1783610628694410606,1783610628694414207,203,order,benchmark,True,0.0,0.0,,,mock,0.0,,1783610628694410606,InstrumentType.Spot,6947440129078263815,OrderType.Limit,Direction.Long,65000.18,276760368,Side.Sell,,OrderStatus.Submitted,65000.18,1653898000,BTC-USDT,TimeCondition.GTC,1783610628694410606,0.001,0.001,0.0
4194834854,2837957847,1783610628694437364,1783610628694441235,203,order,benchmark,True,0.0,0.0,,,mock,0.0,,1783610628694437364,InstrumentType.Spot,6947440129078263816,OrderType.Limit,Direction.Long,64999.99,276762144,Side.Buy,,OrderStatus.Submitted,64999.99,1653898000,BTC-USDT,TimeCondition.GTC,1783610628694437364,0.001,0.001,0.0
4194834854,2837957847,1783610628694808464,1783610628694812377,203,order,benchmark,True,0.0,0.0,,,mock,0.0,,1783610628694808464,InstrumentType.Spot,6947440129078263817,OrderType.Limit,Direction.Long,65000.2,276763952,Side.Sell,,OrderStatus.Submitted,65000.2,1653898000,BTC-USDT,TimeCondition.GTC,1783610628694808464,0.001,0.001,0.0
4194834854,2837957847,1783610628694861395,1783610628694864407,203,order,benchmark,True,0.0,0.0,,,mock,0.0,,1783610628694861395,InstrumentType.Spot,6947440129078263818,OrderType.Limit,Direction.Long,65000.01,276765696,Side.Buy,,OrderStatus.Submitted,65000.01,1653898000,BTC-USDT,TimeCondition.GTC,1783610628694861395,0.001,0.001,0.0
4194834854,2837957847,1783610628695177245,1783610628695180822,203,order,benchmark,True,0.0,0.0,,,mock,0.0,,1783610628695177245,InstrumentType.Spot,6947440129078263819,OrderType.Limit,Direction.Long,65000.22,276767504,Side.Sell,,OrderStatus.Submitted,65000.22,1653898000,BTC-USDT,TimeCondition.GTC,1783610628695177245,0.001,0.001,0.0
4194834854,2837957847,1783610628695399262,1783610628695402525,203,order,benchmark,True,0.0,0.0,,,mock,0.0,,1783610628695399262,InstrumentType.Spot,6947440129078263820,OrderType.Limit,Direction.Long,65000.03,276769280,Side.Buy,,OrderStatus.Submitted,65000.03,1653898000,BTC-USDT,TimeCondition.GTC,1783610628695399262,0.001,0.001,0.0
4194834854,2837957847,1783610628695770279,1783610628695866727,203,order,benchmark,True,0.0,0.0,,,mock,0.0,,1783610628695770279,InstrumentType.Spot,6947440129078263821,OrderType.Limit,Direction.Long,65000.24,276771056,Side.Sell,,OrderStatus.Submitted,65000.24,1653898000,BTC-USDT,TimeCondition.GTC,1783610628695770279,0.001,0.001,0.0
4194834854,2837957847,1783610628695979183,1783610628695982878,203,order,benchmark,True,0.0,0.0,,,mock,0.0,,1783610628695979183,InstrumentType.Spot,6947440129078263822,OrderType.Limit,Direction.Long,65000.05,276772832,Side.Buy,,OrderStatus.Submitted,65000.05,1653898000,BTC-USDT,TimeCondition.GTC,1783610628695979183,0.001,0.001,0.0
4194834854,2837957847,1783610628696363414,1783610628696366816,203,order,benchmark,True,0.0,0.0,,,mock,0.0,,1783610628696363414,InstrumentType.Spot,6947440129078263823,OrderType.Limit,Direction.Long,65000.26,276774608,Side.Sell,,OrderStatus.Submitted,65000.26,1653898000,BTC-USDT,TimeCondition.GTC,1783610628696363414,0.001,0.001,0.0
4194834854,2837957847,1783610628696610076,1783610628696613871,203,order,benchmark,True,0.0,0.0,,,mock,0.0,,1783610628696610076,InstrumentType.Spot,6947440129078263824,OrderType.Limit,Direction.Long,65000.07,276776384,Side.Buy,,OrderStatus.Submitted,65000.07,1653898000,BTC-USDT,TimeCondition.GTC,1783610628696610076,0.001,0.001,0.0
4194834854,2837957847,1783610628696921606,1783610628696925534,203,order,benchmark,True,0.0,0.0,,,mock,0.0,,1783610628696921606,InstrumentType.Spot,6947440129078263825,OrderType.Limit,Direction.Long,65000.28,276778160,Side.Sell,,OrderStatus.Submitted,65000.28,1653898000,BTC-USDT,TimeCondition.GTC,1783610628696921606,0.001,0.001,0.0
4194834854,2837957847,1783610628697333531,1783610628697337998,203,order,benchmark,True,0.0,0.0,,,mock,0.0,,1783610628697333531,InstrumentType.Spot,6947440129078263826,OrderType.Limit,Direction.Long,65000.090000000004,276779936,Side.Buy,,OrderStatus.Submitted,65000.090000000004,1653898000,BTC-USDT,TimeCondition.GTC,1783610628697333531,0.001,0.001,0.0
4194834854,2837957847,1783610628697765956,1783610628697770755,203,order,benchmark,True,0.0,0.0,,,mock,0.0,,1783610628697765956,InstrumentType.Spot,6947440129078263827,OrderType.Limit,Direction.Long,65000.299999999996,276781712,Side.Sell,,OrderStatus.Submitted,65000.299999999996,1653898000,BTC-USDT,TimeCondition.GTC,1783610628697765956,0.001,0.001,0.0
4194834854,2837957847,1783610628697927913,1783610628697932844,203,order,benchmark,True,0.0,0.0,,,mock,0.0,,1783610628697927913,InstrumentType.Spot,6947440129078263828,OrderType.Limit,Direction.Long,65000.11,276783488,Side.Buy,,OrderStatus.Submitted,65000.11,1653898000,BTC-USDT,TimeCondition.GTC,1783610628697927913,0.001,0.001,0.0
4194834854,2837957847,1783610628698184201,1783610628698188641,203,order,benchmark,True,0.0,0.0,,,mock,0.0,,1783610628698184201,InstrumentType.Spot,6947440129078263829,OrderType.Limit,Direction.Long,65000.32,276785264,Side.Sell,,OrderStatus.Submitted,65000.32,1653898000,BTC-USDT,TimeCondition.GTC,1783610628698184201,0.001,0.001,0.0
4194834854,2837957847,1783610628698549620,1783610628698554110,203,order,benchmark,True,0.0,0.0,,,mock,0.0,,1783610628698549620,InstrumentType.Spot,6947440129078263830,OrderType.Limit,Direction.Long,65000.130000000005,276787040,Side.Buy,,OrderStatus.Submitted,65000.130000000005,1653898000,BTC-USDT,TimeCondition.GTC,1783610628698549620,0.001,0.001,0.0
4194834854,2837957847,1783610628698886577,1783610628698937456,203,order,benchmark,True,0.0,0.0,,,mock,0.0,,1783610628698886577,InstrumentType.Spot,6947440129078263831,OrderType.Limit,Direction.Long,65000.34,276788816,Side.Sell,,OrderStatus.Submitted,65000.34,1653898000,BTC-USDT,TimeCondition.GTC,1783610628698886577,0.001,0.001,0.0
4194834854,2837957847,1783610628699028987,1783610628699032790,203,order,benchmark,True,0.0,0.0,,,mock,0.0,,1783610628699028987,InstrumentType.Spot,6947440129078263832,OrderType.Limit,Direction.Long,65000.15,276790592,Side.Buy,,OrderStatus.Submitted,65000.15,1653898000,BTC-USDT,TimeCondition.GTC,1783610628699028987,0.001,0.001,0.0
4194834854,2837957847,1783610628699459082,1783610628699464322,203,order,benchmark,True,0.0,0.0,,,mock,0.0,,1783610628699459082,InstrumentType.Spot,6947440129078263833,OrderType.Limit,Direction.Long,65000.36,276792368,Side.Sell,,OrderStatus.Submitted,65000.36,1653898000,BTC-USDT,TimeCondition.GTC,1783610628699459082,0.001,0.001,0.0
4194834854,2837957847,1783610628699693077,1783610628699714929,203,order,benchmark,True,0.0,0.0,,,mock,0.0,,1783610628699693077,InstrumentType.Spot,6947440129078263834,OrderType.Limit,Direction.Long,65000.17,276794144,Side.Buy,,OrderStatus.Submitted,65000.17,1653898000,BTC-USDT,TimeCondition.GTC,1783610628699693077,0.001,0.001,0.0
4194834854,2837957847,1783610628699906280,1783610628699909910,203,order,benchmark,True,0.0,0.0,,,mock,0.0,,1783610628699906280,InstrumentType.Spot,6947440129078263835,OrderType.Limit,Direction.Long,65000.38,276795920,Side.Sell,,OrderStatus.Submitted,65000.38,1653898000,BTC-USDT,TimeCondition.GTC,1783610628699906280,0.001,0.001,0.0
4194834854,2837957847,1783610628700415850,1783610628700419775,203,order,benchmark,True,0.0,0.0,,,mock,0.0,,1783610628700415850,InstrumentType.Spot,6947440129078263836,OrderType.Limit,Direction.Long,65000.19,276797696,Side.Buy,,OrderStatus.Submitted,65000.19,1653898000,BTC-USDT,TimeCondition.GTC,1783610628700415850,0.001,0.001,0.0
4194834854,2837957847,1783610628700558460,1783610628700562184,203,order,benchmark,True,0.0,0.0,,,mock,0.0,,1783610628700558460,InstrumentType.Spot,6947440129078263837,OrderType.Limit,Direction.Long,65000.4,276799472,Side.Sell,,OrderStatus.Submitted,65000.4,1653898000,BTC-USDT,TimeCondition.GTC,1783610628700558460,0.001,0.001,0.0
4194834854,2837957847,1783610628700878982,1783610628700881669,203,order,benchmark,True,0.0,0.0,,,mock,0.0,,1783610628700878982,InstrumentType.Spot,6947440129078263838,OrderType.Limit,Direction.Long,65000.21,276801248,Side.Buy,,OrderStatus.Submitted,65000.21,1653898000,BTC-USDT,TimeCondition.GTC,1783610628700878982,0.001,0.001,0.0
4194834854,2837957847,1783610628701278713,1783610628701282196,203,order,benchmark,True,0.0,0.0,,,mock,0.0,,1783610628701278713,InstrumentType.Spot,6947440129078263839,OrderType.Limit,Direction.Long,65000.42,276803024,Side.Sell,,OrderStatus.Submitted,65000.42,1653898000,BTC-USDT,TimeCondition.GTC,1783610628701278713,0.001,0.001,0.0
4194834854,2837957847,1783610628701500072,1783610628701503328,203,order,benchmark,True,0.0,0.0,,,mock,0.0,,1783610628701500072,InstrumentType.Spot,6947440129078263840,OrderType.Limit,Direction.Long,65000.23,276804800,Side.Buy,,OrderStatus.Submitted,65000.23,1653898000,BTC-USDT,TimeCondition.GTC,1783610628701500072,0.001,0.001,0.0
4194834854,2837957847,1783610628701679068,1783610628701681533,203,order,benchmark,True,0.0,0.0,,,mock,0.0,,1783610628701679068,InstrumentType.Spot,6947440129078263841,OrderType.Limit,Direction.Long,65000.439999999995,276806576,Side.Sell,,OrderStatus.Submitted,65000.439999999995,1653898000,BTC-USDT,TimeCondition.GTC,1783610628701679068,0.001,0.001,0.0
4194834854,2837957847,1783610628702415333,1783610628702422851,203,order,benchmark,True,0.0,0.0,,,mock,0.0,,1783610628702415333,InstrumentType.Spot,6947440129078263842,OrderType.Limit,Direction.Long,65000.25,276808352,Side.Buy,,OrderStatus.Submitted,65000.25,1653898000,BTC-USDT,TimeCondition.GTC,1783610628702415333,0.001,0.001,0.0
4194834854,2837957847,1783610628702486573,1783610628702489865,203,order,benchmark,True,0.0,0.0,,,mock,0.0,,1783610628702486573,InstrumentType.Spot,6947440129078263843,OrderType.Limit,Direction.Long,65000.46,276810096,Side.Sell,,OrderStatus.Submitted,65000.46,1653898000,BTC-USDT,TimeCondition.GTC,1783610628702486573,0.001,0.001,0.0
4194834854,2837957847,1783610628702980530,1783610628702983061,203,order,benchmark,True,0.0,0.0,,,mock,0.0,,1783610628702980530,InstrumentType.Spot,6947440129078263844,OrderType.Limit,Direction.Long,65000.270000000004,276811904,Side.Buy,,OrderStatus.Submitted,65000.270000000004,1653898000,BTC-USDT,TimeCondition.GTC,1783610628702980530,0.001,0.001,0.0
4194834854,2837957847,1783610628703030716,1783610628703033419,203,order,benchmark,True,0.0,0.0,,,mock,0.0,,1783610628703030716,InstrumentType.Spot,6947440129078263845,OrderType.Limit,Direction.Long,65000.479999999996,276813648,Side.Sell,,OrderStatus.Submitted,65000.479999999996,1653898000,BTC-USDT,TimeCondition.GTC,1783610628703030716,0.001,0.001,0.0
4194834854,2837957847,1783610628703358641,1783610628703361143,203,order,benchmark,True,0.0,0.0,,,mock,0.0,,1783610628703358641,InstrumentType.Spot,6947440129078263846,OrderType.Limit,Direction.Long,65000.29,276815456,Side.Buy,,OrderStatus.Submitted,65000.29,1653898000,BTC-USDT,TimeCondition.GTC,1783610628703358641,0.001,0.001,0.0
4194834854,2837957847,1783610628703472437,1783610628703492089,203,order,benchmark,True,0.0,0.0,,,mock,0.0,,1783610628703472437,InstrumentType.Spot,6947440129078263847,OrderType.Limit,Direction.Long,65000.5,276817232,Side.Sell,,OrderStatus.Submitted,65000.5,1653898000,BTC-USDT,TimeCondition.GTC,1783610628703472437,0.001,0.001,0.0
4194834854,2837957847,1783610628703912942,1783610628703915963,203,order,benchmark,True,0.0,0.0,,,mock,0.0,,1783610628703912942,InstrumentType.Spot,6947440129078263848,OrderType.Limit,Direction.Long,65000.310000000005,276819008,Side.Buy,,OrderStatus.Submitted,65000.310000000005,1653898000,BTC-USDT,TimeCondition.GTC,1783610628703912942,0.001,0.001,0.0
4194834854,2837957847,1783610628704195812,1783610628704198032,203,order,benchmark,True,0.0,0.0,,,mock,0.0,,1783610628704195812,InstrumentType.Spot,6947440129078263849,OrderType.Limit,Direction.Long,65000.52,276820784,Side.Sell,,OrderStatus.Submitted,65000.52,1653898000,BTC-USDT,TimeCondition.GTC,1783610628704195812,0.001,0.001,0.0
4194834854,2837957847,1783610628704368209,1783610628704371168,203,order,benchmark,True,0.0,0.0,,,mock,0.0,,1783610628704368209,InstrumentType.Spot,6947440129078263850,OrderType.Limit,Direction.Long,65000.33,276822560,Side.Buy,,OrderStatus.Submitted,65000.33,1653898000,BTC-USDT,TimeCondition.GTC,1783610628704368209,0.001,0.001,0.0
4194834854,2837957847,1783610628704921760,1783610628704924576,203,order,benchmark,True,0.0,0.0,,,mock,0.0,,1783610628704921760,InstrumentType.Spot,6947440129078263851,OrderType.Limit,Direction.Long,65000.54,276824336,Side.Sell,,OrderStatus.Submitted,65000.54,1653898000,BTC-USDT,TimeCondition.GTC,1783610628704921760,0.001,0.001,0.0
4194834854,2837957847,1783610628705315326,1783610628705317985,203,order,benchmark,True,0.0,0.0,,,mock,0.0,,1783610628705315326,InstrumentType.Spot,6947440129078263852,OrderType.Limit,Direction.Long,65000.35,276826112,Side.Buy,,OrderStatus.Submitted,65000.35,1653898000,BTC-USDT,TimeCondition.GTC,1783610628705315326,0.001,0.001,0.0
4194834854,2837957847,1783610628705337573,1783610628705339078,203,order,benchmark,True,0.0,0.0,,,mock,0.0,,1783610628705337573,InstrumentType.Spot,6947440129078263853,OrderType.Limit,Direction.Long,65000.56,276827856,Side.Sell,,OrderStatus.Submitted,65000.56,1653898000,BTC-USDT,TimeCondition.GTC,1783610628705337573,0.001,0.001,0.0
4194834854,2837957847,1783610628705924244,1783610628705926536,203,order,benchmark,True,0.0,0.0,,,mock,0.0,,1783610628705924244,InstrumentType.Spot,6947440129078263854,OrderType.Limit,Direction.Long,65000.37,275106896,Side.Buy,,OrderStatus.Submitted,65000.37,1653898000,BTC-USDT,TimeCondition.GTC,1783610628705924244,0.001,0.001,0.0
4194834854,2837957847,1783610628706067311,1783610628706069237,203,order,benchmark,True,0.0,0.0,,,mock,0.0,,1783610628706067311,InstrumentType.Spot,6947440129078263855,OrderType.Limit,Direction.Long,65000.58,275108672,Side.Sell,,OrderStatus.Submitted,65000.58,1653898000,BTC-USDT,TimeCondition.GTC,1783610628706067311,0.001,0.001,0.0
4194834854,2837957847,1783610628706302981,1783610628706305136,203,order,benchmark,True,0.0,0.0,,,mock,0.0,,1783610628706302981,InstrumentType.Spot,6947440129078263856,OrderType.Limit,Direction.Long,65000.39,275110448,Side.Buy,,OrderStatus.Submitted,65000.39,1653898000,BTC-USDT,TimeCondition.GTC,1783610628706302981,0.001,0.001,0.0
4194834854,2837957847,1783610628706472877,1783610628706475586,203,order,benchmark,True,0.0,0.0,,,mock,0.0,,1783610628706472877,InstrumentType.Spot,6947440129078263857,OrderType.Limit,Direction.Long,65000.6,275112224,Side.Sell,,OrderStatus.Submitted,65000.6,1653898000,BTC-USDT,TimeCondition.GTC,1783610628706472877,0.001,0.001,0.0
4194834854,2837957847,1783610628707131842,1783610628707136373,203,order,benchmark,True,0.0,0.0,,,mock,0.0,,1783610628707131842,InstrumentType.Spot,6947440129078263858,OrderType.Limit,Direction.Long,65000.41,275114000,Side.Buy,,OrderStatus.Submitted,65000.41,1653898000,BTC-USDT,TimeCondition.GTC,1783610628707131842,0.001,0.001,0.0
4194834854,2837957847,1783610628707214815,1783610628707216872,203,order,benchmark,True,0.0,0.0,,,mock,0.0,,1783610628707214815,InstrumentType.Spot,6947440129078263859,OrderType.Limit,Direction.Long,65000.619999999995,275115744,Side.Sell,,OrderStatus.Submitted,65000.619999999995,1653898000,BTC-USDT,TimeCondition.GTC,1783610628707214815,0.001,0.001,0.0
4194834854,2837957847,1783610628707421990,1783610628707437782,203,order,benchmark,True,0.0,0.0,,,mock,0.0,,1783610628707421990,InstrumentType.Spot,6947440129078263860,OrderType.Limit,Direction.Long,65000.43,275117552,Side.Buy,,OrderStatus.Submitted,65000.43,1653898000,BTC-USDT,TimeCondition.GTC,1783610628707421990,0.001,0.001,0.0
4194834854,2837957847,1783610628707801912,1783610628707804174,203,order,benchmark,True,0.0,0.0,,,mock,0.0,,1783610628707801912,InstrumentType.Spot,6947440129078263861,OrderType.Limit,Direction.Long,65000.64,275119328,Side.Sell,,OrderStatus.Submitted,65000.64,1653898000,BTC-USDT,TimeCondition.GTC,1783610628707801912,0.001,0.001,0.0
4194834854,2837957847,1783610628707972777,1783610628707975624,203,order,benchmark,True,0.0,0.0,,,mock,0.0,,1783610628707972777,InstrumentType.Spot,6947440129078263862,OrderType.Limit,Direction.Long,65000.450000000004,275121104,Side.Buy,,OrderStatus.Submitted,65000.450000000004,1653898000,BTC-USDT,TimeCondition.GTC,1783610628707972777,0.001,0.001,0.0
4194834854,2837957847,1783610628708363850,1783610628708366146,203,order,benchmark,True,0.0,0.0,,,mock,0.0,,1783610628708363850,InstrumentType.Spot,6947440129078263863,OrderType.Limit,Direction.Long,65000.659999999996,275122880,Side.Sell,,OrderStatus.Submitted,65000.659999999996,1653898000,BTC-USDT,TimeCondition.GTC,1783610628708363850,0.001,0.001,0.0
4194834854,2837957847,1783610628708659536,1783610628708661450,203,order,benchmark,True,0.0,0.0,,,mock,0.0,,1783610628708659536,InstrumentType.Spot,6947440129078263864,OrderType.Limit,Direction.Long,65000.47,275124656,Side.Buy,,OrderStatus.Submitted,65000.47,1653898000,BTC-USDT,TimeCondition.GTC,1783610628708659536,0.001,0.001,0.0
4194834854,2837957847,1783610628708975613,1783610628708977957,203,order,benchmark,True,0.0,0.0,,,mock,0.0,,1783610628708975613,InstrumentType.Spot,6947440129078263865,OrderType.Limit,Direction.Long,65000.68,275126432,Side.Sell,,OrderStatus.Submitted,65000.68,1653898000,BTC-USDT,TimeCondition.GTC,1783610628708975613,0.001,0.001,0.0
4194834854,2837957847,1783610628709302749,1783610628709305000,203,order,benchmark,True,0.0,0.0,,,mock,0.0,,1783610628709302749,InstrumentType.Spot,6947440129078263866,OrderType.Limit,Direction.Long,65000.49,275128208,Side.Buy,,OrderStatus.Submitted,65000.49,1653898000,BTC-USDT,TimeCondition.GTC,1783610628709302749,0.001,0.001,0.0
4194834854,2837957847,1783610628709810247,1783610628709812384,203,order,benchmark,True,0.0,0.0,,,mock,0.0,,1783610628709810247,InstrumentType.Spot,6947440129078263867,OrderType.Limit,Direction.Long,65000.7,275129984,Side.Sell,,OrderStatus.Submitted,65000.7,1653898000,BTC-USDT,TimeCondition.GTC,1783610628709810247,0.001,0.001,0.0
4194834854,2837957847,1783610628710195770,1783610628710202307,203,order,benchmark,True,0.0,0.0,,,mock,0.0,,1783610628710195770,InstrumentType.Spot,6947440129078263868,OrderType.Limit,Direction.Long,65000.51,275131760,Side.Buy,,OrderStatus.Submitted,65000.51,1653898000,BTC-USDT,TimeCondition.GTC,1783610628710195770,0.001,0.001,0.0
4194834854,2837957847,1783610628710232104,1783610628710234695,203,order,benchmark,True,0.0,0.0,,,mock,0.0,,1783610628710232104,InstrumentType.Spot,6947440129078263869,OrderType.Limit,Direction.Long,65000.72,275133504,Side.Sell,,OrderStatus.Submitted,65000.72,1653898000,BTC-USDT,TimeCondition.GTC,1783610628710232104,0.001,0.001,0.0
4194834854,2837957847,1783610628710663233,1783610628710669022,203,order,benchmark,True,0.0,0.0,,,mock,0.0,,1783610628710663233,InstrumentType.Spot,6947440129078263870,OrderType.Limit,Direction.Long,65000.53,275135312,Side.Buy,,OrderStatus.Submitted,65000.53,1653898000,BTC-USDT,TimeCondition.GTC,1783610628710663233,0.001,0.001,0.0
4194834854,2837957847,1783610628710696943,1783610628710699483,203,order,benchmark,True,0.0,0.0,,,mock,0.0,,1783610628710696943,InstrumentType.Spot,6947440129078263871,OrderType.Limit,Direction.Long,65000.74,275137056,Side.Sell,,OrderStatus.Submitted,65000.74,1653898000,BTC-USDT,TimeCondition.GTC,1783610628710696943,0.001,0.001,0.0
4194834854,2837957847,1783610628710978677,1783610628710981771,203,order,benchmark,True,0.0,0.0,,,mock,0.0,,1783610628710978677,InstrumentType.Spot,6947440129078263872,OrderType.Limit,Direction.Long,65000.55,275138864,Side.Buy,,OrderStatus.Submitted,65000.55,1653898000,BTC-USDT,TimeCondition.GTC,1783610628710978677,0.001,0.001,0.0
4194834854,2837957847,1783610628711278095,1783610628711299646,203,order,benchmark,True,0.0,0.0,,,mock,0.0,,1783610628711278095,InstrumentType.Spot,6947440129078263873,OrderType.Limit,Direction.Long,65000.76,275140640,Side.Sell,,OrderStatus.Submitted,65000.76,1653898000,BTC-USDT,TimeCondition.GTC,1783610628711278095,0.001,0.001,0.0
4194834854,2837957847,1783610628711671947,1783610628711674169,203,order,benchmark,True,0.0,0.0,,,mock,0.0,,1783610628711671947,InstrumentType.Spot,6947440129078263874,OrderType.Limit,Direction.Long,65000.57,275142416,Side.Buy,,OrderStatus.Submitted,65000.57,1653898000,BTC-USDT,TimeCondition.GTC,1783610628711671947,0.001,0.001,0.0
4194834854,2837957847,1783610628711965011,1783610628711966969,203,order,benchmark,True,0.0,0.0,,,mock,0.0,,1783610628711965011,InstrumentType.Spot,6947440129078263875,OrderType.Limit,Direction.Long,65000.78,275144192,Side.Sell,,OrderStatus.Submitted,65000.78,1653898000,BTC-USDT,TimeCondition.GTC,1783610628711965011,0.001,0.001,0.0
4194834854,2837957847,1783610628712260330,1783610628712262229,203,order,benchmark,True,0.0,0.0,,,mock,0.0,,1783610628712260330,InstrumentType.Spot,6947440129078263876,OrderType.Limit,Direction.Long,65000.590000000004,275145968,Side.Buy,,OrderStatus.Submitted,65000.590000000004,1653898000,BTC-USDT,TimeCondition.GTC,1783610628712260330,0.001,0.001,0.0
4194834854,2837957847,1783610628712552211,1783610628712554358,203,order,benchmark,True,0.0,0.0,,,mock,0.0,,1783610628712552211,InstrumentType.Spot,6947440129078263877,OrderType.Limit,Direction.Long,65000.799999999996,275147744,Side.Sell,,OrderStatus.Submitted,65000.799999999996,1653898000,BTC-USDT,TimeCondition.GTC,1783610628712552211,0.001,0.001,0.0
4194834854,2837957847,1783610628713021841,1783610628713024888,203,order,benchmark,True,0.0,0.0,,,mock,0.0,,1783610628713021841,InstrumentType.Spot,6947440129078263878,OrderType.Limit,Direction.Long,65000.61,275149520,Side.Buy,,OrderStatus.Submitted,65000.61,1653898000,BTC-USDT,TimeCondition.GTC,1783610628713021841,0.001,0.001,0.0
4194834854,2837957847,1783610628713149638,1783610628713152262,203,order,benchmark,True,0.0,0.0,,,mock,0.0,,1783610628713149638,InstrumentType.Spot,6947440129078263879,OrderType.Limit,Direction.Long,65000.82,275151296,Side.Sell,,OrderStatus.Submitted,65000.82,1653898000,BTC-USDT,TimeCondition.GTC,1783610628713149638,0.001,0.001,0.0
4194834854,2837957847,1783610628713593992,1783610628713596709,203,order,benchmark,True,0.0,0.0,,,mock,0.0,,1783610628713593992,InstrumentType.Spot,6947440129078263880,OrderType.Limit,Direction.Long,65000.630000000005,275153072,Side.Buy,,OrderStatus.Submitted,65000.630000000005,1653898000,BTC-USDT,TimeCondition.GTC,1783610628713593992,0.001,0.001,0.0
4194834854,2837957847,1783610628714072218,1783610628714074240,203,order,benchmark,True,0.0,0.0,,,mock,0.0,,1783610628714072218,InstrumentType.Spot,6947440129078263881,OrderType.Limit,Direction.Long,65000.84,275154848,Side.Sell,,OrderStatus.Submitted,65000.84,1653898000,BTC-USDT,TimeCondition.GTC,1783610628714072218,0.001,0.001,0.0
4194834854,2837957847,1783610628714088223,1783610628714089596,203,order,benchmark,True,0.0,0.0,,,mock,0.0,,1783610628714088223,InstrumentType.Spot,6947440129078263882,OrderType.Limit,Direction.Long,65000.65,275156592,Side.Buy,,OrderStatus.Submitted,65000.65,1653898000,BTC-USDT,TimeCondition.GTC,1783610628714088223,0.001,0.001,0.0
4194834854,2837957847,1783610628714367724,1783610628714373181,203,order,benchmark,True,0.0,0.0,,,mock,0.0,,1783610628714367724,InstrumentType.Spot,6947440129078263883,OrderType.Limit,Direction.Long,65000.86,275158400,Side.Sell,,OrderStatus.Submitted,65000.86,1653898000,BTC-USDT,TimeCondition.GTC,1783610628714367724,0.001,0.001,0.0
4194834854,2837957847,1783610628714750622,1783610628714756391,203,order,benchmark,True,0.0,0.0,,,mock,0.0,,1783610628714750622,InstrumentType.Spot,6947440129078263884,OrderType.Limit,Direction.Long,65000.67,275160176,Side.Buy,,OrderStatus.Submitted,65000.67,1653898000,BTC-USDT,TimeCondition.GTC,1783610628714750622,0.001,0.001,0.0
4194834854,2837957847,1783610628714963454,1783610628714967042,203,order,benchmark,True,0.0,0.0,,,mock,0.0,,1783610628714963454,InstrumentType.Spot,6947440129078263885,OrderType.Limit,Direction.Long,65000.88,275162704,Side.Sell,,OrderStatus.Submitted,65000.88,1653898000,BTC-USDT,TimeCondition.GTC,1783610628714963454,0.001,0.001,0.0
4194834854,2837957847,1783610628715171993,1783610628715175007,203,order,benchmark,True,0.0,0.0,,,mock,0.0,,1783610628715171993,InstrumentType.Spot,6947440129078263886,OrderType.Limit,Direction.Long,65000.69,275164480,Side.Buy,,OrderStatus.Submitted,65000.69,1653898000,BTC-USDT,TimeCondition.GTC,1783610628715171993,0.001,0.001,0.0
4194834854,2837957847,1783610628715548122,1783610628715562656,203,order,benchmark,True,0.0,0.0,,,mock,0.0,,1783610628715548122,InstrumentType.Spot,6947440129078263887,OrderType.Limit,Direction.Long,65000.9,275166256,Side.Sell,,OrderStatus.Submitted,65000.9,1653898000,BTC-USDT,TimeCondition.GTC,1783610628715548122,0.001,0.001,0.0
4194834854,2837957847,1783610628715854513,1783610628715856707,203,order,benchmark,True,0.0,0.0,,,mock,0.0,,1783610628715854513,InstrumentType.Spot,6947440129078263888,OrderType.Limit,Direction.Long,65000.71,275168032,Side.Buy,,OrderStatus.Submitted,65000.71,1653898000,BTC-USDT,TimeCondition.GTC,1783610628715854513,0.001,0.001,0.0
4194834854,2837957847,1783610628716172881,1783610628716175482,203,order,benchmark,True,0.0,0.0,,,mock,0.0,,1783610628716172881,InstrumentType.Spot,6947440129078263889,OrderType.Limit,Direction.Long,65000.92,275169808,Side.Sell,,OrderStatus.Submitted,65000.92,1653898000,BTC-USDT,TimeCondition.GTC,1783610628716172881,0.001,0.001,0.0
4194834854,2837957847,1783610628716455127,1783610628716457199,203,order,benchmark,True,0.0,0.0,,,mock,0.0,,1783610628716455127,InstrumentType.Spot,6947440129078263890,OrderType.Limit,Direction.Long,65000.73,275171584,Side.Buy,,OrderStatus.Submitted,65000.73,1653898000,BTC-USDT,TimeCondition.GTC,1783610628716455127,0.001,0.001,0.0
4194834854,2837957847,1783610628716754796,1783610628716756715,203,order,benchmark,True,0.0,0.0,,,mock,0.0,,1783610628716754796,InstrumentType.Spot,6947440129078263891,OrderType.Limit,Direction.Long,65000.939999999995,275173360,Side.Sell,,OrderStatus.Submitted,65000.939999999995,1653898000,BTC-USDT,TimeCondition.GTC,1783610628716754796,0.001,0.001,0.0
4194834854,2837957847,1783610628717051691,1783610628717053693,203,order,benchmark,True,0.0,0.0,,,mock,0.0,,1783610628717051691,InstrumentType.Spot,6947440129078263892,OrderType.Limit,Direction.Long,65000.75,275175136,Side.Buy,,OrderStatus.Submitted,65000.75,1653898000,BTC-USDT,TimeCondition.GTC,1783610628717051691,0.001,0.001,0.0
4194834854,2837957847,1783610628717483451,1783610628717486302,203,order,benchmark,True,0.0,0.0,,,mock,0.0,,1783610628717483451,InstrumentType.Spot,6947440129078263893,OrderType.Limit,Direction.Long,65000.96,275176912,Side.Sell,,OrderStatus.Submitted,65000.96,1653898000,BTC-USDT,TimeCondition.GTC,1783610628717483451,0.001,0.001,0.0
4194834854,2837957847,1783610628717707688,1783610628717709589,203,order,benchmark,True,0.0,0.0,,,mock,0.0,,1783610628717707688,InstrumentType.Spot,6947440129078263894,OrderType.Limit,Direction.Long,65000.770000000004,275178688,Side.Buy,,OrderStatus.Submitted,65000.770000000004,1653898000,BTC-USDT,TimeCondition.GTC,1783610628717707688,0.001,0.001,0.0
4194834854,2837957847,1783610628717871534,1783610628717874136,203,order,benchmark,True,0.0,0.0,,,mock,0.0,,1783610628717871534,InstrumentType.Spot,6947440129078263895,OrderType.Limit,Direction.Long,65000.979999999996,275180464,Side.Sell,,OrderStatus.Submitted,65000.979999999996,1653898000,BTC-USDT,TimeCondition.GTC,1783610628717871534,0.001,0.001,0.0
4194834854,2837957847,1783610628718250646,1783610628718252486,203,order,benchmark,True,0.0,0.0,,,mock,0.0,,1783610628718250646,InstrumentType.Spot,6947440129078263896,OrderType.Limit,Direction.Long,65000.79,275182240,Side.Buy,,OrderStatus.Submitted,65000.79,1653898000,BTC-USDT,TimeCondition.GTC,1783610628718250646,0.001,0.001,0.0
4194834854,2837957847,1783610628718542898,1783610628718544866,203,order,benchmark,True,0.0,0.0,,,mock,0.0,,1783610628718542898,InstrumentType.Spot,6947440129078263897,OrderType.Limit,Direction.Long,65001.0,275184016,Side.Sell,,OrderStatus.Submitted,65001.0,1653898000,BTC-USDT,TimeCondition.GTC,1783610628718542898,0.001,0.001,0.0
4194834854,2837957847,1783610628718851183,1783610628718852900,203,order,benchmark,True,0.0,0.0,,,mock,0.0,,1783610628718851183,InstrumentType.Spot,6947440129078263898,OrderType.Limit,Direction.Long,65000.810000000005,275185792,Side.Buy,,OrderStatus.Submitted,65000.810000000005,1653898000,BTC-USDT,TimeCondition.GTC,1783610628718851183,0.001,0.001,0.0
4194834854,2837957847,1783610628719403619,1783610628719405575,203,order,benchmark,True,0.0,0.0,,,mock,0.0,,1783610628719403619,InstrumentType.Spot,6947440129078263899,OrderType.Limit,Direction.Long,65001.02,275187568,Side.Sell,,OrderStatus.Submitted,65001.02,1653898000,BTC-USDT,TimeCondition.GTC,1783610628719403619,0.001,0.001,0.0
4194834854,2837957847,1783610628719419394,1783610628719430684,203,order,benchmark,True,0.0,0.0,,,mock,0.0,,1783610628719419394,InstrumentType.Spot,6947440129078263900,OrderType.Limit,Direction.Long,65000.83,276995920,Side.Buy,,OrderStatus.Submitted,65000.83,1653898000,BTC-USDT,TimeCondition.GTC,1783610628719419394,0.001,0.001,0.0
4194834854,2837957847,1783610628719792004,1783610628719794083,203,order,benchmark,True,0.0,0.0,,,mock,0.0,,1783610628719792004,InstrumentType.Spot,6947440129078263901,OrderType.Limit,Direction.Long,65001.04,275161952,Side.Sell,,OrderStatus.Submitted,65001.04,1653898000,BTC-USDT,TimeCondition.GTC,1783610628719792004,0.001,0.001,0.0
4194834854,2837957847,1783610628720062389,1783610628720064529,203,order,benchmark,True,0.0,0.0,,,mock,0.0,,1783610628720062389,InstrumentType.Spot,6947440129078263902,OrderType.Limit,Direction.Long,65000.85,276999648,Side.Buy,,OrderStatus.Submitted,65000.85,1653898000,BTC-USDT,TimeCondition.GTC,1783610628720062389,0.001,0.001,0.0
4194834854,2837957847,1783610628720478885,1783610628720481962,203,order,benchmark,True,0.0,0.0,,,mock,0.0,,1783610628720478885,InstrumentType.Spot,6947440129078263903,OrderType.Limit,Direction.Long,65001.06,277001424,Side.Sell,,OrderStatus.Submitted,65001.06,1653898000,BTC-USDT,TimeCondition.GTC,1783610628720478885,0.001,0.001,0.0
4194834854,2837957847,1783610628720855036,1783610628720857857,203,order,benchmark,True,0.0,0.0,,,mock,0.0,,1783610628720855036,InstrumentType.Spot,6947440129078263904,OrderType.Limit,Direction.Long,65000.87,277003200,Side.Buy,,OrderStatus.Submitted,65000.87,1653898000,BTC-USDT,TimeCondition.GTC,1783610628720855036,0.001,0.001,0.0
4194834854,2837957847,1783610628720969299,1783610628720970913,203,order,benchmark,True,0.0,0.0,,,mock,0.0,,1783610628720969299,InstrumentType.Spot,6947440129078263905,OrderType.Limit,Direction.Long,65001.08,277004976,Side.Sell,,OrderStatus.Submitted,65001.08,1653898000,BTC-USDT,TimeCondition.GTC,1783610628720969299,0.001,0.001,0.0
4194834854,2837957847,1783610628721373869,1783610628721379893,203,order,benchmark,True,0.0,0.0,,,mock,0.0,,1783610628721373869,InstrumentType.Spot,6947440129078263906,OrderType.Limit,Direction.Long,65000.89,277006752,Side.Buy,,OrderStatus.Submitted,65000.89,1653898000,BTC-USDT,TimeCondition.GTC,1783610628721373869,0.001,0.001,0.0
4194834854,2837957847,1783610628721597022,1783610628721602383,203,order,benchmark,True,0.0,0.0,,,mock,0.0,,1783610628721597022,InstrumentType.Spot,6947440129078263907,OrderType.Limit,Direction.Long,65000.1,277008528,Side.Sell,,OrderStatus.Submitted,65000.1,1653898000,BTC-USDT,TimeCondition.GTC,1783610628721597022,0.001,0.001,0.0
4194834854,2837957847,1783610628721905061,1783610628721909776,203,order,benchmark,True,0.0,0.0,,,mock,0.0,,1783610628721905061,InstrumentType.Spot,6947440129078263908,OrderType.Limit,Direction.Long,64999.91,277010304,Side.Buy,,OrderStatus.Submitted,64999.91,1653898000,BTC-USDT,TimeCondition.GTC,1783610628721905061,0.001,0.001,0.0
4194834854,2837957847,1783610628722248792,1783610628722273983,203,order,benchmark,True,0.0,0.0,,,mock,0.0,,1783610628722248792,InstrumentType.Spot,6947440129078263909,OrderType.Limit,Direction.Long,65000.119999999995,277012080,Side.Sell,,OrderStatus.Submitted,65000.119999999995,1653898000,BTC-USDT,TimeCondition.GTC,1783610628722248792,0.001,0.001,0.0
4194834854,2837957847,1783610628722435228,1783610628722437646,203,order,benchmark,True,0.0,0.0,,,mock,0.0,,1783610628722435228,InstrumentType.Spot,6947440129078263910,OrderType.Limit,Direction.Long,64999.93,277013856,Side.Buy,,OrderStatus.Submitted,64999.93,1653898000,BTC-USDT,TimeCondition.GTC,1783610628722435228,0.001,0.001,0.0
4194834854,2837957847,1783610628722723226,1783610628722726483,203,order,benchmark,True,0.0,0.0,,,mock,0.0,,1783610628722723226,InstrumentType.Spot,6947440129078263911,OrderType.Limit,Direction.Long,65000.14,277015632,Side.Sell,,OrderStatus.Submitted,65000.14,1653898000,BTC-USDT,TimeCondition.GTC,1783610628722723226,0.001,0.001,0.0
4194834854,2837957847,1783610628723123011,1783610628723125465,203,order,benchmark,True,0.0,0.0,,,mock,0.0,,1783610628723123011,InstrumentType.Spot,6947440129078263912,OrderType.Limit,Direction.Long,64999.950000000004,277017408,Side.Buy,,OrderStatus.Submitted,64999.950000000004,1653898000,BTC-USDT,TimeCondition.GTC,1783610628723123011,0.001,0.001,0.0
4194834854,2837957847,1783610628723430489,1783610628723470903,203,order,benchmark,True,0.0,0.0,,,mock,0.0,,1783610628723430489,InstrumentType.Spot,6947440129078263913,OrderType.Limit,Direction.Long,65000.159999999996,277019184,Side.Sell,,OrderStatus.Submitted,65000.159999999996,1653898000,BTC-USDT,TimeCondition.GTC,1783610628723430489,0.001,0.001,0.0
4194834854,2837957847,1783610628723643669,1783610628723646146,203,order,benchmark,True,0.0,0.0,,,mock,0.0,,1783610628723643669,InstrumentType.Spot,6947440129078263914,OrderType.Limit,Direction.Long,64999.97,277020960,Side.Buy,,OrderStatus.Submitted,64999.97,1653898000,BTC-USDT,TimeCondition.GTC,1783610628723643669,0.001,0.001,0.0
4194834854,2837957847,1783610628723875900,1783610628723879245,203,order,benchmark,True,0.0,0.0,,,mock,0.0,,1783610628723875900,InstrumentType.Spot,6947440129078263915,OrderType.Limit,Direction.Long,65000.18,277022736,Side.Sell,,OrderStatus.Submitted,65000.18,1653898000,BTC-USDT,TimeCondition.GTC,1783610628723875900,0.001,0.001,0.0
4194834854,2837957847,1783610628724192457,1783610628724195660,203,order,benchmark,True,0.0,0.0,,,mock,0.0,,1783610628724192457,InstrumentType.Spot,6947440129078263916,OrderType.Limit,Direction.Long,64999.99,277024512,Side.Buy,,OrderStatus.Submitted,64999.99,1653898000,BTC-USDT,TimeCondition.GTC,1783610628724192457,0.001,0.001,0.0
4194834854,2837957847,1783610628724534228,1783610628724536625,203,order,benchmark,True,0.0,0.0,,,mock,0.0,,1783610628724534228,InstrumentType.Spot,6947440129078263917,OrderType.Limit,Direction.Long,65000.2,277027328,Side.Sell,,OrderStatus.Submitted,65000.2,1653898000,BTC-USDT,TimeCondition.GTC,1783610628724534228,0.001,0.001,0.0
4194834854,2837957847,1783610628724907604,1783610628724909644,203,order,benchmark,True,0.0,0.0,,,mock,0.0,,1783610628724907604,InstrumentType.Spot,6947440129078263918,OrderType.Limit,Direction.Long,65000.01,277029104,Side.Buy,,OrderStatus.Submitted,65000.01,1653898000,BTC-USDT,TimeCondition.GTC,1783610628724907604,0.001,0.001,0.0
4194834854,2837957847,1783610628725081664,1783610628725084560,203,order,benchmark,True,0.0,0.0,,,mock,0.0,,1783610628725081664,InstrumentType.Spot,6947440129078263919,OrderType.Limit,Direction.Long,65000.22,277030880,Side.Sell,,OrderStatus.Submitted,65000.22,1653898000,BTC-USDT,TimeCondition.GTC,1783610628725081664,0.001,0.001,0.0
4194834854,2837957847,1783610628725383860,1783610628725386705,203,order,benchmark,True,0.0,0.0,,,mock,0.0,,1783610628725383860,InstrumentType.Spot,6947440129078263920,OrderType.Limit,Direction.Long,65000.03,277032656,Side.Buy,,OrderStatus.Submitted,65000.03,1653898000,BTC-USDT,TimeCondition.GTC,1783610628725383860,0.001,0.001,0.0
4194834854,2837957847,1783610628725759525,1783610628725761393,203,order,benchmark,True,0.0,0.0,,,mock,0.0,,1783610628725759525,InstrumentType.Spot,6947440129078263921,OrderType.Limit,Direction.Long,65000.24,277034432,Side.Sell,,OrderStatus.Submitted,65000.24,1653898000,BTC-USDT,TimeCondition.GTC,1783610628725759525,0.001,0.001,0.0
4194834854,2837957847,1783610628726078540,1783610628726080803,203,order,benchmark,True,0.0,0.0,,,mock,0.0,,1783610628726078540,InstrumentType.Spot,6947440129078263922,OrderType.Limit,Direction.Long,65000.05,277036208,Side.Buy,,OrderStatus.Submitted,65000.05,1653898000,BTC-USDT,TimeCondition.GTC,1783610628726078540,0.001,0.001,0.0
4194834854,2837957847,1783610628726331180,1783610628726333281,203,order,benchmark,True,0.0,0.0,,,mock,0.0,,1783610628726331180,InstrumentType.Spot,6947440129078263923,OrderType.Limit,Direction.Long,65000.26,277037984,Side.Sell,,OrderStatus.Submitted,65000.26,1653898000,BTC-USDT,TimeCondition.GTC,1783610628726331180,0.001,0.001,0.0
4194834854,2837957847,1783610628726650142,1783610628726652260,203,order,benchmark,True,0.0,0.0,,,mock,0.0,,1783610628726650142,InstrumentType.Spot,6947440129078263924,OrderType.Limit,Direction.Long,65000.07,277039760,Side.Buy,,OrderStatus.Submitted,65000.07,1653898000,BTC-USDT,TimeCondition.GTC,1783610628726650142,0.001,0.001,0.0
4194834854,2837957847,1783610628727109921,1783610628727112931,203,order,benchmark,True,0.0,0.0,,,mock,0.0,,1783610628727109921,InstrumentType.Spot,6947440129078263925,OrderType.Limit,Direction.Long,65000.28,277041536,Side.Sell,,OrderStatus.Submitted,65000.28,1653898000,BTC-USDT,TimeCondition.GTC,1783610628727109921,0.001,0.001,0.0
4194834854,2837957847,1783610628727875326,1783610628727889439,203,order,benchmark,True,0.0,0.0,,,mock,0.0,,1783610628727875326,InstrumentType.Spot,6947440129078263926,OrderType.Limit,Direction.Long,65000.090000000004,277043312,Side.Buy,,OrderStatus.Submitted,65000.090000000004,1653898000,BTC-USDT,TimeCondition.GTC,1783610628727875326,0.001,0.001,0.0
4194834854,2837957847,1783610628727936142,1783610628727938759,203,order,benchmark,True,0.0,0.0,,,mock,0.0,,1783610628727936142,InstrumentType.Spot,6947440129078263927,OrderType.Limit,Direction.Long,65000.299999999996,277045056,Side.Sell,,OrderStatus.Submitted,65000.299999999996,1653898000,BTC-USDT,TimeCondition.GTC,1783610628727936142,0.001,0.001,0.0
4194834854,2837957847,1783610628727958053,1783610628727960433,203,order,benchmark,True,0.0,0.0,,,mock,0.0,,1783610628727958053,InstrumentType.Spot,6947440129078263928,OrderType.Limit,Direction.Long,65000.11,277046832,Side.Buy,,OrderStatus.Submitted,65000.11,1653898000,BTC-USDT,TimeCondition.GTC,1783610628727958053,0.001,0.001,0.0
4194834854,2837957847,1783610628728143354,1783610628728146121,203,order,benchmark,True,0.0,0.0,,,mock,0.0,,1783610628728143354,InstrumentType.Spot,6947440129078263929,OrderType.Limit,Direction.Long,65000.32,277048640,Side.Sell,,OrderStatus.Submitted,65000.32,1653898000,BTC-USDT,TimeCondition.GTC,1783610628728143354,0.001,0.001,0.0
4194834854,2837957847,1783610628728425081,1783610628728426842,203,order,benchmark,True,0.0,0.0,,,mock,0.0,,1783610628728425081,InstrumentType.Spot,6947440129078263930,OrderType.Limit,Direction.Long,65000.130000000005,277050416,Side.Buy,,OrderStatus.Submitted,65000.130000000005,1653898000,BTC-USDT,TimeCondition.GTC,1783610628728425081,0.001,0.001,0.0
4194834854,2837957847,1783610628728764408,1783610628728766351,203,order,benchmark,True,0.0,0.0,,,mock,0.0,,1783610628728764408,InstrumentType.Spot,6947440129078263931,OrderType.Limit,Direction.Long,65000.34,277052192,Side.Sell,,OrderStatus.Submitted,65000.34,1653898000,BTC-USDT,TimeCondition.GTC,1783610628728764408,0.001,0.001,0.0
4194834854,2837957847,1783610628729072742,1783610628729074891,203,order,benchmark,True,0.0,0.0,,,mock,0.0,,1783610628729072742,InstrumentType.Spot,6947440129078263932,OrderType.Limit,Direction.Long,65000.15,277053968,Side.Buy,,OrderStatus.Submitted,65000.15,1653898000,BTC-USDT,TimeCondition.GTC,1783610628729072742,0.001,0.001,0.0
4194834854,2837957847,1783610628729291556,1783610628729294462,203,order,benchmark,True,0.0,0.0,,,mock,0.0,,1783610628729291556,InstrumentType.Spot,6947440129078263933,OrderType.Limit,Direction.Long,65000.36,277055744,Side.Sell,,OrderStatus.Submitted,65000.36,1653898000,BTC-USDT,TimeCondition.GTC,1783610628729291556,0.001,0.001,0.0
4194834854,2837957847,1783610628729989018,1783610628729993417,203,order,benchmark,True,0.0,0.0,,,mock,0.0,,1783610628729989018,InstrumentType.Spot,6947440129078263934,OrderType.Limit,Direction.Long,65000.17,277057520,Side.Buy,,OrderStatus.Submitted,65000.17,1653898000,BTC-USDT,TimeCondition.GTC,1783610628729989018,0.001,0.001,0.0
4194834854,2837957847,1783610628730134624,1783610628730137744,203,order,benchmark,True,0.0,0.0,,,mock,0.0,,1783610628730134624,InstrumentType.Spot,6947440129078263935,OrderType.Limit,Direction.Long,65000.38,277059296,Side.Sell,,OrderStatus.Submitted,65000.38,1653898000,BTC-USDT,TimeCondition.GTC,1783610628730134624,0.001,0.001,0.0
4194834854,2837957847,1783610628730349764,1783610628730352656,203,order,benchmark,True,0.0,0.0,,,mock,0.0,,1783610628730349764,InstrumentType.Spot,6947440129078263936,OrderType.Limit,Direction.Long,65000.19,277061072,Side.Buy,,OrderStatus.Submitted,65000.19,1653898000,BTC-USDT,TimeCondition.GTC,1783610628730349764,0.001,0.001,0.0
4194834854,2837957847,1783610628730455523,1783610628730458569,203,order,benchmark,True,0.0,0.0,,,mock,0.0,,1783610628730455523,InstrumentType.Spot,6947440129078263937,OrderType.Limit,Direction.Long,65000.4,277026288,Side.Sell,,OrderStatus.Submitted,65000.4,1653898000,BTC-USDT,TimeCondition.GTC,1783610628730455523,0.001,0.001,0.0
4194834854,2837957847,1783610628730919996,1783610628730922161,203,order,benchmark,True,0.0,0.0,,,mock,0.0,,1783610628730919996,InstrumentType.Spot,6947440129078263938,OrderType.Limit,Direction.Long,65000.21,277064800,Side.Buy,,OrderStatus.Submitted,65000.21,1653898000,BTC-USDT,TimeCondition.GTC,1783610628730919996,0.001,0.001,0.0
4194834854,2837957847,1783610628731159621,1783610628731184837,203,order,benchmark,True,0.0,0.0,,,mock,0.0,,1783610628731159621,InstrumentType.Spot,6947440129078263939,OrderType.Limit,Direction.Long,65000.42,277066560,Side.Sell,,OrderStatus.Submitted,65000.42,1653898000,BTC-USDT,TimeCondition.GTC,1783610628731159621,0.001,0.001,0.0
4194834854,2837957847,1783610628731388340,1783610628731391508,203,order,benchmark,True,0.0,0.0,,,mock,0.0,,1783610628731388340,InstrumentType.Spot,6947440129078263940,OrderType.Limit,Direction.Long,65000.23,277068336,Side.Buy,,OrderStatus.Submitted,65000.23,1653898000,BTC-USDT,TimeCondition.GTC,1783610628731388340,0.001,0.001,0.0
4194834854,2837957847,1783610628731820631,1783610628731823074,203,order,benchmark,True,0.0,0.0,,,mock,0.0,,1783610628731820631,InstrumentType.Spot,6947440129078263941,OrderType.Limit,Direction.Long,65000.439999999995,277070112,Side.Sell,,OrderStatus.Submitted,65000.439999999995,1653898000,BTC-USDT,TimeCondition.GTC,1783610628731820631,0.001,0.001,0.0
4194834854,2837957847,1783610628732033938,1783610628732036257,203,order,benchmark,True,0.0,0.0,,,mock,0.0,,1783610628732033938,InstrumentType.Spot,6947440129078263942,OrderType.Limit,Direction.Long,65000.25,277071888,Side.Buy,,OrderStatus.Submitted,65000.25,1653898000,BTC-USDT,TimeCondition.GTC,1783610628732033938,0.001,0.001,0.0
4194834854,2837957847,1783610628732286766,1783610628732289960,203,order,benchmark,True,0.0,0.0,,,mock,0.0,,1783610628732286766,InstrumentType.Spot,6947440129078263943,OrderType.Limit,Direction.Long,65000.46,277073664,Side.Sell,,OrderStatus.Submitted,65000.46,1653898000,BTC-USDT,TimeCondition.GTC,1783610628732286766,0.001,0.001,0.0
4194834854,2837957847,1783610628732660345,1783610628732662530,203,order,benchmark,True,0.0,0.0,,,mock,0.0,,1783610628732660345,InstrumentType.Spot,6947440129078263944,OrderType.Limit,Direction.Long,65000.270000000004,277075440,Side.Buy,,OrderStatus.Submitted,65000.270000000004,1653898000,BTC-USDT,TimeCondition.GTC,1783610628732660345,0.001,0.001,0.0
4194834854,2837957847,1783610628732872383,1783610628732875295,203,order,benchmark,True,0.0,0.0,,,mock,0.0,,1783610628732872383,InstrumentType.Spot,6947440129078263945,OrderType.Limit,Direction.Long,65000.479999999996,277077216,Side.Sell,,OrderStatus.Submitted,65000.479999999996,1653898000,BTC-USDT,TimeCondition.GTC,1783610628732872383,0.001,0.001,0.0
4194834854,2837957847,1783610628733257454,1783610628733259399,203,order,benchmark,True,0.0,0.0,,,mock,0.0,,1783610628733257454,InstrumentType.Spot,6947440129078263946,OrderType.Limit,Direction.Long,65000.29,277078992,Side.Buy,,OrderStatus.Submitted,65000.29,1653898000,BTC-USDT,TimeCondition.GTC,1783610628733257454,0.001,0.001,0.0
4194834854,2837957847,1783610628733546840,1783610628733549616,203,order,benchmark,True,0.0,0.0,,,mock,0.0,,1783610628733546840,InstrumentType.Spot,6947440129078263947,OrderType.Limit,Direction.Long,65000.5,277080768,Side.Sell,,OrderStatus.Submitted,65000.5,1653898000,BTC-USDT,TimeCondition.GTC,1783610628733546840,0.001,0.001,0.0
4194834854,2837957847,1783610628733967045,1783610628733969221,203,order,benchmark,True,0.0,0.0,,,mock,0.0,,1783610628733967045,InstrumentType.Spot,6947440129078263948,OrderType.Limit,Direction.Long,65000.310000000005,277082544,Side.Buy,,OrderStatus.Submitted,65000.310000000005,1653898000,BTC-USDT,TimeCondition.GTC,1783610628733967045,0.001,0.001,0.0
4194834854,2837957847,1783610628734203093,1783610628734204936,203,order,benchmark,True,0.0,0.0,,,mock,0.0,,1783610628734203093,InstrumentType.Spot,6947440129078263949,OrderType.Limit,Direction.Long,65000.52,277084320,Side.Sell,,OrderStatus.Submitted,65000.52,1653898000,BTC-USDT,TimeCondition.GTC,1783610628734203093,0.001,0.001,0.0
4194834854,2837957847,1783610628734459849,1783610628734461774,203,order,benchmark,True,0.0,0.0,,,mock,0.0,,1783610628734459849,InstrumentType.Spot,6947440129078263950,OrderType.Limit,Direction.Long,65000.33,277086096,Side.Buy,,OrderStatus.Submitted,65000.33,1653898000,BTC-USDT,TimeCondition.GTC,1783610628734459849,0.001,0.001,0.0
4194834854,2837957847,1783610628734746512,1783610628734748369,203,order,benchmark,True,0.0,0.0,,,mock,0.0,,1783610628734746512,InstrumentType.Spot,6947440129078263951,OrderType.Limit,Direction.Long,65000.54,277087872,Side.Sell,,OrderStatus.Submitted,65000.54,1653898000,BTC-USDT,TimeCondition.GTC,1783610628734746512,0.001,0.001,0.0
4194834854,2837957847,1783610628735050639,1783610628735052644,203,order,benchmark,True,0.0,0.0,,,mock,0.0,,1783610628735050639,InstrumentType.Spot,6947440129078263952,OrderType.Limit,Direction.Long,65000.35,277089648,Side.Buy,,OrderStatus.Submitted,65000.35,1653898000,BTC-USDT,TimeCondition.GTC,1783610628735050639,0.001,0.001,0.0
4194834854,2837957847,1783610628735346836,1783610628735356583,203,order,benchmark,True,0.0,0.0,,,mock,0.0,,1783610628735346836,InstrumentType.Spot,6947440129078263953,OrderType.Limit,Direction.Long,65000.56,277091424,Side.Sell,,OrderStatus.Submitted,65000.56,1653898000,BTC-USDT,TimeCondition.GTC,1783610628735346836,0.001,0.001,0.0
4194834854,2837957847,1783610628735645669,1783610628735647590,203,order,benchmark,True,0.0,0.0,,,mock,0.0,,1783610628735645669,InstrumentType.Spot,6947440129078263954,OrderType.Limit,Direction.Long,65000.37,277093200,Side.Buy,,OrderStatus.Submitted,65000.37,1653898000,BTC-USDT,TimeCondition.GTC,1783610628735645669,0.001,0.001,0.0
4194834854,2837957847,1783610628735946525,1783610628735948302,203,order,benchmark,True,0.0,0.0,,,mock,0.0,,1783610628735946525,InstrumentType.Spot,6947440129078263955,OrderType.Limit,Direction.Long,65000.58,277094976,Side.Sell,,OrderStatus.Submitted,65000.58,1653898000,BTC-USDT,TimeCondition.GTC,1783610628735946525,0.001,0.001,0.0
4194834854,2837957847,1783610628736251517,1783610628736253265,203,order,benchmark,True,0.0,0.0,,,mock,0.0,,1783610628736251517,InstrumentType.Spot,6947440129078263956,OrderType.Limit,Direction.Long,65000.39,277096752,Side.Buy,,OrderStatus.Submitted,65000.39,1653898000,BTC-USDT,TimeCondition.GTC,1783610628736251517,0.001,0.001,0.0
4194834854,2837957847,1783610628736547204,1783610628736548985,203,order,benchmark,True,0.0,0.0,,,mock,0.0,,1783610628736547204,InstrumentType.Spot,6947440129078263957,OrderType.Limit,Direction.Long,65000.6,277062848,Side.Sell,,OrderStatus.Submitted,65000.6,1653898000,BTC-USDT,TimeCondition.GTC,1783610628736547204,0.001,0.001,0.0
4194834854,2837957847,1783610628736846437,1783610628736848216,203,order,benchmark,True,0.0,0.0,,,mock,0.0,,1783610628736846437,InstrumentType.Spot,6947440129078263958,OrderType.Limit,Direction.Long,65000.41,277100672,Side.Buy,,OrderStatus.Submitted,65000.41,1653898000,BTC-USDT,TimeCondition.GTC,1783610628736846437,0.001,0.001,0.0
4194834854,2837957847,1783610628737247007,1783610628737248734,203,order,benchmark,True,0.0,0.0,,,mock,0.0,,1783610628737247007,InstrumentType.Spot,6947440129078263959,OrderType.Limit,Direction.Long,65000.619999999995,277102272,Side.Sell,,OrderStatus.Submitted,65000.619999999995,1653898000,BTC-USDT,TimeCondition.GTC,1783610628737247007,0.001,0.001,0.0
4194834854,2837957847,1783610628737432960,1783610628737434950,203,order,benchmark,True,0.0,0.0,,,mock,0.0,,1783610628737432960,InstrumentType.Spot,6947440129078263960,OrderType.Limit,Direction.Long,65000.43,277104048,Side.Buy,,OrderStatus.Submitted,65000.43,1653898000,BTC-USDT,TimeCondition.GTC,1783610628737432960,0.001,0.001,0.0
4194834854,2837957847,1783610628737740952,1783610628737742752,203,order,benchmark,True,0.0,0.0,,,mock,0.0,,1783610628737740952,InstrumentType.Spot,6947440129078263961,OrderType.Limit,Direction.Long,65000.64,277105824,Side.Sell,,OrderStatus.Submitted,65000.64,1653898000,BTC-USDT,TimeCondition.GTC,1783610628737740952,0.001,0.001,0.0
4194834854,2837957847,1783610628738153975,1783610628738155731,203,order,benchmark,True,0.0,0.0,,,mock,0.0,,1783610628738153975,InstrumentType.Spot,6947440129078263962,OrderType.Limit,Direction.Long,65000.450000000004,277107600,Side.Buy,,OrderStatus.Submitted,65000.450000000004,1653898000,BTC-USDT,TimeCondition.GTC,1783610628738153975,0.001,0.001,0.0
4194834854,2837957847,1783610628738428706,1783610628738431644,203,order,benchmark,True,0.0,0.0,,,mock,0.0,,1783610628738428706,InstrumentType.Spot,6947440129078263963,OrderType.Limit,Direction.Long,65000.659999999996,277109376,Side.Sell,,OrderStatus.Submitted,65000.659999999996,1653898000,BTC-USDT,TimeCondition.GTC,1783610628738428706,0.001,0.001,0.0
4194834854,2837957847,1783610628738650137,1783610628738653080,203,order,benchmark,True,0.0,0.0,,,mock,0.0,,1783610628738650137,InstrumentType.Spot,6947440129078263964,OrderType.Limit,Direction.Long,65000.47,277111152,Side.Buy,,OrderStatus.Submitted,65000.47,1653898000,BTC-USDT,TimeCondition.GTC,1783610628738650137,0.001,0.001,0.0
4194834854,2837957847,1783610628738940373,1783610628738942229,203,order,benchmark,True,0.0,0.0,,,mock,0.0,,1783610628738940373,InstrumentType.Spot,6947440129078263965,OrderType.Limit,Direction.Long,65000.68,277112928,Side.Sell,,OrderStatus.Submitted,65000.68,1653898000,BTC-USDT,TimeCondition.GTC,1783610628738940373,0.001,0.001,0.0
4194834854,2837957847,1783610628739241897,1783610628739252648,203,order,benchmark,True,0.0,0.0,,,mock,0.0,,1783610628739241897,InstrumentType.Spot,6947440129078263966,OrderType.Limit,Direction.Long,65000.49,277114704,Side.Buy,,OrderStatus.Submitted,65000.49,1653898000,BTC-USDT,TimeCondition.GTC,1783610628739241897,0.001,0.001,0.0
4194834854,2837957847,1783610628739536712,1783610628739538538,203,order,benchmark,True,0.0,0.0,,,mock,0.0,,1783610628739536712,InstrumentType.Spot,6947440129078263967,OrderType.Limit,Direction.Long,65000.7,277116480,Side.Sell,,OrderStatus.Submitted,65000.7,1653898000,BTC-USDT,TimeCondition.GTC,1783610628739536712,0.001,0.001,0.0
4194834854,2837957847,1783610628739841608,1783610628739843451,203,order,benchmark,True,0.0,0.0,,,mock,0.0,,1783610628739841608,InstrumentType.Spot,6947440129078263968,OrderType.Limit,Direction.Long,65000.51,277118256,Side.Buy,,OrderStatus.Submitted,65000.51,1653898000,BTC-USDT,TimeCondition.GTC,1783610628739841608,0.001,0.001,0.0
4194834854,2837957847,1783610628740292559,1783610628740296116,203,order,benchmark,True,0.0,0.0,,,mock,0.0,,1783610628740292559,InstrumentType.Spot,6947440129078263969,OrderType.Limit,Direction.Long,65000.72,277120032,Side.Sell,,OrderStatus.Submitted,65000.72,1653898000,BTC-USDT,TimeCondition.GTC,1783610628740292559,0.001,0.001,0.0
4194834854,2837957847,1783610628740515432,1783610628740517562,203,order,benchmark,True,0.0,0.0,,,mock,0.0,,1783610628740515432,InstrumentType.Spot,6947440129078263970,OrderType.Limit,Direction.Long,65000.53,277121808,Side.Buy,,OrderStatus.Submitted,65000.53,1653898000,BTC-USDT,TimeCondition.GTC,1783610628740515432,0.001,0.001,0.0
4194834854,2837957847,1783610628740665405,1783610628740667875,203,order,benchmark,True,0.0,0.0,,,mock,0.0,,1783610628740665405,InstrumentType.Spot,6947440129078263971,OrderType.Limit,Direction.Long,65000.74,277123584,Side.Sell,,OrderStatus.Submitted,65000.74,1653898000,BTC-USDT,TimeCondition.GTC,1783610628740665405,0.001,0.001,0.0
4194834854,2837957847,1783610628741169857,1783610628741172356,203,order,benchmark,True,0.0,0.0,,,mock,0.0,,1783610628741169857,InstrumentType.Spot,6947440129078263972,OrderType.Limit,Direction.Long,65000.55,277125360,Side.Buy,,OrderStatus.Submitted,65000.55,1653898000,BTC-USDT,TimeCondition.GTC,1783610628741169857,0.001,0.001,0.0
4194834854,2837957847,1783610628741391089,1783610628741392950,203,order,benchmark,True,0.0,0.0,,,mock,0.0,,1783610628741391089,InstrumentType.Spot,6947440129078263973,OrderType.Limit,Direction.Long,65000.76,277127136,Side.Sell,,OrderStatus.Submitted,65000.76,1653898000,BTC-USDT,TimeCondition.GTC,1783610628741391089,0.001,0.001,0.0
4194834854,2837957847,1783610628741634738,1783610628741636445,203,order,benchmark,True,0.0,0.0,,,mock,0.0,,1783610628741634738,InstrumentType.Spot,6947440129078263974,OrderType.Limit,Direction.Long,65000.57,277128912,Side.Buy,,OrderStatus.Submitted,65000.57,1653898000,BTC-USDT,TimeCondition.GTC,1783610628741634738,0.001,0.001,0.0
4194834854,2837957847,1783610628741939561,1783610628741941490,203,order,benchmark,True,0.0,0.0,,,mock,0.0,,1783610628741939561,InstrumentType.Spot,6947440129078263975,OrderType.Limit,Direction.Long,65000.78,277130688,Side.Sell,,OrderStatus.Submitted,65000.78,1653898000,BTC-USDT,TimeCondition.GTC,1783610628741939561,0.001,0.001,0.0
4194834854,2837957847,1783610628742238495,1783610628742240380,203,order,benchmark,True,0.0,0.0,,,mock,0.0,,1783610628742238495,InstrumentType.Spot,6947440129078263976,OrderType.Limit,Direction.Long,65000.590000000004,277132464,Side.Buy,,OrderStatus.Submitted,65000.590000000004,1653898000,BTC-USDT,TimeCondition.GTC,1783610628742238495,0.001,0.001,0.0
4194834854,2837957847,1783610628742539450,1783610628742541332,203,order,benchmark,True,0.0,0.0,,,mock,0.0,,1783610628742539450,InstrumentType.Spot,6947440129078263977,OrderType.Limit,Direction.Long,65000.799999999996,277134240,Side.Sell,,OrderStatus.Submitted,65000.799999999996,1653898000,BTC-USDT,TimeCondition.GTC,1783610628742539450,0.001,0.001,0.0
4194834854,2837957847,1783610628743071122,1783610628743073927,203,order,benchmark,True,0.0,0.0,,,mock,0.0,,1783610628743071122,InstrumentType.Spot,6947440129078263978,OrderType.Limit,Direction.Long,65000.61,277136016,Side.Buy,,OrderStatus.Submitted,65000.61,1653898000,BTC-USDT,TimeCondition.GTC,1783610628743071122,0.001,0.001,0.0
4194834854,2837957847,1783610628743097379,1783610628743106303,203,order,benchmark,True,0.0,0.0,,,mock,0.0,,1783610628743097379,InstrumentType.Spot,6947440129078263979,OrderType.Limit,Direction.Long,65000.82,277137760,Side.Sell,,OrderStatus.Submitted,65000.82,1653898000,BTC-USDT,TimeCondition.GTC,1783610628743097379,0.001,0.001,0.0
4194834854,2837957847,1783610628743443330,1783610628743445229,203,order,benchmark,True,0.0,0.0,,,mock,0.0,,1783610628743443330,InstrumentType.Spot,6947440129078263980,OrderType.Limit,Direction.Long,65000.630000000005,277139568,Side.Buy,,OrderStatus.Submitted,65000.630000000005,1653898000,BTC-USDT,TimeCondition.GTC,1783610628743443330,0.001,0.001,0.0
4194834854,2837957847,1783610628743740430,1783610628743742350,203,order,benchmark,True,0.0,0.0,,,mock,0.0,,1783610628743740430,InstrumentType.Spot,6947440129078263981,OrderType.Limit,Direction.Long,65000.84,277098528,Side.Sell,,OrderStatus.Submitted,65000.84,1653898000,BTC-USDT,TimeCondition.GTC,1783610628743740430,0.001,0.001,0.0
4194834854,2837957847,1783610628744044666,1783610628744046583,203,order,benchmark,True,0.0,0.0,,,mock,0.0,,1783610628744044666,InstrumentType.Spot,6947440129078263982,OrderType.Limit,Direction.Long,65000.65,277099520,Side.Buy,,OrderStatus.Submitted,65000.65,1653898000,BTC-USDT,TimeCondition.GTC,1783610628744044666,0.001,0.001,0.0
4194834854,2837957847,1783610628744339440,1783610628744341425,203,order,benchmark,True,0.0,0.0,,,mock,0.0,,1783610628744339440,InstrumentType.Spot,6947440129078263983,OrderType.Limit,Direction.Long,65000.86,277145120,Side.Sell,,OrderStatus.Submitted,65000.86,1653898000,BTC-USDT,TimeCondition.GTC,1783610628744339440,0.001,0.001,0.0
4194834854,2837957847,1783610628744636262,1783610628744638219,203,order,benchmark,True,0.0,0.0,,,mock,0.0,,1783610628744636262,InstrumentType.Spot,6947440129078263984,OrderType.Limit,Direction.Long,65000.67,277146896,Side.Buy,,OrderStatus.Submitted,65000.67,1653898000,BTC-USDT,TimeCondition.GTC,1783610628744636262,0.001,0.001,0.0
4194834854,2837957847,1783610628744945399,1783610628744947396,203,order,benchmark,True,0.0,0.0,,,mock,0.0,,1783610628744945399,InstrumentType.Spot,6947440129078263985,OrderType.Limit,Direction.Long,65000.88,277148672,Side.Sell,,OrderStatus.Submitted,65000.88,1653898000,BTC-USDT,TimeCondition.GTC,1783610628744945399,0.001,0.001,0.0
4194834854,2837957847,1783610628745538187,1783610628745540476,203,order,benchmark,True,0.0,0.0,,,mock,0.0,,1783610628745538187,InstrumentType.Spot,6947440129078263986,OrderType.Limit,Direction.Long,65000.69,277150448,Side.Buy,,OrderStatus.Submitted,65000.69,1653898000,BTC-USDT,TimeCondition.GTC,1783610628745538187,0.001,0.001,0.0
4194834854,2837957847,1783610628745557654,1783610628745559036,203,order,benchmark,True,0.0,0.0,,,mock,0.0,,1783610628745557654,InstrumentType.Spot,6947440129078263987,OrderType.Limit,Direction.Long,65000.9,277152192,Side.Sell,,OrderStatus.Submitted,65000.9,1653898000,BTC-USDT,TimeCondition.GTC,1783610628745557654,0.001,0.001,0.0
4194834854,2837957847,1783610628745796063,1783610628745798297,203,order,benchmark,True,0.0,0.0,,,mock,0.0,,1783610628745796063,InstrumentType.Spot,6947440129078263988,OrderType.Limit,Direction.Long,65000.71,277154000,Side.Buy,,OrderStatus.Submitted,65000.71,1653898000,BTC-USDT,TimeCondition.GTC,1783610628745796063,0.001,0.001,0.0
4194834854,2837957847,1783610628746408918,1783610628746411606,203,order,benchmark,True,0.0,0.0,,,mock,0.0,,1783610628746408918,InstrumentType.Spot,6947440129078263989,OrderType.Limit,Direction.Long,65000.92,277155776,Side.Sell,,OrderStatus.Submitted,65000.92,1653898000,BTC-USDT,TimeCondition.GTC,1783610628746408918,0.001,0.001,0.0
4194834854,2837957847,1783610628746750988,1783610628746755804,203,order,benchmark,True,0.0,0.0,,,mock,0.0,,1783610628746750988,InstrumentType.Spot,6947440129078263990,OrderType.Limit,Direction.Long,65000.73,277157552,Side.Buy,,OrderStatus.Submitted,65000.73,1653898000,BTC-USDT,TimeCondition.GTC,1783610628746750988,0.001,0.001,0.0
4194834854,2837957847,1783610628746786073,1783610628746788389,203,order,benchmark,True,0.0,0.0,,,mock,0.0,,1783610628746786073,InstrumentType.Spot,6947440129078263991,OrderType.Limit,Direction.Long,65000.939999999995,277159296,Side.Sell,,OrderStatus.Submitted,65000.939999999995,1653898000,BTC-USDT,TimeCondition.GTC,1783610628746786073,0.001,0.001,0.0
4194834854,2837957847,1783610628747050796,1783610628747070407,203,order,benchmark,True,0.0,0.0,,,mock,0.0,,1783610628747050796,InstrumentType.Spot,6947440129078263992,OrderType.Limit,Direction.Long,65000.75,277161104,Side.Buy,,OrderStatus.Submitted,65000.75,1653898000,BTC-USDT,TimeCondition.GTC,1783610628747050796,0.001,0.001,0.0
4194834854,2837957847,1783610628747548388,1783610628747553096,203,order,benchmark,True,0.0,0.0,,,mock,0.0,,1783610628747548388,InstrumentType.Spot,6947440129078263993,OrderType.Limit,Direction.Long,65000.96,277162880,Side.Sell,,OrderStatus.Submitted,65000.96,1653898000,BTC-USDT,TimeCondition.GTC,1783610628747548388,0.001,0.001,0.0
4194834854,2837957847,1783610628747742833,1783610628747745866,203,order,benchmark,True,0.0,0.0,,,mock,0.0,,1783610628747742833,InstrumentType.Spot,6947440129078263994,OrderType.Limit,Direction.Long,65000.770000000004,277164656,Side.Buy,,OrderStatus.Submitted,65000.770000000004,1653898000,BTC-USDT,TimeCondition.GTC,1783610628747742833,0.001,0.001,0.0
4194834854,2837957847,1783610628747943005,1783610628747948089,203,order,benchmark,True,0.0,0.0,,,mock,0.0,,1783610628747943005,InstrumentType.Spot,6947440129078263995,OrderType.Limit,Direction.Long,65000.979999999996,277166432,Side.Sell,,OrderStatus.Submitted,65000.979999999996,1653898000,BTC-USDT,TimeCondition.GTC,1783610628747943005,0.001,0.001,0.0
4194834854,2837957847,1783610628748498681,1783610628748501236,203,order,benchmark,True,0.0,0.0,,,mock,0.0,,1783610628748498681,InstrumentType.Spot,6947440129078263996,OrderType.Limit,Direction.Long,65000.79,277168208,Side.Buy,,OrderStatus.Submitted,65000.79,1653898000,BTC-USDT,TimeCondition.GTC,1783610628748498681,0.001,0.001,0.0
4194834854,2837957847,1783610628748846595,1783610628748851188,203,order,benchmark,True,0.0,0.0,,,mock,0.0,,1783610628748846595,InstrumentType.Spot,6947440129078263997,OrderType.Limit,Direction.Long,65001.0,277169984,Side.Sell,,OrderStatus.Submitted,65001.0,1653898000,BTC-USDT,TimeCondition.GTC,1783610628748846595,0.001,0.001,0.0
4194834854,2837957847,1783610628748975678,1783610628748978771,203,order,benchmark,True,0.0,0.0,,,mock,0.0,,1783610628748975678,InstrumentType.Spot,6947440129078263998,OrderType.Limit,Direction.Long,65000.810000000005,277171760,Side.Buy,,OrderStatus.Submitted,65000.810000000005,1653898000,BTC-USDT,TimeCondition.GTC,1783610628748975678,0.001,0.001,0.0
4194834854,2837957847,1783610628749136668,1783610628749138512,203,order,benchmark,True,0.0,0.0,,,mock,0.0,,1783610628749136668,InstrumentType.Spot,6947440129078263999,OrderType.Limit,Direction.Long,65001.02,277173536,Side.Sell,,OrderStatus.Submitted,65001.02,1653898000,BTC-USDT,TimeCondition.GTC,1783610628749136668,0.001,0.001,0.0
4194834854,2837957847,1783610628749476059,1783610628749478342,203,order,benchmark,True,0.0,0.0,,,mock,0.0,,1783610628749476059,InstrumentType.Spot,6947440129078264000,OrderType.Limit,Direction.Long,65000.83,277175312,Side.Buy,,OrderStatus.Submitted,65000.83,1653898000,BTC-USDT,TimeCondition.GTC,1783610628749476059,0.001,0.001,0.0
4194834854,2837957847,1783610628749740499,1783610628749742294,203,order,benchmark,True,0.0,0.0,,,mock,0.0,,1783610628749740499,InstrumentType.Spot,6947440129078264001,OrderType.Limit,Direction.Long,65001.04,277177088,Side.Sell,,OrderStatus.Submitted,65001.04,1653898000,BTC-USDT,TimeCondition.GTC,1783610628749740499,0.001,0.001,0.0
4194834854,2837957847,1783610628750199891,1783610628750202680,203,order,benchmark,True,0.0,0.0,,,mock,0.0,,1783610628750199891,InstrumentType.Spot,6947440129078264002,OrderType.Limit,Direction.Long,65000.85,277178864,Side.Buy,,OrderStatus.Submitted,65000.85,1653898000,BTC-USDT,TimeCondition.GTC,1783610628750199891,0.001,0.001,0.0
4194834854,2837957847,1783610628750407874,1783610628750409542,203,order,benchmark,True,0.0,0.0,,,mock,0.0,,1783610628750407874,InstrumentType.Spot,6947440129078264003,OrderType.Limit,Direction.Long,65001.06,277180640,Side.Sell,,OrderStatus.Submitted,65001.06,1653898000,BTC-USDT,TimeCondition.GTC,1783610628750407874,0.001,0.001,0.0
4194834854,2837957847,1783610628750756013,1783610628750757868,203,order,benchmark,True,0.0,0.0,,,mock,0.0,,1783610628750756013,InstrumentType.Spot,6947440129078264004,OrderType.Limit,Direction.Long,65000.87,277182416,Side.Buy,,OrderStatus.Submitted,65000.87,1653898000,BTC-USDT,TimeCondition.GTC,1783610628750756013,0.001,0.001,0.0
4194834854,2837957847,1783610628750977761,1783610628750979613,203,order,benchmark,True,0.0,0.0,,,mock,0.0,,1783610628750977761,InstrumentType.Spot,6947440129078264005,OrderType.Limit,Direction.Long,65001.08,277184192,Side.Sell,,OrderStatus.Submitted,65001.08,1653898000,BTC-USDT,TimeCondition.GTC,1783610628750977761,0.001,0.001,0.0
4194834854,2837957847,1783610628751389835,1783610628751411630,203,order,benchmark,True,0.0,0.0,,,mock,0.0,,1783610628751389835,InstrumentType.Spot,6947440129078264006,OrderType.Limit,Direction.Long,65000.89,277185968,Side.Buy,,OrderStatus.Submitted,65000.89,1653898000,BTC-USDT,TimeCondition.GTC,1783610628751389835,0.001,0.001,0.0
4194834854,2837957847,1783610628751701393,1783610628751704093,203,order,benchmark,True,0.0,0.0,,,mock,0.0,,1783610628751701393,InstrumentType.Spot,6947440129078264007,OrderType.Limit,Direction.Long,65000.1,277187744,Side.Sell,,OrderStatus.Submitted,65000.1,1653898000,BTC-USDT,TimeCondition.GTC,1783610628751701393,0.001,0.001,0.0
4194834854,2837957847,1783610628751920376,1783610628751922413,203,order,benchmark,True,0.0,0.0,,,mock,0.0,,1783610628751920376,InstrumentType.Spot,6947440129078264008,OrderType.Limit,Direction.Long,64999.91,277189520,Side.Buy,,OrderStatus.Submitted,64999.91,1653898000,BTC-USDT,TimeCondition.GTC,1783610628751920376,0.001,0.001,0.0
4194834854,2837957847,1783610628752186372,1783610628752188237,203,order,benchmark,True,0.0,0.0,,,mock,0.0,,1783610628752186372,InstrumentType.Spot,6947440129078264009,OrderType.Limit,Direction.Long,65000.119999999995,277141344,Side.Sell,,OrderStatus.Submitted,65000.119999999995,1653898000,BTC-USDT,TimeCondition.GTC,1783610628752186372,0.001,0.001,0.0
4194834854,2837957847,1783610628752461120,1783610628752462966,203,order,benchmark,True,0.0,0.0,,,mock,0.0,,1783610628752461120,InstrumentType.Spot,6947440129078264010,OrderType.Limit,Direction.Long,64999.93,277142336,Side.Buy,,OrderStatus.Submitted,64999.93,1653898000,BTC-USDT,TimeCondition.GTC,1783610628752461120,0.001,0.001,0.0
4194834854,2837957847,1783610628752746002,1783610628752747811,203,order,benchmark,True,0.0,0.0,,,mock,0.0,,1783610628752746002,InstrumentType.Spot,6947440129078264011,OrderType.Limit,Direction.Long,65000.14,277195104,Side.Sell,,OrderStatus.Submitted,65000.14,1653898000,BTC-USDT,TimeCondition.GTC,1783610628752746002,0.001,0.001,0.0
4194834854,2837957847,1783610628753174969,1783610628753177958,203,order,benchmark,True,0.0,0.0,,,mock,0.0,,1783610628753174969,InstrumentType.Spot,6947440129078264012,OrderType.Limit,Direction.Long,64999.950000000004,277196880,Side.Buy,,OrderStatus.Submitted,64999.950000000004,1653898000,BTC-USDT,TimeCondition.GTC,1783610628753174969,0.001,0.001,0.0
4194834854,2837957847,1783610628753413962,1783610628753415935,203,order,benchmark,True,0.0,0.0,,,mock,0.0,,1783610628753413962,InstrumentType.Spot,6947440129078264013,OrderType.Limit,Direction.Long,65000.159999999996,277198656,Side.Sell,,OrderStatus.Submitted,65000.159999999996,1653898000,BTC-USDT,TimeCondition.GTC,1783610628753413962,0.001,0.001,0.0
4194834854,2837957847,1783610628753571217,1783610628753573716,203,order,benchmark,True,0.0,0.0,,,mock,0.0,,1783610628753571217,InstrumentType.Spot,6947440129078264014,OrderType.Limit,Direction.Long,64999.97,277200432,Side.Buy,,OrderStatus.Submitted,64999.97,1653898000,BTC-USDT,TimeCondition.GTC,1783610628753571217,0.001,0.001,0.0
4194834854,2837957847,1783610628753950301,1783610628753952362,203,order,benchmark,True,0.0,0.0,,,mock,0.0,,1783610628753950301,InstrumentType.Spot,6947440129078264015,OrderType.Limit,Direction.Long,65000.18,277202208,Side.Sell,,OrderStatus.Submitted,65000.18,1653898000,BTC-USDT,TimeCondition.GTC,1783610628753950301,0.001,0.001,0.0
4194834854,2837957847,1783610628754256803,1783610628754258939,203,order,benchmark,True,0.0,0.0,,,mock,0.0,,1783610628754256803,InstrumentType.Spot,6947440129078264016,OrderType.Limit,Direction.Long,64999.99,277203984,Side.Buy,,OrderStatus.Submitted,64999.99,1653898000,BTC-USDT,TimeCondition.GTC,1783610628754256803,0.001,0.001,0.0
4194834854,2837957847,1783610628754558901,1783610628754560817,203,order,benchmark,True,0.0,0.0,,,mock,0.0,,1783610628754558901,InstrumentType.Spot,6947440129078264017,OrderType.Limit,Direction.Long,65000.2,277205760,Side.Sell,,OrderStatus.Submitted,65000.2,1653898000,BTC-USDT,TimeCondition.GTC,1783610628754558901,0.001,0.001,0.0
4194834854,2837957847,1783610628754845485,1783610628754847243,203,order,benchmark,True,0.0,0.0,,,mock,0.0,,1783610628754845485,InstrumentType.Spot,6947440129078264018,OrderType.Limit,Direction.Long,65000.01,277207536,Side.Buy,,OrderStatus.Submitted,65000.01,1653898000,BTC-USDT,TimeCondition.GTC,1783610628754845485,0.001,0.001,0.0
4194834854,2837957847,1783610628755281814,1783610628755294433,203,order,benchmark,True,0.0,0.0,,,mock,0.0,,1783610628755281814,InstrumentType.Spot,6947440129078264019,OrderType.Limit,Direction.Long,65000.22,277209312,Side.Sell,,OrderStatus.Submitted,65000.22,1653898000,BTC-USDT,TimeCondition.GTC,1783610628755281814,0.001,0.001,0.0
4194834854,2837957847,1783610628755530020,1783610628755531955,203,order,benchmark,True,0.0,0.0,,,mock,0.0,,1783610628755530020,InstrumentType.Spot,6947440129078264020,OrderType.Limit,Direction.Long,65000.03,277211088,Side.Buy,,OrderStatus.Submitted,65000.03,1653898000,BTC-USDT,TimeCondition.GTC,1783610628755530020,0.001,0.001,0.0
4194834854,2837957847,1783610628755690562,1783610628755692482,203,order,benchmark,True,0.0,0.0,,,mock,0.0,,1783610628755690562,InstrumentType.Spot,6947440129078264021,OrderType.Limit,Direction.Long,65000.24,277212864,Side.Sell,,OrderStatus.Submitted,65000.24,1653898000,BTC-USDT,TimeCondition.GTC,1783610628755690562,0.001,0.001,0.0
4194834854,2837957847,1783610628756056132,1783610628756058573,203,order,benchmark,True,0.0,0.0,,,mock,0.0,,1783610628756056132,InstrumentType.Spot,6947440129078264022,OrderType.Limit,Direction.Long,65000.05,277214640,Side.Buy,,OrderStatus.Submitted,65000.05,1653898000,BTC-USDT,TimeCondition.GTC,1783610628756056132,0.001,0.001,0.0
4194834854,2837957847,1783610628756344046,1783610628756346056,203,order,benchmark,True,0.0,0.0,,,mock,0.0,,1783610628756344046,InstrumentType.Spot,6947440129078264023,OrderType.Limit,Direction.Long,65000.26,277216416,Side.Sell,,OrderStatus.Submitted,65000.26,1653898000,BTC-USDT,TimeCondition.GTC,1783610628756344046,0.001,0.001,0.0
4194834854,2837957847,1783610628756633366,1783610628756635099,203,order,benchmark,True,0.0,0.0,,,mock,0.0,,1783610628756633366,InstrumentType.Spot,6947440129078264024,OrderType.Limit,Direction.Long,65000.07,277218192,Side.Buy,,OrderStatus.Submitted,65000.07,1653898000,BTC-USDT,TimeCondition.GTC,1783610628756633366,0.001,0.001,0.0
4194834854,2837957847,1783610628756938336,1783610628756940311,203,order,benchmark,True,0.0,0.0,,,mock,0.0,,1783610628756938336,InstrumentType.Spot,6947440129078264025,OrderType.Limit,Direction.Long,65000.28,277219968,Side.Sell,,OrderStatus.Submitted,65000.28,1653898000,BTC-USDT,TimeCondition.GTC,1783610628756938336,0.001,0.001,0.0
4194834854,2837957847,1783610628757238424,1783610628757240221,203,order,benchmark,True,0.0,0.0,,,mock,0.0,,1783610628757238424,InstrumentType.Spot,6947440129078264026,OrderType.Limit,Direction.Long,65000.090000000004,277221744,Side.Buy,,OrderStatus.Submitted,65000.090000000004,1653898000,BTC-USDT,TimeCondition.GTC,1783610628757238424,0.001,0.001,0.0
4194834854,2837957847,1783610628757546633,1783610628757548650,203,order,benchmark,True,0.0,0.0,,,mock,0.0,,1783610628757546633,InstrumentType.Spot,6947440129078264027,OrderType.Limit,Direction.Long,65000.299999999996,277223520,Side.Sell,,OrderStatus.Submitted,65000.299999999996,1653898000,BTC-USDT,TimeCondition.GTC,1783610628757546633,0.001,0.001,0.0
4194834854,2837957847,1783610628757838620,1783610628757840298,203,order,benchmark,True,0.0,0.0,,,mock,0.0,,1783610628757838620,InstrumentType.Spot,6947440129078264028,OrderType.Limit,Direction.Long,65000.11,277225296,Side.Buy,,OrderStatus.Submitted,65000.11,1653898000,BTC-USDT,TimeCondition.GTC,1783610628757838620,0.001,0.001,0.0
4194834854,2837957847,1783610628758294063,1783610628758296753,203,order,benchmark,True,0.0,0.0,,,mock,0.0,,1783610628758294063,InstrumentType.Spot,6947440129078264029,OrderType.Limit,Direction.Long,65000.32,277227072,Side.Sell,,OrderStatus.Submitted,65000.32,1653898000,BTC-USDT,TimeCondition.GTC,1783610628758294063,0.001,0.001,0.0
4194834854,2837957847,1783610628758754266,1783610628758756383,203,order,benchmark,True,0.0,0.0,,,mock,0.0,,1783610628758754266,InstrumentType.Spot,6947440129078264030,OrderType.Limit,Direction.Long,65000.130000000005,277228848,Side.Buy,,OrderStatus.Submitted,65000.130000000005,1653898000,BTC-USDT,TimeCondition.GTC,1783610628758754266,0.001,0.001,0.0
4194834854,2837957847,1783610628758795081,1783610628758797362,203,order,benchmark,True,0.0,0.0,,,mock,0.0,,1783610628758795081,InstrumentType.Spot,6947440129078264031,OrderType.Limit,Direction.Long,65000.34,277230592,Side.Sell,,OrderStatus.Submitted,65000.34,1653898000,BTC-USDT,TimeCondition.GTC,1783610628758795081,0.001,0.001,0.0
4194834854,2837957847,1783610628759107628,1783610628759120675,203,order,benchmark,True,0.0,0.0,,,mock,0.0,,1783610628759107628,InstrumentType.Spot,6947440129078264032,OrderType.Limit,Direction.Long,65000.15,277232400,Side.Buy,,OrderStatus.Submitted,65000.15,1653898000,BTC-USDT,TimeCondition.GTC,1783610628759107628,0.001,0.001,0.0
4194834854,2837957847,1783610628759316708,1783610628759318853,203,order,benchmark,True,0.0,0.0,,,mock,0.0,,1783610628759316708,InstrumentType.Spot,6947440129078264033,OrderType.Limit,Direction.Long,65000.36,277234176,Side.Sell,,OrderStatus.Submitted,65000.36,1653898000,BTC-USDT,TimeCondition.GTC,1783610628759316708,0.001,0.001,0.0
4194834854,2837957847,1783610628759643040,1783610628759645097,203,order,benchmark,True,0.0,0.0,,,mock,0.0,,1783610628759643040,InstrumentType.Spot,6947440129078264034,OrderType.Limit,Direction.Long,65000.17,277235952,Side.Buy,,OrderStatus.Submitted,65000.17,1653898000,BTC-USDT,TimeCondition.GTC,1783610628759643040,0.001,0.001,0.0
4194834854,2837957847,1783610628759942286,1783610628759944338,203,order,benchmark,True,0.0,0.0,,,mock,0.0,,1783610628759942286,InstrumentType.Spot,6947440129078264035,OrderType.Limit,Direction.Long,65000.38,277237728,Side.Sell,,OrderStatus.Submitted,65000.38,1653898000,BTC-USDT,TimeCondition.GTC,1783610628759942286,0.001,0.001,0.0
4194834854,2837957847,1783610628760312582,1783610628760314896,203,order,benchmark,True,0.0,0.0,,,mock,0.0,,1783610628760312582,InstrumentType.Spot,6947440129078264036,OrderType.Limit,Direction.Long,65000.19,277239504,Side.Buy,,OrderStatus.Submitted,65000.19,1653898000,BTC-USDT,TimeCondition.GTC,1783610628760312582,0.001,0.001,0.0
4194834854,2837957847,1783610628760531829,1783610628760534829,203,order,benchmark,True,0.0,0.0,,,mock,0.0,,1783610628760531829,InstrumentType.Spot,6947440129078264037,OrderType.Limit,Direction.Long,65000.4,277241280,Side.Sell,,OrderStatus.Submitted,65000.4,1653898000,BTC-USDT,TimeCondition.GTC,1783610628760531829,0.001,0.001,0.0
4194834854,2837957847,1783610628761086459,1783610628761107431,203,order,benchmark,True,0.0,0.0,,,mock,0.0,,1783610628761086459,InstrumentType.Spot,6947440129078264038,OrderType.Limit,Direction.Long,65000.21,277243056,Side.Buy,,OrderStatus.Submitted,65000.21,1653898000,BTC-USDT,TimeCondition.GTC,1783610628761086459,0.001,0.001,0.0
4194834854,2837957847,1783610628761153864,1783610628761155551,203,order,benchmark,True,0.0,0.0,,,mock,0.0,,1783610628761153864,InstrumentType.Spot,6947440129078264039,OrderType.Limit,Direction.Long,65000.42,277244832,Side.Sell,,OrderStatus.Submitted,65000.42,1653898000,BTC-USDT,TimeCondition.GTC,1783610628761153864,0.001,0.001,0.0
4194834854,2837957847,1783610628761475274,1783610628761477134,203,order,benchmark,True,0.0,0.0,,,mock,0.0,,1783610628761475274,InstrumentType.Spot,6947440129078264040,OrderType.Limit,Direction.Long,65000.23,277246608,Side.Buy,,OrderStatus.Submitted,65000.23,1653898000,BTC-USDT,TimeCondition.GTC,1783610628761475274,0.001,0.001,0.0
4194834854,2837957847,1783610628761737585,1783610628761739303,203,order,benchmark,True,0.0,0.0,,,mock,0.0,,1783610628761737585,InstrumentType.Spot,6947440129078264041,OrderType.Limit,Direction.Long,65000.439999999995,277191296,Side.Sell,,OrderStatus.Submitted,65000.439999999995,1653898000,BTC-USDT,TimeCondition.GTC,1783610628761737585,0.001,0.001,0.0
4194834854,2837957847,1783610628762045809,1783610628762047586,203,order,benchmark,True,0.0,0.0,,,mock,0.0,,1783610628762045809,InstrumentType.Spot,6947440129078264042,OrderType.Limit,Direction.Long,65000.25,277250512,Side.Buy,,OrderStatus.Submitted,65000.25,1653898000,BTC-USDT,TimeCondition.GTC,1783610628762045809,0.001,0.001,0.0
4194834854,2837957847,1783610628762457217,1783610628762459140,203,order,benchmark,True,0.0,0.0,,,mock,0.0,,1783610628762457217,InstrumentType.Spot,6947440129078264043,OrderType.Limit,Direction.Long,65000.46,277252224,Side.Sell,,OrderStatus.Submitted,65000.46,1653898000,BTC-USDT,TimeCondition.GTC,1783610628762457217,0.001,0.001,0.0
4194834854,2837957847,1783610628762656766,1783610628762658703,203,order,benchmark,True,0.0,0.0,,,mock,0.0,,1783610628762656766,InstrumentType.Spot,6947440129078264044,OrderType.Limit,Direction.Long,65000.270000000004,277254000,Side.Buy,,OrderStatus.Submitted,65000.270000000004,1653898000,BTC-USDT,TimeCondition.GTC,1783610628762656766,0.001,0.001,0.0
4194834854,2837957847,1783610628762940940,1783610628762955906,203,order,benchmark,True,0.0,0.0,,,mock,0.0,,1783610628762940940,InstrumentType.Spot,6947440129078264045,OrderType.Limit,Direction.Long,65000.479999999996,277255776,Side.Sell,,OrderStatus.Submitted,65000.479999999996,1653898000,BTC-USDT,TimeCondition.GTC,1783610628762940940,0.001,0.001,0.0
4194834854,2837957847,1783610628763257279,1783610628763259344,203,order,benchmark,True,0.0,0.0,,,mock,0.0,,1783610628763257279,InstrumentType.Spot,6947440129078264046,OrderType.Limit,Direction.Long,65000.29,277257552,Side.Buy,,OrderStatus.Submitted,65000.29,1653898000,BTC-USDT,TimeCondition.GTC,1783610628763257279,0.001,0.001,0.0
4194834854,2837957847,1783610628763550275,1783610628763552371,203,order,benchmark,True,0.0,0.0,,,mock,0.0,,1783610628763550275,InstrumentType.Spot,6947440129078264047,OrderType.Limit,Direction.Long,65000.5,277259328,Side.Sell,,OrderStatus.Submitted,65000.5,1653898000,BTC-USDT,TimeCondition.GTC,1783610628763550275,0.001,0.001,0.0
4194834854,2837957847,1783610628763966799,1783610628763968799,203,order,benchmark,True,0.0,0.0,,,mock,0.0,,1783610628763966799,InstrumentType.Spot,6947440129078264048,OrderType.Limit,Direction.Long,65000.310000000005,277261104,Side.Buy,,OrderStatus.Submitted,65000.310000000005,1653898000,BTC-USDT,TimeCondition.GTC,1783610628763966799,0.001,0.001,0.0
4194834854,2837957847,1783610628764198929,1783610628764200874,203,order,benchmark,True,0.0,0.0,,,mock,0.0,,1783610628764198929,InstrumentType.Spot,6947440129078264049,OrderType.Limit,Direction.Long,65000.52,277262880,Side.Sell,,OrderStatus.Submitted,65000.52,1653898000,BTC-USDT,TimeCondition.GTC,1783610628764198929,0.001,0.001,0.0
4194834854,2837957847,1783610628764447491,1783610628764449280,203,order,benchmark,True,0.0,0.0,,,mock,0.0,,1783610628764447491,InstrumentType.Spot,6947440129078264050,OrderType.Limit,Direction.Long,65000.33,277264656,Side.Buy,,OrderStatus.Submitted,65000.33,1653898000,BTC-USDT,TimeCondition.GTC,1783610628764447491,0.001,0.001,0.0
4194834854,2837957847,1783610628764749450,1783610628764751334,203,order,benchmark,True,0.0,0.0,,,mock,0.0,,1783610628764749450,InstrumentType.Spot,6947440129078264051,OrderType.Limit,Direction.Long,65000.54,277266432,Side.Sell,,OrderStatus.Submitted,65000.54,1653898000,BTC-USDT,TimeCondition.GTC,1783610628764749450,0.001,0.001,0.0
4194834854,2837957847,1783610628765055082,1783610628765057818,203,order,benchmark,True,0.0,0.0,,,mock,0.0,,1783610628765055082,InstrumentType.Spot,6947440129078264052,OrderType.Limit,Direction.Long,65000.35,277268208,Side.Buy,,OrderStatus.Submitted,65000.35,1653898000,BTC-USDT,TimeCondition.GTC,1783610628765055082,0.001,0.001,0.0
4194834854,2837957847,1783610628765465888,1783610628765467811,203,order,benchmark,True,0.0,0.0,,,mock,0.0,,1783610628765465888,InstrumentType.Spot,6947440129078264053,OrderType.Limit,Direction.Long,65000.56,277269984,Side.Sell,,OrderStatus.Submitted,65000.56,1653898000,BTC-USDT,TimeCondition.GTC,1783610628765465888,0.001,0.001,0.0
4194834854,2837957847,1783610628765944632,1783610628765946636,203,order,benchmark,True,0.0,0.0,,,mock,0.0,,1783610628765944632,InstrumentType.Spot,6947440129078264054,OrderType.Limit,Direction.Long,65000.37,277271760,Side.Buy,,OrderStatus.Submitted,65000.37,1653898000,BTC-USDT,TimeCondition.GTC,1783610628765944632,0.001,0.001,0.0
4194834854,2837957847,1783610628766136368,1783610628766139482,203,order,benchmark,True,0.0,0.0,,,mock,0.0,,1783610628766136368,InstrumentType.Spot,6947440129078264055,OrderType.Limit,Direction.Long,65000.58,277273536,Side.Sell,,OrderStatus.Submitted,65000.58,1653898000,BTC-USDT,TimeCondition.GTC,1783610628766136368,0.001,0.001,0.0
4194834854,2837957847,1783610628766302624,1783610628766304386,203,order,benchmark,True,0.0,0.0,,,mock,0.0,,1783610628766302624,InstrumentType.Spot,6947440129078264056,OrderType.Limit,Direction.Long,65000.39,277275312,Side.Buy,,OrderStatus.Submitted,65000.39,1653898000,BTC-USDT,TimeCondition.GTC,1783610628766302624,0.001,0.001,0.0
4194834854,2837957847,1783610628766510070,1783610628766512220,203,order,benchmark,True,0.0,0.0,,,mock,0.0,,1783610628766510070,InstrumentType.Spot,6947440129078264057,OrderType.Limit,Direction.Long,65000.6,277277088,Side.Sell,,OrderStatus.Submitted,65000.6,1653898000,BTC-USDT,TimeCondition.GTC,1783610628766510070,0.001,0.001,0.0
4194834854,2837957847,1783610628766829902,1783610628766842150,203,order,benchmark,True,0.0,0.0,,,mock,0.0,,1783610628766829902,InstrumentType.Spot,6947440129078264058,OrderType.Limit,Direction.Long,65000.41,277278864,Side.Buy,,OrderStatus.Submitted,65000.41,1653898000,BTC-USDT,TimeCondition.GTC,1783610628766829902,0.001,0.001,0.0
4194834854,2837957847,1783610628767303196,1783610628767306089,203,order,benchmark,True,0.0,0.0,,,mock,0.0,,1783610628767303196,InstrumentType.Spot,6947440129078264059,OrderType.Limit,Direction.Long,65000.619999999995,277280640,Side.Sell,,OrderStatus.Submitted,65000.619999999995,1653898000,BTC-USDT,TimeCondition.GTC,1783610628767303196,0.001,0.001,0.0
4194834854,2837957847,1783610628767512898,1783610628767514725,203,order,benchmark,True,0.0,0.0,,,mock,0.0,,1783610628767512898,InstrumentType.Spot,6947440129078264060,OrderType.Limit,Direction.Long,65000.43,277282416,Side.Buy,,OrderStatus.Submitted,65000.43,1653898000,BTC-USDT,TimeCondition.GTC,1783610628767512898,0.001,0.001,0.0
4194834854,2837957847,1783610628767748932,1783610628767750780,203,order,benchmark,True,0.0,0.0,,,mock,0.0,,1783610628767748932,InstrumentType.Spot,6947440129078264061,OrderType.Limit,Direction.Long,65000.64,277284192,Side.Sell,,OrderStatus.Submitted,65000.64,1653898000,BTC-USDT,TimeCondition.GTC,1783610628767748932,0.001,0.001,0.0
4194834854,2837957847,1783610628768055996,1783610628768057797,203,order,benchmark,True,0.0,0.0,,,mock,0.0,,1783610628768055996,InstrumentType.Spot,6947440129078264062,OrderType.Limit,Direction.Long,65000.450000000004,277285968,Side.Buy,,OrderStatus.Submitted,65000.450000000004,1653898000,BTC-USDT,TimeCondition.GTC,1783610628768055996,0.001,0.001,0.0
4194834854,2837957847,1783610628768342757,1783610628768344618,203,order,benchmark,True,0.0,0.0,,,mock,0.0,,1783610628768342757,InstrumentType.Spot,6947440129078264063,OrderType.Limit,Direction.Long,65000.659999999996,277287744,Side.Sell,,OrderStatus.Submitted,65000.659999999996,1653898000,BTC-USDT,TimeCondition.GTC,1783610628768342757,0.001,0.001,0.0
4194834854,2837957847,1783610628768642327,1783610628768644222,203,order,benchmark,True,0.0,0.0,,,mock,0.0,,1783610628768642327,InstrumentType.Spot,6947440129078264064,OrderType.Limit,Direction.Long,65000.47,277289520,Side.Buy,,OrderStatus.Submitted,65000.47,1653898000,BTC-USDT,TimeCondition.GTC,1783610628768642327,0.001,0.001,0.0
4194834854,2837957847,1783610628768949418,1783610628768951377,203,order,benchmark,True,0.0,0.0,,,mock,0.0,,1783610628768949418,InstrumentType.Spot,6947440129078264065,OrderType.Limit,Direction.Long,65000.68,277291296,Side.Sell,,OrderStatus.Submitted,65000.68,1653898000,BTC-USDT,TimeCondition.GTC,1783610628768949418,0.001,0.001,0.0
4194834854,2837957847,1783610628769357599,1783610628769359611,203,order,benchmark,True,0.0,0.0,,,mock,0.0,,1783610628769357599,InstrumentType.Spot,6947440129078264066,OrderType.Limit,Direction.Long,65000.49,277293072,Side.Buy,,OrderStatus.Submitted,65000.49,1653898000,BTC-USDT,TimeCondition.GTC,1783610628769357599,0.001,0.001,0.0
4194834854,2837957847,1783610628769568846,1783610628769570629,203,order,benchmark,True,0.0,0.0,,,mock,0.0,,1783610628769568846,InstrumentType.Spot,6947440129078264067,OrderType.Limit,Direction.Long,65000.7,277294848,Side.Sell,,OrderStatus.Submitted,65000.7,1653898000,BTC-USDT,TimeCondition.GTC,1783610628769568846,0.001,0.001,0.0
4194834854,2837957847,1783610628769839234,1783610628769840890,203,order,benchmark,True,0.0,0.0,,,mock,0.0,,1783610628769839234,InstrumentType.Spot,6947440129078264068,OrderType.Limit,Direction.Long,65000.51,277296624,Side.Buy,,OrderStatus.Submitted,65000.51,1653898000,BTC-USDT,TimeCondition.GTC,1783610628769839234,0.001,0.001,0.0
4194834854,2837957847,1783610628770140684,1783610628770142559,203,order,benchmark,True,0.0,0.0,,,mock,0.0,,1783610628770140684,InstrumentType.Spot,6947440129078264069,OrderType.Limit,Direction.Long,65000.72,277298400,Side.Sell,,OrderStatus.Submitted,65000.72,1653898000,BTC-USDT,TimeCondition.GTC,1783610628770140684,0.001,0.001,0.0
4194834854,2837957847,1783610628770437136,1783610628770438740,203,order,benchmark,True,0.0,0.0,,,mock,0.0,,1783610628770437136,InstrumentType.Spot,6947440129078264070,OrderType.Limit,Direction.Long,65000.53,277300176,Side.Buy,,OrderStatus.Submitted,65000.53,1653898000,BTC-USDT,TimeCondition.GTC,1783610628770437136,0.001,0.001,0.0
4194834854,2837957847,1783610628770740490,1783610628770742264,203,order,benchmark,True,0.0,0.0,,,mock,0.0,,1783610628770740490,InstrumentType.Spot,6947440129078264071,OrderType.Limit,Direction.Long,65000.74,277301952,Side.Sell,,OrderStatus.Submitted,65000.74,1653898000,BTC-USDT,TimeCondition.GTC,1783610628770740490,0.001,0.001,0.0
4194834854,2837957847,1783610628771043492,1783610628771052162,203,order,benchmark,True,0.0,0.0,,,mock,0.0,,1783610628771043492,InstrumentType.Spot,6947440129078264072,OrderType.Limit,Direction.Long,65000.55,277303728,Side.Buy,,OrderStatus.Submitted,65000.55,1653898000,BTC-USDT,TimeCondition.GTC,1783610628771043492,0.001,0.001,0.0
4194834854,2837957847,1783610628771337433,1783610628771339206,203,order,benchmark,True,0.0,0.0,,,mock,0.0,,1783610628771337433,InstrumentType.Spot,6947440129078264073,OrderType.Limit,Direction.Long,65000.76,277305504,Side.Sell,,OrderStatus.Submitted,65000.76,1653898000,BTC-USDT,TimeCondition.GTC,1783610628771337433,0.001,0.001,0.0
4194834854,2837957847,1783610628771667667,1783610628771669874,203,order,benchmark,True,0.0,0.0,,,mock,0.0,,1783610628771667667,InstrumentType.Spot,6947440129078264074,OrderType.Limit,Direction.Long,65000.57,277307280,Side.Buy,,OrderStatus.Submitted,65000.57,1653898000,BTC-USDT,TimeCondition.GTC,1783610628771667667,0.001,0.001,0.0
4194834854,2837957847,1783610628771944827,1783610628771946683,203,order,benchmark,True,0.0,0.0,,,mock,0.0,,1783610628771944827,InstrumentType.Spot,6947440129078264075,OrderType.Limit,Direction.Long,65000.78,277309056,Side.Sell,,OrderStatus.Submitted,65000.78,1653898000,BTC-USDT,TimeCondition.GTC,1783610628771944827,0.001,0.001,0.0
4194834854,2837957847,1783610628772237980,1783610628772239980,203,order,benchmark,True,0.0,0.0,,,mock,0.0,,1783610628772237980,InstrumentType.Spot,6947440129078264076,OrderType.Limit,Direction.Long,65000.590000000004,277310832,Side.Buy,,OrderStatus.Submitted,65000.590000000004,1653898000,BTC-USDT,TimeCondition.GTC,1783610628772237980,0.001,0.001,0.0
4194834854,2837957847,1783610628772538265,1783610628772539898,203,order,benchmark,True,0.0,0.0,,,mock,0.0,,1783610628772538265,InstrumentType.Spot,6947440129078264077,OrderType.Limit,Direction.Long,65000.799999999996,277248384,Side.Sell,,OrderStatus.Submitted,65000.799999999996,1653898000,BTC-USDT,TimeCondition.GTC,1783610628772538265,0.001,0.001,0.0
4194834854,2837957847,1783610628773055010,1783610628773057723,203,order,benchmark,True,0.0,0.0,,,mock,0.0,,1783610628773055010,InstrumentType.Spot,6947440129078264078,OrderType.Limit,Direction.Long,65000.61,277250160,Side.Buy,,OrderStatus.Submitted,65000.61,1653898000,BTC-USDT,TimeCondition.GTC,1783610628773055010,0.001,0.001,0.0
4194834854,2837957847,1783610628773078064,1783610628773080269,203,order,benchmark,True,0.0,0.0,,,mock,0.0,,1783610628773078064,InstrumentType.Spot,6947440129078264079,OrderType.Limit,Direction.Long,65000.82,277316448,Side.Sell,,OrderStatus.Submitted,65000.82,1653898000,BTC-USDT,TimeCondition.GTC,1783610628773078064,0.001,0.001,0.0
4194834854,2837957847,1783610628773542170,1783610628773545608,203,order,benchmark,True,0.0,0.0,,,mock,0.0,,1783610628773542170,InstrumentType.Spot,6947440129078264080,OrderType.Limit,Direction.Long,65000.630000000005,277318256,Side.Buy,,OrderStatus.Submitted,65000.630000000005,1653898000,BTC-USDT,TimeCondition.GTC,1783610628773542170,0.001,0.001,0.0
4194834854,2837957847,1783610628773774871,1783610628773777175,203,order,benchmark,True,0.0,0.0,,,mock,0.0,,1783610628773774871,InstrumentType.Spot,6947440129078264081,OrderType.Limit,Direction.Long,65000.84,277320032,Side.Sell,,OrderStatus.Submitted,65000.84,1653898000,BTC-USDT,TimeCondition.GTC,1783610628773774871,0.001,0.001,0.0
4194834854,2837957847,1783610628774050230,1783610628774051984,203,order,benchmark,True,0.0,0.0,,,mock,0.0,,1783610628774050230,InstrumentType.Spot,6947440129078264082,OrderType.Limit,Direction.Long,65000.65,277321808,Side.Buy,,OrderStatus.Submitted,65000.65,1653898000,BTC-USDT,TimeCondition.GTC,1783610628774050230,0.001,0.001,0.0
4194834854,2837957847,1783610628774641224,1783610628774644261,203,order,benchmark,True,0.0,0.0,,,mock,0.0,,1783610628774641224,InstrumentType.Spot,6947440129078264083,OrderType.Limit,Direction.Long,65000.86,277323584,Side.Sell,,OrderStatus.Submitted,65000.86,1653898000,BTC-USDT,TimeCondition.GTC,1783610628774641224,0.001,0.001,0.0
4194834854,2837957847,1783610628774678497,1783610628774680780,203,order,benchmark,True,0.0,0.0,,,mock,0.0,,1783610628774678497,InstrumentType.Spot,6947440129078264084,OrderType.Limit,Direction.Long,65000.67,277325328,Side.Buy,,OrderStatus.Submitted,65000.67,1653898000,BTC-USDT,TimeCondition.GTC,1783610628774678497,0.001,0.001,0.0
4194834854,2837957847,1783610628774912210,1783610628774923176,203,order,benchmark,True,0.0,0.0,,,mock,0.0,,1783610628774912210,InstrumentType.Spot,6947440129078264085,OrderType.Limit,Direction.Long,65000.88,277327136,Side.Sell,,OrderStatus.Submitted,65000.88,1653898000,BTC-USDT,TimeCondition.GTC,1783610628774912210,0.001,0.001,0.0
4194834854,2837957847,1783610628775239609,1783610628775241479,203,order,benchmark,True,0.0,0.0,,,mock,0.0,,1783610628775239609,InstrumentType.Spot,6947440129078264086,OrderType.Limit,Direction.Long,65000.69,277328912,Side.Buy,,OrderStatus.Submitted,65000.69,1653898000,BTC-USDT,TimeCondition.GTC,1783610628775239609,0.001,0.001,0.0
4194834854,2837957847,1783610628775536365,1783610628775538143,203,order,benchmark,True,0.0,0.0,,,mock,0.0,,1783610628775536365,InstrumentType.Spot,6947440129078264087,OrderType.Limit,Direction.Long,65000.9,277330688,Side.Sell,,OrderStatus.Submitted,65000.9,1653898000,BTC-USDT,TimeCondition.GTC,1783610628775536365,0.001,0.001,0.0
4194834854,2837957847,1783610628775841198,1783610628775842853,203,order,benchmark,True,0.0,0.0,,,mock,0.0,,1783610628775841198,InstrumentType.Spot,6947440129078264088,OrderType.Limit,Direction.Long,65000.71,277332464,Side.Buy,,OrderStatus.Submitted,65000.71,1653898000,BTC-USDT,TimeCondition.GTC,1783610628775841198,0.001,0.001,0.0
4194834854,2837957847,1783610628776142027,1783610628776144095,203,order,benchmark,True,0.0,0.0,,,mock,0.0,,1783610628776142027,InstrumentType.Spot,6947440129078264089,OrderType.Limit,Direction.Long,65000.92,277334240,Side.Sell,,OrderStatus.Submitted,65000.92,1653898000,BTC-USDT,TimeCondition.GTC,1783610628776142027,0.001,0.001,0.0
4194834854,2837957847,1783610628776555262,1783610628776557316,203,order,benchmark,True,0.0,0.0,,,mock,0.0,,1783610628776555262,InstrumentType.Spot,6947440129078264090,OrderType.Limit,Direction.Long,65000.73,277336016,Side.Buy,,OrderStatus.Submitted,65000.73,1653898000,BTC-USDT,TimeCondition.GTC,1783610628776555262,0.001,0.001,0.0
4194834854,2837957847,1783610628776795086,1783610628776812353,203,order,benchmark,True,0.0,0.0,,,mock,0.0,,1783610628776795086,InstrumentType.Spot,6947440129078264091,OrderType.Limit,Direction.Long,65000.939999999995,277337792,Side.Sell,,OrderStatus.Submitted,65000.939999999995,1653898000,BTC-USDT,TimeCondition.GTC,1783610628776795086,0.001,0.001,0.0
4194834854,2837957847,1783610628777153319,1783610628777155162,203,order,benchmark,True,0.0,0.0,,,mock,0.0,,1783610628777153319,InstrumentType.Spot,6947440129078264092,OrderType.Limit,Direction.Long,65000.75,277339568,Side.Buy,,OrderStatus.Submitted,65000.75,1653898000,BTC-USDT,TimeCondition.GTC,1783610628777153319,0.001,0.001,0.0
4194834854,2837957847,1783610628777361778,1783610628777363566,203,order,benchmark,True,0.0,0.0,,,mock,0.0,,1783610628777361778,InstrumentType.Spot,6947440129078264093,OrderType.Limit,Direction.Long,65000.96,277341344,Side.Sell,,OrderStatus.Submitted,65000.96,1653898000,BTC-USDT,TimeCondition.GTC,1783610628777361778,0.001,0.001,0.0
4194834854,2837957847,1783610628777790571,1783610628777793441,203,order,benchmark,True,0.0,0.0,,,mock,0.0,,1783610628777790571,InstrumentType.Spot,6947440129078264094,OrderType.Limit,Direction.Long,65000.770000000004,277343120,Side.Buy,,OrderStatus.Submitted,65000.770000000004,1653898000,BTC-USDT,TimeCondition.GTC,1783610628777790571,0.001,0.001,0.0
4194834854,2837957847,1783610628777993721,1783610628778001276,203,order,benchmark,True,0.0,0.0,,,mock,0.0,,1783610628777993721,InstrumentType.Spot,6947440129078264095,OrderType.Limit,Direction.Long,65000.979999999996,277344896,Side.Sell,,OrderStatus.Submitted,65000.979999999996,1653898000,BTC-USDT,TimeCondition.GTC,1783610628777993721,0.001,0.001,0.0
4194834854,2837957847,1783610628778360792,1783610628778362780,203,order,benchmark,True,0.0,0.0,,,mock,0.0,,1783610628778360792,InstrumentType.Spot,6947440129078264096,OrderType.Limit,Direction.Long,65000.79,277346672,Side.Buy,,OrderStatus.Submitted,65000.79,1653898000,BTC-USDT,TimeCondition.GTC,1783610628778360792,0.001,0.001,0.0
4194834854,2837957847,1783610628778557112,1783610628778559035,203,order,benchmark,True,0.0,0.0,,,mock,0.0,,1783610628778557112,InstrumentType.Spot,6947440129078264097,OrderType.Limit,Direction.Long,65001.0,277348448,Side.Sell,,OrderStatus.Submitted,65001.0,1653898000,BTC-USDT,TimeCondition.GTC,1783610628778557112,0.001,0.001,0.0
4194834854,2837957847,1783610628778841536,1783610628778851899,203,order,benchmark,True,0.0,0.0,,,mock,0.0,,1783610628778841536,InstrumentType.Spot,6947440129078264098,OrderType.Limit,Direction.Long,65000.810000000005,277350224,Side.Buy,,OrderStatus.Submitted,65000.810000000005,1653898000,BTC-USDT,TimeCondition.GTC,1783610628778841536,0.001,0.001,0.0
4194834854,2837957847,1783610628779142282,1783610628779144229,203,order,benchmark,True,0.0,0.0,,,mock,0.0,,1783610628779142282,InstrumentType.Spot,6947440129078264099,OrderType.Limit,Direction.Long,65001.02,277352000,Side.Sell,,OrderStatus.Submitted,65001.02,1653898000,BTC-USDT,TimeCondition.GTC,1783610628779142282,0.001,0.001,0.0
4194834854,2837957847,1783610628779440279,1783610628779442101,203,order,benchmark,True,0.0,0.0,,,mock,0.0,,1783610628779440279,InstrumentType.Spot,6947440129078264100,OrderType.Limit,Direction.Long,65000.83,277353776,Side.Buy,,OrderStatus.Submitted,65000.83,1653898000,BTC-USDT,TimeCondition.GTC,1783610628779440279,0.001,0.001,0.0
4194834854,2837957847,1783610628779740098,1783610628779741914,203,order,benchmark,True,0.0,0.0,,,mock,0.0,,1783610628779740098,InstrumentType.Spot,6947440129078264101,OrderType.Limit,Direction.Long,65001.04,277355552,Side.Sell,,OrderStatus.Submitted,65001.04,1653898000,BTC-USDT,TimeCondition.GTC,1783610628779740098,0.001,0.001,0.0
4194834854,2837957847,1783610628780047938,1783610628780049811,203,order,benchmark,True,0.0,0.0,,,mock,0.0,,1783610628780047938,InstrumentType.Spot,6947440129078264102,OrderType.Limit,Direction.Long,65000.85,277357328,Side.Buy,,OrderStatus.Submitted,65000.85,1653898000,BTC-USDT,TimeCondition.GTC,1783610628780047938,0.001,0.001,0.0
4194834854,2837957847,1783610628780356478,1783610628780358428,203,order,benchmark,True,0.0,0.0,,,mock,0.0,,1783610628780356478,InstrumentType.Spot,6947440129078264103,OrderType.Limit,Direction.Long,65001.06,277359104,Side.Sell,,OrderStatus.Submitted,65001.06,1653898000,BTC-USDT,TimeCondition.GTC,1783610628780356478,0.001,0.001,0.0
4194834854,2837957847,1783610628780793946,1783610628780796732,203,order,benchmark,True,0.0,0.0,,,mock,0.0,,1783610628780793946,InstrumentType.Spot,6947440129078264104,OrderType.Limit,Direction.Long,65000.87,277360880,Side.Buy,,OrderStatus.Submitted,65000.87,1653898000,BTC-USDT,TimeCondition.GTC,1783610628780793946,0.001,0.001,0.0
4194834854,2837957847,1783610628781021675,1783610628781024561,203,order,benchmark,True,0.0,0.0,,,mock,0.0,,1783610628781021675,InstrumentType.Spot,6947440129078264105,OrderType.Limit,Direction.Long,65001.08,277362656,Side.Sell,,OrderStatus.Submitted,65001.08,1653898000,BTC-USDT,TimeCondition.GTC,1783610628781021675,0.001,0.001,0.0
4194834854,2837957847,1783610628781180446,1783610628781183166,203,order,benchmark,True,0.0,0.0,,,mock,0.0,,1783610628781180446,InstrumentType.Spot,6947440129078264106,OrderType.Limit,Direction.Long,65000.89,277364432,Side.Buy,,OrderStatus.Submitted,65000.89,1653898000,BTC-USDT,TimeCondition.GTC,1783610628781180446,0.001,0.001,0.0
4194834854,2837957847,1783610628781542984,1783610628781544812,203,order,benchmark,True,0.0,0.0,,,mock,0.0,,1783610628781542984,InstrumentType.Spot,6947440129078264107,OrderType.Limit,Direction.Long,65000.1,277366208,Side.Sell,,OrderStatus.Submitted,65000.1,1653898000,BTC-USDT,TimeCondition.GTC,1783610628781542984,0.001,0.001,0.0
4194834854,2837957847,1783610628781836947,1783610628781838612,203,order,benchmark,True,0.0,0.0,,,mock,0.0,,1783610628781836947,InstrumentType.Spot,6947440129078264108,OrderType.Limit,Direction.Long,64999.91,277367984,Side.Buy,,OrderStatus.Submitted,64999.91,1653898000,BTC-USDT,TimeCondition.GTC,1783610628781836947,0.001,0.001,0.0
4194834854,2837957847,1783610628782142439,1783610628782144309,203,order,benchmark,True,0.0,0.0,,,mock,0.0,,1783610628782142439,InstrumentType.Spot,6947440129078264109,OrderType.Limit,Direction.Long,65000.119999999995,277369760,Side.Sell,,OrderStatus.Submitted,65000.119999999995,1653898000,BTC-USDT,TimeCondition.GTC,1783610628782142439,0.001,0.001,0.0
4194834854,2837957847,1783610628782438295,1783610628782440168,203,order,benchmark,True,0.0,0.0,,,mock,0.0,,1783610628782438295,InstrumentType.Spot,6947440129078264110,OrderType.Limit,Direction.Long,64999.93,277371536,Side.Buy,,OrderStatus.Submitted,64999.93,1653898000,BTC-USDT,TimeCondition.GTC,1783610628782438295,0.001,0.001,0.0
4194834854,2837957847,1783610628782768491,1783610628782781735,203,order,benchmark,True,0.0,0.0,,,mock,0.0,,1783610628782768491,InstrumentType.Spot,6947440129078264111,OrderType.Limit,Direction.Long,65000.14,277373312,Side.Sell,,OrderStatus.Submitted,65000.14,1653898000,BTC-USDT,TimeCondition.GTC,1783610628782768491,0.001,0.001,0.0
4194834854,2837957847,1783610628783371946,1783610628783374456,203,order,benchmark,True,0.0,0.0,,,mock,0.0,,1783610628783371946,InstrumentType.Spot,6947440129078264112,OrderType.Limit,Direction.Long,64999.950000000004,277375088,Side.Buy,,OrderStatus.Submitted,64999.950000000004,1653898000,BTC-USDT,TimeCondition.GTC,1783610628783371946,0.001,0.001,0.0
4194834854,2837957847,1783610628783689959,1783610628783695778,203,order,benchmark,True,0.0,0.0,,,mock,0.0,,1783610628783689959,InstrumentType.Spot,6947440129078264113,OrderType.Limit,Direction.Long,65000.159999999996,277376864,Side.Sell,,OrderStatus.Submitted,65000.159999999996,1653898000,BTC-USDT,TimeCondition.GTC,1783610628783689959,0.001,0.001,0.0
4194834854,2837957847,1783610628783724665,1783610628783726572,203,order,benchmark,True,0.0,0.0,,,mock,0.0,,1783610628783724665,InstrumentType.Spot,6947440129078264114,OrderType.Limit,Direction.Long,64999.97,277378608,Side.Buy,,OrderStatus.Submitted,64999.97,1653898000,BTC-USDT,TimeCondition.GTC,1783610628783724665,0.001,0.001,0.0
4194834854,2837957847,1783610628784178203,1783610628784183830,203,order,benchmark,True,0.0,0.0,,,mock,0.0,,1783610628784178203,InstrumentType.Spot,6947440129078264115,OrderType.Limit,Direction.Long,65000.18,277380416,Side.Sell,,OrderStatus.Submitted,65000.18,1653898000,BTC-USDT,TimeCondition.GTC,1783610628784178203,0.001,0.001,0.0
4194834854,2837957847,1783610628784331061,1783610628784332796,203,order,benchmark,True,0.0,0.0,,,mock,0.0,,1783610628784331061,InstrumentType.Spot,6947440129078264116,OrderType.Limit,Direction.Long,64999.99,277382192,Side.Buy,,OrderStatus.Submitted,64999.99,1653898000,BTC-USDT,TimeCondition.GTC,1783610628784331061,0.001,0.001,0.0
4194834854,2837957847,1783610628784497264,1783610628784498993,203,order,benchmark,True,0.0,0.0,,,mock,0.0,,1783610628784497264,InstrumentType.Spot,6947440129078264117,OrderType.Limit,Direction.Long,65000.2,277312608,Side.Sell,,OrderStatus.Submitted,65000.2,1653898000,BTC-USDT,TimeCondition.GTC,1783610628784497264,0.001,0.001,0.0
4194834854,2837957847,1783610628784852368,1783610628784854241,203,order,benchmark,True,0.0,0.0,,,mock,0.0,,1783610628784852368,InstrumentType.Spot,6947440129078264118,OrderType.Limit,Direction.Long,65000.01,277314384,Side.Buy,,OrderStatus.Submitted,65000.01,1653898000,BTC-USDT,TimeCondition.GTC,1783610628784852368,0.001,0.001,0.0
4194834854,2837957847,1783610628785367893,1783610628785371020,203,order,benchmark,True,0.0,0.0,,,mock,0.0,,1783610628785367893,InstrumentType.Spot,6947440129078264119,OrderType.Limit,Direction.Long,65000.22,277387872,Side.Sell,,OrderStatus.Submitted,65000.22,1653898000,BTC-USDT,TimeCondition.GTC,1783610628785367893,0.001,0.001,0.0
4194834854,2837957847,1783610628785470000,1783610628785471818,203,order,benchmark,True,0.0,0.0,,,mock,0.0,,1783610628785470000,InstrumentType.Spot,6947440129078264120,OrderType.Limit,Direction.Long,65000.03,277389648,Side.Buy,,OrderStatus.Submitted,65000.03,1653898000,BTC-USDT,TimeCondition.GTC,1783610628785470000,0.001,0.001,0.0
4194834854,2837957847,1783610628785779762,1783610628785782410,203,order,benchmark,True,0.0,0.0,,,mock,0.0,,1783610628785779762,InstrumentType.Spot,6947440129078264121,OrderType.Limit,Direction.Long,65000.24,277391424,Side.Sell,,OrderStatus.Submitted,65000.24,1653898000,BTC-USDT,TimeCondition.GTC,1783610628785779762,0.001,0.001,0.0
4194834854,2837957847,1783610628786231458,1783610628786234496,203,order,benchmark,True,0.0,0.0,,,mock,0.0,,1783610628786231458,InstrumentType.Spot,6947440129078264122,OrderType.Limit,Direction.Long,65000.05,277393200,Side.Buy,,OrderStatus.Submitted,65000.05,1653898000,BTC-USDT,TimeCondition.GTC,1783610628786231458,0.001,0.001,0.0
4194834854,2837957847,1783610628786383251,1783610628786385651,203,order,benchmark,True,0.0,0.0,,,mock,0.0,,1783610628786383251,InstrumentType.Spot,6947440129078264123,OrderType.Limit,Direction.Long,65000.26,277394976,Side.Sell,,OrderStatus.Submitted,65000.26,1653898000,BTC-USDT,TimeCondition.GTC,1783610628786383251,0.001,0.001,0.0
4194834854,2837957847,1783610628786668092,1783610628786780566,203,order,benchmark,True,0.0,0.0,,,mock,0.0,,1783610628786668092,InstrumentType.Spot,6947440129078264124,OrderType.Limit,Direction.Long,65000.07,277396752,Side.Buy,,OrderStatus.Submitted,65000.07,1653898000,BTC-USDT,TimeCondition.GTC,1783610628786668092,0.001,0.001,0.0
4194834854,2837957847,1783610628787017715,1783610628787020328,203,order,benchmark,True,0.0,0.0,,,mock,0.0,,1783610628787017715,InstrumentType.Spot,6947440129078264125,OrderType.Limit,Direction.Long,65000.28,277398528,Side.Sell,,OrderStatus.Submitted,65000.28,1653898000,BTC-USDT,TimeCondition.GTC,1783610628787017715,0.001,0.001,0.0
4194834854,2837957847,1783610628787494639,1783610628787496740,203,order,benchmark,True,0.0,0.0,,,mock,0.0,,1783610628787494639,InstrumentType.Spot,6947440129078264126,OrderType.Limit,Direction.Long,65000.090000000004,277400304,Side.Buy,,OrderStatus.Submitted,65000.090000000004,1653898000,BTC-USDT,TimeCondition.GTC,1783610628787494639,0.001,0.001,0.0
4194834854,2837957847,1783610628787681141,1783610628787701698,203,order,benchmark,True,0.0,0.0,,,mock,0.0,,1783610628787681141,InstrumentType.Spot,6947440129078264127,OrderType.Limit,Direction.Long,65000.299999999996,277402080,Side.Sell,,OrderStatus.Submitted,65000.299999999996,1653898000,BTC-USDT,TimeCondition.GTC,1783610628787681141,0.001,0.001,0.0
4194834854,2837957847,1783610628787797781,1783610628787800450,203,order,benchmark,True,0.0,0.0,,,mock,0.0,,1783610628787797781,InstrumentType.Spot,6947440129078264128,OrderType.Limit,Direction.Long,65000.11,277403856,Side.Buy,,OrderStatus.Submitted,65000.11,1653898000,BTC-USDT,TimeCondition.GTC,1783610628787797781,0.001,0.001,0.0
4194834854,2837957847,1783610628788153651,1783610628788155746,203,order,benchmark,True,0.0,0.0,,,mock,0.0,,1783610628788153651,InstrumentType.Spot,6947440129078264129,OrderType.Limit,Direction.Long,65000.32,277405632,Side.Sell,,OrderStatus.Submitted,65000.32,1653898000,BTC-USDT,TimeCondition.GTC,1783610628788153651,0.001,0.001,0.0
4194834854,2837957847,1783610628788567671,1783610628788569474,203,order,benchmark,True,0.0,0.0,,,mock,0.0,,1783610628788567671,InstrumentType.Spot,6947440129078264130,OrderType.Limit,Direction.Long,65000.130000000005,277407408,Side.Buy,,OrderStatus.Submitted,65000.130000000005,1653898000,BTC-USDT,TimeCondition.GTC,1783610628788567671,0.001,0.001,0.0
4194834854,2837957847,1783610628788805862,1783610628788808306,203,order,benchmark,True,0.0,0.0,,,mock,0.0,,1783610628788805862,InstrumentType.Spot,6947440129078264131,OrderType.Limit,Direction.Long,65000.34,277409184,Side.Sell,,OrderStatus.Submitted,65000.34,1653898000,BTC-USDT,TimeCondition.GTC,1783610628788805862,0.001,0.001,0.0
4194834854,2837957847,1783610628789034295,1783610628789036891,203,order,benchmark,True,0.0,0.0,,,mock,0.0,,1783610628789034295,InstrumentType.Spot,6947440129078264132,OrderType.Limit,Direction.Long,65000.15,277410960,Side.Buy,,OrderStatus.Submitted,65000.15,1653898000,BTC-USDT,TimeCondition.GTC,1783610628789034295,0.001,0.001,0.0
4194834854,2837957847,1783610628789451470,1783610628789453377,203,order,benchmark,True,0.0,0.0,,,mock,0.0,,1783610628789451470,InstrumentType.Spot,6947440129078264133,OrderType.Limit,Direction.Long,65000.36,277412736,Side.Sell,,OrderStatus.Submitted,65000.36,1653898000,BTC-USDT,TimeCondition.GTC,1783610628789451470,0.001,0.001,0.0
4194834854,2837957847,1783610628789671157,1783610628789673013,203,order,benchmark,True,0.0,0.0,,,mock,0.0,,1783610628789671157,InstrumentType.Spot,6947440129078264134,OrderType.Limit,Direction.Long,65000.17,277414512,Side.Buy,,OrderStatus.Submitted,65000.17,1653898000,BTC-USDT,TimeCondition.GTC,1783610628789671157,0.001,0.001,0.0
4194834854,2837957847,1783610628790075632,1783610628790078185,203,order,benchmark,True,0.0,0.0,,,mock,0.0,,1783610628790075632,InstrumentType.Spot,6947440129078264135,OrderType.Limit,Direction.Long,65000.38,277416288,Side.Sell,,OrderStatus.Submitted,65000.38,1653898000,BTC-USDT,TimeCondition.GTC,1783610628790075632,0.001,0.001,0.0
4194834854,2837957847,1783610628790283731,1783610628790285525,203,order,benchmark,True,0.0,0.0,,,mock,0.0,,1783610628790283731,InstrumentType.Spot,6947440129078264136,OrderType.Limit,Direction.Long,65000.19,277418064,Side.Buy,,OrderStatus.Submitted,65000.19,1653898000,BTC-USDT,TimeCondition.GTC,1783610628790283731,0.001,0.001,0.0
4194834854,2837957847,1783610628790543399,1783610628790545151,203,order,benchmark,True,0.0,0.0,,,mock,0.0,,1783610628790543399,InstrumentType.Spot,6947440129078264137,OrderType.Limit,Direction.Long,65000.4,277419840,Side.Sell,,OrderStatus.Submitted,65000.4,1653898000,BTC-USDT,TimeCondition.GTC,1783610628790543399,0.001,0.001,0.0
4194834854,2837957847,1783610628790982121,1783610628790993428,203,order,benchmark,True,0.0,0.0,,,mock,0.0,,1783610628790982121,InstrumentType.Spot,6947440129078264138,OrderType.Limit,Direction.Long,65000.21,277421616,Side.Buy,,OrderStatus.Submitted,65000.21,1653898000,BTC-USDT,TimeCondition.GTC,1783610628790982121,0.001,0.001,0.0
4194834854,2837957847,1783610628791205615,1783610628791207280,203,order,benchmark,True,0.0,0.0,,,mock,0.0,,1783610628791205615,InstrumentType.Spot,6947440129078264139,OrderType.Limit,Direction.Long,65000.42,277423392,Side.Sell,,OrderStatus.Submitted,65000.42,1653898000,BTC-USDT,TimeCondition.GTC,1783610628791205615,0.001,0.001,0.0
4194834854,2837957847,1783610628791557266,1783610628791559164,203,order,benchmark,True,0.0,0.0,,,mock,0.0,,1783610628791557266,InstrumentType.Spot,6947440129078264140,OrderType.Limit,Direction.Long,65000.23,277425168,Side.Buy,,OrderStatus.Submitted,65000.23,1653898000,BTC-USDT,TimeCondition.GTC,1783610628791557266,0.001,0.001,0.0
4194834854,2837957847,1783610628791780252,1783610628791782862,203,order,benchmark,True,0.0,0.0,,,mock,0.0,,1783610628791780252,InstrumentType.Spot,6947440129078264141,OrderType.Limit,Direction.Long,65000.439999999995,277426944,Side.Sell,,OrderStatus.Submitted,65000.439999999995,1653898000,BTC-USDT,TimeCondition.GTC,1783610628791780252,0.001,0.001,0.0
4194834854,2837957847,1783610628792160964,1783610628792162667,203,order,benchmark,True,0.0,0.0,,,mock,0.0,,1783610628792160964,InstrumentType.Spot,6947440129078264142,OrderType.Limit,Direction.Long,65000.25,277428720,Side.Buy,,OrderStatus.Submitted,65000.25,1653898000,BTC-USDT,TimeCondition.GTC,1783610628792160964,0.001,0.001,0.0
4194834854,2837957847,1783610628792382646,1783610628792384510,203,order,benchmark,True,0.0,0.0,,,mock,0.0,,1783610628792382646,InstrumentType.Spot,6947440129078264143,OrderType.Limit,Direction.Long,65000.46,277430496,Side.Sell,,OrderStatus.Submitted,65000.46,1653898000,BTC-USDT,TimeCondition.GTC,1783610628792382646,0.001,0.001,0.0
4194834854,2837957847,1783610628792651668,1783610628792653522,203,order,benchmark,True,0.0,0.0,,,mock,0.0,,1783610628792651668,InstrumentType.Spot,6947440129078264144,OrderType.Limit,Direction.Long,65000.270000000004,277432272,Side.Buy,,OrderStatus.Submitted,65000.270000000004,1653898000,BTC-USDT,TimeCondition.GTC,1783610628792651668,0.001,0.001,0.0
4194834854,2837957847,1783610628793259907,1783610628793262073,203,order,benchmark,True,0.0,0.0,,,mock,0.0,,1783610628793259907,InstrumentType.Spot,6947440129078264145,OrderType.Limit,Direction.Long,65000.479999999996,277434048,Side.Sell,,OrderStatus.Submitted,65000.479999999996,1653898000,BTC-USDT,TimeCondition.GTC,1783610628793259907,0.001,0.001,0.0
4194834854,2837957847,1783610628793278573,1783610628793279969,203,order,benchmark,True,0.0,0.0,,,mock,0.0,,1783610628793278573,InstrumentType.Spot,6947440129078264146,OrderType.Limit,Direction.Long,65000.29,277435792,Side.Buy,,OrderStatus.Submitted,65000.29,1653898000,BTC-USDT,TimeCondition.GTC,1783610628793278573,0.001,0.001,0.0
4194834854,2837957847,1783610628793532167,1783610628793534610,203,order,benchmark,True,0.0,0.0,,,mock,0.0,,1783610628793532167,InstrumentType.Spot,6947440129078264147,OrderType.Limit,Direction.Long,65000.5,277437600,Side.Sell,,OrderStatus.Submitted,65000.5,1653898000,BTC-USDT,TimeCondition.GTC,1783610628793532167,0.001,0.001,0.0
4194834854,2837957847,1783610628793888094,1783610628793890245,203,order,benchmark,True,0.0,0.0,,,mock,0.0,,1783610628793888094,InstrumentType.Spot,6947440129078264148,OrderType.Limit,Direction.Long,65000.310000000005,277439376,Side.Buy,,OrderStatus.Submitted,65000.310000000005,1653898000,BTC-USDT,TimeCondition.GTC,1783610628793888094,0.001,0.001,0.0
4194834854,2837957847,1783610628794094679,1783610628794097472,203,order,benchmark,True,0.0,0.0,,,mock,0.0,,1783610628794094679,InstrumentType.Spot,6947440129078264149,OrderType.Limit,Direction.Long,65000.52,277441152,Side.Sell,,OrderStatus.Submitted,65000.52,1653898000,BTC-USDT,TimeCondition.GTC,1783610628794094679,0.001,0.001,0.0
4194834854,2837957847,1783610628794572602,1783610628794576976,203,order,benchmark,True,0.0,0.0,,,mock,0.0,,1783610628794572602,InstrumentType.Spot,6947440129078264150,OrderType.Limit,Direction.Long,65000.33,277442928,Side.Buy,,OrderStatus.Submitted,65000.33,1653898000,BTC-USDT,TimeCondition.GTC,1783610628794572602,0.001,0.001,0.0
4194834854,2837957847,1783610628794752507,1783610628794763161,203,order,benchmark,True,0.0,0.0,,,mock,0.0,,1783610628794752507,InstrumentType.Spot,6947440129078264151,OrderType.Limit,Direction.Long,65000.54,277444704,Side.Sell,,OrderStatus.Submitted,65000.54,1653898000,BTC-USDT,TimeCondition.GTC,1783610628794752507,0.001,0.001,0.0
4194834854,2837957847,1783610628795051145,1783610628795053151,203,order,benchmark,True,0.0,0.0,,,mock,0.0,,1783610628795051145,InstrumentType.Spot,6947440129078264152,OrderType.Limit,Direction.Long,65000.35,277446480,Side.Buy,,OrderStatus.Submitted,65000.35,1653898000,BTC-USDT,TimeCondition.GTC,1783610628795051145,0.001,0.001,0.0
4194834854,2837957847,1783610628795342786,1783610628795344723,203,order,benchmark,True,0.0,0.0,,,mock,0.0,,1783610628795342786,InstrumentType.Spot,6947440129078264153,OrderType.Limit,Direction.Long,65000.56,277448256,Side.Sell,,OrderStatus.Submitted,65000.56,1653898000,BTC-USDT,TimeCondition.GTC,1783610628795342786,0.001,0.001,0.0
4194834854,2837957847,1783610628795639058,1783610628795640971,203,order,benchmark,True,0.0,0.0,,,mock,0.0,,1783610628795639058,InstrumentType.Spot,6947440129078264154,OrderType.Limit,Direction.Long,65000.37,277450032,Side.Buy,,OrderStatus.Submitted,65000.37,1653898000,BTC-USDT,TimeCondition.GTC,1783610628795639058,0.001,0.001,0.0
4194834854,2837957847,1783610628795940692,1783610628795942587,203,order,benchmark,True,0.0,0.0,,,mock,0.0,,1783610628795940692,InstrumentType.Spot,6947440129078264155,OrderType.Limit,Direction.Long,65000.58,277451808,Side.Sell,,OrderStatus.Submitted,65000.58,1653898000,BTC-USDT,TimeCondition.GTC,1783610628795940692,0.001,0.001,0.0
4194834854,2837957847,1783610628796238190,1783610628796240000,203,order,benchmark,True,0.0,0.0,,,mock,0.0,,1783610628796238190,InstrumentType.Spot,6947440129078264156,OrderType.Limit,Direction.Long,65000.39,277453584,Side.Buy,,OrderStatus.Submitted,65000.39,1653898000,BTC-USDT,TimeCondition.GTC,1783610628796238190,0.001,0.001,0.0
4194834854,2837957847,1783610628796539446,1783610628796541473,203,order,benchmark,True,0.0,0.0,,,mock,0.0,,1783610628796539446,InstrumentType.Spot,6947440129078264157,OrderType.Limit,Direction.Long,65000.6,277455360,Side.Sell,,OrderStatus.Submitted,65000.6,1653898000,BTC-USDT,TimeCondition.GTC,1783610628796539446,0.001,0.001,0.0
4194834854,2837957847,1783610628796835567,1783610628796837363,203,order,benchmark,True,0.0,0.0,,,mock,0.0,,1783610628796835567,InstrumentType.Spot,6947440129078264158,OrderType.Limit,Direction.Long,65000.41,277457136,Side.Buy,,OrderStatus.Submitted,65000.41,1653898000,BTC-USDT,TimeCondition.GTC,1783610628796835567,0.001,0.001,0.0
4194834854,2837957847,1783610628797142545,1783610628797144545,203,order,benchmark,True,0.0,0.0,,,mock,0.0,,1783610628797142545,InstrumentType.Spot,6947440129078264159,OrderType.Limit,Direction.Long,65000.619999999995,277458912,Side.Sell,,OrderStatus.Submitted,65000.619999999995,1653898000,BTC-USDT,TimeCondition.GTC,1783610628797142545,0.001,0.001,0.0
4194834854,2837957847,1783610628797559727,1783610628797561705,203,order,benchmark,True,0.0,0.0,,,mock,0.0,,1783610628797559727,InstrumentType.Spot,6947440129078264160,OrderType.Limit,Direction.Long,65000.43,277460688,Side.Buy,,OrderStatus.Submitted,65000.43,1653898000,BTC-USDT,TimeCondition.GTC,1783610628797559727,0.001,0.001,0.0
4194834854,2837957847,1783610628797778889,1783610628797780832,203,order,benchmark,True,0.0,0.0,,,mock,0.0,,1783610628797778889,InstrumentType.Spot,6947440129078264161,OrderType.Limit,Direction.Long,65000.64,277383968,Side.Sell,,OrderStatus.Submitted,65000.64,1653898000,BTC-USDT,TimeCondition.GTC,1783610628797778889,0.001,0.001,0.0
4194834854,2837957847,1783610628798135966,1783610628798137687,203,order,benchmark,True,0.0,0.0,,,mock,0.0,,1783610628798135966,InstrumentType.Spot,6947440129078264162,OrderType.Limit,Direction.Long,65000.450000000004,277385744,Side.Buy,,OrderStatus.Submitted,65000.450000000004,1653898000,BTC-USDT,TimeCondition.GTC,1783610628798135966,0.001,0.001,0.0
4194834854,2837957847,1783610628798325396,1783610628798327812,203,order,benchmark,True,0.0,0.0,,,mock,0.0,,1783610628798325396,InstrumentType.Spot,6947440129078264163,OrderType.Limit,Direction.Long,65000.659999999996,277466432,Side.Sell,,OrderStatus.Submitted,65000.659999999996,1653898000,BTC-USDT,TimeCondition.GTC,1783610628798325396,0.001,0.001,0.0
4194834854,2837957847,1783610628798766935,1783610628798776801,203,order,benchmark,True,0.0,0.0,,,mock,0.0,,1783610628798766935,InstrumentType.Spot,6947440129078264164,OrderType.Limit,Direction.Long,65000.47,277468176,Side.Buy,,OrderStatus.Submitted,65000.47,1653898000,BTC-USDT,TimeCondition.GTC,1783610628798766935,0.001,0.001,0.0
4194834854,2837957847,1783610628799001758,1783610628799004359,203,order,benchmark,True,0.0,0.0,,,mock,0.0,,1783610628799001758,InstrumentType.Spot,6947440129078264165,OrderType.Limit,Direction.Long,65000.68,277469952,Side.Sell,,OrderStatus.Submitted,65000.68,1653898000,BTC-USDT,TimeCondition.GTC,1783610628799001758,0.001,0.001,0.0
4194834854,2837957847,1783610628799227470,1783610628799229184,203,order,benchmark,True,0.0,0.0,,,mock,0.0,,1783610628799227470,InstrumentType.Spot,6947440129078264166,OrderType.Limit,Direction.Long,65000.49,277471728,Side.Buy,,OrderStatus.Submitted,65000.49,1653898000,BTC-USDT,TimeCondition.GTC,1783610628799227470,0.001,0.001,0.0
4194834854,2837957847,1783610628799538534,1783610628799540191,203,order,benchmark,True,0.0,0.0,,,mock,0.0,,1783610628799538534,InstrumentType.Spot,6947440129078264167,OrderType.Limit,Direction.Long,65000.7,277473504,Side.Sell,,OrderStatus.Submitted,65000.7,1653898000,BTC-USDT,TimeCondition.GTC,1783610628799538534,0.001,0.001,0.0
4194834854,2837957847,1783610628799838102,1783610628799839806,203,order,benchmark,True,0.0,0.0,,,mock,0.0,,1783610628799838102,InstrumentType.Spot,6947440129078264168,OrderType.Limit,Direction.Long,65000.51,277475280,Side.Buy,,OrderStatus.Submitted,65000.51,1653898000,BTC-USDT,TimeCondition.GTC,1783610628799838102,0.001,0.001,0.0
4194834854,2837957847,1783610628800142783,1783610628800144680,203,order,benchmark,True,0.0,0.0,,,mock,0.0,,1783610628800142783,InstrumentType.Spot,6947440129078264169,OrderType.Limit,Direction.Long,65000.72,277477056,Side.Sell,,OrderStatus.Submitted,65000.72,1653898000,BTC-USDT,TimeCondition.GTC,1783610628800142783,0.001,0.001,0.0
4194834854,2837957847,1783610628800557534,1783610628800559291,203,order,benchmark,True,0.0,0.0,,,mock,0.0,,1783610628800557534,InstrumentType.Spot,6947440129078264170,OrderType.Limit,Direction.Long,65000.53,277478832,Side.Buy,,OrderStatus.Submitted,65000.53,1653898000,BTC-USDT,TimeCondition.GTC,1783610628800557534,0.001,0.001,0.0
4194834854,2837957847,1783610628800768525,1783610628800770347,203,order,benchmark,True,0.0,0.0,,,mock,0.0,,1783610628800768525,InstrumentType.Spot,6947440129078264171,OrderType.Limit,Direction.Long,65000.74,277480608,Side.Sell,,OrderStatus.Submitted,65000.74,1653898000,BTC-USDT,TimeCondition.GTC,1783610628800768525,0.001,0.001,0.0
4194834854,2837957847,1783610628801157263,1783610628801159261,203,order,benchmark,True,0.0,0.0,,,mock,0.0,,1783610628801157263,InstrumentType.Spot,6947440129078264172,OrderType.Limit,Direction.Long,65000.55,277482384,Side.Buy,,OrderStatus.Submitted,65000.55,1653898000,BTC-USDT,TimeCondition.GTC,1783610628801157263,0.001,0.001,0.0
4194834854,2837957847,1783610628801365356,1783610628801367320,203,order,benchmark,True,0.0,0.0,,,mock,0.0,,1783610628801365356,InstrumentType.Spot,6947440129078264173,OrderType.Limit,Direction.Long,65000.76,277484160,Side.Sell,,OrderStatus.Submitted,65000.76,1653898000,BTC-USDT,TimeCondition.GTC,1783610628801365356,0.001,0.001,0.0
4194834854,2837957847,1783610628801647915,1783610628801649696,203,order,benchmark,True,0.0,0.0,,,mock,0.0,,1783610628801647915,InstrumentType.Spot,6947440129078264174,OrderType.Limit,Direction.Long,65000.57,277485936,Side.Buy,,OrderStatus.Submitted,65000.57,1653898000,BTC-USDT,TimeCondition.GTC,1783610628801647915,0.001,0.001,0.0
4194834854,2837957847,1783610628801948722,1783610628801950782,203,order,benchmark,True,0.0,0.0,,,mock,0.0,,1783610628801948722,InstrumentType.Spot,6947440129078264175,OrderType.Limit,Direction.Long,65000.78,277487712,Side.Sell,,OrderStatus.Submitted,65000.78,1653898000,BTC-USDT,TimeCondition.GTC,1783610628801948722,0.001,0.001,0.0
4194834854,2837957847,1783610628802250521,1783610628802252519,203,order,benchmark,True,0.0,0.0,,,mock,0.0,,1783610628802250521,InstrumentType.Spot,6947440129078264176,OrderType.Limit,Direction.Long,65000.590000000004,277489488,Side.Buy,,OrderStatus.Submitted,65000.590000000004,1653898000,BTC-USDT,TimeCondition.GTC,1783610628802250521,0.001,0.001,0.0
4194834854,2837957847,1783610628802560067,1783610628802571597,203,order,benchmark,True,0.0,0.0,,,mock,0.0,,1783610628802560067,InstrumentType.Spot,6947440129078264177,OrderType.Limit,Direction.Long,65000.799999999996,277491264,Side.Sell,,OrderStatus.Submitted,65000.799999999996,1653898000,BTC-USDT,TimeCondition.GTC,1783610628802560067,0.001,0.001,0.0
4194834854,2837957847,1783610628802774663,1783610628802777644,203,order,benchmark,True,0.0,0.0,,,mock,0.0,,1783610628802774663,InstrumentType.Spot,6947440129078264178,OrderType.Limit,Direction.Long,65000.61,277493040,Side.Buy,,OrderStatus.Submitted,65000.61,1653898000,BTC-USDT,TimeCondition.GTC,1783610628802774663,0.001,0.001,0.0
4194834854,2837957847,1783610628803156096,1783610628803158223,203,order,benchmark,True,0.0,0.0,,,mock,0.0,,1783610628803156096,InstrumentType.Spot,6947440129078264179,OrderType.Limit,Direction.Long,65000.82,277494816,Side.Sell,,OrderStatus.Submitted,65000.82,1653898000,BTC-USDT,TimeCondition.GTC,1783610628803156096,0.001,0.001,0.0
4194834854,2837957847,1783610628803461781,1783610628803464011,203,order,benchmark,True,0.0,0.0,,,mock,0.0,,1783610628803461781,InstrumentType.Spot,6947440129078264180,OrderType.Limit,Direction.Long,65000.630000000005,277496592,Side.Buy,,OrderStatus.Submitted,65000.630000000005,1653898000,BTC-USDT,TimeCondition.GTC,1783610628803461781,0.001,0.001,0.0
4194834854,2837957847,1783610628803757630,1783610628803759756,203,order,benchmark,True,0.0,0.0,,,mock,0.0,,1783610628803757630,InstrumentType.Spot,6947440129078264181,OrderType.Limit,Direction.Long,65000.84,277498368,Side.Sell,,OrderStatus.Submitted,65000.84,1653898000,BTC-USDT,TimeCondition.GTC,1783610628803757630,0.001,0.001,0.0
4194834854,2837957847,1783610628804061654,1783610628804063992,203,order,benchmark,True,0.0,0.0,,,mock,0.0,,1783610628804061654,InstrumentType.Spot,6947440129078264182,OrderType.Limit,Direction.Long,65000.65,277500144,Side.Buy,,OrderStatus.Submitted,65000.65,1653898000,BTC-USDT,TimeCondition.GTC,1783610628804061654,0.001,0.001,0.0
4194834854,2837957847,1783610628804358678,1783610628804360869,203,order,benchmark,True,0.0,0.0,,,mock,0.0,,1783610628804358678,InstrumentType.Spot,6947440129078264183,OrderType.Limit,Direction.Long,65000.86,277501920,Side.Sell,,OrderStatus.Submitted,65000.86,1653898000,BTC-USDT,TimeCondition.GTC,1783610628804358678,0.001,0.001,0.0
4194834854,2837957847,1783610628804780650,1783610628804792129,203,order,benchmark,True,0.0,0.0,,,mock,0.0,,1783610628804780650,InstrumentType.Spot,6947440129078264184,OrderType.Limit,Direction.Long,65000.67,277503696,Side.Buy,,OrderStatus.Submitted,65000.67,1653898000,BTC-USDT,TimeCondition.GTC,1783610628804780650,0.001,0.001,0.0
4194834854,2837957847,1783610628805063436,1783610628805066593,203,order,benchmark,True,0.0,0.0,,,mock,0.0,,1783610628805063436,InstrumentType.Spot,6947440129078264185,OrderType.Limit,Direction.Long,65000.88,277505472,Side.Sell,,OrderStatus.Submitted,65000.88,1653898000,BTC-USDT,TimeCondition.GTC,1783610628805063436,0.001,0.001,0.0
4194834854,2837957847,1783610628805464784,1783610628805467623,203,order,benchmark,True,0.0,0.0,,,mock,0.0,,1783610628805464784,InstrumentType.Spot,6947440129078264186,OrderType.Limit,Direction.Long,65000.69,277507248,Side.Buy,,OrderStatus.Submitted,65000.69,1653898000,BTC-USDT,TimeCondition.GTC,1783610628805464784,0.001,0.001,0.0
4194834854,2837957847,1783610628805486817,1783610628805489133,203,order,benchmark,True,0.0,0.0,,,mock,0.0,,1783610628805486817,InstrumentType.Spot,6947440129078264187,OrderType.Limit,Direction.Long,65000.9,277508992,Side.Sell,,OrderStatus.Submitted,65000.9,1653898000,BTC-USDT,TimeCondition.GTC,1783610628805486817,0.001,0.001,0.0
4194834854,2837957847,1783610628805839280,1783610628805841688,203,order,benchmark,True,0.0,0.0,,,mock,0.0,,1783610628805839280,InstrumentType.Spot,6947440129078264188,OrderType.Limit,Direction.Long,65000.71,277510800,Side.Buy,,OrderStatus.Submitted,65000.71,1653898000,BTC-USDT,TimeCondition.GTC,1783610628805839280,0.001,0.001,0.0
4194834854,2837957847,1783610628806150368,1783610628806152396,203,order,benchmark,True,0.0,0.0,,,mock,0.0,,1783610628806150368,InstrumentType.Spot,6947440129078264189,OrderType.Limit,Direction.Long,65000.92,277512576,Side.Sell,,OrderStatus.Submitted,65000.92,1653898000,BTC-USDT,TimeCondition.GTC,1783610628806150368,0.001,0.001,0.0
4194834854,2837957847,1783610628806440223,1783610628806449818,203,order,benchmark,True,0.0,0.0,,,mock,0.0,,1783610628806440223,InstrumentType.Spot,6947440129078264190,OrderType.Limit,Direction.Long,65000.73,277514352,Side.Buy,,OrderStatus.Submitted,65000.73,1653898000,BTC-USDT,TimeCondition.GTC,1783610628806440223,0.001,0.001,0.0
4194834854,2837957847,1783610628806739193,1783610628806740983,203,order,benchmark,True,0.0,0.0,,,mock,0.0,,1783610628806739193,InstrumentType.Spot,6947440129078264191,OrderType.Limit,Direction.Long,65000.939999999995,277516128,Side.Sell,,OrderStatus.Submitted,65000.939999999995,1653898000,BTC-USDT,TimeCondition.GTC,1783610628806739193,0.001,0.001,0.0
4194834854,2837957847,1783610628807200065,1783610628807204470,203,order,benchmark,True,0.0,0.0,,,mock,0.0,,1783610628807200065,InstrumentType.Spot,6947440129078264192,OrderType.Limit,Direction.Long,65000.75,277517904,Side.Buy,,OrderStatus.Submitted,65000.75,1653898000,BTC-USDT,TimeCondition.GTC,1783610628807200065,0.001,0.001,0.0
4194834854,2837957847,1783610628807411164,1783610628807413169,203,order,benchmark,True,0.0,0.0,,,mock,0.0,,1783610628807411164,InstrumentType.Spot,6947440129078264193,OrderType.Limit,Direction.Long,65000.96,277519680,Side.Sell,,OrderStatus.Submitted,65000.96,1653898000,BTC-USDT,TimeCondition.GTC,1783610628807411164,0.001,0.001,0.0
4194834854,2837957847,1783610628807645422,1783610628807647390,203,order,benchmark,True,0.0,0.0,,,mock,0.0,,1783610628807645422,InstrumentType.Spot,6947440129078264194,OrderType.Limit,Direction.Long,65000.770000000004,277521456,Side.Buy,,OrderStatus.Submitted,65000.770000000004,1653898000,BTC-USDT,TimeCondition.GTC,1783610628807645422,0.001,0.001,0.0
4194834854,2837957847,1783610628807944382,1783610628807946455,203,order,benchmark,True,0.0,0.0,,,mock,0.0,,1783610628807944382,InstrumentType.Spot,6947440129078264195,OrderType.Limit,Direction.Long,65000.979999999996,277523232,Side.Sell,,OrderStatus.Submitted,65000.979999999996,1653898000,BTC-USDT,TimeCondition.GTC,1783610628807944382,0.001,0.001,0.0
4194834854,2837957847,1783610628808244809,1783610628808246613,203,order,benchmark,True,0.0,0.0,,,mock,0.0,,1783610628808244809,InstrumentType.Spot,6947440129078264196,OrderType.Limit,Direction.Long,65000.79,277525008,Side.Buy,,OrderStatus.Submitted,65000.79,1653898000,BTC-USDT,TimeCondition.GTC,1783610628808244809,0.001,0.001,0.0
4194834854,2837957847,1783610628808548041,1783610628808550035,203,order,benchmark,True,0.0,0.0,,,mock,0.0,,1783610628808548041,InstrumentType.Spot,6947440129078264197,OrderType.Limit,Direction.Long,65001.0,277526784,Side.Sell,,OrderStatus.Submitted,65001.0,1653898000,BTC-USDT,TimeCondition.GTC,1783610628808548041,0.001,0.001,0.0
4194834854,2837957847,1783610628808842723,1783610628808844586,203,order,benchmark,True,0.0,0.0,,,mock,0.0,,1783610628808842723,InstrumentType.Spot,6947440129078264198,OrderType.Limit,Direction.Long,65000.810000000005,277528560,Side.Buy,,OrderStatus.Submitted,65000.810000000005,1653898000,BTC-USDT,TimeCondition.GTC,1783610628808842723,0.001,0.001,0.0
4194834854,2837957847,1783610628809161560,1783610628809163587,203,order,benchmark,True,0.0,0.0,,,mock,0.0,,1783610628809161560,InstrumentType.Spot,6947440129078264199,OrderType.Limit,Direction.Long,65001.02,277530336,Side.Sell,,OrderStatus.Submitted,65001.02,1653898000,BTC-USDT,TimeCondition.GTC,1783610628809161560,0.001,0.001,0.0
4194834854,2837957847,1783610628809753419,1783610628809755631,203,order,benchmark,True,0.0,0.0,,,mock,0.0,,1783610628809753419,InstrumentType.Spot,6947440129078264200,OrderType.Limit,Direction.Long,65000.83,277532112,Side.Buy,,OrderStatus.Submitted,65000.83,1653898000,BTC-USDT,TimeCondition.GTC,1783610628809753419,0.001,0.001,0.0
4194834854,2837957847,1783610628809856076,1783610628809857921,203,order,benchmark,True,0.0,0.0,,,mock,0.0,,1783610628809856076,InstrumentType.Spot,6947440129078264201,OrderType.Limit,Direction.Long,65001.04,277533888,Side.Sell,,OrderStatus.Submitted,65001.04,1653898000,BTC-USDT,TimeCondition.GTC,1783610628809856076,0.001,0.001,0.0
4194834854,2837957847,1783610628810033664,1783610628810035613,203,order,benchmark,True,0.0,0.0,,,mock,0.0,,1783610628810033664,InstrumentType.Spot,6947440129078264202,OrderType.Limit,Direction.Long,65000.85,277535664,Side.Buy,,OrderStatus.Submitted,65000.85,1653898000,BTC-USDT,TimeCondition.GTC,1783610628810033664,0.001,0.001,0.0
4194834854,2837957847,1783610628810349099,1783610628810351888,203,order,benchmark,True,0.0,0.0,,,mock,0.0,,1783610628810349099,InstrumentType.Spot,6947440129078264203,OrderType.Limit,Direction.Long,65001.06,277537440,Side.Sell,,OrderStatus.Submitted,65001.06,1653898000,BTC-USDT,TimeCondition.GTC,1783610628810349099,0.001,0.001,0.0
4194834854,2837957847,1783610628810646604,1783610628810660419,203,order,benchmark,True,0.0,0.0,,,mock,0.0,,1783610628810646604,InstrumentType.Spot,6947440129078264204,OrderType.Limit,Direction.Long,65000.87,277539216,Side.Buy,,OrderStatus.Submitted,65000.87,1653898000,BTC-USDT,TimeCondition.GTC,1783610628810646604,0.001,0.001,0.0
4194834854,2837957847,1783610628811054107,1783610628811056475,203,order,benchmark,True,0.0,0.0,,,mock,0.0,,1783610628811054107,InstrumentType.Spot,6947440129078264205,OrderType.Limit,Direction.Long,65001.08,277540992,Side.Sell,,OrderStatus.Submitted,65001.08,1653898000,BTC-USDT,TimeCondition.GTC,1783610628811054107,0.001,0.001,0.0
4194834854,2837957847,1783610628811270001,1783610628811272244,203,order,benchmark,True,0.0,0.0,,,mock,0.0,,1783610628811270001,InstrumentType.Spot,6947440129078264206,OrderType.Limit,Direction.Long,65000.89,277542768,Side.Buy,,OrderStatus.Submitted,65000.89,1653898000,BTC-USDT,TimeCondition.GTC,1783610628811270001,0.001,0.001,0.0
4194834854,2837957847,1783610628811650909,1783610628811653013,203,order,benchmark,True,0.0,0.0,,,mock,0.0,,1783610628811650909,InstrumentType.Spot,6947440129078264207,OrderType.Limit,Direction.Long,65000.1,277544544,Side.Sell,,OrderStatus.Submitted,65000.1,1653898000,BTC-USDT,TimeCondition.GTC,1783610628811650909,0.001,0.001,0.0
4194834854,2837957847,1783610628811863317,1783610628811865344,203,order,benchmark,True,0.0,0.0,,,mock,0.0,,1783610628811863317,InstrumentType.Spot,6947440129078264208,OrderType.Limit,Direction.Long,64999.91,277546320,Side.Buy,,OrderStatus.Submitted,64999.91,1653898000,BTC-USDT,TimeCondition.GTC,1783610628811863317,0.001,0.001,0.0
4194834854,2837957847,1783610628812145869,1783610628812147846,203,order,benchmark,True,0.0,0.0,,,mock,0.0,,1783610628812145869,InstrumentType.Spot,6947440129078264209,OrderType.Limit,Direction.Long,65000.119999999995,277462464,Side.Sell,,OrderStatus.Submitted,65000.119999999995,1653898000,BTC-USDT,TimeCondition.GTC,1783610628812145869,0.001,0.001,0.0
4194834854,2837957847,1783610628812436063,1783610628812438005,203,order,benchmark,True,0.0,0.0,,,mock,0.0,,1783610628812436063,InstrumentType.Spot,6947440129078264210,OrderType.Limit,Direction.Long,64999.93,277464240,Side.Buy,,OrderStatus.Submitted,64999.93,1653898000,BTC-USDT,TimeCondition.GTC,1783610628812436063,0.001,0.001,0.0
4194834854,2837957847,1783610628812731939,1783610628812733921,203,order,benchmark,True,0.0,0.0,,,mock,0.0,,1783610628812731939,InstrumentType.Spot,6947440129078264211,OrderType.Limit,Direction.Long,65000.14,277465232,Side.Sell,,OrderStatus.Submitted,65000.14,1653898000,BTC-USDT,TimeCondition.GTC,1783610628812731939,0.001,0.001,0.0
4194834854,2837957847,1783610628813047964,1783610628813049976,203,order,benchmark,True,0.0,0.0,,,mock,0.0,,1783610628813047964,InstrumentType.Spot,6947440129078264212,OrderType.Limit,Direction.Long,64999.950000000004,277553888,Side.Buy,,OrderStatus.Submitted,64999.950000000004,1653898000,BTC-USDT,TimeCondition.GTC,1783610628813047964,0.001,0.001,0.0
4194834854,2837957847,1783610628813336548,1783610628813338389,203,order,benchmark,True,0.0,0.0,,,mock,0.0,,1783610628813336548,InstrumentType.Spot,6947440129078264213,OrderType.Limit,Direction.Long,65000.159999999996,277555664,Side.Sell,,OrderStatus.Submitted,65000.159999999996,1653898000,BTC-USDT,TimeCondition.GTC,1783610628813336548,0.001,0.001,0.0
4194834854,2837957847,1783610628813640999,1783610628813642934,203,order,benchmark,True,0.0,0.0,,,mock,0.0,,1783610628813640999,InstrumentType.Spot,6947440129078264214,OrderType.Limit,Direction.Long,64999.97,277557440,Side.Buy,,OrderStatus.Submitted,64999.97,1653898000,BTC-USDT,TimeCondition.GTC,1783610628813640999,0.001,0.001,0.0
4194834854,2837957847,1783610628813939022,1783610628813940997,203,order,benchmark,True,0.0,0.0,,,mock,0.0,,1783610628813939022,InstrumentType.Spot,6947440129078264215,OrderType.Limit,Direction.Long,65000.18,277559216,Side.Sell,,OrderStatus.Submitted,65000.18,1653898000,BTC-USDT,TimeCondition.GTC,1783610628813939022,0.001,0.001,0.0
4194834854,2837957847,1783610628814239160,1783610628814240972,203,order,benchmark,True,0.0,0.0,,,mock,0.0,,1783610628814239160,InstrumentType.Spot,6947440129078264216,OrderType.Limit,Direction.Long,64999.99,277560992,Side.Buy,,OrderStatus.Submitted,64999.99,1653898000,BTC-USDT,TimeCondition.GTC,1783610628814239160,0.001,0.001,0.0
4194834854,2837957847,1783610628814539661,1783610628814548608,203,order,benchmark,True,0.0,0.0,,,mock,0.0,,1783610628814539661,InstrumentType.Spot,6947440129078264217,OrderType.Limit,Direction.Long,65000.2,277562768,Side.Sell,,OrderStatus.Submitted,65000.2,1653898000,BTC-USDT,TimeCondition.GTC,1783610628814539661,0.001,0.001,0.0
4194834854,2837957847,1783610628814844904,1783610628814846744,203,order,benchmark,True,0.0,0.0,,,mock,0.0,,1783610628814844904,InstrumentType.Spot,6947440129078264218,OrderType.Limit,Direction.Long,65000.01,277564544,Side.Buy,,OrderStatus.Submitted,65000.01,1653898000,BTC-USDT,TimeCondition.GTC,1783610628814844904,0.001,0.001,0.0
4194834854,2837957847,1783610628815139295,1783610628815141097,203,order,benchmark,True,0.0,0.0,,,mock,0.0,,1783610628815139295,InstrumentType.Spot,6947440129078264219,OrderType.Limit,Direction.Long,65000.22,277566320,Side.Sell,,OrderStatus.Submitted,65000.22,1653898000,BTC-USDT,TimeCondition.GTC,1783610628815139295,0.001,0.001,0.0
4194834854,2837957847,1783610628815440028,1783610628815441954,203,order,benchmark,True,0.0,0.0,,,mock,0.0,,1783610628815440028,InstrumentType.Spot,6947440129078264220,OrderType.Limit,Direction.Long,65000.03,277568096,Side.Buy,,OrderStatus.Submitted,65000.03,1653898000,BTC-USDT,TimeCondition.GTC,1783610628815440028,0.001,0.001,0.0
4194834854,2837957847,1783610628815739882,1783610628815741897,203,order,benchmark,True,0.0,0.0,,,mock,0.0,,1783610628815739882,InstrumentType.Spot,6947440129078264221,OrderType.Limit,Direction.Long,65000.24,277569872,Side.Sell,,OrderStatus.Submitted,65000.24,1653898000,BTC-USDT,TimeCondition.GTC,1783610628815739882,0.001,0.001,0.0
4194834854,2837957847,1783610628816076405,1783610628816078642,203,order,benchmark,True,0.0,0.0,,,mock,0.0,,1783610628816076405,InstrumentType.Spot,6947440129078264222,OrderType.Limit,Direction.Long,65000.05,277571648,Side.Buy,,OrderStatus.Submitted,65000.05,1653898000,BTC-USDT,TimeCondition.GTC,1783610628816076405,0.001,0.001,0.0
4194834854,2837957847,1783610628816602972,1783610628816605058,203,order,benchmark,True,0.0,0.0,,,mock,0.0,,1783610628816602972,InstrumentType.Spot,6947440129078264223,OrderType.Limit,Direction.Long,65000.26,277573424,Side.Sell,,OrderStatus.Submitted,65000.26,1653898000,BTC-USDT,TimeCondition.GTC,1783610628816602972,0.001,0.001,0.0
4194834854,2837957847,1783610628816618582,1783610628816619925,203,order,benchmark,True,0.0,0.0,,,mock,0.0,,1783610628816618582,InstrumentType.Spot,6947440129078264224,OrderType.Limit,Direction.Long,65000.07,277575168,Side.Buy,,OrderStatus.Submitted,65000.07,1653898000,BTC-USDT,TimeCondition.GTC,1783610628816618582,0.001,0.001,0.0
4194834854,2837957847,1783610628816940546,1783610628816942249,203,order,benchmark,True,0.0,0.0,,,mock,0.0,,1783610628816940546,InstrumentType.Spot,6947440129078264225,OrderType.Limit,Direction.Long,65000.28,277576976,Side.Sell,,OrderStatus.Submitted,65000.28,1653898000,BTC-USDT,TimeCondition.GTC,1783610628816940546,0.001,0.001,0.0
4194834854,2837957847,1783610628817238759,1783610628817240550,203,order,benchmark,True,0.0,0.0,,,mock,0.0,,1783610628817238759,InstrumentType.Spot,6947440129078264226,OrderType.Limit,Direction.Long,65000.090000000004,277578752,Side.Buy,,OrderStatus.Submitted,65000.090000000004,1653898000,BTC-USDT,TimeCondition.GTC,1783610628817238759,0.001,0.001,0.0
4194834854,2837957847,1783610628817544276,1783610628817546205,203,order,benchmark,True,0.0,0.0,,,mock,0.0,,1783610628817544276,InstrumentType.Spot,6947440129078264227,OrderType.Limit,Direction.Long,65000.299999999996,277580528,Side.Sell,,OrderStatus.Submitted,65000.299999999996,1653898000,BTC-USDT,TimeCondition.GTC,1783610628817544276,0.001,0.001,0.0
4194834854,2837957847,1783610628817840489,1783610628817842341,203,order,benchmark,True,0.0,0.0,,,mock,0.0,,1783610628817840489,InstrumentType.Spot,6947440129078264228,OrderType.Limit,Direction.Long,65000.11,277582304,Side.Buy,,OrderStatus.Submitted,65000.11,1653898000,BTC-USDT,TimeCondition.GTC,1783610628817840489,0.001,0.001,0.0
4194834854,2837957847,1783610628818140294,1783610628818142254,203,order,benchmark,True,0.0,0.0,,,mock,0.0,,1783610628818140294,InstrumentType.Spot,6947440129078264229,OrderType.Limit,Direction.Long,65000.32,277584080,Side.Sell,,OrderStatus.Submitted,65000.32,1653898000,BTC-USDT,TimeCondition.GTC,1783610628818140294,0.001,0.001,0.0
4194834854,2837957847,1783610628818440039,1783610628818536040,203,order,benchmark,True,0.0,0.0,,,mock,0.0,,1783610628818440039,InstrumentType.Spot,6947440129078264230,OrderType.Limit,Direction.Long,65000.130000000005,277585856,Side.Buy,,OrderStatus.Submitted,65000.130000000005,1653898000,BTC-USDT,TimeCondition.GTC,1783610628818440039,0.001,0.001,0.0
4194834854,2837957847,1783610628818768700,1783610628818770841,203,order,benchmark,True,0.0,0.0,,,mock,0.0,,1783610628818768700,InstrumentType.Spot,6947440129078264231,OrderType.Limit,Direction.Long,65000.34,277587632,Side.Sell,,OrderStatus.Submitted,65000.34,1653898000,BTC-USDT,TimeCondition.GTC,1783610628818768700,0.001,0.001,0.0
4194834854,2837957847,1783610628819042199,1783610628819043939,203,order,benchmark,True,0.0,0.0,,,mock,0.0,,1783610628819042199,InstrumentType.Spot,6947440129078264232,OrderType.Limit,Direction.Long,65000.15,277589408,Side.Buy,,OrderStatus.Submitted,65000.15,1653898000,BTC-USDT,TimeCondition.GTC,1783610628819042199,0.001,0.001,0.0
4194834854,2837957847,1783610628819342675,1783610628819344641,203,order,benchmark,True,0.0,0.0,,,mock,0.0,,1783610628819342675,InstrumentType.Spot,6947440129078264233,OrderType.Limit,Direction.Long,65000.36,277591184,Side.Sell,,OrderStatus.Submitted,65000.36,1653898000,BTC-USDT,TimeCondition.GTC,1783610628819342675,0.001,0.001,0.0
4194834854,2837957847,1783610628819637957,1783610628819639568,203,order,benchmark,True,0.0,0.0,,,mock,0.0,,1783610628819637957,InstrumentType.Spot,6947440129078264234,OrderType.Limit,Direction.Long,65000.17,277592960,Side.Buy,,OrderStatus.Submitted,65000.17,1653898000,BTC-USDT,TimeCondition.GTC,1783610628819637957,0.001,0.001,0.0
4194834854,2837957847,1783610628819940021,1783610628819941854,203,order,benchmark,True,0.0,0.0,,,mock,0.0,,1783610628819940021,InstrumentType.Spot,6947440129078264235,OrderType.Limit,Direction.Long,65000.38,277594736,Side.Sell,,OrderStatus.Submitted,65000.38,1653898000,BTC-USDT,TimeCondition.GTC,1783610628819940021,0.001,0.001,0.0
4194834854,2837957847,1783610628820239040,1783610628820240831,203,order,benchmark,True,0.0,0.0,,,mock,0.0,,1783610628820239040,InstrumentType.Spot,6947440129078264236,OrderType.Limit,Direction.Long,65000.19,277596512,Side.Buy,,OrderStatus.Submitted,65000.19,1653898000,BTC-USDT,TimeCondition.GTC,1783610628820239040,0.001,0.001,0.0
4194834854,2837957847,1783610628820546380,1783610628820548318,203,order,benchmark,True,0.0,0.0,,,mock,0.0,,1783610628820546380,InstrumentType.Spot,6947440129078264237,OrderType.Limit,Direction.Long,65000.4,277598288,Side.Sell,,OrderStatus.Submitted,65000.4,1653898000,BTC-USDT,TimeCondition.GTC,1783610628820546380,0.001,0.001,0.0
4194834854,2837957847,1783610628820837759,1783610628820839367,203,order,benchmark,True,0.0,0.0,,,mock,0.0,,1783610628820837759,InstrumentType.Spot,6947440129078264238,OrderType.Limit,Direction.Long,65000.21,277600064,Side.Buy,,OrderStatus.Submitted,65000.21,1653898000,BTC-USDT,TimeCondition.GTC,1783610628820837759,0.001,0.001,0.0
4194834854,2837957847,1783610628821291406,1783610628821294074,203,order,benchmark,True,0.0,0.0,,,mock,0.0,,1783610628821291406,InstrumentType.Spot,6947440129078264239,OrderType.Limit,Direction.Long,65000.42,277601840,Side.Sell,,OrderStatus.Submitted,65000.42,1653898000,BTC-USDT,TimeCondition.GTC,1783610628821291406,0.001,0.001,0.0
4194834854,2837957847,1783610628821675215,1783610628821677718,203,order,benchmark,True,0.0,0.0,,,mock,0.0,,1783610628821675215,InstrumentType.Spot,6947440129078264240,OrderType.Limit,Direction.Long,65000.23,277603616,Side.Buy,,OrderStatus.Submitted,65000.23,1653898000,BTC-USDT,TimeCondition.GTC,1783610628821675215,0.001,0.001,0.0
4194834854,2837957847,1783610628821977071,1783610628821979905,203,order,benchmark,True,0.0,0.0,,,mock,0.0,,1783610628821977071,InstrumentType.Spot,6947440129078264241,OrderType.Limit,Direction.Long,65000.439999999995,277605392,Side.Sell,,OrderStatus.Submitted,65000.439999999995,1653898000,BTC-USDT,TimeCondition.GTC,1783610628821977071,0.001,0.001,0.0
4194834854,2837957847,1783610628822002648,1783610628822005019,203,order,benchmark,True,0.0,0.0,,,mock,0.0,,1783610628822002648,InstrumentType.Spot,6947440129078264242,OrderType.Limit,Direction.Long,65000.25,277607136,Side.Buy,,OrderStatus.Submitted,65000.25,1653898000,BTC-USDT,TimeCondition.GTC,1783610628822002648,0.001,0.001,0.0
4194834854,2837957847,1783610628822547381,1783610628822561288,203,order,benchmark,True,0.0,0.0,,,mock,0.0,,1783610628822547381,InstrumentType.Spot,6947440129078264243,OrderType.Limit,Direction.Long,65000.46,277608944,Side.Sell,,OrderStatus.Submitted,65000.46,1653898000,BTC-USDT,TimeCondition.GTC,1783610628822547381,0.001,0.001,0.0
4194834854,2837957847,1783610628822650915,1783610628822652656,203,order,benchmark,True,0.0,0.0,,,mock,0.0,,1783610628822650915,InstrumentType.Spot,6947440129078264244,OrderType.Limit,Direction.Long,65000.270000000004,277610720,Side.Buy,,OrderStatus.Submitted,65000.270000000004,1653898000,BTC-USDT,TimeCondition.GTC,1783610628822650915,0.001,0.001,0.0
4194834854,2837957847,1783610628822951197,1783610628822953014,203,order,benchmark,True,0.0,0.0,,,mock,0.0,,1783610628822951197,InstrumentType.Spot,6947440129078264245,OrderType.Limit,Direction.Long,65000.479999999996,277612496,Side.Sell,,OrderStatus.Submitted,65000.479999999996,1653898000,BTC-USDT,TimeCondition.GTC,1783610628822951197,0.001,0.001,0.0
4194834854,2837957847,1783610628823469666,1783610628823472313,203,order,benchmark,True,0.0,0.0,,,mock,0.0,,1783610628823469666,InstrumentType.Spot,6947440129078264246,OrderType.Limit,Direction.Long,65000.29,277614272,Side.Buy,,OrderStatus.Submitted,65000.29,1653898000,BTC-USDT,TimeCondition.GTC,1783610628823469666,0.001,0.001,0.0
4194834854,2837957847,1783610628823573597,1783610628823575356,203,order,benchmark,True,0.0,0.0,,,mock,0.0,,1783610628823573597,InstrumentType.Spot,6947440129078264247,OrderType.Limit,Direction.Long,65000.5,277616048,Side.Sell,,OrderStatus.Submitted,65000.5,1653898000,BTC-USDT,TimeCondition.GTC,1783610628823573597,0.001,0.001,0.0
4194834854,2837957847,1783610628823881508,1783610628823884084,203,order,benchmark,True,0.0,0.0,,,mock,0.0,,1783610628823881508,InstrumentType.Spot,6947440129078264248,OrderType.Limit,Direction.Long,65000.310000000005,277617824,Side.Buy,,OrderStatus.Submitted,65000.310000000005,1653898000,BTC-USDT,TimeCondition.GTC,1783610628823881508,0.001,0.001,0.0
4194834854,2837957847,1783610628824262536,1783610628824264774,203,order,benchmark,True,0.0,0.0,,,mock,0.0,,1783610628824262536,InstrumentType.Spot,6947440129078264249,OrderType.Limit,Direction.Long,65000.52,277619600,Side.Sell,,OrderStatus.Submitted,65000.52,1653898000,BTC-USDT,TimeCondition.GTC,1783610628824262536,0.001,0.001,0.0
4194834854,2837957847,1783610628824501870,1783610628824518243,203,order,benchmark,True,0.0,0.0,,,mock,0.0,,1783610628824501870,InstrumentType.Spot,6947440129078264250,OrderType.Limit,Direction.Long,65000.33,277621376,Side.Buy,,OrderStatus.Submitted,65000.33,1653898000,BTC-USDT,TimeCondition.GTC,1783610628824501870,0.001,0.001,0.0
4194834854,2837957847,1783610628824858821,1783610628824860615,203,order,benchmark,True,0.0,0.0,,,mock,0.0,,1783610628824858821,InstrumentType.Spot,6947440129078264251,OrderType.Limit,Direction.Long,65000.54,277623152,Side.Sell,,OrderStatus.Submitted,65000.54,1653898000,BTC-USDT,TimeCondition.GTC,1783610628824858821,0.001,0.001,0.0
4194834854,2837957847,1783610628825081306,1783610628825083193,203,order,benchmark,True,0.0,0.0,,,mock,0.0,,1783610628825081306,InstrumentType.Spot,6947440129078264252,OrderType.Limit,Direction.Long,65000.35,277624928,Side.Buy,,OrderStatus.Submitted,65000.35,1653898000,BTC-USDT,TimeCondition.GTC,1783610628825081306,0.001,0.001,0.0
4194834854,2837957847,1783610628825343287,1783610628825345084,203,order,benchmark,True,0.0,0.0,,,mock,0.0,,1783610628825343287,InstrumentType.Spot,6947440129078264253,OrderType.Limit,Direction.Long,65000.56,277626704,Side.Sell,,OrderStatus.Submitted,65000.56,1653898000,BTC-USDT,TimeCondition.GTC,1783610628825343287,0.001,0.001,0.0
4194834854,2837957847,1783610628825815253,1783610628825817855,203,order,benchmark,True,0.0,0.0,,,mock,0.0,,1783610628825815253,InstrumentType.Spot,6947440129078264254,OrderType.Limit,Direction.Long,65000.37,277628480,Side.Buy,,OrderStatus.Submitted,65000.37,1653898000,BTC-USDT,TimeCondition.GTC,1783610628825815253,0.001,0.001,0.0
4194834854,2837957847,1783610628826100393,1783610628826103089,203,order,benchmark,True,0.0,0.0,,,mock,0.0,,1783610628826100393,InstrumentType.Spot,6947440129078264255,OrderType.Limit,Direction.Long,65000.58,277630256,Side.Sell,,OrderStatus.Submitted,65000.58,1653898000,BTC-USDT,TimeCondition.GTC,1783610628826100393,0.001,0.001,0.0
4194834854,2837957847,1783610628826437301,1783610628826442630,203,order,benchmark,True,0.0,0.0,,,mock,0.0,,1783610628826437301,InstrumentType.Spot,6947440129078264256,OrderType.Limit,Direction.Long,65000.39,277632032,Side.Buy,,OrderStatus.Submitted,65000.39,1653898000,BTC-USDT,TimeCondition.GTC,1783610628826437301,0.001,0.001,0.0
4194834854,2837957847,1783610628826639385,1783610628826657953,203,order,benchmark,True,0.0,0.0,,,mock,0.0,,1783610628826639385,InstrumentType.Spot,6947440129078264257,OrderType.Limit,Direction.Long,65000.6,277633808,Side.Sell,,OrderStatus.Submitted,65000.6,1653898000,BTC-USDT,TimeCondition.GTC,1783610628826639385,0.001,0.001,0.0
4194834854,2837957847,1783610628826974407,1783610628826979386,203,order,benchmark,True,0.0,0.0,,,mock,0.0,,1783610628826974407,InstrumentType.Spot,6947440129078264258,OrderType.Limit,Direction.Long,65000.41,277635584,Side.Buy,,OrderStatus.Submitted,65000.41,1653898000,BTC-USDT,TimeCondition.GTC,1783610628826974407,0.001,0.001,0.0
4194834854,2837957847,1783610628827225911,1783610628827229154,203,order,benchmark,True,0.0,0.0,,,mock,0.0,,1783610628827225911,InstrumentType.Spot,6947440129078264259,OrderType.Limit,Direction.Long,65000.619999999995,277637360,Side.Sell,,OrderStatus.Submitted,65000.619999999995,1653898000,BTC-USDT,TimeCondition.GTC,1783610628827225911,0.001,0.001,0.0
4194834854,2837957847,1783610628827451226,1783610628827453071,203,order,benchmark,True,0.0,0.0,,,mock,0.0,,1783610628827451226,InstrumentType.Spot,6947440129078264260,OrderType.Limit,Direction.Long,65000.43,277639136,Side.Buy,,OrderStatus.Submitted,65000.43,1653898000,BTC-USDT,TimeCondition.GTC,1783610628827451226,0.001,0.001,0.0
4194834854,2837957847,1783610628827959510,1783610628827962167,203,order,benchmark,True,0.0,0.0,,,mock,0.0,,1783610628827959510,InstrumentType.Spot,6947440129078264261,OrderType.Limit,Direction.Long,65000.64,277640912,Side.Sell,,OrderStatus.Submitted,65000.64,1653898000,BTC-USDT,TimeCondition.GTC,1783610628827959510,0.001,0.001,0.0
4194834854,2837957847,1783610628828084189,1783610628828085969,203,order,benchmark,True,0.0,0.0,,,mock,0.0,,1783610628828084189,InstrumentType.Spot,6947440129078264262,OrderType.Limit,Direction.Long,65000.450000000004,277642688,Side.Buy,,OrderStatus.Submitted,65000.450000000004,1653898000,BTC-USDT,TimeCondition.GTC,1783610628828084189,0.001,0.001,0.0
4194834854,2837957847,1783610628828266446,1783610628828268836,203,order,benchmark,True,0.0,0.0,,,mock,0.0,,1783610628828266446,InstrumentType.Spot,6947440129078264263,OrderType.Limit,Direction.Long,65000.659999999996,277644464,Side.Sell,,OrderStatus.Submitted,65000.659999999996,1653898000,BTC-USDT,TimeCondition.GTC,1783610628828266446,0.001,0.001,0.0
4194834854,2837957847,1783610628828809640,1783610628828812224,203,order,benchmark,True,0.0,0.0,,,mock,0.0,,1783610628828809640,InstrumentType.Spot,6947440129078264264,OrderType.Limit,Direction.Long,65000.47,277646240,Side.Buy,,OrderStatus.Submitted,65000.47,1653898000,BTC-USDT,TimeCondition.GTC,1783610628828809640,0.001,0.001,0.0
4194834854,2837957847,1783610628829105602,1783610628829108252,203,order,benchmark,True,0.0,0.0,,,mock,0.0,,1783610628829105602,InstrumentType.Spot,6947440129078264265,OrderType.Limit,Direction.Long,65000.68,277548096,Side.Sell,,OrderStatus.Submitted,65000.68,1653898000,BTC-USDT,TimeCondition.GTC,1783610628829105602,0.001,0.001,0.0
4194834854,2837957847,1783610628829325232,1783610628829327028,203,order,benchmark,True,0.0,0.0,,,mock,0.0,,1783610628829325232,InstrumentType.Spot,6947440129078264266,OrderType.Limit,Direction.Long,65000.49,277549872,Side.Buy,,OrderStatus.Submitted,65000.49,1653898000,BTC-USDT,TimeCondition.GTC,1783610628829325232,0.001,0.001,0.0
4194834854,2837957847,1783610628829545835,1783610628829547440,203,order,benchmark,True,0.0,0.0,,,mock,0.0,,1783610628829545835,InstrumentType.Spot,6947440129078264267,OrderType.Limit,Direction.Long,65000.7,277652160,Side.Sell,,OrderStatus.Submitted,65000.7,1653898000,BTC-USDT,TimeCondition.GTC,1783610628829545835,0.001,0.001,0.0
4194834854,2837957847,1783610628830227269,1783610628830230839,203,order,benchmark,True,0.0,0.0,,,mock,0.0,,1783610628830227269,InstrumentType.Spot,6947440129078264268,OrderType.Limit,Direction.Long,65000.51,277653856,Side.Buy,,OrderStatus.Submitted,65000.51,1653898000,BTC-USDT,TimeCondition.GTC,1783610628830227269,0.001,0.001,0.0
4194834854,2837957847,1783610628830248513,1783610628830249785,203,order,benchmark,True,0.0,0.0,,,mock,0.0,,1783610628830248513,InstrumentType.Spot,6947440129078264269,OrderType.Limit,Direction.Long,65000.72,277655600,Side.Sell,,OrderStatus.Submitted,65000.72,1653898000,BTC-USDT,TimeCondition.GTC,1783610628830248513,0.001,0.001,0.0
4194834854,2837957847,1783610628830396554,1783610628830417140,203,order,benchmark,True,0.0,0.0,,,mock,0.0,,1783610628830396554,InstrumentType.Spot,6947440129078264270,OrderType.Limit,Direction.Long,65000.53,277657408,Side.Buy,,OrderStatus.Submitted,65000.53,1653898000,BTC-USDT,TimeCondition.GTC,1783610628830396554,0.001,0.001,0.0
4194834854,2837957847,1783610628830783052,1783610628830784795,203,order,benchmark,True,0.0,0.0,,,mock,0.0,,1783610628830783052,InstrumentType.Spot,6947440129078264271,OrderType.Limit,Direction.Long,65000.74,277659184,Side.Sell,,OrderStatus.Submitted,65000.74,1653898000,BTC-USDT,TimeCondition.GTC,1783610628830783052,0.001,0.001,0.0
4194834854,2837957847,1783610628831047901,1783610628831049604,203,order,benchmark,True,0.0,0.0,,,mock,0.0,,1783610628831047901,InstrumentType.Spot,6947440129078264272,OrderType.Limit,Direction.Long,65000.55,277660960,Side.Buy,,OrderStatus.Submitted,65000.55,1653898000,BTC-USDT,TimeCondition.GTC,1783610628831047901,0.001,0.001,0.0
4194834854,2837957847,1783610628831338345,1783610628831340002,203,order,benchmark,True,0.0,0.0,,,mock,0.0,,1783610628831338345,InstrumentType.Spot,6947440129078264273,OrderType.Limit,Direction.Long,65000.76,277662736,Side.Sell,,OrderStatus.Submitted,65000.76,1653898000,BTC-USDT,TimeCondition.GTC,1783610628831338345,0.001,0.001,0.0
4194834854,2837957847,1783610628831797595,1783610628831800234,203,order,benchmark,True,0.0,0.0,,,mock,0.0,,1783610628831797595,InstrumentType.Spot,6947440129078264274,OrderType.Limit,Direction.Long,65000.57,277664512,Side.Buy,,OrderStatus.Submitted,65000.57,1653898000,BTC-USDT,TimeCondition.GTC,1783610628831797595,0.001,0.001,0.0
4194834854,2837957847,1783610628832009221,1783610628832011388,203,order,benchmark,True,0.0,0.0,,,mock,0.0,,1783610628832009221,InstrumentType.Spot,6947440129078264275,OrderType.Limit,Direction.Long,65000.78,277666288,Side.Sell,,OrderStatus.Submitted,65000.78,1653898000,BTC-USDT,TimeCondition.GTC,1783610628832009221,0.001,0.001,0.0
4194834854,2837957847,1783610628832234078,1783610628832236560,203,order,benchmark,True,0.0,0.0,,,mock,0.0,,1783610628832234078,InstrumentType.Spot,6947440129078264276,OrderType.Limit,Direction.Long,65000.590000000004,277668064,Side.Buy,,OrderStatus.Submitted,65000.590000000004,1653898000,BTC-USDT,TimeCondition.GTC,1783610628832234078,0.001,0.001,0.0
4194834854,2837957847,1783610628832546523,1783610628832548405,203,order,benchmark,True,0.0,0.0,,,mock,0.0,,1783610628832546523,InstrumentType.Spot,6947440129078264277,OrderType.Limit,Direction.Long,65000.799999999996,277669840,Side.Sell,,OrderStatus.Submitted,65000.799999999996,1653898000,BTC-USDT,TimeCondition.GTC,1783610628832546523,0.001,0.001,0.0
4194834854,2837957847,1783610628832968031,1783610628832970561,203,order,benchmark,True,0.0,0.0,,,mock,0.0,,1783610628832968031,InstrumentType.Spot,6947440129078264278,OrderType.Limit,Direction.Long,65000.61,277671616,Side.Buy,,OrderStatus.Submitted,65000.61,1653898000,BTC-USDT,TimeCondition.GTC,1783610628832968031,0.001,0.001,0.0
4194834854,2837957847,1783610628833196117,1783610628833197894,203,order,benchmark,True,0.0,0.0,,,mock,0.0,,1783610628833196117,InstrumentType.Spot,6947440129078264279,OrderType.Limit,Direction.Long,65000.82,277673392,Side.Sell,,OrderStatus.Submitted,65000.82,1653898000,BTC-USDT,TimeCondition.GTC,1783610628833196117,0.001,0.001,0.0
4194834854,2837957847,1783610628833443262,1783610628833445858,203,order,benchmark,True,0.0,0.0,,,mock,0.0,,1783610628833443262,InstrumentType.Spot,6947440129078264280,OrderType.Limit,Direction.Long,65000.630000000005,277675168,Side.Buy,,OrderStatus.Submitted,65000.630000000005,1653898000,BTC-USDT,TimeCondition.GTC,1783610628833443262,0.001,0.001,0.0
4194834854,2837957847,1783610628833742454,1783610628833744299,203,order,benchmark,True,0.0,0.0,,,mock,0.0,,1783610628833742454,InstrumentType.Spot,6947440129078264281,OrderType.Limit,Direction.Long,65000.84,277676944,Side.Sell,,OrderStatus.Submitted,65000.84,1653898000,BTC-USDT,TimeCondition.GTC,1783610628833742454,0.001,0.001,0.0
4194834854,2837957847,1783610628834053262,1783610628834055868,203,order,benchmark,True,0.0,0.0,,,mock,0.0,,1783610628834053262,InstrumentType.Spot,6947440129078264282,OrderType.Limit,Direction.Long,65000.65,277678720,Side.Buy,,OrderStatus.Submitted,65000.65,1653898000,BTC-USDT,TimeCondition.GTC,1783610628834053262,0.001,0.001,0.0
4194834854,2837957847,1783610628834343405,1783610628834355202,203,order,benchmark,True,0.0,0.0,,,mock,0.0,,1783610628834343405,InstrumentType.Spot,6947440129078264283,OrderType.Limit,Direction.Long,65000.86,277680496,Side.Sell,,OrderStatus.Submitted,65000.86,1653898000,BTC-USDT,TimeCondition.GTC,1783610628834343405,0.001,0.001,0.0
4194834854,2837957847,1783610628834641057,1783610628834642977,203,order,benchmark,True,0.0,0.0,,,mock,0.0,,1783610628834641057,InstrumentType.Spot,6947440129078264284,OrderType.Limit,Direction.Long,65000.67,277682272,Side.Buy,,OrderStatus.Submitted,65000.67,1653898000,BTC-USDT,TimeCondition.GTC,1783610628834641057,0.001,0.001,0.0
4194834854,2837957847,1783610628834950550,1783610628834952458,203,order,benchmark,True,0.0,0.0,,,mock,0.0,,1783610628834950550,InstrumentType.Spot,6947440129078264285,OrderType.Limit,Direction.Long,65000.88,277684048,Side.Sell,,OrderStatus.Submitted,65000.88,1653898000,BTC-USDT,TimeCondition.GTC,1783610628834950550,0.001,0.001,0.0
4194834854,2837957847,1783610628835238313,1783610628835240176,203,order,benchmark,True,0.0,0.0,,,mock,0.0,,1783610628835238313,InstrumentType.Spot,6947440129078264286,OrderType.Limit,Direction.Long,65000.69,277685824,Side.Buy,,OrderStatus.Submitted,65000.69,1653898000,BTC-USDT,TimeCondition.GTC,1783610628835238313,0.001,0.001,0.0
4194834854,2837957847,1783610628835538243,1783610628835540094,203,order,benchmark,True,0.0,0.0,,,mock,0.0,,1783610628835538243,InstrumentType.Spot,6947440129078264287,OrderType.Limit,Direction.Long,65000.9,277687600,Side.Sell,,OrderStatus.Submitted,65000.9,1653898000,BTC-USDT,TimeCondition.GTC,1783610628835538243,0.001,0.001,0.0
4194834854,2837957847,1783610628835850835,1783610628835852744,203,order,benchmark,True,0.0,0.0,,,mock,0.0,,1783610628835850835,InstrumentType.Spot,6947440129078264288,OrderType.Limit,Direction.Long,65000.71,277689376,Side.Buy,,OrderStatus.Submitted,65000.71,1653898000,BTC-USDT,TimeCondition.GTC,1783610628835850835,0.001,0.001,0.0
4194834854,2837957847,1783610628836152460,1783610628836154549,203,order,benchmark,True,0.0,0.0,,,mock,0.0,,1783610628836152460,InstrumentType.Spot,6947440129078264289,OrderType.Limit,Direction.Long,65000.92,277691152,Side.Sell,,OrderStatus.Submitted,65000.92,1653898000,BTC-USDT,TimeCondition.GTC,1783610628836152460,0.001,0.001,0.0
4194834854,2837957847,1783610628836449528,1783610628836452124,203,order,benchmark,True,0.0,0.0,,,mock,0.0,,1783610628836449528,InstrumentType.Spot,6947440129078264290,OrderType.Limit,Direction.Long,65000.73,277692928,Side.Buy,,OrderStatus.Submitted,65000.73,1653898000,BTC-USDT,TimeCondition.GTC,1783610628836449528,0.001,0.001,0.0
4194834854,2837957847,1783610628836749059,1783610628836750806,203,order,benchmark,True,0.0,0.0,,,mock,0.0,,1783610628836749059,InstrumentType.Spot,6947440129078264291,OrderType.Limit,Direction.Long,65000.939999999995,277694704,Side.Sell,,OrderStatus.Submitted,65000.939999999995,1653898000,BTC-USDT,TimeCondition.GTC,1783610628836749059,0.001,0.001,0.0
4194834854,2837957847,1783610628837047307,1783610628837049245,203,order,benchmark,True,0.0,0.0,,,mock,0.0,,1783610628837047307,InstrumentType.Spot,6947440129078264292,OrderType.Limit,Direction.Long,65000.75,277696480,Side.Buy,,OrderStatus.Submitted,65000.75,1653898000,BTC-USDT,TimeCondition.GTC,1783610628837047307,0.001,0.001,0.0
4194834854,2837957847,1783610628837366224,1783610628837371028,203,order,benchmark,True,0.0,0.0,,,mock,0.0,,1783610628837366224,InstrumentType.Spot,6947440129078264293,OrderType.Limit,Direction.Long,65000.96,277698256,Side.Sell,,OrderStatus.Submitted,65000.96,1653898000,BTC-USDT,TimeCondition.GTC,1783610628837366224,0.001,0.001,0.0
4194834854,2837957847,1783610628837662841,1783610628837664853,203,order,benchmark,True,0.0,0.0,,,mock,0.0,,1783610628837662841,InstrumentType.Spot,6947440129078264294,OrderType.Limit,Direction.Long,65000.770000000004,277700032,Side.Buy,,OrderStatus.Submitted,65000.770000000004,1653898000,BTC-USDT,TimeCondition.GTC,1783610628837662841,0.001,0.001,0.0
4194834854,2837957847,1783610628837945797,1783610628837947732,203,order,benchmark,True,0.0,0.0,,,mock,0.0,,1783610628837945797,InstrumentType.Spot,6947440129078264295,OrderType.Limit,Direction.Long,65000.979999999996,277701808,Side.Sell,,OrderStatus.Submitted,65000.979999999996,1653898000,BTC-USDT,TimeCondition.GTC,1783610628837945797,0.001,0.001,0.0
4194834854,2837957847,1783610628838503674,1783610628838517505,203,order,benchmark,True,0.0,0.0,,,mock,0.0,,1783610628838503674,InstrumentType.Spot,6947440129078264296,OrderType.Limit,Direction.Long,65000.79,277703584,Side.Buy,,OrderStatus.Submitted,65000.79,1653898000,BTC-USDT,TimeCondition.GTC,1783610628838503674,0.001,0.001,0.0
4194834854,2837957847,1783610628838539370,1783610628838540794,203,order,benchmark,True,0.0,0.0,,,mock,0.0,,1783610628838539370,InstrumentType.Spot,6947440129078264297,OrderType.Limit,Direction.Long,65001.0,277705360,Side.Sell,,OrderStatus.Submitted,65001.0,1653898000,BTC-USDT,TimeCondition.GTC,1783610628838539370,0.001,0.001,0.0
4194834854,2837957847,1783610628839013984,1783610628839016693,203,order,benchmark,True,0.0,0.0,,,mock,0.0,,1783610628839013984,InstrumentType.Spot,6947440129078264298,OrderType.Limit,Direction.Long,65000.810000000005,277707136,Side.Buy,,OrderStatus.Submitted,65000.810000000005,1653898000,BTC-USDT,TimeCondition.GTC,1783610628839013984,0.001,0.001,0.0
4194834854,2837957847,1783610628839286202,1783610628839288790,203,order,benchmark,True,0.0,0.0,,,mock,0.0,,1783610628839286202,InstrumentType.Spot,6947440129078264299,OrderType.Limit,Direction.Long,65001.02,277708912,Side.Sell,,OrderStatus.Submitted,65001.02,1653898000,BTC-USDT,TimeCondition.GTC,1783610628839286202,0.001,0.001,0.0
4194834854,2837957847,1783610628839516133,1783610628839518001,203,order,benchmark,True,0.0,0.0,,,mock,0.0,,1783610628839516133,InstrumentType.Spot,6947440129078264300,OrderType.Limit,Direction.Long,65000.83,277710688,Side.Buy,,OrderStatus.Submitted,65000.83,1653898000,BTC-USDT,TimeCondition.GTC,1783610628839516133,0.001,0.001,0.0
4194834854,2837957847,1783610628839674733,1783610628839677282,203,order,benchmark,True,0.0,0.0,,,mock,0.0,,1783610628839674733,InstrumentType.Spot,6947440129078264301,OrderType.Limit,Direction.Long,65001.04,277712464,Side.Sell,,OrderStatus.Submitted,65001.04,1653898000,BTC-USDT,TimeCondition.GTC,1783610628839674733,0.001,0.001,0.0
4194834854,2837957847,1783610628840146878,1783610628840151092,203,order,benchmark,True,0.0,0.0,,,mock,0.0,,1783610628840146878,InstrumentType.Spot,6947440129078264302,OrderType.Limit,Direction.Long,65000.85,277714240,Side.Buy,,OrderStatus.Submitted,65000.85,1653898000,BTC-USDT,TimeCondition.GTC,1783610628840146878,0.001,0.001,0.0
4194834854,2837957847,1783610628840418662,1783610628840421868,203,order,benchmark,True,0.0,0.0,,,mock,0.0,,1783610628840418662,InstrumentType.Spot,6947440129078264303,OrderType.Limit,Direction.Long,65001.06,277716016,Side.Sell,,OrderStatus.Submitted,65001.06,1653898000,BTC-USDT,TimeCondition.GTC,1783610628840418662,0.001,0.001,0.0
4194834854,2837957847,1783610628840819875,1783610628840822917,203,order,benchmark,True,0.0,0.0,,,mock,0.0,,1783610628840819875,InstrumentType.Spot,6947440129078264304,OrderType.Limit,Direction.Long,65000.87,277717792,Side.Buy,,OrderStatus.Submitted,65000.87,1653898000,BTC-USDT,TimeCondition.GTC,1783610628840819875,0.001,0.001,0.0
4194834854,2837957847,1783610628840976819,1783610628840979947,203,order,benchmark,True,0.0,0.0,,,mock,0.0,,1783610628840976819,InstrumentType.Spot,6947440129078264305,OrderType.Limit,Direction.Long,65001.08,277719568,Side.Sell,,OrderStatus.Submitted,65001.08,1653898000,BTC-USDT,TimeCondition.GTC,1783610628840976819,0.001,0.001,0.0
4194834854,2837957847,1783610628841194409,1783610628841196527,203,order,benchmark,True,0.0,0.0,,,mock,0.0,,1783610628841194409,InstrumentType.Spot,6947440129078264306,OrderType.Limit,Direction.Long,65000.89,277721344,Side.Buy,,OrderStatus.Submitted,65000.89,1653898000,BTC-USDT,TimeCondition.GTC,1783610628841194409,0.001,0.001,0.0
4194834854,2837957847,1783610628841564171,1783610628841566460,203,order,benchmark,True,0.0,0.0,,,mock,0.0,,1783610628841564171,InstrumentType.Spot,6947440129078264307,OrderType.Limit,Direction.Long,65000.1,277723120,Side.Sell,,OrderStatus.Submitted,65000.1,1653898000,BTC-USDT,TimeCondition.GTC,1783610628841564171,0.001,0.001,0.0
4194834854,2837957847,1783610628841860456,1783610628841862419,203,order,benchmark,True,0.0,0.0,,,mock,0.0,,1783610628841860456,InstrumentType.Spot,6947440129078264308,OrderType.Limit,Direction.Long,64999.91,277724896,Side.Buy,,OrderStatus.Submitted,64999.91,1653898000,BTC-USDT,TimeCondition.GTC,1783610628841860456,0.001,0.001,0.0
4194834854,2837957847,1783610628842172352,1783610628842186508,203,order,benchmark,True,0.0,0.0,,,mock,0.0,,1783610628842172352,InstrumentType.Spot,6947440129078264309,OrderType.Limit,Direction.Long,65000.119999999995,277726672,Side.Sell,,OrderStatus.Submitted,65000.119999999995,1653898000,BTC-USDT,TimeCondition.GTC,1783610628842172352,0.001,0.001,0.0
4194834854,2837957847,1783610628842397408,1783610628842400388,203,order,benchmark,True,0.0,0.0,,,mock,0.0,,1783610628842397408,InstrumentType.Spot,6947440129078264310,OrderType.Limit,Direction.Long,64999.93,277728448,Side.Buy,,OrderStatus.Submitted,64999.93,1653898000,BTC-USDT,TimeCondition.GTC,1783610628842397408,0.001,0.001,0.0
4194834854,2837957847,1783610628842673324,1783610628842676282,203,order,benchmark,True,0.0,0.0,,,mock,0.0,,1783610628842673324,InstrumentType.Spot,6947440129078264311,OrderType.Limit,Direction.Long,65000.14,277730224,Side.Sell,,OrderStatus.Submitted,65000.14,1653898000,BTC-USDT,TimeCondition.GTC,1783610628842673324,0.001,0.001,0.0
4194834854,2837957847,1783610628843250612,1783610628843253660,203,order,benchmark,True,0.0,0.0,,,mock,0.0,,1783610628843250612,InstrumentType.Spot,6947440129078264312,OrderType.Limit,Direction.Long,64999.950000000004,277732000,Side.Buy,,OrderStatus.Submitted,64999.950000000004,1653898000,BTC-USDT,TimeCondition.GTC,1783610628843250612,0.001,0.001,0.0
4194834854,2837957847,1783610628843387849,1783610628843390639,203,order,benchmark,True,0.0,0.0,,,mock,0.0,,1783610628843387849,InstrumentType.Spot,6947440129078264313,OrderType.Limit,Direction.Long,65000.159999999996,277733776,Side.Sell,,OrderStatus.Submitted,65000.159999999996,1653898000,BTC-USDT,TimeCondition.GTC,1783610628843387849,0.001,0.001,0.0
4194834854,2837957847,1783610628843668150,1783610628843670317,203,order,benchmark,True,0.0,0.0,,,mock,0.0,,1783610628843668150,InstrumentType.Spot,6947440129078264314,OrderType.Limit,Direction.Long,64999.97,277735552,Side.Buy,,OrderStatus.Submitted,64999.97,1653898000,BTC-USDT,TimeCondition.GTC,1783610628843668150,0.001,0.001,0.0
4194834854,2837957847,1783610628844125322,1783610628844128408,203,order,benchmark,True,0.0,0.0,,,mock,0.0,,1783610628844125322,InstrumentType.Spot,6947440129078264315,OrderType.Limit,Direction.Long,65000.18,277737328,Side.Sell,,OrderStatus.Submitted,65000.18,1653898000,BTC-USDT,TimeCondition.GTC,1783610628844125322,0.001,0.001,0.0
4194834854,2837957847,1783610628844237519,1783610628844240741,203,order,benchmark,True,0.0,0.0,,,mock,0.0,,1783610628844237519,InstrumentType.Spot,6947440129078264316,OrderType.Limit,Direction.Long,64999.99,277739104,Side.Buy,,OrderStatus.Submitted,64999.99,1653898000,BTC-USDT,TimeCondition.GTC,1783610628844237519,0.001,0.001,0.0
4194834854,2837957847,1783610628844560510,1783610628844562654,203,order,benchmark,True,0.0,0.0,,,mock,0.0,,1783610628844560510,InstrumentType.Spot,6947440129078264317,OrderType.Limit,Direction.Long,65000.2,277740880,Side.Sell,,OrderStatus.Submitted,65000.2,1653898000,BTC-USDT,TimeCondition.GTC,1783610628844560510,0.001,0.001,0.0
4194834854,2837957847,1783610628845025074,1783610628845028212,203,order,benchmark,True,0.0,0.0,,,mock,0.0,,1783610628845025074,InstrumentType.Spot,6947440129078264318,OrderType.Limit,Direction.Long,65000.01,277742656,Side.Buy,,OrderStatus.Submitted,65000.01,1653898000,BTC-USDT,TimeCondition.GTC,1783610628845025074,0.001,0.001,0.0
4194834854,2837957847,1783610628845194126,1783610628845197119,203,order,benchmark,True,0.0,0.0,,,mock,0.0,,1783610628845194126,InstrumentType.Spot,6947440129078264319,OrderType.Limit,Direction.Long,65000.22,277744432,Side.Sell,,OrderStatus.Submitted,65000.22,1653898000,BTC-USDT,TimeCondition.GTC,1783610628845194126,0.001,0.001,0.0
4194834854,2837957847,1783610628845504017,1783610628845506244,203,order,benchmark,True,0.0,0.0,,,mock,0.0,,1783610628845504017,InstrumentType.Spot,6947440129078264320,OrderType.Limit,Direction.Long,65000.03,277746208,Side.Buy,,OrderStatus.Submitted,65000.03,1653898000,BTC-USDT,TimeCondition.GTC,1783610628845504017,0.001,0.001,0.0
4194834854,2837957847,1783610628845800894,1783610628845803129,203,order,benchmark,True,0.0,0.0,,,mock,0.0,,1783610628845800894,InstrumentType.Spot,6947440129078264321,OrderType.Limit,Direction.Long,65000.24,277747984,Side.Sell,,OrderStatus.Submitted,65000.24,1653898000,BTC-USDT,TimeCondition.GTC,1783610628845800894,0.001,0.001,0.0
4194834854,2837957847,1783610628846047909,1783610628846050346,203,order,benchmark,True,0.0,0.0,,,mock,0.0,,1783610628846047909,InstrumentType.Spot,6947440129078264322,OrderType.Limit,Direction.Long,65000.05,277749760,Side.Buy,,OrderStatus.Submitted,65000.05,1653898000,BTC-USDT,TimeCondition.GTC,1783610628846047909,0.001,0.001,0.0
4194834854,2837957847,1783610628846465356,1783610628846477622,203,order,benchmark,True,0.0,0.0,,,mock,0.0,,1783610628846465356,InstrumentType.Spot,6947440129078264323,OrderType.Limit,Direction.Long,65000.26,277751536,Side.Sell,,OrderStatus.Submitted,65000.26,1653898000,BTC-USDT,TimeCondition.GTC,1783610628846465356,0.001,0.001,0.0
4194834854,2837957847,1783610628846770305,1783610628846773311,203,order,benchmark,True,0.0,0.0,,,mock,0.0,,1783610628846770305,InstrumentType.Spot,6947440129078264324,OrderType.Limit,Direction.Long,65000.07,277753312,Side.Buy,,OrderStatus.Submitted,65000.07,1653898000,BTC-USDT,TimeCondition.GTC,1783610628846770305,0.001,0.001,0.0
4194834854,2837957847,1783610628847005378,1783610628847009173,203,order,benchmark,True,0.0,0.0,,,mock,0.0,,1783610628847005378,InstrumentType.Spot,6947440129078264325,OrderType.Limit,Direction.Long,65000.28,277755088,Side.Sell,,OrderStatus.Submitted,65000.28,1653898000,BTC-USDT,TimeCondition.GTC,1783610628847005378,0.001,0.001,0.0
4194834854,2837957847,1783610628847298850,1783610628847301151,203,order,benchmark,True,0.0,0.0,,,mock,0.0,,1783610628847298850,InstrumentType.Spot,6947440129078264326,OrderType.Limit,Direction.Long,65000.090000000004,277756864,Side.Buy,,OrderStatus.Submitted,65000.090000000004,1653898000,BTC-USDT,TimeCondition.GTC,1783610628847298850,0.001,0.001,0.0
4194834854,2837957847,1783610628847489959,1783610628847493058,203,order,benchmark,True,0.0,0.0,,,mock,0.0,,1783610628847489959,InstrumentType.Spot,6947440129078264327,OrderType.Limit,Direction.Long,65000.299999999996,277758640,Side.Sell,,OrderStatus.Submitted,65000.299999999996,1653898000,BTC-USDT,TimeCondition.GTC,1783610628847489959,0.001,0.001,0.0
4194834854,2837957847,1783610628847878581,1783610628847880724,203,order,benchmark,True,0.0,0.0,,,mock,0.0,,1783610628847878581,InstrumentType.Spot,6947440129078264328,OrderType.Limit,Direction.Long,65000.11,277760416,Side.Buy,,OrderStatus.Submitted,65000.11,1653898000,BTC-USDT,TimeCondition.GTC,1783610628847878581,0.001,0.001,0.0
4194834854,2837957847,1783610628848172847,1783610628848175007,203,order,benchmark,True,0.0,0.0,,,mock,0.0,,1783610628848172847,InstrumentType.Spot,6947440129078264329,OrderType.Limit,Direction.Long,65000.32,277648016,Side.Sell,,OrderStatus.Submitted,65000.32,1653898000,BTC-USDT,TimeCondition.GTC,1783610628848172847,0.001,0.001,0.0
4194834854,2837957847,1783610628848453020,1783610628848454942,203,order,benchmark,True,0.0,0.0,,,mock,0.0,,1783610628848453020,InstrumentType.Spot,6947440129078264330,OrderType.Limit,Direction.Long,65000.130000000005,277649792,Side.Buy,,OrderStatus.Submitted,65000.130000000005,1653898000,BTC-USDT,TimeCondition.GTC,1783610628848453020,0.001,0.001,0.0
4194834854,2837957847,1783610628848758265,1783610628848760340,203,order,benchmark,True,0.0,0.0,,,mock,0.0,,1783610628848758265,InstrumentType.Spot,6947440129078264331,OrderType.Limit,Direction.Long,65000.34,277651568,Side.Sell,,OrderStatus.Submitted,65000.34,1653898000,BTC-USDT,TimeCondition.GTC,1783610628848758265,0.001,0.001,0.0
4194834854,2837957847,1783610628849073838,1783610628849075939,203,order,benchmark,True,0.0,0.0,,,mock,0.0,,1783610628849073838,InstrumentType.Spot,6947440129078264332,OrderType.Limit,Direction.Long,65000.15,277768096,Side.Buy,,OrderStatus.Submitted,65000.15,1653898000,BTC-USDT,TimeCondition.GTC,1783610628849073838,0.001,0.001,0.0
4194834854,2837957847,1783610628849328136,1783610628849330711,203,order,benchmark,True,0.0,0.0,,,mock,0.0,,1783610628849328136,InstrumentType.Spot,6947440129078264333,OrderType.Limit,Direction.Long,65000.36,277769872,Side.Sell,,OrderStatus.Submitted,65000.36,1653898000,BTC-USDT,TimeCondition.GTC,1783610628849328136,0.001,0.001,0.0
4194834854,2837957847,1783610628849834545,1783610628849837952,203,order,benchmark,True,0.0,0.0,,,mock,0.0,,1783610628849834545,InstrumentType.Spot,6947440129078264334,OrderType.Limit,Direction.Long,65000.17,277771648,Side.Buy,,OrderStatus.Submitted,65000.17,1653898000,BTC-USDT,TimeCondition.GTC,1783610628849834545,0.001,0.001,0.0
4194834854,2837957847,1783610628849947859,1783610628849950446,203,order,benchmark,True,0.0,0.0,,,mock,0.0,,1783610628849947859,InstrumentType.Spot,6947440129078264335,OrderType.Limit,Direction.Long,65000.38,277773424,Side.Sell,,OrderStatus.Submitted,65000.38,1653898000,BTC-USDT,TimeCondition.GTC,1783610628849947859,0.001,0.001,0.0
4194834854,2837957847,1783610628850437452,1783610628850450569,203,order,benchmark,True,0.0,0.0,,,mock,0.0,,1783610628850437452,InstrumentType.Spot,6947440129078264336,OrderType.Limit,Direction.Long,65000.19,277775200,Side.Buy,,OrderStatus.Submitted,65000.19,1653898000,BTC-USDT,TimeCondition.GTC,1783610628850437452,0.001,0.001,0.0
4194834854,2837957847,1783610628850560910,1783610628850562753,203,order,benchmark,True,0.0,0.0,,,mock,0.0,,1783610628850560910,InstrumentType.Spot,6947440129078264337,OrderType.Limit,Direction.Long,65000.4,277776976,Side.Sell,,OrderStatus.Submitted,65000.4,1653898000,BTC-USDT,TimeCondition.GTC,1783610628850560910,0.001,0.001,0.0
4194834854,2837957847,1783610628850849250,1783610628850851925,203,order,benchmark,True,0.0,0.0,,,mock,0.0,,1783610628850849250,InstrumentType.Spot,6947440129078264338,OrderType.Limit,Direction.Long,65000.21,277778752,Side.Buy,,OrderStatus.Submitted,65000.21,1653898000,BTC-USDT,TimeCondition.GTC,1783610628850849250,0.001,0.001,0.0
4194834854,2837957847,1783610628851150440,1783610628851152325,203,order,benchmark,True,0.0,0.0,,,mock,0.0,,1783610628851150440,InstrumentType.Spot,6947440129078264339,OrderType.Limit,Direction.Long,65000.42,277780528,Side.Sell,,OrderStatus.Submitted,65000.42,1653898000,BTC-USDT,TimeCondition.GTC,1783610628851150440,0.001,0.001,0.0
4194834854,2837957847,1783610628851439482,1783610628851441940,203,order,benchmark,True,0.0,0.0,,,mock,0.0,,1783610628851439482,InstrumentType.Spot,6947440129078264340,OrderType.Limit,Direction.Long,65000.23,277782304,Side.Buy,,OrderStatus.Submitted,65000.23,1653898000,BTC-USDT,TimeCondition.GTC,1783610628851439482,0.001,0.001,0.0
4194834854,2837957847,1783610628851737239,1783610628851738924,203,order,benchmark,True,0.0,0.0,,,mock,0.0,,1783610628851737239,InstrumentType.Spot,6947440129078264341,OrderType.Limit,Direction.Long,65000.439999999995,277784080,Side.Sell,,OrderStatus.Submitted,65000.439999999995,1653898000,BTC-USDT,TimeCondition.GTC,1783610628851737239,0.001,0.001,0.0
4194834854,2837957847,1783610628852048438,1783610628852050179,203,order,benchmark,True,0.0,0.0,,,mock,0.0,,1783610628852048438,InstrumentType.Spot,6947440129078264342,OrderType.Limit,Direction.Long,65000.25,277785856,Side.Buy,,OrderStatus.Submitted,65000.25,1653898000,BTC-USDT,TimeCondition.GTC,1783610628852048438,0.001,0.001,0.0
4194834854,2837957847,1783610628852341222,1783610628852343040,203,order,benchmark,True,0.0,0.0,,,mock,0.0,,1783610628852341222,InstrumentType.Spot,6947440129078264343,OrderType.Limit,Direction.Long,65000.46,277787632,Side.Sell,,OrderStatus.Submitted,65000.46,1653898000,BTC-USDT,TimeCondition.GTC,1783610628852341222,0.001,0.001,0.0
4194834854,2837957847,1783610628852639904,1783610628852641699,203,order,benchmark,True,0.0,0.0,,,mock,0.0,,1783610628852639904,InstrumentType.Spot,6947440129078264344,OrderType.Limit,Direction.Long,65000.270000000004,277789408,Side.Buy,,OrderStatus.Submitted,65000.270000000004,1653898000,BTC-USDT,TimeCondition.GTC,1783610628852639904,0.001,0.001,0.0
4194834854,2837957847,1783610628852937386,1783610628852939036,203,order,benchmark,True,0.0,0.0,,,mock,0.0,,1783610628852937386,InstrumentType.Spot,6947440129078264345,OrderType.Limit,Direction.Long,65000.479999999996,277791184,Side.Sell,,OrderStatus.Submitted,65000.479999999996,1653898000,BTC-USDT,TimeCondition.GTC,1783610628852937386,0.001,0.001,0.0
4194834854,2837957847,1783610628853236717,1783610628853238367,203,order,benchmark,True,0.0,0.0,,,mock,0.0,,1783610628853236717,InstrumentType.Spot,6947440129078264346,OrderType.Limit,Direction.Long,65000.29,277792960,Side.Buy,,OrderStatus.Submitted,65000.29,1653898000,BTC-USDT,TimeCondition.GTC,1783610628853236717,0.001,0.001,0.0
4194834854,2837957847,1783610628853543889,1783610628853545731,203,order,benchmark,True,0.0,0.0,,,mock,0.0,,1783610628853543889,InstrumentType.Spot,6947440129078264347,OrderType.Limit,Direction.Long,65000.5,277794736,Side.Sell,,OrderStatus.Submitted,65000.5,1653898000,BTC-USDT,TimeCondition.GTC,1783610628853543889,0.001,0.001,0.0
4194834854,2837957847,1783610628853834594,1783610628853836186,203,order,benchmark,True,0.0,0.0,,,mock,0.0,,1783610628853834594,InstrumentType.Spot,6947440129078264348,OrderType.Limit,Direction.Long,65000.310000000005,277796512,Side.Buy,,OrderStatus.Submitted,65000.310000000005,1653898000,BTC-USDT,TimeCondition.GTC,1783610628853834594,0.001,0.001,0.0
4194834854,2837957847,1783610628854253029,1783610628854261962,203,order,benchmark,True,0.0,0.0,,,mock,0.0,,1783610628854253029,InstrumentType.Spot,6947440129078264349,OrderType.Limit,Direction.Long,65000.52,277798288,Side.Sell,,OrderStatus.Submitted,65000.52,1653898000,BTC-USDT,TimeCondition.GTC,1783610628854253029,0.001,0.001,0.0
4194834854,2837957847,1783610628854490572,1783610628854492925,203,order,benchmark,True,0.0,0.0,,,mock,0.0,,1783610628854490572,InstrumentType.Spot,6947440129078264350,OrderType.Limit,Direction.Long,65000.33,277800064,Side.Buy,,OrderStatus.Submitted,65000.33,1653898000,BTC-USDT,TimeCondition.GTC,1783610628854490572,0.001,0.001,0.0
4194834854,2837957847,1783610628854748270,1783610628854749977,203,order,benchmark,True,0.0,0.0,,,mock,0.0,,1783610628854748270,InstrumentType.Spot,6947440129078264351,OrderType.Limit,Direction.Long,65000.54,277801840,Side.Sell,,OrderStatus.Submitted,65000.54,1653898000,BTC-USDT,TimeCondition.GTC,1783610628854748270,0.001,0.001,0.0
4194834854,2837957847,1783610628855033267,1783610628855034971,203,order,benchmark,True,0.0,0.0,,,mock,0.0,,1783610628855033267,InstrumentType.Spot,6947440129078264352,OrderType.Limit,Direction.Long,65000.35,277803616,Side.Buy,,OrderStatus.Submitted,65000.35,1653898000,BTC-USDT,TimeCondition.GTC,1783610628855033267,0.001,0.001,0.0
4194834854,2837957847,1783610628855334470,1783610628855336397,203,order,benchmark,True,0.0,0.0,,,mock,0.0,,1783610628855334470,InstrumentType.Spot,6947440129078264353,OrderType.Limit,Direction.Long,65000.56,277805392,Side.Sell,,OrderStatus.Submitted,65000.56,1653898000,BTC-USDT,TimeCondition.GTC,1783610628855334470,0.001,0.001,0.0
4194834854,2837957847,1783610628855637823,1783610628855639644,203,order,benchmark,True,0.0,0.0,,,mock,0.0,,1783610628855637823,InstrumentType.Spot,6947440129078264354,OrderType.Limit,Direction.Long,65000.37,277807168,Side.Buy,,OrderStatus.Submitted,65000.37,1653898000,BTC-USDT,TimeCondition.GTC,1783610628855637823,0.001,0.001,0.0
4194834854,2837957847,1783610628855940538,1783610628855942336,203,order,benchmark,True,0.0,0.0,,,mock,0.0,,1783610628855940538,InstrumentType.Spot,6947440129078264355,OrderType.Limit,Direction.Long,65000.58,277808944,Side.Sell,,OrderStatus.Submitted,65000.58,1653898000,BTC-USDT,TimeCondition.GTC,1783610628855940538,0.001,0.001,0.0
4194834854,2837957847,1783610628856235713,1783610628856237422,203,order,benchmark,True,0.0,0.0,,,mock,0.0,,1783610628856235713,InstrumentType.Spot,6947440129078264356,OrderType.Limit,Direction.Long,65000.39,277810720,Side.Buy,,OrderStatus.Submitted,65000.39,1653898000,BTC-USDT,TimeCondition.GTC,1783610628856235713,0.001,0.001,0.0
4194834854,2837957847,1783610628856542203,1783610628856544032,203,order,benchmark,True,0.0,0.0,,,mock,0.0,,1783610628856542203,InstrumentType.Spot,6947440129078264357,OrderType.Limit,Direction.Long,65000.6,277812496,Side.Sell,,OrderStatus.Submitted,65000.6,1653898000,BTC-USDT,TimeCondition.GTC,1783610628856542203,0.001,0.001,0.0
4194834854,2837957847,1783610628856829649,1783610628856831325,203,order,benchmark,True,0.0,0.0,,,mock,0.0,,1783610628856829649,InstrumentType.Spot,6947440129078264358,OrderType.Limit,Direction.Long,65000.41,277814272,Side.Buy,,OrderStatus.Submitted,65000.41,1653898000,BTC-USDT,TimeCondition.GTC,1783610628856829649,0.001,0.001,0.0
4194834854,2837957847,1783610628857141292,1783610628857143132,203,order,benchmark,True,0.0,0.0,,,mock,0.0,,1783610628857141292,InstrumentType.Spot,6947440129078264359,OrderType.Limit,Direction.Long,65000.619999999995,277816048,Side.Sell,,OrderStatus.Submitted,65000.619999999995,1653898000,BTC-USDT,TimeCondition.GTC,1783610628857141292,0.001,0.001,0.0
4194834854,2837957847,1783610628857436267,1783610628857437890,203,order,benchmark,True,0.0,0.0,,,mock,0.0,,1783610628857436267,InstrumentType.Spot,6947440129078264360,OrderType.Limit,Direction.Long,65000.43,277817824,Side.Buy,,OrderStatus.Submitted,65000.43,1653898000,BTC-USDT,TimeCondition.GTC,1783610628857436267,0.001,0.001,0.0
4194834854,2837957847,1783610628857746764,1783610628857748747,203,order,benchmark,True,0.0,0.0,,,mock,0.0,,1783610628857746764,InstrumentType.Spot,6947440129078264361,OrderType.Limit,Direction.Long,65000.64,277819600,Side.Sell,,OrderStatus.Submitted,65000.64,1653898000,BTC-USDT,TimeCondition.GTC,1783610628857746764,0.001,0.001,0.0
4194834854,2837957847,1783610628858186873,1783610628858197301,203,order,benchmark,True,0.0,0.0,,,mock,0.0,,1783610628858186873,InstrumentType.Spot,6947440129078264362,OrderType.Limit,Direction.Long,65000.450000000004,277821376,Side.Buy,,OrderStatus.Submitted,65000.450000000004,1653898000,BTC-USDT,TimeCondition.GTC,1783610628858186873,0.001,0.001,0.0
4194834854,2837957847,1783610628858426646,1783610628858429313,203,order,benchmark,True,0.0,0.0,,,mock,0.0,,1783610628858426646,InstrumentType.Spot,6947440129078264363,OrderType.Limit,Direction.Long,65000.659999999996,277823152,Side.Sell,,OrderStatus.Submitted,65000.659999999996,1653898000,BTC-USDT,TimeCondition.GTC,1783610628858426646,0.001,0.001,0.0
4194834854,2837957847,1783610628858745594,1783610628858747457,203,order,benchmark,True,0.0,0.0,,,mock,0.0,,1783610628858745594,InstrumentType.Spot,6947440129078264364,OrderType.Limit,Direction.Long,65000.47,277824928,Side.Buy,,OrderStatus.Submitted,65000.47,1653898000,BTC-USDT,TimeCondition.GTC,1783610628858745594,0.001,0.001,0.0
4194834854,2837957847,1783610628858967925,1783610628858969762,203,order,benchmark,True,0.0,0.0,,,mock,0.0,,1783610628858967925,InstrumentType.Spot,6947440129078264365,OrderType.Limit,Direction.Long,65000.68,277826704,Side.Sell,,OrderStatus.Submitted,65000.68,1653898000,BTC-USDT,TimeCondition.GTC,1783610628858967925,0.001,0.001,0.0
4194834854,2837957847,1783610628859348744,1783610628859350519,203,order,benchmark,True,0.0,0.0,,,mock,0.0,,1783610628859348744,InstrumentType.Spot,6947440129078264366,OrderType.Limit,Direction.Long,65000.49,277828480,Side.Buy,,OrderStatus.Submitted,65000.49,1653898000,BTC-USDT,TimeCondition.GTC,1783610628859348744,0.001,0.001,0.0
4194834854,2837957847,1783610628859567113,1783610628859569714,203,order,benchmark,True,0.0,0.0,,,mock,0.0,,1783610628859567113,InstrumentType.Spot,6947440129078264367,OrderType.Limit,Direction.Long,65000.7,277830256,Side.Sell,,OrderStatus.Submitted,65000.7,1653898000,BTC-USDT,TimeCondition.GTC,1783610628859567113,0.001,0.001,0.0
4194834854,2837957847,1783610628860061028,1783610628860063627,203,order,benchmark,True,0.0,0.0,,,mock,0.0,,1783610628860061028,InstrumentType.Spot,6947440129078264368,OrderType.Limit,Direction.Long,65000.51,277832032,Side.Buy,,OrderStatus.Submitted,65000.51,1653898000,BTC-USDT,TimeCondition.GTC,1783610628860061028,0.001,0.001,0.0
4194834854,2837957847,1783610628860178038,1783610628860180763,203,order,benchmark,True,0.0,0.0,,,mock,0.0,,1783610628860178038,InstrumentType.Spot,6947440129078264369,OrderType.Limit,Direction.Long,65000.72,277833808,Side.Sell,,OrderStatus.Submitted,65000.72,1653898000,BTC-USDT,TimeCondition.GTC,1783610628860178038,0.001,0.001,0.0
4194834854,2837957847,1783610628860714850,1783610628860721302,203,order,benchmark,True,0.0,0.0,,,mock,0.0,,1783610628860714850,InstrumentType.Spot,6947440129078264370,OrderType.Limit,Direction.Long,65000.53,277835584,Side.Buy,,OrderStatus.Submitted,65000.53,1653898000,BTC-USDT,TimeCondition.GTC,1783610628860714850,0.001,0.001,0.0
4194834854,2837957847,1783610628860900158,1783610628860903244,203,order,benchmark,True,0.0,0.0,,,mock,0.0,,1783610628860900158,InstrumentType.Spot,6947440129078264371,OrderType.Limit,Direction.Long,65000.74,277837360,Side.Sell,,OrderStatus.Submitted,65000.74,1653898000,BTC-USDT,TimeCondition.GTC,1783610628860900158,0.001,0.001,0.0
4194834854,2837957847,1783610628861256230,1783610628861266883,203,order,benchmark,True,0.0,0.0,,,mock,0.0,,1783610628861256230,InstrumentType.Spot,6947440129078264372,OrderType.Limit,Direction.Long,65000.55,277839136,Side.Buy,,OrderStatus.Submitted,65000.55,1653898000,BTC-USDT,TimeCondition.GTC,1783610628861256230,0.001,0.001,0.0
4194834854,2837957847,1783610628861650642,1783610628861652563,203,order,benchmark,True,0.0,0.0,,,mock,0.0,,1783610628861650642,InstrumentType.Spot,6947440129078264373,OrderType.Limit,Direction.Long,65000.76,277840912,Side.Sell,,OrderStatus.Submitted,65000.76,1653898000,BTC-USDT,TimeCondition.GTC,1783610628861650642,0.001,0.001,0.0
4194834854,2837957847,1783610628861736866,1783610628861738709,203,order,benchmark,True,0.0,0.0,,,mock,0.0,,1783610628861736866,InstrumentType.Spot,6947440129078264374,OrderType.Limit,Direction.Long,65000.57,277842688,Side.Buy,,OrderStatus.Submitted,65000.57,1653898000,BTC-USDT,TimeCondition.GTC,1783610628861736866,0.001,0.001,0.0
4194834854,2837957847,1783610628861884350,1783610628861896228,203,order,benchmark,True,0.0,0.0,,,mock,0.0,,1783610628861884350,InstrumentType.Spot,6947440129078264375,OrderType.Limit,Direction.Long,65000.78,277844464,Side.Sell,,OrderStatus.Submitted,65000.78,1653898000,BTC-USDT,TimeCondition.GTC,1783610628861884350,0.001,0.001,0.0
4194834854,2837957847,1783610628862409480,1783610628862412313,203,order,benchmark,True,0.0,0.0,,,mock,0.0,,1783610628862409480,InstrumentType.Spot,6947440129078264376,OrderType.Limit,Direction.Long,65000.590000000004,277846240,Side.Buy,,OrderStatus.Submitted,65000.590000000004,1653898000,BTC-USDT,TimeCondition.GTC,1783610628862409480,0.001,0.001,0.0
4194834854,2837957847,1783610628862775867,1783610628862778534,203,order,benchmark,True,0.0,0.0,,,mock,0.0,,1783610628862775867,InstrumentType.Spot,6947440129078264377,OrderType.Limit,Direction.Long,65000.799999999996,277848016,Side.Sell,,OrderStatus.Submitted,65000.799999999996,1653898000,BTC-USDT,TimeCondition.GTC,1783610628862775867,0.001,0.001,0.0
4194834854,2837957847,1783610628862879560,1783610628862881696,203,order,benchmark,True,0.0,0.0,,,mock,0.0,,1783610628862879560,InstrumentType.Spot,6947440129078264378,OrderType.Limit,Direction.Long,65000.61,277849792,Side.Buy,,OrderStatus.Submitted,65000.61,1653898000,BTC-USDT,TimeCondition.GTC,1783610628862879560,0.001,0.001,0.0
4194834854,2837957847,1783610628863069010,1783610628863071556,203,order,benchmark,True,0.0,0.0,,,mock,0.0,,1783610628863069010,InstrumentType.Spot,6947440129078264379,OrderType.Limit,Direction.Long,65000.82,277851568,Side.Sell,,OrderStatus.Submitted,65000.82,1653898000,BTC-USDT,TimeCondition.GTC,1783610628863069010,0.001,0.001,0.0
4194834854,2837957847,1783610628863702175,1783610628863704283,203,order,benchmark,True,0.0,0.0,,,mock,0.0,,1783610628863702175,InstrumentType.Spot,6947440129078264380,OrderType.Limit,Direction.Long,65000.630000000005,277853344,Side.Buy,,OrderStatus.Submitted,65000.630000000005,1653898000,BTC-USDT,TimeCondition.GTC,1783610628863702175,0.001,0.001,0.0
4194834854,2837957847,1783610628863812877,1783610628863814505,203,order,benchmark,True,0.0,0.0,,,mock,0.0,,1783610628863812877,InstrumentType.Spot,6947440129078264381,OrderType.Limit,Direction.Long,65000.84,277855120,Side.Sell,,OrderStatus.Submitted,65000.84,1653898000,BTC-USDT,TimeCondition.GTC,1783610628863812877,0.001,0.001,0.0
4194834854,2837957847,1783610628863982383,1783610628863985177,203,order,benchmark,True,0.0,0.0,,,mock,0.0,,1783610628863982383,InstrumentType.Spot,6947440129078264382,OrderType.Limit,Direction.Long,65000.65,277856896,Side.Buy,,OrderStatus.Submitted,65000.65,1653898000,BTC-USDT,TimeCondition.GTC,1783610628863982383,0.001,0.001,0.0
4194834854,2837957847,1783610628864331742,1783610628864333758,203,order,benchmark,True,0.0,0.0,,,mock,0.0,,1783610628864331742,InstrumentType.Spot,6947440129078264383,OrderType.Limit,Direction.Long,65000.86,277858672,Side.Sell,,OrderStatus.Submitted,65000.86,1653898000,BTC-USDT,TimeCondition.GTC,1783610628864331742,0.001,0.001,0.0
4194834854,2837957847,1783610628864651227,1783610628864653260,203,order,benchmark,True,0.0,0.0,,,mock,0.0,,1783610628864651227,InstrumentType.Spot,6947440129078264384,OrderType.Limit,Direction.Long,65000.67,277860448,Side.Buy,,OrderStatus.Submitted,65000.67,1653898000,BTC-USDT,TimeCondition.GTC,1783610628864651227,0.001,0.001,0.0
4194834854,2837957847,1783610628864950896,1783610628864952916,203,order,benchmark,True,0.0,0.0,,,mock,0.0,,1783610628864950896,InstrumentType.Spot,6947440129078264385,OrderType.Limit,Direction.Long,65000.88,277862224,Side.Sell,,OrderStatus.Submitted,65000.88,1653898000,BTC-USDT,TimeCondition.GTC,1783610628864950896,0.001,0.001,0.0
4194834854,2837957847,1783610628865247778,1783610628865249985,203,order,benchmark,True,0.0,0.0,,,mock,0.0,,1783610628865247778,InstrumentType.Spot,6947440129078264386,OrderType.Limit,Direction.Long,65000.69,277864000,Side.Buy,,OrderStatus.Submitted,65000.69,1653898000,BTC-USDT,TimeCondition.GTC,1783610628865247778,0.001,0.001,0.0
4194834854,2837957847,1783610628865539371,1783610628865541067,203,order,benchmark,True,0.0,0.0,,,mock,0.0,,1783610628865539371,InstrumentType.Spot,6947440129078264387,OrderType.Limit,Direction.Long,65000.9,277865776,Side.Sell,,OrderStatus.Submitted,65000.9,1653898000,BTC-USDT,TimeCondition.GTC,1783610628865539371,0.001,0.001,0.0
4194834854,2837957847,1783610628866162460,1783610628866164525,203,order,benchmark,True,0.0,0.0,,,mock,0.0,,1783610628866162460,InstrumentType.Spot,6947440129078264388,OrderType.Limit,Direction.Long,65000.71,277867552,Side.Buy,,OrderStatus.Submitted,65000.71,1653898000,BTC-USDT,TimeCondition.GTC,1783610628866162460,0.001,0.001,0.0
4194834854,2837957847,1783610628866178901,1783610628866189058,203,order,benchmark,True,0.0,0.0,,,mock,0.0,,1783610628866178901,InstrumentType.Spot,6947440129078264389,OrderType.Limit,Direction.Long,65000.92,277869296,Side.Sell,,OrderStatus.Submitted,65000.92,1653898000,BTC-USDT,TimeCondition.GTC,1783610628866178901,0.001,0.001,0.0
4194834854,2837957847,1783610628866451023,1783610628866453038,203,order,benchmark,True,0.0,0.0,,,mock,0.0,,1783610628866451023,InstrumentType.Spot,6947440129078264390,OrderType.Limit,Direction.Long,65000.73,277871104,Side.Buy,,OrderStatus.Submitted,65000.73,1653898000,BTC-USDT,TimeCondition.GTC,1783610628866451023,0.001,0.001,0.0
4194834854,2837957847,1783610628866751966,1783610628866753707,203,order,benchmark,True,0.0,0.0,,,mock,0.0,,1783610628866751966,InstrumentType.Spot,6947440129078264391,OrderType.Limit,Direction.Long,65000.939999999995,277872880,Side.Sell,,OrderStatus.Submitted,65000.939999999995,1653898000,BTC-USDT,TimeCondition.GTC,1783610628866751966,0.001,0.001,0.0
4194834854,2837957847,1783610628867163101,1783610628867171936,203,order,benchmark,True,0.0,0.0,,,mock,0.0,,1783610628867163101,InstrumentType.Spot,6947440129078264392,OrderType.Limit,Direction.Long,65000.75,277874656,Side.Buy,,OrderStatus.Submitted,65000.75,1653898000,BTC-USDT,TimeCondition.GTC,1783610628867163101,0.001,0.001,0.0
4194834854,2837957847,1783610628867411632,1783610628867413375,203,order,benchmark,True,0.0,0.0,,,mock,0.0,,1783610628867411632,InstrumentType.Spot,6947440129078264393,OrderType.Limit,Direction.Long,65000.96,277876432,Side.Sell,,OrderStatus.Submitted,65000.96,1653898000,BTC-USDT,TimeCondition.GTC,1783610628867411632,0.001,0.001,0.0
4194834854,2837957847,1783610628867561246,1783610628867563566,203,order,benchmark,True,0.0,0.0,,,mock,0.0,,1783610628867561246,InstrumentType.Spot,6947440129078264394,OrderType.Limit,Direction.Long,65000.770000000004,277878208,Side.Buy,,OrderStatus.Submitted,65000.770000000004,1653898000,BTC-USDT,TimeCondition.GTC,1783610628867561246,0.001,0.001,0.0
4194834854,2837957847,1783610628867941172,1783610628867943013,203,order,benchmark,True,0.0,0.0,,,mock,0.0,,1783610628867941172,InstrumentType.Spot,6947440129078264395,OrderType.Limit,Direction.Long,65000.979999999996,277879984,Side.Sell,,OrderStatus.Submitted,65000.979999999996,1653898000,BTC-USDT,TimeCondition.GTC,1783610628867941172,0.001,0.001,0.0
4194834854,2837957847,1783610628868369406,1783610628868371635,203,order,benchmark,True,0.0,0.0,,,mock,0.0,,1783610628868369406,InstrumentType.Spot,6947440129078264396,OrderType.Limit,Direction.Long,65000.79,277881760,Side.Buy,,OrderStatus.Submitted,65000.79,1653898000,BTC-USDT,TimeCondition.GTC,1783610628868369406,0.001,0.001,0.0
4194834854,2837957847,1783610628868586104,1783610628868587854,203,order,benchmark,True,0.0,0.0,,,mock,0.0,,1783610628868586104,InstrumentType.Spot,6947440129078264397,OrderType.Limit,Direction.Long,65001.0,277883536,Side.Sell,,OrderStatus.Submitted,65001.0,1653898000,BTC-USDT,TimeCondition.GTC,1783610628868586104,0.001,0.001,0.0
4194834854,2837957847,1783610628868840905,1783610628868842498,203,order,benchmark,True,0.0,0.0,,,mock,0.0,,1783610628868840905,InstrumentType.Spot,6947440129078264398,OrderType.Limit,Direction.Long,65000.810000000005,277885312,Side.Buy,,OrderStatus.Submitted,65000.810000000005,1653898000,BTC-USDT,TimeCondition.GTC,1783610628868840905,0.001,0.001,0.0
4194834854,2837957847,1783610628869146751,1783610628869148715,203,order,benchmark,True,0.0,0.0,,,mock,0.0,,1783610628869146751,InstrumentType.Spot,6947440129078264399,OrderType.Limit,Direction.Long,65001.02,277887088,Side.Sell,,OrderStatus.Submitted,65001.02,1653898000,BTC-USDT,TimeCondition.GTC,1783610628869146751,0.001,0.001,0.0
4194834854,2837957847,1783610628869438648,1783610628869440314,203,order,benchmark,True,0.0,0.0,,,mock,0.0,,1783610628869438648,InstrumentType.Spot,6947440129078264400,OrderType.Limit,Direction.Long,65000.83,277888864,Side.Buy,,OrderStatus.Submitted,65000.83,1653898000,BTC-USDT,TimeCondition.GTC,1783610628869438648,0.001,0.001,0.0
4194834854,2837957847,1783610628869743112,1783610628869744892,203,order,benchmark,True,0.0,0.0,,,mock,0.0,,1783610628869743112,InstrumentType.Spot,6947440129078264401,OrderType.Limit,Direction.Long,65001.04,277762192,Side.Sell,,OrderStatus.Submitted,65001.04,1653898000,BTC-USDT,TimeCondition.GTC,1783610628869743112,0.001,0.001,0.0
4194834854,2837957847,1783610628870041847,1783610628870051584,203,order,benchmark,True,0.0,0.0,,,mock,0.0,,1783610628870041847,InstrumentType.Spot,6947440129078264402,OrderType.Limit,Direction.Long,65000.85,277763968,Side.Buy,,OrderStatus.Submitted,65000.85,1653898000,BTC-USDT,TimeCondition.GTC,1783610628870041847,0.001,0.001,0.0
4194834854,2837957847,1783610628870339884,1783610628870341577,203,order,benchmark,True,0.0,0.0,,,mock,0.0,,1783610628870339884,InstrumentType.Spot,6947440129078264403,OrderType.Limit,Direction.Long,65001.06,277765744,Side.Sell,,OrderStatus.Submitted,65001.06,1653898000,BTC-USDT,TimeCondition.GTC,1783610628870339884,0.001,0.001,0.0
4194834854,2837957847,1783610628870640251,1783610628870642059,203,order,benchmark,True,0.0,0.0,,,mock,0.0,,1783610628870640251,InstrumentType.Spot,6947440129078264404,OrderType.Limit,Direction.Long,65000.87,277896784,Side.Buy,,OrderStatus.Submitted,65000.87,1653898000,BTC-USDT,TimeCondition.GTC,1783610628870640251,0.001,0.001,0.0
4194834854,2837957847,1783610628870939920,1783610628870941804,203,order,benchmark,True,0.0,0.0,,,mock,0.0,,1783610628870939920,InstrumentType.Spot,6947440129078264405,OrderType.Limit,Direction.Long,65001.08,277898384,Side.Sell,,OrderStatus.Submitted,65001.08,1653898000,BTC-USDT,TimeCondition.GTC,1783610628870939920,0.001,0.001,0.0
4194834854,2837957847,1783610628871260185,1783610628871269097,203,order,benchmark,True,0.0,0.0,,,mock,0.0,,1783610628871260185,InstrumentType.Spot,6947440129078264406,OrderType.Limit,Direction.Long,65000.89,277900160,Side.Buy,,OrderStatus.Submitted,65000.89,1653898000,BTC-USDT,TimeCondition.GTC,1783610628871260185,0.001,0.001,0.0
4194834854,2837957847,1783610628871536917,1783610628871538547,203,order,benchmark,True,0.0,0.0,,,mock,0.0,,1783610628871536917,InstrumentType.Spot,6947440129078264407,OrderType.Limit,Direction.Long,65000.1,277901936,Side.Sell,,OrderStatus.Submitted,65000.1,1653898000,BTC-USDT,TimeCondition.GTC,1783610628871536917,0.001,0.001,0.0
4194834854,2837957847,1783610628871842476,1783610628871844766,203,order,benchmark,True,0.0,0.0,,,mock,0.0,,1783610628871842476,InstrumentType.Spot,6947440129078264408,OrderType.Limit,Direction.Long,64999.91,277903712,Side.Buy,,OrderStatus.Submitted,64999.91,1653898000,BTC-USDT,TimeCondition.GTC,1783610628871842476,0.001,0.001,0.0
4194834854,2837957847,1783610628872382140,1783610628872385119,203,order,benchmark,True,0.0,0.0,,,mock,0.0,,1783610628872382140,InstrumentType.Spot,6947440129078264409,OrderType.Limit,Direction.Long,65000.119999999995,277905488,Side.Sell,,OrderStatus.Submitted,65000.119999999995,1653898000,BTC-USDT,TimeCondition.GTC,1783610628872382140,0.001,0.001,0.0
4194834854,2837957847,1783610628872807546,1783610628872812414,203,order,benchmark,True,0.0,0.0,,,mock,0.0,,1783610628872807546,InstrumentType.Spot,6947440129078264410,OrderType.Limit,Direction.Long,64999.93,277907264,Side.Buy,,OrderStatus.Submitted,64999.93,1653898000,BTC-USDT,TimeCondition.GTC,1783610628872807546,0.001,0.001,0.0
4194834854,2837957847,1783610628872843978,1783610628872847544,203,order,benchmark,True,0.0,0.0,,,mock,0.0,,1783610628872843978,InstrumentType.Spot,6947440129078264411,OrderType.Limit,Direction.Long,65000.14,277909008,Side.Sell,,OrderStatus.Submitted,65000.14,1653898000,BTC-USDT,TimeCondition.GTC,1783610628872843978,0.001,0.001,0.0
4194834854,2837957847,1783610628873076905,1783610628873079499,203,order,benchmark,True,0.0,0.0,,,mock,0.0,,1783610628873076905,InstrumentType.Spot,6947440129078264412,OrderType.Limit,Direction.Long,64999.950000000004,277910816,Side.Buy,,OrderStatus.Submitted,64999.950000000004,1653898000,BTC-USDT,TimeCondition.GTC,1783610628873076905,0.001,0.001,0.0
4194834854,2837957847,1783610628873650984,1783610628873653886,203,order,benchmark,True,0.0,0.0,,,mock,0.0,,1783610628873650984,InstrumentType.Spot,6947440129078264413,OrderType.Limit,Direction.Long,65000.159999999996,277912592,Side.Sell,,OrderStatus.Submitted,65000.159999999996,1653898000,BTC-USDT,TimeCondition.GTC,1783610628873650984,0.001,0.001,0.0
4194834854,2837957847,1783610628873674555,1783610628873676953,203,order,benchmark,True,0.0,0.0,,,mock,0.0,,1783610628873674555,InstrumentType.Spot,6947440129078264414,OrderType.Limit,Direction.Long,64999.97,277914336,Side.Buy,,OrderStatus.Submitted,64999.97,1653898000,BTC-USDT,TimeCondition.GTC,1783610628873674555,0.001,0.001,0.0
4194834854,2837957847,1783610628874101120,1783610628874126399,203,order,benchmark,True,0.0,0.0,,,mock,0.0,,1783610628874101120,InstrumentType.Spot,6947440129078264415,OrderType.Limit,Direction.Long,65000.18,277916144,Side.Sell,,OrderStatus.Submitted,65000.18,1653898000,BTC-USDT,TimeCondition.GTC,1783610628874101120,0.001,0.001,0.0
4194834854,2837957847,1783610628874445916,1783610628874449819,203,order,benchmark,True,0.0,0.0,,,mock,0.0,,1783610628874445916,InstrumentType.Spot,6947440129078264416,OrderType.Limit,Direction.Long,64999.99,277917920,Side.Buy,,OrderStatus.Submitted,64999.99,1653898000,BTC-USDT,TimeCondition.GTC,1783610628874445916,0.001,0.001,0.0
4194834854,2837957847,1783610628874542881,1783610628874545462,203,order,benchmark,True,0.0,0.0,,,mock,0.0,,1783610628874542881,InstrumentType.Spot,6947440129078264417,OrderType.Limit,Direction.Long,65000.2,277919696,Side.Sell,,OrderStatus.Submitted,65000.2,1653898000,BTC-USDT,TimeCondition.GTC,1783610628874542881,0.001,0.001,0.0
4194834854,2837957847,1783610628874949496,1783610628874952575,203,order,benchmark,True,0.0,0.0,,,mock,0.0,,1783610628874949496,InstrumentType.Spot,6947440129078264418,OrderType.Limit,Direction.Long,65000.01,277921472,Side.Buy,,OrderStatus.Submitted,65000.01,1653898000,BTC-USDT,TimeCondition.GTC,1783610628874949496,0.001,0.001,0.0
4194834854,2837957847,1783610628875128308,1783610628875130455,203,order,benchmark,True,0.0,0.0,,,mock,0.0,,1783610628875128308,InstrumentType.Spot,6947440129078264419,OrderType.Limit,Direction.Long,65000.22,277923248,Side.Sell,,OrderStatus.Submitted,65000.22,1653898000,BTC-USDT,TimeCondition.GTC,1783610628875128308,0.001,0.001,0.0
4194834854,2837957847,1783610628875454542,1783610628875456573,203,order,benchmark,True,0.0,0.0,,,mock,0.0,,1783610628875454542,InstrumentType.Spot,6947440129078264420,OrderType.Limit,Direction.Long,65000.03,277925024,Side.Buy,,OrderStatus.Submitted,65000.03,1653898000,BTC-USDT,TimeCondition.GTC,1783610628875454542,0.001,0.001,0.0
4194834854,2837957847,1783610628875748013,1783610628875750032,203,order,benchmark,True,0.0,0.0,,,mock,0.0,,1783610628875748013,InstrumentType.Spot,6947440129078264421,OrderType.Limit,Direction.Long,65000.24,277926800,Side.Sell,,OrderStatus.Submitted,65000.24,1653898000,BTC-USDT,TimeCondition.GTC,1783610628875748013,0.001,0.001,0.0
4194834854,2837957847,1783610628876046604,1783610628876048492,203,order,benchmark,True,0.0,0.0,,,mock,0.0,,1783610628876046604,InstrumentType.Spot,6947440129078264422,OrderType.Limit,Direction.Long,65000.05,277928576,Side.Buy,,OrderStatus.Submitted,65000.05,1653898000,BTC-USDT,TimeCondition.GTC,1783610628876046604,0.001,0.001,0.0
4194834854,2837957847,1783610628876345295,1783610628876347267,203,order,benchmark,True,0.0,0.0,,,mock,0.0,,1783610628876345295,InstrumentType.Spot,6947440129078264423,OrderType.Limit,Direction.Long,65000.26,277930352,Side.Sell,,OrderStatus.Submitted,65000.26,1653898000,BTC-USDT,TimeCondition.GTC,1783610628876345295,0.001,0.001,0.0
4194834854,2837957847,1783610628876772470,1783610628876774988,203,order,benchmark,True,0.0,0.0,,,mock,0.0,,1783610628876772470,InstrumentType.Spot,6947440129078264424,OrderType.Limit,Direction.Long,65000.07,277932128,Side.Buy,,OrderStatus.Submitted,65000.07,1653898000,BTC-USDT,TimeCondition.GTC,1783610628876772470,0.001,0.001,0.0
4194834854,2837957847,1783610628876901933,1783610628876903751,203,order,benchmark,True,0.0,0.0,,,mock,0.0,,1783610628876901933,InstrumentType.Spot,6947440129078264425,OrderType.Limit,Direction.Long,65000.28,277933904,Side.Sell,,OrderStatus.Submitted,65000.28,1653898000,BTC-USDT,TimeCondition.GTC,1783610628876901933,0.001,0.001,0.0
4194834854,2837957847,1783610628877241757,1783610628877243600,203,order,benchmark,True,0.0,0.0,,,mock,0.0,,1783610628877241757,InstrumentType.Spot,6947440129078264426,OrderType.Limit,Direction.Long,65000.090000000004,277935680,Side.Buy,,OrderStatus.Submitted,65000.090000000004,1653898000,BTC-USDT,TimeCondition.GTC,1783610628877241757,0.001,0.001,0.0
4194834854,2837957847,1783610628877772902,1783610628877775620,203,order,benchmark,True,0.0,0.0,,,mock,0.0,,1783610628877772902,InstrumentType.Spot,6947440129078264427,OrderType.Limit,Direction.Long,65000.299999999996,277937456,Side.Sell,,OrderStatus.Submitted,65000.299999999996,1653898000,BTC-USDT,TimeCondition.GTC,1783610628877772902,0.001,0.001,0.0
4194834854,2837957847,1783610628877877052,1783610628877887604,203,order,benchmark,True,0.0,0.0,,,mock,0.0,,1783610628877877052,InstrumentType.Spot,6947440129078264428,OrderType.Limit,Direction.Long,65000.11,277939232,Side.Buy,,OrderStatus.Submitted,65000.11,1653898000,BTC-USDT,TimeCondition.GTC,1783610628877877052,0.001,0.001,0.0
4194834854,2837957847,1783610628878260799,1783610628878266705,203,order,benchmark,True,0.0,0.0,,,mock,0.0,,1783610628878260799,InstrumentType.Spot,6947440129078264429,OrderType.Limit,Direction.Long,65000.32,277941008,Side.Sell,,OrderStatus.Submitted,65000.32,1653898000,BTC-USDT,TimeCondition.GTC,1783610628878260799,0.001,0.001,0.0
4194834854,2837957847,1783610628878519650,1783610628878524784,203,order,benchmark,True,0.0,0.0,,,mock,0.0,,1783610628878519650,InstrumentType.Spot,6947440129078264430,OrderType.Limit,Direction.Long,65000.130000000005,277942784,Side.Buy,,OrderStatus.Submitted,65000.130000000005,1653898000,BTC-USDT,TimeCondition.GTC,1783610628878519650,0.001,0.001,0.0
4194834854,2837957847,1783610628878772491,1783610628878776616,203,order,benchmark,True,0.0,0.0,,,mock,0.0,,1783610628878772491,InstrumentType.Spot,6947440129078264431,OrderType.Limit,Direction.Long,65000.34,277944560,Side.Sell,,OrderStatus.Submitted,65000.34,1653898000,BTC-USDT,TimeCondition.GTC,1783610628878772491,0.001,0.001,0.0
4194834854,2837957847,1783610628879079141,1783610628879083770,203,order,benchmark,True,0.0,0.0,,,mock,0.0,,1783610628879079141,InstrumentType.Spot,6947440129078264432,OrderType.Limit,Direction.Long,65000.15,277946336,Side.Buy,,OrderStatus.Submitted,65000.15,1653898000,BTC-USDT,TimeCondition.GTC,1783610628879079141,0.001,0.001,0.0
4194834854,2837957847,1783610628879345662,1783610628879347865,203,order,benchmark,True,0.0,0.0,,,mock,0.0,,1783610628879345662,InstrumentType.Spot,6947440129078264433,OrderType.Limit,Direction.Long,65000.36,277948112,Side.Sell,,OrderStatus.Submitted,65000.36,1653898000,BTC-USDT,TimeCondition.GTC,1783610628879345662,0.001,0.001,0.0
4194834854,2837957847,1783610628879643828,1783610628879645776,203,order,benchmark,True,0.0,0.0,,,mock,0.0,,1783610628879643828,InstrumentType.Spot,6947440129078264434,OrderType.Limit,Direction.Long,65000.17,277949888,Side.Buy,,OrderStatus.Submitted,65000.17,1653898000,BTC-USDT,TimeCondition.GTC,1783610628879643828,0.001,0.001,0.0
4194834854,2837957847,1783610628879942937,1783610628879944841,203,order,benchmark,True,0.0,0.0,,,mock,0.0,,1783610628879942937,InstrumentType.Spot,6947440129078264435,OrderType.Limit,Direction.Long,65000.38,277951664,Side.Sell,,OrderStatus.Submitted,65000.38,1653898000,BTC-USDT,TimeCondition.GTC,1783610628879942937,0.001,0.001,0.0
4194834854,2837957847,1783610628880464823,1783610628880467717,203,order,benchmark,True,0.0,0.0,,,mock,0.0,,1783610628880464823,InstrumentType.Spot,6947440129078264436,OrderType.Limit,Direction.Long,65000.19,277953440,Side.Buy,,OrderStatus.Submitted,65000.19,1653898000,BTC-USDT,TimeCondition.GTC,1783610628880464823,0.001,0.001,0.0
4194834854,2837957847,1783610628880567802,1783610628880570523,203,order,benchmark,True,0.0,0.0,,,mock,0.0,,1783610628880567802,InstrumentType.Spot,6947440129078264437,OrderType.Limit,Direction.Long,65000.4,277955216,Side.Sell,,OrderStatus.Submitted,65000.4,1653898000,BTC-USDT,TimeCondition.GTC,1783610628880567802,0.001,0.001,0.0
4194834854,2837957847,1783610628880845278,1783610628880847717,203,order,benchmark,True,0.0,0.0,,,mock,0.0,,1783610628880845278,InstrumentType.Spot,6947440129078264438,OrderType.Limit,Direction.Long,65000.21,277956992,Side.Buy,,OrderStatus.Submitted,65000.21,1653898000,BTC-USDT,TimeCondition.GTC,1783610628880845278,0.001,0.001,0.0
4194834854,2837957847,1783610628881142455,1783610628881144296,203,order,benchmark,True,0.0,0.0,,,mock,0.0,,1783610628881142455,InstrumentType.Spot,6947440129078264439,OrderType.Limit,Direction.Long,65000.42,277958768,Side.Sell,,OrderStatus.Submitted,65000.42,1653898000,BTC-USDT,TimeCondition.GTC,1783610628881142455,0.001,0.001,0.0
4194834854,2837957847,1783610628881442706,1783610628881444486,203,order,benchmark,True,0.0,0.0,,,mock,0.0,,1783610628881442706,InstrumentType.Spot,6947440129078264440,OrderType.Limit,Direction.Long,65000.23,277960544,Side.Buy,,OrderStatus.Submitted,65000.23,1653898000,BTC-USDT,TimeCondition.GTC,1783610628881442706,0.001,0.001,0.0
4194834854,2837957847,1783610628881744971,1783610628881746789,203,order,benchmark,True,0.0,0.0,,,mock,0.0,,1783610628881744971,InstrumentType.Spot,6947440129078264441,OrderType.Limit,Direction.Long,65000.439999999995,277962320,Side.Sell,,OrderStatus.Submitted,65000.439999999995,1653898000,BTC-USDT,TimeCondition.GTC,1783610628881744971,0.001,0.001,0.0
4194834854,2837957847,1783610628882151705,1783610628882164828,203,order,benchmark,True,0.0,0.0,,,mock,0.0,,1783610628882151705,InstrumentType.Spot,6947440129078264442,OrderType.Limit,Direction.Long,65000.25,277964096,Side.Buy,,OrderStatus.Submitted,65000.25,1653898000,BTC-USDT,TimeCondition.GTC,1783610628882151705,0.001,0.001,0.0
4194834854,2837957847,1783610628882369151,1783610628882371191,203,order,benchmark,True,0.0,0.0,,,mock,0.0,,1783610628882369151,InstrumentType.Spot,6947440129078264443,OrderType.Limit,Direction.Long,65000.46,277965872,Side.Sell,,OrderStatus.Submitted,65000.46,1653898000,BTC-USDT,TimeCondition.GTC,1783610628882369151,0.001,0.001,0.0
4194834854,2837957847,1783610628882640224,1783610628882641862,203,order,benchmark,True,0.0,0.0,,,mock,0.0,,1783610628882640224,InstrumentType.Spot,6947440129078264444,OrderType.Limit,Direction.Long,65000.270000000004,277967648,Side.Buy,,OrderStatus.Submitted,65000.270000000004,1653898000,BTC-USDT,TimeCondition.GTC,1783610628882640224,0.001,0.001,0.0
4194834854,2837957847,1783610628882944692,1783610628882946906,203,order,benchmark,True,0.0,0.0,,,mock,0.0,,1783610628882944692,InstrumentType.Spot,6947440129078264445,OrderType.Limit,Direction.Long,65000.479999999996,277969424,Side.Sell,,OrderStatus.Submitted,65000.479999999996,1653898000,BTC-USDT,TimeCondition.GTC,1783610628882944692,0.001,0.001,0.0
4194834854,2837957847,1783610628883384608,1783610628883387245,203,order,benchmark,True,0.0,0.0,,,mock,0.0,,1783610628883384608,InstrumentType.Spot,6947440129078264446,OrderType.Limit,Direction.Long,65000.29,277971200,Side.Buy,,OrderStatus.Submitted,65000.29,1653898000,BTC-USDT,TimeCondition.GTC,1783610628883384608,0.001,0.001,0.0
4194834854,2837957847,1783610628883608424,1783610628883610249,203,order,benchmark,True,0.0,0.0,,,mock,0.0,,1783610628883608424,InstrumentType.Spot,6947440129078264447,OrderType.Limit,Direction.Long,65000.5,277972976,Side.Sell,,OrderStatus.Submitted,65000.5,1653898000,BTC-USDT,TimeCondition.GTC,1783610628883608424,0.001,0.001,0.0
4194834854,2837957847,1783610628883846852,1783610628883848671,203,order,benchmark,True,0.0,0.0,,,mock,0.0,,1783610628883846852,InstrumentType.Spot,6947440129078264448,OrderType.Limit,Direction.Long,65000.310000000005,277974752,Side.Buy,,OrderStatus.Submitted,65000.310000000005,1653898000,BTC-USDT,TimeCondition.GTC,1783610628883846852,0.001,0.001,0.0
4194834854,2837957847,1783610628884140633,1783610628884142550,203,order,benchmark,True,0.0,0.0,,,mock,0.0,,1783610628884140633,InstrumentType.Spot,6947440129078264449,OrderType.Limit,Direction.Long,65000.52,277976528,Side.Sell,,OrderStatus.Submitted,65000.52,1653898000,BTC-USDT,TimeCondition.GTC,1783610628884140633,0.001,0.001,0.0
4194834854,2837957847,1783610628884441041,1783610628884442937,203,order,benchmark,True,0.0,0.0,,,mock,0.0,,1783610628884441041,InstrumentType.Spot,6947440129078264450,OrderType.Limit,Direction.Long,65000.33,277978304,Side.Buy,,OrderStatus.Submitted,65000.33,1653898000,BTC-USDT,TimeCondition.GTC,1783610628884441041,0.001,0.001,0.0
4194834854,2837957847,1783610628884734569,1783610628884736374,203,order,benchmark,True,0.0,0.0,,,mock,0.0,,1783610628884734569,InstrumentType.Spot,6947440129078264451,OrderType.Limit,Direction.Long,65000.54,277980080,Side.Sell,,OrderStatus.Submitted,65000.54,1653898000,BTC-USDT,TimeCondition.GTC,1783610628884734569,0.001,0.001,0.0
4194834854,2837957847,1783610628885139042,1783610628885141062,203,order,benchmark,True,0.0,0.0,,,mock,0.0,,1783610628885139042,InstrumentType.Spot,6947440129078264452,OrderType.Limit,Direction.Long,65000.35,277981856,Side.Buy,,OrderStatus.Submitted,65000.35,1653898000,BTC-USDT,TimeCondition.GTC,1783610628885139042,0.001,0.001,0.0
4194834854,2837957847,1783610628885352674,1783610628885354463,203,order,benchmark,True,0.0,0.0,,,mock,0.0,,1783610628885352674,InstrumentType.Spot,6947440129078264453,OrderType.Limit,Direction.Long,65000.56,277983632,Side.Sell,,OrderStatus.Submitted,65000.56,1653898000,BTC-USDT,TimeCondition.GTC,1783610628885352674,0.001,0.001,0.0
4194834854,2837957847,1783610628885641872,1783610628885643719,203,order,benchmark,True,0.0,0.0,,,mock,0.0,,1783610628885641872,InstrumentType.Spot,6947440129078264454,OrderType.Limit,Direction.Long,65000.37,277985408,Side.Buy,,OrderStatus.Submitted,65000.37,1653898000,BTC-USDT,TimeCondition.GTC,1783610628885641872,0.001,0.001,0.0
4194834854,2837957847,1783610628885939521,1783610628885949159,203,order,benchmark,True,0.0,0.0,,,mock,0.0,,1783610628885939521,InstrumentType.Spot,6947440129078264455,OrderType.Limit,Direction.Long,65000.58,277987184,Side.Sell,,OrderStatus.Submitted,65000.58,1653898000,BTC-USDT,TimeCondition.GTC,1783610628885939521,0.001,0.001,0.0
4194834854,2837957847,1783610628886237153,1783610628886238890,203,order,benchmark,True,0.0,0.0,,,mock,0.0,,1783610628886237153,InstrumentType.Spot,6947440129078264456,OrderType.Limit,Direction.Long,65000.39,277988960,Side.Buy,,OrderStatus.Submitted,65000.39,1653898000,BTC-USDT,TimeCondition.GTC,1783610628886237153,0.001,0.001,0.0
4194834854,2837957847,1783610628886548256,1783610628886550133,203,order,benchmark,True,0.0,0.0,,,mock,0.0,,1783610628886548256,InstrumentType.Spot,6947440129078264457,OrderType.Limit,Direction.Long,65000.6,277990736,Side.Sell,,OrderStatus.Submitted,65000.6,1653898000,BTC-USDT,TimeCondition.GTC,1783610628886548256,0.001,0.001,0.0
4194834854,2837957847,1783610628886841616,1783610628886843493,203,order,benchmark,True,0.0,0.0,,,mock,0.0,,1783610628886841616,InstrumentType.Spot,6947440129078264458,OrderType.Limit,Direction.Long,65000.41,277992512,Side.Buy,,OrderStatus.Submitted,65000.41,1653898000,BTC-USDT,TimeCondition.GTC,1783610628886841616,0.001,0.001,0.0
4194834854,2837957847,1783610628887141789,1783610628887143622,203,order,benchmark,True,0.0,0.0,,,mock,0.0,,1783610628887141789,InstrumentType.Spot,6947440129078264459,OrderType.Limit,Direction.Long,65000.619999999995,277994288,Side.Sell,,OrderStatus.Submitted,65000.619999999995,1653898000,BTC-USDT,TimeCondition.GTC,1783610628887141789,0.001,0.001,0.0
4194834854,2837957847,1783610628887442544,1783610628887444360,203,order,benchmark,True,0.0,0.0,,,mock,0.0,,1783610628887442544,InstrumentType.Spot,6947440129078264460,OrderType.Limit,Direction.Long,65000.43,277996064,Side.Buy,,OrderStatus.Submitted,65000.43,1653898000,BTC-USDT,TimeCondition.GTC,1783610628887442544,0.001,0.001,0.0
4194834854,2837957847,1783610628887739863,1783610628887741676,203,order,benchmark,True,0.0,0.0,,,mock,0.0,,1783610628887739863,InstrumentType.Spot,6947440129078264461,OrderType.Limit,Direction.Long,65000.64,277997840,Side.Sell,,OrderStatus.Submitted,65000.64,1653898000,BTC-USDT,TimeCondition.GTC,1783610628887739863,0.001,0.001,0.0
4194834854,2837957847,1783610628888042882,1783610628888044644,203,order,benchmark,True,0.0,0.0,,,mock,0.0,,1783610628888042882,InstrumentType.Spot,6947440129078264462,OrderType.Limit,Direction.Long,65000.450000000004,277999616,Side.Buy,,OrderStatus.Submitted,65000.450000000004,1653898000,BTC-USDT,TimeCondition.GTC,1783610628888042882,0.001,0.001,0.0
4194834854,2837957847,1783610628888339897,1783610628888341744,203,order,benchmark,True,0.0,0.0,,,mock,0.0,,1783610628888339897,InstrumentType.Spot,6947440129078264463,OrderType.Limit,Direction.Long,65000.659999999996,278001392,Side.Sell,,OrderStatus.Submitted,65000.659999999996,1653898000,BTC-USDT,TimeCondition.GTC,1783610628888339897,0.001,0.001,0.0
4194834854,2837957847,1783610628888640691,1783610628888643232,203,order,benchmark,True,0.0,0.0,,,mock,0.0,,1783610628888640691,InstrumentType.Spot,6947440129078264464,OrderType.Limit,Direction.Long,65000.47,278003168,Side.Buy,,OrderStatus.Submitted,65000.47,1653898000,BTC-USDT,TimeCondition.GTC,1783610628888640691,0.001,0.001,0.0
4194834854,2837957847,1783610628888940191,1783610628888942026,203,order,benchmark,True,0.0,0.0,,,mock,0.0,,1783610628888940191,InstrumentType.Spot,6947440129078264465,OrderType.Limit,Direction.Long,65000.68,278004944,Side.Sell,,OrderStatus.Submitted,65000.68,1653898000,BTC-USDT,TimeCondition.GTC,1783610628888940191,0.001,0.001,0.0
4194834854,2837957847,1783610628889357982,1783610628889360113,203,order,benchmark,True,0.0,0.0,,,mock,0.0,,1783610628889357982,InstrumentType.Spot,6947440129078264466,OrderType.Limit,Direction.Long,65000.49,278006720,Side.Buy,,OrderStatus.Submitted,65000.49,1653898000,BTC-USDT,TimeCondition.GTC,1783610628889357982,0.001,0.001,0.0
4194834854,2837957847,1783610628889859605,1783610628889861489,203,order,benchmark,True,0.0,0.0,,,mock,0.0,,1783610628889859605,InstrumentType.Spot,6947440129078264467,OrderType.Limit,Direction.Long,65000.7,278008496,Side.Sell,,OrderStatus.Submitted,65000.7,1653898000,BTC-USDT,TimeCondition.GTC,1783610628889859605,0.001,0.001,0.0
4194834854,2837957847,1783610628889876437,1783610628889886140,203,order,benchmark,True,0.0,0.0,,,mock,0.0,,1783610628889876437,InstrumentType.Spot,6947440129078264468,OrderType.Limit,Direction.Long,65000.51,278010240,Side.Buy,,OrderStatus.Submitted,65000.51,1653898000,BTC-USDT,TimeCondition.GTC,1783610628889876437,0.001,0.001,0.0
4194834854,2837957847,1783610628890385417,1783610628890391061,203,order,benchmark,True,0.0,0.0,,,mock,0.0,,1783610628890385417,InstrumentType.Spot,6947440129078264469,OrderType.Limit,Direction.Long,65000.72,278012048,Side.Sell,,OrderStatus.Submitted,65000.72,1653898000,BTC-USDT,TimeCondition.GTC,1783610628890385417,0.001,0.001,0.0
4194834854,2837957847,1783610628890474887,1783610628890476649,203,order,benchmark,True,0.0,0.0,,,mock,0.0,,1783610628890474887,InstrumentType.Spot,6947440129078264470,OrderType.Limit,Direction.Long,65000.53,278013824,Side.Buy,,OrderStatus.Submitted,65000.53,1653898000,BTC-USDT,TimeCondition.GTC,1783610628890474887,0.001,0.001,0.0
4194834854,2837957847,1783610628890693520,1783610628890696324,203,order,benchmark,True,0.0,0.0,,,mock,0.0,,1783610628890693520,InstrumentType.Spot,6947440129078264471,OrderType.Limit,Direction.Long,65000.74,278015600,Side.Sell,,OrderStatus.Submitted,65000.74,1653898000,BTC-USDT,TimeCondition.GTC,1783610628890693520,0.001,0.001,0.0
4194834854,2837957847,1783610628891049695,1783610628891052634,203,order,benchmark,True,0.0,0.0,,,mock,0.0,,1783610628891049695,InstrumentType.Spot,6947440129078264472,OrderType.Limit,Direction.Long,65000.55,278017376,Side.Buy,,OrderStatus.Submitted,65000.55,1653898000,BTC-USDT,TimeCondition.GTC,1783610628891049695,0.001,0.001,0.0
4194834854,2837957847,1783610628891337461,1783610628891339398,203,order,benchmark,True,0.0,0.0,,,mock,0.0,,1783610628891337461,InstrumentType.Spot,6947440129078264473,OrderType.Limit,Direction.Long,65000.76,278019152,Side.Sell,,OrderStatus.Submitted,65000.76,1653898000,BTC-USDT,TimeCondition.GTC,1783610628891337461,0.001,0.001,0.0
4194834854,2837957847,1783610628891636311,1783610628891637958,203,order,benchmark,True,0.0,0.0,,,mock,0.0,,1783610628891636311,InstrumentType.Spot,6947440129078264474,OrderType.Limit,Direction.Long,65000.57,278020928,Side.Buy,,OrderStatus.Submitted,65000.57,1653898000,BTC-USDT,TimeCondition.GTC,1783610628891636311,0.001,0.001,0.0
4194834854,2837957847,1783610628891936579,1783610628891938280,203,order,benchmark,True,0.0,0.0,,,mock,0.0,,1783610628891936579,InstrumentType.Spot,6947440129078264475,OrderType.Limit,Direction.Long,65000.78,278022704,Side.Sell,,OrderStatus.Submitted,65000.78,1653898000,BTC-USDT,TimeCondition.GTC,1783610628891936579,0.001,0.001,0.0
4194834854,2837957847,1783610628892256532,1783610628892258561,203,order,benchmark,True,0.0,0.0,,,mock,0.0,,1783610628892256532,InstrumentType.Spot,6947440129078264476,OrderType.Limit,Direction.Long,65000.590000000004,275189280,Side.Buy,,OrderStatus.Submitted,65000.590000000004,1653898000,BTC-USDT,TimeCondition.GTC,1783610628892256532,0.001,0.001,0.0
4194834854,2837957847,1783610628892539874,1783610628892541601,203,order,benchmark,True,0.0,0.0,,,mock,0.0,,1783610628892539874,InstrumentType.Spot,6947440129078264477,OrderType.Limit,Direction.Long,65000.799999999996,275191056,Side.Sell,,OrderStatus.Submitted,65000.799999999996,1653898000,BTC-USDT,TimeCondition.GTC,1783610628892539874,0.001,0.001,0.0
4194834854,2837957847,1783610628892840173,1783610628892842059,203,order,benchmark,True,0.0,0.0,,,mock,0.0,,1783610628892840173,InstrumentType.Spot,6947440129078264478,OrderType.Limit,Direction.Long,65000.61,275192832,Side.Buy,,OrderStatus.Submitted,65000.61,1653898000,BTC-USDT,TimeCondition.GTC,1783610628892840173,0.001,0.001,0.0
4194834854,2837957847,1783610628893141947,1783610628893143800,203,order,benchmark,True,0.0,0.0,,,mock,0.0,,1783610628893141947,InstrumentType.Spot,6947440129078264479,OrderType.Limit,Direction.Long,65000.82,275194608,Side.Sell,,OrderStatus.Submitted,65000.82,1653898000,BTC-USDT,TimeCondition.GTC,1783610628893141947,0.001,0.001,0.0
4194834854,2837957847,1783610628893440408,1783610628893442336,203,order,benchmark,True,0.0,0.0,,,mock,0.0,,1783610628893440408,InstrumentType.Spot,6947440129078264480,OrderType.Limit,Direction.Long,65000.630000000005,275196384,Side.Buy,,OrderStatus.Submitted,65000.630000000005,1653898000,BTC-USDT,TimeCondition.GTC,1783610628893440408,0.001,0.001,0.0
4194834854,2837957847,1783610628893739773,1783610628893751421,203,order,benchmark,True,0.0,0.0,,,mock,0.0,,1783610628893739773,InstrumentType.Spot,6947440129078264481,OrderType.Limit,Direction.Long,65000.84,277890640,Side.Sell,,OrderStatus.Submitted,65000.84,1653898000,BTC-USDT,TimeCondition.GTC,1783610628893739773,0.001,0.001,0.0
4194834854,2837957847,1783610628894050174,1783610628894052566,203,order,benchmark,True,0.0,0.0,,,mock,0.0,,1783610628894050174,InstrumentType.Spot,6947440129078264482,OrderType.Limit,Direction.Long,65000.65,277892416,Side.Buy,,OrderStatus.Submitted,65000.65,1653898000,BTC-USDT,TimeCondition.GTC,1783610628894050174,0.001,0.001,0.0
4194834854,2837957847,1783610628894340193,1783610628894341966,203,order,benchmark,True,0.0,0.0,,,mock,0.0,,1783610628894340193,InstrumentType.Spot,6947440129078264483,OrderType.Limit,Direction.Long,65000.86,277894192,Side.Sell,,OrderStatus.Submitted,65000.86,1653898000,BTC-USDT,TimeCondition.GTC,1783610628894340193,0.001,0.001,0.0
4194834854,2837957847,1783610628894641880,1783610628894643735,203,order,benchmark,True,0.0,0.0,,,mock,0.0,,1783610628894641880,InstrumentType.Spot,6947440129078264484,OrderType.Limit,Direction.Long,65000.67,275204224,Side.Buy,,OrderStatus.Submitted,65000.67,1653898000,BTC-USDT,TimeCondition.GTC,1783610628894641880,0.001,0.001,0.0
4194834854,2837957847,1783610628894949040,1783610628894950940,203,order,benchmark,True,0.0,0.0,,,mock,0.0,,1783610628894949040,InstrumentType.Spot,6947440129078264485,OrderType.Limit,Direction.Long,65000.88,275205968,Side.Sell,,OrderStatus.Submitted,65000.88,1653898000,BTC-USDT,TimeCondition.GTC,1783610628894949040,0.001,0.001,0.0
4194834854,2837957847,1783610628895244272,1783610628895246026,203,order,benchmark,True,0.0,0.0,,,mock,0.0,,1783610628895244272,InstrumentType.Spot,6947440129078264486,OrderType.Limit,Direction.Long,65000.69,275207744,Side.Buy,,OrderStatus.Submitted,65000.69,1653898000,BTC-USDT,TimeCondition.GTC,1783610628895244272,0.001,0.001,0.0
4194834854,2837957847,1783610628895536685,1783610628895538342,203,order,benchmark,True,0.0,0.0,,,mock,0.0,,1783610628895536685,InstrumentType.Spot,6947440129078264487,OrderType.Limit,Direction.Long,65000.9,275209520,Side.Sell,,OrderStatus.Submitted,65000.9,1653898000,BTC-USDT,TimeCondition.GTC,1783610628895536685,0.001,0.001,0.0
4194834854,2837957847,1783610628895840184,1783610628895842009,203,order,benchmark,True,0.0,0.0,,,mock,0.0,,1783610628895840184,InstrumentType.Spot,6947440129078264488,OrderType.Limit,Direction.Long,65000.71,275211296,Side.Buy,,OrderStatus.Submitted,65000.71,1653898000,BTC-USDT,TimeCondition.GTC,1783610628895840184,0.001,0.001,0.0
4194834854,2837957847,1783610628896408890,1783610628896410673,203,order,benchmark,True,0.0,0.0,,,mock,0.0,,1783610628896408890,InstrumentType.Spot,6947440129078264489,OrderType.Limit,Direction.Long,65000.92,275213072,Side.Sell,,OrderStatus.Submitted,65000.92,1653898000,BTC-USDT,TimeCondition.GTC,1783610628896408890,0.001,0.001,0.0
4194834854,2837957847,1783610628896429902,1783610628896431479,203,order,benchmark,True,0.0,0.0,,,mock,0.0,,1783610628896429902,InstrumentType.Spot,6947440129078264490,OrderType.Limit,Direction.Long,65000.73,275214816,Side.Buy,,OrderStatus.Submitted,65000.73,1653898000,BTC-USDT,TimeCondition.GTC,1783610628896429902,0.001,0.001,0.0
4194834854,2837957847,1783610628896738225,1783610628896740325,203,order,benchmark,True,0.0,0.0,,,mock,0.0,,1783610628896738225,InstrumentType.Spot,6947440129078264491,OrderType.Limit,Direction.Long,65000.939999999995,275216624,Side.Sell,,OrderStatus.Submitted,65000.939999999995,1653898000,BTC-USDT,TimeCondition.GTC,1783610628896738225,0.001,0.001,0.0
4194834854,2837957847,1783610628897241490,1783610628897244265,203,order,benchmark,True,0.0,0.0,,,mock,0.0,,1783610628897241490,InstrumentType.Spot,6947440129078264492,OrderType.Limit,Direction.Long,65000.75,275218400,Side.Buy,,OrderStatus.Submitted,65000.75,1653898000,BTC-USDT,TimeCondition.GTC,1783610628897241490,0.001,0.001,0.0
4194834854,2837957847,1783610628897573386,1783610628897576289,203,order,benchmark,True,0.0,0.0,,,mock,0.0,,1783610628897573386,InstrumentType.Spot,6947440129078264493,OrderType.Limit,Direction.Long,65000.96,275220176,Side.Sell,,OrderStatus.Submitted,65000.96,1653898000,BTC-USDT,TimeCondition.GTC,1783610628897573386,0.001,0.001,0.0
4194834854,2837957847,1783610628897598571,1783610628897610164,203,order,benchmark,True,0.0,0.0,,,mock,0.0,,1783610628897598571,InstrumentType.Spot,6947440129078264494,OrderType.Limit,Direction.Long,65000.770000000004,275221920,Side.Buy,,OrderStatus.Submitted,65000.770000000004,1653898000,BTC-USDT,TimeCondition.GTC,1783610628897598571,0.001,0.001,0.0
4194834854,2837957847,1783610628898167700,1783610628898171027,203,order,benchmark,True,0.0,0.0,,,mock,0.0,,1783610628898167700,InstrumentType.Spot,6947440129078264495,OrderType.Limit,Direction.Long,65000.979999999996,275223728,Side.Sell,,OrderStatus.Submitted,65000.979999999996,1653898000,BTC-USDT,TimeCondition.GTC,1783610628898167700,0.001,0.001,0.0
4194834854,2837957847,1783610628898191678,1783610628898194273,203,order,benchmark,True,0.0,0.0,,,mock,0.0,,1783610628898191678,InstrumentType.Spot,6947440129078264496,OrderType.Limit,Direction.Long,65000.79,275225472,Side.Buy,,OrderStatus.Submitted,65000.79,1653898000,BTC-USDT,TimeCondition.GTC,1783610628898191678,0.001,0.001,0.0
4194834854,2837957847,1783610628898820748,1783610628898823412,203,order,benchmark,True,0.0,0.0,,,mock,0.0,,1783610628898820748,InstrumentType.Spot,6947440129078264497,OrderType.Limit,Direction.Long,65001.0,275227280,Side.Sell,,OrderStatus.Submitted,65001.0,1653898000,BTC-USDT,TimeCondition.GTC,1783610628898820748,0.001,0.001,0.0
4194834854,2837957847,1783610628898858076,1783610628898860407,203,order,benchmark,True,0.0,0.0,,,mock,0.0,,1783610628898858076,InstrumentType.Spot,6947440129078264498,OrderType.Limit,Direction.Long,65000.810000000005,275229024,Side.Buy,,OrderStatus.Submitted,65000.810000000005,1653898000,BTC-USDT,TimeCondition.GTC,1783610628898858076,0.001,0.001,0.0
4194834854,2837957847,1783610628899073535,1783610628899076139,203,order,benchmark,True,0.0,0.0,,,mock,0.0,,1783610628899073535,InstrumentType.Spot,6947440129078264499,OrderType.Limit,Direction.Long,65001.02,275230832,Side.Sell,,OrderStatus.Submitted,65001.02,1653898000,BTC-USDT,TimeCondition.GTC,1783610628899073535,0.001,0.001,0.0
4194834854,2837957847,1783610628899444760,1783610628899446620,203,order,benchmark,True,0.0,0.0,,,mock,0.0,,1783610628899444760,InstrumentType.Spot,6947440129078264500,OrderType.Limit,Direction.Long,65000.83,275232608,Side.Buy,,OrderStatus.Submitted,65000.83,1653898000,BTC-USDT,TimeCondition.GTC,1783610628899444760,0.001,0.001,0.0
4194834854,2837957847,1783610628899743537,1783610628899745628,203,order,benchmark,True,0.0,0.0,,,mock,0.0,,1783610628899743537,InstrumentType.Spot,6947440129078264501,OrderType.Limit,Direction.Long,65001.04,275234384,Side.Sell,,OrderStatus.Submitted,65001.04,1653898000,BTC-USDT,TimeCondition.GTC,1783610628899743537,0.001,0.001,0.0
4194834854,2837957847,1783610628900042768,1783610628900044643,203,order,benchmark,True,0.0,0.0,,,mock,0.0,,1783610628900042768,InstrumentType.Spot,6947440129078264502,OrderType.Limit,Direction.Long,65000.85,275236160,Side.Buy,,OrderStatus.Submitted,65000.85,1653898000,BTC-USDT,TimeCondition.GTC,1783610628900042768,0.001,0.001,0.0
4194834854,2837957847,1783610628900338723,1783610628900340314,203,order,benchmark,True,0.0,0.0,,,mock,0.0,,1783610628900338723,InstrumentType.Spot,6947440129078264503,OrderType.Limit,Direction.Long,65001.06,275237936,Side.Sell,,OrderStatus.Submitted,65001.06,1653898000,BTC-USDT,TimeCondition.GTC,1783610628900338723,0.001,0.001,0.0
4194834854,2837957847,1783610628900651918,1783610628900653842,203,order,benchmark,True,0.0,0.0,,,mock,0.0,,1783610628900651918,InstrumentType.Spot,6947440129078264504,OrderType.Limit,Direction.Long,65000.87,275239712,Side.Buy,,OrderStatus.Submitted,65000.87,1653898000,BTC-USDT,TimeCondition.GTC,1783610628900651918,0.001,0.001,0.0
4194834854,2837957847,1783610628900936385,1783610628900938008,203,order,benchmark,True,0.0,0.0,,,mock,0.0,,1783610628900936385,InstrumentType.Spot,6947440129078264505,OrderType.Limit,Direction.Long,65001.08,275241488,Side.Sell,,OrderStatus.Submitted,65001.08,1653898000,BTC-USDT,TimeCondition.GTC,1783610628900936385,0.001,0.001,0.0
4194834854,2837957847,1783610628901241014,1783610628901242861,203,order,benchmark,True,0.0,0.0,,,mock,0.0,,1783610628901241014,InstrumentType.Spot,6947440129078264506,OrderType.Limit,Direction.Long,65000.89,275243264,Side.Buy,,OrderStatus.Submitted,65000.89,1653898000,BTC-USDT,TimeCondition.GTC,1783610628901241014,0.001,0.001,0.0
4194834854,2837957847,1783610628901541231,1783610628901543077,203,order,benchmark,True,0.0,0.0,,,mock,0.0,,1783610628901541231,InstrumentType.Spot,6947440129078264507,OrderType.Limit,Direction.Long,65000.1,275245040,Side.Sell,,OrderStatus.Submitted,65000.1,1653898000,BTC-USDT,TimeCondition.GTC,1783610628901541231,0.001,0.001,0.0
4194834854,2837957847,1783610628901838942,1783610628901847977,203,order,benchmark,True,0.0,0.0,,,mock,0.0,,1783610628901838942,InstrumentType.Spot,6947440129078264508,OrderType.Limit,Direction.Long,64999.91,275246816,Side.Buy,,OrderStatus.Submitted,64999.91,1653898000,BTC-USDT,TimeCondition.GTC,1783610628901838942,0.001,0.001,0.0
4194834854,2837957847,1783610628902138092,1783610628902139794,203,order,benchmark,True,0.0,0.0,,,mock,0.0,,1783610628902138092,InstrumentType.Spot,6947440129078264509,OrderType.Limit,Direction.Long,65000.119999999995,275248592,Side.Sell,,OrderStatus.Submitted,65000.119999999995,1653898000,BTC-USDT,TimeCondition.GTC,1783610628902138092,0.001,0.001,0.0
4194834854,2837957847,1783610628902442557,1783610628902444387,203,order,benchmark,True,0.0,0.0,,,mock,0.0,,1783610628902442557,InstrumentType.Spot,6947440129078264510,OrderType.Limit,Direction.Long,64999.93,275250368,Side.Buy,,OrderStatus.Submitted,64999.93,1653898000,BTC-USDT,TimeCondition.GTC,1783610628902442557,0.001,0.001,0.0
4194834854,2837957847,1783610628902741436,1783610628902743216,203,order,benchmark,True,0.0,0.0,,,mock,0.0,,1783610628902741436,InstrumentType.Spot,6947440129078264511,OrderType.Limit,Direction.Long,65000.14,275252144,Side.Sell,,OrderStatus.Submitted,65000.14,1653898000,BTC-USDT,TimeCondition.GTC,1783610628902741436,0.001,0.001,0.0
4194834854,2837957847,1783610628903044040,1783610628903045713,203,order,benchmark,True,0.0,0.0,,,mock,0.0,,1783610628903044040,InstrumentType.Spot,6947440129078264512,OrderType.Limit,Direction.Long,64999.950000000004,275253920,Side.Buy,,OrderStatus.Submitted,64999.950000000004,1653898000,BTC-USDT,TimeCondition.GTC,1783610628903044040,0.001,0.001,0.0
4194834854,2837957847,1783610628903460600,1783610628903463666,203,order,benchmark,True,0.0,0.0,,,mock,0.0,,1783610628903460600,InstrumentType.Spot,6947440129078264513,OrderType.Limit,Direction.Long,65000.159999999996,275255696,Side.Sell,,OrderStatus.Submitted,65000.159999999996,1653898000,BTC-USDT,TimeCondition.GTC,1783610628903460600,0.001,0.001,0.0
4194834854,2837957847,1783610628903582667,1783610628903585256,203,order,benchmark,True,0.0,0.0,,,mock,0.0,,1783610628903582667,InstrumentType.Spot,6947440129078264514,OrderType.Limit,Direction.Long,64999.97,275257472,Side.Buy,,OrderStatus.Submitted,64999.97,1653898000,BTC-USDT,TimeCondition.GTC,1783610628903582667,0.001,0.001,0.0
4194834854,2837957847,1783610628903948600,1783610628903951151,203,order,benchmark,True,0.0,0.0,,,mock,0.0,,1783610628903948600,InstrumentType.Spot,6947440129078264515,OrderType.Limit,Direction.Long,65000.18,275259248,Side.Sell,,OrderStatus.Submitted,65000.18,1653898000,BTC-USDT,TimeCondition.GTC,1783610628903948600,0.001,0.001,0.0
4194834854,2837957847,1783610628904241641,1783610628904243376,203,order,benchmark,True,0.0,0.0,,,mock,0.0,,1783610628904241641,InstrumentType.Spot,6947440129078264516,OrderType.Limit,Direction.Long,64999.99,275261024,Side.Buy,,OrderStatus.Submitted,64999.99,1653898000,BTC-USDT,TimeCondition.GTC,1783610628904241641,0.001,0.001,0.0
4194834854,2837957847,1783610628904812965,1783610628904814972,203,order,benchmark,True,0.0,0.0,,,mock,0.0,,1783610628904812965,InstrumentType.Spot,6947440129078264517,OrderType.Limit,Direction.Long,65000.2,275262800,Side.Sell,,OrderStatus.Submitted,65000.2,1653898000,BTC-USDT,TimeCondition.GTC,1783610628904812965,0.001,0.001,0.0
4194834854,2837957847,1783610628904828472,1783610628904829764,203,order,benchmark,True,0.0,0.0,,,mock,0.0,,1783610628904828472,InstrumentType.Spot,6947440129078264518,OrderType.Limit,Direction.Long,65000.01,275264544,Side.Buy,,OrderStatus.Submitted,65000.01,1653898000,BTC-USDT,TimeCondition.GTC,1783610628904828472,0.001,0.001,0.0
4194834854,2837957847,1783610628905371363,1783610628905374254,203,order,benchmark,True,0.0,0.0,,,mock,0.0,,1783610628905371363,InstrumentType.Spot,6947440129078264519,OrderType.Limit,Direction.Long,65000.22,275266352,Side.Sell,,OrderStatus.Submitted,65000.22,1653898000,BTC-USDT,TimeCondition.GTC,1783610628905371363,0.001,0.001,0.0
4194834854,2837957847,1783610628905729641,1783610628905732336,203,order,benchmark,True,0.0,0.0,,,mock,0.0,,1783610628905729641,InstrumentType.Spot,6947440129078264520,OrderType.Limit,Direction.Long,65000.03,275268128,Side.Buy,,OrderStatus.Submitted,65000.03,1653898000,BTC-USDT,TimeCondition.GTC,1783610628905729641,0.001,0.001,0.0
4194834854,2837957847,1783610628905767810,1783610628905783157,203,order,benchmark,True,0.0,0.0,,,mock,0.0,,1783610628905767810,InstrumentType.Spot,6947440129078264521,OrderType.Limit,Direction.Long,65000.24,275269904,Side.Sell,,OrderStatus.Submitted,65000.24,1653898000,BTC-USDT,TimeCondition.GTC,1783610628905767810,0.001,0.001,0.0
4194834854,2837957847,1783610628906228885,1783610628906232691,203,order,benchmark,True,0.0,0.0,,,mock,0.0,,1783610628906228885,InstrumentType.Spot,6947440129078264522,OrderType.Limit,Direction.Long,65000.05,275271680,Side.Buy,,OrderStatus.Submitted,65000.05,1653898000,BTC-USDT,TimeCondition.GTC,1783610628906228885,0.001,0.001,0.0
4194834854,2837957847,1783610628906378636,1783610628906380611,203,order,benchmark,True,0.0,0.0,,,mock,0.0,,1783610628906378636,InstrumentType.Spot,6947440129078264523,OrderType.Limit,Direction.Long,65000.26,275273456,Side.Sell,,OrderStatus.Submitted,65000.26,1653898000,BTC-USDT,TimeCondition.GTC,1783610628906378636,0.001,0.001,0.0
4194834854,2837957847,1783610628906959553,1783610628906963174,203,order,benchmark,True,0.0,0.0,,,mock,0.0,,1783610628906959553,InstrumentType.Spot,6947440129078264524,OrderType.Limit,Direction.Long,65000.07,275275232,Side.Buy,,OrderStatus.Submitted,65000.07,1653898000,BTC-USDT,TimeCondition.GTC,1783610628906959553,0.001,0.001,0.0
4194834854,2837957847,1783610628906992469,1783610628906994146,203,order,benchmark,True,0.0,0.0,,,mock,0.0,,1783610628906992469,InstrumentType.Spot,6947440129078264525,OrderType.Limit,Direction.Long,65000.28,275276976,Side.Sell,,OrderStatus.Submitted,65000.28,1653898000,BTC-USDT,TimeCondition.GTC,1783610628906992469,0.001,0.001,0.0
4194834854,2837957847,1783610628907212289,1783610628907214696,203,order,benchmark,True,0.0,0.0,,,mock,0.0,,1783610628907212289,InstrumentType.Spot,6947440129078264526,OrderType.Limit,Direction.Long,65000.090000000004,275278784,Side.Buy,,OrderStatus.Submitted,65000.090000000004,1653898000,BTC-USDT,TimeCondition.GTC,1783610628907212289,0.001,0.001,0.0
4194834854,2837957847,1783610628907668948,1783610628907670854,203,order,benchmark,True,0.0,0.0,,,mock,0.0,,1783610628907668948,InstrumentType.Spot,6947440129078264527,OrderType.Limit,Direction.Long,65000.299999999996,275280560,Side.Sell,,OrderStatus.Submitted,65000.299999999996,1653898000,BTC-USDT,TimeCondition.GTC,1783610628907668948,0.001,0.001,0.0
4194834854,2837957847,1783610628907894009,1783610628907895630,203,order,benchmark,True,0.0,0.0,,,mock,0.0,,1783610628907894009,InstrumentType.Spot,6947440129078264528,OrderType.Limit,Direction.Long,65000.11,275282336,Side.Buy,,OrderStatus.Submitted,65000.11,1653898000,BTC-USDT,TimeCondition.GTC,1783610628907894009,0.001,0.001,0.0
4194834854,2837957847,1783610628908269382,1783610628908271316,203,order,benchmark,True,0.0,0.0,,,mock,0.0,,1783610628908269382,InstrumentType.Spot,6947440129078264529,OrderType.Limit,Direction.Long,65000.32,275284112,Side.Sell,,OrderStatus.Submitted,65000.32,1653898000,BTC-USDT,TimeCondition.GTC,1783610628908269382,0.001,0.001,0.0
4194834854,2837957847,1783610628908479299,1783610628908481132,203,order,benchmark,True,0.0,0.0,,,mock,0.0,,1783610628908479299,InstrumentType.Spot,6947440129078264530,OrderType.Limit,Direction.Long,65000.130000000005,275285888,Side.Buy,,OrderStatus.Submitted,65000.130000000005,1653898000,BTC-USDT,TimeCondition.GTC,1783610628908479299,0.001,0.001,0.0
4194834854,2837957847,1783610628908737257,1783610628908738929,203,order,benchmark,True,0.0,0.0,,,mock,0.0,,1783610628908737257,InstrumentType.Spot,6947440129078264531,OrderType.Limit,Direction.Long,65000.34,275287664,Side.Sell,,OrderStatus.Submitted,65000.34,1653898000,BTC-USDT,TimeCondition.GTC,1783610628908737257,0.001,0.001,0.0
4194834854,2837957847,1783610628909043502,1783610628909045269,203,order,benchmark,True,0.0,0.0,,,mock,0.0,,1783610628909043502,InstrumentType.Spot,6947440129078264532,OrderType.Limit,Direction.Long,65000.15,275289440,Side.Buy,,OrderStatus.Submitted,65000.15,1653898000,BTC-USDT,TimeCondition.GTC,1783610628909043502,0.001,0.001,0.0
4194834854,2837957847,1783610628909356109,1783610628909358299,203,order,benchmark,True,0.0,0.0,,,mock,0.0,,1783610628909356109,InstrumentType.Spot,6947440129078264533,OrderType.Limit,Direction.Long,65000.36,275291216,Side.Sell,,OrderStatus.Submitted,65000.36,1653898000,BTC-USDT,TimeCondition.GTC,1783610628909356109,0.001,0.001,0.0
4194834854,2837957847,1783610628909638069,1783610628909649395,203,order,benchmark,True,0.0,0.0,,,mock,0.0,,1783610628909638069,InstrumentType.Spot,6947440129078264534,OrderType.Limit,Direction.Long,65000.17,275292992,Side.Buy,,OrderStatus.Submitted,65000.17,1653898000,BTC-USDT,TimeCondition.GTC,1783610628909638069,0.001,0.001,0.0
4194834854,2837957847,1783610628909938186,1783610628909939829,203,order,benchmark,True,0.0,0.0,,,mock,0.0,,1783610628909938186,InstrumentType.Spot,6947440129078264535,OrderType.Limit,Direction.Long,65000.38,275294768,Side.Sell,,OrderStatus.Submitted,65000.38,1653898000,BTC-USDT,TimeCondition.GTC,1783610628909938186,0.001,0.001,0.0
4194834854,2837957847,1783610628910239628,1783610628910241511,203,order,benchmark,True,0.0,0.0,,,mock,0.0,,1783610628910239628,InstrumentType.Spot,6947440129078264536,OrderType.Limit,Direction.Long,65000.19,275296544,Side.Buy,,OrderStatus.Submitted,65000.19,1653898000,BTC-USDT,TimeCondition.GTC,1783610628910239628,0.001,0.001,0.0
4194834854,2837957847,1783610628910660849,1783610628910662946,203,order,benchmark,True,0.0,0.0,,,mock,0.0,,1783610628910660849,InstrumentType.Spot,6947440129078264537,OrderType.Limit,Direction.Long,65000.4,275298320,Side.Sell,,OrderStatus.Submitted,65000.4,1653898000,BTC-USDT,TimeCondition.GTC,1783610628910660849,0.001,0.001,0.0
4194834854,2837957847,1783610628910892842,1783610628910895360,203,order,benchmark,True,0.0,0.0,,,mock,0.0,,1783610628910892842,InstrumentType.Spot,6947440129078264538,OrderType.Limit,Direction.Long,65000.21,275300096,Side.Buy,,OrderStatus.Submitted,65000.21,1653898000,BTC-USDT,TimeCondition.GTC,1783610628910892842,0.001,0.001,0.0
4194834854,2837957847,1783610628911141978,1783610628911143943,203,order,benchmark,True,0.0,0.0,,,mock,0.0,,1783610628911141978,InstrumentType.Spot,6947440129078264539,OrderType.Limit,Direction.Long,65000.42,275301872,Side.Sell,,OrderStatus.Submitted,65000.42,1653898000,BTC-USDT,TimeCondition.GTC,1783610628911141978,0.001,0.001,0.0
4194834854,2837957847,1783610628911437464,1783610628911439061,203,order,benchmark,True,0.0,0.0,,,mock,0.0,,1783610628911437464,InstrumentType.Spot,6947440129078264540,OrderType.Limit,Direction.Long,65000.23,275303648,Side.Buy,,OrderStatus.Submitted,65000.23,1653898000,BTC-USDT,TimeCondition.GTC,1783610628911437464,0.001,0.001,0.0
4194834854,2837957847,1783610628911735072,1783610628911736769,203,order,benchmark,True,0.0,0.0,,,mock,0.0,,1783610628911735072,InstrumentType.Spot,6947440129078264541,OrderType.Limit,Direction.Long,65000.439999999995,275305424,Side.Sell,,OrderStatus.Submitted,65000.439999999995,1653898000,BTC-USDT,TimeCondition.GTC,1783610628911735072,0.001,0.001,0.0
4194834854,2837957847,1783610628912052091,1783610628912054216,203,order,benchmark,True,0.0,0.0,,,mock,0.0,,1783610628912052091,InstrumentType.Spot,6947440129078264542,OrderType.Limit,Direction.Long,65000.25,275307200,Side.Buy,,OrderStatus.Submitted,65000.25,1653898000,BTC-USDT,TimeCondition.GTC,1783610628912052091,0.001,0.001,0.0
4194834854,2837957847,1783610628912339450,1783610628912341100,203,order,benchmark,True,0.0,0.0,,,mock,0.0,,1783610628912339450,InstrumentType.Spot,6947440129078264543,OrderType.Limit,Direction.Long,65000.46,275308976,Side.Sell,,OrderStatus.Submitted,65000.46,1653898000,BTC-USDT,TimeCondition.GTC,1783610628912339450,0.001,0.001,0.0
4194834854,2837957847,1783610628912639766,1783610628912641654,203,order,benchmark,True,0.0,0.0,,,mock,0.0,,1783610628912639766,InstrumentType.Spot,6947440129078264544,OrderType.Limit,Direction.Long,65000.270000000004,275310752,Side.Buy,,OrderStatus.Submitted,65000.270000000004,1653898000,BTC-USDT,TimeCondition.GTC,1783610628912639766,0.001,0.001,0.0
4194834854,2837957847,1783610628912937293,1783610628912939021,203,order,benchmark,True,0.0,0.0,,,mock,0.0,,1783610628912937293,InstrumentType.Spot,6947440129078264545,OrderType.Limit,Direction.Long,65000.479999999996,275312528,Side.Sell,,OrderStatus.Submitted,65000.479999999996,1653898000,BTC-USDT,TimeCondition.GTC,1783610628912937293,0.001,0.001,0.0
4194834854,2837957847,1783610628913238469,1783610628913240149,203,order,benchmark,True,0.0,0.0,,,mock,0.0,,1783610628913238469,InstrumentType.Spot,6947440129078264546,OrderType.Limit,Direction.Long,65000.29,275314304,Side.Buy,,OrderStatus.Submitted,65000.29,1653898000,BTC-USDT,TimeCondition.GTC,1783610628913238469,0.001,0.001,0.0
4194834854,2837957847,1783610628913535445,1783610628913544456,203,order,benchmark,True,0.0,0.0,,,mock,0.0,,1783610628913535445,InstrumentType.Spot,6947440129078264547,OrderType.Limit,Direction.Long,65000.5,275316080,Side.Sell,,OrderStatus.Submitted,65000.5,1653898000,BTC-USDT,TimeCondition.GTC,1783610628913535445,0.001,0.001,0.0
4194834854,2837957847,1783610628913836337,1783610628913837997,203,order,benchmark,True,0.0,0.0,,,mock,0.0,,1783610628913836337,InstrumentType.Spot,6947440129078264548,OrderType.Limit,Direction.Long,65000.310000000005,275317856,Side.Buy,,OrderStatus.Submitted,65000.310000000005,1653898000,BTC-USDT,TimeCondition.GTC,1783610628913836337,0.001,0.001,0.0
4194834854,2837957847,1783610628914140938,1783610628914142706,203,order,benchmark,True,0.0,0.0,,,mock,0.0,,1783610628914140938,InstrumentType.Spot,6947440129078264549,OrderType.Limit,Direction.Long,65000.52,275319632,Side.Sell,,OrderStatus.Submitted,65000.52,1653898000,BTC-USDT,TimeCondition.GTC,1783610628914140938,0.001,0.001,0.0
4194834854,2837957847,1783610628914439012,1783610628914440793,203,order,benchmark,True,0.0,0.0,,,mock,0.0,,1783610628914439012,InstrumentType.Spot,6947440129078264550,OrderType.Limit,Direction.Long,65000.33,275321408,Side.Buy,,OrderStatus.Submitted,65000.33,1653898000,BTC-USDT,TimeCondition.GTC,1783610628914439012,0.001,0.001,0.0
4194834854,2837957847,1783610628914739703,1783610628914741483,203,order,benchmark,True,0.0,0.0,,,mock,0.0,,1783610628914739703,InstrumentType.Spot,6947440129078264551,OrderType.Limit,Direction.Long,65000.54,275323184,Side.Sell,,OrderStatus.Submitted,65000.54,1653898000,BTC-USDT,TimeCondition.GTC,1783610628914739703,0.001,0.001,0.0
4194834854,2837957847,1783610628915051655,1783610628915053730,203,order,benchmark,True,0.0,0.0,,,mock,0.0,,1783610628915051655,InstrumentType.Spot,6947440129078264552,OrderType.Limit,Direction.Long,65000.35,275324960,Side.Buy,,OrderStatus.Submitted,65000.35,1653898000,BTC-USDT,TimeCondition.GTC,1783610628915051655,0.001,0.001,0.0
4194834854,2837957847,1783610628915341770,1783610628915343685,203,order,benchmark,True,0.0,0.0,,,mock,0.0,,1783610628915341770,InstrumentType.Spot,6947440129078264553,OrderType.Limit,Direction.Long,65000.56,275326736,Side.Sell,,OrderStatus.Submitted,65000.56,1653898000,BTC-USDT,TimeCondition.GTC,1783610628915341770,0.001,0.001,0.0
4194834854,2837957847,1783610628915635377,1783610628915637021,203,order,benchmark,True,0.0,0.0,,,mock,0.0,,1783610628915635377,InstrumentType.Spot,6947440129078264554,OrderType.Limit,Direction.Long,65000.37,275328512,Side.Buy,,OrderStatus.Submitted,65000.37,1653898000,BTC-USDT,TimeCondition.GTC,1783610628915635377,0.001,0.001,0.0
4194834854,2837957847,1783610628915940323,1783610628915942209,203,order,benchmark,True,0.0,0.0,,,mock,0.0,,1783610628915940323,InstrumentType.Spot,6947440129078264555,OrderType.Limit,Direction.Long,65000.58,275330288,Side.Sell,,OrderStatus.Submitted,65000.58,1653898000,BTC-USDT,TimeCondition.GTC,1783610628915940323,0.001,0.001,0.0
4194834854,2837957847,1783610628916240208,1783610628916242287,203,order,benchmark,True,0.0,0.0,,,mock,0.0,,1783610628916240208,InstrumentType.Spot,6947440129078264556,OrderType.Limit,Direction.Long,65000.39,275332064,Side.Buy,,OrderStatus.Submitted,65000.39,1653898000,BTC-USDT,TimeCondition.GTC,1783610628916240208,0.001,0.001,0.0
4194834854,2837957847,1783610628916543849,1783610628916545686,203,order,benchmark,True,0.0,0.0,,,mock,0.0,,1783610628916543849,InstrumentType.Spot,6947440129078264557,OrderType.Limit,Direction.Long,65000.6,275333840,Side.Sell,,OrderStatus.Submitted,65000.6,1653898000,BTC-USDT,TimeCondition.GTC,1783610628916543849,0.001,0.001,0.0
4194834854,2837957847,1783610628916839059,1783610628916840797,203,order,benchmark,True,0.0,0.0,,,mock,0.0,,1783610628916839059,InstrumentType.Spot,6947440129078264558,OrderType.Limit,Direction.Long,65000.41,275335616,Side.Buy,,OrderStatus.Submitted,65000.41,1653898000,BTC-USDT,TimeCondition.GTC,1783610628916839059,0.001,0.001,0.0
4194834854,2837957847,1783610628917140713,1783610628917142843,203,order,benchmark,True,0.0,0.0,,,mock,0.0,,1783610628917140713,InstrumentType.Spot,6947440129078264559,OrderType.Limit,Direction.Long,65000.619999999995,275337392,Side.Sell,,OrderStatus.Submitted,65000.619999999995,1653898000,BTC-USDT,TimeCondition.GTC,1783610628917140713,0.001,0.001,0.0
4194834854,2837957847,1783610628917624104,1783610628917636726,203,order,benchmark,True,0.0,0.0,,,mock,0.0,,1783610628917624104,InstrumentType.Spot,6947440129078264560,OrderType.Limit,Direction.Long,65000.43,275339168,Side.Buy,,OrderStatus.Submitted,65000.43,1653898000,BTC-USDT,TimeCondition.GTC,1783610628917624104,0.001,0.001,0.0
4194834854,2837957847,1783610628917749751,1783610628917752314,203,order,benchmark,True,0.0,0.0,,,mock,0.0,,1783610628917749751,InstrumentType.Spot,6947440129078264561,OrderType.Limit,Direction.Long,65000.64,275340944,Side.Sell,,OrderStatus.Submitted,65000.64,1653898000,BTC-USDT,TimeCondition.GTC,1783610628917749751,0.001,0.001,0.0
4194834854,2837957847,1783610628918060036,1783610628918061988,203,order,benchmark,True,0.0,0.0,,,mock,0.0,,1783610628918060036,InstrumentType.Spot,6947440129078264562,OrderType.Limit,Direction.Long,65000.450000000004,275342720,Side.Buy,,OrderStatus.Submitted,65000.450000000004,1653898000,BTC-USDT,TimeCondition.GTC,1783610628918060036,0.001,0.001,0.0
4194834854,2837957847,1783610628918339308,1783610628918341048,203,order,benchmark,True,0.0,0.0,,,mock,0.0,,1783610628918339308,InstrumentType.Spot,6947440129078264563,OrderType.Limit,Direction.Long,65000.659999999996,275344496,Side.Sell,,OrderStatus.Submitted,65000.659999999996,1653898000,BTC-USDT,TimeCondition.GTC,1783610628918339308,0.001,0.001,0.0
4194834854,2837957847,1783610628918647879,1783610628918649852,203,order,benchmark,True,0.0,0.0,,,mock,0.0,,1783610628918647879,InstrumentType.Spot,6947440129078264564,OrderType.Limit,Direction.Long,65000.47,275346272,Side.Buy,,OrderStatus.Submitted,65000.47,1653898000,BTC-USDT,TimeCondition.GTC,1783610628918647879,0.001,0.001,0.0
4194834854,2837957847,1783610628918946317,1783610628918948050,203,order,benchmark,True,0.0,0.0,,,mock,0.0,,1783610628918946317,InstrumentType.Spot,6947440129078264565,OrderType.Limit,Direction.Long,65000.68,275348048,Side.Sell,,OrderStatus.Submitted,65000.68,1653898000,BTC-USDT,TimeCondition.GTC,1783610628918946317,0.001,0.001,0.0
4194834854,2837957847,1783610628919251530,1783610628919253467,203,order,benchmark,True,0.0,0.0,,,mock,0.0,,1783610628919251530,InstrumentType.Spot,6947440129078264566,OrderType.Limit,Direction.Long,65000.49,275349824,Side.Buy,,OrderStatus.Submitted,65000.49,1653898000,BTC-USDT,TimeCondition.GTC,1783610628919251530,0.001,0.001,0.0
4194834854,2837957847,1783610628919541043,1783610628919542665,203,order,benchmark,True,0.0,0.0,,,mock,0.0,,1783610628919541043,InstrumentType.Spot,6947440129078264567,OrderType.Limit,Direction.Long,65000.7,275351600,Side.Sell,,OrderStatus.Submitted,65000.7,1653898000,BTC-USDT,TimeCondition.GTC,1783610628919541043,0.001,0.001,0.0
4194834854,2837957847,1783610628919840386,1783610628919842222,203,order,benchmark,True,0.0,0.0,,,mock,0.0,,1783610628919840386,InstrumentType.Spot,6947440129078264568,OrderType.Limit,Direction.Long,65000.51,275353376,Side.Buy,,OrderStatus.Submitted,65000.51,1653898000,BTC-USDT,TimeCondition.GTC,1783610628919840386,0.001,0.001,0.0
4194834854,2837957847,1783610628920138767,1783610628920140421,203,order,benchmark,True,0.0,0.0,,,mock,0.0,,1783610628920138767,InstrumentType.Spot,6947440129078264569,OrderType.Limit,Direction.Long,65000.72,275198160,Side.Sell,,OrderStatus.Submitted,65000.72,1653898000,BTC-USDT,TimeCondition.GTC,1783610628920138767,0.001,0.001,0.0
4194834854,2837957847,1783610628920435685,1783610628920437303,203,order,benchmark,True,0.0,0.0,,,mock,0.0,,1783610628920435685,InstrumentType.Spot,6947440129078264570,OrderType.Limit,Direction.Long,65000.53,275199936,Side.Buy,,OrderStatus.Submitted,65000.53,1653898000,BTC-USDT,TimeCondition.GTC,1783610628920435685,0.001,0.001,0.0
4194834854,2837957847,1783610628920749004,1783610628920751018,203,order,benchmark,True,0.0,0.0,,,mock,0.0,,1783610628920749004,InstrumentType.Spot,6947440129078264571,OrderType.Limit,Direction.Long,65000.74,275201712,Side.Sell,,OrderStatus.Submitted,65000.74,1653898000,BTC-USDT,TimeCondition.GTC,1783610628920749004,0.001,0.001,0.0
4194834854,2837957847,1783610628921045525,1783610628921047614,203,order,benchmark,True,0.0,0.0,,,mock,0.0,,1783610628921045525,InstrumentType.Spot,6947440129078264572,OrderType.Limit,Direction.Long,65000.55,275203488,Side.Buy,,OrderStatus.Submitted,65000.55,1653898000,BTC-USDT,TimeCondition.GTC,1783610628921045525,0.001,0.001,0.0
4194834854,2837957847,1783610628921338375,1783610628921340014,203,order,benchmark,True,0.0,0.0,,,mock,0.0,,1783610628921338375,InstrumentType.Spot,6947440129078264573,OrderType.Limit,Direction.Long,65000.76,278368576,Side.Sell,,OrderStatus.Submitted,65000.76,1653898000,BTC-USDT,TimeCondition.GTC,1783610628921338375,0.001,0.001,0.0
4194834854,2837957847,1783610628921639710,1783610628921648010,203,order,benchmark,True,0.0,0.0,,,mock,0.0,,1783610628921639710,InstrumentType.Spot,6947440129078264574,OrderType.Limit,Direction.Long,65000.57,278370352,Side.Buy,,OrderStatus.Submitted,65000.57,1653898000,BTC-USDT,TimeCondition.GTC,1783610628921639710,0.001,0.001,0.0
4194834854,2837957847,1783610628921940705,1783610628921942267,203,order,benchmark,True,0.0,0.0,,,mock,0.0,,1783610628921940705,InstrumentType.Spot,6947440129078264575,OrderType.Limit,Direction.Long,65000.78,278372128,Side.Sell,,OrderStatus.Submitted,65000.78,1653898000,BTC-USDT,TimeCondition.GTC,1783610628921940705,0.001,0.001,0.0
4194834854,2837957847,1783610628922234344,1783610628922235985,203,order,benchmark,True,0.0,0.0,,,mock,0.0,,1783610628922234344,InstrumentType.Spot,6947440129078264576,OrderType.Limit,Direction.Long,65000.590000000004,278373904,Side.Buy,,OrderStatus.Submitted,65000.590000000004,1653898000,BTC-USDT,TimeCondition.GTC,1783610628922234344,0.001,0.001,0.0
4194834854,2837957847,1783610628922535389,1783610628922537254,203,order,benchmark,True,0.0,0.0,,,mock,0.0,,1783610628922535389,InstrumentType.Spot,6947440129078264577,OrderType.Limit,Direction.Long,65000.799999999996,278375680,Side.Sell,,OrderStatus.Submitted,65000.799999999996,1653898000,BTC-USDT,TimeCondition.GTC,1783610628922535389,0.001,0.001,0.0
4194834854,2837957847,1783610628922839730,1783610628922841495,203,order,benchmark,True,0.0,0.0,,,mock,0.0,,1783610628922839730,InstrumentType.Spot,6947440129078264578,OrderType.Limit,Direction.Long,65000.61,278377456,Side.Buy,,OrderStatus.Submitted,65000.61,1653898000,BTC-USDT,TimeCondition.GTC,1783610628922839730,0.001,0.001,0.0
4194834854,2837957847,1783610628923140753,1783610628923142575,203,order,benchmark,True,0.0,0.0,,,mock,0.0,,1783610628923140753,InstrumentType.Spot,6947440129078264579,OrderType.Limit,Direction.Long,65000.82,278379232,Side.Sell,,OrderStatus.Submitted,65000.82,1653898000,BTC-USDT,TimeCondition.GTC,1783610628923140753,0.001,0.001,0.0
4194834854,2837957847,1783610628923432911,1783610628923434576,203,order,benchmark,True,0.0,0.0,,,mock,0.0,,1783610628923432911,InstrumentType.Spot,6947440129078264580,OrderType.Limit,Direction.Long,65000.630000000005,278381008,Side.Buy,,OrderStatus.Submitted,65000.630000000005,1653898000,BTC-USDT,TimeCondition.GTC,1783610628923432911,0.001,0.001,0.0
4194834854,2837957847,1783610628923745592,1783610628923747490,203,order,benchmark,True,0.0,0.0,,,mock,0.0,,1783610628923745592,InstrumentType.Spot,6947440129078264581,OrderType.Limit,Direction.Long,65000.84,278382784,Side.Sell,,OrderStatus.Submitted,65000.84,1653898000,BTC-USDT,TimeCondition.GTC,1783610628923745592,0.001,0.001,0.0
4194834854,2837957847,1783610628924045278,1783610628924047011,203,order,benchmark,True,0.0,0.0,,,mock,0.0,,1783610628924045278,InstrumentType.Spot,6947440129078264582,OrderType.Limit,Direction.Long,65000.65,278384560,Side.Buy,,OrderStatus.Submitted,65000.65,1653898000,BTC-USDT,TimeCondition.GTC,1783610628924045278,0.001,0.001,0.0
4194834854,2837957847,1783610628924337129,1783610628924338992,203,order,benchmark,True,0.0,0.0,,,mock,0.0,,1783610628924337129,InstrumentType.Spot,6947440129078264583,OrderType.Limit,Direction.Long,65000.86,278386336,Side.Sell,,OrderStatus.Submitted,65000.86,1653898000,BTC-USDT,TimeCondition.GTC,1783610628924337129,0.001,0.001,0.0
4194834854,2837957847,1783610628924740529,1783610628924742655,203,order,benchmark,True,0.0,0.0,,,mock,0.0,,1783610628924740529,InstrumentType.Spot,6947440129078264584,OrderType.Limit,Direction.Long,65000.67,278388112,Side.Buy,,OrderStatus.Submitted,65000.67,1653898000,BTC-USDT,TimeCondition.GTC,1783610628924740529,0.001,0.001,0.0
4194834854,2837957847,1783610628924923878,1783610628924925717,203,order,benchmark,True,0.0,0.0,,,mock,0.0,,1783610628924923878,InstrumentType.Spot,6947440129078264585,OrderType.Limit,Direction.Long,65000.88,278389888,Side.Sell,,OrderStatus.Submitted,65000.88,1653898000,BTC-USDT,TimeCondition.GTC,1783610628924923878,0.001,0.001,0.0
4194834854,2837957847,1783610628925233795,1783610628925235480,203,order,benchmark,True,0.0,0.0,,,mock,0.0,,1783610628925233795,InstrumentType.Spot,6947440129078264586,OrderType.Limit,Direction.Long,65000.69,278391664,Side.Buy,,OrderStatus.Submitted,65000.69,1653898000,BTC-USDT,TimeCondition.GTC,1783610628925233795,0.001,0.001,0.0
4194834854,2837957847,1783610628925538995,1783610628925546967,203,order,benchmark,True,0.0,0.0,,,mock,0.0,,1783610628925538995,InstrumentType.Spot,6947440129078264587,OrderType.Limit,Direction.Long,65000.9,278393440,Side.Sell,,OrderStatus.Submitted,65000.9,1653898000,BTC-USDT,TimeCondition.GTC,1783610628925538995,0.001,0.001,0.0
4194834854,2837957847,1783610628925838186,1783610628925839800,203,order,benchmark,True,0.0,0.0,,,mock,0.0,,1783610628925838186,InstrumentType.Spot,6947440129078264588,OrderType.Limit,Direction.Long,65000.71,278395216,Side.Buy,,OrderStatus.Submitted,65000.71,1653898000,BTC-USDT,TimeCondition.GTC,1783610628925838186,0.001,0.001,0.0
4194834854,2837957847,1783610628926139181,1783610628926140828,203,order,benchmark,True,0.0,0.0,,,mock,0.0,,1783610628926139181,InstrumentType.Spot,6947440129078264589,OrderType.Limit,Direction.Long,65000.92,278396992,Side.Sell,,OrderStatus.Submitted,65000.92,1653898000,BTC-USDT,TimeCondition.GTC,1783610628926139181,0.001,0.001,0.0
4194834854,2837957847,1783610628926446216,1783610628926448053,203,order,benchmark,True,0.0,0.0,,,mock,0.0,,1783610628926446216,InstrumentType.Spot,6947440129078264590,OrderType.Limit,Direction.Long,65000.73,278398768,Side.Buy,,OrderStatus.Submitted,65000.73,1653898000,BTC-USDT,TimeCondition.GTC,1783610628926446216,0.001,0.001,0.0
4194834854,2837957847,1783610628926737511,1783610628926739422,203,order,benchmark,True,0.0,0.0,,,mock,0.0,,1783610628926737511,InstrumentType.Spot,6947440129078264591,OrderType.Limit,Direction.Long,65000.939999999995,278400544,Side.Sell,,OrderStatus.Submitted,65000.939999999995,1653898000,BTC-USDT,TimeCondition.GTC,1783610628926737511,0.001,0.001,0.0
4194834854,2837957847,1783610628927138905,1783610628927140655,203,order,benchmark,True,0.0,0.0,,,mock,0.0,,1783610628927138905,InstrumentType.Spot,6947440129078264592,OrderType.Limit,Direction.Long,65000.75,278402320,Side.Buy,,OrderStatus.Submitted,65000.75,1653898000,BTC-USDT,TimeCondition.GTC,1783610628927138905,0.001,0.001,0.0
4194834854,2837957847,1783610628927358935,1783610628927361068,203,order,benchmark,True,0.0,0.0,,,mock,0.0,,1783610628927358935,InstrumentType.Spot,6947440129078264593,OrderType.Limit,Direction.Long,65000.96,278404096,Side.Sell,,OrderStatus.Submitted,65000.96,1653898000,BTC-USDT,TimeCondition.GTC,1783610628927358935,0.001,0.001,0.0
4194834854,2837957847,1783610628927637816,1783610628927639616,203,order,benchmark,True,0.0,0.0,,,mock,0.0,,1783610628927637816,InstrumentType.Spot,6947440129078264594,OrderType.Limit,Direction.Long,65000.770000000004,278405872,Side.Buy,,OrderStatus.Submitted,65000.770000000004,1653898000,BTC-USDT,TimeCondition.GTC,1783610628927637816,0.001,0.001,0.0
4194834854,2837957847,1783610628927936077,1783610628927937829,203,order,benchmark,True,0.0,0.0,,,mock,0.0,,1783610628927936077,InstrumentType.Spot,6947440129078264595,OrderType.Limit,Direction.Long,65000.979999999996,278407648,Side.Sell,,OrderStatus.Submitted,65000.979999999996,1653898000,BTC-USDT,TimeCondition.GTC,1783610628927936077,0.001,0.001,0.0
4194834854,2837957847,1783610628928237698,1783610628928239366,203,order,benchmark,True,0.0,0.0,,,mock,0.0,,1783610628928237698,InstrumentType.Spot,6947440129078264596,OrderType.Limit,Direction.Long,65000.79,278409424,Side.Buy,,OrderStatus.Submitted,65000.79,1653898000,BTC-USDT,TimeCondition.GTC,1783610628928237698,0.001,0.001,0.0
4194834854,2837957847,1783610628928540067,1783610628928541886,203,order,benchmark,True,0.0,0.0,,,mock,0.0,,1783610628928540067,InstrumentType.Spot,6947440129078264597,OrderType.Limit,Direction.Long,65001.0,278411200,Side.Sell,,OrderStatus.Submitted,65001.0,1653898000,BTC-USDT,TimeCondition.GTC,1783610628928540067,0.001,0.001,0.0
4194834854,2837957847,1783610628929121843,1783610628929123590,203,order,benchmark,True,0.0,0.0,,,mock,0.0,,1783610628929121843,InstrumentType.Spot,6947440129078264598,OrderType.Limit,Direction.Long,65000.810000000005,278412976,Side.Buy,,OrderStatus.Submitted,65000.810000000005,1653898000,BTC-USDT,TimeCondition.GTC,1783610628929121843,0.001,0.001,0.0
4194834854,2837957847,1783610628929157893,1783610628929160119,203,order,benchmark,True,0.0,0.0,,,mock,0.0,,1783610628929157893,InstrumentType.Spot,6947440129078264599,OrderType.Limit,Direction.Long,65001.02,278414720,Side.Sell,,OrderStatus.Submitted,65001.02,1653898000,BTC-USDT,TimeCondition.GTC,1783610628929157893,0.001,0.001,0.0
4194834854,2837957847,1783610628929456407,1783610628929464964,203,order,benchmark,True,0.0,0.0,,,mock,0.0,,1783610628929456407,InstrumentType.Spot,6947440129078264600,OrderType.Limit,Direction.Long,65000.83,278416528,Side.Buy,,OrderStatus.Submitted,65000.83,1653898000,BTC-USDT,TimeCondition.GTC,1783610628929456407,0.001,0.001,0.0
4194834854,2837957847,1783610628930227631,1783610628930231989,203,order,benchmark,True,0.0,0.0,,,mock,0.0,,1783610628930227631,InstrumentType.Spot,6947440129078264601,OrderType.Limit,Direction.Long,65001.04,278418304,Side.Sell,,OrderStatus.Submitted,65001.04,1653898000,BTC-USDT,TimeCondition.GTC,1783610628930227631,0.001,0.001,0.0
4194834854,2837957847,1783610628930273915,1783610628930276295,203,order,benchmark,True,0.0,0.0,,,mock,0.0,,1783610628930273915,InstrumentType.Spot,6947440129078264602,OrderType.Limit,Direction.Long,65000.85,278420048,Side.Buy,,OrderStatus.Submitted,65000.85,1653898000,BTC-USDT,TimeCondition.GTC,1783610628930273915,0.001,0.001,0.0
4194834854,2837957847,1783610628930386611,1783610628930389367,203,order,benchmark,True,0.0,0.0,,,mock,0.0,,1783610628930386611,InstrumentType.Spot,6947440129078264603,OrderType.Limit,Direction.Long,65001.06,278421856,Side.Sell,,OrderStatus.Submitted,65001.06,1653898000,BTC-USDT,TimeCondition.GTC,1783610628930386611,0.001,0.001,0.0
4194834854,2837957847,1783610628930595661,1783610628930597403,203,order,benchmark,True,0.0,0.0,,,mock,0.0,,1783610628930595661,InstrumentType.Spot,6947440129078264604,OrderType.Limit,Direction.Long,65000.87,278423632,Side.Buy,,OrderStatus.Submitted,65000.87,1653898000,BTC-USDT,TimeCondition.GTC,1783610628930595661,0.001,0.001,0.0
4194834854,2837957847,1783610628930927611,1783610628930944937,203,order,benchmark,True,0.0,0.0,,,mock,0.0,,1783610628930927611,InstrumentType.Spot,6947440129078264605,OrderType.Limit,Direction.Long,65001.08,278425408,Side.Sell,,OrderStatus.Submitted,65001.08,1653898000,BTC-USDT,TimeCondition.GTC,1783610628930927611,0.001,0.001,0.0
4194834854,2837957847,1783610628931246009,1783610628931247906,203,order,benchmark,True,0.0,0.0,,,mock,0.0,,1783610628931246009,InstrumentType.Spot,6947440129078264606,OrderType.Limit,Direction.Long,65000.89,278427184,Side.Buy,,OrderStatus.Submitted,65000.89,1653898000,BTC-USDT,TimeCondition.GTC,1783610628931246009,0.001,0.001,0.0
4194834854,2837957847,1783610628931541155,1783610628931542908,203,order,benchmark,True,0.0,0.0,,,mock,0.0,,1783610628931541155,InstrumentType.Spot,6947440129078264607,OrderType.Limit,Direction.Long,65000.1,278428960,Side.Sell,,OrderStatus.Submitted,65000.1,1653898000,BTC-USDT,TimeCondition.GTC,1783610628931541155,0.001,0.001,0.0
4194834854,2837957847,1783610628931973046,1783610628931975679,203,order,benchmark,True,0.0,0.0,,,mock,0.0,,1783610628931973046,InstrumentType.Spot,6947440129078264608,OrderType.Limit,Direction.Long,64999.91,278430736,Side.Buy,,OrderStatus.Submitted,64999.91,1653898000,BTC-USDT,TimeCondition.GTC,1783610628931973046,0.001,0.001,0.0
4194834854,2837957847,1783610628932209789,1783610628932211626,203,order,benchmark,True,0.0,0.0,,,mock,0.0,,1783610628932209789,InstrumentType.Spot,6947440129078264609,OrderType.Limit,Direction.Long,65000.119999999995,278432512,Side.Sell,,OrderStatus.Submitted,65000.119999999995,1653898000,BTC-USDT,TimeCondition.GTC,1783610628932209789,0.001,0.001,0.0
4194834854,2837957847,1783610628932451429,1783610628932453519,203,order,benchmark,True,0.0,0.0,,,mock,0.0,,1783610628932451429,InstrumentType.Spot,6947440129078264610,OrderType.Limit,Direction.Long,64999.93,278434288,Side.Buy,,OrderStatus.Submitted,64999.93,1653898000,BTC-USDT,TimeCondition.GTC,1783610628932451429,0.001,0.001,0.0
4194834854,2837957847,1783610628932737194,1783610628932738849,203,order,benchmark,True,0.0,0.0,,,mock,0.0,,1783610628932737194,InstrumentType.Spot,6947440129078264611,OrderType.Limit,Direction.Long,65000.14,278436064,Side.Sell,,OrderStatus.Submitted,65000.14,1653898000,BTC-USDT,TimeCondition.GTC,1783610628932737194,0.001,0.001,0.0
4194834854,2837957847,1783610628933158151,1783610628933160215,203,order,benchmark,True,0.0,0.0,,,mock,0.0,,1783610628933158151,InstrumentType.Spot,6947440129078264612,OrderType.Limit,Direction.Long,64999.950000000004,278437840,Side.Buy,,OrderStatus.Submitted,64999.950000000004,1653898000,BTC-USDT,TimeCondition.GTC,1783610628933158151,0.001,0.001,0.0
4194834854,2837957847,1783610628933376769,1783610628933408073,203,order,benchmark,True,0.0,0.0,,,mock,0.0,,1783610628933376769,InstrumentType.Spot,6947440129078264613,OrderType.Limit,Direction.Long,65000.159999999996,278439616,Side.Sell,,OrderStatus.Submitted,65000.159999999996,1653898000,BTC-USDT,TimeCondition.GTC,1783610628933376769,0.001,0.001,0.0
4194834854,2837957847,1783610628933637546,1783610628933639323,203,order,benchmark,True,0.0,0.0,,,mock,0.0,,1783610628933637546,InstrumentType.Spot,6947440129078264614,OrderType.Limit,Direction.Long,64999.97,278441392,Side.Buy,,OrderStatus.Submitted,64999.97,1653898000,BTC-USDT,TimeCondition.GTC,1783610628933637546,0.001,0.001,0.0
4194834854,2837957847,1783610628933942031,1783610628933943973,203,order,benchmark,True,0.0,0.0,,,mock,0.0,,1783610628933942031,InstrumentType.Spot,6947440129078264615,OrderType.Limit,Direction.Long,65000.18,278443168,Side.Sell,,OrderStatus.Submitted,65000.18,1653898000,BTC-USDT,TimeCondition.GTC,1783610628933942031,0.001,0.001,0.0
4194834854,2837957847,1783610628934246161,1783610628934248035,203,order,benchmark,True,0.0,0.0,,,mock,0.0,,1783610628934246161,InstrumentType.Spot,6947440129078264616,OrderType.Limit,Direction.Long,64999.99,278444944,Side.Buy,,OrderStatus.Submitted,64999.99,1653898000,BTC-USDT,TimeCondition.GTC,1783610628934246161,0.001,0.001,0.0
4194834854,2837957847,1783610628934538687,1783610628934540572,203,order,benchmark,True,0.0,0.0,,,mock,0.0,,1783610628934538687,InstrumentType.Spot,6947440129078264617,OrderType.Limit,Direction.Long,65000.2,278446720,Side.Sell,,OrderStatus.Submitted,65000.2,1653898000,BTC-USDT,TimeCondition.GTC,1783610628934538687,0.001,0.001,0.0
4194834854,2837957847,1783610628934839706,1783610628934841610,203,order,benchmark,True,0.0,0.0,,,mock,0.0,,1783610628934839706,InstrumentType.Spot,6947440129078264618,OrderType.Limit,Direction.Long,65000.01,278448496,Side.Buy,,OrderStatus.Submitted,65000.01,1653898000,BTC-USDT,TimeCondition.GTC,1783610628934839706,0.001,0.001,0.0
4194834854,2837957847,1783610628935149666,1783610628935151553,203,order,benchmark,True,0.0,0.0,,,mock,0.0,,1783610628935149666,InstrumentType.Spot,6947440129078264619,OrderType.Limit,Direction.Long,65000.22,278450272,Side.Sell,,OrderStatus.Submitted,65000.22,1653898000,BTC-USDT,TimeCondition.GTC,1783610628935149666,0.001,0.001,0.0
4194834854,2837957847,1783610628935438097,1783610628935439989,203,order,benchmark,True,0.0,0.0,,,mock,0.0,,1783610628935438097,InstrumentType.Spot,6947440129078264620,OrderType.Limit,Direction.Long,65000.03,278452048,Side.Buy,,OrderStatus.Submitted,65000.03,1653898000,BTC-USDT,TimeCondition.GTC,1783610628935438097,0.001,0.001,0.0
4194834854,2837957847,1783610628935739501,1783610628935741387,203,order,benchmark,True,0.0,0.0,,,mock,0.0,,1783610628935739501,InstrumentType.Spot,6947440129078264621,OrderType.Limit,Direction.Long,65000.24,278453824,Side.Sell,,OrderStatus.Submitted,65000.24,1653898000,BTC-USDT,TimeCondition.GTC,1783610628935739501,0.001,0.001,0.0
4194834854,2837957847,1783610628936043766,1783610628936045513,203,order,benchmark,True,0.0,0.0,,,mock,0.0,,1783610628936043766,InstrumentType.Spot,6947440129078264622,OrderType.Limit,Direction.Long,65000.05,278455600,Side.Buy,,OrderStatus.Submitted,65000.05,1653898000,BTC-USDT,TimeCondition.GTC,1783610628936043766,0.001,0.001,0.0
4194834854,2837957847,1783610628936337351,1783610628936339507,203,order,benchmark,True,0.0,0.0,,,mock,0.0,,1783610628936337351,InstrumentType.Spot,6947440129078264623,OrderType.Limit,Direction.Long,65000.26,278457376,Side.Sell,,OrderStatus.Submitted,65000.26,1653898000,BTC-USDT,TimeCondition.GTC,1783610628936337351,0.001,0.001,0.0
4194834854,2837957847,1783610628936635504,1783610628936638071,203,order,benchmark,True,0.0,0.0,,,mock,0.0,,1783610628936635504,InstrumentType.Spot,6947440129078264624,OrderType.Limit,Direction.Long,65000.07,278459152,Side.Buy,,OrderStatus.Submitted,65000.07,1653898000,BTC-USDT,TimeCondition.GTC,1783610628936635504,0.001,0.001,0.0
4194834854,2837957847,1783610628936940662,1783610628936942537,203,order,benchmark,True,0.0,0.0,,,mock,0.0,,1783610628936940662,InstrumentType.Spot,6947440129078264625,OrderType.Limit,Direction.Long,65000.28,278460928,Side.Sell,,OrderStatus.Submitted,65000.28,1653898000,BTC-USDT,TimeCondition.GTC,1783610628936940662,0.001,0.001,0.0
4194834854,2837957847,1783610628937241748,1783610628937243591,203,order,benchmark,True,0.0,0.0,,,mock,0.0,,1783610628937241748,InstrumentType.Spot,6947440129078264626,OrderType.Limit,Direction.Long,65000.090000000004,278462704,Side.Buy,,OrderStatus.Submitted,65000.090000000004,1653898000,BTC-USDT,TimeCondition.GTC,1783610628937241748,0.001,0.001,0.0
4194834854,2837957847,1783610628937538350,1783610628937549793,203,order,benchmark,True,0.0,0.0,,,mock,0.0,,1783610628937538350,InstrumentType.Spot,6947440129078264627,OrderType.Limit,Direction.Long,65000.299999999996,278464480,Side.Sell,,OrderStatus.Submitted,65000.299999999996,1653898000,BTC-USDT,TimeCondition.GTC,1783610628937538350,0.001,0.001,0.0
4194834854,2837957847,1783610628937846207,1783610628937847940,203,order,benchmark,True,0.0,0.0,,,mock,0.0,,1783610628937846207,InstrumentType.Spot,6947440129078264628,OrderType.Limit,Direction.Long,65000.11,278466256,Side.Buy,,OrderStatus.Submitted,65000.11,1653898000,BTC-USDT,TimeCondition.GTC,1783610628937846207,0.001,0.001,0.0
4194834854,2837957847,1783610628938144188,1783610628938146195,203,order,benchmark,True,0.0,0.0,,,mock,0.0,,1783610628938144188,InstrumentType.Spot,6947440129078264629,OrderType.Limit,Direction.Long,65000.32,278468032,Side.Sell,,OrderStatus.Submitted,65000.32,1653898000,BTC-USDT,TimeCondition.GTC,1783610628938144188,0.001,0.001,0.0
4194834854,2837957847,1783610628938760691,1783610628938763087,203,order,benchmark,True,0.0,0.0,,,mock,0.0,,1783610628938760691,InstrumentType.Spot,6947440129078264630,OrderType.Limit,Direction.Long,65000.130000000005,278469808,Side.Buy,,OrderStatus.Submitted,65000.130000000005,1653898000,BTC-USDT,TimeCondition.GTC,1783610628938760691,0.001,0.001,0.0
4194834854,2837957847,1783610628939087555,1783610628939092678,203,order,benchmark,True,0.0,0.0,,,mock,0.0,,1783610628939087555,InstrumentType.Spot,6947440129078264631,OrderType.Limit,Direction.Long,65000.34,278471584,Side.Sell,,OrderStatus.Submitted,65000.34,1653898000,BTC-USDT,TimeCondition.GTC,1783610628939087555,0.001,0.001,0.0
4194834854,2837957847,1783610628939124266,1783610628939126536,203,order,benchmark,True,0.0,0.0,,,mock,0.0,,1783610628939124266,InstrumentType.Spot,6947440129078264632,OrderType.Limit,Direction.Long,65000.15,278473328,Side.Buy,,OrderStatus.Submitted,65000.15,1653898000,BTC-USDT,TimeCondition.GTC,1783610628939124266,0.001,0.001,0.0
4194834854,2837957847,1783610628939337528,1783610628939341523,203,order,benchmark,True,0.0,0.0,,,mock,0.0,,1783610628939337528,InstrumentType.Spot,6947440129078264633,OrderType.Limit,Direction.Long,65000.36,278475136,Side.Sell,,OrderStatus.Submitted,65000.36,1653898000,BTC-USDT,TimeCondition.GTC,1783610628939337528,0.001,0.001,0.0
4194834854,2837957847,1783610628939648918,1783610628939652596,203,order,benchmark,True,0.0,0.0,,,mock,0.0,,1783610628939648918,InstrumentType.Spot,6947440129078264634,OrderType.Limit,Direction.Long,65000.17,278476912,Side.Buy,,OrderStatus.Submitted,65000.17,1653898000,BTC-USDT,TimeCondition.GTC,1783610628939648918,0.001,0.001,0.0
4194834854,2837957847,1783610628940224415,1783610628940230345,203,order,benchmark,True,0.0,0.0,,,mock,0.0,,1783610628940224415,InstrumentType.Spot,6947440129078264635,OrderType.Limit,Direction.Long,65000.38,278478688,Side.Sell,,OrderStatus.Submitted,65000.38,1653898000,BTC-USDT,TimeCondition.GTC,1783610628940224415,0.001,0.001,0.0
4194834854,2837957847,1783610628940261780,1783610628940263679,203,order,benchmark,True,0.0,0.0,,,mock,0.0,,1783610628940261780,InstrumentType.Spot,6947440129078264636,OrderType.Limit,Direction.Long,65000.19,278480432,Side.Buy,,OrderStatus.Submitted,65000.19,1653898000,BTC-USDT,TimeCondition.GTC,1783610628940261780,0.001,0.001,0.0
4194834854,2837957847,1783610628940540566,1783610628940545306,203,order,benchmark,True,0.0,0.0,,,mock,0.0,,1783610628940540566,InstrumentType.Spot,6947440129078264637,OrderType.Limit,Direction.Long,65000.4,278482240,Side.Sell,,OrderStatus.Submitted,65000.4,1653898000,BTC-USDT,TimeCondition.GTC,1783610628940540566,0.001,0.001,0.0
4194834854,2837957847,1783610628941169726,1783610628941174051,203,order,benchmark,True,0.0,0.0,,,mock,0.0,,1783610628941169726,InstrumentType.Spot,6947440129078264638,OrderType.Limit,Direction.Long,65000.21,278484016,Side.Buy,,OrderStatus.Submitted,65000.21,1653898000,BTC-USDT,TimeCondition.GTC,1783610628941169726,0.001,0.001,0.0
4194834854,2837957847,1783610628941193545,1783610628941194975,203,order,benchmark,True,0.0,0.0,,,mock,0.0,,1783610628941193545,InstrumentType.Spot,6947440129078264639,OrderType.Limit,Direction.Long,65000.42,278485760,Side.Sell,,OrderStatus.Submitted,65000.42,1653898000,BTC-USDT,TimeCondition.GTC,1783610628941193545,0.001,0.001,0.0
4194834854,2837957847,1783610628941696607,1783610628941718450,203,order,benchmark,True,0.0,0.0,,,mock,0.0,,1783610628941696607,InstrumentType.Spot,6947440129078264640,OrderType.Limit,Direction.Long,65000.23,278487568,Side.Buy,,OrderStatus.Submitted,65000.23,1653898000,BTC-USDT,TimeCondition.GTC,1783610628941696607,0.001,0.001,0.0
4194834854,2837957847,1783610628941829564,1783610628941831379,203,order,benchmark,True,0.0,0.0,,,mock,0.0,,1783610628941829564,InstrumentType.Spot,6947440129078264641,OrderType.Limit,Direction.Long,65000.439999999995,278489344,Side.Sell,,OrderStatus.Submitted,65000.439999999995,1653898000,BTC-USDT,TimeCondition.GTC,1783610628941829564,0.001,0.001,0.0
4194834854,2837957847,1783610628942178509,1783610628942181397,203,order,benchmark,True,0.0,0.0,,,mock,0.0,,1783610628942178509,InstrumentType.Spot,6947440129078264642,OrderType.Limit,Direction.Long,65000.25,278491120,Side.Buy,,OrderStatus.Submitted,65000.25,1653898000,BTC-USDT,TimeCondition.GTC,1783610628942178509,0.001,0.001,0.0
4194834854,2837957847,1783610628942403069,1783610628942406048,203,order,benchmark,True,0.0,0.0,,,mock,0.0,,1783610628942403069,InstrumentType.Spot,6947440129078264643,OrderType.Limit,Direction.Long,65000.46,278492896,Side.Sell,,OrderStatus.Submitted,65000.46,1653898000,BTC-USDT,TimeCondition.GTC,1783610628942403069,0.001,0.001,0.0
4194834854,2837957847,1783610628942813726,1783610628942816397,203,order,benchmark,True,0.0,0.0,,,mock,0.0,,1783610628942813726,InstrumentType.Spot,6947440129078264644,OrderType.Limit,Direction.Long,65000.270000000004,278494672,Side.Buy,,OrderStatus.Submitted,65000.270000000004,1653898000,BTC-USDT,TimeCondition.GTC,1783610628942813726,0.001,0.001,0.0
4194834854,2837957847,1783610628943227249,1783610628943229065,203,order,benchmark,True,0.0,0.0,,,mock,0.0,,1783610628943227249,InstrumentType.Spot,6947440129078264645,OrderType.Limit,Direction.Long,65000.479999999996,278496448,Side.Sell,,OrderStatus.Submitted,65000.479999999996,1653898000,BTC-USDT,TimeCondition.GTC,1783610628943227249,0.001,0.001,0.0
4194834854,2837957847,1783610628943242139,1783610628943243425,203,order,benchmark,True,0.0,0.0,,,mock,0.0,,1783610628943242139,InstrumentType.Spot,6947440129078264646,OrderType.Limit,Direction.Long,65000.29,278498192,Side.Buy,,OrderStatus.Submitted,65000.29,1653898000,BTC-USDT,TimeCondition.GTC,1783610628943242139,0.001,0.001,0.0
4194834854,2837957847,1783610628943555110,1783610628943556969,203,order,benchmark,True,0.0,0.0,,,mock,0.0,,1783610628943555110,InstrumentType.Spot,6947440129078264647,OrderType.Limit,Direction.Long,65000.5,278500000,Side.Sell,,OrderStatus.Submitted,65000.5,1653898000,BTC-USDT,TimeCondition.GTC,1783610628943555110,0.001,0.001,0.0
4194834854,2837957847,1783610628943842638,1783610628943844262,203,order,benchmark,True,0.0,0.0,,,mock,0.0,,1783610628943842638,InstrumentType.Spot,6947440129078264648,OrderType.Limit,Direction.Long,65000.310000000005,278501776,Side.Buy,,OrderStatus.Submitted,65000.310000000005,1653898000,BTC-USDT,TimeCondition.GTC,1783610628943842638,0.001,0.001,0.0
4194834854,2837957847,1783610628944143415,1783610628944145254,203,order,benchmark,True,0.0,0.0,,,mock,0.0,,1783610628944143415,InstrumentType.Spot,6947440129078264649,OrderType.Limit,Direction.Long,65000.52,278503552,Side.Sell,,OrderStatus.Submitted,65000.52,1653898000,BTC-USDT,TimeCondition.GTC,1783610628944143415,0.001,0.001,0.0
4194834854,2837957847,1783610628944437406,1783610628944439271,203,order,benchmark,True,0.0,0.0,,,mock,0.0,,1783610628944437406,InstrumentType.Spot,6947440129078264650,OrderType.Limit,Direction.Long,65000.33,278505328,Side.Buy,,OrderStatus.Submitted,65000.33,1653898000,BTC-USDT,TimeCondition.GTC,1783610628944437406,0.001,0.001,0.0
4194834854,2837957847,1783610628944744972,1783610628944746872,203,order,benchmark,True,0.0,0.0,,,mock,0.0,,1783610628944744972,InstrumentType.Spot,6947440129078264651,OrderType.Limit,Direction.Long,65000.54,278507104,Side.Sell,,OrderStatus.Submitted,65000.54,1653898000,BTC-USDT,TimeCondition.GTC,1783610628944744972,0.001,0.001,0.0
4194834854,2837957847,1783610628945167387,1783610628945169314,203,order,benchmark,True,0.0,0.0,,,mock,0.0,,1783610628945167387,InstrumentType.Spot,6947440129078264652,OrderType.Limit,Direction.Long,65000.35,278508880,Side.Buy,,OrderStatus.Submitted,65000.35,1653898000,BTC-USDT,TimeCondition.GTC,1783610628945167387,0.001,0.001,0.0
4194834854,2837957847,1783610628945380595,1783610628945493295,203,order,benchmark,True,0.0,0.0,,,mock,0.0,,1783610628945380595,InstrumentType.Spot,6947440129078264653,OrderType.Limit,Direction.Long,65000.56,278510656,Side.Sell,,OrderStatus.Submitted,65000.56,1653898000,BTC-USDT,TimeCondition.GTC,1783610628945380595,0.001,0.001,0.0
4194834854,2837957847,1783610628945723728,1783610628945725806,203,order,benchmark,True,0.0,0.0,,,mock,0.0,,1783610628945723728,InstrumentType.Spot,6947440129078264654,OrderType.Limit,Direction.Long,65000.37,278512432,Side.Buy,,OrderStatus.Submitted,65000.37,1653898000,BTC-USDT,TimeCondition.GTC,1783610628945723728,0.001,0.001,0.0
4194834854,2837957847,1783610628946078451,1783610628946081389,203,order,benchmark,True,0.0,0.0,,,mock,0.0,,1783610628946078451,InstrumentType.Spot,6947440129078264655,OrderType.Limit,Direction.Long,65000.58,278514208,Side.Sell,,OrderStatus.Submitted,65000.58,1653898000,BTC-USDT,TimeCondition.GTC,1783610628946078451,0.001,0.001,0.0
4194834854,2837957847,1783610628946299940,1783610628946301850,203,order,benchmark,True,0.0,0.0,,,mock,0.0,,1783610628946299940,InstrumentType.Spot,6947440129078264656,OrderType.Limit,Direction.Long,65000.39,278515984,Side.Buy,,OrderStatus.Submitted,65000.39,1653898000,BTC-USDT,TimeCondition.GTC,1783610628946299940,0.001,0.001,0.0
4194834854,2837957847,1783610628946552801,1783610628946554622,203,order,benchmark,True,0.0,0.0,,,mock,0.0,,1783610628946552801,InstrumentType.Spot,6947440129078264657,OrderType.Limit,Direction.Long,65000.6,278517760,Side.Sell,,OrderStatus.Submitted,65000.6,1653898000,BTC-USDT,TimeCondition.GTC,1783610628946552801,0.001,0.001,0.0
4194834854,2837957847,1783610628946841629,1783610628946843312,203,order,benchmark,True,0.0,0.0,,,mock,0.0,,1783610628946841629,InstrumentType.Spot,6947440129078264658,OrderType.Limit,Direction.Long,65000.41,278519536,Side.Buy,,OrderStatus.Submitted,65000.41,1653898000,BTC-USDT,TimeCondition.GTC,1783610628946841629,0.001,0.001,0.0
4194834854,2837957847,1783610628947143586,1783610628947145681,203,order,benchmark,True,0.0,0.0,,,mock,0.0,,1783610628947143586,InstrumentType.Spot,6947440129078264659,OrderType.Limit,Direction.Long,65000.619999999995,278521312,Side.Sell,,OrderStatus.Submitted,65000.619999999995,1653898000,BTC-USDT,TimeCondition.GTC,1783610628947143586,0.001,0.001,0.0
4194834854,2837957847,1783610628947446412,1783610628947449304,203,order,benchmark,True,0.0,0.0,,,mock,0.0,,1783610628947446412,InstrumentType.Spot,6947440129078264660,OrderType.Limit,Direction.Long,65000.43,278523088,Side.Buy,,OrderStatus.Submitted,65000.43,1653898000,BTC-USDT,TimeCondition.GTC,1783610628947446412,0.001,0.001,0.0
4194834854,2837957847,1783610628947746291,1783610628947748230,203,order,benchmark,True,0.0,0.0,,,mock,0.0,,1783610628947746291,InstrumentType.Spot,6947440129078264661,OrderType.Limit,Direction.Long,65000.64,278524864,Side.Sell,,OrderStatus.Submitted,65000.64,1653898000,BTC-USDT,TimeCondition.GTC,1783610628947746291,0.001,0.001,0.0
4194834854,2837957847,1783610628948160642,1783610628948162628,203,order,benchmark,True,0.0,0.0,,,mock,0.0,,1783610628948160642,InstrumentType.Spot,6947440129078264662,OrderType.Limit,Direction.Long,65000.450000000004,278526640,Side.Buy,,OrderStatus.Submitted,65000.450000000004,1653898000,BTC-USDT,TimeCondition.GTC,1783610628948160642,0.001,0.001,0.0
4194834854,2837957847,1783610628948390947,1783610628948392801,203,order,benchmark,True,0.0,0.0,,,mock,0.0,,1783610628948390947,InstrumentType.Spot,6947440129078264663,OrderType.Limit,Direction.Long,65000.659999999996,278528416,Side.Sell,,OrderStatus.Submitted,65000.659999999996,1653898000,BTC-USDT,TimeCondition.GTC,1783610628948390947,0.001,0.001,0.0
4194834854,2837957847,1783610628948642683,1783610628948644489,203,order,benchmark,True,0.0,0.0,,,mock,0.0,,1783610628948642683,InstrumentType.Spot,6947440129078264664,OrderType.Limit,Direction.Long,65000.47,278530192,Side.Buy,,OrderStatus.Submitted,65000.47,1653898000,BTC-USDT,TimeCondition.GTC,1783610628948642683,0.001,0.001,0.0
4194834854,2837957847,1783610628948945223,1783610628948947060,203,order,benchmark,True,0.0,0.0,,,mock,0.0,,1783610628948945223,InstrumentType.Spot,6947440129078264665,OrderType.Limit,Direction.Long,65000.68,278531968,Side.Sell,,OrderStatus.Submitted,65000.68,1653898000,BTC-USDT,TimeCondition.GTC,1783610628948945223,0.001,0.001,0.0
4194834854,2837957847,1783610628949249730,1783610628949259385,203,order,benchmark,True,0.0,0.0,,,mock,0.0,,1783610628949249730,InstrumentType.Spot,6947440129078264666,OrderType.Limit,Direction.Long,65000.49,278533744,Side.Buy,,OrderStatus.Submitted,65000.49,1653898000,BTC-USDT,TimeCondition.GTC,1783610628949249730,0.001,0.001,0.0
4194834854,2837957847,1783610628949832397,1783610628949835522,203,order,benchmark,True,0.0,0.0,,,mock,0.0,,1783610628949832397,InstrumentType.Spot,6947440129078264667,OrderType.Limit,Direction.Long,65000.7,278535520,Side.Sell,,OrderStatus.Submitted,65000.7,1653898000,BTC-USDT,TimeCondition.GTC,1783610628949832397,0.001,0.001,0.0
4194834854,2837957847,1783610628949903969,1783610628949906429,203,order,benchmark,True,0.0,0.0,,,mock,0.0,,1783610628949903969,InstrumentType.Spot,6947440129078264668,OrderType.Limit,Direction.Long,65000.51,278537296,Side.Buy,,OrderStatus.Submitted,65000.51,1653898000,BTC-USDT,TimeCondition.GTC,1783610628949903969,0.001,0.001,0.0
4194834854,2837957847,1783610628950127941,1783610628950129941,203,order,benchmark,True,0.0,0.0,,,mock,0.0,,1783610628950127941,InstrumentType.Spot,6947440129078264669,OrderType.Limit,Direction.Long,65000.72,278360672,Side.Sell,,OrderStatus.Submitted,65000.72,1653898000,BTC-USDT,TimeCondition.GTC,1783610628950127941,0.001,0.001,0.0
4194834854,2837957847,1783610628950452075,1783610628950453711,203,order,benchmark,True,0.0,0.0,,,mock,0.0,,1783610628950452075,InstrumentType.Spot,6947440129078264670,OrderType.Limit,Direction.Long,65000.53,278362448,Side.Buy,,OrderStatus.Submitted,65000.53,1653898000,BTC-USDT,TimeCondition.GTC,1783610628950452075,0.001,0.001,0.0
4194834854,2837957847,1783610628950856689,1783610628950858454,203,order,benchmark,True,0.0,0.0,,,mock,0.0,,1783610628950856689,InstrumentType.Spot,6947440129078264671,OrderType.Limit,Direction.Long,65000.74,278364224,Side.Sell,,OrderStatus.Submitted,65000.74,1653898000,BTC-USDT,TimeCondition.GTC,1783610628950856689,0.001,0.001,0.0
4194834854,2837957847,1783610628951084830,1783610628951086610,203,order,benchmark,True,0.0,0.0,,,mock,0.0,,1783610628951084830,InstrumentType.Spot,6947440129078264672,OrderType.Limit,Direction.Long,65000.55,278366000,Side.Buy,,OrderStatus.Submitted,65000.55,1653898000,BTC-USDT,TimeCondition.GTC,1783610628951084830,0.001,0.001,0.0
4194834854,2837957847,1783610628951346500,1783610628951348312,203,order,benchmark,True,0.0,0.0,,,mock,0.0,,1783610628951346500,InstrumentType.Spot,6947440129078264673,OrderType.Limit,Direction.Long,65000.76,278366992,Side.Sell,,OrderStatus.Submitted,65000.76,1653898000,BTC-USDT,TimeCondition.GTC,1783610628951346500,0.001,0.001,0.0
4194834854,2837957847,1783610628951644164,1783610628951645972,203,order,benchmark,True,0.0,0.0,,,mock,0.0,,1783610628951644164,InstrumentType.Spot,6947440129078264674,OrderType.Limit,Direction.Long,65000.57,278548848,Side.Buy,,OrderStatus.Submitted,65000.57,1653898000,BTC-USDT,TimeCondition.GTC,1783610628951644164,0.001,0.001,0.0
4194834854,2837957847,1783610628951947453,1783610628951949198,203,order,benchmark,True,0.0,0.0,,,mock,0.0,,1783610628951947453,InstrumentType.Spot,6947440129078264675,OrderType.Limit,Direction.Long,65000.78,278550624,Side.Sell,,OrderStatus.Submitted,65000.78,1653898000,BTC-USDT,TimeCondition.GTC,1783610628951947453,0.001,0.001,0.0
4194834854,2837957847,1783610628952260518,1783610628952262564,203,order,benchmark,True,0.0,0.0,,,mock,0.0,,1783610628952260518,InstrumentType.Spot,6947440129078264676,OrderType.Limit,Direction.Long,65000.590000000004,278552400,Side.Buy,,OrderStatus.Submitted,65000.590000000004,1653898000,BTC-USDT,TimeCondition.GTC,1783610628952260518,0.001,0.001,0.0
4194834854,2837957847,1783610628952460893,1783610628952463818,203,order,benchmark,True,0.0,0.0,,,mock,0.0,,1783610628952460893,InstrumentType.Spot,6947440129078264677,OrderType.Limit,Direction.Long,65000.799999999996,278554176,Side.Sell,,OrderStatus.Submitted,65000.799999999996,1653898000,BTC-USDT,TimeCondition.GTC,1783610628952460893,0.001,0.001,0.0
4194834854,2837957847,1783610628953071919,1783610628953075070,203,order,benchmark,True,0.0,0.0,,,mock,0.0,,1783610628953071919,InstrumentType.Spot,6947440129078264678,OrderType.Limit,Direction.Long,65000.61,278555952,Side.Buy,,OrderStatus.Submitted,65000.61,1653898000,BTC-USDT,TimeCondition.GTC,1783610628953071919,0.001,0.001,0.0
4194834854,2837957847,1783610628953197908,1783610628953208730,203,order,benchmark,True,0.0,0.0,,,mock,0.0,,1783610628953197908,InstrumentType.Spot,6947440129078264679,OrderType.Limit,Direction.Long,65000.82,278557728,Side.Sell,,OrderStatus.Submitted,65000.82,1653898000,BTC-USDT,TimeCondition.GTC,1783610628953197908,0.001,0.001,0.0
4194834854,2837957847,1783610628953516641,1783610628953518868,203,order,benchmark,True,0.0,0.0,,,mock,0.0,,1783610628953516641,InstrumentType.Spot,6947440129078264680,OrderType.Limit,Direction.Long,65000.630000000005,278559504,Side.Buy,,OrderStatus.Submitted,65000.630000000005,1653898000,BTC-USDT,TimeCondition.GTC,1783610628953516641,0.001,0.001,0.0
4194834854,2837957847,1783610628953768879,1783610628953771073,203,order,benchmark,True,0.0,0.0,,,mock,0.0,,1783610628953768879,InstrumentType.Spot,6947440129078264681,OrderType.Limit,Direction.Long,65000.84,278561280,Side.Sell,,OrderStatus.Submitted,65000.84,1653898000,BTC-USDT,TimeCondition.GTC,1783610628953768879,0.001,0.001,0.0
4194834854,2837957847,1783610628954081433,1783610628954084410,203,order,benchmark,True,0.0,0.0,,,mock,0.0,,1783610628954081433,InstrumentType.Spot,6947440129078264682,OrderType.Limit,Direction.Long,65000.65,278563056,Side.Buy,,OrderStatus.Submitted,65000.65,1653898000,BTC-USDT,TimeCondition.GTC,1783610628954081433,0.001,0.001,0.0
4194834854,2837957847,1783610628954485602,1783610628954488328,203,order,benchmark,True,0.0,0.0,,,mock,0.0,,1783610628954485602,InstrumentType.Spot,6947440129078264683,OrderType.Limit,Direction.Long,65000.86,278564832,Side.Sell,,OrderStatus.Submitted,65000.86,1653898000,BTC-USDT,TimeCondition.GTC,1783610628954485602,0.001,0.001,0.0
4194834854,2837957847,1783610628954710950,1783610628954713355,203,order,benchmark,True,0.0,0.0,,,mock,0.0,,1783610628954710950,InstrumentType.Spot,6947440129078264684,OrderType.Limit,Direction.Long,65000.67,278566608,Side.Buy,,OrderStatus.Submitted,65000.67,1653898000,BTC-USDT,TimeCondition.GTC,1783610628954710950,0.001,0.001,0.0
4194834854,2837957847,1783610628954863041,1783610628954865644,203,order,benchmark,True,0.0,0.0,,,mock,0.0,,1783610628954863041,InstrumentType.Spot,6947440129078264685,OrderType.Limit,Direction.Long,65000.88,278568384,Side.Sell,,OrderStatus.Submitted,65000.88,1653898000,BTC-USDT,TimeCondition.GTC,1783610628954863041,0.001,0.001,0.0
4194834854,2837957847,1783610628955255726,1783610628955257662,203,order,benchmark,True,0.0,0.0,,,mock,0.0,,1783610628955255726,InstrumentType.Spot,6947440129078264686,OrderType.Limit,Direction.Long,65000.69,278570160,Side.Buy,,OrderStatus.Submitted,65000.69,1653898000,BTC-USDT,TimeCondition.GTC,1783610628955255726,0.001,0.001,0.0
4194834854,2837957847,1783610628955533296,1783610628955534997,203,order,benchmark,True,0.0,0.0,,,mock,0.0,,1783610628955533296,InstrumentType.Spot,6947440129078264687,OrderType.Limit,Direction.Long,65000.9,278571936,Side.Sell,,OrderStatus.Submitted,65000.9,1653898000,BTC-USDT,TimeCondition.GTC,1783610628955533296,0.001,0.001,0.0
4194834854,2837957847,1783610628955841736,1783610628955843657,203,order,benchmark,True,0.0,0.0,,,mock,0.0,,1783610628955841736,InstrumentType.Spot,6947440129078264688,OrderType.Limit,Direction.Long,65000.71,278573712,Side.Buy,,OrderStatus.Submitted,65000.71,1653898000,BTC-USDT,TimeCondition.GTC,1783610628955841736,0.001,0.001,0.0
4194834854,2837957847,1783610628956144531,1783610628956146415,203,order,benchmark,True,0.0,0.0,,,mock,0.0,,1783610628956144531,InstrumentType.Spot,6947440129078264689,OrderType.Limit,Direction.Long,65000.92,278575488,Side.Sell,,OrderStatus.Submitted,65000.92,1653898000,BTC-USDT,TimeCondition.GTC,1783610628956144531,0.001,0.001,0.0
4194834854,2837957847,1783610628956437364,1783610628956439306,203,order,benchmark,True,0.0,0.0,,,mock,0.0,,1783610628956437364,InstrumentType.Spot,6947440129078264690,OrderType.Limit,Direction.Long,65000.73,278577264,Side.Buy,,OrderStatus.Submitted,65000.73,1653898000,BTC-USDT,TimeCondition.GTC,1783610628956437364,0.001,0.001,0.0
4194834854,2837957847,1783610628956741998,1783610628956743825,203,order,benchmark,True,0.0,0.0,,,mock,0.0,,1783610628956741998,InstrumentType.Spot,6947440129078264691,OrderType.Limit,Direction.Long,65000.939999999995,278579040,Side.Sell,,OrderStatus.Submitted,65000.939999999995,1653898000,BTC-USDT,TimeCondition.GTC,1783610628956741998,0.001,0.001,0.0
4194834854,2837957847,1783610628957045288,1783610628957047483,203,order,benchmark,True,0.0,0.0,,,mock,0.0,,1783610628957045288,InstrumentType.Spot,6947440129078264692,OrderType.Limit,Direction.Long,65000.75,278580816,Side.Buy,,OrderStatus.Submitted,65000.75,1653898000,BTC-USDT,TimeCondition.GTC,1783610628957045288,0.001,0.001,0.0
4194834854,2837957847,1783610628957342761,1783610628957352805,203,order,benchmark,True,0.0,0.0,,,mock,0.0,,1783610628957342761,InstrumentType.Spot,6947440129078264693,OrderType.Limit,Direction.Long,65000.96,278582592,Side.Sell,,OrderStatus.Submitted,65000.96,1653898000,BTC-USDT,TimeCondition.GTC,1783610628957342761,0.001,0.001,0.0
4194834854,2837957847,1783610628957640434,1783610628957642113,203,order,benchmark,True,0.0,0.0,,,mock,0.0,,1783610628957640434,InstrumentType.Spot,6947440129078264694,OrderType.Limit,Direction.Long,65000.770000000004,278584368,Side.Buy,,OrderStatus.Submitted,65000.770000000004,1653898000,BTC-USDT,TimeCondition.GTC,1783610628957640434,0.001,0.001,0.0
4194834854,2837957847,1783610628957950753,1783610628957952759,203,order,benchmark,True,0.0,0.0,,,mock,0.0,,1783610628957950753,InstrumentType.Spot,6947440129078264695,OrderType.Limit,Direction.Long,65000.979999999996,278586144,Side.Sell,,OrderStatus.Submitted,65000.979999999996,1653898000,BTC-USDT,TimeCondition.GTC,1783610628957950753,0.001,0.001,0.0
4194834854,2837957847,1783610628958243941,1783610628958245866,203,order,benchmark,True,0.0,0.0,,,mock,0.0,,1783610628958243941,InstrumentType.Spot,6947440129078264696,OrderType.Limit,Direction.Long,65000.79,278587920,Side.Buy,,OrderStatus.Submitted,65000.79,1653898000,BTC-USDT,TimeCondition.GTC,1783610628958243941,0.001,0.001,0.0
4194834854,2837957847,1783610628958539228,1783610628958541066,203,order,benchmark,True,0.0,0.0,,,mock,0.0,,1783610628958539228,InstrumentType.Spot,6947440129078264697,OrderType.Limit,Direction.Long,65001.0,278589696,Side.Sell,,OrderStatus.Submitted,65001.0,1653898000,BTC-USDT,TimeCondition.GTC,1783610628958539228,0.001,0.001,0.0
4194834854,2837957847,1783610628958840951,1783610628958842733,203,order,benchmark,True,0.0,0.0,,,mock,0.0,,1783610628958840951,InstrumentType.Spot,6947440129078264698,OrderType.Limit,Direction.Long,65000.810000000005,278591472,Side.Buy,,OrderStatus.Submitted,65000.810000000005,1653898000,BTC-USDT,TimeCondition.GTC,1783610628958840951,0.001,0.001,0.0
4194834854,2837957847,1783610628959146052,1783610628959147912,203,order,benchmark,True,0.0,0.0,,,mock,0.0,,1783610628959146052,InstrumentType.Spot,6947440129078264699,OrderType.Limit,Direction.Long,65001.02,278593248,Side.Sell,,OrderStatus.Submitted,65001.02,1653898000,BTC-USDT,TimeCondition.GTC,1783610628959146052,0.001,0.001,0.0
4194834854,2837957847,1783610628959441456,1783610628959443909,203,order,benchmark,True,0.0,0.0,,,mock,0.0,,1783610628959441456,InstrumentType.Spot,6947440129078264700,OrderType.Limit,Direction.Long,65000.83,278595024,Side.Buy,,OrderStatus.Submitted,65000.83,1653898000,BTC-USDT,TimeCondition.GTC,1783610628959441456,0.001,0.001,0.0
4194834854,2837957847,1783610628959748553,1783610628959750754,203,order,benchmark,True,0.0,0.0,,,mock,0.0,,1783610628959748553,InstrumentType.Spot,6947440129078264701,OrderType.Limit,Direction.Long,65001.04,278596800,Side.Sell,,OrderStatus.Submitted,65001.04,1653898000,BTC-USDT,TimeCondition.GTC,1783610628959748553,0.001,0.001,0.0
4194834854,2837957847,1783610628960175017,1783610628960177749,203,order,benchmark,True,0.0,0.0,,,mock,0.0,,1783610628960175017,InstrumentType.Spot,6947440129078264702,OrderType.Limit,Direction.Long,65000.85,278598576,Side.Buy,,OrderStatus.Submitted,65000.85,1653898000,BTC-USDT,TimeCondition.GTC,1783610628960175017,0.001,0.001,0.0
4194834854,2837957847,1783610628960397821,1783610628960399569,203,order,benchmark,True,0.0,0.0,,,mock,0.0,,1783610628960397821,InstrumentType.Spot,6947440129078264703,OrderType.Limit,Direction.Long,65001.06,278600352,Side.Sell,,OrderStatus.Submitted,65001.06,1653898000,BTC-USDT,TimeCondition.GTC,1783610628960397821,0.001,0.001,0.0
4194834854,2837957847,1783610628960597384,1783610628960600474,203,order,benchmark,True,0.0,0.0,,,mock,0.0,,1783610628960597384,InstrumentType.Spot,6947440129078264704,OrderType.Limit,Direction.Long,65000.87,278602128,Side.Buy,,OrderStatus.Submitted,65000.87,1653898000,BTC-USDT,TimeCondition.GTC,1783610628960597384,0.001,0.001,0.0
4194834854,2837957847,1783610628961150842,1783610628961154044,203,order,benchmark,True,0.0,0.0,,,mock,0.0,,1783610628961150842,InstrumentType.Spot,6947440129078264705,OrderType.Limit,Direction.Long,65001.08,278603904,Side.Sell,,OrderStatus.Submitted,65001.08,1653898000,BTC-USDT,TimeCondition.GTC,1783610628961150842,0.001,0.001,0.0
4194834854,2837957847,1783610628961253513,1783610628961264415,203,order,benchmark,True,0.0,0.0,,,mock,0.0,,1783610628961253513,InstrumentType.Spot,6947440129078264706,OrderType.Limit,Direction.Long,65000.89,278605680,Side.Buy,,OrderStatus.Submitted,65000.89,1653898000,BTC-USDT,TimeCondition.GTC,1783610628961253513,0.001,0.001,0.0
4194834854,2837957847,1783610628962027775,1783610628962033788,203,order,benchmark,True,0.0,0.0,,,mock,0.0,,1783610628962027775,InstrumentType.Spot,6947440129078264707,OrderType.Limit,Direction.Long,65000.1,278607456,Side.Sell,,OrderStatus.Submitted,65000.1,1653898000,BTC-USDT,TimeCondition.GTC,1783610628962027775,0.001,0.001,0.0
4194834854,2837957847,1783610628962057859,1783610628962059580,203,order,benchmark,True,0.0,0.0,,,mock,0.0,,1783610628962057859,InstrumentType.Spot,6947440129078264708,OrderType.Limit,Direction.Long,64999.91,278609200,Side.Buy,,OrderStatus.Submitted,64999.91,1653898000,BTC-USDT,TimeCondition.GTC,1783610628962057859,0.001,0.001,0.0
4194834854,2837957847,1783610628962144995,1783610628962163679,203,order,benchmark,True,0.0,0.0,,,mock,0.0,,1783610628962144995,InstrumentType.Spot,6947440129078264709,OrderType.Limit,Direction.Long,65000.119999999995,278611008,Side.Sell,,OrderStatus.Submitted,65000.119999999995,1653898000,BTC-USDT,TimeCondition.GTC,1783610628962144995,0.001,0.001,0.0
4194834854,2837957847,1783610628962619916,1783610628962622434,203,order,benchmark,True,0.0,0.0,,,mock,0.0,,1783610628962619916,InstrumentType.Spot,6947440129078264710,OrderType.Limit,Direction.Long,64999.93,278612784,Side.Buy,,OrderStatus.Submitted,64999.93,1653898000,BTC-USDT,TimeCondition.GTC,1783610628962619916,0.001,0.001,0.0
4194834854,2837957847,1783610628962757897,1783610628962760596,203,order,benchmark,True,0.0,0.0,,,mock,0.0,,1783610628962757897,InstrumentType.Spot,6947440129078264711,OrderType.Limit,Direction.Long,65000.14,278614560,Side.Sell,,OrderStatus.Submitted,65000.14,1653898000,BTC-USDT,TimeCondition.GTC,1783610628962757897,0.001,0.001,0.0
4194834854,2837957847,1783610628963054534,1783610628963056331,203,order,benchmark,True,0.0,0.0,,,mock,0.0,,1783610628963054534,InstrumentType.Spot,6947440129078264712,OrderType.Limit,Direction.Long,64999.950000000004,278616336,Side.Buy,,OrderStatus.Submitted,64999.950000000004,1653898000,BTC-USDT,TimeCondition.GTC,1783610628963054534,0.001,0.001,0.0
4194834854,2837957847,1783610628963345045,1783610628963346881,203,order,benchmark,True,0.0,0.0,,,mock,0.0,,1783610628963345045,InstrumentType.Spot,6947440129078264713,OrderType.Limit,Direction.Long,65000.159999999996,278618112,Side.Sell,,OrderStatus.Submitted,65000.159999999996,1653898000,BTC-USDT,TimeCondition.GTC,1783610628963345045,0.001,0.001,0.0
4194834854,2837957847,1783610628963661605,1783610628963663568,203,order,benchmark,True,0.0,0.0,,,mock,0.0,,1783610628963661605,InstrumentType.Spot,6947440129078264714,OrderType.Limit,Direction.Long,64999.97,278619888,Side.Buy,,OrderStatus.Submitted,64999.97,1653898000,BTC-USDT,TimeCondition.GTC,1783610628963661605,0.001,0.001,0.0
4194834854,2837957847,1783610628963940181,1783610628963942404,203,order,benchmark,True,0.0,0.0,,,mock,0.0,,1783610628963940181,InstrumentType.Spot,6947440129078264715,OrderType.Limit,Direction.Long,65000.18,278621664,Side.Sell,,OrderStatus.Submitted,65000.18,1653898000,BTC-USDT,TimeCondition.GTC,1783610628963940181,0.001,0.001,0.0
4194834854,2837957847,1783610628964245499,1783610628964248029,203,order,benchmark,True,0.0,0.0,,,mock,0.0,,1783610628964245499,InstrumentType.Spot,6947440129078264716,OrderType.Limit,Direction.Long,64999.99,278623440,Side.Buy,,OrderStatus.Submitted,64999.99,1653898000,BTC-USDT,TimeCondition.GTC,1783610628964245499,0.001,0.001,0.0
4194834854,2837957847,1783610628964543355,1783610628964545339,203,order,benchmark,True,0.0,0.0,,,mock,0.0,,1783610628964543355,InstrumentType.Spot,6947440129078264717,OrderType.Limit,Direction.Long,65000.2,278625216,Side.Sell,,OrderStatus.Submitted,65000.2,1653898000,BTC-USDT,TimeCondition.GTC,1783610628964543355,0.001,0.001,0.0
4194834854,2837957847,1783610628964842547,1783610628964844383,203,order,benchmark,True,0.0,0.0,,,mock,0.0,,1783610628964842547,InstrumentType.Spot,6947440129078264718,OrderType.Limit,Direction.Long,65000.01,278626992,Side.Buy,,OrderStatus.Submitted,65000.01,1653898000,BTC-USDT,TimeCondition.GTC,1783610628964842547,0.001,0.001,0.0
4194834854,2837957847,1783610628965148942,1783610628965166386,203,order,benchmark,True,0.0,0.0,,,mock,0.0,,1783610628965148942,InstrumentType.Spot,6947440129078264719,OrderType.Limit,Direction.Long,65000.22,278628768,Side.Sell,,OrderStatus.Submitted,65000.22,1653898000,BTC-USDT,TimeCondition.GTC,1783610628965148942,0.001,0.001,0.0
4194834854,2837957847,1783610628965442173,1783610628965444126,203,order,benchmark,True,0.0,0.0,,,mock,0.0,,1783610628965442173,InstrumentType.Spot,6947440129078264720,OrderType.Limit,Direction.Long,65000.03,278630544,Side.Buy,,OrderStatus.Submitted,65000.03,1653898000,BTC-USDT,TimeCondition.GTC,1783610628965442173,0.001,0.001,0.0
4194834854,2837957847,1783610628965741752,1783610628965744320,203,order,benchmark,True,0.0,0.0,,,mock,0.0,,1783610628965741752,InstrumentType.Spot,6947440129078264721,OrderType.Limit,Direction.Long,65000.24,278632320,Side.Sell,,OrderStatus.Submitted,65000.24,1653898000,BTC-USDT,TimeCondition.GTC,1783610628965741752,0.001,0.001,0.0
4194834854,2837957847,1783610628966249686,1783610628966253316,203,order,benchmark,True,0.0,0.0,,,mock,0.0,,1783610628966249686,InstrumentType.Spot,6947440129078264722,OrderType.Limit,Direction.Long,65000.05,278634096,Side.Buy,,OrderStatus.Submitted,65000.05,1653898000,BTC-USDT,TimeCondition.GTC,1783610628966249686,0.001,0.001,0.0
4194834854,2837957847,1783610628966345231,1783610628966346851,203,order,benchmark,True,0.0,0.0,,,mock,0.0,,1783610628966345231,InstrumentType.Spot,6947440129078264723,OrderType.Limit,Direction.Long,65000.26,278635872,Side.Sell,,OrderStatus.Submitted,65000.26,1653898000,BTC-USDT,TimeCondition.GTC,1783610628966345231,0.001,0.001,0.0
4194834854,2837957847,1783610628966846163,1783610628966848946,203,order,benchmark,True,0.0,0.0,,,mock,0.0,,1783610628966846163,InstrumentType.Spot,6947440129078264724,OrderType.Limit,Direction.Long,65000.07,278637648,Side.Buy,,OrderStatus.Submitted,65000.07,1653898000,BTC-USDT,TimeCondition.GTC,1783610628966846163,0.001,0.001,0.0
4194834854,2837957847,1783610628967034469,1783610628967036642,203,order,benchmark,True,0.0,0.0,,,mock,0.0,,1783610628967034469,InstrumentType.Spot,6947440129078264725,OrderType.Limit,Direction.Long,65000.28,278639424,Side.Sell,,OrderStatus.Submitted,65000.28,1653898000,BTC-USDT,TimeCondition.GTC,1783610628967034469,0.001,0.001,0.0
4194834854,2837957847,1783610628967174477,1783610628967193369,203,order,benchmark,True,0.0,0.0,,,mock,0.0,,1783610628967174477,InstrumentType.Spot,6947440129078264726,OrderType.Limit,Direction.Long,65000.090000000004,278641200,Side.Buy,,OrderStatus.Submitted,65000.090000000004,1653898000,BTC-USDT,TimeCondition.GTC,1783610628967174477,0.001,0.001,0.0
4194834854,2837957847,1783610628967544020,1783610628967545905,203,order,benchmark,True,0.0,0.0,,,mock,0.0,,1783610628967544020,InstrumentType.Spot,6947440129078264727,OrderType.Limit,Direction.Long,65000.299999999996,278642976,Side.Sell,,OrderStatus.Submitted,65000.299999999996,1653898000,BTC-USDT,TimeCondition.GTC,1783610628967544020,0.001,0.001,0.0
4194834854,2837957847,1783610628967842065,1783610628967843657,203,order,benchmark,True,0.0,0.0,,,mock,0.0,,1783610628967842065,InstrumentType.Spot,6947440129078264728,OrderType.Limit,Direction.Long,65000.11,278644752,Side.Buy,,OrderStatus.Submitted,65000.11,1653898000,BTC-USDT,TimeCondition.GTC,1783610628967842065,0.001,0.001,0.0
4194834854,2837957847,1783610628968288905,1783610628968291488,203,order,benchmark,True,0.0,0.0,,,mock,0.0,,1783610628968288905,InstrumentType.Spot,6947440129078264729,OrderType.Limit,Direction.Long,65000.32,278646528,Side.Sell,,OrderStatus.Submitted,65000.32,1653898000,BTC-USDT,TimeCondition.GTC,1783610628968288905,0.001,0.001,0.0
4194834854,2837957847,1783610628968497396,1783610628968499180,203,order,benchmark,True,0.0,0.0,,,mock,0.0,,1783610628968497396,InstrumentType.Spot,6947440129078264730,OrderType.Limit,Direction.Long,65000.130000000005,278648304,Side.Buy,,OrderStatus.Submitted,65000.130000000005,1653898000,BTC-USDT,TimeCondition.GTC,1783610628968497396,0.001,0.001,0.0
4194834854,2837957847,1783610628968739617,1783610628968741319,203,order,benchmark,True,0.0,0.0,,,mock,0.0,,1783610628968739617,InstrumentType.Spot,6947440129078264731,OrderType.Limit,Direction.Long,65000.34,278650080,Side.Sell,,OrderStatus.Submitted,65000.34,1653898000,BTC-USDT,TimeCondition.GTC,1783610628968739617,0.001,0.001,0.0
4194834854,2837957847,1783610628969149493,1783610628969162123,203,order,benchmark,True,0.0,0.0,,,mock,0.0,,1783610628969149493,InstrumentType.Spot,6947440129078264732,OrderType.Limit,Direction.Long,65000.15,278651856,Side.Buy,,OrderStatus.Submitted,65000.15,1653898000,BTC-USDT,TimeCondition.GTC,1783610628969149493,0.001,0.001,0.0
4194834854,2837957847,1783610628969377218,1783610628969379321,203,order,benchmark,True,0.0,0.0,,,mock,0.0,,1783610628969377218,InstrumentType.Spot,6947440129078264733,OrderType.Limit,Direction.Long,65000.36,278653632,Side.Sell,,OrderStatus.Submitted,65000.36,1653898000,BTC-USDT,TimeCondition.GTC,1783610628969377218,0.001,0.001,0.0
4194834854,2837957847,1783610628969917128,1783610628969919103,203,order,benchmark,True,0.0,0.0,,,mock,0.0,,1783610628969917128,InstrumentType.Spot,6947440129078264734,OrderType.Limit,Direction.Long,65000.17,278655408,Side.Buy,,OrderStatus.Submitted,65000.17,1653898000,BTC-USDT,TimeCondition.GTC,1783610628969917128,0.001,0.001,0.0
4194834854,2837957847,1783610628969955136,1783610628969957514,203,order,benchmark,True,0.0,0.0,,,mock,0.0,,1783610628969955136,InstrumentType.Spot,6947440129078264735,OrderType.Limit,Direction.Long,65000.38,278657152,Side.Sell,,OrderStatus.Submitted,65000.38,1653898000,BTC-USDT,TimeCondition.GTC,1783610628969955136,0.001,0.001,0.0
4194834854,2837957847,1783610628970246547,1783610628970248444,203,order,benchmark,True,0.0,0.0,,,mock,0.0,,1783610628970246547,InstrumentType.Spot,6947440129078264736,OrderType.Limit,Direction.Long,65000.19,278658960,Side.Buy,,OrderStatus.Submitted,65000.19,1653898000,BTC-USDT,TimeCondition.GTC,1783610628970246547,0.001,0.001,0.0
4194834854,2837957847,1783610628970761914,1783610628970765069,203,order,benchmark,True,0.0,0.0,,,mock,0.0,,1783610628970761914,InstrumentType.Spot,6947440129078264737,OrderType.Limit,Direction.Long,65000.4,278660736,Side.Sell,,OrderStatus.Submitted,65000.4,1653898000,BTC-USDT,TimeCondition.GTC,1783610628970761914,0.001,0.001,0.0
4194834854,2837957847,1783610628970801231,1783610628970803450,203,order,benchmark,True,0.0,0.0,,,mock,0.0,,1783610628970801231,InstrumentType.Spot,6947440129078264738,OrderType.Limit,Direction.Long,65000.21,278662480,Side.Buy,,OrderStatus.Submitted,65000.21,1653898000,BTC-USDT,TimeCondition.GTC,1783610628970801231,0.001,0.001,0.0
4194834854,2837957847,1783610628971143501,1783610628971145350,203,order,benchmark,True,0.0,0.0,,,mock,0.0,,1783610628971143501,InstrumentType.Spot,6947440129078264739,OrderType.Limit,Direction.Long,65000.42,278664288,Side.Sell,,OrderStatus.Submitted,65000.42,1653898000,BTC-USDT,TimeCondition.GTC,1783610628971143501,0.001,0.001,0.0
4194834854,2837957847,1783610628971696787,1783610628971716024,203,order,benchmark,True,0.0,0.0,,,mock,0.0,,1783610628971696787,InstrumentType.Spot,6947440129078264740,OrderType.Limit,Direction.Long,65000.23,278666064,Side.Buy,,OrderStatus.Submitted,65000.23,1653898000,BTC-USDT,TimeCondition.GTC,1783610628971696787,0.001,0.001,0.0
4194834854,2837957847,1783610628971739056,1783610628971741377,203,order,benchmark,True,0.0,0.0,,,mock,0.0,,1783610628971739056,InstrumentType.Spot,6947440129078264741,OrderType.Limit,Direction.Long,65000.439999999995,278667808,Side.Sell,,OrderStatus.Submitted,65000.439999999995,1653898000,BTC-USDT,TimeCondition.GTC,1783610628971739056,0.001,0.001,0.0
4194834854,2837957847,1783610628972206294,1783610628972208934,203,order,benchmark,True,0.0,0.0,,,mock,0.0,,1783610628972206294,InstrumentType.Spot,6947440129078264742,OrderType.Limit,Direction.Long,65000.25,278669616,Side.Buy,,OrderStatus.Submitted,65000.25,1653898000,BTC-USDT,TimeCondition.GTC,1783610628972206294,0.001,0.001,0.0
4194834854,2837957847,1783610628972418202,1783610628972421720,203,order,benchmark,True,0.0,0.0,,,mock,0.0,,1783610628972418202,InstrumentType.Spot,6947440129078264743,OrderType.Limit,Direction.Long,65000.46,278671392,Side.Sell,,OrderStatus.Submitted,65000.46,1653898000,BTC-USDT,TimeCondition.GTC,1783610628972418202,0.001,0.001,0.0
4194834854,2837957847,1783610628972666519,1783610628972668542,203,order,benchmark,True,0.0,0.0,,,mock,0.0,,1783610628972666519,InstrumentType.Spot,6947440129078264744,OrderType.Limit,Direction.Long,65000.270000000004,278673168,Side.Buy,,OrderStatus.Submitted,65000.270000000004,1653898000,BTC-USDT,TimeCondition.GTC,1783610628972666519,0.001,0.001,0.0
4194834854,2837957847,1783610628973104302,1783610628973122387,203,order,benchmark,True,0.0,0.0,,,mock,0.0,,1783610628973104302,InstrumentType.Spot,6947440129078264745,OrderType.Limit,Direction.Long,65000.479999999996,278674944,Side.Sell,,OrderStatus.Submitted,65000.479999999996,1653898000,BTC-USDT,TimeCondition.GTC,1783610628973104302,0.001,0.001,0.0
4194834854,2837957847,1783610628973404487,1783610628973407479,203,order,benchmark,True,0.0,0.0,,,mock,0.0,,1783610628973404487,InstrumentType.Spot,6947440129078264746,OrderType.Limit,Direction.Long,65000.29,278676720,Side.Buy,,OrderStatus.Submitted,65000.29,1653898000,BTC-USDT,TimeCondition.GTC,1783610628973404487,0.001,0.001,0.0
4194834854,2837957847,1783610628973603317,1783610628973605431,203,order,benchmark,True,0.0,0.0,,,mock,0.0,,1783610628973603317,InstrumentType.Spot,6947440129078264747,OrderType.Limit,Direction.Long,65000.5,278678496,Side.Sell,,OrderStatus.Submitted,65000.5,1653898000,BTC-USDT,TimeCondition.GTC,1783610628973603317,0.001,0.001,0.0
4194834854,2837957847,1783610628973856396,1783610628973858561,203,order,benchmark,True,0.0,0.0,,,mock,0.0,,1783610628973856396,InstrumentType.Spot,6947440129078264748,OrderType.Limit,Direction.Long,65000.310000000005,278680272,Side.Buy,,OrderStatus.Submitted,65000.310000000005,1653898000,BTC-USDT,TimeCondition.GTC,1783610628973856396,0.001,0.001,0.0
4194834854,2837957847,1783610628974446784,1783610628974451388,203,order,benchmark,True,0.0,0.0,,,mock,0.0,,1783610628974446784,InstrumentType.Spot,6947440129078264749,OrderType.Limit,Direction.Long,65000.52,278682048,Side.Sell,,OrderStatus.Submitted,65000.52,1653898000,BTC-USDT,TimeCondition.GTC,1783610628974446784,0.001,0.001,0.0
4194834854,2837957847,1783610628974483126,1783610628974485663,203,order,benchmark,True,0.0,0.0,,,mock,0.0,,1783610628974483126,InstrumentType.Spot,6947440129078264750,OrderType.Limit,Direction.Long,65000.33,278683792,Side.Buy,,OrderStatus.Submitted,65000.33,1653898000,BTC-USDT,TimeCondition.GTC,1783610628974483126,0.001,0.001,0.0
4194834854,2837957847,1783610628974750142,1783610628974752387,203,order,benchmark,True,0.0,0.0,,,mock,0.0,,1783610628974750142,InstrumentType.Spot,6947440129078264751,OrderType.Limit,Direction.Long,65000.54,278685600,Side.Sell,,OrderStatus.Submitted,65000.54,1653898000,BTC-USDT,TimeCondition.GTC,1783610628974750142,0.001,0.001,0.0
4194834854,2837957847,1783610628975234529,1783610628975237203,203,order,benchmark,True,0.0,0.0,,,mock,0.0,,1783610628975234529,InstrumentType.Spot,6947440129078264752,OrderType.Limit,Direction.Long,65000.35,278687376,Side.Buy,,OrderStatus.Submitted,65000.35,1653898000,BTC-USDT,TimeCondition.GTC,1783610628975234529,0.001,0.001,0.0
4194834854,2837957847,1783610628975356419,1783610628975359520,203,order,benchmark,True,0.0,0.0,,,mock,0.0,,1783610628975356419,InstrumentType.Spot,6947440129078264753,OrderType.Limit,Direction.Long,65000.56,278689152,Side.Sell,,OrderStatus.Submitted,65000.56,1653898000,BTC-USDT,TimeCondition.GTC,1783610628975356419,0.001,0.001,0.0
4194834854,2837957847,1783610628975884392,1783610628975886382,203,order,benchmark,True,0.0,0.0,,,mock,0.0,,1783610628975884392,InstrumentType.Spot,6947440129078264754,OrderType.Limit,Direction.Long,65000.37,278690928,Side.Buy,,OrderStatus.Submitted,65000.37,1653898000,BTC-USDT,TimeCondition.GTC,1783610628975884392,0.001,0.001,0.0
4194834854,2837957847,1783610628975963630,1783610628975965343,203,order,benchmark,True,0.0,0.0,,,mock,0.0,,1783610628975963630,InstrumentType.Spot,6947440129078264755,OrderType.Limit,Direction.Long,65000.58,278692704,Side.Sell,,OrderStatus.Submitted,65000.58,1653898000,BTC-USDT,TimeCondition.GTC,1783610628975963630,0.001,0.001,0.0
4194834854,2837957847,1783610628976273489,1783610628976275772,203,order,benchmark,True,0.0,0.0,,,mock,0.0,,1783610628976273489,InstrumentType.Spot,6947440129078264756,OrderType.Limit,Direction.Long,65000.39,278694480,Side.Buy,,OrderStatus.Submitted,65000.39,1653898000,BTC-USDT,TimeCondition.GTC,1783610628976273489,0.001,0.001,0.0
4194834854,2837957847,1783610628976543054,1783610628976544731,203,order,benchmark,True,0.0,0.0,,,mock,0.0,,1783610628976543054,InstrumentType.Spot,6947440129078264757,OrderType.Limit,Direction.Long,65000.6,278696256,Side.Sell,,OrderStatus.Submitted,65000.6,1653898000,BTC-USDT,TimeCondition.GTC,1783610628976543054,0.001,0.001,0.0
4194834854,2837957847,1783610628976843968,1783610628976845863,203,order,benchmark,True,0.0,0.0,,,mock,0.0,,1783610628976843968,InstrumentType.Spot,6947440129078264758,OrderType.Limit,Direction.Long,65000.41,278698032,Side.Buy,,OrderStatus.Submitted,65000.41,1653898000,BTC-USDT,TimeCondition.GTC,1783610628976843968,0.001,0.001,0.0
4194834854,2837957847,1783610628977142976,1783610628977158240,203,order,benchmark,True,0.0,0.0,,,mock,0.0,,1783610628977142976,InstrumentType.Spot,6947440129078264759,OrderType.Limit,Direction.Long,65000.619999999995,278699808,Side.Sell,,OrderStatus.Submitted,65000.619999999995,1653898000,BTC-USDT,TimeCondition.GTC,1783610628977142976,0.001,0.001,0.0
4194834854,2837957847,1783610628977446945,1783610628977448745,203,order,benchmark,True,0.0,0.0,,,mock,0.0,,1783610628977446945,InstrumentType.Spot,6947440129078264760,OrderType.Limit,Direction.Long,65000.43,278701584,Side.Buy,,OrderStatus.Submitted,65000.43,1653898000,BTC-USDT,TimeCondition.GTC,1783610628977446945,0.001,0.001,0.0
4194834854,2837957847,1783610628977748249,1783610628977750235,203,order,benchmark,True,0.0,0.0,,,mock,0.0,,1783610628977748249,InstrumentType.Spot,6947440129078264761,OrderType.Limit,Direction.Long,65000.64,278703360,Side.Sell,,OrderStatus.Submitted,65000.64,1653898000,BTC-USDT,TimeCondition.GTC,1783610628977748249,0.001,0.001,0.0
4194834854,2837957847,1783610628978061213,1783610628978063243,203,order,benchmark,True,0.0,0.0,,,mock,0.0,,1783610628978061213,InstrumentType.Spot,6947440129078264762,OrderType.Limit,Direction.Long,65000.450000000004,278705136,Side.Buy,,OrderStatus.Submitted,65000.450000000004,1653898000,BTC-USDT,TimeCondition.GTC,1783610628978061213,0.001,0.001,0.0
4194834854,2837957847,1783610628978351718,1783610628978353727,203,order,benchmark,True,0.0,0.0,,,mock,0.0,,1783610628978351718,InstrumentType.Spot,6947440129078264763,OrderType.Limit,Direction.Long,65000.659999999996,278706912,Side.Sell,,OrderStatus.Submitted,65000.659999999996,1653898000,BTC-USDT,TimeCondition.GTC,1783610628978351718,0.001,0.001,0.0
4194834854,2837957847,1783610628978645067,1783610628978646977,203,order,benchmark,True,0.0,0.0,,,mock,0.0,,1783610628978645067,InstrumentType.Spot,6947440129078264764,OrderType.Limit,Direction.Long,65000.47,278708688,Side.Buy,,OrderStatus.Submitted,65000.47,1653898000,BTC-USDT,TimeCondition.GTC,1783610628978645067,0.001,0.001,0.0
4194834854,2837957847,1783610628978946165,1783610628978948478,203,order,benchmark,True,0.0,0.0,,,mock,0.0,,1783610628978946165,InstrumentType.Spot,6947440129078264765,OrderType.Limit,Direction.Long,65000.68,278710464,Side.Sell,,OrderStatus.Submitted,65000.68,1653898000,BTC-USDT,TimeCondition.GTC,1783610628978946165,0.001,0.001,0.0
4194834854,2837957847,1783610628979250804,1783610628979252748,203,order,benchmark,True,0.0,0.0,,,mock,0.0,,1783610628979250804,InstrumentType.Spot,6947440129078264766,OrderType.Limit,Direction.Long,65000.49,278712240,Side.Buy,,OrderStatus.Submitted,65000.49,1653898000,BTC-USDT,TimeCondition.GTC,1783610628979250804,0.001,0.001,0.0
4194834854,2837957847,1783610628979547386,1783610628979549290,203,order,benchmark,True,0.0,0.0,,,mock,0.0,,1783610628979547386,InstrumentType.Spot,6947440129078264767,OrderType.Limit,Direction.Long,65000.7,278714016,Side.Sell,,OrderStatus.Submitted,65000.7,1653898000,BTC-USDT,TimeCondition.GTC,1783610628979547386,0.001,0.001,0.0
4194834854,2837957847,1783610628979848272,1783610628979849976,203,order,benchmark,True,0.0,0.0,,,mock,0.0,,1783610628979848272,InstrumentType.Spot,6947440129078264768,OrderType.Limit,Direction.Long,65000.51,278715792,Side.Buy,,OrderStatus.Submitted,65000.51,1653898000,BTC-USDT,TimeCondition.GTC,1783610628979848272,0.001,0.001,0.0
4194834854,2837957847,1783610628980149071,1783610628980151017,203,order,benchmark,True,0.0,0.0,,,mock,0.0,,1783610628980149071,InstrumentType.Spot,6947440129078264769,OrderType.Limit,Direction.Long,65000.72,278717568,Side.Sell,,OrderStatus.Submitted,65000.72,1653898000,BTC-USDT,TimeCondition.GTC,1783610628980149071,0.001,0.001,0.0
4194834854,2837957847,1783610628980450636,1783610628980452535,203,order,benchmark,True,0.0,0.0,,,mock,0.0,,1783610628980450636,InstrumentType.Spot,6947440129078264770,OrderType.Limit,Direction.Long,65000.53,278719344,Side.Buy,,OrderStatus.Submitted,65000.53,1653898000,BTC-USDT,TimeCondition.GTC,1783610628980450636,0.001,0.001,0.0
4194834854,2837957847,1783610628980753969,1783610628980758860,203,order,benchmark,True,0.0,0.0,,,mock,0.0,,1783610628980753969,InstrumentType.Spot,6947440129078264771,OrderType.Limit,Direction.Long,65000.74,278721120,Side.Sell,,OrderStatus.Submitted,65000.74,1653898000,BTC-USDT,TimeCondition.GTC,1783610628980753969,0.001,0.001,0.0
4194834854,2837957847,1783610628981214857,1783610628981228937,203,order,benchmark,True,0.0,0.0,,,mock,0.0,,1783610628981214857,InstrumentType.Spot,6947440129078264772,OrderType.Limit,Direction.Long,65000.55,278722896,Side.Buy,,OrderStatus.Submitted,65000.55,1653898000,BTC-USDT,TimeCondition.GTC,1783610628981214857,0.001,0.001,0.0
4194834854,2837957847,1783610628981345096,1783610628981347880,203,order,benchmark,True,0.0,0.0,,,mock,0.0,,1783610628981345096,InstrumentType.Spot,6947440129078264773,OrderType.Limit,Direction.Long,65000.76,278724672,Side.Sell,,OrderStatus.Submitted,65000.76,1653898000,BTC-USDT,TimeCondition.GTC,1783610628981345096,0.001,0.001,0.0
4194834854,2837957847,1783610628981650473,1783610628981652481,203,order,benchmark,True,0.0,0.0,,,mock,0.0,,1783610628981650473,InstrumentType.Spot,6947440129078264774,OrderType.Limit,Direction.Long,65000.57,278726448,Side.Buy,,OrderStatus.Submitted,65000.57,1653898000,BTC-USDT,TimeCondition.GTC,1783610628981650473,0.001,0.001,0.0
4194834854,2837957847,1783610628981948926,1783610628981950894,203,order,benchmark,True,0.0,0.0,,,mock,0.0,,1783610628981948926,InstrumentType.Spot,6947440129078264775,OrderType.Limit,Direction.Long,65000.78,278728224,Side.Sell,,OrderStatus.Submitted,65000.78,1653898000,BTC-USDT,TimeCondition.GTC,1783610628981948926,0.001,0.001,0.0
4194834854,2837957847,1783610628982249454,1783610628982251528,203,order,benchmark,True,0.0,0.0,,,mock,0.0,,1783610628982249454,InstrumentType.Spot,6947440129078264776,OrderType.Limit,Direction.Long,65000.590000000004,278730000,Side.Buy,,OrderStatus.Submitted,65000.590000000004,1653898000,BTC-USDT,TimeCondition.GTC,1783610628982249454,0.001,0.001,0.0
4194834854,2837957847,1783610628982546021,1783610628982547725,203,order,benchmark,True,0.0,0.0,,,mock,0.0,,1783610628982546021,InstrumentType.Spot,6947440129078264777,OrderType.Limit,Direction.Long,65000.799999999996,278731776,Side.Sell,,OrderStatus.Submitted,65000.799999999996,1653898000,BTC-USDT,TimeCondition.GTC,1783610628982546021,0.001,0.001,0.0
4194834854,2837957847,1783610628983418956,1783610628983421883,203,order,benchmark,True,0.0,0.0,,,mock,0.0,,1783610628983418956,InstrumentType.Spot,6947440129078264778,OrderType.Limit,Direction.Long,65000.61,278733552,Side.Buy,,OrderStatus.Submitted,65000.61,1653898000,BTC-USDT,TimeCondition.GTC,1783610628983418956,0.001,0.001,0.0
4194834854,2837957847,1783610628983460273,1783610628983462637,203,order,benchmark,True,0.0,0.0,,,mock,0.0,,1783610628983460273,InstrumentType.Spot,6947440129078264779,OrderType.Limit,Direction.Long,65000.82,278735296,Side.Sell,,OrderStatus.Submitted,65000.82,1653898000,BTC-USDT,TimeCondition.GTC,1783610628983460273,0.001,0.001,0.0
4194834854,2837957847,1783610628983481326,1783610628983483549,203,order,benchmark,True,0.0,0.0,,,mock,0.0,,1783610628983481326,InstrumentType.Spot,6947440129078264780,OrderType.Limit,Direction.Long,65000.630000000005,278737072,Side.Buy,,OrderStatus.Submitted,65000.630000000005,1653898000,BTC-USDT,TimeCondition.GTC,1783610628983481326,0.001,0.001,0.0
4194834854,2837957847,1783610628983732083,1783610628983733961,203,order,benchmark,True,0.0,0.0,,,mock,0.0,,1783610628983732083,InstrumentType.Spot,6947440129078264781,OrderType.Limit,Direction.Long,65000.84,278539072,Side.Sell,,OrderStatus.Submitted,65000.84,1653898000,BTC-USDT,TimeCondition.GTC,1783610628983732083,0.001,0.001,0.0
4194834854,2837957847,1783610628984055859,1783610628984057954,203,order,benchmark,True,0.0,0.0,,,mock,0.0,,1783610628984055859,InstrumentType.Spot,6947440129078264782,OrderType.Limit,Direction.Long,65000.65,278540848,Side.Buy,,OrderStatus.Submitted,65000.65,1653898000,BTC-USDT,TimeCondition.GTC,1783610628984055859,0.001,0.001,0.0
4194834854,2837957847,1783610628984345995,1783610628984348022,203,order,benchmark,True,0.0,0.0,,,mock,0.0,,1783610628984345995,InstrumentType.Spot,6947440129078264783,OrderType.Limit,Direction.Long,65000.86,278542624,Side.Sell,,OrderStatus.Submitted,65000.86,1653898000,BTC-USDT,TimeCondition.GTC,1783610628984345995,0.001,0.001,0.0
4194834854,2837957847,1783610628984644313,1783610628984646071,203,order,benchmark,True,0.0,0.0,,,mock,0.0,,1783610628984644313,InstrumentType.Spot,6947440129078264784,OrderType.Limit,Direction.Long,65000.67,278544400,Side.Buy,,OrderStatus.Submitted,65000.67,1653898000,BTC-USDT,TimeCondition.GTC,1783610628984644313,0.001,0.001,0.0
4194834854,2837957847,1783610628984949088,1783610628984960062,203,order,benchmark,True,0.0,0.0,,,mock,0.0,,1783610628984949088,InstrumentType.Spot,6947440129078264785,OrderType.Limit,Direction.Long,65000.88,278546176,Side.Sell,,OrderStatus.Submitted,65000.88,1653898000,BTC-USDT,TimeCondition.GTC,1783610628984949088,0.001,0.001,0.0
4194834854,2837957847,1783610628985262800,1783610628985264908,203,order,benchmark,True,0.0,0.0,,,mock,0.0,,1783610628985262800,InstrumentType.Spot,6947440129078264786,OrderType.Limit,Direction.Long,65000.69,278748784,Side.Buy,,OrderStatus.Submitted,65000.69,1653898000,BTC-USDT,TimeCondition.GTC,1783610628985262800,0.001,0.001,0.0
4194834854,2837957847,1783610628985476265,1783610628985479110,203,order,benchmark,True,0.0,0.0,,,mock,0.0,,1783610628985476265,InstrumentType.Spot,6947440129078264787,OrderType.Limit,Direction.Long,65000.9,278750560,Side.Sell,,OrderStatus.Submitted,65000.9,1653898000,BTC-USDT,TimeCondition.GTC,1783610628985476265,0.001,0.001,0.0
4194834854,2837957847,1783610628985857437,1783610628985859495,203,order,benchmark,True,0.0,0.0,,,mock,0.0,,1783610628985857437,InstrumentType.Spot,6947440129078264788,OrderType.Limit,Direction.Long,65000.71,278752336,Side.Buy,,OrderStatus.Submitted,65000.71,1653898000,BTC-USDT,TimeCondition.GTC,1783610628985857437,0.001,0.001,0.0
4194834854,2837957847,1783610628986058250,1783610628986061126,203,order,benchmark,True,0.0,0.0,,,mock,0.0,,1783610628986058250,InstrumentType.Spot,6947440129078264789,OrderType.Limit,Direction.Long,65000.92,278754112,Side.Sell,,OrderStatus.Submitted,65000.92,1653898000,BTC-USDT,TimeCondition.GTC,1783610628986058250,0.001,0.001,0.0
4194834854,2837957847,1783610628986465634,1783610628986467937,203,order,benchmark,True,0.0,0.0,,,mock,0.0,,1783610628986465634,InstrumentType.Spot,6947440129078264790,OrderType.Limit,Direction.Long,65000.73,278755888,Side.Buy,,OrderStatus.Submitted,65000.73,1653898000,BTC-USDT,TimeCondition.GTC,1783610628986465634,0.001,0.001,0.0
4194834854,2837957847,1783610628986688056,1783610628986691189,203,order,benchmark,True,0.0,0.0,,,mock,0.0,,1783610628986688056,InstrumentType.Spot,6947440129078264791,OrderType.Limit,Direction.Long,65000.939999999995,278757664,Side.Sell,,OrderStatus.Submitted,65000.939999999995,1653898000,BTC-USDT,TimeCondition.GTC,1783610628986688056,0.001,0.001,0.0
4194834854,2837957847,1783610628987058008,1783610628987061022,203,order,benchmark,True,0.0,0.0,,,mock,0.0,,1783610628987058008,InstrumentType.Spot,6947440129078264792,OrderType.Limit,Direction.Long,65000.75,278759440,Side.Buy,,OrderStatus.Submitted,65000.75,1653898000,BTC-USDT,TimeCondition.GTC,1783610628987058008,0.001,0.001,0.0
4194834854,2837957847,1783610628987260496,1783610628987263553,203,order,benchmark,True,0.0,0.0,,,mock,0.0,,1783610628987260496,InstrumentType.Spot,6947440129078264793,OrderType.Limit,Direction.Long,65000.96,278761216,Side.Sell,,OrderStatus.Submitted,65000.96,1653898000,BTC-USDT,TimeCondition.GTC,1783610628987260496,0.001,0.001,0.0
4194834854,2837957847,1783610628987670379,1783610628987672656,203,order,benchmark,True,0.0,0.0,,,mock,0.0,,1783610628987670379,InstrumentType.Spot,6947440129078264794,OrderType.Limit,Direction.Long,65000.770000000004,278762992,Side.Buy,,OrderStatus.Submitted,65000.770000000004,1653898000,BTC-USDT,TimeCondition.GTC,1783610628987670379,0.001,0.001,0.0
4194834854,2837957847,1783610628987889664,1783610628987892679,203,order,benchmark,True,0.0,0.0,,,mock,0.0,,1783610628987889664,InstrumentType.Spot,6947440129078264795,OrderType.Limit,Direction.Long,65000.979999999996,278764768,Side.Sell,,OrderStatus.Submitted,65000.979999999996,1653898000,BTC-USDT,TimeCondition.GTC,1783610628987889664,0.001,0.001,0.0
4194834854,2837957847,1783610628988411652,1783610628988414900,203,order,benchmark,True,0.0,0.0,,,mock,0.0,,1783610628988411652,InstrumentType.Spot,6947440129078264796,OrderType.Limit,Direction.Long,65000.79,278766544,Side.Buy,,OrderStatus.Submitted,65000.79,1653898000,BTC-USDT,TimeCondition.GTC,1783610628988411652,0.001,0.001,0.0
4194834854,2837957847,1783610628988593752,1783610628988595679,203,order,benchmark,True,0.0,0.0,,,mock,0.0,,1783610628988593752,InstrumentType.Spot,6947440129078264797,OrderType.Limit,Direction.Long,65001.0,278768320,Side.Sell,,OrderStatus.Submitted,65001.0,1653898000,BTC-USDT,TimeCondition.GTC,1783610628988593752,0.001,0.001,0.0
4194834854,2837957847,1783610628988778140,1783610628988809012,203,order,benchmark,True,0.0,0.0,,,mock,0.0,,1783610628988778140,InstrumentType.Spot,6947440129078264798,OrderType.Limit,Direction.Long,65000.810000000005,278770096,Side.Buy,,OrderStatus.Submitted,65000.810000000005,1653898000,BTC-USDT,TimeCondition.GTC,1783610628988778140,0.001,0.001,0.0
4194834854,2837957847,1783610628989159374,1783610628989161557,203,order,benchmark,True,0.0,0.0,,,mock,0.0,,1783610628989159374,InstrumentType.Spot,6947440129078264799,OrderType.Limit,Direction.Long,65001.02,278771872,Side.Sell,,OrderStatus.Submitted,65001.02,1653898000,BTC-USDT,TimeCondition.GTC,1783610628989159374,0.001,0.001,0.0
4194834854,2837957847,1783610628989471370,1783610628989473627,203,order,benchmark,True,0.0,0.0,,,mock,0.0,,1783610628989471370,InstrumentType.Spot,6947440129078264800,OrderType.Limit,Direction.Long,65000.83,278773648,Side.Buy,,OrderStatus.Submitted,65000.83,1653898000,BTC-USDT,TimeCondition.GTC,1783610628989471370,0.001,0.001,0.0
4194834854,2837957847,1783610628989678190,1783610628989681140,203,order,benchmark,True,0.0,0.0,,,mock,0.0,,1783610628989678190,InstrumentType.Spot,6947440129078264801,OrderType.Limit,Direction.Long,65001.04,278775424,Side.Sell,,OrderStatus.Submitted,65001.04,1653898000,BTC-USDT,TimeCondition.GTC,1783610628989678190,0.001,0.001,0.0
4194834854,2837957847,1783610628990065084,1783610628990067002,203,order,benchmark,True,0.0,0.0,,,mock,0.0,,1783610628990065084,InstrumentType.Spot,6947440129078264802,OrderType.Limit,Direction.Long,65000.85,278777200,Side.Buy,,OrderStatus.Submitted,65000.85,1653898000,BTC-USDT,TimeCondition.GTC,1783610628990065084,0.001,0.001,0.0
4194834854,2837957847,1783610628990266642,1783610628990269714,203,order,benchmark,True,0.0,0.0,,,mock,0.0,,1783610628990266642,InstrumentType.Spot,6947440129078264803,OrderType.Limit,Direction.Long,65001.06,278778976,Side.Sell,,OrderStatus.Submitted,65001.06,1653898000,BTC-USDT,TimeCondition.GTC,1783610628990266642,0.001,0.001,0.0
4194834854,2837957847,1783610628990649521,1783610628990651563,203,order,benchmark,True,0.0,0.0,,,mock,0.0,,1783610628990649521,InstrumentType.Spot,6947440129078264804,OrderType.Limit,Direction.Long,65000.87,278780752,Side.Buy,,OrderStatus.Submitted,65000.87,1653898000,BTC-USDT,TimeCondition.GTC,1783610628990649521,0.001,0.001,0.0
4194834854,2837957847,1783610628991125284,1783610628991128059,203,order,benchmark,True,0.0,0.0,,,mock,0.0,,1783610628991125284,InstrumentType.Spot,6947440129078264805,OrderType.Limit,Direction.Long,65001.08,278782528,Side.Sell,,OrderStatus.Submitted,65001.08,1653898000,BTC-USDT,TimeCondition.GTC,1783610628991125284,0.001,0.001,0.0
4194834854,2837957847,1783610628991245504,1783610628991247935,203,order,benchmark,True,0.0,0.0,,,mock,0.0,,1783610628991245504,InstrumentType.Spot,6947440129078264806,OrderType.Limit,Direction.Long,65000.89,278784304,Side.Buy,,OrderStatus.Submitted,65000.89,1653898000,BTC-USDT,TimeCondition.GTC,1783610628991245504,0.001,0.001,0.0
4194834854,2837957847,1783610628991548094,1783610628991549750,203,order,benchmark,True,0.0,0.0,,,mock,0.0,,1783610628991548094,InstrumentType.Spot,6947440129078264807,OrderType.Limit,Direction.Long,65000.1,278786080,Side.Sell,,OrderStatus.Submitted,65000.1,1653898000,BTC-USDT,TimeCondition.GTC,1783610628991548094,0.001,0.001,0.0
