run_id,system,depth_session_id,strategy_session_id,td_session_id,depth_gen_time_ns,depth_trigger_time_ns,order_input_gen_time_ns,order_input_trigger_time_ns,order_gen_time_ns,order_trigger_time_ns,depth_event_id,join_depth_method,join_order_method,symbol,side,price,qty,order_id,client_order_id,md_to_order_input_ns,order_report_ns,total_tick_to_trade_ns
journal,godzilla,5,1,2,1783610670614483968,0,1783610670614605568,0,1783610670614622464,1783610670614620288,101,price_side,order_id,BTC-USDT,BUY,64999.91,0.001,5551468688638541924,,121600,16896,138496
journal,godzilla,5,1,2,1783610670614784256,0,1783610670614897408,0,1783610670614917376,1783610670614915376,102,price_side,order_id,BTC-USDT,SELL,65000.119999999995,0.001,5551468688638541925,,113152,19968,133120
journal,godzilla,5,1,2,1783610670615084288,0,1783610670615196160,0,1783610670615212288,1783610670615210108,103,price_side,order_id,BTC-USDT,BUY,64999.93,0.001,5551468688638541926,,111872,16128,128000
journal,godzilla,5,1,2,1783610670615383040,0,1783610670615489024,0,1783610670615513600,1783610670615511228,104,price_side,order_id,BTC-USDT,SELL,65000.14,0.001,5551468688638541927,,105984,24576,130560
journal,godzilla,5,1,2,1783610670615699968,0,1783610670615812864,0,1783610670615833344,1783610670615830927,105,price_side,order_id,BTC-USDT,BUY,64999.950000000004,0.001,5551468688638541928,,112896,20480,133376
journal,godzilla,5,1,2,1783610670615984384,0,1783610670616040448,0,1783610670616119808,1783610670616083267,106,price_side,order_id,BTC-USDT,SELL,65000.159999999996,0.001,5551468688638541929,,56064,79360,135424
journal,godzilla,5,1,2,1783610670616284672,0,1783610670616439552,0,1783610670616597504,1783610670616594384,107,price_side,order_id,BTC-USDT,BUY,64999.97,0.001,5551468688638541930,,154880,157952,312832
journal,godzilla,5,1,2,1783610670616582912,0,1783610670616680192,0,1783610670616732672,1783610670616729822,108,price_side,order_id,BTC-USDT,SELL,65000.18,0.001,5551468688638541931,,97280,52480,149760
journal,godzilla,5,1,2,1783610670616884480,0,1783610670616935168,0,1783610670617028864,1783610670617025700,109,price_side,order_id,BTC-USDT,BUY,64999.99,0.001,5551468688638541932,,50688,93696,144384
journal,godzilla,5,1,2,1783610670617184000,0,1783610670617294336,0,1783610670617313280,1783610670617308871,110,price_side,order_id,BTC-USDT,SELL,65000.2,0.001,5551468688638541933,,110336,18944,129280
journal,godzilla,5,1,2,1783610670617482496,0,1783610670617582080,0,1783610670617605632,1783610670617603374,111,price_side,order_id,BTC-USDT,BUY,65000.01,0.001,5551468688638541934,,99584,23552,123136
journal,godzilla,5,1,2,1783610670617783296,0,1783610670617884928,0,1783610670617904384,1783610670617902476,112,price_side,order_id,BTC-USDT,SELL,65000.22,0.001,5551468688638541935,,101632,19456,121088
journal,godzilla,5,1,2,1783610670618082816,0,1783610670618183936,0,1783610670618206976,1783610670618204647,113,price_side,order_id,BTC-USDT,BUY,65000.03,0.001,5551468688638541936,,101120,23040,124160
journal,godzilla,5,1,2,1783610670618383616,0,1783610670618405376,0,1783610670618496768,1783610670618493714,114,price_side,order_id,BTC-USDT,SELL,65000.24,0.001,5551468688638541937,,21760,91392,113152
journal,godzilla,5,1,2,1783610670618694144,0,1783610670618806784,0,1783610670618832128,1783610670618829404,115,price_side,order_id,BTC-USDT,BUY,65000.05,0.001,5551468688638541938,,112640,25344,137984
journal,godzilla,5,1,2,1783610670618983936,0,1783610670619083520,0,1783610670619121152,1783610670619117988,116,price_side,order_id,BTC-USDT,SELL,65000.26,0.001,5551468688638541939,,99584,37632,137216
journal,godzilla,5,1,2,1783610670619283968,0,1783610670619310336,0,1783610670619332864,1783610670619329638,117,price_side,order_id,BTC-USDT,BUY,65000.07,0.001,5551468688638541940,,26368,22528,48896
journal,godzilla,5,1,2,1783610670619583488,0,1783610670619714304,0,1783610670619852800,1783610670619848889,118,price_side,order_id,BTC-USDT,SELL,65000.28,0.001,5551468688638541941,,130816,138496,269312
journal,godzilla,5,1,2,1783610670619883264,0,1783610670619972608,0,1783610670620136704,1783610670620103718,119,price_side,order_id,BTC-USDT,BUY,65000.090000000004,0.001,5551468688638541942,,89344,164096,253440
journal,godzilla,5,1,2,1783610670620184576,0,1783610670620256256,0,1783610670620280320,1783610670620277959,120,price_side,order_id,BTC-USDT,SELL,65000.299999999996,0.001,5551468688638541943,,71680,24064,95744
journal,godzilla,5,1,2,1783610670620483840,0,1783610670620507136,0,1783610670620530432,1783610670620527560,121,price_side,order_id,BTC-USDT,BUY,65000.11,0.001,5551468688638541944,,23296,23296,46592
journal,godzilla,5,1,2,1783610670620783872,0,1783610670620895232,0,1783610670620916480,1783610670620914517,122,price_side,order_id,BTC-USDT,SELL,65000.32,0.001,5551468688638541945,,111360,21248,132608
journal,godzilla,5,1,2,1783610670621085696,0,1783610670621106432,0,1783610670621129984,1783610670621126570,123,price_side,order_id,BTC-USDT,BUY,65000.130000000005,0.001,5551468688638541946,,20736,23552,44288
journal,godzilla,5,1,2,1783610670621390336,0,1783610670621501696,0,1783610670621524736,1783610670621522300,124,price_side,order_id,BTC-USDT,SELL,65000.34,0.001,5551468688638541947,,111360,23040,134400
journal,godzilla,5,1,2,1783610670621683456,0,1783610670621703424,0,1783610670621744128,1783610670621723906,125,price_side,order_id,BTC-USDT,BUY,65000.15,0.001,5551468688638541948,,19968,40704,60672
journal,godzilla,5,1,2,1783610670621982464,0,1783610670622092032,0,1783610670622116352,1783610670622113916,126,price_side,order_id,BTC-USDT,SELL,65000.36,0.001,5551468688638541949,,109568,24320,133888
journal,godzilla,5,1,2,1783610670622283264,0,1783610670622389760,0,1783610670622413312,1783610670622410456,127,price_side,order_id,BTC-USDT,BUY,65000.17,0.001,5551468688638541950,,106496,23552,130048
journal,godzilla,5,1,2,1783610670622583296,0,1783610670622685440,0,1783610670622704384,1783610670622702366,128,price_side,order_id,BTC-USDT,SELL,65000.38,0.001,5551468688638541951,,102144,18944,121088
journal,godzilla,5,1,2,1783610670622883328,0,1783610670622984192,0,1783610670623011328,1783610670623009167,129,price_side,order_id,BTC-USDT,BUY,65000.19,0.001,5551468688638541952,,100864,27136,128000
journal,godzilla,5,1,2,1783610670623182848,0,1783610670623285504,0,1783610670623309568,1783610670623307331,130,price_side,order_id,BTC-USDT,SELL,65000.4,0.001,5551468688638541953,,102656,24064,126720
journal,godzilla,5,1,2,1783610670623483392,0,1783610670623586304,0,1783610670623604480,1783610670623602429,131,price_side,order_id,BTC-USDT,BUY,65000.21,0.001,5551468688638541954,,102912,18176,121088
journal,godzilla,5,1,2,1783610670623782656,0,1783610670623884800,0,1783610670623916800,1783610670623906191,132,price_side,order_id,BTC-USDT,SELL,65000.42,0.001,5551468688638541955,,102144,32000,134144
journal,godzilla,5,1,2,1783610670624089600,0,1783610670624192000,0,1783610670624215552,1783610670624213426,133,price_side,order_id,BTC-USDT,BUY,65000.23,0.001,5551468688638541956,,102400,23552,125952
journal,godzilla,5,1,2,1783610670624393216,0,1783610670624497408,0,1783610670624518400,1783610670624516104,134,price_side,order_id,BTC-USDT,SELL,65000.439999999995,0.001,5551468688638541957,,104192,20992,125184
journal,godzilla,5,1,2,1783610670624683776,0,1783610670624783360,0,1783610670624802560,1783610670624800605,135,price_side,order_id,BTC-USDT,BUY,65000.25,0.001,5551468688638541958,,99584,19200,118784
journal,godzilla,5,1,2,1783610670624983552,0,1783610670625103872,0,1783610670625127936,1783610670625125515,136,price_side,order_id,BTC-USDT,SELL,65000.46,0.001,5551468688638541959,,120320,24064,144384
journal,godzilla,5,1,2,1783610670625284096,0,1783610670625308416,0,1783610670625330944,1783610670625328187,137,price_side,order_id,BTC-USDT,BUY,65000.270000000004,0.001,5551468688638541960,,24320,22528,46848
journal,godzilla,5,1,2,1783610670625582080,0,1783610670625786880,0,1783610670625929984,1783610670625927170,138,price_side,order_id,BTC-USDT,SELL,65000.479999999996,0.001,5551468688638541961,,204800,143104,347904
journal,godzilla,5,1,2,1783610670625882112,0,1783610670625993984,0,1783610670626126336,1783610670626121908,139,price_side,order_id,BTC-USDT,BUY,65000.29,0.001,5551468688638541962,,111872,132352,244224
journal,godzilla,5,1,2,1783610670626185728,0,1783610670626260480,0,1783610670626324992,1783610670626323094,140,price_side,order_id,BTC-USDT,SELL,65000.5,0.001,5551468688638541963,,74752,64512,139264
journal,godzilla,5,1,2,1783610670626482432,0,1783610670626587648,0,1783610670626598400,1783610670626596188,141,price_side,order_id,BTC-USDT,BUY,65000.310000000005,0.001,5551468688638541964,,105216,10752,115968
journal,godzilla,5,1,2,1783610670626782208,0,1783610670626879744,0,1783610670626901760,1783610670626899708,142,price_side,order_id,BTC-USDT,SELL,65000.52,0.001,5551468688638541965,,97536,22016,119552
journal,godzilla,5,1,2,1783610670627098624,0,1783610670627198720,0,1783610670627221760,1783610670627219221,143,price_side,order_id,BTC-USDT,BUY,65000.33,0.001,5551468688638541966,,100096,23040,123136
journal,godzilla,5,1,2,1783610670627383808,0,1783610670627520768,0,1783610670627673088,1783610670627670217,144,price_side,order_id,BTC-USDT,SELL,65000.54,0.001,5551468688638541967,,136960,152320,289280
journal,godzilla,5,1,2,1783610670627682816,0,1783610670627776256,0,1783610670627827712,1783610670627826057,145,price_side,order_id,BTC-USDT,BUY,65000.35,0.001,5551468688638541968,,93440,51456,144896
journal,godzilla,5,1,2,1783610670627983872,0,1783610670628091904,0,1783610670628120832,1783610670628108276,146,price_side,order_id,BTC-USDT,SELL,65000.56,0.001,5551468688638541969,,108032,28928,136960
journal,godzilla,5,1,2,1783610670628283648,0,1783610670628379392,0,1783610670628396800,1783610670628395031,147,price_side,order_id,BTC-USDT,BUY,65000.37,0.001,5551468688638541970,,95744,17408,113152
journal,godzilla,5,1,2,1783610670628582144,0,1783610670628679936,0,1783610670628698880,1783610670628697230,148,price_side,order_id,BTC-USDT,SELL,65000.58,0.001,5551468688638541971,,97792,18944,116736
journal,godzilla,5,1,2,1783610670628882944,0,1783610670628974848,0,1783610670628989440,1783610670628987408,149,price_side,order_id,BTC-USDT,BUY,65000.39,0.001,5551468688638541972,,91904,14592,106496
journal,godzilla,5,1,2,1783610670629182208,0,1783610670629274624,0,1783610670629296128,1783610670629294064,150,price_side,order_id,BTC-USDT,SELL,65000.6,0.001,5551468688638541973,,92416,21504,113920
journal,godzilla,5,1,2,1783610670629481984,0,1783610670629578496,0,1783610670629599488,1783610670629597489,151,price_side,order_id,BTC-USDT,BUY,65000.41,0.001,5551468688638541974,,96512,20992,117504
journal,godzilla,5,1,2,1783610670629782784,0,1783610670629879552,0,1783610670629898496,1783610670629896769,152,price_side,order_id,BTC-USDT,SELL,65000.619999999995,0.001,5551468688638541975,,96768,18944,115712
journal,godzilla,5,1,2,1783610670630093824,0,1783610670630190336,0,1783610670630210304,1783610670630208473,153,price_side,order_id,BTC-USDT,BUY,65000.43,0.001,5551468688638541976,,96512,19968,116480
journal,godzilla,5,1,2,1783610670630383104,0,1783610670630477568,0,1783610670630497280,1783610670630495300,154,price_side,order_id,BTC-USDT,SELL,65000.64,0.001,5551468688638541977,,94464,19712,114176
journal,godzilla,5,1,2,1783610670630682112,0,1783610670630778112,0,1783610670630799872,1783610670630797893,155,price_side,order_id,BTC-USDT,BUY,65000.450000000004,0.001,5551468688638541978,,96000,21760,117760
journal,godzilla,5,1,2,1783610670630983424,0,1783610670631091456,0,1783610670631110400,1783610670631108311,156,price_side,order_id,BTC-USDT,SELL,65000.659999999996,0.001,5551468688638541979,,108032,18944,126976
journal,godzilla,5,1,2,1783610670631283200,0,1783610670631375360,0,1783610670631394304,1783610670631392379,157,price_side,order_id,BTC-USDT,BUY,65000.47,0.001,5551468688638541980,,92160,18944,111104
journal,godzilla,5,1,2,1783610670631581952,0,1783610670631672832,0,1783610670631695104,1783610670631693090,158,price_side,order_id,BTC-USDT,SELL,65000.68,0.001,5551468688638541981,,90880,22272,113152
journal,godzilla,5,1,2,1783610670631881984,0,1783610670631976960,0,1783610670632013312,1783610670632001490,159,price_side,order_id,BTC-USDT,BUY,65000.49,0.001,5551468688638541982,,94976,36352,131328
journal,godzilla,5,1,2,1783610670632183808,0,1783610670632280320,0,1783610670632298752,1783610670632296948,160,price_side,order_id,BTC-USDT,SELL,65000.7,0.001,5551468688638541983,,96512,18432,114944
journal,godzilla,5,1,2,1783610670632482048,0,1783610670632573440,0,1783610670632596992,1783610670632594784,161,price_side,order_id,BTC-USDT,BUY,65000.51,0.001,5551468688638541984,,91392,23552,114944
journal,godzilla,5,1,2,1783610670632782080,0,1783610670632877312,0,1783610670632895488,1783610670632893637,162,price_side,order_id,BTC-USDT,SELL,65000.72,0.001,5551468688638541985,,95232,18176,113408
journal,godzilla,5,1,2,1783610670633091328,0,1783610670633188608,0,1783610670633208064,1783610670633206028,163,price_side,order_id,BTC-USDT,BUY,65000.53,0.001,5551468688638541986,,97280,19456,116736
journal,godzilla,5,1,2,1783610670633383424,0,1783610670633477632,0,1783610670633495296,1783610670633493346,164,price_side,order_id,BTC-USDT,SELL,65000.74,0.001,5551468688638541987,,94208,17664,111872
journal,godzilla,5,1,2,1783610670633681920,0,1783610670633790464,0,1783610670633910528,1783610670633908202,165,price_side,order_id,BTC-USDT,BUY,65000.55,0.001,5551468688638541988,,108544,120064,228608
journal,godzilla,5,1,2,1783610670633982976,0,1783610670634041600,0,1783610670634163456,1783610670634160655,166,price_side,order_id,BTC-USDT,SELL,65000.76,0.001,5551468688638541989,,58624,121856,180480
journal,godzilla,5,1,2,1783610670634282496,0,1783610670634379776,0,1783610670634393344,1783610670634391327,167,price_side,order_id,BTC-USDT,BUY,65000.57,0.001,5551468688638541990,,97280,13568,110848
journal,godzilla,5,1,2,1783610670634582272,0,1783610670634679296,0,1783610670634700288,1783610670634698339,168,price_side,order_id,BTC-USDT,SELL,65000.78,0.001,5551468688638541991,,97024,20992,118016
journal,godzilla,5,1,2,1783610670634882816,0,1783610670634979328,0,1783610670635008512,1783610670635006415,169,price_side,order_id,BTC-USDT,BUY,65000.590000000004,0.001,5551468688638541992,,96512,29184,125696
journal,godzilla,5,1,2,1783610670635183104,0,1783610670635279872,0,1783610670635298048,1783610670635296014,170,price_side,order_id,BTC-USDT,SELL,65000.799999999996,0.001,5551468688638541993,,96768,18176,114944
journal,godzilla,5,1,2,1783610670635481856,0,1783610670635578112,0,1783610670635599872,1783610670635597941,171,price_side,order_id,BTC-USDT,BUY,65000.61,0.001,5551468688638541994,,96256,21760,118016
journal,godzilla,5,1,2,1783610670635789312,0,1783610670635885056,0,1783610670635915008,1783610670635906248,172,price_side,order_id,BTC-USDT,SELL,65000.82,0.001,5551468688638541995,,95744,29952,125696
journal,godzilla,5,1,2,1783610670636083200,0,1783610670636179200,0,1783610670636197888,1783610670636195936,173,price_side,order_id,BTC-USDT,BUY,65000.630000000005,0.001,5551468688638541996,,96000,18688,114688
journal,godzilla,5,1,2,1783610670636382208,0,1783610670636474112,0,1783610670636496640,1783610670636494545,174,price_side,order_id,BTC-USDT,SELL,65000.84,0.001,5551468688638541997,,91904,22528,114432
journal,godzilla,5,1,2,1783610670636681984,0,1783610670636776448,0,1783610670636797952,1783610670636795951,175,price_side,order_id,BTC-USDT,BUY,65000.65,0.001,5551468688638541998,,94464,21504,115968
journal,godzilla,5,1,2,1783610670636982016,0,1783610670637088768,0,1783610670637111296,1783610670637109209,176,price_side,order_id,BTC-USDT,SELL,65000.86,0.001,5551468688638541999,,106752,22528,129280
journal,godzilla,5,1,2,1783610670637283072,0,1783610670637376256,0,1783610670637395712,1783610670637393955,177,price_side,order_id,BTC-USDT,BUY,65000.67,0.001,5551468688638542000,,93184,19456,112640
journal,godzilla,5,1,2,1783610670637582592,0,1783610670637673728,0,1783610670637695488,1783610670637693507,178,price_side,order_id,BTC-USDT,SELL,65000.88,0.001,5551468688638542001,,91136,21760,112896
journal,godzilla,5,1,2,1783610670637881856,0,1783610670637975040,0,1783610670638002432,1783610670637999302,179,price_side,order_id,BTC-USDT,BUY,65000.69,0.001,5551468688638542002,,93184,27392,120576
journal,godzilla,5,1,2,1783610670638183680,0,1783610670638487040,0,1783610670638615296,1783610670638611840,180,price_side,order_id,BTC-USDT,SELL,65000.9,0.001,5551468688638542003,,303360,128256,431616
journal,godzilla,5,1,2,1783610670638481664,0,1783610670638574080,0,1783610670638638336,1783610670638635992,181,price_side,order_id,BTC-USDT,BUY,65000.71,0.001,5551468688638542004,,92416,64256,156672
journal,godzilla,5,1,2,1783610670638792448,0,1783610670638858240,0,1783610670638911744,1783610670638909842,182,price_side,order_id,BTC-USDT,SELL,65000.92,0.001,5551468688638542005,,65792,53504,119296
journal,godzilla,5,1,2,1783610670639083776,0,1783610670639347968,0,1783610670639470592,1783610670639468536,183,price_side,order_id,BTC-USDT,BUY,65000.73,0.001,5551468688638542006,,264192,122624,386816
journal,godzilla,5,1,2,1783610670639381504,0,1783610670639409408,0,1783610670639485184,1783610670639483700,184,price_side,order_id,BTC-USDT,SELL,65000.939999999995,0.001,5551468688638542007,,27904,75776,103680
journal,godzilla,5,1,2,1783610670639683328,0,1783610670639784448,0,1783610670639824896,1783610670639807057,185,price_side,order_id,BTC-USDT,BUY,65000.75,0.001,5551468688638542008,,101120,40448,141568
journal,godzilla,5,1,2,1783610670639986688,0,1783610670640286208,0,1783610670640423168,1783610670640418495,186,price_side,order_id,BTC-USDT,SELL,65000.96,0.001,5551468688638542009,,299520,136960,436480
journal,godzilla,5,1,2,1783610670640283136,0,1783610670640390400,0,1783610670640449280,1783610670640446921,187,price_side,order_id,BTC-USDT,BUY,65000.770000000004,0.001,5551468688638542010,,107264,58880,166144
journal,godzilla,5,1,2,1783610670640611328,0,1783610670640854016,0,1783610670641021440,1783610670641014651,188,price_side,order_id,BTC-USDT,SELL,65000.979999999996,0.001,5551468688638542011,,242688,167424,410112
journal,godzilla,5,1,2,1783610670640886528,0,1783610670640908032,0,1783610670641055488,1783610670641053055,189,price_side,order_id,BTC-USDT,BUY,65000.79,0.001,5551468688638542012,,21504,147456,168960
journal,godzilla,5,1,2,1783610670641186816,0,1783610670641304320,0,1783610670641417984,1783610670641412980,190,price_side,order_id,BTC-USDT,SELL,65001.0,0.001,5551468688638542013,,117504,113664,231168
journal,godzilla,5,1,2,1783610670641521664,0,1783610670641650432,0,1783610670641787648,1783610670641784205,191,price_side,order_id,BTC-USDT,BUY,65000.810000000005,0.001,5551468688638542014,,128768,137216,265984
journal,godzilla,5,1,2,1783610670641783808,0,1783610670641845504,0,1783610670641886208,1783610670641883785,192,price_side,order_id,BTC-USDT,SELL,65001.02,0.001,5551468688638542015,,61696,40704,102400
journal,godzilla,5,1,2,1783610670642084608,0,1783610670642242304,0,1783610670642387712,1783610670642384035,193,price_side,order_id,BTC-USDT,BUY,65000.83,0.001,5551468688638542016,,157696,145408,303104
journal,godzilla,5,1,2,1783610670642383616,0,1783610670642519296,0,1783610670642638848,1783610670642636195,194,price_side,order_id,BTC-USDT,SELL,65001.04,0.001,5551468688638542017,,135680,119552,255232
journal,godzilla,5,1,2,1783610670642682624,0,1783610670642764544,0,1783610670642863872,1783610670642861991,195,price_side,order_id,BTC-USDT,BUY,65000.85,0.001,5551468688638542018,,81920,99328,181248
journal,godzilla,5,1,2,1783610670642983168,0,1783610670643025664,0,1783610670643121920,1783610670643119863,196,price_side,order_id,BTC-USDT,SELL,65001.06,0.001,5551468688638542019,,42496,96256,138752
journal,godzilla,5,1,2,1783610670643282432,0,1783610670643395328,0,1783610670643514880,1783610670643512965,197,price_side,order_id,BTC-USDT,BUY,65000.87,0.001,5551468688638542020,,112896,119552,232448
journal,godzilla,5,1,2,1783610670643582720,0,1783610670643647744,0,1783610670643738880,1783610670643736654,198,price_side,order_id,BTC-USDT,SELL,65001.08,0.001,5551468688638542021,,65024,91136,156160
journal,godzilla,5,1,2,1783610670643883776,0,1783610670644011776,0,1783610670644232960,1783610670644211260,199,price_side,order_id,BTC-USDT,BUY,65000.89,0.001,5551468688638542022,,128000,221184,349184
journal,godzilla,5,1,2,1783610670644183808,0,1783610670644360704,0,1783610670644406272,1783610670644404507,200,price_side,order_id,BTC-USDT,SELL,65000.1,0.001,5551468688638542023,,176896,45568,222464
journal,godzilla,5,1,2,1783610670644495872,0,1783610670644571648,0,1783610670644588544,1783610670644585809,201,price_side,order_id,BTC-USDT,BUY,64999.91,0.001,5551468688638542024,,75776,16896,92672
journal,godzilla,5,1,2,1783610670644783104,0,1783610670644884736,0,1783610670644901376,1783610670644899344,202,price_side,order_id,BTC-USDT,SELL,65000.119999999995,0.001,5551468688638542025,,101632,16640,118272
journal,godzilla,5,1,2,1783610670645082624,0,1783610670645193472,0,1783610670645206528,1783610670645204516,203,price_side,order_id,BTC-USDT,BUY,64999.93,0.001,5551468688638542026,,110848,13056,123904
journal,godzilla,5,1,2,1783610670645382912,0,1783610670645483008,0,1783610670645499904,1783610670645496971,204,price_side,order_id,BTC-USDT,SELL,65000.14,0.001,5551468688638542027,,100096,16896,116992
journal,godzilla,5,1,2,1783610670645682176,0,1783610670645795328,0,1783610670645917696,1783610670645915549,205,price_side,order_id,BTC-USDT,BUY,64999.950000000004,0.001,5551468688638542028,,113152,122368,235520
journal,godzilla,5,1,2,1783610670645982720,0,1783610670646052096,0,1783610670646149888,1783610670646147836,206,price_side,order_id,BTC-USDT,SELL,65000.159999999996,0.001,5551468688638542029,,69376,97792,167168
journal,godzilla,5,1,2,1783610670646283776,0,1783610670646388736,0,1783610670646398464,1783610670646396722,207,price_side,order_id,BTC-USDT,BUY,64999.97,0.001,5551468688638542030,,104960,9728,114688
journal,godzilla,5,1,2,1783610670646583296,0,1783610670646700544,0,1783610670646820864,1783610670646818744,208,price_side,order_id,BTC-USDT,SELL,65000.18,0.001,5551468688638542031,,117248,120320,237568
journal,godzilla,5,1,2,1783610670646882560,0,1783610670646939648,0,1783610670647045120,1783610670647043065,209,price_side,order_id,BTC-USDT,BUY,64999.99,0.001,5551468688638542032,,57088,105472,162560
journal,godzilla,5,1,2,1783610670647202816,0,1783610670647305472,0,1783610670647319040,1783610670647317022,210,price_side,order_id,BTC-USDT,SELL,65000.2,0.001,5551468688638542033,,102656,13568,116224
journal,godzilla,5,1,2,1783610670647482368,0,1783610670647588608,0,1783610670647604224,1783610670647602094,211,price_side,order_id,BTC-USDT,BUY,65000.01,0.001,5551468688638542034,,106240,15616,121856
journal,godzilla,5,1,2,1783610670647782400,0,1783610670647916032,0,1783610670648047104,1783610670648033144,212,price_side,order_id,BTC-USDT,SELL,65000.22,0.001,5551468688638542035,,133632,131072,264704
journal,godzilla,5,1,2,1783610670648084224,0,1783610670648184064,0,1783610670648279040,1783610670648276759,213,price_side,order_id,BTC-USDT,BUY,65000.03,0.001,5551468688638542036,,99840,94976,194816
journal,godzilla,5,1,2,1783610670648383488,0,1783610670648408576,0,1783610670648423680,1783610670648421073,214,price_side,order_id,BTC-USDT,SELL,65000.24,0.001,5551468688638542037,,25088,15104,40192
journal,godzilla,5,1,2,1783610670648684032,0,1783610670648806912,0,1783610670648942848,1783610670648936491,215,price_side,order_id,BTC-USDT,BUY,65000.05,0.001,5551468688638542038,,122880,135936,258816
journal,godzilla,5,1,2,1783610670648984320,0,1783610670649111808,0,1783610670649180928,1783610670649177017,216,price_side,order_id,BTC-USDT,SELL,65000.26,0.001,5551468688638542039,,127488,69120,196608
journal,godzilla,5,1,2,1783610670649286400,0,1783610670649342208,0,1783610670649367808,1783610670649363832,217,price_side,order_id,BTC-USDT,BUY,65000.07,0.001,5551468688638542040,,55808,25600,81408
journal,godzilla,5,1,2,1783610670649584640,0,1783610670649712128,0,1783610670649840640,1783610670649837222,218,price_side,order_id,BTC-USDT,SELL,65000.28,0.001,5551468688638542041,,127488,128512,256000
journal,godzilla,5,1,2,1783610670649882368,0,1783610670649978880,0,1783610670650089216,1783610670650086889,219,price_side,order_id,BTC-USDT,BUY,65000.090000000004,0.001,5551468688638542042,,96512,110336,206848
journal,godzilla,5,1,2,1783610670650214656,0,1783610670650322944,0,1783610670650336000,1783610670650333566,220,price_side,order_id,BTC-USDT,SELL,65000.299999999996,0.001,5551468688638542043,,108288,13056,121344
journal,godzilla,5,1,2,1783610670650483456,0,1783610670650612480,0,1783610670650745856,1783610670650742120,221,price_side,order_id,BTC-USDT,BUY,65000.11,0.001,5551468688638542044,,129024,133376,262400
journal,godzilla,5,1,2,1783610670650784000,0,1783610670650974464,0,1783610670651107840,1783610670651104968,222,price_side,order_id,BTC-USDT,SELL,65000.32,0.001,5551468688638542045,,190464,133376,323840
journal,godzilla,5,1,2,1783610670651083264,0,1783610670651126528,0,1783610670651137536,1783610670651135037,223,price_side,order_id,BTC-USDT,BUY,65000.130000000005,0.001,5551468688638542046,,43264,11008,54272
journal,godzilla,5,1,2,1783610670651384064,0,1783610670651456768,0,1783610670651566848,1783610670651563558,224,price_side,order_id,BTC-USDT,SELL,65000.34,0.001,5551468688638542047,,72704,110080,182784
journal,godzilla,5,1,2,1783610670651683840,0,1783610670651795200,0,1783610670651830016,1783610670651812915,225,price_side,order_id,BTC-USDT,BUY,65000.15,0.001,5551468688638542048,,111360,34816,146176
journal,godzilla,5,1,2,1783610670651984640,0,1783610670652014080,0,1783610670652044032,1783610670652040951,226,price_side,order_id,BTC-USDT,SELL,65000.36,0.001,5551468688638542049,,29440,29952,59392
journal,godzilla,5,1,2,1783610670652282624,0,1783610670652393984,0,1783610670652417280,1783610670652414924,227,price_side,order_id,BTC-USDT,BUY,65000.17,0.001,5551468688638542050,,111360,23296,134656
journal,godzilla,5,1,2,1783610670652584192,0,1783610670652606720,0,1783610670652630528,1783610670652627499,228,price_side,order_id,BTC-USDT,SELL,65000.38,0.001,5551468688638542051,,22528,23808,46336
journal,godzilla,5,1,2,1783610670652962560,0,1783610670653099776,0,1783610670653123840,1783610670653120877,229,price_side,order_id,BTC-USDT,BUY,65000.19,0.001,5551468688638542052,,137216,24064,161280
journal,godzilla,5,1,2,1783610670653183488,0,1783610670653284352,0,1783610670653330944,1783610670653328026,230,price_side,order_id,BTC-USDT,SELL,65000.4,0.001,5551468688638542053,,100864,46592,147456
journal,godzilla,5,1,2,1783610670653483520,0,1783610670653505536,0,1783610670653545984,1783610670653542747,231,price_side,order_id,BTC-USDT,BUY,65000.21,0.001,5551468688638542054,,22016,40448,62464
journal,godzilla,5,1,2,1783610670653782528,0,1783610670653888256,0,1783610670653911808,1783610670653909476,232,price_side,order_id,BTC-USDT,SELL,65000.42,0.001,5551468688638542055,,105728,23552,129280
journal,godzilla,5,1,2,1783610670654083584,0,1783610670654098688,0,1783610670654121728,1783610670654118712,233,price_side,order_id,BTC-USDT,BUY,65000.23,0.001,5551468688638542056,,15104,23040,38144
journal,godzilla,5,1,2,1783610670654382336,0,1783610670654488320,0,1783610670654510592,1783610670654508179,234,price_side,order_id,BTC-USDT,SELL,65000.439999999995,0.001,5551468688638542057,,105984,22272,128256
journal,godzilla,5,1,2,1783610670654683136,0,1783610670654788864,0,1783610670654807296,1783610670654805386,235,price_side,order_id,BTC-USDT,BUY,65000.25,0.001,5551468688638542058,,105728,18432,124160
journal,godzilla,5,1,2,1783610670654983424,0,1783610670655121408,0,1783610670655248128,1783610670655244948,236,price_side,order_id,BTC-USDT,SELL,65000.46,0.001,5551468688638542059,,137984,126720,264704
journal,godzilla,5,1,2,1783610670655282432,0,1783610670655367424,0,1783610670655463424,1783610670655461384,237,price_side,order_id,BTC-USDT,BUY,65000.270000000004,0.001,5551468688638542060,,84992,96000,180992
journal,godzilla,5,1,2,1783610670655583232,0,1783610670655680768,0,1783610670655711744,1783610670655699767,238,price_side,order_id,BTC-USDT,SELL,65000.479999999996,0.001,5551468688638542061,,97536,30976,128512
journal,godzilla,5,1,2,1783610670655892736,0,1783610670655988992,0,1783610670656014336,1783610670656012327,239,price_side,order_id,BTC-USDT,BUY,65000.29,0.001,5551468688638542062,,96256,25344,121600
journal,godzilla,5,1,2,1783610670656183296,0,1783610670656279552,0,1783610670656303360,1783610670656300169,240,price_side,order_id,BTC-USDT,SELL,65000.5,0.001,5551468688638542063,,96256,23808,120064
journal,godzilla,5,1,2,1783610670656482560,0,1783610670656581120,0,1783610670656601600,1783610670656599590,241,price_side,order_id,BTC-USDT,BUY,65000.310000000005,0.001,5551468688638542064,,98560,20480,119040
journal,godzilla,5,1,2,1783610670656783104,0,1783610670656876032,0,1783610670656895744,1783610670656893795,242,price_side,order_id,BTC-USDT,SELL,65000.52,0.001,5551468688638542065,,92928,19712,112640
journal,godzilla,5,1,2,1783610670657082624,0,1783610670657181440,0,1783610670657199616,1783610670657197652,243,price_side,order_id,BTC-USDT,BUY,65000.33,0.001,5551468688638542066,,98816,18176,116992
journal,godzilla,5,1,2,1783610670657382144,0,1783610670657477632,0,1783610670657500160,1783610670657498077,244,price_side,order_id,BTC-USDT,SELL,65000.54,0.001,5551468688638542067,,95488,22528,118016
journal,godzilla,5,1,2,1783610670657681920,0,1783610670657778176,0,1783610670657799936,1783610670657797989,245,price_side,order_id,BTC-USDT,BUY,65000.35,0.001,5551468688638542068,,96256,21760,118016
journal,godzilla,5,1,2,1783610670657983488,0,1783610670658083584,0,1783610670658100736,1783610670658098816,246,price_side,order_id,BTC-USDT,SELL,65000.56,0.001,5551468688638542069,,100096,17152,117248
journal,godzilla,5,1,2,1783610670658282240,0,1783610670658375936,0,1783610670658394368,1783610670658392624,247,price_side,order_id,BTC-USDT,BUY,65000.37,0.001,5551468688638542070,,93696,18432,112128
journal,godzilla,5,1,2,1783610670658582016,0,1783610670658676480,0,1783610670658696704,1783610670658694537,248,price_side,order_id,BTC-USDT,SELL,65000.58,0.001,5551468688638542071,,94464,20224,114688
journal,godzilla,5,1,2,1783610670658890496,0,1783610670658984192,0,1783610670659012608,1783610670659010250,249,price_side,order_id,BTC-USDT,BUY,65000.39,0.001,5551468688638542072,,93696,28416,122112
journal,godzilla,5,1,2,1783610670659183360,0,1783610670659281152,0,1783610670659299584,1783610670659297676,250,price_side,order_id,BTC-USDT,SELL,65000.6,0.001,5551468688638542073,,97792,18432,116224
journal,godzilla,5,1,2,1783610670659482112,0,1783610670659574784,0,1783610670659603456,1783610670659593896,251,price_side,order_id,BTC-USDT,BUY,65000.41,0.001,5551468688638542074,,92672,28672,121344
journal,godzilla,5,1,2,1783610670659782400,0,1783610670659873280,0,1783610670659892480,1783610670659890432,252,price_side,order_id,BTC-USDT,SELL,65000.619999999995,0.001,5551468688638542075,,90880,19200,110080
journal,godzilla,5,1,2,1783610670660082944,0,1783610670660182272,0,1783610670660207104,1783610670660205299,253,price_side,order_id,BTC-USDT,BUY,65000.43,0.001,5551468688638542076,,99328,24832,124160
journal,godzilla,5,1,2,1783610670660383488,0,1783610670660825600,0,1783610670660970496,1783610670660966506,254,price_side,order_id,BTC-USDT,SELL,65000.64,0.001,5551468688638542077,,442112,144896,587008
journal,godzilla,5,1,2,1783610670660684544,0,1783610670660954880,0,1783610670660993792,1783610670660991487,255,price_side,order_id,BTC-USDT,BUY,65000.450000000004,0.001,5551468688638542078,,270336,38912,309248
journal,godzilla,5,1,2,1783610670660983040,0,1783610670661036544,0,1783610670661084672,1783610670661082995,256,price_side,order_id,BTC-USDT,SELL,65000.659999999996,0.001,5551468688638542079,,53504,48128,101632
journal,godzilla,5,1,2,1783610670661283840,0,1783610670661351424,0,1783610670661373440,1783610670661371334,257,price_side,order_id,BTC-USDT,BUY,65000.47,0.001,5551468688638542080,,67584,22016,89600
journal,godzilla,5,1,2,1783610670661596416,0,1783610670661698048,0,1783610670661718272,1783610670661716127,258,price_side,order_id,BTC-USDT,SELL,65000.68,0.001,5551468688638542081,,101632,20224,121856
journal,godzilla,5,1,2,1783610670661883136,0,1783610670662014464,0,1783610670662134016,1783610670662131085,259,price_side,order_id,BTC-USDT,BUY,65000.49,0.001,5551468688638542082,,131328,119552,250880
journal,godzilla,5,1,2,1783610670662182400,0,1783610670662249984,0,1783610670662355712,1783610670662353744,260,price_side,order_id,BTC-USDT,SELL,65000.7,0.001,5551468688638542083,,67584,105728,173312
journal,godzilla,5,1,2,1783610670662483200,0,1783610670662582272,0,1783610670662602752,1783610670662600865,261,price_side,order_id,BTC-USDT,BUY,65000.51,0.001,5551468688638542084,,99072,20480,119552
journal,godzilla,5,1,2,1783610670662783232,0,1783610670662885888,0,1783610670662905344,1783610670662903385,262,price_side,order_id,BTC-USDT,SELL,65000.72,0.001,5551468688638542085,,102656,19456,122112
journal,godzilla,5,1,2,1783610670663083520,0,1783610670663187968,0,1783610670663208192,1783610670663206135,263,price_side,order_id,BTC-USDT,BUY,65000.53,0.001,5551468688638542086,,104448,20224,124672
journal,godzilla,5,1,2,1783610670663383296,0,1783610670663487488,0,1783610670663507968,1783610670663506092,264,price_side,order_id,BTC-USDT,SELL,65000.74,0.001,5551468688638542087,,104192,20480,124672
journal,godzilla,5,1,2,1783610670663683328,0,1783610670663788544,0,1783610670663815936,1783610670663804826,265,price_side,order_id,BTC-USDT,BUY,65000.55,0.001,5551468688638542088,,105216,27392,132608
journal,godzilla,5,1,2,1783610670663983616,0,1783610670664089856,0,1783610670664107520,1783610670664105449,266,price_side,order_id,BTC-USDT,SELL,65000.76,0.001,5551468688638542089,,106240,17664,123904
journal,godzilla,5,1,2,1783610670664282112,0,1783610670664376832,0,1783610670664399104,1783610670664397157,267,price_side,order_id,BTC-USDT,BUY,65000.57,0.001,5551468688638542090,,94720,22272,116992
journal,godzilla,5,1,2,1783610670664588800,0,1783610670664686080,0,1783610670664706304,1783610670664704042,268,price_side,order_id,BTC-USDT,SELL,65000.78,0.001,5551468688638542091,,97280,20224,117504
journal,godzilla,5,1,2,1783610670664882944,0,1783610670664979712,0,1783610670665004288,1783610670665001876,269,price_side,order_id,BTC-USDT,BUY,65000.590000000004,0.001,5551468688638542092,,96768,24576,121344
journal,godzilla,5,1,2,1783610670665182720,0,1783610670665279488,0,1783610670665297920,1783610670665296029,270,price_side,order_id,BTC-USDT,SELL,65000.799999999996,0.001,5551468688638542093,,96768,18432,115200
journal,godzilla,5,1,2,1783610670665481984,0,1783610670665579008,0,1783610670665596416,1783610670665594486,271,price_side,order_id,BTC-USDT,BUY,65000.61,0.001,5551468688638542094,,97024,17408,114432
journal,godzilla,5,1,2,1783610670665782016,0,1783610670665874688,0,1783610670665888256,1783610670665886208,272,price_side,order_id,BTC-USDT,SELL,65000.82,0.001,5551468688638542095,,92672,13568,106240
journal,godzilla,5,1,2,1783610670666082048,0,1783610670666179840,0,1783610670666201600,1783610670666199410,273,price_side,order_id,BTC-USDT,BUY,65000.630000000005,0.001,5551468688638542096,,97792,21760,119552
journal,godzilla,5,1,2,1783610670666382848,0,1783610670666478592,0,1783610670666497536,1783610670666495723,274,price_side,order_id,BTC-USDT,SELL,65000.84,0.001,5551468688638542097,,95744,18944,114688
journal,godzilla,5,1,2,1783610670666682112,0,1783610670666778368,0,1783610670666800384,1783610670666798234,275,price_side,order_id,BTC-USDT,BUY,65000.65,0.001,5551468688638542098,,96256,22016,118272
journal,godzilla,5,1,2,1783610670666982656,0,1783610670667090688,0,1783610670667108864,1783610670667106917,276,price_side,order_id,BTC-USDT,SELL,65000.86,0.001,5551468688638542099,,108032,18176,126208
journal,godzilla,5,1,2,1783610670667290368,0,1783610670667386368,0,1783610670667401728,1783610670667399600,277,price_side,order_id,BTC-USDT,BUY,65000.67,0.001,5551468688638542100,,96000,15360,111360
journal,godzilla,5,1,2,1783610670667582208,0,1783610670667679488,0,1783610670667705088,1783610670667696303,278,price_side,order_id,BTC-USDT,SELL,65000.88,0.001,5551468688638542101,,97280,25600,122880
journal,godzilla,5,1,2,1783610670667883264,0,1783610670667978496,0,1783610670668013312,1783610670668011191,279,price_side,order_id,BTC-USDT,BUY,65000.69,0.001,5551468688638542102,,95232,34816,130048
journal,godzilla,5,1,2,1783610670668183296,0,1783610670668313344,0,1783610670668436992,1783610670668434453,280,price_side,order_id,BTC-USDT,SELL,65000.9,0.001,5551468688638542103,,130048,123648,253696
journal,godzilla,5,1,2,1783610670668482304,0,1783610670668569600,0,1783610670668647936,1783610670668646098,281,price_side,order_id,BTC-USDT,BUY,65000.71,0.001,5551468688638542104,,87296,78336,165632
journal,godzilla,5,1,2,1783610670668783360,0,1783610670668887040,0,1783610670668900352,1783610670668898428,282,price_side,order_id,BTC-USDT,SELL,65000.92,0.001,5551468688638542105,,103680,13312,116992
journal,godzilla,5,1,2,1783610670669082368,0,1783610670669198848,0,1783610670669313024,1783610670669310598,283,price_side,order_id,BTC-USDT,BUY,65000.73,0.001,5551468688638542106,,116480,114176,230656
journal,godzilla,5,1,2,1783610670669383168,0,1783610670669433856,0,1783610670669533952,1783610670669532006,284,price_side,order_id,BTC-USDT,SELL,65000.939999999995,0.001,5551468688638542107,,50688,100096,150784
journal,godzilla,5,1,2,1783610670669682944,0,1783610670669794304,0,1783610670669913600,1783610670669911672,285,price_side,order_id,BTC-USDT,BUY,65000.75,0.001,5551468688638542108,,111360,119296,230656
journal,godzilla,5,1,2,1783610670669982976,0,1783610670670029824,0,1783610670670137344,1783610670670134804,286,price_side,order_id,BTC-USDT,SELL,65000.96,0.001,5551468688638542109,,46848,107520,154368
journal,godzilla,5,1,2,1783610670670289920,0,1783610670670384128,0,1783610670670405120,1783610670670402902,287,price_side,order_id,BTC-USDT,BUY,65000.770000000004,0.001,5551468688638542110,,94208,20992,115200
journal,godzilla,5,1,2,1783610670670583296,0,1783610670670679808,0,1783610670670698752,1783610670670696973,288,price_side,order_id,BTC-USDT,SELL,65000.979999999996,0.001,5551468688638542111,,96512,18944,115456
journal,godzilla,5,1,2,1783610670670882048,0,1783610670670971392,0,1783610670670992384,1783610670670990328,289,price_side,order_id,BTC-USDT,BUY,65000.79,0.001,5551468688638542112,,89344,20992,110336
journal,godzilla,5,1,2,1783610670671183104,0,1783610670671279616,0,1783610670671299840,1783610670671297777,290,price_side,order_id,BTC-USDT,SELL,65001.0,0.001,5551468688638542113,,96512,20224,116736
journal,godzilla,5,1,2,1783610670671482112,0,1783610670671842816,0,1783610670671918336,1783610670671905422,291,price_side,order_id,BTC-USDT,BUY,65000.810000000005,0.001,5551468688638542114,,360704,75520,436224
journal,godzilla,5,1,2,1783610670671781888,0,1783610670671938304,0,1783610670672002304,1783610670671999886,292,price_side,order_id,BTC-USDT,SELL,65001.02,0.001,5551468688638542115,,156416,64000,220416
journal,godzilla,5,1,2,1783610670672083968,0,1783610670672130560,0,1783610670672178944,1783610670672176340,293,price_side,order_id,BTC-USDT,BUY,65000.83,0.001,5551468688638542116,,46592,48384,94976
journal,godzilla,5,1,2,1783610670672383488,0,1783610670672469248,0,1783610670672500480,1783610670672498442,294,price_side,order_id,BTC-USDT,SELL,65001.04,0.001,5551468688638542117,,85760,31232,116992
journal,godzilla,5,1,2,1783610670672682240,0,1783610670672781568,0,1783610670672801280,1783610670672799553,295,price_side,order_id,BTC-USDT,BUY,65000.85,0.001,5551468688638542118,,99328,19712,119040
journal,godzilla,5,1,2,1783610670672992000,0,1783610670673072128,0,1783610670673128704,1783610670673125950,296,price_side,order_id,BTC-USDT,SELL,65001.06,0.001,5551468688638542119,,80128,56576,136704
journal,godzilla,5,1,2,1783610670673285888,0,1783610670673581824,0,1783610670673716736,1783610670673712708,297,price_side,order_id,BTC-USDT,BUY,65000.87,0.001,5551468688638542120,,295936,134912,430848
journal,godzilla,5,1,2,1783610670673582080,0,1783610670673665280,0,1783610670673741568,1783610670673738890,298,price_side,order_id,BTC-USDT,SELL,65001.08,0.001,5551468688638542121,,83200,76288,159488
journal,godzilla,5,1,2,1783610670673883904,0,1783610670673958144,0,1783610670674024448,1783610670674021590,299,price_side,order_id,BTC-USDT,BUY,65000.89,0.001,5551468688638542122,,74240,66304,140544
journal,godzilla,5,1,2,1783610670674184192,0,1783610670674236928,0,1783610670674321152,1783610670674318868,300,price_side,order_id,BTC-USDT,SELL,65000.1,0.001,5551468688638542123,,52736,84224,136960
journal,godzilla,5,1,2,1783610670674482432,0,1783610670674701824,0,1783610670674912512,1783610670674909713,301,price_side,order_id,BTC-USDT,BUY,64999.91,0.001,5551468688638542124,,219392,210688,430080
journal,godzilla,5,1,2,1783610670674781184,0,1783610670675181312,0,1783610670675201792,1783610670675199790,302,price_side,order_id,BTC-USDT,SELL,65000.119999999995,0.001,5551468688638542125,,400128,20480,420608
journal,godzilla,5,1,2,1783610670675085312,0,1783610670675305472,0,1783610670675320576,1783610670675317798,303,price_side,order_id,BTC-USDT,BUY,64999.93,0.001,5551468688638542126,,220160,15104,235264
journal,godzilla,5,1,2,1783610670675384320,0,1783610670675430656,0,1783610670675462912,1783610670675443522,304,price_side,order_id,BTC-USDT,SELL,65000.14,0.001,5551468688638542127,,46336,32256,78592
journal,godzilla,5,1,2,1783610670675685120,0,1783610670675780352,0,1783610670675820032,1783610670675817142,305,price_side,order_id,BTC-USDT,BUY,64999.950000000004,0.001,5551468688638542128,,95232,39680,134912
journal,godzilla,5,1,2,1783610670676071936,0,1783610670676430848,0,1783610670676569600,1783610670676565688,306,price_side,order_id,BTC-USDT,SELL,65000.159999999996,0.001,5551468688638542129,,358912,138752,497664
journal,godzilla,5,1,2,1783610670676282624,0,1783610670676469504,0,1783610670676598528,1783610670676595999,307,price_side,order_id,BTC-USDT,BUY,64999.97,0.001,5551468688638542130,,186880,129024,315904
journal,godzilla,5,1,2,1783610670676582912,0,1783610670676673280,0,1783610670676734976,1783610670676733068,308,price_side,order_id,BTC-USDT,SELL,65000.18,0.001,5551468688638542131,,90368,61696,152064
journal,godzilla,5,1,2,1783610670676883456,0,1783610670676967168,0,1783610670677015040,1783610670677012740,309,price_side,order_id,BTC-USDT,BUY,64999.99,0.001,5551468688638542132,,83712,47872,131584
journal,godzilla,5,1,2,1783610670677183744,0,1783610670677201920,0,1783610670677311232,1783610670677307716,310,price_side,order_id,BTC-USDT,SELL,65000.2,0.001,5551468688638542133,,18176,109312,127488
journal,godzilla,5,1,2,1783610670677485824,0,1783610670677536768,0,1783610670677629696,1783610670677624900,311,price_side,order_id,BTC-USDT,BUY,65000.01,0.001,5551468688638542134,,50944,92928,143872
journal,godzilla,5,1,2,1783610670677786368,0,1783610670677831936,0,1783610670677947392,1783610670677942634,312,price_side,order_id,BTC-USDT,SELL,65000.22,0.001,5551468688638542135,,45568,115456,161024
journal,godzilla,5,1,2,1783610670678087424,0,1783610670678230016,0,1783610670678380288,1783610670678376347,313,price_side,order_id,BTC-USDT,BUY,65000.03,0.001,5551468688638542136,,142592,150272,292864
journal,godzilla,5,1,2,1783610670678383616,0,1783610670678516480,0,1783610670678533888,1783610670678530915,314,price_side,order_id,BTC-USDT,SELL,65000.24,0.001,5551468688638542137,,132864,17408,150272
journal,godzilla,5,1,2,1783610670678702592,0,1783610670678810368,0,1783610670678829312,1783610670678827040,315,price_side,order_id,BTC-USDT,BUY,65000.05,0.001,5551468688638542138,,107776,18944,126720
journal,godzilla,5,1,2,1783610670678982656,0,1783610670679096320,0,1783610670679120640,1783610670679118397,316,price_side,order_id,BTC-USDT,SELL,65000.26,0.001,5551468688638542139,,113664,24320,137984
journal,godzilla,5,1,2,1783610670679283712,0,1783610670679391232,0,1783610670679513856,1783610670679411661,317,price_side,order_id,BTC-USDT,BUY,65000.07,0.001,5551468688638542140,,107520,122624,230144
journal,godzilla,5,1,2,1783610670679584512,0,1783610670679627008,0,1783610670679729920,1783610670679727806,318,price_side,order_id,BTC-USDT,SELL,65000.28,0.001,5551468688638542141,,42496,102912,145408
journal,godzilla,5,1,2,1783610670679883520,0,1783610670679979264,0,1783610670680005376,1783610670680002772,319,price_side,order_id,BTC-USDT,BUY,65000.090000000004,0.001,5551468688638542142,,95744,26112,121856
journal,godzilla,5,1,2,1783610670680182528,0,1783610670680281600,0,1783610670680303360,1783610670680301359,320,price_side,order_id,BTC-USDT,SELL,65000.299999999996,0.001,5551468688638542143,,99072,21760,120832
journal,godzilla,5,1,2,1783610670680483328,0,1783610670680569344,0,1783610670680588544,1783610670680586682,321,price_side,order_id,BTC-USDT,BUY,65000.11,0.001,5551468688638542144,,86016,19200,105216
journal,godzilla,5,1,2,1783610670680782336,0,1783610670680878336,0,1783610670680900096,1783610670680897900,322,price_side,order_id,BTC-USDT,SELL,65000.32,0.001,5551468688638542145,,96000,21760,117760
journal,godzilla,5,1,2,1783610670681083136,0,1783610670681180672,0,1783610670681199872,1783610670681198006,323,price_side,order_id,BTC-USDT,BUY,65000.130000000005,0.001,5551468688638542146,,97536,19200,116736
journal,godzilla,5,1,2,1783610670681382656,0,1783610670681479936,0,1783610670681497600,1783610670681495752,324,price_side,order_id,BTC-USDT,SELL,65000.34,0.001,5551468688638542147,,97280,17664,114944
journal,godzilla,5,1,2,1783610670681690112,0,1783610670681778432,0,1783610670681800448,1783610670681798408,325,price_side,order_id,BTC-USDT,BUY,65000.15,0.001,5551468688638542148,,88320,22016,110336
journal,godzilla,5,1,2,1783610670681982208,0,1783610670682092288,0,1783610670682113792,1783610670682111596,326,price_side,order_id,BTC-USDT,SELL,65000.36,0.001,5551468688638542149,,110080,21504,131584
journal,godzilla,5,1,2,1783610670682283008,0,1783610670682376448,0,1783610670682395392,1783610670682393450,327,price_side,order_id,BTC-USDT,BUY,65000.17,0.001,5551468688638542150,,93440,18944,112384
journal,godzilla,5,1,2,1783610670682582272,0,1783610670682796032,0,1783610670682930688,1783610670682926947,328,price_side,order_id,BTC-USDT,SELL,65000.38,0.001,5551468688638542151,,213760,134656,348416
journal,godzilla,5,1,2,1783610670682882816,0,1783610670682913280,0,1783610670682959360,1783610670682956715,329,price_side,order_id,BTC-USDT,BUY,65000.19,0.001,5551468688638542152,,30464,46080,76544
journal,godzilla,5,1,2,1783610670683182592,0,1783610670683216640,0,1783610670683311616,1783610670683308982,330,price_side,order_id,BTC-USDT,SELL,65000.4,0.001,5551468688638542153,,34048,94976,129024
journal,godzilla,5,1,2,1783610670683482112,0,1783610670683576576,0,1783610670683608320,1783610670683596920,331,price_side,order_id,BTC-USDT,BUY,65000.21,0.001,5551468688638542154,,94464,31744,126208
journal,godzilla,5,1,2,1783610670683783936,0,1783610670683889664,0,1783610670683909888,1783610670683907903,332,price_side,order_id,BTC-USDT,SELL,65000.42,0.001,5551468688638542155,,105728,20224,125952
journal,godzilla,5,1,2,1783610670684083968,0,1783610670684189184,0,1783610670684208128,1783610670684206129,333,price_side,order_id,BTC-USDT,BUY,65000.23,0.001,5551468688638542156,,105216,18944,124160
journal,godzilla,5,1,2,1783610670684394496,0,1783610670684498176,0,1783610670684518912,1783610670684516758,334,price_side,order_id,BTC-USDT,SELL,65000.439999999995,0.001,5551468688638542157,,103680,20736,124416
journal,godzilla,5,1,2,1783610670684683520,0,1783610670684785408,0,1783610670684803072,1783610670684800962,335,price_side,order_id,BTC-USDT,BUY,65000.25,0.001,5551468688638542158,,101888,17664,119552
journal,godzilla,5,1,2,1783610670684982784,0,1783610670685103616,0,1783610670685125888,1783610670685123565,336,price_side,order_id,BTC-USDT,SELL,65000.46,0.001,5551468688638542159,,120832,22272,143104
journal,godzilla,5,1,2,1783610670685283584,0,1783610670685309184,0,1783610670685352192,1783610670685348960,337,price_side,order_id,BTC-USDT,BUY,65000.270000000004,0.001,5551468688638542160,,25600,43008,68608
journal,godzilla,5,1,2,1783610670685583872,0,1783610670685699328,0,1783610670685719040,1783610670685716970,338,price_side,order_id,BTC-USDT,SELL,65000.479999999996,0.001,5551468688638542161,,115456,19712,135168
journal,godzilla,5,1,2,1783610670685883648,0,1783610670685903360,0,1783610670685927424,1783610670685924222,339,price_side,order_id,BTC-USDT,BUY,65000.29,0.001,5551468688638542162,,19712,24064,43776
journal,godzilla,5,1,2,1783610670686182912,0,1783610670686205696,0,1783610670686296576,1783610670686294023,340,price_side,order_id,BTC-USDT,SELL,65000.5,0.001,5551468688638542163,,22784,90880,113664
journal,godzilla,5,1,2,1783610670686484480,0,1783610670686502144,0,1783610670686628352,1783610670686624749,341,price_side,order_id,BTC-USDT,BUY,65000.310000000005,0.001,5551468688638542164,,17664,126208,143872
journal,godzilla,5,1,2,1783610670686783488,0,1783610670686922240,0,1783610670687065344,1783610670687062067,342,price_side,order_id,BTC-USDT,SELL,65000.52,0.001,5551468688638542165,,138752,143104,281856
journal,godzilla,5,1,2,1783610670687084032,0,1783610670687195648,0,1783610670687212800,1783610670687209821,343,price_side,order_id,BTC-USDT,BUY,65000.33,0.001,5551468688638542166,,111616,17152,128768
journal,godzilla,5,1,2,1783610670687392512,0,1783610670687512832,0,1783610670687533312,1783610670687523318,344,price_side,order_id,BTC-USDT,SELL,65000.54,0.001,5551468688638542167,,120320,20480,140800
journal,godzilla,5,1,2,1783610670687684352,0,1783610670687756544,0,1783610670687817216,1783610670687815089,345,price_side,order_id,BTC-USDT,BUY,65000.35,0.001,5551468688638542168,,72192,60672,132864
journal,godzilla,5,1,2,1783610670687983616,0,1783610670688105216,0,1783610670688121344,1783610670688119273,346,price_side,order_id,BTC-USDT,SELL,65000.56,0.001,5551468688638542169,,121600,16128,137728
journal,godzilla,5,1,2,1783610670688282368,0,1783610670688384256,0,1783610670688407296,1783610670688404991,347,price_side,order_id,BTC-USDT,BUY,65000.37,0.001,5551468688638542170,,101888,23040,124928
journal,godzilla,5,1,2,1783610670688583168,0,1783610670688688640,0,1783610670688711936,1783610670688709833,348,price_side,order_id,BTC-USDT,SELL,65000.58,0.001,5551468688638542171,,105472,23296,128768
journal,godzilla,5,1,2,1783610670688883456,0,1783610670688985856,0,1783610670689014016,1783610670689011979,349,price_side,order_id,BTC-USDT,BUY,65000.39,0.001,5551468688638542172,,102400,28160,130560
journal,godzilla,5,1,2,1783610670689183744,0,1783610670689348096,0,1783610670689502464,1783610670689499470,350,price_side,order_id,BTC-USDT,SELL,65000.6,0.001,5551468688638542173,,164352,154368,318720
journal,godzilla,5,1,2,1783610670689483008,0,1783610670689577728,0,1783610670689600768,1783610670689597970,351,price_side,order_id,BTC-USDT,BUY,65000.41,0.001,5551468688638542174,,94720,23040,117760
journal,godzilla,5,1,2,1783610670689783552,0,1783610670689813760,0,1783610670689838848,1783610670689835721,352,price_side,order_id,BTC-USDT,SELL,65000.619999999995,0.001,5551468688638542175,,30208,25088,55296
journal,godzilla,5,1,2,1783610670690083840,0,1783610670690223104,0,1783610670690349568,1783610670690346261,353,price_side,order_id,BTC-USDT,BUY,65000.43,0.001,5551468688638542176,,139264,126464,265728
journal,godzilla,5,1,2,1783610670690391296,0,1783610670690476800,0,1783610670690572288,1783610670690570258,354,price_side,order_id,BTC-USDT,SELL,65000.64,0.001,5551468688638542177,,85504,95488,180992
journal,godzilla,5,1,2,1783610670690683648,0,1783610670690707968,0,1783610670690747136,1783610670690727738,355,price_side,order_id,BTC-USDT,BUY,65000.450000000004,0.001,5551468688638542178,,24320,39168,63488
journal,godzilla,5,1,2,1783610670690982144,0,1783610670691096064,0,1783610670691118336,1783610670691116267,356,price_side,order_id,BTC-USDT,SELL,65000.659999999996,0.001,5551468688638542179,,113920,22272,136192
journal,godzilla,5,1,2,1783610670691283456,0,1783610670691300096,0,1783610670691328512,1783610670691316119,357,price_side,order_id,BTC-USDT,BUY,65000.47,0.001,5551468688638542180,,16640,28416,45056
journal,godzilla,5,1,2,1783610670691582464,0,1783610670691688448,0,1783610670691711232,1783610670691708964,358,price_side,order_id,BTC-USDT,SELL,65000.68,0.001,5551468688638542181,,105984,22784,128768
journal,godzilla,5,1,2,1783610670691883264,0,1783610670691987968,0,1783610670692014848,1783610670692012800,359,price_side,order_id,BTC-USDT,BUY,65000.49,0.001,5551468688638542182,,104704,26880,131584
journal,godzilla,5,1,2,1783610670692183552,0,1783610670692286208,0,1783610670692306688,1783610670692304896,360,price_side,order_id,BTC-USDT,SELL,65000.7,0.001,5551468688638542183,,102656,20480,123136
journal,godzilla,5,1,2,1783610670692482304,0,1783610670692579072,0,1783610670692600576,1783610670692598551,361,price_side,order_id,BTC-USDT,BUY,65000.51,0.001,5551468688638542184,,96768,21504,118272
journal,godzilla,5,1,2,1783610670692782080,0,1783610670692878592,0,1783610670692900864,1783610670692898867,362,price_side,order_id,BTC-USDT,SELL,65000.72,0.001,5551468688638542185,,96512,22272,118784
journal,godzilla,5,1,2,1783610670693092352,0,1783610670693190144,0,1783610670693209856,1783610670693207884,363,price_side,order_id,BTC-USDT,BUY,65000.53,0.001,5551468688638542186,,97792,19712,117504
journal,godzilla,5,1,2,1783610670693383168,0,1783610670693481728,0,1783610670693499392,1783610670693497545,364,price_side,order_id,BTC-USDT,SELL,65000.74,0.001,5551468688638542187,,98560,17664,116224
journal,godzilla,5,1,2,1783610670693681920,0,1783610670693788160,0,1783610670693806848,1783610670693804341,365,price_side,order_id,BTC-USDT,BUY,65000.55,0.001,5551468688638542188,,106240,18688,124928
journal,godzilla,5,1,2,1783610670693983488,0,1783610670694125568,0,1783610670694252288,1783610670694249465,366,price_side,order_id,BTC-USDT,SELL,65000.76,0.001,5551468688638542189,,142080,126720,268800
journal,godzilla,5,1,2,1783610670694283264,0,1783610670694373888,0,1783610670694461696,1783610670694459803,367,price_side,order_id,BTC-USDT,BUY,65000.57,0.001,5551468688638542190,,90624,87808,178432
journal,godzilla,5,1,2,1783610670694583040,0,1783610670694680832,0,1783610670694702336,1783610670694700102,368,price_side,order_id,BTC-USDT,SELL,65000.78,0.001,5551468688638542191,,97792,21504,119296
journal,godzilla,5,1,2,1783610670694883072,0,1783610670694981120,0,1783610670695003648,1783610670695000708,369,price_side,order_id,BTC-USDT,BUY,65000.590000000004,0.001,5551468688638542192,,98048,22528,120576
journal,godzilla,5,1,2,1783610670695182080,0,1783610670695281408,0,1783610670695310336,1783610670695299274,370,price_side,order_id,BTC-USDT,SELL,65000.799999999996,0.001,5551468688638542193,,99328,28928,128256
journal,godzilla,5,1,2,1783610670695483392,0,1783610670695577600,0,1783610670695596800,1783610670695594982,371,price_side,order_id,BTC-USDT,BUY,65000.61,0.001,5551468688638542194,,94208,19200,113408
journal,godzilla,5,1,2,1783610670695784192,0,1783610670695887872,0,1783610670695907584,1783610670695905776,372,price_side,order_id,BTC-USDT,SELL,65000.82,0.001,5551468688638542195,,103680,19712,123392
journal,godzilla,5,1,2,1783610670696093952,0,1783610670696197376,0,1783610670696218112,1783610670696215857,373,price_side,order_id,BTC-USDT,BUY,65000.630000000005,0.001,5551468688638542196,,103424,20736,124160
journal,godzilla,5,1,2,1783610670696383488,0,1783610670696487168,0,1783610670696505600,1783610670696503587,374,price_side,order_id,BTC-USDT,SELL,65000.84,0.001,5551468688638542197,,103680,18432,122112
journal,godzilla,5,1,2,1783610670696683520,0,1783610670696785408,0,1783610670696804352,1783610670696802469,375,price_side,order_id,BTC-USDT,BUY,65000.65,0.001,5551468688638542198,,101888,18944,120832
journal,godzilla,5,1,2,1783610670696983808,0,1783610670697108992,0,1783610670697128192,1783610670697125934,376,price_side,order_id,BTC-USDT,SELL,65000.86,0.001,5551468688638542199,,125184,19200,144384
journal,godzilla,5,1,2,1783610670697283840,0,1783610670697413632,0,1783610670697560064,1783610670697547916,377,price_side,order_id,BTC-USDT,BUY,65000.67,0.001,5551468688638542200,,129792,146432,276224
journal,godzilla,5,1,2,1783610670697583872,0,1783610670697677568,0,1783610670697800704,1783610670697798379,378,price_side,order_id,BTC-USDT,SELL,65000.88,0.001,5551468688638542201,,93696,123136,216832
journal,godzilla,5,1,2,1783610670697883648,0,1783610670697962240,0,1783610670697986816,1783610670697984282,379,price_side,order_id,BTC-USDT,BUY,65000.69,0.001,5551468688638542202,,78592,24576,103168
journal,godzilla,5,1,2,1783610670698183936,0,1783610670698324480,0,1783610670698555136,1783610670698551371,380,price_side,order_id,BTC-USDT,SELL,65000.9,0.001,5551468688638542203,,140544,230656,371200
journal,godzilla,5,1,2,1783610670698484224,0,1783610670698642944,0,1783610670698732544,1783610670698729471,381,price_side,order_id,BTC-USDT,BUY,65000.71,0.001,5551468688638542204,,158720,89600,248320
journal,godzilla,5,1,2,1783610670698819328,0,1783610670698842112,0,1783610670698941952,1783610670698939457,382,price_side,order_id,BTC-USDT,SELL,65000.92,0.001,5551468688638542205,,22784,99840,122624
journal,godzilla,5,1,2,1783610670699083776,0,1783610670699164416,0,1783610670699186688,1783610670699173822,383,price_side,order_id,BTC-USDT,BUY,65000.73,0.001,5551468688638542206,,80640,22272,102912
journal,godzilla,5,1,2,1783610670699384320,0,1783610670699417856,0,1783610670699441664,1783610670699438479,384,price_side,order_id,BTC-USDT,SELL,65000.939999999995,0.001,5551468688638542207,,33536,23808,57344
journal,godzilla,5,1,2,1783610670699683840,0,1783610670699798272,0,1783610670699822336,1783610670699819122,385,price_side,order_id,BTC-USDT,BUY,65000.75,0.001,5551468688638542208,,114432,24064,138496
journal,godzilla,5,1,2,1783610670699983616,0,1783610670700019968,0,1783610670700109568,1783610670700107481,386,price_side,order_id,BTC-USDT,SELL,65000.96,0.001,5551468688638542209,,36352,89600,125952
journal,godzilla,5,1,2,1783610670700283904,0,1783610670700396544,0,1783610670700416000,1783610670700413947,387,price_side,order_id,BTC-USDT,BUY,65000.770000000004,0.001,5551468688638542210,,112640,19456,132096
journal,godzilla,5,1,2,1783610670700583424,0,1783610670700686592,0,1783610670700708608,1783610670700706541,388,price_side,order_id,BTC-USDT,SELL,65000.979999999996,0.001,5551468688638542211,,103168,22016,125184
journal,godzilla,5,1,2,1783610670700883200,0,1783610670701005568,0,1783610670701015808,1783610670701013872,389,price_side,order_id,BTC-USDT,BUY,65000.79,0.001,5551468688638542212,,122368,10240,132608
journal,godzilla,5,1,2,1783610670701182720,0,1783610670701294080,0,1783610670701307392,1783610670701305150,390,price_side,order_id,BTC-USDT,SELL,65001.0,0.001,5551468688638542213,,111360,13312,124672
journal,godzilla,5,1,2,1783610670701482496,0,1783610670701591552,0,1783610670701607424,1783610670701605243,391,price_side,order_id,BTC-USDT,BUY,65000.810000000005,0.001,5551468688638542214,,109056,15872,124928
journal,godzilla,5,1,2,1783610670701790208,0,1783610670701889280,0,1783610670701911552,1783610670701909531,392,price_side,order_id,BTC-USDT,SELL,65001.02,0.001,5551468688638542215,,99072,22272,121344
journal,godzilla,5,1,2,1783610670702083328,0,1783610670702179072,0,1783610670702198272,1783610670702196328,393,price_side,order_id,BTC-USDT,BUY,65000.83,0.001,5551468688638542216,,95744,19200,114944
journal,godzilla,5,1,2,1783610670702382080,0,1783610670702477312,0,1783610670702499584,1783610670702497505,394,price_side,order_id,BTC-USDT,SELL,65001.04,0.001,5551468688638542217,,95232,22272,117504
journal,godzilla,5,1,2,1783610670702682112,0,1783610670702776832,0,1783610670702799104,1783610670702797132,395,price_side,order_id,BTC-USDT,BUY,65000.85,0.001,5551468688638542218,,94720,22272,116992
journal,godzilla,5,1,2,1783610670702983168,0,1783610670703089664,0,1783610670703109120,1783610670703107188,396,price_side,order_id,BTC-USDT,SELL,65001.06,0.001,5551468688638542219,,106496,19456,125952
journal,godzilla,5,1,2,1783610670703282944,0,1783610670703382016,0,1783610670703408640,1783610670703398576,397,price_side,order_id,BTC-USDT,BUY,65000.87,0.001,5551468688638542220,,99072,26624,125696
journal,godzilla,5,1,2,1783610670703582720,0,1783610670703678208,0,1783610670703698176,1783610670703696390,398,price_side,order_id,BTC-USDT,SELL,65001.08,0.001,5551468688638542221,,95488,19968,115456
journal,godzilla,5,1,2,1783610670703881984,0,1783610670703977728,0,1783610670704001536,1783610670703994391,399,price_side,order_id,BTC-USDT,BUY,65000.89,0.001,5551468688638542222,,95744,23808,119552
journal,godzilla,5,1,2,1783610670704182272,0,1783610670704304128,0,1783610670704419584,1783610670704417577,400,price_side,order_id,BTC-USDT,SELL,65000.1,0.001,5551468688638542223,,121856,115456,237312
journal,godzilla,5,1,2,1783610670704561152,0,1783610670704734720,0,1783610670704785920,1783610670704781990,401,price_side,order_id,BTC-USDT,BUY,64999.91,0.001,5551468688638542224,,173568,51200,224768
journal,godzilla,5,1,2,1783610670704785408,0,1783610670704881408,0,1783610670704899072,1783610670704896474,402,price_side,order_id,BTC-USDT,SELL,65000.119999999995,0.001,5551468688638542225,,96000,17664,113664
journal,godzilla,5,1,2,1783610670705084160,0,1783610670705152000,0,1783610670705160960,1783610670705159070,403,price_side,order_id,BTC-USDT,BUY,64999.93,0.001,5551468688638542226,,67840,8960,76800
journal,godzilla,5,1,2,1783610670705382144,0,1783610670705508864,0,1783610670705632768,1783610670705629682,404,price_side,order_id,BTC-USDT,SELL,65000.14,0.001,5551468688638542227,,126720,123904,250624
journal,godzilla,5,1,2,1783610670705682176,0,1783610670705789440,0,1783610670705852160,1783610670705850144,405,price_side,order_id,BTC-USDT,BUY,64999.950000000004,0.001,5551468688638542228,,107264,62720,169984
journal,godzilla,5,1,2,1783610670705983232,0,1783610670706159360,0,1783610670706199296,1783610670706194876,406,price_side,order_id,BTC-USDT,SELL,65000.159999999996,0.001,5551468688638542229,,176128,39936,216064
journal,godzilla,5,1,2,1783610670706286848,0,1783610670706362624,0,1783610670706432512,1783610670706430128,407,price_side,order_id,BTC-USDT,BUY,64999.97,0.001,5551468688638542230,,75776,69888,145664
journal,godzilla,5,1,2,1783610670706585088,0,1783610670706790912,0,1783610670706945536,1783610670706941716,408,price_side,order_id,BTC-USDT,SELL,65000.18,0.001,5551468688638542231,,205824,154624,360448
journal,godzilla,5,1,2,1783610670706883328,0,1783610670707008768,0,1783610670707057408,1783610670707055536,409,price_side,order_id,BTC-USDT,BUY,64999.99,0.001,5551468688638542232,,125440,48640,174080
journal,godzilla,5,1,2,1783610670707183872,0,1783610670707273216,0,1783610670707374848,1783610670707337625,410,price_side,order_id,BTC-USDT,SELL,65000.2,0.001,5551468688638542233,,89344,101632,190976
journal,godzilla,5,1,2,1783610670707495680,0,1783610670707557376,0,1783610670707612928,1783610670707610891,411,price_side,order_id,BTC-USDT,BUY,65000.01,0.001,5551468688638542234,,61696,55552,117248
journal,godzilla,5,1,2,1783610670707782400,0,1783610670707987456,0,1783610670708145152,1783610670708141844,412,price_side,order_id,BTC-USDT,SELL,65000.22,0.001,5551468688638542235,,205056,157696,362752
journal,godzilla,5,1,2,1783610670708081664,0,1783610670708340480,0,1783610670708480768,1783610670708478295,413,price_side,order_id,BTC-USDT,BUY,65000.03,0.001,5551468688638542236,,258816,140288,399104
journal,godzilla,5,1,2,1783610670708382464,0,1783610670708455936,0,1783610670708496640,1783610670708495322,414,price_side,order_id,BTC-USDT,SELL,65000.24,0.001,5551468688638542237,,73472,40704,114176
journal,godzilla,5,1,2,1783610670708683520,0,1783610670708761344,0,1783610670708807168,1783610670708805091,415,price_side,order_id,BTC-USDT,BUY,65000.05,0.001,5551468688638542238,,77824,45824,123648
journal,godzilla,5,1,2,1783610670708983552,0,1783610670709075712,0,1783610670709109504,1783610670709107334,416,price_side,order_id,BTC-USDT,SELL,65000.26,0.001,5551468688638542239,,92160,33792,125952
journal,godzilla,5,1,2,1783610670709283584,0,1783610670709434112,0,1783610670709563136,1783610670709559790,417,price_side,order_id,BTC-USDT,BUY,65000.07,0.001,5551468688638542240,,150528,129024,279552
journal,godzilla,5,1,2,1783610670709583104,0,1783610670709677568,0,1783610670709768704,1783610670709766107,418,price_side,order_id,BTC-USDT,SELL,65000.28,0.001,5551468688638542241,,94464,91136,185600
journal,godzilla,5,1,2,1783610670709883648,0,1783610670709926656,0,1783610670710017536,1783610670710015363,419,price_side,order_id,BTC-USDT,BUY,65000.090000000004,0.001,5551468688638542242,,43008,90880,133888
journal,godzilla,5,1,2,1783610670710204160,0,1783610670710483968,0,1783610670710600192,1783610670710597415,420,price_side,order_id,BTC-USDT,SELL,65000.299999999996,0.001,5551468688638542243,,279808,116224,396032
journal,godzilla,5,1,2,1783610670710481664,0,1783610670710508800,0,1783610670710639360,1783610670710636970,421,price_side,order_id,BTC-USDT,BUY,65000.11,0.001,5551468688638542244,,27136,130560,157696
journal,godzilla,5,1,2,1783610670710783232,0,1783610670710882048,0,1783610670710905088,1783610670710902896,422,price_side,order_id,BTC-USDT,SELL,65000.32,0.001,5551468688638542245,,98816,23040,121856
journal,godzilla,5,1,2,1783610670711083264,0,1783610670711179520,0,1783610670711300608,1783610670711195767,423,price_side,order_id,BTC-USDT,BUY,65000.130000000005,0.001,5551468688638542246,,96256,121088,217344
journal,godzilla,5,1,2,1783610670711385600,0,1783610670711444736,0,1783610670711539712,1783610670711537331,424,price_side,order_id,BTC-USDT,SELL,65000.34,0.001,5551468688638542247,,59136,94976,154112
journal,godzilla,5,1,2,1783610670711683072,0,1783610670711789312,0,1783610670711811840,1783610670711809636,425,price_side,order_id,BTC-USDT,BUY,65000.15,0.001,5551468688638542248,,106240,22528,128768
journal,godzilla,5,1,2,1783610670711983616,0,1783610670712099584,0,1783610670712121344,1783610670712118995,426,price_side,order_id,BTC-USDT,SELL,65000.36,0.001,5551468688638542249,,115968,21760,137728
journal,godzilla,5,1,2,1783610670712283648,0,1783610670712301056,0,1783610670712323328,1783610670712320571,427,price_side,order_id,BTC-USDT,BUY,65000.17,0.001,5551468688638542250,,17408,22272,39680
journal,godzilla,5,1,2,1783610670712582400,0,1783610670712687104,0,1783610670712709888,1783610670712707601,428,price_side,order_id,BTC-USDT,SELL,65000.38,0.001,5551468688638542251,,104704,22784,127488
journal,godzilla,5,1,2,1783610670712883456,0,1783610670712986624,0,1783610670713015808,1783610670713013337,429,price_side,order_id,BTC-USDT,BUY,65000.19,0.001,5551468688638542252,,103168,29184,132352
journal,godzilla,5,1,2,1783610670713192448,0,1783610670713287936,0,1783610670713311744,1783610670713309361,430,price_side,order_id,BTC-USDT,SELL,65000.4,0.001,5551468688638542253,,95488,23808,119296
journal,godzilla,5,1,2,1783610670713483520,0,1783610670713587712,0,1783610670713611008,1783610670713608094,431,price_side,order_id,BTC-USDT,BUY,65000.21,0.001,5551468688638542254,,104192,23296,127488
journal,godzilla,5,1,2,1783610670713783296,0,1783610670713884416,0,1783610670713906176,1783610670713903529,432,price_side,order_id,BTC-USDT,SELL,65000.42,0.001,5551468688638542255,,101120,21760,122880
journal,godzilla,5,1,2,1783610670714083840,0,1783610670714182144,0,1783610670714199296,1783610670714197380,433,price_side,order_id,BTC-USDT,BUY,65000.23,0.001,5551468688638542256,,98304,17152,115456
journal,godzilla,5,1,2,1783610670714382336,0,1783610670714480384,0,1783610670714501632,1783610670714499699,434,price_side,order_id,BTC-USDT,SELL,65000.439999999995,0.001,5551468688638542257,,98048,21248,119296
journal,godzilla,5,1,2,1783610670714683136,0,1783610670714777088,0,1783610670714795520,1783610670714793599,435,price_side,order_id,BTC-USDT,BUY,65000.25,0.001,5551468688638542258,,93952,18432,112384
journal,godzilla,5,1,2,1783610670714982400,0,1783610670715091712,0,1783610670715117312,1783610670715107290,436,price_side,order_id,BTC-USDT,SELL,65000.46,0.001,5551468688638542259,,109312,25600,134912
journal,godzilla,5,1,2,1783610670715283712,0,1783610670715380224,0,1783610670715399168,1783610670715397378,437,price_side,order_id,BTC-USDT,BUY,65000.270000000004,0.001,5551468688638542260,,96512,18944,115456
journal,godzilla,5,1,2,1783610670715582720,0,1783610670715679744,0,1783610670715698688,1783610670715696701,438,price_side,order_id,BTC-USDT,SELL,65000.479999999996,0.001,5551468688638542261,,97024,18944,115968
journal,godzilla,5,1,2,1783610670715889152,0,1783610670716084480,0,1783610670716242432,1783610670716237315,439,price_side,order_id,BTC-USDT,BUY,65000.29,0.001,5551468688638542262,,195328,157952,353280
journal,godzilla,5,1,2,1783610670716186112,0,1783610670716218368,0,1783610670716270848,1783610670716268804,440,price_side,order_id,BTC-USDT,SELL,65000.5,0.001,5551468688638542263,,32256,52480,84736
journal,godzilla,5,1,2,1783610670716483840,0,1783610670716582912,0,1783610670716604416,1783610670716602183,441,price_side,order_id,BTC-USDT,BUY,65000.310000000005,0.001,5551468688638542264,,99072,21504,120576
journal,godzilla,5,1,2,1783610670716783616,0,1783610670716878080,0,1783610670716897280,1783610670716895417,442,price_side,order_id,BTC-USDT,SELL,65000.52,0.001,5551468688638542265,,94464,19200,113664
journal,godzilla,5,1,2,1783610670717083136,0,1783610670717181440,0,1783610670717199872,1783610670717197858,443,price_side,order_id,BTC-USDT,BUY,65000.33,0.001,5551468688638542266,,98304,18432,116736
journal,godzilla,5,1,2,1783610670717381888,0,1783610670717493248,0,1783610670717665792,1783610670717661619,444,price_side,order_id,BTC-USDT,SELL,65000.54,0.001,5551468688638542267,,111360,172544,283904
journal,godzilla,5,1,2,1783610670717684480,0,1783610670717758720,0,1783610670717866752,1783610670717864507,445,price_side,order_id,BTC-USDT,BUY,65000.35,0.001,5551468688638542268,,74240,108032,182272
journal,godzilla,5,1,2,1783610670717983744,0,1783610670718093568,0,1783610670718210048,1783610670718207830,446,price_side,order_id,BTC-USDT,SELL,65000.56,0.001,5551468688638542269,,109824,116480,226304
journal,godzilla,5,1,2,1783610670718283008,0,1783610670718338560,0,1783610670718433792,1783610670718431792,447,price_side,order_id,BTC-USDT,BUY,65000.37,0.001,5551468688638542270,,55552,95232,150784
journal,godzilla,5,1,2,1783610670718582272,0,1783610670718679808,0,1783610670718698240,1783610670718696523,448,price_side,order_id,BTC-USDT,SELL,65000.58,0.001,5551468688638542271,,97536,18432,115968
journal,godzilla,5,1,2,1783610670718896896,0,1783610670718994688,0,1783610670719021824,1783610670719019561,449,price_side,order_id,BTC-USDT,BUY,65000.39,0.001,5551468688638542272,,97792,27136,124928
journal,godzilla,5,1,2,1783610670719183616,0,1783610670719199232,0,1783610670719251456,1783610670719219158,450,price_side,order_id,BTC-USDT,SELL,65000.6,0.001,5551468688638542273,,15616,52224,67840
journal,godzilla,5,1,2,1783610670719482880,0,1783610670719587328,0,1783610670719610368,1783610670719608144,451,price_side,order_id,BTC-USDT,BUY,65000.41,0.001,5551468688638542274,,104448,23040,127488
journal,godzilla,5,1,2,1783610670719783424,0,1783610670719887872,0,1783610670719911936,1783610670719909094,452,price_side,order_id,BTC-USDT,SELL,65000.619999999995,0.001,5551468688638542275,,104448,24064,128512
journal,godzilla,5,1,2,1783610670720089856,0,1783610670720187392,0,1783610670720209664,1783610670720207738,453,price_side,order_id,BTC-USDT,BUY,65000.43,0.001,5551468688638542276,,97536,22272,119808
journal,godzilla,5,1,2,1783610670720383232,0,1783610670720485888,0,1783610670720505856,1783610670720503854,454,price_side,order_id,BTC-USDT,SELL,65000.64,0.001,5551468688638542277,,102656,19968,122624
journal,godzilla,5,1,2,1783610670720683520,0,1783610670720786176,0,1783610670720806400,1783610670720804376,455,price_side,order_id,BTC-USDT,BUY,65000.450000000004,0.001,5551468688638542278,,102656,20224,122880
journal,godzilla,5,1,2,1783610670720983808,0,1783610670721099776,0,1783610670721117952,1783610670721116001,456,price_side,order_id,BTC-USDT,SELL,65000.659999999996,0.001,5551468688638542279,,115968,18176,134144
journal,godzilla,5,1,2,1783610670721282816,0,1783610670721376000,0,1783610670721398272,1783610670721396012,457,price_side,order_id,BTC-USDT,BUY,65000.47,0.001,5551468688638542280,,93184,22272,115456
journal,godzilla,5,1,2,1783610670721582080,0,1783610670721678592,0,1783610670721696768,1783610670721694939,458,price_side,order_id,BTC-USDT,SELL,65000.68,0.001,5551468688638542281,,96512,18176,114688
journal,godzilla,5,1,2,1783610670721891584,0,1783610670721994496,0,1783610670722012928,1783610670722010749,459,price_side,order_id,BTC-USDT,BUY,65000.49,0.001,5551468688638542282,,102912,18432,121344
journal,godzilla,5,1,2,1783610670722182400,0,1783610670722278400,0,1783610670722300416,1783610670722298413,460,price_side,order_id,BTC-USDT,SELL,65000.7,0.001,5551468688638542283,,96000,22016,118016
journal,godzilla,5,1,2,1783610670722482176,0,1783610670722577408,0,1783610670722599680,1783610670722597631,461,price_side,order_id,BTC-USDT,BUY,65000.51,0.001,5551468688638542284,,95232,22272,117504
journal,godzilla,5,1,2,1783610670722781952,0,1783610670722877440,0,1783610670722896128,1783610670722894429,462,price_side,order_id,BTC-USDT,SELL,65000.72,0.001,5551468688638542285,,95488,18688,114176
journal,godzilla,5,1,2,1783610670723083520,0,1783610670723178240,0,1783610670723202304,1783610670723193345,463,price_side,order_id,BTC-USDT,BUY,65000.53,0.001,5551468688638542286,,94720,24064,118784
journal,godzilla,5,1,2,1783610670723383040,0,1783610670723478016,0,1783610670723500544,1783610670723498427,464,price_side,order_id,BTC-USDT,SELL,65000.74,0.001,5551468688638542287,,94976,22528,117504
journal,godzilla,5,1,2,1783610670723681792,0,1783610670723778048,0,1783610670723800832,1783610670723798952,465,price_side,order_id,BTC-USDT,BUY,65000.55,0.001,5551468688638542288,,96256,22784,119040
journal,godzilla,5,1,2,1783610670723982080,0,1783610670724087808,0,1783610670724109056,1783610670724106976,466,price_side,order_id,BTC-USDT,SELL,65000.76,0.001,5551468688638542289,,105728,21248,126976
journal,godzilla,5,1,2,1783610670724282880,0,1783610670724377600,0,1783610670724395776,1783610670724393953,467,price_side,order_id,BTC-USDT,BUY,65000.57,0.001,5551468688638542290,,94720,18176,112896
journal,godzilla,5,1,2,1783610670724589312,0,1783610670724691712,0,1783610670724705024,1783610670724703018,468,price_side,order_id,BTC-USDT,SELL,65000.78,0.001,5551468688638542291,,102400,13312,115712
journal,godzilla,5,1,2,1783610670724881920,0,1783610670724978432,0,1783610670725006336,1783610670725004212,469,price_side,order_id,BTC-USDT,BUY,65000.590000000004,0.001,5551468688638542292,,96512,27904,124416
journal,godzilla,5,1,2,1783610670725183232,0,1783610670725276416,0,1783610670725295616,1783610670725293706,470,price_side,order_id,BTC-USDT,SELL,65000.799999999996,0.001,5551468688638542293,,93184,19200,112384
journal,godzilla,5,1,2,1783610670725481984,0,1783610670725583616,0,1783610670725598464,1783610670725596191,471,price_side,order_id,BTC-USDT,BUY,65000.61,0.001,5551468688638542294,,101632,14848,116480
journal,godzilla,5,1,2,1783610670725782016,0,1783610670725879296,0,1783610670725900544,1783610670725898509,472,price_side,order_id,BTC-USDT,SELL,65000.82,0.001,5551468688638542295,,97280,21248,118528
journal,godzilla,5,1,2,1783610670726083072,0,1783610670726180352,0,1783610670726199296,1783610670726197342,473,price_side,order_id,BTC-USDT,BUY,65000.630000000005,0.001,5551468688638542296,,97280,18944,116224
journal,godzilla,5,1,2,1783610670726382080,0,1783610670726478336,0,1783610670726496000,1783610670726494289,474,price_side,order_id,BTC-USDT,SELL,65000.84,0.001,5551468688638542297,,96256,17664,113920
journal,godzilla,5,1,2,1783610670726682112,0,1783610670726779136,0,1783610670726800128,1783610670726798098,475,price_side,order_id,BTC-USDT,BUY,65000.65,0.001,5551468688638542298,,97024,20992,118016
journal,godzilla,5,1,2,1783610670726982400,0,1783610670727093248,0,1783610670727185920,1783610670727146931,476,price_side,order_id,BTC-USDT,SELL,65000.86,0.001,5551468688638542299,,110848,92672,203520
journal,godzilla,5,1,2,1783610670727284480,0,1783610670727373568,0,1783610670727392000,1783610670727389979,477,price_side,order_id,BTC-USDT,BUY,65000.67,0.001,5551468688638542300,,89088,18432,107520
journal,godzilla,5,1,2,1783610670727590912,0,1783610670727688192,0,1783610670727708672,1783610670727706481,478,price_side,order_id,BTC-USDT,SELL,65000.88,0.001,5551468688638542301,,97280,20480,117760
journal,godzilla,5,1,2,1783610670727883264,0,1783610670727981056,0,1783610670728006144,1783610670728004051,479,price_side,order_id,BTC-USDT,BUY,65000.69,0.001,5551468688638542302,,97792,25088,122880
journal,godzilla,5,1,2,1783610670728182272,0,1783610670728285184,0,1783610670728301568,1783610670728299460,480,price_side,order_id,BTC-USDT,SELL,65000.9,0.001,5551468688638542303,,102912,16384,119296
journal,godzilla,5,1,2,1783610670728482048,0,1783610670728580352,0,1783610670728601088,1783610670728599119,481,price_side,order_id,BTC-USDT,BUY,65000.71,0.001,5551468688638542304,,98304,20736,119040
journal,godzilla,5,1,2,1783610670728782080,0,1783610670728878592,0,1783610670728901120,1783610670728899063,482,price_side,order_id,BTC-USDT,SELL,65000.92,0.001,5551468688638542305,,96512,22528,119040
journal,godzilla,5,1,2,1783610670729082880,0,1783610670729176064,0,1783610670729195264,1783610670729193230,483,price_side,order_id,BTC-USDT,BUY,65000.73,0.001,5551468688638542306,,93184,19200,112384
journal,godzilla,5,1,2,1783610670729382144,0,1783610670729469696,0,1783610670729491712,1783610670729489649,484,price_side,order_id,BTC-USDT,SELL,65000.939999999995,0.001,5551468688638542307,,87552,22016,109568
journal,godzilla,5,1,2,1783610670729682176,0,1783610670729779712,0,1783610670729798144,1783610670729796161,485,price_side,order_id,BTC-USDT,BUY,65000.75,0.001,5551468688638542308,,97536,18432,115968
journal,godzilla,5,1,2,1783610670729981952,0,1783610670730089984,0,1783610670730107904,1783610670730105960,486,price_side,order_id,BTC-USDT,SELL,65000.96,0.001,5551468688638542309,,108032,17920,125952
journal,godzilla,5,1,2,1783610670730290688,0,1783610670730383872,0,1783610670730402048,1783610670730400059,487,price_side,order_id,BTC-USDT,BUY,65000.770000000004,0.001,5551468688638542310,,93184,18176,111360
journal,godzilla,5,1,2,1783610670730582272,0,1783610670730678528,0,1783610670730696448,1783610670730694532,488,price_side,order_id,BTC-USDT,SELL,65000.979999999996,0.001,5551468688638542311,,96256,17920,114176
journal,godzilla,5,1,2,1783610670730882048,0,1783610670730978048,0,1783610670731013120,1783610670731002059,489,price_side,order_id,BTC-USDT,BUY,65000.79,0.001,5551468688638542312,,96000,35072,131072
journal,godzilla,5,1,2,1783610670731183360,0,1783610670731278592,0,1783610670731296000,1783610670731294259,490,price_side,order_id,BTC-USDT,SELL,65001.0,0.001,5551468688638542313,,95232,17408,112640
journal,godzilla,5,1,2,1783610670731482112,0,1783610670731579136,0,1783610670731600384,1783610670731598355,491,price_side,order_id,BTC-USDT,BUY,65000.810000000005,0.001,5551468688638542314,,97024,21248,118272
journal,godzilla,5,1,2,1783610670731781888,0,1783610670732350208,0,1783610670732472576,1783610670732470594,492,price_side,order_id,BTC-USDT,SELL,65001.02,0.001,5551468688638542315,,568320,122368,690688
journal,godzilla,5,1,2,1783610670732081408,0,1783610670732370944,0,1783610670732491264,1783610670732489829,493,price_side,order_id,BTC-USDT,BUY,65000.83,0.001,5551468688638542316,,289536,120320,409856
journal,godzilla,5,1,2,1783610670732381184,0,1783610670732450816,0,1783610670732504320,1783610670732503119,494,price_side,order_id,BTC-USDT,SELL,65001.04,0.001,5551468688638542317,,69632,53504,123136
journal,godzilla,5,1,2,1783610670732683520,0,1783610670732752640,0,1783610670732791040,1783610670732788299,495,price_side,order_id,BTC-USDT,BUY,65000.85,0.001,5551468688638542318,,69120,38400,107520
journal,godzilla,5,1,2,1783610670732983040,0,1783610670733008896,0,1783610670733032448,1783610670733029805,496,price_side,order_id,BTC-USDT,SELL,65001.06,0.001,5551468688638542319,,25856,23552,49408
journal,godzilla,5,1,2,1783610670733289216,0,1783610670733391104,0,1783610670733412864,1783610670733410398,497,price_side,order_id,BTC-USDT,BUY,65000.87,0.001,5551468688638542320,,101888,21760,123648
journal,godzilla,5,1,2,1783610670733583360,0,1783610670733680384,0,1783610670733699328,1783610670733697571,498,price_side,order_id,BTC-USDT,SELL,65001.08,0.001,5551468688638542321,,97024,18944,115968
journal,godzilla,5,1,2,1783610670733882112,0,1783610670733980160,0,1783610670734006016,1783610670734003874,499,price_side,order_id,BTC-USDT,BUY,65000.89,0.001,5551468688638542322,,98048,25856,123904
journal,godzilla,5,1,2,1783610670734182144,0,1783610670734356224,0,1783610670734478336,1783610670734475102,500,price_side,order_id,BTC-USDT,SELL,65000.1,0.001,5551468688638542323,,174080,122112,296192
journal,godzilla,5,1,2,1783610670734482432,0,1783610670734640384,0,1783610670734673408,1783610670734670888,501,price_side,order_id,BTC-USDT,BUY,64999.91,0.001,5551468688638542324,,157952,33024,190976
journal,godzilla,5,1,2,1783610670734783488,0,1783610670734812928,0,1783610670734855424,1783610670734840787,502,price_side,order_id,BTC-USDT,SELL,65000.119999999995,0.001,5551468688638542325,,29440,42496,71936
journal,godzilla,5,1,2,1783610670735083776,0,1783610670735183872,0,1783610670735203584,1783610670735201454,503,price_side,order_id,BTC-USDT,BUY,64999.93,0.001,5551468688638542326,,100096,19712,119808
journal,godzilla,5,1,2,1783610670735383040,0,1783610670735476224,0,1783610670735497472,1783610670735495534,504,price_side,order_id,BTC-USDT,SELL,65000.14,0.001,5551468688638542327,,93184,21248,114432
journal,godzilla,5,1,2,1783610670735683072,0,1783610670735779840,0,1783610670735801344,1783610670735799248,505,price_side,order_id,BTC-USDT,BUY,64999.950000000004,0.001,5551468688638542328,,96768,21504,118272
journal,godzilla,5,1,2,1783610670735990528,0,1783610670736095488,0,1783610670736114944,1783610670736113002,506,price_side,order_id,BTC-USDT,SELL,65000.159999999996,0.001,5551468688638542329,,104960,19456,124416
journal,godzilla,5,1,2,1783610670736283136,0,1783610670736378624,0,1783610670736400640,1783610670736398591,507,price_side,order_id,BTC-USDT,BUY,64999.97,0.001,5551468688638542330,,95488,22016,117504
journal,godzilla,5,1,2,1783610670736582912,0,1783610670736678144,0,1783610670736696576,1783610670736694692,508,price_side,order_id,BTC-USDT,SELL,65000.18,0.001,5551468688638542331,,95232,18432,113664
journal,godzilla,5,1,2,1783610670736881920,0,1783610670736980224,0,1783610670737006592,1783610670737004001,509,price_side,order_id,BTC-USDT,BUY,64999.99,0.001,5551468688638542332,,98304,26368,124672
journal,godzilla,5,1,2,1783610670737183232,0,1783610670737281280,0,1783610670737299712,1783610670737297707,510,price_side,order_id,BTC-USDT,SELL,65000.2,0.001,5551468688638542333,,98048,18432,116480
journal,godzilla,5,1,2,1783610670737482240,0,1783610670737578752,0,1783610670737597184,1783610670737595267,511,price_side,order_id,BTC-USDT,BUY,65000.01,0.001,5551468688638542334,,96512,18432,114944
journal,godzilla,5,1,2,1783610670737782016,0,1783610670737881344,0,1783610670737902848,1783610670737900978,512,price_side,order_id,BTC-USDT,SELL,65000.22,0.001,5551468688638542335,,99328,21504,120832
journal,godzilla,5,1,2,1783610670738083072,0,1783610670738180608,0,1783610670738231296,1783610670738228842,513,price_side,order_id,BTC-USDT,BUY,65000.03,0.001,5551468688638542336,,97536,50688,148224
journal,godzilla,5,1,2,1783610670738384128,0,1783610670738498048,0,1783610670738617600,1783610670738615652,514,price_side,order_id,BTC-USDT,SELL,65000.24,0.001,5551468688638542337,,113920,119552,233472
journal,godzilla,5,1,2,1783610670738682880,0,1783610670739031808,0,1783610670739126784,1783610670739124333,515,price_side,order_id,BTC-USDT,BUY,65000.05,0.001,5551468688638542338,,348928,94976,443904
journal,godzilla,5,1,2,1783610670738989568,0,1783610670739105536,0,1783610670739174144,1783610670739148081,516,price_side,order_id,BTC-USDT,SELL,65000.26,0.001,5551468688638542339,,115968,68608,184576
journal,godzilla,5,1,2,1783610670739283712,0,1783610670739339264,0,1783610670739365120,1783610670739362874,517,price_side,order_id,BTC-USDT,BUY,65000.07,0.001,5551468688638542340,,55552,25856,81408
journal,godzilla,5,1,2,1783610670739583744,0,1783610670739921664,0,1783610670740037120,1783610670740032884,518,price_side,order_id,BTC-USDT,SELL,65000.28,0.001,5551468688638542341,,337920,115456,453376
journal,godzilla,5,1,2,1783610670739884032,0,1783610670740068096,0,1783610670740139776,1783610670740136558,519,price_side,order_id,BTC-USDT,BUY,65000.090000000004,0.001,5551468688638542342,,184064,71680,255744
journal,godzilla,5,1,2,1783610670740184576,0,1783610670740433664,0,1783610670740580608,1783610670740578124,520,price_side,order_id,BTC-USDT,SELL,65000.299999999996,0.001,5551468688638542343,,249088,146944,396032
journal,godzilla,5,1,2,1783610670740482304,0,1783610670740531968,0,1783610670740600320,1783610670740598939,521,price_side,order_id,BTC-USDT,BUY,65000.11,0.001,5551468688638542344,,49664,68352,118016
journal,godzilla,5,1,2,1783610670740783360,0,1783610670740861184,0,1783610670740946432,1783610670740944094,522,price_side,order_id,BTC-USDT,SELL,65000.32,0.001,5551468688638542345,,77824,85248,163072
journal,godzilla,5,1,2,1783610670741083648,0,1783610670741190912,0,1783610670741205504,1783610670741203587,523,price_side,order_id,BTC-USDT,BUY,65000.130000000005,0.001,5551468688638542346,,107264,14592,121856
journal,godzilla,5,1,2,1783610670741382400,0,1783610670741487104,0,1783610670741502720,1783610670741500681,524,price_side,order_id,BTC-USDT,SELL,65000.34,0.001,5551468688638542347,,104704,15616,120320
journal,godzilla,5,1,2,1783610670741697024,0,1783610670741801472,0,1783610670741820160,1783610670741816984,525,price_side,order_id,BTC-USDT,BUY,65000.15,0.001,5551468688638542348,,104448,18688,123136
journal,godzilla,5,1,2,1783610670741983744,0,1783610670742101248,0,1783610670742115328,1783610670742113174,526,price_side,order_id,BTC-USDT,SELL,65000.36,0.001,5551468688638542349,,117504,14080,131584
journal,godzilla,5,1,2,1783610670742282496,0,1783610670742387712,0,1783610670742402560,1783610670742400506,527,price_side,order_id,BTC-USDT,BUY,65000.17,0.001,5551468688638542350,,105216,14848,120064
journal,godzilla,5,1,2,1783610670742582528,0,1783610670742690048,0,1783610670742806272,1783610670742803941,528,price_side,order_id,BTC-USDT,SELL,65000.38,0.001,5551468688638542351,,107520,116224,223744
journal,godzilla,5,1,2,1783610670742882816,0,1783610670742925312,0,1783610670743069952,1783610670743035570,529,price_side,order_id,BTC-USDT,BUY,65000.19,0.001,5551468688638542352,,42496,144640,187136
journal,godzilla,5,1,2,1783610670743184128,0,1783610670743284736,0,1783610670743301120,1783610670743299136,530,price_side,order_id,BTC-USDT,SELL,65000.4,0.001,5551468688638542353,,100608,16384,116992
journal,godzilla,5,1,2,1783610670743482368,0,1783610670743577600,0,1783610670743596544,1783610670743594802,531,price_side,order_id,BTC-USDT,BUY,65000.21,0.001,5551468688638542354,,95232,18944,114176
journal,godzilla,5,1,2,1783610670743781888,0,1783610670743875840,0,1783610670743896576,1783610670743894741,532,price_side,order_id,BTC-USDT,SELL,65000.42,0.001,5551468688638542355,,93952,20736,114688
journal,godzilla,5,1,2,1783610670744083456,0,1783610670744183040,0,1783610670744200960,1783610670744199208,533,price_side,order_id,BTC-USDT,BUY,65000.23,0.001,5551468688638542356,,99584,17920,117504
journal,godzilla,5,1,2,1783610670744381952,0,1783610670744474368,0,1783610670744496384,1783610670744494239,534,price_side,order_id,BTC-USDT,SELL,65000.439999999995,0.001,5551468688638542357,,92416,22016,114432
journal,godzilla,5,1,2,1783610670744690688,0,1783610670744783616,0,1783610670744804352,1783610670744802219,535,price_side,order_id,BTC-USDT,BUY,65000.25,0.001,5551468688638542358,,92928,20736,113664
journal,godzilla,5,1,2,1783610670744983296,0,1783610670745092352,0,1783610670745112320,1783610670745110147,536,price_side,order_id,BTC-USDT,SELL,65000.46,0.001,5551468688638542359,,109056,19968,129024
journal,godzilla,5,1,2,1783610670745283072,0,1783610670745378048,0,1783610670745396480,1783610670745394823,537,price_side,order_id,BTC-USDT,BUY,65000.270000000004,0.001,5551468688638542360,,94976,18432,113408
journal,godzilla,5,1,2,1783610670745582080,0,1783610670745674752,0,1783610670745692928,1783610670745691178,538,price_side,order_id,BTC-USDT,SELL,65000.479999999996,0.001,5551468688638542361,,92672,18176,110848
journal,godzilla,5,1,2,1783610670745881856,0,1783610670745978624,0,1783610670746006528,1783610670746004109,539,price_side,order_id,BTC-USDT,BUY,65000.29,0.001,5551468688638542362,,96768,27904,124672
journal,godzilla,5,1,2,1783610670746183680,0,1783610670746290944,0,1783610670746409216,1783610670746407332,540,price_side,order_id,BTC-USDT,SELL,65000.5,0.001,5551468688638542363,,107264,118272,225536
journal,godzilla,5,1,2,1783610670746483200,0,1783610670746519552,0,1783610670746626816,1783610670746624755,541,price_side,order_id,BTC-USDT,BUY,65000.310000000005,0.001,5551468688638542364,,36352,107264,143616
journal,godzilla,5,1,2,1783610670746781952,0,1783610670746927360,0,1783610670747064320,1783610670747051475,542,price_side,order_id,BTC-USDT,SELL,65000.52,0.001,5551468688638542365,,145408,136960,282368
journal,godzilla,5,1,2,1783610670747083776,0,1783610670747165952,0,1783610670747266304,1783610670747264445,543,price_side,order_id,BTC-USDT,BUY,65000.33,0.001,5551468688638542366,,82176,100352,182528
journal,godzilla,5,1,2,1783610670747392256,0,1783610670747498752,0,1783610670747510016,1783610670747507940,544,price_side,order_id,BTC-USDT,SELL,65000.54,0.001,5551468688638542367,,106496,11264,117760
journal,godzilla,5,1,2,1783610670747682304,0,1783610670747786240,0,1783610670747802880,1783610670747799984,545,price_side,order_id,BTC-USDT,BUY,65000.35,0.001,5551468688638542368,,103936,16640,120576
journal,godzilla,5,1,2,1783610670747982592,0,1783610670748094208,0,1783610670748110336,1783610670748108355,546,price_side,order_id,BTC-USDT,SELL,65000.56,0.001,5551468688638542369,,111616,16128,127744
journal,godzilla,5,1,2,1783610670748283136,0,1783610670748385792,0,1783610670748398848,1783610670748396910,547,price_side,order_id,BTC-USDT,BUY,65000.37,0.001,5551468688638542370,,102656,13056,115712
journal,godzilla,5,1,2,1783610670748582144,0,1783610670748680704,0,1783610670748697088,1783610670748694969,548,price_side,order_id,BTC-USDT,SELL,65000.58,0.001,5551468688638542371,,98560,16384,114944
journal,godzilla,5,1,2,1783610670748881664,0,1783610670748979712,0,1783610670749001728,1783610670748993750,549,price_side,order_id,BTC-USDT,BUY,65000.39,0.001,5551468688638542372,,98048,22016,120064
journal,godzilla,5,1,2,1783610670749182464,0,1783610670749287936,0,1783610670749303808,1783610670749301799,550,price_side,order_id,BTC-USDT,SELL,65000.6,0.001,5551468688638542373,,105472,15872,121344
journal,godzilla,5,1,2,1783610670749482752,0,1783610670749627648,0,1783610670749894144,1783610670749890555,551,price_side,order_id,BTC-USDT,BUY,65000.41,0.001,5551468688638542374,,144896,266496,411392
journal,godzilla,5,1,2,1783610670749783040,0,1783610670749898240,0,1783610670749914112,1783610670749912560,552,price_side,order_id,BTC-USDT,SELL,65000.619999999995,0.001,5551468688638542375,,115200,15872,131072
journal,godzilla,5,1,2,1783610670750083584,0,1783610670750156288,0,1783610670750188288,1783610670750185593,553,price_side,order_id,BTC-USDT,BUY,65000.43,0.001,5551468688638542376,,72704,32000,104704
journal,godzilla,5,1,2,1783610670750392576,0,1783610670750490368,0,1783610670750505984,1783610670750503746,554,price_side,order_id,BTC-USDT,SELL,65000.64,0.001,5551468688638542377,,97792,15616,113408
journal,godzilla,5,1,2,1783610670750682112,0,1783610670750778624,0,1783610670750798848,1783610670750788598,555,price_side,order_id,BTC-USDT,BUY,65000.450000000004,0.001,5551468688638542378,,96512,20224,116736
journal,godzilla,5,1,2,1783610670750981888,0,1783610670751090688,0,1783610670751106048,1783610670751103967,556,price_side,order_id,BTC-USDT,SELL,65000.659999999996,0.001,5551468688638542379,,108800,15360,124160
journal,godzilla,5,1,2,1783610670751281920,0,1783610670751379200,0,1783610670751393280,1783610670751391400,557,price_side,order_id,BTC-USDT,BUY,65000.47,0.001,5551468688638542380,,97280,14080,111360
journal,godzilla,5,1,2,1783610670751581952,0,1783610670751684608,0,1783610670751700992,1783610670751698824,558,price_side,order_id,BTC-USDT,SELL,65000.68,0.001,5551468688638542381,,102656,16384,119040
journal,godzilla,5,1,2,1783610670751881984,0,1783610670751982848,0,1783610670752003584,1783610670752000574,559,price_side,order_id,BTC-USDT,BUY,65000.49,0.001,5551468688638542382,,100864,20736,121600
journal,godzilla,5,1,2,1783610670752182272,0,1783610670752275712,0,1783610670752293888,1783610670752291002,560,price_side,order_id,BTC-USDT,SELL,65000.7,0.001,5551468688638542383,,93440,18176,111616
journal,godzilla,5,1,2,1783610670752482560,0,1783610670752585728,0,1783610670752602112,1783610670752600004,561,price_side,order_id,BTC-USDT,BUY,65000.51,0.001,5551468688638542384,,103168,16384,119552
journal,godzilla,5,1,2,1783610670752782080,0,1783610670752883968,0,1783610670752900864,1783610670752898684,562,price_side,order_id,BTC-USDT,SELL,65000.72,0.001,5551468688638542385,,101888,16896,118784
journal,godzilla,5,1,2,1783610670753082112,0,1783610670753181952,0,1783610670753197312,1783610670753195184,563,price_side,order_id,BTC-USDT,BUY,65000.53,0.001,5551468688638542386,,99840,15360,115200
journal,godzilla,5,1,2,1783610670753390592,0,1783610670753495040,0,1783610670753510400,1783610670753508068,564,price_side,order_id,BTC-USDT,SELL,65000.74,0.001,5551468688638542387,,104448,15360,119808
journal,godzilla,5,1,2,1783610670753682176,0,1783610670753863168,0,1783610670753987328,1783610670753977745,565,price_side,order_id,BTC-USDT,BUY,65000.55,0.001,5551468688638542388,,180992,124160,305152
journal,godzilla,5,1,2,1783610670753982464,0,1783610670754083072,0,1783610670754113280,1783610670754110771,566,price_side,order_id,BTC-USDT,SELL,65000.76,0.001,5551468688638542389,,100608,30208,130816
journal,godzilla,5,1,2,1783610670754283264,0,1783610670754392832,0,1783610670754409472,1783610670754407181,567,price_side,order_id,BTC-USDT,BUY,65000.57,0.001,5551468688638542390,,109568,16640,126208
journal,godzilla,5,1,2,1783610670754582272,0,1783610670754684928,0,1783610670754708480,1783610670754699004,568,price_side,order_id,BTC-USDT,SELL,65000.78,0.001,5551468688638542391,,102656,23552,126208
journal,godzilla,5,1,2,1783610670754883328,0,1783610670754985984,0,1783610670755005696,1783610670755002886,569,price_side,order_id,BTC-USDT,BUY,65000.590000000004,0.001,5551468688638542392,,102656,19712,122368
journal,godzilla,5,1,2,1783610670755182336,0,1783610670755284224,0,1783610670755300096,1783610670755297946,570,price_side,order_id,BTC-USDT,SELL,65000.799999999996,0.001,5551468688638542393,,101888,15872,117760
journal,godzilla,5,1,2,1783610670755482112,0,1783610670755584768,0,1783610670755601152,1783610670755599015,571,price_side,order_id,BTC-USDT,BUY,65000.61,0.001,5551468688638542394,,102656,16384,119040
journal,godzilla,5,1,2,1783610670755783168,0,1783610670755885568,0,1783610670755898368,1783610670755896615,572,price_side,order_id,BTC-USDT,SELL,65000.82,0.001,5551468688638542395,,102400,12800,115200
journal,godzilla,5,1,2,1783610670756089344,0,1783610670756193024,0,1783610670756208384,1783610670756206098,573,price_side,order_id,BTC-USDT,BUY,65000.630000000005,0.001,5551468688638542396,,103680,15360,119040
journal,godzilla,5,1,2,1783610670756383232,0,1783610670756481536,0,1783610670756494592,1783610670756492682,574,price_side,order_id,BTC-USDT,SELL,65000.84,0.001,5551468688638542397,,98304,13056,111360
journal,godzilla,5,1,2,1783610670756682240,0,1783610670756787968,0,1783610670756804352,1783610670756802324,575,price_side,order_id,BTC-USDT,BUY,65000.65,0.001,5551468688638542398,,105728,16384,122112
journal,godzilla,5,1,2,1783610670756983040,0,1783610670757011456,0,1783610670757089024,1783610670757086925,576,price_side,order_id,BTC-USDT,SELL,65000.86,0.001,5551468688638542399,,28416,77568,105984
journal,godzilla,5,1,2,1783610670757282304,0,1783610670757385984,0,1783610670757400832,1783610670757398911,577,price_side,order_id,BTC-USDT,BUY,65000.67,0.001,5551468688638542400,,103680,14848,118528
journal,godzilla,5,1,2,1783610670757582336,0,1783610670757648128,0,1783610670757702912,1783610670757701027,578,price_side,order_id,BTC-USDT,SELL,65000.88,0.001,5551468688638542401,,65792,54784,120576
journal,godzilla,5,1,2,1783610670757882368,0,1783610670757986816,0,1783610670758006272,1783610670758004157,579,price_side,order_id,BTC-USDT,BUY,65000.69,0.001,5551468688638542402,,104448,19456,123904
journal,godzilla,5,1,2,1783610670758182400,0,1783610670758281472,0,1783610670758297600,1783610670758295443,580,price_side,order_id,BTC-USDT,SELL,65000.9,0.001,5551468688638542403,,99072,16128,115200
journal,godzilla,5,1,2,1783610670758482176,0,1783610670758576640,0,1783610670758592000,1783610670758589945,581,price_side,order_id,BTC-USDT,BUY,65000.71,0.001,5551468688638542404,,94464,15360,109824
journal,godzilla,5,1,2,1783610670758781696,0,1783610670758878720,0,1783610670758898432,1783610670758889524,582,price_side,order_id,BTC-USDT,SELL,65000.92,0.001,5551468688638542405,,97024,19712,116736
journal,godzilla,5,1,2,1783610670759091200,0,1783610670759183360,0,1783610670759196160,1783610670759194237,583,price_side,order_id,BTC-USDT,BUY,65000.73,0.001,5551468688638542406,,92160,12800,104960
journal,godzilla,5,1,2,1783610670759382016,0,1783610670759479552,0,1783610670759494144,1783610670759492309,584,price_side,order_id,BTC-USDT,SELL,65000.939999999995,0.001,5551468688638542407,,97536,14592,112128
journal,godzilla,5,1,2,1783610670759681792,0,1783610670759780608,0,1783610670759794432,1783610670759792602,585,price_side,order_id,BTC-USDT,BUY,65000.75,0.001,5551468688638542408,,98816,13824,112640
journal,godzilla,5,1,2,1783610670759981824,0,1783610670760086528,0,1783610670760101888,1783610670760099739,586,price_side,order_id,BTC-USDT,SELL,65000.96,0.001,5551468688638542409,,104704,15360,120064
journal,godzilla,5,1,2,1783610670760282368,0,1783610670760381184,0,1783610670760421120,1783610670760418695,587,price_side,order_id,BTC-USDT,BUY,65000.770000000004,0.001,5551468688638542410,,98816,39936,138752
journal,godzilla,5,1,2,1783610670760582400,0,1783610670760677632,0,1783610670760691456,1783610670760689361,588,price_side,order_id,BTC-USDT,SELL,65000.979999999996,0.001,5551468688638542411,,95232,13824,109056
journal,godzilla,5,1,2,1783610670760881920,0,1783610670760993280,0,1783610670761120512,1783610670761118268,589,price_side,order_id,BTC-USDT,BUY,65000.79,0.001,5551468688638542412,,111360,127232,238592
journal,godzilla,5,1,2,1783610670761182208,0,1783610670761232896,0,1783610670761312512,1783610670761310801,590,price_side,order_id,BTC-USDT,SELL,65001.0,0.001,5551468688638542413,,50688,79616,130304
journal,godzilla,5,1,2,1783610670761481728,0,1783610670761575680,0,1783610670761590272,1783610670761588394,591,price_side,order_id,BTC-USDT,BUY,65000.810000000005,0.001,5551468688638542414,,93952,14592,108544
journal,godzilla,5,1,2,1783610670761792768,0,1783610670761945088,0,1783610670762085376,1783610670762082724,592,price_side,order_id,BTC-USDT,SELL,65001.02,0.001,5551468688638542415,,152320,140288,292608
journal,godzilla,5,1,2,1783610670762082304,0,1783610670762164224,0,1783610670762192640,1783610670762190241,593,price_side,order_id,BTC-USDT,BUY,65000.83,0.001,5551468688638542416,,81920,28416,110336
journal,godzilla,5,1,2,1783610670762382592,0,1783610670762472448,0,1783610670762489344,1783610670762487573,594,price_side,order_id,BTC-USDT,SELL,65001.04,0.001,5551468688638542417,,89856,16896,106752
journal,godzilla,5,1,2,1783610670762681600,0,1783610670762771712,0,1783610670762800896,1783610670762790784,595,price_side,order_id,BTC-USDT,BUY,65000.85,0.001,5551468688638542418,,90112,29184,119296
journal,godzilla,5,1,2,1783610670762982144,0,1783610670763082240,0,1783610670763102720,1783610670763100679,596,price_side,order_id,BTC-USDT,SELL,65001.06,0.001,5551468688638542419,,100096,20480,120576
journal,godzilla,5,1,2,1783610670763281920,0,1783610670763366912,0,1783610670763388672,1783610670763386872,597,price_side,order_id,BTC-USDT,BUY,65000.87,0.001,5551468688638542420,,84992,21760,106752
journal,godzilla,5,1,2,1783610670763581696,0,1783610670763666688,0,1783610670763687936,1783610670763686059,598,price_side,order_id,BTC-USDT,SELL,65001.08,0.001,5551468688638542421,,84992,21248,106240
journal,godzilla,5,1,2,1783610670763881728,0,1783610670763973376,0,1783610670763993856,1783610670763991898,599,price_side,order_id,BTC-USDT,BUY,65000.89,0.001,5551468688638542422,,91648,20480,112128
journal,godzilla,5,1,2,1783610670764182016,0,1783610670764270336,0,1783610670764290304,1783610670764288443,600,price_side,order_id,BTC-USDT,SELL,65000.1,0.001,5551468688638542423,,88320,19968,108288
journal,godzilla,5,1,2,1783610670764481792,0,1783610670764570624,0,1783610670764590848,1783610670764589020,601,price_side,order_id,BTC-USDT,BUY,64999.91,0.001,5551468688638542424,,88832,20224,109056
journal,godzilla,5,1,2,1783610670764788736,0,1783610670764878592,0,1783610670764899584,1783610670764897656,602,price_side,order_id,BTC-USDT,SELL,65000.119999999995,0.001,5551468688638542425,,89856,20992,110848
journal,godzilla,5,1,2,1783610670765083648,0,1783610670765176320,0,1783610670765194752,1783610670765192869,603,price_side,order_id,BTC-USDT,BUY,64999.93,0.001,5551468688638542426,,92672,18432,111104
journal,godzilla,5,1,2,1783610670765381632,0,1783610670765472768,0,1783610670765493248,1783610670765491508,604,price_side,order_id,BTC-USDT,SELL,65000.14,0.001,5551468688638542427,,91136,20480,111616
journal,godzilla,5,1,2,1783610670765681664,0,1783610670765772288,0,1783610670765792512,1783610670765790676,605,price_side,order_id,BTC-USDT,BUY,64999.950000000004,0.001,5551468688638542428,,90624,20224,110848
journal,godzilla,5,1,2,1783610670765981696,0,1783610670766085120,0,1783610670766105344,1783610670766103408,606,price_side,order_id,BTC-USDT,SELL,65000.159999999996,0.001,5551468688638542429,,103424,20224,123648
journal,godzilla,5,1,2,1783610670766281728,0,1783610670766373120,0,1783610670766394112,1783610670766392247,607,price_side,order_id,BTC-USDT,BUY,64999.97,0.001,5551468688638542430,,91392,20992,112384
journal,godzilla,5,1,2,1783610670766581760,0,1783610670766670848,0,1783610670766699008,1783610670766690321,608,price_side,order_id,BTC-USDT,SELL,65000.18,0.001,5551468688638542431,,89088,28160,117248
journal,godzilla,5,1,2,1783610670766882304,0,1783610670766972416,0,1783610670766992640,1783610670766990718,609,price_side,order_id,BTC-USDT,BUY,64999.99,0.001,5551468688638542432,,90112,20224,110336
journal,godzilla,5,1,2,1783610670767182080,0,1783610670767273728,0,1783610670767290368,1783610670767288576,610,price_side,order_id,BTC-USDT,SELL,65000.2,0.001,5551468688638542433,,91648,16640,108288
journal,godzilla,5,1,2,1783610670767539200,0,1783610670767630080,0,1783610670767652096,1783610670767649639,611,price_side,order_id,BTC-USDT,BUY,65000.01,0.001,5551468688638542434,,90880,22016,112896
journal,godzilla,5,1,2,1783610670767783680,0,1783610670767832064,0,1783610670767902976,1783610670767901090,612,price_side,order_id,BTC-USDT,SELL,65000.22,0.001,5551468688638542435,,48384,70912,119296
journal,godzilla,5,1,2,1783610670768082176,0,1783610670768174080,0,1783610670768190464,1783610670768188564,613,price_side,order_id,BTC-USDT,BUY,65000.03,0.001,5551468688638542436,,91904,16384,108288
journal,godzilla,5,1,2,1783610670768381952,0,1783610670768470528,0,1783610670768487168,1783610670768485276,614,price_side,order_id,BTC-USDT,SELL,65000.24,0.001,5551468688638542437,,88576,16640,105216
journal,godzilla,5,1,2,1783610670768681984,0,1783610670768772352,0,1783610670768793344,1783610670768791488,615,price_side,order_id,BTC-USDT,BUY,65000.05,0.001,5551468688638542438,,90368,20992,111360
journal,godzilla,5,1,2,1783610670768981760,0,1783610670769084672,0,1783610670769105408,1783610670769103452,616,price_side,order_id,BTC-USDT,SELL,65000.26,0.001,5551468688638542439,,102912,20736,123648
journal,godzilla,5,1,2,1783610670769281792,0,1783610670769373184,0,1783610670769391616,1783610670769389864,617,price_side,order_id,BTC-USDT,BUY,65000.07,0.001,5551468688638542440,,91392,18432,109824
journal,godzilla,5,1,2,1783610670769581824,0,1783610670769670144,0,1783610670769691136,1783610670769689168,618,price_side,order_id,BTC-USDT,SELL,65000.28,0.001,5551468688638542441,,88320,20992,109312
journal,godzilla,5,1,2,1783610670769881856,0,1783610670769969664,0,1783610670769989376,1783610670769987348,619,price_side,order_id,BTC-USDT,BUY,65000.090000000004,0.001,5551468688638542442,,87808,19712,107520
journal,godzilla,5,1,2,1783610670770181888,0,1783610670770273792,0,1783610670770294272,1783610670770292235,620,price_side,order_id,BTC-USDT,SELL,65000.299999999996,0.001,5551468688638542443,,91904,20480,112384
journal,godzilla,5,1,2,1783610670770489088,0,1783610670770580992,0,1783610670770608384,1783610670770599829,621,price_side,order_id,BTC-USDT,BUY,65000.11,0.001,5551468688638542444,,91904,27392,119296
journal,godzilla,5,1,2,1783610670770782208,0,1783610670770873344,0,1783610670770891520,1783610670770889570,622,price_side,order_id,BTC-USDT,SELL,65000.32,0.001,5551468688638542445,,91136,18176,109312
journal,godzilla,5,1,2,1783610670771081984,0,1783610670771172608,0,1783610670771193600,1783610670771191599,623,price_side,order_id,BTC-USDT,BUY,65000.130000000005,0.001,5551468688638542446,,90624,20992,111616
journal,godzilla,5,1,2,1783610670771381760,0,1783610670771478016,0,1783610670771503360,1783610670771501273,624,price_side,order_id,BTC-USDT,SELL,65000.34,0.001,5551468688638542447,,96256,25344,121600
journal,godzilla,5,1,2,1783610670771682304,0,1783610670771844864,0,1783610670771982336,1783610670771976688,625,price_side,order_id,BTC-USDT,BUY,65000.15,0.001,5551468688638542448,,162560,137472,300032
journal,godzilla,5,1,2,1783610670771985408,0,1783610670772125184,0,1783610670772144896,1783610670772142707,626,price_side,order_id,BTC-USDT,SELL,65000.36,0.001,5551468688638542449,,139776,19712,159488
journal,godzilla,5,1,2,1783610670772283392,0,1783610670772305664,0,1783610670772320256,1783610670772317704,627,price_side,order_id,BTC-USDT,BUY,65000.17,0.001,5551468688638542450,,22272,14592,36864
journal,godzilla,5,1,2,1783610670772581888,0,1783610670772795648,0,1783610670773010432,1783610670773006358,628,price_side,order_id,BTC-USDT,SELL,65000.38,0.001,5551468688638542451,,213760,214784,428544
journal,godzilla,5,1,2,1783610670772881664,0,1783610670772962304,0,1783610670773032448,1783610670773030559,629,price_side,order_id,BTC-USDT,BUY,65000.19,0.001,5551468688638542452,,80640,70144,150784
journal,godzilla,5,1,2,1783610670773200384,0,1783610670773392640,0,1783610670773528832,1783610670773525549,630,price_side,order_id,BTC-USDT,SELL,65000.4,0.001,5551468688638542453,,192256,136192,328448
journal,godzilla,5,1,2,1783610670773482240,0,1783610670773729024,0,1783610670773854464,1783610670773851949,631,price_side,order_id,BTC-USDT,BUY,65000.21,0.001,5551468688638542454,,246784,125440,372224
journal,godzilla,5,1,2,1783610670773782272,0,1783610670773833728,0,1783610670773869312,1783610670773867984,632,price_side,order_id,BTC-USDT,SELL,65000.42,0.001,5551468688638542455,,51456,35584,87040
journal,godzilla,5,1,2,1783610670774085632,0,1783610670774285568,0,1783610670774428672,1783610670774424491,633,price_side,order_id,BTC-USDT,BUY,65000.23,0.001,5551468688638542456,,199936,143104,343040
journal,godzilla,5,1,2,1783610670774383104,0,1783610670774495232,0,1783610670774522112,1783610670774519824,634,price_side,order_id,BTC-USDT,SELL,65000.439999999995,0.001,5551468688638542457,,112128,26880,139008
journal,godzilla,5,1,2,1783610670774683648,0,1783610670774861312,0,1783610670775110912,1783610670775087605,635,price_side,order_id,BTC-USDT,BUY,65000.25,0.001,5551468688638542458,,177664,249600,427264
journal,godzilla,5,1,2,1783610670774986496,0,1783610670775211008,0,1783610670775240704,1783610670775237750,636,price_side,order_id,BTC-USDT,SELL,65000.46,0.001,5551468688638542459,,224512,29696,254208
journal,godzilla,5,1,2,1783610670775324416,0,1783610670775405312,0,1783610670775423232,1783610670775420211,637,price_side,order_id,BTC-USDT,BUY,65000.270000000004,0.001,5551468688638542460,,80896,17920,98816
journal,godzilla,5,1,2,1783610670775583488,0,1783610670775629568,0,1783610670775697152,1783610670775695026,638,price_side,order_id,BTC-USDT,SELL,65000.479999999996,0.001,5551468688638542461,,46080,67584,113664
journal,godzilla,5,1,2,1783610670775884288,0,1783610670776006912,0,1783610670776124160,1783610670776121412,639,price_side,order_id,BTC-USDT,BUY,65000.29,0.001,5551468688638542462,,122624,117248,239872
journal,godzilla,5,1,2,1783610670776198912,0,1783610670776346624,0,1783610670776475392,1783610670776472459,640,price_side,order_id,BTC-USDT,SELL,65000.5,0.001,5551468688638542463,,147712,128768,276480
journal,godzilla,5,1,2,1783610670776483072,0,1783610670776609280,0,1783610670776764160,1783610670776760881,641,price_side,order_id,BTC-USDT,BUY,65000.310000000005,0.001,5551468688638542464,,126208,154880,281088
journal,godzilla,5,1,2,1783610670776783616,0,1783610670776871680,0,1783610670776968192,1783610670776966187,642,price_side,order_id,BTC-USDT,SELL,65000.52,0.001,5551468688638542465,,88064,96512,184576
journal,godzilla,5,1,2,1783610670777083904,0,1783610670777218560,0,1783610670777351680,1783610670777348895,643,price_side,order_id,BTC-USDT,BUY,65000.33,0.001,5551468688638542466,,134656,133120,267776
journal,godzilla,5,1,2,1783610670777382144,0,1783610670777485824,0,1783610670777712896,1783610670777709528,644,price_side,order_id,BTC-USDT,SELL,65000.54,0.001,5551468688638542467,,103680,227072,330752
journal,godzilla,5,1,2,1783610670777686016,0,1783610670777833984,0,1783610670777896960,1783610670777895073,645,price_side,order_id,BTC-USDT,BUY,65000.35,0.001,5551468688638542468,,147968,62976,210944
journal,godzilla,5,1,2,1783610670777984256,0,1783610670778071552,0,1783610670778123776,1783610670778122047,646,price_side,order_id,BTC-USDT,SELL,65000.56,0.001,5551468688638542469,,87296,52224,139520
journal,godzilla,5,1,2,1783610670778282496,0,1783610670778407680,0,1783610670778527488,1783610670778525554,647,price_side,order_id,BTC-USDT,BUY,65000.37,0.001,5551468688638542470,,125184,119808,244992
journal,godzilla,5,1,2,1783610670778582016,0,1783610670778677760,0,1783610670778781440,1783610670778746222,648,price_side,order_id,BTC-USDT,SELL,65000.58,0.001,5551468688638542471,,95744,103680,199424
journal,godzilla,5,1,2,1783610670778884096,0,1783610670779027968,0,1783610670779158528,1783610670779155587,649,price_side,order_id,BTC-USDT,BUY,65000.39,0.001,5551468688638542472,,143872,130560,274432
journal,godzilla,5,1,2,1783610670779194880,0,1783610670779271168,0,1783610670779295488,1783610670779293374,650,price_side,order_id,BTC-USDT,SELL,65000.6,0.001,5551468688638542473,,76288,24320,100608
journal,godzilla,5,1,2,1783610670779483648,0,1783610670779591168,0,1783610670779601408,1783610670779599421,651,price_side,order_id,BTC-USDT,BUY,65000.41,0.001,5551468688638542474,,107520,10240,117760
journal,godzilla,5,1,2,1783610670779782400,0,1783610670779891200,0,1783610670780016128,1783610670780013335,652,price_side,order_id,BTC-USDT,SELL,65000.619999999995,0.001,5551468688638542475,,108800,124928,233728
journal,godzilla,5,1,2,1783610670780083200,0,1783610670780129280,0,1783610670780253952,1783610670780251103,653,price_side,order_id,BTC-USDT,BUY,65000.43,0.001,5551468688638542476,,46080,124672,170752
journal,godzilla,5,1,2,1783610670780383232,0,1783610670780480256,0,1783610670780498432,1783610670780496698,654,price_side,order_id,BTC-USDT,SELL,65000.64,0.001,5551468688638542477,,97024,18176,115200
journal,godzilla,5,1,2,1783610670780682240,0,1783610670780779008,0,1783610670780796928,1783610670780795089,655,price_side,order_id,BTC-USDT,BUY,65000.450000000004,0.001,5551468688638542478,,96768,17920,114688
journal,godzilla,5,1,2,1783610670780982016,0,1783610670781091328,0,1783610670781109760,1783610670781107715,656,price_side,order_id,BTC-USDT,SELL,65000.659999999996,0.001,5551468688638542479,,109312,18432,127744
journal,godzilla,5,1,2,1783610670781283072,0,1783610670781377280,0,1783610670781396224,1783610670781394453,657,price_side,order_id,BTC-USDT,BUY,65000.47,0.001,5551468688638542480,,94208,18944,113152
journal,godzilla,5,1,2,1783610670781581824,0,1783610670781678080,0,1783610670781699328,1783610670781697288,658,price_side,order_id,BTC-USDT,SELL,65000.68,0.001,5551468688638542481,,96256,21248,117504
journal,godzilla,5,1,2,1783610670781890048,0,1783610670782016256,0,1783610670782135296,1783610670782132504,659,price_side,order_id,BTC-USDT,BUY,65000.49,0.001,5551468688638542482,,126208,119040,245248
journal,godzilla,5,1,2,1783610670782182400,0,1783610670782256128,0,1783610670782346496,1783610670782344609,660,price_side,order_id,BTC-USDT,SELL,65000.7,0.001,5551468688638542483,,73728,90368,164096
journal,godzilla,5,1,2,1783610670782482944,0,1783610670782588928,0,1783610670782670848,1783610670782641560,661,price_side,order_id,BTC-USDT,BUY,65000.51,0.001,5551468688638542484,,105984,81920,187904
journal,godzilla,5,1,2,1783610670782784512,0,1783610670782893824,0,1783610670782903040,1783610670782901009,662,price_side,order_id,BTC-USDT,SELL,65000.72,0.001,5551468688638542485,,109312,9216,118528
journal,godzilla,5,1,2,1783610670783082752,0,1783610670783192832,0,1783610670783362816,1783610670783358548,663,price_side,order_id,BTC-USDT,BUY,65000.53,0.001,5551468688638542486,,110080,169984,280064
journal,godzilla,5,1,2,1783610670783383808,0,1783610670783476480,0,1783610670783563264,1783610670783561354,664,price_side,order_id,BTC-USDT,SELL,65000.74,0.001,5551468688638542487,,92672,86784,179456
journal,godzilla,5,1,2,1783610670783683584,0,1783610670783781632,0,1783610670783802880,1783610670783800719,665,price_side,order_id,BTC-USDT,BUY,65000.55,0.001,5551468688638542488,,98048,21248,119296
journal,godzilla,5,1,2,1783610670783983872,0,1783610670784097792,0,1783610670784118272,1783610670784115927,666,price_side,order_id,BTC-USDT,SELL,65000.76,0.001,5551468688638542489,,113920,20480,134400
journal,godzilla,5,1,2,1783610670784283392,0,1783610670784387584,0,1783610670784407040,1783610670784404966,667,price_side,order_id,BTC-USDT,BUY,65000.57,0.001,5551468688638542490,,104192,19456,123648
journal,godzilla,5,1,2,1783610670784583424,0,1783610670784688896,0,1783610670784708352,1783610670784706398,668,price_side,order_id,BTC-USDT,SELL,65000.78,0.001,5551468688638542491,,105472,19456,124928
journal,godzilla,5,1,2,1783610670784898816,0,1783610670785003008,0,1783610670785026816,1783610670785024558,669,price_side,order_id,BTC-USDT,BUY,65000.590000000004,0.001,5551468688638542492,,104192,23808,128000
journal,godzilla,5,1,2,1783610670785183744,0,1783610670785197312,0,1783610670785218048,1783610670785215473,670,price_side,order_id,BTC-USDT,SELL,65000.799999999996,0.001,5551468688638542493,,13568,20736,34304
journal,godzilla,5,1,2,1783610670785482240,0,1783610670785575936,0,1783610670785601024,1783610670785598737,671,price_side,order_id,BTC-USDT,BUY,65000.61,0.001,5551468688638542494,,93696,25088,118784
journal,godzilla,5,1,2,1783610670785783552,0,1783610670785895936,0,1783610670785916160,1783610670785914188,672,price_side,order_id,BTC-USDT,SELL,65000.82,0.001,5551468688638542495,,112384,20224,132608
journal,godzilla,5,1,2,1783610670786083840,0,1783610670786105856,0,1783610670786129152,1783610670786126446,673,price_side,order_id,BTC-USDT,BUY,65000.630000000005,0.001,5551468688638542496,,22016,23296,45312
journal,godzilla,5,1,2,1783610670786382592,0,1783610670786497024,0,1783610670786524672,1783610670786511658,674,price_side,order_id,BTC-USDT,SELL,65000.84,0.001,5551468688638542497,,114432,27648,142080
journal,godzilla,5,1,2,1783610670786683904,0,1783610670786787840,0,1783610670786811904,1783610670786809621,675,price_side,order_id,BTC-USDT,BUY,65000.65,0.001,5551468688638542498,,103936,24064,128000
journal,godzilla,5,1,2,1783610670786983424,0,1783610670787096832,0,1783610670787115008,1783610670787112980,676,price_side,order_id,BTC-USDT,SELL,65000.86,0.001,5551468688638542499,,113408,18176,131584
journal,godzilla,5,1,2,1783610670787282432,0,1783610670787387648,0,1783610670787410176,1783610670787408155,677,price_side,order_id,BTC-USDT,BUY,65000.67,0.001,5551468688638542500,,105216,22528,127744
journal,godzilla,5,1,2,1783610670787592960,0,1783610670787689216,0,1783610670787707904,1783610670787705889,678,price_side,order_id,BTC-USDT,SELL,65000.88,0.001,5551468688638542501,,96256,18688,114944
journal,godzilla,5,1,2,1783610670787882240,0,1783610670787978496,0,1783610670788005120,1783610670788003204,679,price_side,order_id,BTC-USDT,BUY,65000.69,0.001,5551468688638542502,,96256,26624,122880
journal,godzilla,5,1,2,1783610670788182016,0,1783610670788280576,0,1783610670788301568,1783610670788299541,680,price_side,order_id,BTC-USDT,SELL,65000.9,0.001,5551468688638542503,,98560,20992,119552
journal,godzilla,5,1,2,1783610670788482816,0,1783610670788578304,0,1783610670788592896,1783610670788590943,681,price_side,order_id,BTC-USDT,BUY,65000.71,0.001,5551468688638542504,,95488,14592,110080
journal,godzilla,5,1,2,1783610670788781824,0,1783610670788878080,0,1783610670788900352,1783610670788898523,682,price_side,order_id,BTC-USDT,SELL,65000.92,0.001,5551468688638542505,,96256,22272,118528
journal,godzilla,5,1,2,1783610670789083136,0,1783610670789199360,0,1783610670789317120,1783610670789314865,683,price_side,order_id,BTC-USDT,BUY,65000.73,0.001,5551468688638542506,,116224,117760,233984
journal,godzilla,5,1,2,1783610670789383168,0,1783610670789428224,0,1783610670789528832,1783610670789526806,684,price_side,order_id,BTC-USDT,SELL,65000.939999999995,0.001,5551468688638542507,,45056,100608,145664
journal,godzilla,5,1,2,1783610670789682176,0,1783610670789779968,0,1783610670789800960,1783610670789798913,685,price_side,order_id,BTC-USDT,BUY,65000.75,0.001,5551468688638542508,,97792,20992,118784
journal,godzilla,5,1,2,1783610670789982720,0,1783610670790094080,0,1783610670790111744,1783610670790109816,686,price_side,order_id,BTC-USDT,SELL,65000.96,0.001,5551468688638542509,,111360,17664,129024
journal,godzilla,5,1,2,1783610670790283520,0,1783610670790377728,0,1783610670790403584,1783610670790394279,687,price_side,order_id,BTC-USDT,BUY,65000.770000000004,0.001,5551468688638542510,,94208,25856,120064
journal,godzilla,5,1,2,1783610670790589952,0,1783610670790688512,0,1783610670790706944,1783610670790704889,688,price_side,order_id,BTC-USDT,SELL,65000.979999999996,0.001,5551468688638542511,,98560,18432,116992
journal,godzilla,5,1,2,1783610670790882304,0,1783610670790977280,0,1783610670791004160,1783610670790994649,689,price_side,order_id,BTC-USDT,BUY,65000.79,0.001,5551468688638542512,,94976,26880,121856
journal,godzilla,5,1,2,1783610670791182848,0,1783610670791286016,0,1783610670791310080,1783610670791307645,690,price_side,order_id,BTC-USDT,SELL,65001.0,0.001,5551468688638542513,,103168,24064,127232
journal,godzilla,5,1,2,1783610670791483392,0,1783610670791580928,0,1783610670791599616,1783610670791597716,691,price_side,order_id,BTC-USDT,BUY,65000.810000000005,0.001,5551468688638542514,,97536,18688,116224
journal,godzilla,5,1,2,1783610670791782144,0,1783610670791875584,0,1783610670791897088,1783610670791894977,692,price_side,order_id,BTC-USDT,SELL,65001.02,0.001,5551468688638542515,,93440,21504,114944
journal,godzilla,5,1,2,1783610670792082944,0,1783610670792179968,0,1783610670792199680,1783610670792197777,693,price_side,order_id,BTC-USDT,BUY,65000.83,0.001,5551468688638542516,,97024,19712,116736
journal,godzilla,5,1,2,1783610670792381952,0,1783610670792478976,0,1783610670792496896,1783610670792495195,694,price_side,order_id,BTC-USDT,SELL,65001.04,0.001,5551468688638542517,,97024,17920,114944
journal,godzilla,5,1,2,1783610670792682240,0,1783610670792779264,0,1783610670792801024,1783610670792799014,695,price_side,order_id,BTC-USDT,BUY,65000.85,0.001,5551468688638542518,,97024,21760,118784
journal,godzilla,5,1,2,1783610670792982784,0,1783610670793091584,0,1783610670793108736,1783610670793106856,696,price_side,order_id,BTC-USDT,SELL,65001.06,0.001,5551468688638542519,,108800,17152,125952
journal,godzilla,5,1,2,1783610670793292544,0,1783610670793389568,0,1783610670793409024,1783610670793406871,697,price_side,order_id,BTC-USDT,BUY,65000.87,0.001,5551468688638542520,,97024,19456,116480
journal,godzilla,5,1,2,1783610670793583104,0,1783610670793686528,0,1783610670793736448,1783610670793733845,698,price_side,order_id,BTC-USDT,SELL,65001.08,0.001,5551468688638542521,,103424,49920,153344
journal,godzilla,5,1,2,1783610670793883648,0,1783610670793989632,0,1783610670794008320,1783610670794006302,699,price_side,order_id,BTC-USDT,BUY,65000.89,0.001,5551468688638542522,,105984,18688,124672
journal,godzilla,5,1,2,1783610670794182144,0,1783610670794280960,0,1783610670794301696,1783610670794299518,700,price_side,order_id,BTC-USDT,SELL,65000.1,0.001,5551468688638542523,,98816,20736,119552
journal,godzilla,5,1,2,1783610670794481920,0,1783610670794580224,0,1783610670794611968,1783610670794600049,701,price_side,order_id,BTC-USDT,BUY,64999.91,0.001,5551468688638542524,,98304,31744,130048
journal,godzilla,5,1,2,1783610670794782464,0,1783610670794877696,0,1783610670794896896,1783610670794894987,702,price_side,order_id,BTC-USDT,SELL,65000.119999999995,0.001,5551468688638542525,,95232,19200,114432
journal,godzilla,5,1,2,1783610670795083520,0,1783610670795182592,0,1783610670795201024,1783610670795199170,703,price_side,order_id,BTC-USDT,BUY,64999.93,0.001,5551468688638542526,,99072,18432,117504
journal,godzilla,5,1,2,1783610670795382528,0,1783610670795480320,0,1783610670795499520,1783610670795497509,704,price_side,order_id,BTC-USDT,SELL,65000.14,0.001,5551468688638542527,,97792,19200,116992
journal,godzilla,5,1,2,1783610670795682048,0,1783610670795779584,0,1783610670795796736,1783610670795795036,705,price_side,order_id,BTC-USDT,BUY,64999.950000000004,0.001,5551468688638542528,,97536,17152,114688
journal,godzilla,5,1,2,1783610670795982080,0,1783610670796112128,0,1783610670796233472,1783610670796230540,706,price_side,order_id,BTC-USDT,SELL,65000.159999999996,0.001,5551468688638542529,,130048,121344,251392
journal,godzilla,5,1,2,1783610670796290304,0,1783610670796361984,0,1783610670796476160,1783610670796458597,707,price_side,order_id,BTC-USDT,BUY,64999.97,0.001,5551468688638542530,,71680,114176,185856
journal,godzilla,5,1,2,1783610670796583168,0,1783610670796682496,0,1783610670796701440,1783610670796699491,708,price_side,order_id,BTC-USDT,SELL,65000.18,0.001,5551468688638542531,,99328,18944,118272
journal,godzilla,5,1,2,1783610670796882176,0,1783610670796978176,0,1783610670797005312,1783610670797003044,709,price_side,order_id,BTC-USDT,BUY,64999.99,0.001,5551468688638542532,,96000,27136,123136
journal,godzilla,5,1,2,1783610670797182976,0,1783610670797278720,0,1783610670797296640,1783610670797294897,710,price_side,order_id,BTC-USDT,SELL,65000.2,0.001,5551468688638542533,,95744,17920,113664
journal,godzilla,5,1,2,1783610670797482240,0,1783610670797578752,0,1783610670797596416,1783610670797594523,711,price_side,order_id,BTC-USDT,BUY,65000.01,0.001,5551468688638542534,,96512,17664,114176
journal,godzilla,5,1,2,1783610670797782016,0,1783610670797878016,0,1783610670797900032,1783610670797898056,712,price_side,order_id,BTC-USDT,SELL,65000.22,0.001,5551468688638542535,,96000,22016,118016
journal,godzilla,5,1,2,1783610670798083328,0,1783610670798176512,0,1783610670798195712,1783610670798193740,713,price_side,order_id,BTC-USDT,BUY,65000.03,0.001,5551468688638542536,,93184,19200,112384
journal,godzilla,5,1,2,1783610670798382080,0,1783610670798474240,0,1783610670798505216,1783610670798495233,714,price_side,order_id,BTC-USDT,SELL,65000.24,0.001,5551468688638542537,,92160,30976,123136
journal,godzilla,5,1,2,1783610670798682368,0,1783610670798779904,0,1783610670798799360,1783610670798797470,715,price_side,order_id,BTC-USDT,BUY,65000.05,0.001,5551468688638542538,,97536,19456,116992
journal,godzilla,5,1,2,1783610670798988544,0,1783610670799097088,0,1783610670799118592,1783610670799116370,716,price_side,order_id,BTC-USDT,SELL,65000.26,0.001,5551468688638542539,,108544,21504,130048
journal,godzilla,5,1,2,1783610670799283200,0,1783610670799374080,0,1783610670799397888,1783610670799395224,717,price_side,order_id,BTC-USDT,BUY,65000.07,0.001,5551468688638542540,,90880,23808,114688
journal,godzilla,5,1,2,1783610670799581952,0,1783610670799676160,0,1783610670799698176,1783610670799696114,718,price_side,order_id,BTC-USDT,SELL,65000.28,0.001,5551468688638542541,,94208,22016,116224
journal,godzilla,5,1,2,1783610670799882496,0,1783610670799977728,0,1783610670800001280,1783610670799993383,719,price_side,order_id,BTC-USDT,BUY,65000.090000000004,0.001,5551468688638542542,,95232,23552,118784
journal,godzilla,5,1,2,1783610670800182272,0,1783610670800278016,0,1783610670800299264,1783610670800297238,720,price_side,order_id,BTC-USDT,SELL,65000.299999999996,0.001,5551468688638542543,,95744,21248,116992
journal,godzilla,5,1,2,1783610670800483072,0,1783610670800579328,0,1783610670800598272,1783610670800596469,721,price_side,order_id,BTC-USDT,BUY,65000.11,0.001,5551468688638542544,,96256,18944,115200
journal,godzilla,5,1,2,1783610670800781824,0,1783610670800870912,0,1783610670800893440,1783610670800891277,722,price_side,order_id,BTC-USDT,SELL,65000.32,0.001,5551468688638542545,,89088,22528,111616
journal,godzilla,5,1,2,1783610670801083648,0,1783610670801181952,0,1783610670801196032,1783610670801194106,723,price_side,order_id,BTC-USDT,BUY,65000.130000000005,0.001,5551468688638542546,,98304,14080,112384
journal,godzilla,5,1,2,1783610670801382144,0,1783610670801478400,0,1783610670801499904,1783610670801497863,724,price_side,order_id,BTC-USDT,SELL,65000.34,0.001,5551468688638542547,,96256,21504,117760
journal,godzilla,5,1,2,1783610670801683456,0,1783610670801777920,0,1783610670801797888,1783610670801796076,725,price_side,order_id,BTC-USDT,BUY,65000.15,0.001,5551468688638542548,,94464,19968,114432
journal,godzilla,5,1,2,1783610670801989376,0,1783610670802091520,0,1783610670802111232,1783610670802108891,726,price_side,order_id,BTC-USDT,SELL,65000.36,0.001,5551468688638542549,,102144,19712,121856
journal,godzilla,5,1,2,1783610670802283264,0,1783610670802379008,0,1783610670802407168,1783610670802398597,727,price_side,order_id,BTC-USDT,BUY,65000.17,0.001,5551468688638542550,,95744,28160,123904
journal,godzilla,5,1,2,1783610670802582272,0,1783610670802676992,0,1783610670802699776,1783610670802697500,728,price_side,order_id,BTC-USDT,SELL,65000.38,0.001,5551468688638542551,,94720,22784,117504
journal,godzilla,5,1,2,1783610670802882048,0,1783610670802977792,0,1783610670803002368,1783610670802994743,729,price_side,order_id,BTC-USDT,BUY,65000.19,0.001,5551468688638542552,,95744,24576,120320
journal,godzilla,5,1,2,1783610670803182080,0,1783610670803287552,0,1783610670803296512,1783610670803294499,730,price_side,order_id,BTC-USDT,SELL,65000.4,0.001,5551468688638542553,,105472,8960,114432
journal,godzilla,5,1,2,1783610670803482112,0,1783610670803575040,0,1783610670803596288,1783610670803594354,731,price_side,order_id,BTC-USDT,BUY,65000.21,0.001,5551468688638542554,,92928,21248,114176
journal,godzilla,5,1,2,1783610670803781888,0,1783610670803872512,0,1783610670803892480,1783610670803890618,732,price_side,order_id,BTC-USDT,SELL,65000.42,0.001,5551468688638542555,,90624,19968,110592
journal,godzilla,5,1,2,1783610670804081920,0,1783610670804175360,0,1783610670804192256,1783610670804190562,733,price_side,order_id,BTC-USDT,BUY,65000.23,0.001,5551468688638542556,,93440,16896,110336
journal,godzilla,5,1,2,1783610670804381696,0,1783610670804473088,0,1783610670804489216,1783610670804487364,734,price_side,order_id,BTC-USDT,SELL,65000.439999999995,0.001,5551468688638542557,,91392,16128,107520
journal,godzilla,5,1,2,1783610670804831488,0,1783610670805026816,0,1783610670805143296,1783610670805122294,735,price_side,order_id,BTC-USDT,BUY,65000.25,0.001,5551468688638542558,,195328,116480,311808
journal,godzilla,5,1,2,1783610670804983040,0,1783610670805056768,0,1783610670805168128,1783610670805166628,736,price_side,order_id,BTC-USDT,SELL,65000.46,0.001,5551468688638542559,,73728,111360,185088
journal,godzilla,5,1,2,1783610670805283584,0,1783610670805326592,0,1783610670805399808,1783610670805397957,737,price_side,order_id,BTC-USDT,BUY,65000.270000000004,0.001,5551468688638542560,,43008,73216,116224
journal,godzilla,5,1,2,1783610670805582080,0,1783610670805684736,0,1783610670805815808,1783610670805812873,738,price_side,order_id,BTC-USDT,SELL,65000.479999999996,0.001,5551468688638542561,,102656,131072,233728
journal,godzilla,5,1,2,1783610670805884416,0,1783610670806116608,0,1783610670806277376,1783610670806271606,739,price_side,order_id,BTC-USDT,BUY,65000.29,0.001,5551468688638542562,,232192,160768,392960
journal,godzilla,5,1,2,1783610670806236672,0,1783610670806410752,0,1783610670806477568,1783610670806458213,740,price_side,order_id,BTC-USDT,SELL,65000.5,0.001,5551468688638542563,,174080,66816,240896
journal,godzilla,5,1,2,1783610670806484992,0,1783610670806557184,0,1783610670806645760,1783610670806642392,741,price_side,order_id,BTC-USDT,BUY,65000.310000000005,0.001,5551468688638542564,,72192,88576,160768
journal,godzilla,5,1,2,1783610670806784768,0,1783610670806847488,0,1783610670806888448,1783610670806886065,742,price_side,order_id,BTC-USDT,SELL,65000.52,0.001,5551468688638542565,,62720,40960,103680
journal,godzilla,5,1,2,1783610670807082752,0,1783610670807173888,0,1783610670807197696,1783610670807195785,743,price_side,order_id,BTC-USDT,BUY,65000.33,0.001,5551468688638542566,,91136,23808,114944
journal,godzilla,5,1,2,1783610670807382272,0,1783610670807478528,0,1783610670807497984,1783610670807496162,744,price_side,order_id,BTC-USDT,SELL,65000.54,0.001,5551468688638542567,,96256,19456,115712
journal,godzilla,5,1,2,1783610670807696128,0,1783610670807889664,0,1783610670808029696,1783610670808026131,745,price_side,order_id,BTC-USDT,BUY,65000.35,0.001,5551468688638542568,,193536,140032,333568
journal,godzilla,5,1,2,1783610670807982592,0,1783610670808070400,0,1783610670808154624,1783610670808152665,746,price_side,order_id,BTC-USDT,SELL,65000.56,0.001,5551468688638542569,,87808,84224,172032
journal,godzilla,5,1,2,1783610670808283392,0,1783610670808347136,0,1783610670808375040,1783610670808372744,747,price_side,order_id,BTC-USDT,BUY,65000.37,0.001,5551468688638542570,,63744,27904,91648
journal,godzilla,5,1,2,1783610670808582912,0,1783610670808690944,0,1783610670808700928,1783610670808698935,748,price_side,order_id,BTC-USDT,SELL,65000.58,0.001,5551468688638542571,,108032,9984,118016
journal,godzilla,5,1,2,1783610670808882176,0,1783610670808990720,0,1783610670809011712,1783610670809009112,749,price_side,order_id,BTC-USDT,BUY,65000.39,0.001,5551468688638542572,,108544,20992,129536
journal,godzilla,5,1,2,1783610670809182464,0,1783610670809287936,0,1783610670809303808,1783610670809301755,750,price_side,order_id,BTC-USDT,SELL,65000.6,0.001,5551468688638542573,,105472,15872,121344
journal,godzilla,5,1,2,1783610670809482496,0,1783610670809612032,0,1783610670809747712,1783610670809744620,751,price_side,order_id,BTC-USDT,BUY,65000.41,0.001,5551468688638542574,,129536,135680,265216
journal,godzilla,5,1,2,1783610670809782016,0,1783610670809869824,0,1783610670809953536,1783610670809950884,752,price_side,order_id,BTC-USDT,SELL,65000.619999999995,0.001,5551468688638542575,,87808,83712,171520
journal,godzilla,5,1,2,1783610670810083584,0,1783610670810263040,0,1783610670810396160,1783610670810379499,753,price_side,order_id,BTC-USDT,BUY,65000.43,0.001,5551468688638542576,,179456,133120,312576
journal,godzilla,5,1,2,1783610670810382336,0,1783610670810464512,0,1783610670810509568,1783610670810506938,754,price_side,order_id,BTC-USDT,SELL,65000.64,0.001,5551468688638542577,,82176,45056,127232
journal,godzilla,5,1,2,1783610670810692352,0,1783610670810790144,0,1783610670810809088,1783610670810807124,755,price_side,order_id,BTC-USDT,BUY,65000.450000000004,0.001,5551468688638542578,,97792,18944,116736
journal,godzilla,5,1,2,1783610670810982912,0,1783610670811090944,0,1783610670811109120,1783610670811107132,756,price_side,order_id,BTC-USDT,SELL,65000.659999999996,0.001,5551468688638542579,,108032,18176,126208
journal,godzilla,5,1,2,1783610670811283456,0,1783610670811381760,0,1783610670811400448,1783610670811398724,757,price_side,order_id,BTC-USDT,BUY,65000.47,0.001,5551468688638542580,,98304,18688,116992
journal,godzilla,5,1,2,1783610670811582208,0,1783610670811674624,0,1783610670811696640,1783610670811694477,758,price_side,order_id,BTC-USDT,SELL,65000.68,0.001,5551468688638542581,,92416,22016,114432
journal,godzilla,5,1,2,1783610670811881984,0,1783610670811977216,0,1783610670812005376,1783610670812002953,759,price_side,order_id,BTC-USDT,BUY,65000.49,0.001,5551468688638542582,,95232,28160,123392
journal,godzilla,5,1,2,1783610670812183040,0,1783610670812278784,0,1783610670812298752,1783610670812296674,760,price_side,order_id,BTC-USDT,SELL,65000.7,0.001,5551468688638542583,,95744,19968,115712
journal,godzilla,5,1,2,1783610670812482304,0,1783610670812578304,0,1783610670812600576,1783610670812598444,761,price_side,order_id,BTC-USDT,BUY,65000.51,0.001,5551468688638542584,,96000,22272,118272
journal,godzilla,5,1,2,1783610670812782080,0,1783610670812877568,0,1783610670812900096,1783610670812898038,762,price_side,order_id,BTC-USDT,SELL,65000.72,0.001,5551468688638542585,,95488,22528,118016
journal,godzilla,5,1,2,1783610670813083392,0,1783610670813183232,0,1783610670813202432,1783610670813200390,763,price_side,order_id,BTC-USDT,BUY,65000.53,0.001,5551468688638542586,,99840,19200,119040
journal,godzilla,5,1,2,1783610670813389312,0,1783610670813486336,0,1783610670813508608,1783610670813506288,764,price_side,order_id,BTC-USDT,SELL,65000.74,0.001,5551468688638542587,,97024,22272,119296
journal,godzilla,5,1,2,1783610670813683200,0,1783610670813778944,0,1783610670813797376,1783610670813795471,765,price_side,order_id,BTC-USDT,BUY,65000.55,0.001,5551468688638542588,,95744,18432,114176
journal,godzilla,5,1,2,1783610670813981952,0,1783610670814087424,0,1783610670814109696,1783610670814107472,766,price_side,order_id,BTC-USDT,SELL,65000.76,0.001,5551468688638542589,,105472,22272,127744
journal,godzilla,5,1,2,1783610670814282752,0,1783610670814377984,0,1783610670814404096,1783610670814395079,767,price_side,order_id,BTC-USDT,BUY,65000.57,0.001,5551468688638542590,,95232,26112,121344
journal,godzilla,5,1,2,1783610670814582528,0,1783610670814676480,0,1783610670814699264,1783610670814697076,768,price_side,order_id,BTC-USDT,SELL,65000.78,0.001,5551468688638542591,,93952,22784,116736
journal,godzilla,5,1,2,1783610670814882048,0,1783610670814977280,0,1783610670815005952,1783610670815003919,769,price_side,order_id,BTC-USDT,BUY,65000.590000000004,0.001,5551468688638542592,,95232,28672,123904
journal,godzilla,5,1,2,1783610670815183104,0,1783610670815277568,0,1783610670815297536,1783610670815295706,770,price_side,order_id,BTC-USDT,SELL,65000.799999999996,0.001,5551468688638542593,,94464,19968,114432
journal,godzilla,5,1,2,1783610670815482112,0,1783610670815577600,0,1783610670815598592,1783610670815596660,771,price_side,order_id,BTC-USDT,BUY,65000.61,0.001,5551468688638542594,,95488,20992,116480
journal,godzilla,5,1,2,1783610670815783424,0,1783610670815880192,0,1783610670815898368,1783610670815896335,772,price_side,order_id,BTC-USDT,SELL,65000.82,0.001,5551468688638542595,,96768,18176,114944
journal,godzilla,5,1,2,1783610670816083968,0,1783610670816228352,0,1783610670816530432,1783610670816524641,773,price_side,order_id,BTC-USDT,BUY,65000.630000000005,0.001,5551468688638542596,,144384,302080,446464
journal,godzilla,5,1,2,1783610670816399360,0,1783610670816496384,0,1783610670816557312,1783610670816554943,774,price_side,order_id,BTC-USDT,SELL,65000.84,0.001,5551468688638542597,,97024,60928,157952
journal,godzilla,5,1,2,1783610670816685312,0,1783610670816726272,0,1783610670816749824,1783610670816747493,775,price_side,order_id,BTC-USDT,BUY,65000.65,0.001,5551468688638542598,,40960,23552,64512
journal,godzilla,5,1,2,1783610670816982272,0,1783610670817087488,0,1783610670817109504,1783610670817107208,776,price_side,order_id,BTC-USDT,SELL,65000.86,0.001,5551468688638542599,,105216,22016,127232
journal,godzilla,5,1,2,1783610670817283328,0,1783610670817391872,0,1783610670817507328,1783610670817505129,777,price_side,order_id,BTC-USDT,BUY,65000.67,0.001,5551468688638542600,,108544,115456,224000
journal,godzilla,5,1,2,1783610670817592320,0,1783610670817622016,0,1783610670817725440,1783610670817723394,778,price_side,order_id,BTC-USDT,SELL,65000.88,0.001,5551468688638542601,,29696,103424,133120
journal,godzilla,5,1,2,1783610670817882368,0,1783610670817978624,0,1783610670818007296,1783610670818005178,779,price_side,order_id,BTC-USDT,BUY,65000.69,0.001,5551468688638542602,,96256,28672,124928
journal,godzilla,5,1,2,1783610670818183424,0,1783610670818276352,0,1783610670818308864,1783610670818293641,780,price_side,order_id,BTC-USDT,SELL,65000.9,0.001,5551468688638542603,,92928,32512,125440
journal,godzilla,5,1,2,1783610670818482944,0,1783610670818577152,0,1783610670818599168,1783610670818596915,781,price_side,order_id,BTC-USDT,BUY,65000.71,0.001,5551468688638542604,,94208,22016,116224
journal,godzilla,5,1,2,1783610670818782208,0,1783610670818877952,0,1783610670818899712,1783610670818897719,782,price_side,order_id,BTC-USDT,SELL,65000.92,0.001,5551468688638542605,,95744,21760,117504
journal,godzilla,5,1,2,1783610670819094784,0,1783610670819193088,0,1783610670819211776,1783610670819209727,783,price_side,order_id,BTC-USDT,BUY,65000.73,0.001,5551468688638542606,,98304,18688,116992
journal,godzilla,5,1,2,1783610670819383552,0,1783610670819489792,0,1783610670819509504,1783610670819507551,784,price_side,order_id,BTC-USDT,SELL,65000.939999999995,0.001,5551468688638542607,,106240,19712,125952
journal,godzilla,5,1,2,1783610670819683328,0,1783610670819788032,0,1783610670819807744,1783610670819805756,785,price_side,order_id,BTC-USDT,BUY,65000.75,0.001,5551468688638542608,,104704,19712,124416
journal,godzilla,5,1,2,1783610670819983360,0,1783610670820096000,0,1783610670820115456,1783610670820113333,786,price_side,order_id,BTC-USDT,SELL,65000.96,0.001,5551468688638542609,,112640,19456,132096
journal,godzilla,5,1,2,1783610670820284160,0,1783610670820385280,0,1783610670820408576,1783610670820406485,787,price_side,order_id,BTC-USDT,BUY,65000.770000000004,0.001,5551468688638542610,,101120,23296,124416
journal,godzilla,5,1,2,1783610670820583168,0,1783610670820678144,0,1783610670820697856,1783610670820695990,788,price_side,order_id,BTC-USDT,SELL,65000.979999999996,0.001,5551468688638542611,,94976,19712,114688
journal,godzilla,5,1,2,1783610670820882176,0,1783610670820978176,0,1783610670821007872,1783610670821005695,789,price_side,order_id,BTC-USDT,BUY,65000.79,0.001,5551468688638542612,,96000,29696,125696
journal,godzilla,5,1,2,1783610670821182976,0,1783610670821279488,0,1783610670821298432,1783610670821296637,790,price_side,order_id,BTC-USDT,SELL,65001.0,0.001,5551468688638542613,,96512,18944,115456
journal,godzilla,5,1,2,1783610670821481984,0,1783610670821574400,0,1783610670821595648,1783610670821593643,791,price_side,order_id,BTC-USDT,BUY,65000.810000000005,0.001,5551468688638542614,,92416,21248,113664
journal,godzilla,5,1,2,1783610670821781760,0,1783610670821874176,0,1783610670821895680,1783610670821893526,792,price_side,order_id,BTC-USDT,SELL,65001.02,0.001,5551468688638542615,,92416,21504,113920
journal,godzilla,5,1,2,1783610670822091776,0,1783610670822189056,0,1783610670822214144,1783610670822205755,793,price_side,order_id,BTC-USDT,BUY,65000.83,0.001,5551468688638542616,,97280,25088,122368
journal,godzilla,5,1,2,1783610670822383616,0,1783610670822481664,0,1783610670822499840,1783610670822497748,794,price_side,order_id,BTC-USDT,SELL,65001.04,0.001,5551468688638542617,,98048,18176,116224
journal,godzilla,5,1,2,1783610670822682112,0,1783610670822779392,0,1783610670822800640,1783610670822798529,795,price_side,order_id,BTC-USDT,BUY,65000.85,0.001,5551468688638542618,,97280,21248,118528
journal,godzilla,5,1,2,1783610670822983168,0,1783610670823092224,0,1783610670823109632,1783610670823107787,796,price_side,order_id,BTC-USDT,SELL,65001.06,0.001,5551468688638542619,,109056,17408,126464
journal,godzilla,5,1,2,1783610670823283712,0,1783610670823380224,0,1783610670823399168,1783610670823397265,797,price_side,order_id,BTC-USDT,BUY,65000.87,0.001,5551468688638542620,,96512,18944,115456
journal,godzilla,5,1,2,1783610670823581952,0,1783610670823678464,0,1783610670823700736,1783610670823698790,798,price_side,order_id,BTC-USDT,SELL,65001.08,0.001,5551468688638542621,,96512,22272,118784
journal,godzilla,5,1,2,1783610670823881984,0,1783610670823976704,0,1783610670824004352,1783610670824001999,799,price_side,order_id,BTC-USDT,BUY,65000.89,0.001,5551468688638542622,,94720,27648,122368
journal,godzilla,5,1,2,1783610670824183552,0,1783610670824279296,0,1783610670824298240,1783610670824296382,800,price_side,order_id,BTC-USDT,SELL,65000.1,0.001,5551468688638542623,,95744,18944,114688
journal,godzilla,5,1,2,1783610670824482048,0,1783610670824589056,0,1783610670824599808,1783610670824597624,801,price_side,order_id,BTC-USDT,BUY,64999.91,0.001,5551468688638542624,,107008,10752,117760
journal,godzilla,5,1,2,1783610670824790528,0,1783610670824886016,0,1783610670824910080,1783610670824907339,802,price_side,order_id,BTC-USDT,SELL,65000.119999999995,0.001,5551468688638542625,,95488,24064,119552
journal,godzilla,5,1,2,1783610670825083136,0,1783610670825177856,0,1783610670825196800,1783610670825194751,803,price_side,order_id,BTC-USDT,BUY,64999.93,0.001,5551468688638542626,,94720,18944,113664
journal,godzilla,5,1,2,1783610670825382656,0,1783610670825477376,0,1783610670825500416,1783610670825498357,804,price_side,order_id,BTC-USDT,SELL,65000.14,0.001,5551468688638542627,,94720,23040,117760
journal,godzilla,5,1,2,1783610670825683200,0,1783610670825779968,0,1783610670825798656,1783610670825796902,805,price_side,order_id,BTC-USDT,BUY,64999.950000000004,0.001,5551468688638542628,,96768,18688,115456
journal,godzilla,5,1,2,1783610670825982464,0,1783610670826089472,0,1783610670826119168,1783610670826108411,806,price_side,order_id,BTC-USDT,SELL,65000.159999999996,0.001,5551468688638542629,,107008,29696,136704
journal,godzilla,5,1,2,1783610670826283776,0,1783610670826376960,0,1783610670826396928,1783610670826395036,807,price_side,order_id,BTC-USDT,BUY,64999.97,0.001,5551468688638542630,,93184,19968,113152
journal,godzilla,5,1,2,1783610670826582272,0,1783610670826678016,0,1783610670826699520,1783610670826697537,808,price_side,order_id,BTC-USDT,SELL,65000.18,0.001,5551468688638542631,,95744,21504,117248
journal,godzilla,5,1,2,1783610670826883584,0,1783610670826978560,0,1783610670827051008,1783610670827046721,809,price_side,order_id,BTC-USDT,BUY,64999.99,0.001,5551468688638542632,,94976,72448,167424
journal,godzilla,5,1,2,1783610670827182848,0,1783610670827287040,0,1783610670827426816,1783610670827421129,810,price_side,order_id,BTC-USDT,SELL,65000.2,0.001,5551468688638542633,,104192,139776,243968
journal,godzilla,5,1,2,1783610670827486976,0,1783610670827559168,0,1783610670827651328,1783610670827647938,811,price_side,order_id,BTC-USDT,BUY,65000.01,0.001,5551468688638542634,,72192,92160,164352
journal,godzilla,5,1,2,1783610670827800064,0,1783610670827900160,0,1783610670827921408,1783610670827919315,812,price_side,order_id,BTC-USDT,SELL,65000.22,0.001,5551468688638542635,,100096,21248,121344
journal,godzilla,5,1,2,1783610670828083712,0,1783610670828099840,0,1783610670828117504,1783610670828114414,813,price_side,order_id,BTC-USDT,BUY,65000.03,0.001,5551468688638542636,,16128,17664,33792
journal,godzilla,5,1,2,1783610670828381952,0,1783610670828481280,0,1783610670828504064,1783610670828502074,814,price_side,order_id,BTC-USDT,SELL,65000.24,0.001,5551468688638542637,,99328,22784,122112
journal,godzilla,5,1,2,1783610670828683008,0,1783610670828780800,0,1783610670828800768,1783610670828798895,815,price_side,order_id,BTC-USDT,BUY,65000.05,0.001,5551468688638542638,,97792,19968,117760
journal,godzilla,5,1,2,1783610670828982272,0,1783610670829094656,0,1783610670829110784,1783610670829108833,816,price_side,order_id,BTC-USDT,SELL,65000.26,0.001,5551468688638542639,,112384,16128,128512
journal,godzilla,5,1,2,1783610670829282304,0,1783610670829381888,0,1783610670829399296,1783610670829397106,817,price_side,order_id,BTC-USDT,BUY,65000.07,0.001,5551468688638542640,,99584,17408,116992
journal,godzilla,5,1,2,1783610670829581824,0,1783610670829671168,0,1783610670829692672,1783610670829690833,818,price_side,order_id,BTC-USDT,SELL,65000.28,0.001,5551468688638542641,,89344,21504,110848
journal,godzilla,5,1,2,1783610670829881856,0,1783610670829969664,0,1783610670829990656,1783610670829988526,819,price_side,order_id,BTC-USDT,BUY,65000.090000000004,0.001,5551468688638542642,,87808,20992,108800
journal,godzilla,5,1,2,1783610670830182144,0,1783610670830269696,0,1783610670830304000,1783610670830287728,820,price_side,order_id,BTC-USDT,SELL,65000.299999999996,0.001,5551468688638542643,,87552,34304,121856
journal,godzilla,5,1,2,1783610670830489344,0,1783610670830582016,0,1783610670830601728,1783610670830599712,821,price_side,order_id,BTC-USDT,BUY,65000.11,0.001,5551468688638542644,,92672,19712,112384
journal,godzilla,5,1,2,1783610670830782208,0,1783610670830873344,0,1783610670830893824,1783610670830891718,822,price_side,order_id,BTC-USDT,SELL,65000.32,0.001,5551468688638542645,,91136,20480,111616
journal,godzilla,5,1,2,1783610670831082240,0,1783610670831175936,0,1783610670831193088,1783610670831191346,823,price_side,order_id,BTC-USDT,BUY,65000.130000000005,0.001,5551468688638542646,,93696,17152,110848
journal,godzilla,5,1,2,1783610670831382016,0,1783610670831480832,0,1783610670831493888,1783610670831491777,824,price_side,order_id,BTC-USDT,SELL,65000.34,0.001,5551468688638542647,,98816,13056,111872
journal,godzilla,5,1,2,1783610670831682048,0,1783610670831772416,0,1783610670831793920,1783610670831791961,825,price_side,order_id,BTC-USDT,BUY,65000.15,0.001,5551468688638542648,,90368,21504,111872
journal,godzilla,5,1,2,1783610670831981824,0,1783610670832082176,0,1783610670832102144,1783610670832100115,826,price_side,order_id,BTC-USDT,SELL,65000.36,0.001,5551468688638542649,,100352,19968,120320
journal,godzilla,5,1,2,1783610670832281856,0,1783610670832374016,0,1783610670832391680,1783610670832389871,827,price_side,order_id,BTC-USDT,BUY,65000.17,0.001,5551468688638542650,,92160,17664,109824
journal,godzilla,5,1,2,1783610670832581888,0,1783610670832668672,0,1783610670832689408,1783610670832687416,828,price_side,order_id,BTC-USDT,SELL,65000.38,0.001,5551468688638542651,,86784,20736,107520
journal,godzilla,5,1,2,1783610670832881920,0,1783610670832972032,0,1783610670832993024,1783610670832991038,829,price_side,order_id,BTC-USDT,BUY,65000.19,0.001,5551468688638542652,,90112,20992,111104
journal,godzilla,5,1,2,1783610670833181952,0,1783610670833273600,0,1783610670833294848,1783610670833292823,830,price_side,order_id,BTC-USDT,SELL,65000.4,0.001,5551468688638542653,,91648,21248,112896
journal,godzilla,5,1,2,1783610670833488896,0,1783610670833581056,0,1783610670833602048,1783610670833599989,831,price_side,order_id,BTC-USDT,BUY,65000.21,0.001,5551468688638542654,,92160,20992,113152
journal,godzilla,5,1,2,1783610670833781760,0,1783610670833872640,0,1783610670833893120,1783610670833891076,832,price_side,order_id,BTC-USDT,SELL,65000.42,0.001,5551468688638542655,,90880,20480,111360
journal,godzilla,5,1,2,1783610670834081792,0,1783610670834175488,0,1783610670834200832,1783610670834191657,833,price_side,order_id,BTC-USDT,BUY,65000.23,0.001,5551468688638542656,,93696,25344,119040
journal,godzilla,5,1,2,1783610670834382336,0,1783610670834475776,0,1783610670834496000,1783610670834493938,834,price_side,order_id,BTC-USDT,SELL,65000.439999999995,0.001,5551468688638542657,,93440,20224,113664
journal,godzilla,5,1,2,1783610670834681856,0,1783610670834772224,0,1783610670834792704,1783610670834790665,835,price_side,order_id,BTC-USDT,BUY,65000.25,0.001,5551468688638542658,,90368,20480,110848
journal,godzilla,5,1,2,1783610670834981632,0,1783610670835077888,0,1783610670835098624,1783610670835096497,836,price_side,order_id,BTC-USDT,SELL,65000.46,0.001,5551468688638542659,,96256,20736,116992
journal,godzilla,5,1,2,1783610670835281664,0,1783610670835372800,0,1783610670835394048,1783610670835391861,837,price_side,order_id,BTC-USDT,BUY,65000.270000000004,0.001,5551468688638542660,,91136,21248,112384
journal,godzilla,5,1,2,1783610670835581696,0,1783610670835672320,0,1783610670835693312,1783610670835691364,838,price_side,order_id,BTC-USDT,SELL,65000.479999999996,0.001,5551468688638542661,,90624,20992,111616
journal,godzilla,5,1,2,1783610670835881728,0,1783610670835972608,0,1783610670835993344,1783610670835991532,839,price_side,order_id,BTC-USDT,BUY,65000.29,0.001,5551468688638542662,,90880,20736,111616
journal,godzilla,5,1,2,1783610670836188928,0,1783610670836278784,0,1783610670836297728,1783610670836295749,840,price_side,order_id,BTC-USDT,SELL,65000.5,0.001,5551468688638542663,,89856,18944,108800
journal,godzilla,5,1,2,1783610670836482048,0,1783610670836573696,0,1783610670836593664,1783610670836591531,841,price_side,order_id,BTC-USDT,BUY,65000.310000000005,0.001,5551468688638542664,,91648,19968,111616
journal,godzilla,5,1,2,1783610670836781824,0,1783610670836872704,0,1783610670836893696,1783610670836891625,842,price_side,order_id,BTC-USDT,SELL,65000.52,0.001,5551468688638542665,,90880,20992,111872
journal,godzilla,5,1,2,1783610670837082624,0,1783610670837173248,0,1783610670837191424,1783610670837189542,843,price_side,order_id,BTC-USDT,BUY,65000.33,0.001,5551468688638542666,,90624,18176,108800
journal,godzilla,5,1,2,1783610670837381888,0,1783610670837470464,0,1783610670837490432,1783610670837488406,844,price_side,order_id,BTC-USDT,SELL,65000.54,0.001,5551468688638542667,,88576,19968,108544
journal,godzilla,5,1,2,1783610670837681664,0,1783610670837771776,0,1783610670837792768,1783610670837790763,845,price_side,order_id,BTC-USDT,BUY,65000.35,0.001,5551468688638542668,,90112,20992,111104
journal,godzilla,5,1,2,1783610670837981696,0,1783610670838083328,0,1783610670838210560,1783610670838098953,846,price_side,order_id,BTC-USDT,SELL,65000.56,0.001,5551468688638542669,,101632,127232,228864
journal,godzilla,5,1,2,1783610670838288128,0,1783610670838318848,0,1783610670838435072,1783610670838432496,847,price_side,order_id,BTC-USDT,BUY,65000.37,0.001,5551468688638542670,,30720,116224,146944
journal,godzilla,5,1,2,1783610670838582272,0,1783610670838726144,0,1783610670838864896,1783610670838860247,848,price_side,order_id,BTC-USDT,SELL,65000.58,0.001,5551468688638542671,,143872,138752,282624
journal,godzilla,5,1,2,1783610670838884608,0,1783610670838982656,0,1783610670839065088,1783610670839063132,849,price_side,order_id,BTC-USDT,BUY,65000.39,0.001,5551468688638542672,,98048,82432,180480
journal,godzilla,5,1,2,1783610670839195392,0,1783610670839294208,0,1783610670839306752,1783610670839304696,850,price_side,order_id,BTC-USDT,SELL,65000.6,0.001,5551468688638542673,,98816,12544,111360
journal,godzilla,5,1,2,1783610670839482368,0,1783610670839657728,0,1783610670839796480,1783610670839790740,851,price_side,order_id,BTC-USDT,BUY,65000.41,0.001,5551468688638542674,,175360,138752,314112
journal,godzilla,5,1,2,1783610670839784704,0,1783610670839932672,0,1783610670839962368,1783610670839959652,852,price_side,order_id,BTC-USDT,SELL,65000.619999999995,0.001,5551468688638542675,,147968,29696,177664
journal,godzilla,5,1,2,1783610670840087040,0,1783610670840124672,0,1783610670840145152,1783610670840141813,853,price_side,order_id,BTC-USDT,BUY,65000.43,0.001,5551468688638542676,,37632,20480,58112
journal,godzilla,5,1,2,1783610670840387072,0,1783610670840521728,0,1783610670840643072,1783610670840639719,854,price_side,order_id,BTC-USDT,SELL,65000.64,0.001,5551468688638542677,,134656,121344,256000
journal,godzilla,5,1,2,1783610670840682496,0,1783610670840774656,0,1783610670840848384,1783610670840846743,855,price_side,order_id,BTC-USDT,BUY,65000.450000000004,0.001,5551468688638542678,,92160,73728,165888
journal,godzilla,5,1,2,1783610670840982784,0,1783610670841154560,0,1783610670841282048,1783610670841279619,856,price_side,order_id,BTC-USDT,SELL,65000.659999999996,0.001,5551468688638542679,,171776,127488,299264
journal,godzilla,5,1,2,1783610670841282304,0,1783610670841775104,0,1783610670841876480,1783610670841872934,857,price_side,order_id,BTC-USDT,BUY,65000.47,0.001,5551468688638542680,,492800,101376,594176
journal,godzilla,5,1,2,1783610670841581824,0,1783610670841797888,0,1783610670841918976,1783610670841916688,858,price_side,order_id,BTC-USDT,SELL,65000.68,0.001,5551468688638542681,,216064,121088,337152
journal,godzilla,5,1,2,1783610670841882880,0,1783610670841980672,0,1783610670842064128,1783610670842027435,859,price_side,order_id,BTC-USDT,BUY,65000.49,0.001,5551468688638542682,,97792,83456,181248
journal,godzilla,5,1,2,1783610670842202624,0,1783610670842242816,0,1783610670842288640,1783610670842286491,860,price_side,order_id,BTC-USDT,SELL,65000.7,0.001,5551468688638542683,,40192,45824,86016
journal,godzilla,5,1,2,1783610670842483456,0,1783610670842504448,0,1783610670842580992,1783610670842579072,861,price_side,order_id,BTC-USDT,BUY,65000.51,0.001,5551468688638542684,,20992,76544,97536
journal,godzilla,5,1,2,1783610670842782208,0,1783610670842898176,0,1783610670843022592,1783610670843019871,862,price_side,order_id,BTC-USDT,SELL,65000.72,0.001,5551468688638542685,,115968,124416,240384
journal,godzilla,5,1,2,1783610670843082496,0,1783610670843159040,0,1783610670843233536,1783610670843231743,863,price_side,order_id,BTC-USDT,BUY,65000.53,0.001,5551468688638542686,,76544,74496,151040
journal,godzilla,5,1,2,1783610670843383296,0,1783610670843484160,0,1783610670843502848,1783610670843501085,864,price_side,order_id,BTC-USDT,SELL,65000.74,0.001,5551468688638542687,,100864,18688,119552
journal,godzilla,5,1,2,1783610670843682304,0,1783610670843780608,0,1783610670843802880,1783610670843800839,865,price_side,order_id,BTC-USDT,BUY,65000.55,0.001,5551468688638542688,,98304,22272,120576
journal,godzilla,5,1,2,1783610670843981824,0,1783610670844087296,0,1783610670844108544,1783610670844106343,866,price_side,order_id,BTC-USDT,SELL,65000.76,0.001,5551468688638542689,,105472,21248,126720
journal,godzilla,5,1,2,1783610670844283392,0,1783610670844385792,0,1783610670844406784,1783610670844404744,867,price_side,order_id,BTC-USDT,BUY,65000.57,0.001,5551468688638542690,,102400,20992,123392
journal,godzilla,5,1,2,1783610670844583424,0,1783610670844689408,0,1783610670844708864,1783610670844707005,868,price_side,order_id,BTC-USDT,SELL,65000.78,0.001,5551468688638542691,,105984,19456,125440
journal,godzilla,5,1,2,1783610670844894464,0,1783610670845011200,0,1783610670845028352,1783610670845026157,869,price_side,order_id,BTC-USDT,BUY,65000.590000000004,0.001,5551468688638542692,,116736,17152,133888
journal,godzilla,5,1,2,1783610670845182720,0,1783610670845283840,0,1783610670845306112,1783610670845303814,870,price_side,order_id,BTC-USDT,SELL,65000.799999999996,0.001,5551468688638542693,,101120,22272,123392
journal,godzilla,5,1,2,1783610670845483264,0,1783610670845611520,0,1783610670845741568,1783610670845738475,871,price_side,order_id,BTC-USDT,BUY,65000.61,0.001,5551468688638542694,,128256,130048,258304
journal,godzilla,5,1,2,1783610670845782528,0,1783610670845864704,0,1783610670846004480,1783610670845968635,872,price_side,order_id,BTC-USDT,SELL,65000.82,0.001,5551468688638542695,,82176,139776,221952
journal,godzilla,5,1,2,1783610670846083840,0,1783610670846110208,0,1783610670846133248,1783610670846130341,873,price_side,order_id,BTC-USDT,BUY,65000.630000000005,0.001,5551468688638542696,,26368,23040,49408
journal,godzilla,5,1,2,1783610670846383104,0,1783610670846478592,0,1783610670846497280,1783610670846495452,874,price_side,order_id,BTC-USDT,SELL,65000.84,0.001,5551468688638542697,,95488,18688,114176
journal,godzilla,5,1,2,1783610670846682112,0,1783610670846779392,0,1783610670846800128,1783610670846797996,875,price_side,order_id,BTC-USDT,BUY,65000.65,0.001,5551468688638542698,,97280,20736,118016
journal,godzilla,5,1,2,1783610670846983168,0,1783610670847093248,0,1783610670847110912,1783610670847108871,876,price_side,order_id,BTC-USDT,SELL,65000.86,0.001,5551468688638542699,,110080,17664,127744
journal,godzilla,5,1,2,1783610670847282944,0,1783610670847381248,0,1783610670847399680,1783610670847397769,877,price_side,order_id,BTC-USDT,BUY,65000.67,0.001,5551468688638542700,,98304,18432,116736
journal,godzilla,5,1,2,1783610670847582208,0,1783610670847680000,0,1783610670847698944,1783610670847696998,878,price_side,order_id,BTC-USDT,SELL,65000.88,0.001,5551468688638542701,,97792,18944,116736
journal,godzilla,5,1,2,1783610670847889408,0,1783610670847986176,0,1783610670848014592,1783610670848012373,879,price_side,order_id,BTC-USDT,BUY,65000.69,0.001,5551468688638542702,,96768,28416,125184
journal,godzilla,5,1,2,1783610670848183296,0,1783610670848279552,0,1783610670848299008,1783610670848296996,880,price_side,order_id,BTC-USDT,SELL,65000.9,0.001,5551468688638542703,,96256,19456,115712
journal,godzilla,5,1,2,1783610670848482048,0,1783610670848571904,0,1783610670848593664,1783610670848591643,881,price_side,order_id,BTC-USDT,BUY,65000.71,0.001,5551468688638542704,,89856,21760,111616
journal,godzilla,5,1,2,1783610670848782080,0,1783610670848877824,0,1783610670848898816,1783610670848896759,882,price_side,order_id,BTC-USDT,SELL,65000.92,0.001,5551468688638542705,,95744,20992,116736
journal,godzilla,5,1,2,1783610670849083136,0,1783610670849182976,0,1783610670849200384,1783610670849198554,883,price_side,order_id,BTC-USDT,BUY,65000.73,0.001,5551468688638542706,,99840,17408,117248
journal,godzilla,5,1,2,1783610670849382656,0,1783610670849661440,0,1783610670849786112,1783610670849783122,884,price_side,order_id,BTC-USDT,SELL,65000.939999999995,0.001,5551468688638542707,,278784,124672,403456
journal,godzilla,5,1,2,1783610670849681664,0,1783610670849764608,0,1783610670849823488,1783610670849821366,885,price_side,order_id,BTC-USDT,BUY,65000.75,0.001,5551468688638542708,,82944,58880,141824
journal,godzilla,5,1,2,1783610670849983232,0,1783610670850025216,0,1783610670850054400,1783610670850043578,886,price_side,order_id,BTC-USDT,SELL,65000.96,0.001,5551468688638542709,,41984,29184,71168
journal,godzilla,5,1,2,1783610670850283776,0,1783610670850382080,0,1783610670850404864,1783610670850402624,887,price_side,order_id,BTC-USDT,BUY,65000.770000000004,0.001,5551468688638542710,,98304,22784,121088
journal,godzilla,5,1,2,1783610670850590976,0,1783610670850687744,0,1783610670850706944,1783610670850704778,888,price_side,order_id,BTC-USDT,SELL,65000.979999999996,0.001,5551468688638542711,,96768,19200,115968
journal,godzilla,5,1,2,1783610670850883072,0,1783610670850979328,0,1783610670851003136,1783610670851000071,889,price_side,order_id,BTC-USDT,BUY,65000.79,0.001,5551468688638542712,,96256,23808,120064
journal,godzilla,5,1,2,1783610670851182336,0,1783610670851355904,0,1783610670851491584,1783610670851486019,890,price_side,order_id,BTC-USDT,SELL,65001.0,0.001,5551468688638542713,,173568,135680,309248
journal,godzilla,5,1,2,1783610670851485184,0,1783610670851506176,0,1783610670851519232,1783610670851516661,891,price_side,order_id,BTC-USDT,BUY,65000.810000000005,0.001,5551468688638542714,,20992,13056,34048
journal,godzilla,5,1,2,1783610670851782656,0,1783610670851878400,0,1783610670851902208,1783610670851899932,892,price_side,order_id,BTC-USDT,SELL,65001.02,0.001,5551468688638542715,,95744,23808,119552
journal,godzilla,5,1,2,1783610670852083200,0,1783610670852180736,0,1783610670852199424,1783610670852197387,893,price_side,order_id,BTC-USDT,BUY,65000.83,0.001,5551468688638542716,,97536,18688,116224
journal,godzilla,5,1,2,1783610670852383488,0,1783610670852486144,0,1783610670852506368,1783610670852504317,894,price_side,order_id,BTC-USDT,SELL,65001.04,0.001,5551468688638542717,,102656,20224,122880
journal,godzilla,5,1,2,1783610670852683520,0,1783610670852805632,0,1783610670852927232,1783610670852924992,895,price_side,order_id,BTC-USDT,BUY,65000.85,0.001,5551468688638542718,,122112,121600,243712
journal,godzilla,5,1,2,1783610670852982528,0,1783610670853074688,0,1783610670853192960,1783610670853190159,896,price_side,order_id,BTC-USDT,SELL,65001.06,0.001,5551468688638542719,,92160,118272,210432
journal,godzilla,5,1,2,1783610670853283328,0,1783610670853300736,0,1783610670853321984,1783610670853319194,897,price_side,order_id,BTC-USDT,BUY,65000.87,0.001,5551468688638542720,,17408,21248,38656
journal,godzilla,5,1,2,1783610670853595904,0,1783610670853702656,0,1783610670853726720,1783610670853724331,898,price_side,order_id,BTC-USDT,SELL,65001.08,0.001,5551468688638542721,,106752,24064,130816
journal,godzilla,5,1,2,1783610670853883648,0,1783610670854298880,0,1783610670854321664,1783610670854309500,899,price_side,order_id,BTC-USDT,BUY,65000.89,0.001,5551468688638542722,,415232,22784,438016
journal,godzilla,5,1,2,1783610670854181632,0,1783610670854322944,0,1783610670854338560,1783610670854337071,900,price_side,order_id,BTC-USDT,SELL,65000.1,0.001,5551468688638542723,,141312,15616,156928
journal,godzilla,5,1,2,1783610670854483712,0,1783610670854543104,0,1783610670854566144,1783610670854563271,901,price_side,order_id,BTC-USDT,BUY,64999.91,0.001,5551468688638542724,,59392,23040,82432
journal,godzilla,5,1,2,1783610670854782976,0,1783610670854812928,0,1783610670854836736,1783610670854834367,902,price_side,order_id,BTC-USDT,SELL,65000.119999999995,0.001,5551468688638542725,,29952,23808,53760
journal,godzilla,5,1,2,1783610670855082240,0,1783610670855185408,0,1783610670855206144,1783610670855204122,903,price_side,order_id,BTC-USDT,BUY,64999.93,0.001,5551468688638542726,,103168,20736,123904
journal,godzilla,5,1,2,1783610670855382272,0,1783610670855479808,0,1783610670855499008,1783610670855497126,904,price_side,order_id,BTC-USDT,SELL,65000.14,0.001,5551468688638542727,,97536,19200,116736
journal,godzilla,5,1,2,1783610670855682048,0,1783610670855778048,0,1783610670855799552,1783610670855797539,905,price_side,order_id,BTC-USDT,BUY,64999.950000000004,0.001,5551468688638542728,,96000,21504,117504
journal,godzilla,5,1,2,1783610670855981824,0,1783610670856086272,0,1783610670856107520,1783610670856105401,906,price_side,order_id,BTC-USDT,SELL,65000.159999999996,0.001,5551468688638542729,,104448,21248,125696
journal,godzilla,5,1,2,1783610670856292096,0,1783610670856390400,0,1783610670856409344,1783610670856407475,907,price_side,order_id,BTC-USDT,BUY,64999.97,0.001,5551468688638542730,,98304,18944,117248
journal,godzilla,5,1,2,1783610670856583168,0,1783610670856678400,0,1783610670856696320,1783610670856694466,908,price_side,order_id,BTC-USDT,SELL,65000.18,0.001,5551468688638542731,,95232,17920,113152
journal,godzilla,5,1,2,1783610670856881920,0,1783610670856978688,0,1783610670857005568,1783610670857003325,909,price_side,order_id,BTC-USDT,BUY,64999.99,0.001,5551468688638542732,,96768,26880,123648
journal,godzilla,5,1,2,1783610670857183232,0,1783610670857280768,0,1783610670857299456,1783610670857297497,910,price_side,order_id,BTC-USDT,SELL,65000.2,0.001,5551468688638542733,,97536,18688,116224
journal,godzilla,5,1,2,1783610670857481728,0,1783610670857578240,0,1783610670857600512,1783610670857598494,911,price_side,order_id,BTC-USDT,BUY,65000.01,0.001,5551468688638542734,,96512,22272,118784
journal,godzilla,5,1,2,1783610670857783040,0,1783610670857876224,0,1783610670857903360,1783610670857893888,912,price_side,order_id,BTC-USDT,SELL,65000.22,0.001,5551468688638542735,,93184,27136,120320
journal,godzilla,5,1,2,1783610670858083584,0,1783610670858178304,0,1783610670858196480,1783610670858194447,913,price_side,order_id,BTC-USDT,BUY,65000.03,0.001,5551468688638542736,,94720,18176,112896
journal,godzilla,5,1,2,1783610670858382080,0,1783610670858479872,0,1783610670858501888,1783610670858499727,914,price_side,order_id,BTC-USDT,SELL,65000.24,0.001,5551468688638542737,,97792,22016,119808
journal,godzilla,5,1,2,1783610670858683392,0,1783610670858775808,0,1783610670858793984,1783610670858792221,915,price_side,order_id,BTC-USDT,BUY,65000.05,0.001,5551468688638542738,,92416,18176,110592
journal,godzilla,5,1,2,1783610670858981888,0,1783610670859089920,0,1783610670859107328,1783610670859105506,916,price_side,order_id,BTC-USDT,SELL,65000.26,0.001,5551468688638542739,,108032,17408,125440
journal,godzilla,5,1,2,1783610670859348992,0,1783610670859457536,0,1783610670859471104,1783610670859468805,917,price_side,order_id,BTC-USDT,BUY,65000.07,0.001,5551468688638542740,,108544,13568,122112
journal,godzilla,5,1,2,1783610670859583488,0,1783610670859688192,0,1783610670859698688,1783610670859696576,918,price_side,order_id,BTC-USDT,SELL,65000.28,0.001,5551468688638542741,,104704,10496,115200
journal,godzilla,5,1,2,1783610670859882240,0,1783610670859978240,0,1783610670860007936,1783610670860005754,919,price_side,order_id,BTC-USDT,BUY,65000.090000000004,0.001,5551468688638542742,,96000,29696,125696
journal,godzilla,5,1,2,1783610670860183296,0,1783610670860280064,0,1783610670860300800,1783610670860298941,920,price_side,order_id,BTC-USDT,SELL,65000.299999999996,0.001,5551468688638542743,,96768,20736,117504
journal,godzilla,5,1,2,1783610670860483840,0,1783610670860742656,0,1783610670860866048,1783610670860863554,921,price_side,order_id,BTC-USDT,BUY,65000.11,0.001,5551468688638542744,,258816,123392,382208
journal,godzilla,5,1,2,1783610670860781568,0,1783610670860832512,0,1783610670860881408,1783610670860879884,922,price_side,order_id,BTC-USDT,SELL,65000.32,0.001,5551468688638542745,,50944,48896,99840
journal,godzilla,5,1,2,1783610670861086976,0,1783610670861165824,0,1783610670861270272,1783610670861250193,923,price_side,order_id,BTC-USDT,BUY,65000.130000000005,0.001,5551468688638542746,,78848,104448,183296
journal,godzilla,5,1,2,1783610670861383936,0,1783610670861489408,0,1783610670861502976,1783610670861500612,924,price_side,order_id,BTC-USDT,SELL,65000.34,0.001,5551468688638542747,,105472,13568,119040
journal,godzilla,5,1,2,1783610670861682176,0,1783610670861776384,0,1783610670861804544,1783610670861789952,925,price_side,order_id,BTC-USDT,BUY,65000.15,0.001,5551468688638542748,,94208,28160,122368
journal,godzilla,5,1,2,1783610670861990912,0,1783610670862091008,0,1783610670862106368,1783610670862104135,926,price_side,order_id,BTC-USDT,SELL,65000.36,0.001,5551468688638542749,,100096,15360,115456
journal,godzilla,5,1,2,1783610670862282240,0,1783610670862373376,0,1783610670862393344,1783610670862391319,927,price_side,order_id,BTC-USDT,BUY,65000.17,0.001,5551468688638542750,,91136,19968,111104
journal,godzilla,5,1,2,1783610670862582016,0,1783610670862672896,0,1783610670862693632,1783610670862691666,928,price_side,order_id,BTC-USDT,SELL,65000.38,0.001,5551468688638542751,,90880,20736,111616
journal,godzilla,5,1,2,1783610670862881792,0,1783610670862972928,0,1783610670862990592,1783610670862988861,929,price_side,order_id,BTC-USDT,BUY,65000.19,0.001,5551468688638542752,,91136,17664,108800
journal,godzilla,5,1,2,1783610670863182080,0,1783610670863271168,0,1783610670863291648,1783610670863289799,930,price_side,order_id,BTC-USDT,SELL,65000.4,0.001,5551468688638542753,,89088,20480,109568
journal,godzilla,5,1,2,1783610670863481856,0,1783610670863572480,0,1783610670863592960,1783610670863591134,931,price_side,order_id,BTC-USDT,BUY,65000.21,0.001,5551468688638542754,,90624,20480,111104
journal,godzilla,5,1,2,1783610670863781632,0,1783610670863872768,0,1783610670863893760,1783610670863891957,932,price_side,order_id,BTC-USDT,SELL,65000.42,0.001,5551468688638542755,,91136,20992,112128
journal,godzilla,5,1,2,1783610670864082176,0,1783610670864172800,0,1783610670864190976,1783610670864189171,933,price_side,order_id,BTC-USDT,BUY,65000.23,0.001,5551468688638542756,,90624,18176,108800
journal,godzilla,5,1,2,1783610670864381952,0,1783610670864471552,0,1783610670864492544,1783610670864490719,934,price_side,order_id,BTC-USDT,SELL,65000.439999999995,0.001,5551468688638542757,,89600,20992,110592
journal,godzilla,5,1,2,1783610670864681728,0,1783610670864773120,0,1783610670864793088,1783610670864791201,935,price_side,order_id,BTC-USDT,BUY,65000.25,0.001,5551468688638542758,,91392,19968,111360
journal,godzilla,5,1,2,1783610670864988672,0,1783610670865087744,0,1783610670865108480,1783610670865106497,936,price_side,order_id,BTC-USDT,SELL,65000.46,0.001,5551468688638542759,,99072,20736,119808
journal,godzilla,5,1,2,1783610670865282048,0,1783610670865367552,0,1783610670865385728,1783610670865383930,937,price_side,order_id,BTC-USDT,BUY,65000.270000000004,0.001,5551468688638542760,,85504,18176,103680
journal,godzilla,5,1,2,1783610670865581824,0,1783610670865673472,0,1783610670865700864,1783610670865692013,938,price_side,order_id,BTC-USDT,SELL,65000.479999999996,0.001,5551468688638542761,,91648,27392,119040
journal,godzilla,5,1,2,1783610670865882112,0,1783610670865973504,0,1783610670865993984,1783610670865992046,939,price_side,order_id,BTC-USDT,BUY,65000.29,0.001,5551468688638542762,,91392,20480,111872
journal,godzilla,5,1,2,1783610670866181888,0,1783610670866272768,0,1783610670866291712,1783610670866289978,940,price_side,order_id,BTC-USDT,SELL,65000.5,0.001,5551468688638542763,,90880,18944,109824
journal,godzilla,5,1,2,1783610670866481920,0,1783610670866571776,0,1783610670866592768,1783610670866590856,941,price_side,order_id,BTC-USDT,BUY,65000.310000000005,0.001,5551468688638542764,,89856,20992,110848
journal,godzilla,5,1,2,1783610670866781696,0,1783610670866882560,0,1783610670867000320,1783610670866993565,942,price_side,order_id,BTC-USDT,SELL,65000.52,0.001,5551468688638542765,,100864,117760,218624
journal,godzilla,5,1,2,1783610670867083008,0,1783610670867113472,0,1783610670867211520,1783610670867209447,943,price_side,order_id,BTC-USDT,BUY,65000.33,0.001,5551468688638542766,,30464,98048,128512
journal,godzilla,5,1,2,1783610670867382016,0,1783610670867481600,0,1783610670867493632,1783610670867491778,944,price_side,order_id,BTC-USDT,SELL,65000.54,0.001,5551468688638542767,,99584,12032,111616
journal,godzilla,5,1,2,1783610670867688704,0,1783610670867789824,0,1783610670867804672,1783610670867802691,945,price_side,order_id,BTC-USDT,BUY,65000.35,0.001,5551468688638542768,,101120,14848,115968
journal,godzilla,5,1,2,1783610670867981824,0,1783610670868082688,0,1783610670868099840,1783610670868096974,946,price_side,order_id,BTC-USDT,SELL,65000.56,0.001,5551468688638542769,,100864,17152,118016
journal,godzilla,5,1,2,1783610670868281856,0,1783610670868378368,0,1783610670868392448,1783610670868390454,947,price_side,order_id,BTC-USDT,BUY,65000.37,0.001,5551468688638542770,,96512,14080,110592
journal,godzilla,5,1,2,1783610670868581888,0,1783610670868677888,0,1783610670868693248,1783610670868691292,948,price_side,order_id,BTC-USDT,SELL,65000.58,0.001,5551468688638542771,,96000,15360,111360
journal,godzilla,5,1,2,1783610670868881664,0,1783610670868980992,0,1783610670868994560,1783610670868992537,949,price_side,order_id,BTC-USDT,BUY,65000.39,0.001,5551468688638542772,,99328,13568,112896
journal,godzilla,5,1,2,1783610670869181696,0,1783610670869278208,0,1783610670869293312,1783610670869291285,950,price_side,order_id,BTC-USDT,SELL,65000.6,0.001,5551468688638542773,,96512,15104,111616
journal,godzilla,5,1,2,1783610670869481728,0,1783610670869579008,0,1783610670869594624,1783610670869592721,951,price_side,order_id,BTC-USDT,BUY,65000.41,0.001,5551468688638542774,,97280,15616,112896
journal,godzilla,5,1,2,1783610670869781760,0,1783610670869878784,0,1783610670869900288,1783610670869891529,952,price_side,order_id,BTC-USDT,SELL,65000.619999999995,0.001,5551468688638542775,,97024,21504,118528
journal,godzilla,5,1,2,1783610670870082304,0,1783610670870178048,0,1783610670870190848,1783610670870189038,953,price_side,order_id,BTC-USDT,BUY,65000.43,0.001,5551468688638542776,,95744,12800,108544
journal,godzilla,5,1,2,1783610670870381824,0,1783610670870476288,0,1783610670870487808,1783610670870486207,954,price_side,order_id,BTC-USDT,SELL,65000.64,0.001,5551468688638542777,,94464,11520,105984
journal,godzilla,5,1,2,1783610670870688256,0,1783610670870783232,0,1783610670870800128,1783610670870798292,955,price_side,order_id,BTC-USDT,BUY,65000.450000000004,0.001,5551468688638542778,,94976,16896,111872
journal,godzilla,5,1,2,1783610670870981888,0,1783610670871095808,0,1783610670871107072,1783610670871105369,956,price_side,order_id,BTC-USDT,SELL,65000.659999999996,0.001,5551468688638542779,,113920,11264,125184
journal,godzilla,5,1,2,1783610670871281920,0,1783610670871401728,0,1783610670871530496,1783610670871527690,957,price_side,order_id,BTC-USDT,BUY,65000.47,0.001,5551468688638542780,,119808,128768,248576
journal,godzilla,5,1,2,1783610670871582208,0,1783610670871667968,0,1783610670871747328,1783610670871745558,958,price_side,order_id,BTC-USDT,SELL,65000.68,0.001,5551468688638542781,,85760,79360,165120
journal,godzilla,5,1,2,1783610670871883264,0,1783610670871981056,0,1783610670871993088,1783610670871991216,959,price_side,order_id,BTC-USDT,BUY,65000.49,0.001,5551468688638542782,,97792,12032,109824
journal,godzilla,5,1,2,1783610670872181760,0,1783610670872278272,0,1783610670872292864,1783610670872290929,960,price_side,order_id,BTC-USDT,SELL,65000.7,0.001,5551468688638542783,,96512,14592,111104
journal,godzilla,5,1,2,1783610670872481792,0,1783610670872580864,0,1783610670872596224,1783610670872594371,961,price_side,order_id,BTC-USDT,BUY,65000.51,0.001,5551468688638542784,,99072,15360,114432
journal,godzilla,5,1,2,1783610670872783104,0,1783610670872897024,0,1783610670873059072,1783610670873053085,962,price_side,order_id,BTC-USDT,SELL,65000.72,0.001,5551468688638542785,,113920,162048,275968
journal,godzilla,5,1,2,1783610670873087232,0,1783610670873279488,0,1783610670873393664,1783610670873389894,963,price_side,order_id,BTC-USDT,BUY,65000.53,0.001,5551468688638542786,,192256,114176,306432
journal,godzilla,5,1,2,1783610670873383680,0,1783610670873509632,0,1783610670873648896,1783610670873645647,964,price_side,order_id,BTC-USDT,SELL,65000.74,0.001,5551468688638542787,,125952,139264,265216
journal,godzilla,5,1,2,1783610670873699584,0,1783610670873832704,0,1783610670873862912,1783610670873850891,965,price_side,order_id,BTC-USDT,BUY,65000.55,0.001,5551468688638542788,,133120,30208,163328
journal,godzilla,5,1,2,1783610670874011136,0,1783610670874165248,0,1783610670874278656,1783610670874275928,966,price_side,order_id,BTC-USDT,SELL,65000.76,0.001,5551468688638542789,,154112,113408,267520
journal,godzilla,5,1,2,1783610670874282240,0,1783610670874594048,0,1783610670874691840,1783610670874689967,967,price_side,order_id,BTC-USDT,BUY,65000.57,0.001,5551468688638542790,,311808,97792,409600
journal,godzilla,5,1,2,1783610670874581504,0,1783610670874674944,0,1783610670874710016,1783610670874708565,968,price_side,order_id,BTC-USDT,SELL,65000.78,0.001,5551468688638542791,,93440,35072,128512
journal,godzilla,5,1,2,1783610670874883840,0,1783610670875686400,0,1783610670875833088,1783610670875828979,969,price_side,order_id,BTC-USDT,BUY,65000.590000000004,0.001,5551468688638542792,,802560,146688,949248
journal,godzilla,5,1,2,1783610670875181568,0,1783610670875767040,0,1783610670875863040,1783610670875861546,970,price_side,order_id,BTC-USDT,SELL,65000.799999999996,0.001,5551468688638542793,,585472,96000,681472
journal,godzilla,5,1,2,1783610670875481088,0,1783610670875827200,0,1783610670875877120,1783610670875875870,971,price_side,order_id,BTC-USDT,BUY,65000.61,0.001,5551468688638542794,,346112,49920,396032
journal,godzilla,5,1,2,1783610670875783680,0,1783610670875885568,0,1783610670875912960,1783610670875910631,972,price_side,order_id,BTC-USDT,SELL,65000.82,0.001,5551468688638542795,,101888,27392,129280
journal,godzilla,5,1,2,1783610670876085760,0,1783610670876134656,0,1783610670876305152,1783610670876299015,973,price_side,order_id,BTC-USDT,BUY,65000.630000000005,0.001,5551468688638542796,,48896,170496,219392
journal,godzilla,5,1,2,1783610670876403712,0,1783610670876639232,0,1783610670876769024,1783610670876765054,974,price_side,order_id,BTC-USDT,SELL,65000.84,0.001,5551468688638542797,,235520,129792,365312
journal,godzilla,5,1,2,1783610670876682496,0,1783610670876788480,0,1783610670876860928,1783610670876858153,975,price_side,order_id,BTC-USDT,BUY,65000.65,0.001,5551468688638542798,,105984,72448,178432
journal,godzilla,5,1,2,1783610670877004800,0,1783610670877137408,0,1783610670877215744,1783610670877209868,976,price_side,order_id,BTC-USDT,SELL,65000.86,0.001,5551468688638542799,,132608,78336,210944
journal,godzilla,5,1,2,1783610670877285888,0,1783610670877405952,0,1783610670877639936,1783610670877634169,977,price_side,order_id,BTC-USDT,BUY,65000.67,0.001,5551468688638542800,,120064,233984,354048
journal,godzilla,5,1,2,1783610670877584640,0,1783610670877779712,0,1783610670877816832,1783610670877795540,978,price_side,order_id,BTC-USDT,SELL,65000.88,0.001,5551468688638542801,,195072,37120,232192
journal,godzilla,5,1,2,1783610670877884672,0,1783610670877950464,0,1783610670877970944,1783610670877968835,979,price_side,order_id,BTC-USDT,BUY,65000.69,0.001,5551468688638542802,,65792,20480,86272
journal,godzilla,5,1,2,1783610670878183680,0,1783610670878299648,0,1783610670878423296,1783610670878420776,980,price_side,order_id,BTC-USDT,SELL,65000.9,0.001,5551468688638542803,,115968,123648,239616
journal,godzilla,5,1,2,1783610670878482176,0,1783610670878559488,0,1783610670878653184,1783610670878651264,981,price_side,order_id,BTC-USDT,BUY,65000.71,0.001,5551468688638542804,,77312,93696,171008
journal,godzilla,5,1,2,1783610670878783488,0,1783610670878884864,0,1783610670878899456,1783610670878897608,982,price_side,order_id,BTC-USDT,SELL,65000.92,0.001,5551468688638542805,,101376,14592,115968
journal,godzilla,5,1,2,1783610670879082240,0,1783610670879215616,0,1783610670879339008,1783610670879336277,983,price_side,order_id,BTC-USDT,BUY,65000.73,0.001,5551468688638542806,,133376,123392,256768
journal,godzilla,5,1,2,1783610670879397888,0,1783610670879448576,0,1783610670879556608,1783610670879554417,984,price_side,order_id,BTC-USDT,SELL,65000.939999999995,0.001,5551468688638542807,,50688,108032,158720
journal,godzilla,5,1,2,1783610670879683584,0,1783610670879783168,0,1783610670879801600,1783610670879799791,985,price_side,order_id,BTC-USDT,BUY,65000.75,0.001,5551468688638542808,,99584,18432,118016
journal,godzilla,5,1,2,1783610670879982336,0,1783610670880086528,0,1783610670880105728,1783610670880103759,986,price_side,order_id,BTC-USDT,SELL,65000.96,0.001,5551468688638542809,,104192,19200,123392
journal,godzilla,5,1,2,1783610670880282368,0,1783610670880380928,0,1783610670880397824,1783610670880396147,987,price_side,order_id,BTC-USDT,BUY,65000.770000000004,0.001,5551468688638542810,,98560,16896,115456
journal,godzilla,5,1,2,1783610670880582144,0,1783610670880679680,0,1783610670880701440,1783610670880699513,988,price_side,order_id,BTC-USDT,SELL,65000.979999999996,0.001,5551468688638542811,,97536,21760,119296
journal,godzilla,5,1,2,1783610670880883200,0,1783610670881015040,0,1783610670881137664,1783610670881134378,989,price_side,order_id,BTC-USDT,BUY,65000.79,0.001,5551468688638542812,,131840,122624,254464
journal,godzilla,5,1,2,1783610670881182720,0,1783610670881263360,0,1783610670881360128,1783610670881358195,990,price_side,order_id,BTC-USDT,SELL,65001.0,0.001,5551468688638542813,,80640,96768,177408
journal,godzilla,5,1,2,1783610670881483264,0,1783610670881588736,0,1783610670881621248,1783610670881608961,991,price_side,order_id,BTC-USDT,BUY,65000.810000000005,0.001,5551468688638542814,,105472,32512,137984
journal,godzilla,5,1,2,1783610670881783552,0,1783610670881881088,0,1783610670881903104,1783610670881900998,992,price_side,order_id,BTC-USDT,SELL,65001.02,0.001,5551468688638542815,,97536,22016,119552
journal,godzilla,5,1,2,1783610670882093312,0,1783610670882187520,0,1783610670882207232,1783610670882205233,993,price_side,order_id,BTC-USDT,BUY,65000.83,0.001,5551468688638542816,,94208,19712,113920
journal,godzilla,5,1,2,1783610670882383360,0,1783610670882477312,0,1783610670882495488,1783610670882493613,994,price_side,order_id,BTC-USDT,SELL,65001.04,0.001,5551468688638542817,,93952,18176,112128
journal,godzilla,5,1,2,1783610670882683648,0,1783610670882781952,0,1783610670882804736,1783610670882802216,995,price_side,order_id,BTC-USDT,BUY,65000.85,0.001,5551468688638542818,,98304,22784,121088
journal,godzilla,5,1,2,1783610670882983168,0,1783610670883096576,0,1783610670883111680,1783610670883109918,996,price_side,order_id,BTC-USDT,SELL,65001.06,0.001,5551468688638542819,,113408,15104,128512
journal,godzilla,5,1,2,1783610670883281920,0,1783610670883388160,0,1783610670883401728,1783610670883399710,997,price_side,order_id,BTC-USDT,BUY,65000.87,0.001,5551468688638542820,,106240,13568,119808
journal,godzilla,5,1,2,1783610670883582208,0,1783610670883686400,0,1783610670883703040,1783610670883700304,998,price_side,order_id,BTC-USDT,SELL,65001.08,0.001,5551468688638542821,,104192,16640,120832
journal,godzilla,5,1,2,1783610670883882752,0,1783610670884045824,0,1783610670884175104,1783610670884172214,999,price_side,order_id,BTC-USDT,BUY,65000.89,0.001,5551468688638542822,,163072,129280,292352
journal,godzilla,5,1,2,1783610670884182528,0,1783610670884274688,0,1783610670884329984,1783610670884328193,1000,price_side,order_id,BTC-USDT,SELL,65000.1,0.001,5551468688638542823,,92160,55296,147456
