source,dest,trigger_time,gen_time,msg_type,msg_name,data.account_id,data.exchange_id,data.instrument_type,data.order_id,data.order_type,data.position_side,data.price,data.raw_address,data.reduce_only,data.side,data.source_id,data.stop_price,data.strategy_id,data.symbol,data.time_condition,data.volume
2837957847,4194834854,0,1783610670584830667,201,order_input,benchmark,mock,InstrumentType.Spot,5551468688638541824,OrderType.Limit,Direction.Long,64999.91,995263296,False,Side.Buy,,64999.91,1653898000,BTC-USDT,TimeCondition.GTC,0.001
2837957847,4194834854,0,1783610670585103617,201,order_input,benchmark,mock,InstrumentType.Spot,5551468688638541825,OrderType.Limit,Direction.Long,65000.119999999995,995263680,False,Side.Sell,,65000.119999999995,1653898000,BTC-USDT,TimeCondition.GTC,0.001
2837957847,4194834854,0,1783610670585132827,201,order_input,benchmark,mock,InstrumentType.Spot,5551468688638541826,OrderType.Limit,Direction.Long,64999.93,995264976,False,Side.Buy,,64999.93,1653898000,BTC-USDT,TimeCondition.GTC,0.001
2837957847,4194834854,0,1783610670585487286,201,order_input,benchmark,mock,InstrumentType.Spot,5551468688638541827,OrderType.Limit,Direction.Long,65000.14,995266368,False,Side.Sell,,65000.14,1653898000,BTC-USDT,TimeCondition.GTC,0.001
2837957847,4194834854,0,1783610670585746947,201,order_input,benchmark,mock,InstrumentType.Spot,5551468688638541828,OrderType.Limit,Direction.Long,64999.950000000004,995267904,False,Side.Buy,,64999.950000000004,1653898000,BTC-USDT,TimeCondition.GTC,0.001
2837957847,4194834854,0,1783610670586121068,201,order_input,benchmark,mock,InstrumentType.Spot,5551468688638541829,OrderType.Limit,Direction.Long,65000.159999999996,995269440,False,Side.Sell,,65000.159999999996,1653898000,BTC-USDT,TimeCondition.GTC,0.001
2837957847,4194834854,0,1783610670586431419,201,order_input,benchmark,mock,InstrumentType.Spot,5551468688638541830,OrderType.Limit,Direction.Long,64999.97,995270976,False,Side.Buy,,64999.97,1653898000,BTC-USDT,TimeCondition.GTC,0.001
2837957847,4194834854,0,1783610670586601305,201,order_input,benchmark,mock,InstrumentType.Spot,5551468688638541831,OrderType.Limit,Direction.Long,65000.18,995272512,False,Side.Sell,,65000.18,1653898000,BTC-USDT,TimeCondition.GTC,0.001
2837957847,4194834854,0,1783610670586918036,201,order_input,benchmark,mock,InstrumentType.Spot,5551468688638541832,OrderType.Limit,Direction.Long,64999.99,995274048,False,Side.Buy,,64999.99,1653898000,BTC-USDT,TimeCondition.GTC,0.001
2837957847,4194834854,0,1783610670587482544,201,order_input,benchmark,mock,InstrumentType.Spot,5551468688638541833,OrderType.Limit,Direction.Long,65000.2,995275584,False,Side.Sell,,65000.2,1653898000,BTC-USDT,TimeCondition.GTC,0.001
2837957847,4194834854,0,1783610670587682074,201,order_input,benchmark,mock,InstrumentType.Spot,5551468688638541834,OrderType.Limit,Direction.Long,65000.01,995277120,False,Side.Buy,,65000.01,1653898000,BTC-USDT,TimeCondition.GTC,0.001
2837957847,4194834854,0,1783610670587805399,201,order_input,benchmark,mock,InstrumentType.Spot,5551468688638541835,OrderType.Limit,Direction.Long,65000.22,995278656,False,Side.Sell,,65000.22,1653898000,BTC-USDT,TimeCondition.GTC,0.001
2837957847,4194834854,0,1783610670588116765,201,order_input,benchmark,mock,InstrumentType.Spot,5551468688638541836,OrderType.Limit,Direction.Long,65000.03,995280192,False,Side.Buy,,65000.03,1653898000,BTC-USDT,TimeCondition.GTC,0.001
2837957847,4194834854,0,1783610670588449935,201,order_input,benchmark,mock,InstrumentType.Spot,5551468688638541837,OrderType.Limit,Direction.Long,65000.24,995281728,False,Side.Sell,,65000.24,1653898000,BTC-USDT,TimeCondition.GTC,0.001
2837957847,4194834854,0,1783610670588826311,201,order_input,benchmark,mock,InstrumentType.Spot,5551468688638541838,OrderType.Limit,Direction.Long,65000.05,995283264,False,Side.Buy,,65000.05,1653898000,BTC-USDT,TimeCondition.GTC,0.001
2837957847,4194834854,0,1783610670589096026,201,order_input,benchmark,mock,InstrumentType.Spot,5551468688638541839,OrderType.Limit,Direction.Long,65000.26,995284800,False,Side.Sell,,65000.26,1653898000,BTC-USDT,TimeCondition.GTC,0.001
2837957847,4194834854,0,1783610670589355262,201,order_input,benchmark,mock,InstrumentType.Spot,5551468688638541840,OrderType.Limit,Direction.Long,65000.07,995286336,False,Side.Buy,,65000.07,1653898000,BTC-USDT,TimeCondition.GTC,0.001
2837957847,4194834854,0,1783610670589679129,201,order_input,benchmark,mock,InstrumentType.Spot,5551468688638541841,OrderType.Limit,Direction.Long,65000.28,995287872,False,Side.Sell,,65000.28,1653898000,BTC-USDT,TimeCondition.GTC,0.001
2837957847,4194834854,0,1783610670589932911,201,order_input,benchmark,mock,InstrumentType.Spot,5551468688638541842,OrderType.Limit,Direction.Long,65000.090000000004,993697200,False,Side.Buy,,65000.090000000004,1653898000,BTC-USDT,TimeCondition.GTC,0.001
2837957847,4194834854,0,1783610670590294556,201,order_input,benchmark,mock,InstrumentType.Spot,5551468688638541843,OrderType.Limit,Direction.Long,65000.299999999996,993698736,False,Side.Sell,,65000.299999999996,1653898000,BTC-USDT,TimeCondition.GTC,0.001
2837957847,4194834854,0,1783610670590528379,201,order_input,benchmark,mock,InstrumentType.Spot,5551468688638541844,OrderType.Limit,Direction.Long,65000.11,993700272,False,Side.Buy,,65000.11,1653898000,BTC-USDT,TimeCondition.GTC,0.001
2837957847,4194834854,0,1783610670590884910,201,order_input,benchmark,mock,InstrumentType.Spot,5551468688638541845,OrderType.Limit,Direction.Long,65000.32,993701808,False,Side.Sell,,65000.32,1653898000,BTC-USDT,TimeCondition.GTC,0.001
2837957847,4194834854,0,1783610670591123904,201,order_input,benchmark,mock,InstrumentType.Spot,5551468688638541846,OrderType.Limit,Direction.Long,65000.130000000005,993703344,False,Side.Buy,,65000.130000000005,1653898000,BTC-USDT,TimeCondition.GTC,0.001
2837957847,4194834854,0,1783610670591642231,201,order_input,benchmark,mock,InstrumentType.Spot,5551468688638541847,OrderType.Limit,Direction.Long,65000.34,993704880,False,Side.Sell,,65000.34,1653898000,BTC-USDT,TimeCondition.GTC,0.001
2837957847,4194834854,0,1783610670591708608,201,order_input,benchmark,mock,InstrumentType.Spot,5551468688638541848,OrderType.Limit,Direction.Long,65000.15,993706416,False,Side.Buy,,65000.15,1653898000,BTC-USDT,TimeCondition.GTC,0.001
2837957847,4194834854,0,1783610670592134648,201,order_input,benchmark,mock,InstrumentType.Spot,5551468688638541849,OrderType.Limit,Direction.Long,65000.36,993707952,False,Side.Sell,,65000.36,1653898000,BTC-USDT,TimeCondition.GTC,0.001
2837957847,4194834854,0,1783610670592410275,201,order_input,benchmark,mock,InstrumentType.Spot,5551468688638541850,OrderType.Limit,Direction.Long,65000.17,993709488,False,Side.Buy,,65000.17,1653898000,BTC-USDT,TimeCondition.GTC,0.001
2837957847,4194834854,0,1783610670592692525,201,order_input,benchmark,mock,InstrumentType.Spot,5551468688638541851,OrderType.Limit,Direction.Long,65000.38,993711024,False,Side.Sell,,65000.38,1653898000,BTC-USDT,TimeCondition.GTC,0.001
2837957847,4194834854,0,1783610670592953300,201,order_input,benchmark,mock,InstrumentType.Spot,5551468688638541852,OrderType.Limit,Direction.Long,65000.19,993712560,False,Side.Buy,,65000.19,1653898000,BTC-USDT,TimeCondition.GTC,0.001
2837957847,4194834854,0,1783610670593224501,201,order_input,benchmark,mock,InstrumentType.Spot,5551468688638541853,OrderType.Limit,Direction.Long,65000.4,993714096,False,Side.Sell,,65000.4,1653898000,BTC-USDT,TimeCondition.GTC,0.001
2837957847,4194834854,0,1783610670593516092,201,order_input,benchmark,mock,InstrumentType.Spot,5551468688638541854,OrderType.Limit,Direction.Long,65000.21,993715632,False,Side.Buy,,65000.21,1653898000,BTC-USDT,TimeCondition.GTC,0.001
2837957847,4194834854,0,1783610670593923691,201,order_input,benchmark,mock,InstrumentType.Spot,5551468688638541855,OrderType.Limit,Direction.Long,65000.42,993717168,False,Side.Sell,,65000.42,1653898000,BTC-USDT,TimeCondition.GTC,0.001
2837957847,4194834854,0,1783610670594150500,201,order_input,benchmark,mock,InstrumentType.Spot,5551468688638541856,OrderType.Limit,Direction.Long,65000.23,993718704,False,Side.Buy,,65000.23,1653898000,BTC-USDT,TimeCondition.GTC,0.001
2837957847,4194834854,0,1783610670594604862,201,order_input,benchmark,mock,InstrumentType.Spot,5551468688638541857,OrderType.Limit,Direction.Long,65000.439999999995,993720240,False,Side.Sell,,65000.439999999995,1653898000,BTC-USDT,TimeCondition.GTC,0.001
2837957847,4194834854,0,1783610670594793122,201,order_input,benchmark,mock,InstrumentType.Spot,5551468688638541858,OrderType.Limit,Direction.Long,65000.25,993721776,False,Side.Buy,,65000.25,1653898000,BTC-USDT,TimeCondition.GTC,0.001
2837957847,4194834854,0,1783610670595039588,201,order_input,benchmark,mock,InstrumentType.Spot,5551468688638541859,OrderType.Limit,Direction.Long,65000.46,993723312,False,Side.Sell,,65000.46,1653898000,BTC-USDT,TimeCondition.GTC,0.001
2837957847,4194834854,0,1783610670595370069,201,order_input,benchmark,mock,InstrumentType.Spot,5551468688638541860,OrderType.Limit,Direction.Long,65000.270000000004,993724848,False,Side.Buy,,65000.270000000004,1653898000,BTC-USDT,TimeCondition.GTC,0.001
2837957847,4194834854,0,1783610670595731083,201,order_input,benchmark,mock,InstrumentType.Spot,5551468688638541861,OrderType.Limit,Direction.Long,65000.479999999996,993726384,False,Side.Sell,,65000.479999999996,1653898000,BTC-USDT,TimeCondition.GTC,0.001
2837957847,4194834854,0,1783610670595900188,201,order_input,benchmark,mock,InstrumentType.Spot,5551468688638541862,OrderType.Limit,Direction.Long,65000.29,993727920,False,Side.Buy,,65000.29,1653898000,BTC-USDT,TimeCondition.GTC,0.001
2837957847,4194834854,0,1783610670596365952,201,order_input,benchmark,mock,InstrumentType.Spot,5551468688638541863,OrderType.Limit,Direction.Long,65000.5,993729456,False,Side.Sell,,65000.5,1653898000,BTC-USDT,TimeCondition.GTC,0.001
2837957847,4194834854,0,1783610670596536387,201,order_input,benchmark,mock,InstrumentType.Spot,5551468688638541864,OrderType.Limit,Direction.Long,65000.310000000005,993730992,False,Side.Buy,,65000.310000000005,1653898000,BTC-USDT,TimeCondition.GTC,0.001
2837957847,4194834854,0,1783610670596927087,201,order_input,benchmark,mock,InstrumentType.Spot,5551468688638541865,OrderType.Limit,Direction.Long,65000.52,993732528,False,Side.Sell,,65000.52,1653898000,BTC-USDT,TimeCondition.GTC,0.001
2837957847,4194834854,0,1783610670597181248,201,order_input,benchmark,mock,InstrumentType.Spot,5551468688638541866,OrderType.Limit,Direction.Long,65000.33,993734064,False,Side.Buy,,65000.33,1653898000,BTC-USDT,TimeCondition.GTC,0.001
2837957847,4194834854,0,1783610670597426526,201,order_input,benchmark,mock,InstrumentType.Spot,5551468688638541867,OrderType.Limit,Direction.Long,65000.54,993735600,False,Side.Sell,,65000.54,1653898000,BTC-USDT,TimeCondition.GTC,0.001
2837957847,4194834854,0,1783610670597782903,201,order_input,benchmark,mock,InstrumentType.Spot,5551468688638541868,OrderType.Limit,Direction.Long,65000.35,993737136,False,Side.Buy,,65000.35,1653898000,BTC-USDT,TimeCondition.GTC,0.001
2837957847,4194834854,0,1783610670598038000,201,order_input,benchmark,mock,InstrumentType.Spot,5551468688638541869,OrderType.Limit,Direction.Long,65000.56,993801360,False,Side.Sell,,65000.56,1653898000,BTC-USDT,TimeCondition.GTC,0.001
2837957847,4194834854,0,1783610670598328072,201,order_input,benchmark,mock,InstrumentType.Spot,5551468688638541870,OrderType.Limit,Direction.Long,65000.37,993802896,False,Side.Buy,,65000.37,1653898000,BTC-USDT,TimeCondition.GTC,0.001
2837957847,4194834854,0,1783610670598690574,201,order_input,benchmark,mock,InstrumentType.Spot,5551468688638541871,OrderType.Limit,Direction.Long,65000.58,993804432,False,Side.Sell,,65000.58,1653898000,BTC-USDT,TimeCondition.GTC,0.001
2837957847,4194834854,0,1783610670598973502,201,order_input,benchmark,mock,InstrumentType.Spot,5551468688638541872,OrderType.Limit,Direction.Long,65000.39,993805968,False,Side.Buy,,65000.39,1653898000,BTC-USDT,TimeCondition.GTC,0.001
2837957847,4194834854,0,1783610670599395758,201,order_input,benchmark,mock,InstrumentType.Spot,5551468688638541873,OrderType.Limit,Direction.Long,65000.6,993807504,False,Side.Sell,,65000.6,1653898000,BTC-USDT,TimeCondition.GTC,0.001
2837957847,4194834854,0,1783610670599537682,201,order_input,benchmark,mock,InstrumentType.Spot,5551468688638541874,OrderType.Limit,Direction.Long,65000.41,993809040,False,Side.Buy,,65000.41,1653898000,BTC-USDT,TimeCondition.GTC,0.001
2837957847,4194834854,0,1783610670599942216,201,order_input,benchmark,mock,InstrumentType.Spot,5551468688638541875,OrderType.Limit,Direction.Long,65000.619999999995,993810576,False,Side.Sell,,65000.619999999995,1653898000,BTC-USDT,TimeCondition.GTC,0.001
2837957847,4194834854,0,1783610670600147546,201,order_input,benchmark,mock,InstrumentType.Spot,5551468688638541876,OrderType.Limit,Direction.Long,65000.43,993812112,False,Side.Buy,,65000.43,1653898000,BTC-USDT,TimeCondition.GTC,0.001
2837957847,4194834854,0,1783610670600451242,201,order_input,benchmark,mock,InstrumentType.Spot,5551468688638541877,OrderType.Limit,Direction.Long,65000.64,993813648,False,Side.Sell,,65000.64,1653898000,BTC-USDT,TimeCondition.GTC,0.001
2837957847,4194834854,0,1783610670600714082,201,order_input,benchmark,mock,InstrumentType.Spot,5551468688638541878,OrderType.Limit,Direction.Long,65000.450000000004,993815184,False,Side.Buy,,65000.450000000004,1653898000,BTC-USDT,TimeCondition.GTC,0.001
2837957847,4194834854,0,1783610670601098817,201,order_input,benchmark,mock,InstrumentType.Spot,5551468688638541879,OrderType.Limit,Direction.Long,65000.659999999996,993816720,False,Side.Sell,,65000.659999999996,1653898000,BTC-USDT,TimeCondition.GTC,0.001
2837957847,4194834854,0,1783610670601305886,201,order_input,benchmark,mock,InstrumentType.Spot,5551468688638541880,OrderType.Limit,Direction.Long,65000.47,993818256,False,Side.Buy,,65000.47,1653898000,BTC-USDT,TimeCondition.GTC,0.001
2837957847,4194834854,0,1783610670601641020,201,order_input,benchmark,mock,InstrumentType.Spot,5551468688638541881,OrderType.Limit,Direction.Long,65000.68,993819792,False,Side.Sell,,65000.68,1653898000,BTC-USDT,TimeCondition.GTC,0.001
2837957847,4194834854,0,1783610670601907310,201,order_input,benchmark,mock,InstrumentType.Spot,5551468688638541882,OrderType.Limit,Direction.Long,65000.49,993821328,False,Side.Buy,,65000.49,1653898000,BTC-USDT,TimeCondition.GTC,0.001
2837957847,4194834854,0,1783610670602303977,201,order_input,benchmark,mock,InstrumentType.Spot,5551468688638541883,OrderType.Limit,Direction.Long,65000.7,993822864,False,Side.Sell,,65000.7,1653898000,BTC-USDT,TimeCondition.GTC,0.001
2837957847,4194834854,0,1783610670602601601,201,order_input,benchmark,mock,InstrumentType.Spot,5551468688638541884,OrderType.Limit,Direction.Long,65000.51,993824400,False,Side.Buy,,65000.51,1653898000,BTC-USDT,TimeCondition.GTC,0.001
2837957847,4194834854,0,1783610670602810756,201,order_input,benchmark,mock,InstrumentType.Spot,5551468688638541885,OrderType.Limit,Direction.Long,65000.72,993825936,False,Side.Sell,,65000.72,1653898000,BTC-USDT,TimeCondition.GTC,0.001
2837957847,4194834854,0,1783610670603202742,201,order_input,benchmark,mock,InstrumentType.Spot,5551468688638541886,OrderType.Limit,Direction.Long,65000.53,993827472,False,Side.Buy,,65000.53,1653898000,BTC-USDT,TimeCondition.GTC,0.001
2837957847,4194834854,0,1783610670603425686,201,order_input,benchmark,mock,InstrumentType.Spot,5551468688638541887,OrderType.Limit,Direction.Long,65000.74,993829008,False,Side.Sell,,65000.74,1653898000,BTC-USDT,TimeCondition.GTC,0.001
2837957847,4194834854,0,1783610670603803611,201,order_input,benchmark,mock,InstrumentType.Spot,5551468688638541888,OrderType.Limit,Direction.Long,65000.55,993830544,False,Side.Buy,,65000.55,1653898000,BTC-USDT,TimeCondition.GTC,0.001
2837957847,4194834854,0,1783610670604018715,201,order_input,benchmark,mock,InstrumentType.Spot,5551468688638541889,OrderType.Limit,Direction.Long,65000.76,993832080,False,Side.Sell,,65000.76,1653898000,BTC-USDT,TimeCondition.GTC,0.001
2837957847,4194834854,0,1783610670604480560,201,order_input,benchmark,mock,InstrumentType.Spot,5551468688638541890,OrderType.Limit,Direction.Long,65000.57,993833616,False,Side.Buy,,65000.57,1653898000,BTC-USDT,TimeCondition.GTC,0.001
2837957847,4194834854,0,1783610670604691076,201,order_input,benchmark,mock,InstrumentType.Spot,5551468688638541891,OrderType.Limit,Direction.Long,65000.78,993835152,False,Side.Sell,,65000.78,1653898000,BTC-USDT,TimeCondition.GTC,0.001
2837957847,4194834854,0,1783610670604917783,201,order_input,benchmark,mock,InstrumentType.Spot,5551468688638541892,OrderType.Limit,Direction.Long,65000.590000000004,993836688,False,Side.Buy,,65000.590000000004,1653898000,BTC-USDT,TimeCondition.GTC,0.001
2837957847,4194834854,0,1783610670605369394,201,order_input,benchmark,mock,InstrumentType.Spot,5551468688638541893,OrderType.Limit,Direction.Long,65000.799999999996,993838224,False,Side.Sell,,65000.799999999996,1653898000,BTC-USDT,TimeCondition.GTC,0.001
2837957847,4194834854,0,1783610670605554172,201,order_input,benchmark,mock,InstrumentType.Spot,5551468688638541894,OrderType.Limit,Direction.Long,65000.61,993839760,False,Side.Buy,,65000.61,1653898000,BTC-USDT,TimeCondition.GTC,0.001
2837957847,4194834854,0,1783610670605902102,201,order_input,benchmark,mock,InstrumentType.Spot,5551468688638541895,OrderType.Limit,Direction.Long,65000.82,993841296,False,Side.Sell,,65000.82,1653898000,BTC-USDT,TimeCondition.GTC,0.001
2837957847,4194834854,0,1783610670606261723,201,order_input,benchmark,mock,InstrumentType.Spot,5551468688638541896,OrderType.Limit,Direction.Long,65000.630000000005,993842832,False,Side.Buy,,65000.630000000005,1653898000,BTC-USDT,TimeCondition.GTC,0.001
2837957847,4194834854,0,1783610670606460278,201,order_input,benchmark,mock,InstrumentType.Spot,5551468688638541897,OrderType.Limit,Direction.Long,65000.84,993844368,False,Side.Sell,,65000.84,1653898000,BTC-USDT,TimeCondition.GTC,0.001
2837957847,4194834854,0,1783610670607110319,201,order_input,benchmark,mock,InstrumentType.Spot,5551468688638541898,OrderType.Limit,Direction.Long,65000.65,993845904,False,Side.Buy,,65000.65,1653898000,BTC-USDT,TimeCondition.GTC,0.001
2837957847,4194834854,0,1783610670607338093,201,order_input,benchmark,mock,InstrumentType.Spot,5551468688638541899,OrderType.Limit,Direction.Long,65000.86,993847440,False,Side.Sell,,65000.86,1653898000,BTC-USDT,TimeCondition.GTC,0.001
2837957847,4194834854,0,1783610670607466147,201,order_input,benchmark,mock,InstrumentType.Spot,5551468688638541900,OrderType.Limit,Direction.Long,65000.67,993848976,False,Side.Buy,,65000.67,1653898000,BTC-USDT,TimeCondition.GTC,0.001
2837957847,4194834854,0,1783610670607650598,201,order_input,benchmark,mock,InstrumentType.Spot,5551468688638541901,OrderType.Limit,Direction.Long,65000.88,993851264,False,Side.Sell,,65000.88,1653898000,BTC-USDT,TimeCondition.GTC,0.001
2837957847,4194834854,0,1783610670607955087,201,order_input,benchmark,mock,InstrumentType.Spot,5551468688638541902,OrderType.Limit,Direction.Long,65000.69,993852800,False,Side.Buy,,65000.69,1653898000,BTC-USDT,TimeCondition.GTC,0.001
2837957847,4194834854,0,1783610670608284592,201,order_input,benchmark,mock,InstrumentType.Spot,5551468688638541903,OrderType.Limit,Direction.Long,65000.9,993854336,False,Side.Sell,,65000.9,1653898000,BTC-USDT,TimeCondition.GTC,0.001
2837957847,4194834854,0,1783610670608570776,201,order_input,benchmark,mock,InstrumentType.Spot,5551468688638541904,OrderType.Limit,Direction.Long,65000.71,993855872,False,Side.Buy,,65000.71,1653898000,BTC-USDT,TimeCondition.GTC,0.001
2837957847,4194834854,0,1783610670608835079,201,order_input,benchmark,mock,InstrumentType.Spot,5551468688638541905,OrderType.Limit,Direction.Long,65000.92,993857408,False,Side.Sell,,65000.92,1653898000,BTC-USDT,TimeCondition.GTC,0.001
2837957847,4194834854,0,1783610670609145084,201,order_input,benchmark,mock,InstrumentType.Spot,5551468688638541906,OrderType.Limit,Direction.Long,65000.73,993858944,False,Side.Buy,,65000.73,1653898000,BTC-USDT,TimeCondition.GTC,0.001
2837957847,4194834854,0,1783610670609442142,201,order_input,benchmark,mock,InstrumentType.Spot,5551468688638541907,OrderType.Limit,Direction.Long,65000.939999999995,993860480,False,Side.Sell,,65000.939999999995,1653898000,BTC-USDT,TimeCondition.GTC,0.001
2837957847,4194834854,0,1783610670609756173,201,order_input,benchmark,mock,InstrumentType.Spot,5551468688638541908,OrderType.Limit,Direction.Long,65000.75,993862016,False,Side.Buy,,65000.75,1653898000,BTC-USDT,TimeCondition.GTC,0.001
2837957847,4194834854,0,1783610670610097608,201,order_input,benchmark,mock,InstrumentType.Spot,5551468688638541909,OrderType.Limit,Direction.Long,65000.96,993863552,False,Side.Sell,,65000.96,1653898000,BTC-USDT,TimeCondition.GTC,0.001
2837957847,4194834854,0,1783610670610336574,201,order_input,benchmark,mock,InstrumentType.Spot,5551468688638541910,OrderType.Limit,Direction.Long,65000.770000000004,993865088,False,Side.Buy,,65000.770000000004,1653898000,BTC-USDT,TimeCondition.GTC,0.001
2837957847,4194834854,0,1783610670610599893,201,order_input,benchmark,mock,InstrumentType.Spot,5551468688638541911,OrderType.Limit,Direction.Long,65000.979999999996,993866624,False,Side.Sell,,65000.979999999996,1653898000,BTC-USDT,TimeCondition.GTC,0.001
2837957847,4194834854,0,1783610670611009209,201,order_input,benchmark,mock,InstrumentType.Spot,5551468688638541912,OrderType.Limit,Direction.Long,65000.79,993868160,False,Side.Buy,,65000.79,1653898000,BTC-USDT,TimeCondition.GTC,0.001
2837957847,4194834854,0,1783610670611296691,201,order_input,benchmark,mock,InstrumentType.Spot,5551468688638541913,OrderType.Limit,Direction.Long,65001.0,993869696,False,Side.Sell,,65001.0,1653898000,BTC-USDT,TimeCondition.GTC,0.001
2837957847,4194834854,0,1783610670611500975,201,order_input,benchmark,mock,InstrumentType.Spot,5551468688638541914,OrderType.Limit,Direction.Long,65000.810000000005,993871232,False,Side.Buy,,65000.810000000005,1653898000,BTC-USDT,TimeCondition.GTC,0.001
2837957847,4194834854,0,1783610670611904241,201,order_input,benchmark,mock,InstrumentType.Spot,5551468688638541915,OrderType.Limit,Direction.Long,65001.02,993872768,False,Side.Sell,,65001.02,1653898000,BTC-USDT,TimeCondition.GTC,0.001
2837957847,4194834854,0,1783610670612161134,201,order_input,benchmark,mock,InstrumentType.Spot,5551468688638541916,OrderType.Limit,Direction.Long,65000.83,993874304,False,Side.Buy,,65000.83,1653898000,BTC-USDT,TimeCondition.GTC,0.001
2837957847,4194834854,0,1783610670612497215,201,order_input,benchmark,mock,InstrumentType.Spot,5551468688638541917,OrderType.Limit,Direction.Long,65001.04,993737328,False,Side.Sell,,65001.04,1653898000,BTC-USDT,TimeCondition.GTC,0.001
2837957847,4194834854,0,1783610670612777940,201,order_input,benchmark,mock,InstrumentType.Spot,5551468688638541918,OrderType.Limit,Direction.Long,65000.85,993878064,False,Side.Buy,,65000.85,1653898000,BTC-USDT,TimeCondition.GTC,0.001
2837957847,4194834854,0,1783610670613050648,201,order_input,benchmark,mock,InstrumentType.Spot,5551468688638541919,OrderType.Limit,Direction.Long,65001.06,993879600,False,Side.Sell,,65001.06,1653898000,BTC-USDT,TimeCondition.GTC,0.001
2837957847,4194834854,0,1783610670613411266,201,order_input,benchmark,mock,InstrumentType.Spot,5551468688638541920,OrderType.Limit,Direction.Long,65000.87,993881136,False,Side.Buy,,65000.87,1653898000,BTC-USDT,TimeCondition.GTC,0.001
2837957847,4194834854,0,1783610670613691733,201,order_input,benchmark,mock,InstrumentType.Spot,5551468688638541921,OrderType.Limit,Direction.Long,65001.08,993850880,False,Side.Sell,,65001.08,1653898000,BTC-USDT,TimeCondition.GTC,0.001
2837957847,4194834854,0,1783610670613970251,201,order_input,benchmark,mock,InstrumentType.Spot,5551468688638541922,OrderType.Limit,Direction.Long,65000.89,995538528,False,Side.Buy,,65000.89,1653898000,BTC-USDT,TimeCondition.GTC,0.001
2837957847,4194834854,0,1783610670614230259,201,order_input,benchmark,mock,InstrumentType.Spot,5551468688638541923,OrderType.Limit,Direction.Long,65000.1,995540064,False,Side.Sell,,65000.1,1653898000,BTC-USDT,TimeCondition.GTC,0.001
2837957847,4194834854,0,1783610670614605627,201,order_input,benchmark,mock,InstrumentType.Spot,5551468688638541924,OrderType.Limit,Direction.Long,64999.91,995541600,False,Side.Buy,,64999.91,1653898000,BTC-USDT,TimeCondition.GTC,0.001
2837957847,4194834854,0,1783610670614897411,201,order_input,benchmark,mock,InstrumentType.Spot,5551468688638541925,OrderType.Limit,Direction.Long,65000.119999999995,995543136,False,Side.Sell,,65000.119999999995,1653898000,BTC-USDT,TimeCondition.GTC,0.001
2837957847,4194834854,0,1783610670615196221,201,order_input,benchmark,mock,InstrumentType.Spot,5551468688638541926,OrderType.Limit,Direction.Long,64999.93,995544672,False,Side.Buy,,64999.93,1653898000,BTC-USDT,TimeCondition.GTC,0.001
2837957847,4194834854,0,1783610670615489120,201,order_input,benchmark,mock,InstrumentType.Spot,5551468688638541927,OrderType.Limit,Direction.Long,65000.14,995546208,False,Side.Sell,,65000.14,1653898000,BTC-USDT,TimeCondition.GTC,0.001
2837957847,4194834854,0,1783610670615812983,201,order_input,benchmark,mock,InstrumentType.Spot,5551468688638541928,OrderType.Limit,Direction.Long,64999.950000000004,995547744,False,Side.Buy,,64999.950000000004,1653898000,BTC-USDT,TimeCondition.GTC,0.001
2837957847,4194834854,0,1783610670616040392,201,order_input,benchmark,mock,InstrumentType.Spot,5551468688638541929,OrderType.Limit,Direction.Long,65000.159999999996,995549280,False,Side.Sell,,65000.159999999996,1653898000,BTC-USDT,TimeCondition.GTC,0.001
2837957847,4194834854,0,1783610670616439644,201,order_input,benchmark,mock,InstrumentType.Spot,5551468688638541930,OrderType.Limit,Direction.Long,64999.97,995550816,False,Side.Buy,,64999.97,1653898000,BTC-USDT,TimeCondition.GTC,0.001
2837957847,4194834854,0,1783610670616680135,201,order_input,benchmark,mock,InstrumentType.Spot,5551468688638541931,OrderType.Limit,Direction.Long,65000.18,995552352,False,Side.Sell,,65000.18,1653898000,BTC-USDT,TimeCondition.GTC,0.001
2837957847,4194834854,0,1783610670616935053,201,order_input,benchmark,mock,InstrumentType.Spot,5551468688638541932,OrderType.Limit,Direction.Long,64999.99,995553888,False,Side.Buy,,64999.99,1653898000,BTC-USDT,TimeCondition.GTC,0.001
2837957847,4194834854,0,1783610670617294348,201,order_input,benchmark,mock,InstrumentType.Spot,5551468688638541933,OrderType.Limit,Direction.Long,65000.2,995556464,False,Side.Sell,,65000.2,1653898000,BTC-USDT,TimeCondition.GTC,0.001
2837957847,4194834854,0,1783610670617582183,201,order_input,benchmark,mock,InstrumentType.Spot,5551468688638541934,OrderType.Limit,Direction.Long,65000.01,995558000,False,Side.Buy,,65000.01,1653898000,BTC-USDT,TimeCondition.GTC,0.001
2837957847,4194834854,0,1783610670617884825,201,order_input,benchmark,mock,InstrumentType.Spot,5551468688638541935,OrderType.Limit,Direction.Long,65000.22,995559536,False,Side.Sell,,65000.22,1653898000,BTC-USDT,TimeCondition.GTC,0.001
2837957847,4194834854,0,1783610670618183913,201,order_input,benchmark,mock,InstrumentType.Spot,5551468688638541936,OrderType.Limit,Direction.Long,65000.03,995561072,False,Side.Buy,,65000.03,1653898000,BTC-USDT,TimeCondition.GTC,0.001
2837957847,4194834854,0,1783610670618405322,201,order_input,benchmark,mock,InstrumentType.Spot,5551468688638541937,OrderType.Limit,Direction.Long,65000.24,995562608,False,Side.Sell,,65000.24,1653898000,BTC-USDT,TimeCondition.GTC,0.001
2837957847,4194834854,0,1783610670618806893,201,order_input,benchmark,mock,InstrumentType.Spot,5551468688638541938,OrderType.Limit,Direction.Long,65000.05,995564144,False,Side.Buy,,65000.05,1653898000,BTC-USDT,TimeCondition.GTC,0.001
2837957847,4194834854,0,1783610670619083499,201,order_input,benchmark,mock,InstrumentType.Spot,5551468688638541939,OrderType.Limit,Direction.Long,65000.26,995565680,False,Side.Sell,,65000.26,1653898000,BTC-USDT,TimeCondition.GTC,0.001
2837957847,4194834854,0,1783610670619310309,201,order_input,benchmark,mock,InstrumentType.Spot,5551468688638541940,OrderType.Limit,Direction.Long,65000.07,995567216,False,Side.Buy,,65000.07,1653898000,BTC-USDT,TimeCondition.GTC,0.001
2837957847,4194834854,0,1783610670619714351,201,order_input,benchmark,mock,InstrumentType.Spot,5551468688638541941,OrderType.Limit,Direction.Long,65000.28,995568752,False,Side.Sell,,65000.28,1653898000,BTC-USDT,TimeCondition.GTC,0.001
2837957847,4194834854,0,1783610670619972492,201,order_input,benchmark,mock,InstrumentType.Spot,5551468688638541942,OrderType.Limit,Direction.Long,65000.090000000004,995570288,False,Side.Buy,,65000.090000000004,1653898000,BTC-USDT,TimeCondition.GTC,0.001
2837957847,4194834854,0,1783610670620256178,201,order_input,benchmark,mock,InstrumentType.Spot,5551468688638541943,OrderType.Limit,Direction.Long,65000.299999999996,995571824,False,Side.Sell,,65000.299999999996,1653898000,BTC-USDT,TimeCondition.GTC,0.001
2837957847,4194834854,0,1783610670620507145,201,order_input,benchmark,mock,InstrumentType.Spot,5551468688638541944,OrderType.Limit,Direction.Long,65000.11,995573360,False,Side.Buy,,65000.11,1653898000,BTC-USDT,TimeCondition.GTC,0.001
2837957847,4194834854,0,1783610670620895161,201,order_input,benchmark,mock,InstrumentType.Spot,5551468688638541945,OrderType.Limit,Direction.Long,65000.32,995574896,False,Side.Sell,,65000.32,1653898000,BTC-USDT,TimeCondition.GTC,0.001
2837957847,4194834854,0,1783610670621106542,201,order_input,benchmark,mock,InstrumentType.Spot,5551468688638541946,OrderType.Limit,Direction.Long,65000.130000000005,995576432,False,Side.Buy,,65000.130000000005,1653898000,BTC-USDT,TimeCondition.GTC,0.001
2837957847,4194834854,0,1783610670621501575,201,order_input,benchmark,mock,InstrumentType.Spot,5551468688638541947,OrderType.Limit,Direction.Long,65000.34,995577968,False,Side.Sell,,65000.34,1653898000,BTC-USDT,TimeCondition.GTC,0.001
2837957847,4194834854,0,1783610670621703314,201,order_input,benchmark,mock,InstrumentType.Spot,5551468688638541948,OrderType.Limit,Direction.Long,65000.15,995579504,False,Side.Buy,,65000.15,1653898000,BTC-USDT,TimeCondition.GTC,0.001
2837957847,4194834854,0,1783610670622091968,201,order_input,benchmark,mock,InstrumentType.Spot,5551468688638541949,OrderType.Limit,Direction.Long,65000.36,995581040,False,Side.Sell,,65000.36,1653898000,BTC-USDT,TimeCondition.GTC,0.001
2837957847,4194834854,0,1783610670622389678,201,order_input,benchmark,mock,InstrumentType.Spot,5551468688638541950,OrderType.Limit,Direction.Long,65000.17,995582576,False,Side.Buy,,65000.17,1653898000,BTC-USDT,TimeCondition.GTC,0.001
2837957847,4194834854,0,1783610670622685348,201,order_input,benchmark,mock,InstrumentType.Spot,5551468688638541951,OrderType.Limit,Direction.Long,65000.38,995584112,False,Side.Sell,,65000.38,1653898000,BTC-USDT,TimeCondition.GTC,0.001
2837957847,4194834854,0,1783610670622984089,201,order_input,benchmark,mock,InstrumentType.Spot,5551468688638541952,OrderType.Limit,Direction.Long,65000.19,995585648,False,Side.Buy,,65000.19,1653898000,BTC-USDT,TimeCondition.GTC,0.001
2837957847,4194834854,0,1783610670623285498,201,order_input,benchmark,mock,InstrumentType.Spot,5551468688638541953,OrderType.Limit,Direction.Long,65000.4,995555424,False,Side.Sell,,65000.4,1653898000,BTC-USDT,TimeCondition.GTC,0.001
2837957847,4194834854,0,1783610670623586402,201,order_input,benchmark,mock,InstrumentType.Spot,5551468688638541954,OrderType.Limit,Direction.Long,65000.21,995588880,False,Side.Buy,,65000.21,1653898000,BTC-USDT,TimeCondition.GTC,0.001
2837957847,4194834854,0,1783610670623884724,201,order_input,benchmark,mock,InstrumentType.Spot,5551468688638541955,OrderType.Limit,Direction.Long,65000.42,995590416,False,Side.Sell,,65000.42,1653898000,BTC-USDT,TimeCondition.GTC,0.001
2837957847,4194834854,0,1783610670624192071,201,order_input,benchmark,mock,InstrumentType.Spot,5551468688638541956,OrderType.Limit,Direction.Long,65000.23,995591952,False,Side.Buy,,65000.23,1653898000,BTC-USDT,TimeCondition.GTC,0.001
2837957847,4194834854,0,1783610670624497515,201,order_input,benchmark,mock,InstrumentType.Spot,5551468688638541957,OrderType.Limit,Direction.Long,65000.439999999995,995593488,False,Side.Sell,,65000.439999999995,1653898000,BTC-USDT,TimeCondition.GTC,0.001
2837957847,4194834854,0,1783610670624783353,201,order_input,benchmark,mock,InstrumentType.Spot,5551468688638541958,OrderType.Limit,Direction.Long,65000.25,995595024,False,Side.Buy,,65000.25,1653898000,BTC-USDT,TimeCondition.GTC,0.001
2837957847,4194834854,0,1783610670625103832,201,order_input,benchmark,mock,InstrumentType.Spot,5551468688638541959,OrderType.Limit,Direction.Long,65000.46,995596560,False,Side.Sell,,65000.46,1653898000,BTC-USDT,TimeCondition.GTC,0.001
2837957847,4194834854,0,1783610670625308402,201,order_input,benchmark,mock,InstrumentType.Spot,5551468688638541960,OrderType.Limit,Direction.Long,65000.270000000004,995598096,False,Side.Buy,,65000.270000000004,1653898000,BTC-USDT,TimeCondition.GTC,0.001
2837957847,4194834854,0,1783610670625786927,201,order_input,benchmark,mock,InstrumentType.Spot,5551468688638541961,OrderType.Limit,Direction.Long,65000.479999999996,995599632,False,Side.Sell,,65000.479999999996,1653898000,BTC-USDT,TimeCondition.GTC,0.001
2837957847,4194834854,0,1783610670625994019,201,order_input,benchmark,mock,InstrumentType.Spot,5551468688638541962,OrderType.Limit,Direction.Long,65000.29,995601168,False,Side.Buy,,65000.29,1653898000,BTC-USDT,TimeCondition.GTC,0.001
2837957847,4194834854,0,1783610670626260513,201,order_input,benchmark,mock,InstrumentType.Spot,5551468688638541963,OrderType.Limit,Direction.Long,65000.5,995602704,False,Side.Sell,,65000.5,1653898000,BTC-USDT,TimeCondition.GTC,0.001
2837957847,4194834854,0,1783610670626587533,201,order_input,benchmark,mock,InstrumentType.Spot,5551468688638541964,OrderType.Limit,Direction.Long,65000.310000000005,995604240,False,Side.Buy,,65000.310000000005,1653898000,BTC-USDT,TimeCondition.GTC,0.001
2837957847,4194834854,0,1783610670626879702,201,order_input,benchmark,mock,InstrumentType.Spot,5551468688638541965,OrderType.Limit,Direction.Long,65000.52,995605776,False,Side.Sell,,65000.52,1653898000,BTC-USDT,TimeCondition.GTC,0.001
2837957847,4194834854,0,1783610670627198789,201,order_input,benchmark,mock,InstrumentType.Spot,5551468688638541966,OrderType.Limit,Direction.Long,65000.33,995607312,False,Side.Buy,,65000.33,1653898000,BTC-USDT,TimeCondition.GTC,0.001
2837957847,4194834854,0,1783610670627520749,201,order_input,benchmark,mock,InstrumentType.Spot,5551468688638541967,OrderType.Limit,Direction.Long,65000.54,995608848,False,Side.Sell,,65000.54,1653898000,BTC-USDT,TimeCondition.GTC,0.001
2837957847,4194834854,0,1783610670627776316,201,order_input,benchmark,mock,InstrumentType.Spot,5551468688638541968,OrderType.Limit,Direction.Long,65000.35,995610384,False,Side.Buy,,65000.35,1653898000,BTC-USDT,TimeCondition.GTC,0.001
2837957847,4194834854,0,1783610670628091841,201,order_input,benchmark,mock,InstrumentType.Spot,5551468688638541969,OrderType.Limit,Direction.Long,65000.56,995611920,False,Side.Sell,,65000.56,1653898000,BTC-USDT,TimeCondition.GTC,0.001
2837957847,4194834854,0,1783610670628379310,201,order_input,benchmark,mock,InstrumentType.Spot,5551468688638541970,OrderType.Limit,Direction.Long,65000.37,995613456,False,Side.Buy,,65000.37,1653898000,BTC-USDT,TimeCondition.GTC,0.001
2837957847,4194834854,0,1783610670628680031,201,order_input,benchmark,mock,InstrumentType.Spot,5551468688638541971,OrderType.Limit,Direction.Long,65000.58,995614992,False,Side.Sell,,65000.58,1653898000,BTC-USDT,TimeCondition.GTC,0.001
2837957847,4194834854,0,1783610670628974850,201,order_input,benchmark,mock,InstrumentType.Spot,5551468688638541972,OrderType.Limit,Direction.Long,65000.39,995616528,False,Side.Buy,,65000.39,1653898000,BTC-USDT,TimeCondition.GTC,0.001
2837957847,4194834854,0,1783610670629274580,201,order_input,benchmark,mock,InstrumentType.Spot,5551468688638541973,OrderType.Limit,Direction.Long,65000.6,995587184,False,Side.Sell,,65000.6,1653898000,BTC-USDT,TimeCondition.GTC,0.001
2837957847,4194834854,0,1783610670629578412,201,order_input,benchmark,mock,InstrumentType.Spot,5551468688638541974,OrderType.Limit,Direction.Long,65000.41,995619792,False,Side.Buy,,65000.41,1653898000,BTC-USDT,TimeCondition.GTC,0.001
2837957847,4194834854,0,1783610670629879528,201,order_input,benchmark,mock,InstrumentType.Spot,5551468688638541975,OrderType.Limit,Direction.Long,65000.619999999995,995621328,False,Side.Sell,,65000.619999999995,1653898000,BTC-USDT,TimeCondition.GTC,0.001
2837957847,4194834854,0,1783610670630190409,201,order_input,benchmark,mock,InstrumentType.Spot,5551468688638541976,OrderType.Limit,Direction.Long,65000.43,995622864,False,Side.Buy,,65000.43,1653898000,BTC-USDT,TimeCondition.GTC,0.001
2837957847,4194834854,0,1783610670630477626,201,order_input,benchmark,mock,InstrumentType.Spot,5551468688638541977,OrderType.Limit,Direction.Long,65000.64,995624400,False,Side.Sell,,65000.64,1653898000,BTC-USDT,TimeCondition.GTC,0.001
2837957847,4194834854,0,1783610670630778049,201,order_input,benchmark,mock,InstrumentType.Spot,5551468688638541978,OrderType.Limit,Direction.Long,65000.450000000004,995625936,False,Side.Buy,,65000.450000000004,1653898000,BTC-USDT,TimeCondition.GTC,0.001
2837957847,4194834854,0,1783610670631091572,201,order_input,benchmark,mock,InstrumentType.Spot,5551468688638541979,OrderType.Limit,Direction.Long,65000.659999999996,995627472,False,Side.Sell,,65000.659999999996,1653898000,BTC-USDT,TimeCondition.GTC,0.001
2837957847,4194834854,0,1783610670631375436,201,order_input,benchmark,mock,InstrumentType.Spot,5551468688638541980,OrderType.Limit,Direction.Long,65000.47,995629008,False,Side.Buy,,65000.47,1653898000,BTC-USDT,TimeCondition.GTC,0.001
2837957847,4194834854,0,1783610670631672952,201,order_input,benchmark,mock,InstrumentType.Spot,5551468688638541981,OrderType.Limit,Direction.Long,65000.68,995630544,False,Side.Sell,,65000.68,1653898000,BTC-USDT,TimeCondition.GTC,0.001
2837957847,4194834854,0,1783610670631977024,201,order_input,benchmark,mock,InstrumentType.Spot,5551468688638541982,OrderType.Limit,Direction.Long,65000.49,995632080,False,Side.Buy,,65000.49,1653898000,BTC-USDT,TimeCondition.GTC,0.001
2837957847,4194834854,0,1783610670632280223,201,order_input,benchmark,mock,InstrumentType.Spot,5551468688638541983,OrderType.Limit,Direction.Long,65000.7,995633616,False,Side.Sell,,65000.7,1653898000,BTC-USDT,TimeCondition.GTC,0.001
2837957847,4194834854,0,1783610670632573545,201,order_input,benchmark,mock,InstrumentType.Spot,5551468688638541984,OrderType.Limit,Direction.Long,65000.51,995635152,False,Side.Buy,,65000.51,1653898000,BTC-USDT,TimeCondition.GTC,0.001
2837957847,4194834854,0,1783610670632877410,201,order_input,benchmark,mock,InstrumentType.Spot,5551468688638541985,OrderType.Limit,Direction.Long,65000.72,995636688,False,Side.Sell,,65000.72,1653898000,BTC-USDT,TimeCondition.GTC,0.001
2837957847,4194834854,0,1783610670633188481,201,order_input,benchmark,mock,InstrumentType.Spot,5551468688638541986,OrderType.Limit,Direction.Long,65000.53,995638224,False,Side.Buy,,65000.53,1653898000,BTC-USDT,TimeCondition.GTC,0.001
2837957847,4194834854,0,1783610670633477516,201,order_input,benchmark,mock,InstrumentType.Spot,5551468688638541987,OrderType.Limit,Direction.Long,65000.74,995639760,False,Side.Sell,,65000.74,1653898000,BTC-USDT,TimeCondition.GTC,0.001
2837957847,4194834854,0,1783610670633790417,201,order_input,benchmark,mock,InstrumentType.Spot,5551468688638541988,OrderType.Limit,Direction.Long,65000.55,995641296,False,Side.Buy,,65000.55,1653898000,BTC-USDT,TimeCondition.GTC,0.001
2837957847,4194834854,0,1783610670634041586,201,order_input,benchmark,mock,InstrumentType.Spot,5551468688638541989,OrderType.Limit,Direction.Long,65000.76,995642832,False,Side.Sell,,65000.76,1653898000,BTC-USDT,TimeCondition.GTC,0.001
2837957847,4194834854,0,1783610670634379721,201,order_input,benchmark,mock,InstrumentType.Spot,5551468688638541990,OrderType.Limit,Direction.Long,65000.57,995644368,False,Side.Buy,,65000.57,1653898000,BTC-USDT,TimeCondition.GTC,0.001
2837957847,4194834854,0,1783610670634679237,201,order_input,benchmark,mock,InstrumentType.Spot,5551468688638541991,OrderType.Limit,Direction.Long,65000.78,995645904,False,Side.Sell,,65000.78,1653898000,BTC-USDT,TimeCondition.GTC,0.001
2837957847,4194834854,0,1783610670634979318,201,order_input,benchmark,mock,InstrumentType.Spot,5551468688638541992,OrderType.Limit,Direction.Long,65000.590000000004,995647440,False,Side.Buy,,65000.590000000004,1653898000,BTC-USDT,TimeCondition.GTC,0.001
2837957847,4194834854,0,1783610670635279815,201,order_input,benchmark,mock,InstrumentType.Spot,5551468688638541993,OrderType.Limit,Direction.Long,65000.799999999996,995648976,False,Side.Sell,,65000.799999999996,1653898000,BTC-USDT,TimeCondition.GTC,0.001
2837957847,4194834854,0,1783610670635578196,201,order_input,benchmark,mock,InstrumentType.Spot,5551468688638541994,OrderType.Limit,Direction.Long,65000.61,995650512,False,Side.Buy,,65000.61,1653898000,BTC-USDT,TimeCondition.GTC,0.001
2837957847,4194834854,0,1783610670635885074,201,order_input,benchmark,mock,InstrumentType.Spot,5551468688638541995,OrderType.Limit,Direction.Long,65000.82,995652048,False,Side.Sell,,65000.82,1653898000,BTC-USDT,TimeCondition.GTC,0.001
2837957847,4194834854,0,1783610670636179148,201,order_input,benchmark,mock,InstrumentType.Spot,5551468688638541996,OrderType.Limit,Direction.Long,65000.630000000005,995653584,False,Side.Buy,,65000.630000000005,1653898000,BTC-USDT,TimeCondition.GTC,0.001
2837957847,4194834854,0,1783610670636474017,201,order_input,benchmark,mock,InstrumentType.Spot,5551468688638541997,OrderType.Limit,Direction.Long,65000.84,995618064,False,Side.Sell,,65000.84,1653898000,BTC-USDT,TimeCondition.GTC,0.001
2837957847,4194834854,0,1783610670636776518,201,order_input,benchmark,mock,InstrumentType.Spot,5551468688638541998,OrderType.Limit,Direction.Long,65000.65,995656880,False,Side.Buy,,65000.65,1653898000,BTC-USDT,TimeCondition.GTC,0.001
2837957847,4194834854,0,1783610670637088856,201,order_input,benchmark,mock,InstrumentType.Spot,5551468688638541999,OrderType.Limit,Direction.Long,65000.86,995658416,False,Side.Sell,,65000.86,1653898000,BTC-USDT,TimeCondition.GTC,0.001
2837957847,4194834854,0,1783610670637376298,201,order_input,benchmark,mock,InstrumentType.Spot,5551468688638542000,OrderType.Limit,Direction.Long,65000.67,995659952,False,Side.Buy,,65000.67,1653898000,BTC-USDT,TimeCondition.GTC,0.001
2837957847,4194834854,0,1783610670637673683,201,order_input,benchmark,mock,InstrumentType.Spot,5551468688638542001,OrderType.Limit,Direction.Long,65000.88,995661488,False,Side.Sell,,65000.88,1653898000,BTC-USDT,TimeCondition.GTC,0.001
2837957847,4194834854,0,1783610670637975053,201,order_input,benchmark,mock,InstrumentType.Spot,5551468688638542002,OrderType.Limit,Direction.Long,65000.69,995663024,False,Side.Buy,,65000.69,1653898000,BTC-USDT,TimeCondition.GTC,0.001
2837957847,4194834854,0,1783610670638486994,201,order_input,benchmark,mock,InstrumentType.Spot,5551468688638542003,OrderType.Limit,Direction.Long,65000.9,995664560,False,Side.Sell,,65000.9,1653898000,BTC-USDT,TimeCondition.GTC,0.001
2837957847,4194834854,0,1783610670638574049,201,order_input,benchmark,mock,InstrumentType.Spot,5551468688638542004,OrderType.Limit,Direction.Long,65000.71,995666064,False,Side.Buy,,65000.71,1653898000,BTC-USDT,TimeCondition.GTC,0.001
2837957847,4194834854,0,1783610670638858118,201,order_input,benchmark,mock,InstrumentType.Spot,5551468688638542005,OrderType.Limit,Direction.Long,65000.92,995667632,False,Side.Sell,,65000.92,1653898000,BTC-USDT,TimeCondition.GTC,0.001
2837957847,4194834854,0,1783610670639347911,201,order_input,benchmark,mock,InstrumentType.Spot,5551468688638542006,OrderType.Limit,Direction.Long,65000.73,995669168,False,Side.Buy,,65000.73,1653898000,BTC-USDT,TimeCondition.GTC,0.001
2837957847,4194834854,0,1783610670639409429,201,order_input,benchmark,mock,InstrumentType.Spot,5551468688638542007,OrderType.Limit,Direction.Long,65000.939999999995,995670704,False,Side.Sell,,65000.939999999995,1653898000,BTC-USDT,TimeCondition.GTC,0.001
2837957847,4194834854,0,1783610670639784534,201,order_input,benchmark,mock,InstrumentType.Spot,5551468688638542008,OrderType.Limit,Direction.Long,65000.75,995672240,False,Side.Buy,,65000.75,1653898000,BTC-USDT,TimeCondition.GTC,0.001
2837957847,4194834854,0,1783610670640286312,201,order_input,benchmark,mock,InstrumentType.Spot,5551468688638542009,OrderType.Limit,Direction.Long,65000.96,995673776,False,Side.Sell,,65000.96,1653898000,BTC-USDT,TimeCondition.GTC,0.001
2837957847,4194834854,0,1783610670640390331,201,order_input,benchmark,mock,InstrumentType.Spot,5551468688638542010,OrderType.Limit,Direction.Long,65000.770000000004,995675280,False,Side.Buy,,65000.770000000004,1653898000,BTC-USDT,TimeCondition.GTC,0.001
2837957847,4194834854,0,1783610670640853937,201,order_input,benchmark,mock,InstrumentType.Spot,5551468688638542011,OrderType.Limit,Direction.Long,65000.979999999996,995676848,False,Side.Sell,,65000.979999999996,1653898000,BTC-USDT,TimeCondition.GTC,0.001
2837957847,4194834854,0,1783610670640908002,201,order_input,benchmark,mock,InstrumentType.Spot,5551468688638542012,OrderType.Limit,Direction.Long,65000.79,995678384,False,Side.Buy,,65000.79,1653898000,BTC-USDT,TimeCondition.GTC,0.001
2837957847,4194834854,0,1783610670641304404,201,order_input,benchmark,mock,InstrumentType.Spot,5551468688638542013,OrderType.Limit,Direction.Long,65001.0,995679920,False,Side.Sell,,65001.0,1653898000,BTC-USDT,TimeCondition.GTC,0.001
2837957847,4194834854,0,1783610670641650484,201,order_input,benchmark,mock,InstrumentType.Spot,5551468688638542014,OrderType.Limit,Direction.Long,65000.810000000005,995681456,False,Side.Buy,,65000.810000000005,1653898000,BTC-USDT,TimeCondition.GTC,0.001
2837957847,4194834854,0,1783610670641845415,201,order_input,benchmark,mock,InstrumentType.Spot,5551468688638542015,OrderType.Limit,Direction.Long,65001.02,995682992,False,Side.Sell,,65001.02,1653898000,BTC-USDT,TimeCondition.GTC,0.001
2837957847,4194834854,0,1783610670642242186,201,order_input,benchmark,mock,InstrumentType.Spot,5551468688638542016,OrderType.Limit,Direction.Long,65000.83,995684528,False,Side.Buy,,65000.83,1653898000,BTC-USDT,TimeCondition.GTC,0.001
2837957847,4194834854,0,1783610670642519257,201,order_input,benchmark,mock,InstrumentType.Spot,5551468688638542017,OrderType.Limit,Direction.Long,65001.04,995686064,False,Side.Sell,,65001.04,1653898000,BTC-USDT,TimeCondition.GTC,0.001
2837957847,4194834854,0,1783610670642764611,201,order_input,benchmark,mock,InstrumentType.Spot,5551468688638542018,OrderType.Limit,Direction.Long,65000.85,995687600,False,Side.Buy,,65000.85,1653898000,BTC-USDT,TimeCondition.GTC,0.001
2837957847,4194834854,0,1783610670643025712,201,order_input,benchmark,mock,InstrumentType.Spot,5551468688638542019,OrderType.Limit,Direction.Long,65001.06,995689136,False,Side.Sell,,65001.06,1653898000,BTC-USDT,TimeCondition.GTC,0.001
2837957847,4194834854,0,1783610670643395270,201,order_input,benchmark,mock,InstrumentType.Spot,5551468688638542020,OrderType.Limit,Direction.Long,65000.87,995690672,False,Side.Buy,,65000.87,1653898000,BTC-USDT,TimeCondition.GTC,0.001
2837957847,4194834854,0,1783610670643647870,201,order_input,benchmark,mock,InstrumentType.Spot,5551468688638542021,OrderType.Limit,Direction.Long,65001.08,995692208,False,Side.Sell,,65001.08,1653898000,BTC-USDT,TimeCondition.GTC,0.001
2837957847,4194834854,0,1783610670644011852,201,order_input,benchmark,mock,InstrumentType.Spot,5551468688638542022,OrderType.Limit,Direction.Long,65000.89,995693744,False,Side.Buy,,65000.89,1653898000,BTC-USDT,TimeCondition.GTC,0.001
2837957847,4194834854,0,1783610670644360604,201,order_input,benchmark,mock,InstrumentType.Spot,5551468688638542023,OrderType.Limit,Direction.Long,65000.1,995695280,False,Side.Sell,,65000.1,1653898000,BTC-USDT,TimeCondition.GTC,0.001
2837957847,4194834854,0,1783610670644571717,201,order_input,benchmark,mock,InstrumentType.Spot,5551468688638542024,OrderType.Limit,Direction.Long,64999.91,995696816,False,Side.Buy,,64999.91,1653898000,BTC-USDT,TimeCondition.GTC,0.001
2837957847,4194834854,0,1783610670644884702,201,order_input,benchmark,mock,InstrumentType.Spot,5551468688638542025,OrderType.Limit,Direction.Long,65000.119999999995,995655120,False,Side.Sell,,65000.119999999995,1653898000,BTC-USDT,TimeCondition.GTC,0.001
2837957847,4194834854,0,1783610670645193369,201,order_input,benchmark,mock,InstrumentType.Spot,5551468688638542026,OrderType.Limit,Direction.Long,64999.93,995700192,False,Side.Buy,,64999.93,1653898000,BTC-USDT,TimeCondition.GTC,0.001
2837957847,4194834854,0,1783610670645482991,201,order_input,benchmark,mock,InstrumentType.Spot,5551468688638542027,OrderType.Limit,Direction.Long,65000.14,995701680,False,Side.Sell,,65000.14,1653898000,BTC-USDT,TimeCondition.GTC,0.001
2837957847,4194834854,0,1783610670645795432,201,order_input,benchmark,mock,InstrumentType.Spot,5551468688638542028,OrderType.Limit,Direction.Long,64999.950000000004,995703216,False,Side.Buy,,64999.950000000004,1653898000,BTC-USDT,TimeCondition.GTC,0.001
2837957847,4194834854,0,1783610670646052207,201,order_input,benchmark,mock,InstrumentType.Spot,5551468688638542029,OrderType.Limit,Direction.Long,65000.159999999996,995704752,False,Side.Sell,,65000.159999999996,1653898000,BTC-USDT,TimeCondition.GTC,0.001
2837957847,4194834854,0,1783610670646388822,201,order_input,benchmark,mock,InstrumentType.Spot,5551468688638542030,OrderType.Limit,Direction.Long,64999.97,995706288,False,Side.Buy,,64999.97,1653898000,BTC-USDT,TimeCondition.GTC,0.001
2837957847,4194834854,0,1783610670646700493,201,order_input,benchmark,mock,InstrumentType.Spot,5551468688638542031,OrderType.Limit,Direction.Long,65000.18,995707824,False,Side.Sell,,65000.18,1653898000,BTC-USDT,TimeCondition.GTC,0.001
2837957847,4194834854,0,1783610670646939752,201,order_input,benchmark,mock,InstrumentType.Spot,5551468688638542032,OrderType.Limit,Direction.Long,64999.99,995709360,False,Side.Buy,,64999.99,1653898000,BTC-USDT,TimeCondition.GTC,0.001
2837957847,4194834854,0,1783610670647305474,201,order_input,benchmark,mock,InstrumentType.Spot,5551468688638542033,OrderType.Limit,Direction.Long,65000.2,995710896,False,Side.Sell,,65000.2,1653898000,BTC-USDT,TimeCondition.GTC,0.001
2837957847,4194834854,0,1783610670647588489,201,order_input,benchmark,mock,InstrumentType.Spot,5551468688638542034,OrderType.Limit,Direction.Long,65000.01,995712432,False,Side.Buy,,65000.01,1653898000,BTC-USDT,TimeCondition.GTC,0.001
2837957847,4194834854,0,1783610670647916111,201,order_input,benchmark,mock,InstrumentType.Spot,5551468688638542035,OrderType.Limit,Direction.Long,65000.22,995713968,False,Side.Sell,,65000.22,1653898000,BTC-USDT,TimeCondition.GTC,0.001
2837957847,4194834854,0,1783610670648184047,201,order_input,benchmark,mock,InstrumentType.Spot,5551468688638542036,OrderType.Limit,Direction.Long,65000.03,995715504,False,Side.Buy,,65000.03,1653898000,BTC-USDT,TimeCondition.GTC,0.001
2837957847,4194834854,0,1783610670648408582,201,order_input,benchmark,mock,InstrumentType.Spot,5551468688638542037,OrderType.Limit,Direction.Long,65000.24,995717040,False,Side.Sell,,65000.24,1653898000,BTC-USDT,TimeCondition.GTC,0.001
2837957847,4194834854,0,1783610670648806841,201,order_input,benchmark,mock,InstrumentType.Spot,5551468688638542038,OrderType.Limit,Direction.Long,65000.05,995718576,False,Side.Buy,,65000.05,1653898000,BTC-USDT,TimeCondition.GTC,0.001
2837957847,4194834854,0,1783610670649111788,201,order_input,benchmark,mock,InstrumentType.Spot,5551468688638542039,OrderType.Limit,Direction.Long,65000.26,995720112,False,Side.Sell,,65000.26,1653898000,BTC-USDT,TimeCondition.GTC,0.001
2837957847,4194834854,0,1783610670649342229,201,order_input,benchmark,mock,InstrumentType.Spot,5551468688638542040,OrderType.Limit,Direction.Long,65000.07,995721648,False,Side.Buy,,65000.07,1653898000,BTC-USDT,TimeCondition.GTC,0.001
2837957847,4194834854,0,1783610670649712027,201,order_input,benchmark,mock,InstrumentType.Spot,5551468688638542041,OrderType.Limit,Direction.Long,65000.28,995723184,False,Side.Sell,,65000.28,1653898000,BTC-USDT,TimeCondition.GTC,0.001
2837957847,4194834854,0,1783610670649978950,201,order_input,benchmark,mock,InstrumentType.Spot,5551468688638542042,OrderType.Limit,Direction.Long,65000.090000000004,995724720,False,Side.Buy,,65000.090000000004,1653898000,BTC-USDT,TimeCondition.GTC,0.001
2837957847,4194834854,0,1783610670650322994,201,order_input,benchmark,mock,InstrumentType.Spot,5551468688638542043,OrderType.Limit,Direction.Long,65000.299999999996,995726256,False,Side.Sell,,65000.299999999996,1653898000,BTC-USDT,TimeCondition.GTC,0.001
2837957847,4194834854,0,1783610670650612605,201,order_input,benchmark,mock,InstrumentType.Spot,5551468688638542044,OrderType.Limit,Direction.Long,65000.11,995727792,False,Side.Buy,,65000.11,1653898000,BTC-USDT,TimeCondition.GTC,0.001
2837957847,4194834854,0,1783610670650974528,201,order_input,benchmark,mock,InstrumentType.Spot,5551468688638542045,OrderType.Limit,Direction.Long,65000.32,995729328,False,Side.Sell,,65000.32,1653898000,BTC-USDT,TimeCondition.GTC,0.001
2837957847,4194834854,0,1783610670651126470,201,order_input,benchmark,mock,InstrumentType.Spot,5551468688638542046,OrderType.Limit,Direction.Long,65000.130000000005,995730864,False,Side.Buy,,65000.130000000005,1653898000,BTC-USDT,TimeCondition.GTC,0.001
2837957847,4194834854,0,1783610670651456673,201,order_input,benchmark,mock,InstrumentType.Spot,5551468688638542047,OrderType.Limit,Direction.Long,65000.34,995732400,False,Side.Sell,,65000.34,1653898000,BTC-USDT,TimeCondition.GTC,0.001
2837957847,4194834854,0,1783610670651795094,201,order_input,benchmark,mock,InstrumentType.Spot,5551468688638542048,OrderType.Limit,Direction.Long,65000.15,995733936,False,Side.Buy,,65000.15,1653898000,BTC-USDT,TimeCondition.GTC,0.001
2837957847,4194834854,0,1783610670652014071,201,order_input,benchmark,mock,InstrumentType.Spot,5551468688638542049,OrderType.Limit,Direction.Long,65000.36,995735472,False,Side.Sell,,65000.36,1653898000,BTC-USDT,TimeCondition.GTC,0.001
2837957847,4194834854,0,1783610670652393939,201,order_input,benchmark,mock,InstrumentType.Spot,5551468688638542050,OrderType.Limit,Direction.Long,65000.17,995737008,False,Side.Buy,,65000.17,1653898000,BTC-USDT,TimeCondition.GTC,0.001
2837957847,4194834854,0,1783610670652606838,201,order_input,benchmark,mock,InstrumentType.Spot,5551468688638542051,OrderType.Limit,Direction.Long,65000.38,995738544,False,Side.Sell,,65000.38,1653898000,BTC-USDT,TimeCondition.GTC,0.001
2837957847,4194834854,0,1783610670653099772,201,order_input,benchmark,mock,InstrumentType.Spot,5551468688638542052,OrderType.Limit,Direction.Long,65000.19,995740080,False,Side.Buy,,65000.19,1653898000,BTC-USDT,TimeCondition.GTC,0.001
2837957847,4194834854,0,1783610670653284293,201,order_input,benchmark,mock,InstrumentType.Spot,5551468688638542053,OrderType.Limit,Direction.Long,65000.4,995741616,False,Side.Sell,,65000.4,1653898000,BTC-USDT,TimeCondition.GTC,0.001
2837957847,4194834854,0,1783610670653505461,201,order_input,benchmark,mock,InstrumentType.Spot,5551468688638542054,OrderType.Limit,Direction.Long,65000.21,995743152,False,Side.Buy,,65000.21,1653898000,BTC-USDT,TimeCondition.GTC,0.001
2837957847,4194834854,0,1783610670653888192,201,order_input,benchmark,mock,InstrumentType.Spot,5551468688638542055,OrderType.Limit,Direction.Long,65000.42,995744688,False,Side.Sell,,65000.42,1653898000,BTC-USDT,TimeCondition.GTC,0.001
2837957847,4194834854,0,1783610670654098753,201,order_input,benchmark,mock,InstrumentType.Spot,5551468688638542056,OrderType.Limit,Direction.Long,65000.23,995746224,False,Side.Buy,,65000.23,1653898000,BTC-USDT,TimeCondition.GTC,0.001
2837957847,4194834854,0,1783610670654488332,201,order_input,benchmark,mock,InstrumentType.Spot,5551468688638542057,OrderType.Limit,Direction.Long,65000.439999999995,995698352,False,Side.Sell,,65000.439999999995,1653898000,BTC-USDT,TimeCondition.GTC,0.001
2837957847,4194834854,0,1783610670654788742,201,order_input,benchmark,mock,InstrumentType.Spot,5551468688638542058,OrderType.Limit,Direction.Long,65000.25,995699888,False,Side.Buy,,65000.25,1653898000,BTC-USDT,TimeCondition.GTC,0.001
2837957847,4194834854,0,1783610670655121421,201,order_input,benchmark,mock,InstrumentType.Spot,5551468688638542059,OrderType.Limit,Direction.Long,65000.46,995751120,False,Side.Sell,,65000.46,1653898000,BTC-USDT,TimeCondition.GTC,0.001
2837957847,4194834854,0,1783610670655367364,201,order_input,benchmark,mock,InstrumentType.Spot,5551468688638542060,OrderType.Limit,Direction.Long,65000.270000000004,995752656,False,Side.Buy,,65000.270000000004,1653898000,BTC-USDT,TimeCondition.GTC,0.001
2837957847,4194834854,0,1783610670655680839,201,order_input,benchmark,mock,InstrumentType.Spot,5551468688638542061,OrderType.Limit,Direction.Long,65000.479999999996,995754192,False,Side.Sell,,65000.479999999996,1653898000,BTC-USDT,TimeCondition.GTC,0.001
2837957847,4194834854,0,1783610670655988974,201,order_input,benchmark,mock,InstrumentType.Spot,5551468688638542062,OrderType.Limit,Direction.Long,65000.29,995755728,False,Side.Buy,,65000.29,1653898000,BTC-USDT,TimeCondition.GTC,0.001
2837957847,4194834854,0,1783610670656279596,201,order_input,benchmark,mock,InstrumentType.Spot,5551468688638542063,OrderType.Limit,Direction.Long,65000.5,995757264,False,Side.Sell,,65000.5,1653898000,BTC-USDT,TimeCondition.GTC,0.001
2837957847,4194834854,0,1783610670656581067,201,order_input,benchmark,mock,InstrumentType.Spot,5551468688638542064,OrderType.Limit,Direction.Long,65000.310000000005,995758800,False,Side.Buy,,65000.310000000005,1653898000,BTC-USDT,TimeCondition.GTC,0.001
2837957847,4194834854,0,1783610670656876120,201,order_input,benchmark,mock,InstrumentType.Spot,5551468688638542065,OrderType.Limit,Direction.Long,65000.52,995760336,False,Side.Sell,,65000.52,1653898000,BTC-USDT,TimeCondition.GTC,0.001
2837957847,4194834854,0,1783610670657181515,201,order_input,benchmark,mock,InstrumentType.Spot,5551468688638542066,OrderType.Limit,Direction.Long,65000.33,995761872,False,Side.Buy,,65000.33,1653898000,BTC-USDT,TimeCondition.GTC,0.001
2837957847,4194834854,0,1783610670657477613,201,order_input,benchmark,mock,InstrumentType.Spot,5551468688638542067,OrderType.Limit,Direction.Long,65000.54,995763408,False,Side.Sell,,65000.54,1653898000,BTC-USDT,TimeCondition.GTC,0.001
2837957847,4194834854,0,1783610670657778143,201,order_input,benchmark,mock,InstrumentType.Spot,5551468688638542068,OrderType.Limit,Direction.Long,65000.35,995764944,False,Side.Buy,,65000.35,1653898000,BTC-USDT,TimeCondition.GTC,0.001
2837957847,4194834854,0,1783610670658083651,201,order_input,benchmark,mock,InstrumentType.Spot,5551468688638542069,OrderType.Limit,Direction.Long,65000.56,995766480,False,Side.Sell,,65000.56,1653898000,BTC-USDT,TimeCondition.GTC,0.001
2837957847,4194834854,0,1783610670658375900,201,order_input,benchmark,mock,InstrumentType.Spot,5551468688638542070,OrderType.Limit,Direction.Long,65000.37,995768016,False,Side.Buy,,65000.37,1653898000,BTC-USDT,TimeCondition.GTC,0.001
2837957847,4194834854,0,1783610670658676393,201,order_input,benchmark,mock,InstrumentType.Spot,5551468688638542071,OrderType.Limit,Direction.Long,65000.58,995769552,False,Side.Sell,,65000.58,1653898000,BTC-USDT,TimeCondition.GTC,0.001
2837957847,4194834854,0,1783610670658984182,201,order_input,benchmark,mock,InstrumentType.Spot,5551468688638542072,OrderType.Limit,Direction.Long,65000.39,995771088,False,Side.Buy,,65000.39,1653898000,BTC-USDT,TimeCondition.GTC,0.001
2837957847,4194834854,0,1783610670659281223,201,order_input,benchmark,mock,InstrumentType.Spot,5551468688638542073,OrderType.Limit,Direction.Long,65000.6,995772624,False,Side.Sell,,65000.6,1653898000,BTC-USDT,TimeCondition.GTC,0.001
2837957847,4194834854,0,1783610670659574812,201,order_input,benchmark,mock,InstrumentType.Spot,5551468688638542074,OrderType.Limit,Direction.Long,65000.41,995774160,False,Side.Buy,,65000.41,1653898000,BTC-USDT,TimeCondition.GTC,0.001
2837957847,4194834854,0,1783610670659873393,201,order_input,benchmark,mock,InstrumentType.Spot,5551468688638542075,OrderType.Limit,Direction.Long,65000.619999999995,995775696,False,Side.Sell,,65000.619999999995,1653898000,BTC-USDT,TimeCondition.GTC,0.001
2837957847,4194834854,0,1783610670660182320,201,order_input,benchmark,mock,InstrumentType.Spot,5551468688638542076,OrderType.Limit,Direction.Long,65000.43,995777232,False,Side.Buy,,65000.43,1653898000,BTC-USDT,TimeCondition.GTC,0.001
2837957847,4194834854,0,1783610670660825531,201,order_input,benchmark,mock,InstrumentType.Spot,5551468688638542077,OrderType.Limit,Direction.Long,65000.64,995778768,False,Side.Sell,,65000.64,1653898000,BTC-USDT,TimeCondition.GTC,0.001
2837957847,4194834854,0,1783610670660954837,201,order_input,benchmark,mock,InstrumentType.Spot,5551468688638542078,OrderType.Limit,Direction.Long,65000.450000000004,995780272,False,Side.Buy,,65000.450000000004,1653898000,BTC-USDT,TimeCondition.GTC,0.001
2837957847,4194834854,0,1783610670661036444,201,order_input,benchmark,mock,InstrumentType.Spot,5551468688638542079,OrderType.Limit,Direction.Long,65000.659999999996,995781840,False,Side.Sell,,65000.659999999996,1653898000,BTC-USDT,TimeCondition.GTC,0.001
2837957847,4194834854,0,1783610670661351506,201,order_input,benchmark,mock,InstrumentType.Spot,5551468688638542080,OrderType.Limit,Direction.Long,65000.47,995783376,False,Side.Buy,,65000.47,1653898000,BTC-USDT,TimeCondition.GTC,0.001
2837957847,4194834854,0,1783610670661697930,201,order_input,benchmark,mock,InstrumentType.Spot,5551468688638542081,OrderType.Limit,Direction.Long,65000.68,995784912,False,Side.Sell,,65000.68,1653898000,BTC-USDT,TimeCondition.GTC,0.001
2837957847,4194834854,0,1783610670662014399,201,order_input,benchmark,mock,InstrumentType.Spot,5551468688638542082,OrderType.Limit,Direction.Long,65000.49,995786448,False,Side.Buy,,65000.49,1653898000,BTC-USDT,TimeCondition.GTC,0.001
2837957847,4194834854,0,1783610670662249932,201,order_input,benchmark,mock,InstrumentType.Spot,5551468688638542083,OrderType.Limit,Direction.Long,65000.7,995787984,False,Side.Sell,,65000.7,1653898000,BTC-USDT,TimeCondition.GTC,0.001
2837957847,4194834854,0,1783610670662582189,201,order_input,benchmark,mock,InstrumentType.Spot,5551468688638542084,OrderType.Limit,Direction.Long,65000.51,995789520,False,Side.Buy,,65000.51,1653898000,BTC-USDT,TimeCondition.GTC,0.001
2837957847,4194834854,0,1783610670662885905,201,order_input,benchmark,mock,InstrumentType.Spot,5551468688638542085,OrderType.Limit,Direction.Long,65000.72,995791056,False,Side.Sell,,65000.72,1653898000,BTC-USDT,TimeCondition.GTC,0.001
2837957847,4194834854,0,1783610670663187964,201,order_input,benchmark,mock,InstrumentType.Spot,5551468688638542086,OrderType.Limit,Direction.Long,65000.53,995792592,False,Side.Buy,,65000.53,1653898000,BTC-USDT,TimeCondition.GTC,0.001
2837957847,4194834854,0,1783610670663487511,201,order_input,benchmark,mock,InstrumentType.Spot,5551468688638542087,OrderType.Limit,Direction.Long,65000.74,995794128,False,Side.Sell,,65000.74,1653898000,BTC-USDT,TimeCondition.GTC,0.001
2837957847,4194834854,0,1783610670663788538,201,order_input,benchmark,mock,InstrumentType.Spot,5551468688638542088,OrderType.Limit,Direction.Long,65000.55,995795664,False,Side.Buy,,65000.55,1653898000,BTC-USDT,TimeCondition.GTC,0.001
2837957847,4194834854,0,1783610670664089739,201,order_input,benchmark,mock,InstrumentType.Spot,5551468688638542089,OrderType.Limit,Direction.Long,65000.76,995797200,False,Side.Sell,,65000.76,1653898000,BTC-USDT,TimeCondition.GTC,0.001
2837957847,4194834854,0,1783610670664376837,201,order_input,benchmark,mock,InstrumentType.Spot,5551468688638542090,OrderType.Limit,Direction.Long,65000.57,995798736,False,Side.Buy,,65000.57,1653898000,BTC-USDT,TimeCondition.GTC,0.001
2837957847,4194834854,0,1783610670664686118,201,order_input,benchmark,mock,InstrumentType.Spot,5551468688638542091,OrderType.Limit,Direction.Long,65000.78,995800272,False,Side.Sell,,65000.78,1653898000,BTC-USDT,TimeCondition.GTC,0.001
2837957847,4194834854,0,1783610670664979705,201,order_input,benchmark,mock,InstrumentType.Spot,5551468688638542092,OrderType.Limit,Direction.Long,65000.590000000004,995801808,False,Side.Buy,,65000.590000000004,1653898000,BTC-USDT,TimeCondition.GTC,0.001
2837957847,4194834854,0,1783610670665279440,201,order_input,benchmark,mock,InstrumentType.Spot,5551468688638542093,OrderType.Limit,Direction.Long,65000.799999999996,995747760,False,Side.Sell,,65000.799999999996,1653898000,BTC-USDT,TimeCondition.GTC,0.001
2837957847,4194834854,0,1783610670665578962,201,order_input,benchmark,mock,InstrumentType.Spot,5551468688638542094,OrderType.Limit,Direction.Long,65000.61,995749296,False,Side.Buy,,65000.61,1653898000,BTC-USDT,TimeCondition.GTC,0.001
2837957847,4194834854,0,1783610670665874590,201,order_input,benchmark,mock,InstrumentType.Spot,5551468688638542095,OrderType.Limit,Direction.Long,65000.82,995806752,False,Side.Sell,,65000.82,1653898000,BTC-USDT,TimeCondition.GTC,0.001
2837957847,4194834854,0,1783610670666179888,201,order_input,benchmark,mock,InstrumentType.Spot,5551468688638542096,OrderType.Limit,Direction.Long,65000.630000000005,995808288,False,Side.Buy,,65000.630000000005,1653898000,BTC-USDT,TimeCondition.GTC,0.001
2837957847,4194834854,0,1783610670666478700,201,order_input,benchmark,mock,InstrumentType.Spot,5551468688638542097,OrderType.Limit,Direction.Long,65000.84,995809824,False,Side.Sell,,65000.84,1653898000,BTC-USDT,TimeCondition.GTC,0.001
2837957847,4194834854,0,1783610670666778433,201,order_input,benchmark,mock,InstrumentType.Spot,5551468688638542098,OrderType.Limit,Direction.Long,65000.65,995811360,False,Side.Buy,,65000.65,1653898000,BTC-USDT,TimeCondition.GTC,0.001
2837957847,4194834854,0,1783610670667090692,201,order_input,benchmark,mock,InstrumentType.Spot,5551468688638542099,OrderType.Limit,Direction.Long,65000.86,995812896,False,Side.Sell,,65000.86,1653898000,BTC-USDT,TimeCondition.GTC,0.001
2837957847,4194834854,0,1783610670667386469,201,order_input,benchmark,mock,InstrumentType.Spot,5551468688638542100,OrderType.Limit,Direction.Long,65000.67,995814432,False,Side.Buy,,65000.67,1653898000,BTC-USDT,TimeCondition.GTC,0.001
2837957847,4194834854,0,1783610670667679481,201,order_input,benchmark,mock,InstrumentType.Spot,5551468688638542101,OrderType.Limit,Direction.Long,65000.88,995815968,False,Side.Sell,,65000.88,1653898000,BTC-USDT,TimeCondition.GTC,0.001
2837957847,4194834854,0,1783610670667978520,201,order_input,benchmark,mock,InstrumentType.Spot,5551468688638542102,OrderType.Limit,Direction.Long,65000.69,995817504,False,Side.Buy,,65000.69,1653898000,BTC-USDT,TimeCondition.GTC,0.001
2837957847,4194834854,0,1783610670668313319,201,order_input,benchmark,mock,InstrumentType.Spot,5551468688638542103,OrderType.Limit,Direction.Long,65000.9,995819040,False,Side.Sell,,65000.9,1653898000,BTC-USDT,TimeCondition.GTC,0.001
2837957847,4194834854,0,1783610670668569481,201,order_input,benchmark,mock,InstrumentType.Spot,5551468688638542104,OrderType.Limit,Direction.Long,65000.71,995820576,False,Side.Buy,,65000.71,1653898000,BTC-USDT,TimeCondition.GTC,0.001
2837957847,4194834854,0,1783610670668887135,201,order_input,benchmark,mock,InstrumentType.Spot,5551468688638542105,OrderType.Limit,Direction.Long,65000.92,995822112,False,Side.Sell,,65000.92,1653898000,BTC-USDT,TimeCondition.GTC,0.001
2837957847,4194834854,0,1783610670669198837,201,order_input,benchmark,mock,InstrumentType.Spot,5551468688638542106,OrderType.Limit,Direction.Long,65000.73,995823648,False,Side.Buy,,65000.73,1653898000,BTC-USDT,TimeCondition.GTC,0.001
2837957847,4194834854,0,1783610670669433871,201,order_input,benchmark,mock,InstrumentType.Spot,5551468688638542107,OrderType.Limit,Direction.Long,65000.939999999995,995825184,False,Side.Sell,,65000.939999999995,1653898000,BTC-USDT,TimeCondition.GTC,0.001
2837957847,4194834854,0,1783610670669794296,201,order_input,benchmark,mock,InstrumentType.Spot,5551468688638542108,OrderType.Limit,Direction.Long,65000.75,995826720,False,Side.Buy,,65000.75,1653898000,BTC-USDT,TimeCondition.GTC,0.001
2837957847,4194834854,0,1783610670670029816,201,order_input,benchmark,mock,InstrumentType.Spot,5551468688638542109,OrderType.Limit,Direction.Long,65000.96,995828256,False,Side.Sell,,65000.96,1653898000,BTC-USDT,TimeCondition.GTC,0.001
2837957847,4194834854,0,1783610670670384199,201,order_input,benchmark,mock,InstrumentType.Spot,5551468688638542110,OrderType.Limit,Direction.Long,65000.770000000004,995829792,False,Side.Buy,,65000.770000000004,1653898000,BTC-USDT,TimeCondition.GTC,0.001
2837957847,4194834854,0,1783610670670679791,201,order_input,benchmark,mock,InstrumentType.Spot,5551468688638542111,OrderType.Limit,Direction.Long,65000.979999999996,995831328,False,Side.Sell,,65000.979999999996,1653898000,BTC-USDT,TimeCondition.GTC,0.001
2837957847,4194834854,0,1783610670670971354,201,order_input,benchmark,mock,InstrumentType.Spot,5551468688638542112,OrderType.Limit,Direction.Long,65000.79,995832864,False,Side.Buy,,65000.79,1653898000,BTC-USDT,TimeCondition.GTC,0.001
2837957847,4194834854,0,1783610670671279719,201,order_input,benchmark,mock,InstrumentType.Spot,5551468688638542113,OrderType.Limit,Direction.Long,65001.0,995834400,False,Side.Sell,,65001.0,1653898000,BTC-USDT,TimeCondition.GTC,0.001
2837957847,4194834854,0,1783610670671842908,201,order_input,benchmark,mock,InstrumentType.Spot,5551468688638542114,OrderType.Limit,Direction.Long,65000.810000000005,995835936,False,Side.Buy,,65000.810000000005,1653898000,BTC-USDT,TimeCondition.GTC,0.001
2837957847,4194834854,0,1783610670671938399,201,order_input,benchmark,mock,InstrumentType.Spot,5551468688638542115,OrderType.Limit,Direction.Long,65001.02,995837472,False,Side.Sell,,65001.02,1653898000,BTC-USDT,TimeCondition.GTC,0.001
2837957847,4194834854,0,1783610670672130582,201,order_input,benchmark,mock,InstrumentType.Spot,5551468688638542116,OrderType.Limit,Direction.Long,65000.83,995839008,False,Side.Buy,,65000.83,1653898000,BTC-USDT,TimeCondition.GTC,0.001
2837957847,4194834854,0,1783610670672469279,201,order_input,benchmark,mock,InstrumentType.Spot,5551468688638542117,OrderType.Limit,Direction.Long,65001.04,995840544,False,Side.Sell,,65001.04,1653898000,BTC-USDT,TimeCondition.GTC,0.001
2837957847,4194834854,0,1783610670672781589,201,order_input,benchmark,mock,InstrumentType.Spot,5551468688638542118,OrderType.Limit,Direction.Long,65000.85,995842080,False,Side.Buy,,65000.85,1653898000,BTC-USDT,TimeCondition.GTC,0.001
2837957847,4194834854,0,1783610670673072241,201,order_input,benchmark,mock,InstrumentType.Spot,5551468688638542119,OrderType.Limit,Direction.Long,65001.06,995843616,False,Side.Sell,,65001.06,1653898000,BTC-USDT,TimeCondition.GTC,0.001
2837957847,4194834854,0,1783610670673581939,201,order_input,benchmark,mock,InstrumentType.Spot,5551468688638542120,OrderType.Limit,Direction.Long,65000.87,995845152,False,Side.Buy,,65000.87,1653898000,BTC-USDT,TimeCondition.GTC,0.001
2837957847,4194834854,0,1783610670673665372,201,order_input,benchmark,mock,InstrumentType.Spot,5551468688638542121,OrderType.Limit,Direction.Long,65001.08,995846688,False,Side.Sell,,65001.08,1653898000,BTC-USDT,TimeCondition.GTC,0.001
2837957847,4194834854,0,1783610670673958217,201,order_input,benchmark,mock,InstrumentType.Spot,5551468688638542122,OrderType.Limit,Direction.Long,65000.89,995848224,False,Side.Buy,,65000.89,1653898000,BTC-USDT,TimeCondition.GTC,0.001
2837957847,4194834854,0,1783610670674236812,201,order_input,benchmark,mock,InstrumentType.Spot,5551468688638542123,OrderType.Limit,Direction.Long,65000.1,995849760,False,Side.Sell,,65000.1,1653898000,BTC-USDT,TimeCondition.GTC,0.001
2837957847,4194834854,0,1783610670674701865,201,order_input,benchmark,mock,InstrumentType.Spot,5551468688638542124,OrderType.Limit,Direction.Long,64999.91,995851296,False,Side.Buy,,64999.91,1653898000,BTC-USDT,TimeCondition.GTC,0.001
2837957847,4194834854,0,1783610670675181273,201,order_input,benchmark,mock,InstrumentType.Spot,5551468688638542125,OrderType.Limit,Direction.Long,65000.119999999995,995852832,False,Side.Sell,,65000.119999999995,1653898000,BTC-USDT,TimeCondition.GTC,0.001
2837957847,4194834854,0,1783610670675305593,201,order_input,benchmark,mock,InstrumentType.Spot,5551468688638542126,OrderType.Limit,Direction.Long,64999.93,995854368,False,Side.Buy,,64999.93,1653898000,BTC-USDT,TimeCondition.GTC,0.001
2837957847,4194834854,0,1783610670675430588,201,order_input,benchmark,mock,InstrumentType.Spot,5551468688638542127,OrderType.Limit,Direction.Long,65000.14,995855904,False,Side.Sell,,65000.14,1653898000,BTC-USDT,TimeCondition.GTC,0.001
2837957847,4194834854,0,1783610670675780431,201,order_input,benchmark,mock,InstrumentType.Spot,5551468688638542128,OrderType.Limit,Direction.Long,64999.950000000004,995857440,False,Side.Buy,,64999.950000000004,1653898000,BTC-USDT,TimeCondition.GTC,0.001
2837957847,4194834854,0,1783610670676430768,201,order_input,benchmark,mock,InstrumentType.Spot,5551468688638542129,OrderType.Limit,Direction.Long,65000.159999999996,995858976,False,Side.Sell,,65000.159999999996,1653898000,BTC-USDT,TimeCondition.GTC,0.001
2837957847,4194834854,0,1783610670676469540,201,order_input,benchmark,mock,InstrumentType.Spot,5551468688638542130,OrderType.Limit,Direction.Long,64999.97,995860480,False,Side.Buy,,64999.97,1653898000,BTC-USDT,TimeCondition.GTC,0.001
2837957847,4194834854,0,1783610670676673257,201,order_input,benchmark,mock,InstrumentType.Spot,5551468688638542131,OrderType.Limit,Direction.Long,65000.18,995862048,False,Side.Sell,,65000.18,1653898000,BTC-USDT,TimeCondition.GTC,0.001
2837957847,4194834854,0,1783610670676967221,201,order_input,benchmark,mock,InstrumentType.Spot,5551468688638542132,OrderType.Limit,Direction.Long,64999.99,995863584,False,Side.Buy,,64999.99,1653898000,BTC-USDT,TimeCondition.GTC,0.001
2837957847,4194834854,0,1783610670677201961,201,order_input,benchmark,mock,InstrumentType.Spot,5551468688638542133,OrderType.Limit,Direction.Long,65000.2,995803344,False,Side.Sell,,65000.2,1653898000,BTC-USDT,TimeCondition.GTC,0.001
2837957847,4194834854,0,1783610670677536760,201,order_input,benchmark,mock,InstrumentType.Spot,5551468688638542134,OrderType.Limit,Direction.Long,65000.01,995804880,False,Side.Buy,,65000.01,1653898000,BTC-USDT,TimeCondition.GTC,0.001
2837957847,4194834854,0,1783610670677832048,201,order_input,benchmark,mock,InstrumentType.Spot,5551468688638542135,OrderType.Limit,Direction.Long,65000.22,995805632,False,Side.Sell,,65000.22,1653898000,BTC-USDT,TimeCondition.GTC,0.001
2837957847,4194834854,0,1783610670678230112,201,order_input,benchmark,mock,InstrumentType.Spot,5551468688638542136,OrderType.Limit,Direction.Long,65000.03,995870080,False,Side.Buy,,65000.03,1653898000,BTC-USDT,TimeCondition.GTC,0.001
2837957847,4194834854,0,1783610670678516432,201,order_input,benchmark,mock,InstrumentType.Spot,5551468688638542137,OrderType.Limit,Direction.Long,65000.24,995871616,False,Side.Sell,,65000.24,1653898000,BTC-USDT,TimeCondition.GTC,0.001
2837957847,4194834854,0,1783610670678810379,201,order_input,benchmark,mock,InstrumentType.Spot,5551468688638542138,OrderType.Limit,Direction.Long,65000.05,995873152,False,Side.Buy,,65000.05,1653898000,BTC-USDT,TimeCondition.GTC,0.001
2837957847,4194834854,0,1783610670679096286,201,order_input,benchmark,mock,InstrumentType.Spot,5551468688638542139,OrderType.Limit,Direction.Long,65000.26,995874688,False,Side.Sell,,65000.26,1653898000,BTC-USDT,TimeCondition.GTC,0.001
2837957847,4194834854,0,1783610670679391138,201,order_input,benchmark,mock,InstrumentType.Spot,5551468688638542140,OrderType.Limit,Direction.Long,65000.07,995876224,False,Side.Buy,,65000.07,1653898000,BTC-USDT,TimeCondition.GTC,0.001
2837957847,4194834854,0,1783610670679627066,201,order_input,benchmark,mock,InstrumentType.Spot,5551468688638542141,OrderType.Limit,Direction.Long,65000.28,995877760,False,Side.Sell,,65000.28,1653898000,BTC-USDT,TimeCondition.GTC,0.001
2837957847,4194834854,0,1783610670679979298,201,order_input,benchmark,mock,InstrumentType.Spot,5551468688638542142,OrderType.Limit,Direction.Long,65000.090000000004,995879296,False,Side.Buy,,65000.090000000004,1653898000,BTC-USDT,TimeCondition.GTC,0.001
2837957847,4194834854,0,1783610670680281636,201,order_input,benchmark,mock,InstrumentType.Spot,5551468688638542143,OrderType.Limit,Direction.Long,65000.299999999996,995880832,False,Side.Sell,,65000.299999999996,1653898000,BTC-USDT,TimeCondition.GTC,0.001
2837957847,4194834854,0,1783610670680569432,201,order_input,benchmark,mock,InstrumentType.Spot,5551468688638542144,OrderType.Limit,Direction.Long,65000.11,995882368,False,Side.Buy,,65000.11,1653898000,BTC-USDT,TimeCondition.GTC,0.001
2837957847,4194834854,0,1783610670680878459,201,order_input,benchmark,mock,InstrumentType.Spot,5551468688638542145,OrderType.Limit,Direction.Long,65000.32,995883904,False,Side.Sell,,65000.32,1653898000,BTC-USDT,TimeCondition.GTC,0.001
2837957847,4194834854,0,1783610670681180680,201,order_input,benchmark,mock,InstrumentType.Spot,5551468688638542146,OrderType.Limit,Direction.Long,65000.130000000005,995885440,False,Side.Buy,,65000.130000000005,1653898000,BTC-USDT,TimeCondition.GTC,0.001
2837957847,4194834854,0,1783610670681480017,201,order_input,benchmark,mock,InstrumentType.Spot,5551468688638542147,OrderType.Limit,Direction.Long,65000.34,995886976,False,Side.Sell,,65000.34,1653898000,BTC-USDT,TimeCondition.GTC,0.001
2837957847,4194834854,0,1783610670681778352,201,order_input,benchmark,mock,InstrumentType.Spot,5551468688638542148,OrderType.Limit,Direction.Long,65000.15,995888512,False,Side.Buy,,65000.15,1653898000,BTC-USDT,TimeCondition.GTC,0.001
2837957847,4194834854,0,1783610670682092252,201,order_input,benchmark,mock,InstrumentType.Spot,5551468688638542149,OrderType.Limit,Direction.Long,65000.36,995890048,False,Side.Sell,,65000.36,1653898000,BTC-USDT,TimeCondition.GTC,0.001
2837957847,4194834854,0,1783610670682376573,201,order_input,benchmark,mock,InstrumentType.Spot,5551468688638542150,OrderType.Limit,Direction.Long,65000.17,995891584,False,Side.Buy,,65000.17,1653898000,BTC-USDT,TimeCondition.GTC,0.001
2837957847,4194834854,0,1783610670682796144,201,order_input,benchmark,mock,InstrumentType.Spot,5551468688638542151,OrderType.Limit,Direction.Long,65000.38,995893120,False,Side.Sell,,65000.38,1653898000,BTC-USDT,TimeCondition.GTC,0.001
2837957847,4194834854,0,1783610670682913283,201,order_input,benchmark,mock,InstrumentType.Spot,5551468688638542152,OrderType.Limit,Direction.Long,65000.19,995894656,False,Side.Buy,,65000.19,1653898000,BTC-USDT,TimeCondition.GTC,0.001
2837957847,4194834854,0,1783610670683216641,201,order_input,benchmark,mock,InstrumentType.Spot,5551468688638542153,OrderType.Limit,Direction.Long,65000.4,995896192,False,Side.Sell,,65000.4,1653898000,BTC-USDT,TimeCondition.GTC,0.001
2837957847,4194834854,0,1783610670683576666,201,order_input,benchmark,mock,InstrumentType.Spot,5551468688638542154,OrderType.Limit,Direction.Long,65000.21,995897728,False,Side.Buy,,65000.21,1653898000,BTC-USDT,TimeCondition.GTC,0.001
2837957847,4194834854,0,1783610670683889549,201,order_input,benchmark,mock,InstrumentType.Spot,5551468688638542155,OrderType.Limit,Direction.Long,65000.42,995899264,False,Side.Sell,,65000.42,1653898000,BTC-USDT,TimeCondition.GTC,0.001
2837957847,4194834854,0,1783610670684189292,201,order_input,benchmark,mock,InstrumentType.Spot,5551468688638542156,OrderType.Limit,Direction.Long,65000.23,995900800,False,Side.Buy,,65000.23,1653898000,BTC-USDT,TimeCondition.GTC,0.001
2837957847,4194834854,0,1783610670684498278,201,order_input,benchmark,mock,InstrumentType.Spot,5551468688638542157,OrderType.Limit,Direction.Long,65000.439999999995,995902336,False,Side.Sell,,65000.439999999995,1653898000,BTC-USDT,TimeCondition.GTC,0.001
2837957847,4194834854,0,1783610670684785373,201,order_input,benchmark,mock,InstrumentType.Spot,5551468688638542158,OrderType.Limit,Direction.Long,65000.25,995903872,False,Side.Buy,,65000.25,1653898000,BTC-USDT,TimeCondition.GTC,0.001
2837957847,4194834854,0,1783610670685103659,201,order_input,benchmark,mock,InstrumentType.Spot,5551468688638542159,OrderType.Limit,Direction.Long,65000.46,995905408,False,Side.Sell,,65000.46,1653898000,BTC-USDT,TimeCondition.GTC,0.001
2837957847,4194834854,0,1783610670685309287,201,order_input,benchmark,mock,InstrumentType.Spot,5551468688638542160,OrderType.Limit,Direction.Long,65000.270000000004,995906944,False,Side.Buy,,65000.270000000004,1653898000,BTC-USDT,TimeCondition.GTC,0.001
2837957847,4194834854,0,1783610670685699281,201,order_input,benchmark,mock,InstrumentType.Spot,5551468688638542161,OrderType.Limit,Direction.Long,65000.479999999996,995908480,False,Side.Sell,,65000.479999999996,1653898000,BTC-USDT,TimeCondition.GTC,0.001
2837957847,4194834854,0,1783610670685903439,201,order_input,benchmark,mock,InstrumentType.Spot,5551468688638542162,OrderType.Limit,Direction.Long,65000.29,995910016,False,Side.Buy,,65000.29,1653898000,BTC-USDT,TimeCondition.GTC,0.001
2837957847,4194834854,0,1783610670686205592,201,order_input,benchmark,mock,InstrumentType.Spot,5551468688638542163,OrderType.Limit,Direction.Long,65000.5,995911552,False,Side.Sell,,65000.5,1653898000,BTC-USDT,TimeCondition.GTC,0.001
2837957847,4194834854,0,1783610670686502171,201,order_input,benchmark,mock,InstrumentType.Spot,5551468688638542164,OrderType.Limit,Direction.Long,65000.310000000005,995913088,False,Side.Buy,,65000.310000000005,1653898000,BTC-USDT,TimeCondition.GTC,0.001
2837957847,4194834854,0,1783610670686922261,201,order_input,benchmark,mock,InstrumentType.Spot,5551468688638542165,OrderType.Limit,Direction.Long,65000.52,995914624,False,Side.Sell,,65000.52,1653898000,BTC-USDT,TimeCondition.GTC,0.001
2837957847,4194834854,0,1783610670687195566,201,order_input,benchmark,mock,InstrumentType.Spot,5551468688638542166,OrderType.Limit,Direction.Long,65000.33,995916160,False,Side.Buy,,65000.33,1653898000,BTC-USDT,TimeCondition.GTC,0.001
2837957847,4194834854,0,1783610670687512921,201,order_input,benchmark,mock,InstrumentType.Spot,5551468688638542167,OrderType.Limit,Direction.Long,65000.54,995917696,False,Side.Sell,,65000.54,1653898000,BTC-USDT,TimeCondition.GTC,0.001
2837957847,4194834854,0,1783610670687756457,201,order_input,benchmark,mock,InstrumentType.Spot,5551468688638542168,OrderType.Limit,Direction.Long,65000.35,995919232,False,Side.Buy,,65000.35,1653898000,BTC-USDT,TimeCondition.GTC,0.001
2837957847,4194834854,0,1783610670688105242,201,order_input,benchmark,mock,InstrumentType.Spot,5551468688638542169,OrderType.Limit,Direction.Long,65000.56,995920768,False,Side.Sell,,65000.56,1653898000,BTC-USDT,TimeCondition.GTC,0.001
2837957847,4194834854,0,1783610670688384173,201,order_input,benchmark,mock,InstrumentType.Spot,5551468688638542170,OrderType.Limit,Direction.Long,65000.37,995922304,False,Side.Buy,,65000.37,1653898000,BTC-USDT,TimeCondition.GTC,0.001
2837957847,4194834854,0,1783610670688688674,201,order_input,benchmark,mock,InstrumentType.Spot,5551468688638542171,OrderType.Limit,Direction.Long,65000.58,995923840,False,Side.Sell,,65000.58,1653898000,BTC-USDT,TimeCondition.GTC,0.001
2837957847,4194834854,0,1783610670688985890,201,order_input,benchmark,mock,InstrumentType.Spot,5551468688638542172,OrderType.Limit,Direction.Long,65000.39,995925376,False,Side.Buy,,65000.39,1653898000,BTC-USDT,TimeCondition.GTC,0.001
2837957847,4194834854,0,1783610670689348001,201,order_input,benchmark,mock,InstrumentType.Spot,5551468688638542173,OrderType.Limit,Direction.Long,65000.6,995926912,False,Side.Sell,,65000.6,1653898000,BTC-USDT,TimeCondition.GTC,0.001
2837957847,4194834854,0,1783610670689577737,201,order_input,benchmark,mock,InstrumentType.Spot,5551468688638542174,OrderType.Limit,Direction.Long,65000.41,995928448,False,Side.Buy,,65000.41,1653898000,BTC-USDT,TimeCondition.GTC,0.001
2837957847,4194834854,0,1783610670689813639,201,order_input,benchmark,mock,InstrumentType.Spot,5551468688638542175,OrderType.Limit,Direction.Long,65000.619999999995,995929984,False,Side.Sell,,65000.619999999995,1653898000,BTC-USDT,TimeCondition.GTC,0.001
2837957847,4194834854,0,1783610670690223194,201,order_input,benchmark,mock,InstrumentType.Spot,5551468688638542176,OrderType.Limit,Direction.Long,65000.43,995931520,False,Side.Buy,,65000.43,1653898000,BTC-USDT,TimeCondition.GTC,0.001
2837957847,4194834854,0,1783610670690476703,201,order_input,benchmark,mock,InstrumentType.Spot,5551468688638542177,OrderType.Limit,Direction.Long,65000.64,995865120,False,Side.Sell,,65000.64,1653898000,BTC-USDT,TimeCondition.GTC,0.001
2837957847,4194834854,0,1783610670690708003,201,order_input,benchmark,mock,InstrumentType.Spot,5551468688638542178,OrderType.Limit,Direction.Long,65000.450000000004,995866656,False,Side.Buy,,65000.450000000004,1653898000,BTC-USDT,TimeCondition.GTC,0.001
2837957847,4194834854,0,1783610670691096000,201,order_input,benchmark,mock,InstrumentType.Spot,5551468688638542179,OrderType.Limit,Direction.Long,65000.659999999996,995936528,False,Side.Sell,,65000.659999999996,1653898000,BTC-USDT,TimeCondition.GTC,0.001
2837957847,4194834854,0,1783610670691300116,201,order_input,benchmark,mock,InstrumentType.Spot,5551468688638542180,OrderType.Limit,Direction.Long,65000.47,995938064,False,Side.Buy,,65000.47,1653898000,BTC-USDT,TimeCondition.GTC,0.001
2837957847,4194834854,0,1783610670691688410,201,order_input,benchmark,mock,InstrumentType.Spot,5551468688638542181,OrderType.Limit,Direction.Long,65000.68,995939600,False,Side.Sell,,65000.68,1653898000,BTC-USDT,TimeCondition.GTC,0.001
2837957847,4194834854,0,1783610670691988003,201,order_input,benchmark,mock,InstrumentType.Spot,5551468688638542182,OrderType.Limit,Direction.Long,65000.49,995941136,False,Side.Buy,,65000.49,1653898000,BTC-USDT,TimeCondition.GTC,0.001
2837957847,4194834854,0,1783610670692286263,201,order_input,benchmark,mock,InstrumentType.Spot,5551468688638542183,OrderType.Limit,Direction.Long,65000.7,995942672,False,Side.Sell,,65000.7,1653898000,BTC-USDT,TimeCondition.GTC,0.001
2837957847,4194834854,0,1783610670692579048,201,order_input,benchmark,mock,InstrumentType.Spot,5551468688638542184,OrderType.Limit,Direction.Long,65000.51,995944208,False,Side.Buy,,65000.51,1653898000,BTC-USDT,TimeCondition.GTC,0.001
2837957847,4194834854,0,1783610670692878635,201,order_input,benchmark,mock,InstrumentType.Spot,5551468688638542185,OrderType.Limit,Direction.Long,65000.72,995945744,False,Side.Sell,,65000.72,1653898000,BTC-USDT,TimeCondition.GTC,0.001
2837957847,4194834854,0,1783610670693190138,201,order_input,benchmark,mock,InstrumentType.Spot,5551468688638542186,OrderType.Limit,Direction.Long,65000.53,995947280,False,Side.Buy,,65000.53,1653898000,BTC-USDT,TimeCondition.GTC,0.001
2837957847,4194834854,0,1783610670693481624,201,order_input,benchmark,mock,InstrumentType.Spot,5551468688638542187,OrderType.Limit,Direction.Long,65000.74,995948816,False,Side.Sell,,65000.74,1653898000,BTC-USDT,TimeCondition.GTC,0.001
2837957847,4194834854,0,1783610670693788158,201,order_input,benchmark,mock,InstrumentType.Spot,5551468688638542188,OrderType.Limit,Direction.Long,65000.55,995950352,False,Side.Buy,,65000.55,1653898000,BTC-USDT,TimeCondition.GTC,0.001
2837957847,4194834854,0,1783610670694125628,201,order_input,benchmark,mock,InstrumentType.Spot,5551468688638542189,OrderType.Limit,Direction.Long,65000.76,995951888,False,Side.Sell,,65000.76,1653898000,BTC-USDT,TimeCondition.GTC,0.001
2837957847,4194834854,0,1783610670694373973,201,order_input,benchmark,mock,InstrumentType.Spot,5551468688638542190,OrderType.Limit,Direction.Long,65000.57,995953424,False,Side.Buy,,65000.57,1653898000,BTC-USDT,TimeCondition.GTC,0.001
2837957847,4194834854,0,1783610670694680834,201,order_input,benchmark,mock,InstrumentType.Spot,5551468688638542191,OrderType.Limit,Direction.Long,65000.78,995954960,False,Side.Sell,,65000.78,1653898000,BTC-USDT,TimeCondition.GTC,0.001
2837957847,4194834854,0,1783610670694981152,201,order_input,benchmark,mock,InstrumentType.Spot,5551468688638542192,OrderType.Limit,Direction.Long,65000.590000000004,995956496,False,Side.Buy,,65000.590000000004,1653898000,BTC-USDT,TimeCondition.GTC,0.001
2837957847,4194834854,0,1783610670695281369,201,order_input,benchmark,mock,InstrumentType.Spot,5551468688638542193,OrderType.Limit,Direction.Long,65000.799999999996,995958032,False,Side.Sell,,65000.799999999996,1653898000,BTC-USDT,TimeCondition.GTC,0.001
2837957847,4194834854,0,1783610670695577506,201,order_input,benchmark,mock,InstrumentType.Spot,5551468688638542194,OrderType.Limit,Direction.Long,65000.61,995959568,False,Side.Buy,,65000.61,1653898000,BTC-USDT,TimeCondition.GTC,0.001
2837957847,4194834854,0,1783610670695887766,201,order_input,benchmark,mock,InstrumentType.Spot,5551468688638542195,OrderType.Limit,Direction.Long,65000.82,995961104,False,Side.Sell,,65000.82,1653898000,BTC-USDT,TimeCondition.GTC,0.001
2837957847,4194834854,0,1783610670696197293,201,order_input,benchmark,mock,InstrumentType.Spot,5551468688638542196,OrderType.Limit,Direction.Long,65000.630000000005,995962640,False,Side.Buy,,65000.630000000005,1653898000,BTC-USDT,TimeCondition.GTC,0.001
2837957847,4194834854,0,1783610670696487069,201,order_input,benchmark,mock,InstrumentType.Spot,5551468688638542197,OrderType.Limit,Direction.Long,65000.84,995964176,False,Side.Sell,,65000.84,1653898000,BTC-USDT,TimeCondition.GTC,0.001
2837957847,4194834854,0,1783610670696785419,201,order_input,benchmark,mock,InstrumentType.Spot,5551468688638542198,OrderType.Limit,Direction.Long,65000.65,995965712,False,Side.Buy,,65000.65,1653898000,BTC-USDT,TimeCondition.GTC,0.001
2837957847,4194834854,0,1783610670697108959,201,order_input,benchmark,mock,InstrumentType.Spot,5551468688638542199,OrderType.Limit,Direction.Long,65000.86,995967248,False,Side.Sell,,65000.86,1653898000,BTC-USDT,TimeCondition.GTC,0.001
2837957847,4194834854,0,1783610670697413646,201,order_input,benchmark,mock,InstrumentType.Spot,5551468688638542200,OrderType.Limit,Direction.Long,65000.67,995968784,False,Side.Buy,,65000.67,1653898000,BTC-USDT,TimeCondition.GTC,0.001
2837957847,4194834854,0,1783610670697677634,201,order_input,benchmark,mock,InstrumentType.Spot,5551468688638542201,OrderType.Limit,Direction.Long,65000.88,995970320,False,Side.Sell,,65000.88,1653898000,BTC-USDT,TimeCondition.GTC,0.001
2837957847,4194834854,0,1783610670697962293,201,order_input,benchmark,mock,InstrumentType.Spot,5551468688638542202,OrderType.Limit,Direction.Long,65000.69,995971856,False,Side.Buy,,65000.69,1653898000,BTC-USDT,TimeCondition.GTC,0.001
2837957847,4194834854,0,1783610670698324398,201,order_input,benchmark,mock,InstrumentType.Spot,5551468688638542203,OrderType.Limit,Direction.Long,65000.9,995973392,False,Side.Sell,,65000.9,1653898000,BTC-USDT,TimeCondition.GTC,0.001
2837957847,4194834854,0,1783610670698642994,201,order_input,benchmark,mock,InstrumentType.Spot,5551468688638542204,OrderType.Limit,Direction.Long,65000.71,995974928,False,Side.Buy,,65000.71,1653898000,BTC-USDT,TimeCondition.GTC,0.001
2837957847,4194834854,0,1783610670698842021,201,order_input,benchmark,mock,InstrumentType.Spot,5551468688638542205,OrderType.Limit,Direction.Long,65000.92,995976464,False,Side.Sell,,65000.92,1653898000,BTC-USDT,TimeCondition.GTC,0.001
2837957847,4194834854,0,1783610670699164289,201,order_input,benchmark,mock,InstrumentType.Spot,5551468688638542206,OrderType.Limit,Direction.Long,65000.73,995978000,False,Side.Buy,,65000.73,1653898000,BTC-USDT,TimeCondition.GTC,0.001
2837957847,4194834854,0,1783610670699417795,201,order_input,benchmark,mock,InstrumentType.Spot,5551468688638542207,OrderType.Limit,Direction.Long,65000.939999999995,995979536,False,Side.Sell,,65000.939999999995,1653898000,BTC-USDT,TimeCondition.GTC,0.001
2837957847,4194834854,0,1783610670699798158,201,order_input,benchmark,mock,InstrumentType.Spot,5551468688638542208,OrderType.Limit,Direction.Long,65000.75,995981072,False,Side.Buy,,65000.75,1653898000,BTC-USDT,TimeCondition.GTC,0.001
2837957847,4194834854,0,1783610670700019996,201,order_input,benchmark,mock,InstrumentType.Spot,5551468688638542209,OrderType.Limit,Direction.Long,65000.96,995982608,False,Side.Sell,,65000.96,1653898000,BTC-USDT,TimeCondition.GTC,0.001
2837957847,4194834854,0,1783610670700396515,201,order_input,benchmark,mock,InstrumentType.Spot,5551468688638542210,OrderType.Limit,Direction.Long,65000.770000000004,995984144,False,Side.Buy,,65000.770000000004,1653898000,BTC-USDT,TimeCondition.GTC,0.001
2837957847,4194834854,0,1783610670700686553,201,order_input,benchmark,mock,InstrumentType.Spot,5551468688638542211,OrderType.Limit,Direction.Long,65000.979999999996,995985680,False,Side.Sell,,65000.979999999996,1653898000,BTC-USDT,TimeCondition.GTC,0.001
2837957847,4194834854,0,1783610670701005614,201,order_input,benchmark,mock,InstrumentType.Spot,5551468688638542212,OrderType.Limit,Direction.Long,65000.79,995987216,False,Side.Buy,,65000.79,1653898000,BTC-USDT,TimeCondition.GTC,0.001
2837957847,4194834854,0,1783610670701294058,201,order_input,benchmark,mock,InstrumentType.Spot,5551468688638542213,OrderType.Limit,Direction.Long,65001.0,995988752,False,Side.Sell,,65001.0,1653898000,BTC-USDT,TimeCondition.GTC,0.001
2837957847,4194834854,0,1783610670701591574,201,order_input,benchmark,mock,InstrumentType.Spot,5551468688638542214,OrderType.Limit,Direction.Long,65000.810000000005,995990288,False,Side.Buy,,65000.810000000005,1653898000,BTC-USDT,TimeCondition.GTC,0.001
2837957847,4194834854,0,1783610670701889364,201,order_input,benchmark,mock,InstrumentType.Spot,5551468688638542215,OrderType.Limit,Direction.Long,65001.02,995991824,False,Side.Sell,,65001.02,1653898000,BTC-USDT,TimeCondition.GTC,0.001
2837957847,4194834854,0,1783610670702178971,201,order_input,benchmark,mock,InstrumentType.Spot,5551468688638542216,OrderType.Limit,Direction.Long,65000.83,995993360,False,Side.Buy,,65000.83,1653898000,BTC-USDT,TimeCondition.GTC,0.001
2837957847,4194834854,0,1783610670702477423,201,order_input,benchmark,mock,InstrumentType.Spot,5551468688638542217,OrderType.Limit,Direction.Long,65001.04,995994896,False,Side.Sell,,65001.04,1653898000,BTC-USDT,TimeCondition.GTC,0.001
2837957847,4194834854,0,1783610670702776906,201,order_input,benchmark,mock,InstrumentType.Spot,5551468688638542218,OrderType.Limit,Direction.Long,65000.85,995996432,False,Side.Buy,,65000.85,1653898000,BTC-USDT,TimeCondition.GTC,0.001
2837957847,4194834854,0,1783610670703089603,201,order_input,benchmark,mock,InstrumentType.Spot,5551468688638542219,OrderType.Limit,Direction.Long,65001.06,995997968,False,Side.Sell,,65001.06,1653898000,BTC-USDT,TimeCondition.GTC,0.001
2837957847,4194834854,0,1783610670703382121,201,order_input,benchmark,mock,InstrumentType.Spot,5551468688638542220,OrderType.Limit,Direction.Long,65000.87,995999504,False,Side.Buy,,65000.87,1653898000,BTC-USDT,TimeCondition.GTC,0.001
2837957847,4194834854,0,1783610670703678179,201,order_input,benchmark,mock,InstrumentType.Spot,5551468688638542221,OrderType.Limit,Direction.Long,65001.08,996001040,False,Side.Sell,,65001.08,1653898000,BTC-USDT,TimeCondition.GTC,0.001
2837957847,4194834854,0,1783610670703977725,201,order_input,benchmark,mock,InstrumentType.Spot,5551468688638542222,OrderType.Limit,Direction.Long,65000.89,996002576,False,Side.Buy,,65000.89,1653898000,BTC-USDT,TimeCondition.GTC,0.001
2837957847,4194834854,0,1783610670704304231,201,order_input,benchmark,mock,InstrumentType.Spot,5551468688638542223,OrderType.Limit,Direction.Long,65000.1,996004112,False,Side.Sell,,65000.1,1653898000,BTC-USDT,TimeCondition.GTC,0.001
2837957847,4194834854,0,1783610670704734634,201,order_input,benchmark,mock,InstrumentType.Spot,5551468688638542224,OrderType.Limit,Direction.Long,64999.91,996005648,False,Side.Buy,,64999.91,1653898000,BTC-USDT,TimeCondition.GTC,0.001
2837957847,4194834854,0,1783610670704881460,201,order_input,benchmark,mock,InstrumentType.Spot,5551468688638542225,OrderType.Limit,Direction.Long,65000.119999999995,995933056,False,Side.Sell,,65000.119999999995,1653898000,BTC-USDT,TimeCondition.GTC,0.001
2837957847,4194834854,0,1783610670705152075,201,order_input,benchmark,mock,InstrumentType.Spot,5551468688638542226,OrderType.Limit,Direction.Long,64999.93,995934592,False,Side.Buy,,64999.93,1653898000,BTC-USDT,TimeCondition.GTC,0.001
2837957847,4194834854,0,1783610670705508817,201,order_input,benchmark,mock,InstrumentType.Spot,5551468688638542227,OrderType.Limit,Direction.Long,65000.14,996010816,False,Side.Sell,,65000.14,1653898000,BTC-USDT,TimeCondition.GTC,0.001
2837957847,4194834854,0,1783610670705789370,201,order_input,benchmark,mock,InstrumentType.Spot,5551468688638542228,OrderType.Limit,Direction.Long,64999.950000000004,996012240,False,Side.Buy,,64999.950000000004,1653898000,BTC-USDT,TimeCondition.GTC,0.001
2837957847,4194834854,0,1783610670706159288,201,order_input,benchmark,mock,InstrumentType.Spot,5551468688638542229,OrderType.Limit,Direction.Long,65000.159999999996,996013776,False,Side.Sell,,65000.159999999996,1653898000,BTC-USDT,TimeCondition.GTC,0.001
2837957847,4194834854,0,1783610670706362749,201,order_input,benchmark,mock,InstrumentType.Spot,5551468688638542230,OrderType.Limit,Direction.Long,64999.97,996015312,False,Side.Buy,,64999.97,1653898000,BTC-USDT,TimeCondition.GTC,0.001
2837957847,4194834854,0,1783610670706790897,201,order_input,benchmark,mock,InstrumentType.Spot,5551468688638542231,OrderType.Limit,Direction.Long,65000.18,996016848,False,Side.Sell,,65000.18,1653898000,BTC-USDT,TimeCondition.GTC,0.001
2837957847,4194834854,0,1783610670707008788,201,order_input,benchmark,mock,InstrumentType.Spot,5551468688638542232,OrderType.Limit,Direction.Long,64999.99,996018384,False,Side.Buy,,64999.99,1653898000,BTC-USDT,TimeCondition.GTC,0.001
2837957847,4194834854,0,1783610670707273331,201,order_input,benchmark,mock,InstrumentType.Spot,5551468688638542233,OrderType.Limit,Direction.Long,65000.2,996019920,False,Side.Sell,,65000.2,1653898000,BTC-USDT,TimeCondition.GTC,0.001
2837957847,4194834854,0,1783610670707557309,201,order_input,benchmark,mock,InstrumentType.Spot,5551468688638542234,OrderType.Limit,Direction.Long,65000.01,996021456,False,Side.Buy,,65000.01,1653898000,BTC-USDT,TimeCondition.GTC,0.001
2837957847,4194834854,0,1783610670707987549,201,order_input,benchmark,mock,InstrumentType.Spot,5551468688638542235,OrderType.Limit,Direction.Long,65000.22,996022992,False,Side.Sell,,65000.22,1653898000,BTC-USDT,TimeCondition.GTC,0.001
2837957847,4194834854,0,1783610670708340421,201,order_input,benchmark,mock,InstrumentType.Spot,5551468688638542236,OrderType.Limit,Direction.Long,65000.03,996024528,False,Side.Buy,,65000.03,1653898000,BTC-USDT,TimeCondition.GTC,0.001
2837957847,4194834854,0,1783610670708456003,201,order_input,benchmark,mock,InstrumentType.Spot,5551468688638542237,OrderType.Limit,Direction.Long,65000.24,996026064,False,Side.Sell,,65000.24,1653898000,BTC-USDT,TimeCondition.GTC,0.001
2837957847,4194834854,0,1783610670708761445,201,order_input,benchmark,mock,InstrumentType.Spot,5551468688638542238,OrderType.Limit,Direction.Long,65000.05,996027600,False,Side.Buy,,65000.05,1653898000,BTC-USDT,TimeCondition.GTC,0.001
2837957847,4194834854,0,1783610670709075740,201,order_input,benchmark,mock,InstrumentType.Spot,5551468688638542239,OrderType.Limit,Direction.Long,65000.26,996029136,False,Side.Sell,,65000.26,1653898000,BTC-USDT,TimeCondition.GTC,0.001
2837957847,4194834854,0,1783610670709433999,201,order_input,benchmark,mock,InstrumentType.Spot,5551468688638542240,OrderType.Limit,Direction.Long,65000.07,996030672,False,Side.Buy,,65000.07,1653898000,BTC-USDT,TimeCondition.GTC,0.001
2837957847,4194834854,0,1783610670709677450,201,order_input,benchmark,mock,InstrumentType.Spot,5551468688638542241,OrderType.Limit,Direction.Long,65000.28,996032208,False,Side.Sell,,65000.28,1653898000,BTC-USDT,TimeCondition.GTC,0.001
2837957847,4194834854,0,1783610670709926727,201,order_input,benchmark,mock,InstrumentType.Spot,5551468688638542242,OrderType.Limit,Direction.Long,65000.090000000004,996033744,False,Side.Buy,,65000.090000000004,1653898000,BTC-USDT,TimeCondition.GTC,0.001
2837957847,4194834854,0,1783610670710483926,201,order_input,benchmark,mock,InstrumentType.Spot,5551468688638542243,OrderType.Limit,Direction.Long,65000.299999999996,996035280,False,Side.Sell,,65000.299999999996,1653898000,BTC-USDT,TimeCondition.GTC,0.001
2837957847,4194834854,0,1783610670710508826,201,order_input,benchmark,mock,InstrumentType.Spot,5551468688638542244,OrderType.Limit,Direction.Long,65000.11,996036784,False,Side.Buy,,65000.11,1653898000,BTC-USDT,TimeCondition.GTC,0.001
2837957847,4194834854,0,1783610670710882138,201,order_input,benchmark,mock,InstrumentType.Spot,5551468688638542245,OrderType.Limit,Direction.Long,65000.32,996038352,False,Side.Sell,,65000.32,1653898000,BTC-USDT,TimeCondition.GTC,0.001
2837957847,4194834854,0,1783610670711179611,201,order_input,benchmark,mock,InstrumentType.Spot,5551468688638542246,OrderType.Limit,Direction.Long,65000.130000000005,996039888,False,Side.Buy,,65000.130000000005,1653898000,BTC-USDT,TimeCondition.GTC,0.001
2837957847,4194834854,0,1783610670711444638,201,order_input,benchmark,mock,InstrumentType.Spot,5551468688638542247,OrderType.Limit,Direction.Long,65000.34,996041424,False,Side.Sell,,65000.34,1653898000,BTC-USDT,TimeCondition.GTC,0.001
2837957847,4194834854,0,1783610670711789272,201,order_input,benchmark,mock,InstrumentType.Spot,5551468688638542248,OrderType.Limit,Direction.Long,65000.15,996042960,False,Side.Buy,,65000.15,1653898000,BTC-USDT,TimeCondition.GTC,0.001
2837957847,4194834854,0,1783610670712099648,201,order_input,benchmark,mock,InstrumentType.Spot,5551468688638542249,OrderType.Limit,Direction.Long,65000.36,996044496,False,Side.Sell,,65000.36,1653898000,BTC-USDT,TimeCondition.GTC,0.001
2837957847,4194834854,0,1783610670712300937,201,order_input,benchmark,mock,InstrumentType.Spot,5551468688638542250,OrderType.Limit,Direction.Long,65000.17,996046032,False,Side.Buy,,65000.17,1653898000,BTC-USDT,TimeCondition.GTC,0.001
2837957847,4194834854,0,1783610670712687042,201,order_input,benchmark,mock,InstrumentType.Spot,5551468688638542251,OrderType.Limit,Direction.Long,65000.38,996047568,False,Side.Sell,,65000.38,1653898000,BTC-USDT,TimeCondition.GTC,0.001
2837957847,4194834854,0,1783610670712986517,201,order_input,benchmark,mock,InstrumentType.Spot,5551468688638542252,OrderType.Limit,Direction.Long,65000.19,996049104,False,Side.Buy,,65000.19,1653898000,BTC-USDT,TimeCondition.GTC,0.001
2837957847,4194834854,0,1783610670713287981,201,order_input,benchmark,mock,InstrumentType.Spot,5551468688638542253,OrderType.Limit,Direction.Long,65000.4,996050640,False,Side.Sell,,65000.4,1653898000,BTC-USDT,TimeCondition.GTC,0.001
2837957847,4194834854,0,1783610670713587796,201,order_input,benchmark,mock,InstrumentType.Spot,5551468688638542254,OrderType.Limit,Direction.Long,65000.21,996052176,False,Side.Buy,,65000.21,1653898000,BTC-USDT,TimeCondition.GTC,0.001
2837957847,4194834854,0,1783610670713884517,201,order_input,benchmark,mock,InstrumentType.Spot,5551468688638542255,OrderType.Limit,Direction.Long,65000.42,996053712,False,Side.Sell,,65000.42,1653898000,BTC-USDT,TimeCondition.GTC,0.001
2837957847,4194834854,0,1783610670714182071,201,order_input,benchmark,mock,InstrumentType.Spot,5551468688638542256,OrderType.Limit,Direction.Long,65000.23,996055248,False,Side.Buy,,65000.23,1653898000,BTC-USDT,TimeCondition.GTC,0.001
2837957847,4194834854,0,1783610670714480451,201,order_input,benchmark,mock,InstrumentType.Spot,5551468688638542257,OrderType.Limit,Direction.Long,65000.439999999995,996056784,False,Side.Sell,,65000.439999999995,1653898000,BTC-USDT,TimeCondition.GTC,0.001
2837957847,4194834854,0,1783610670714776998,201,order_input,benchmark,mock,InstrumentType.Spot,5551468688638542258,OrderType.Limit,Direction.Long,65000.25,996058320,False,Side.Buy,,65000.25,1653898000,BTC-USDT,TimeCondition.GTC,0.001
2837957847,4194834854,0,1783610670715091704,201,order_input,benchmark,mock,InstrumentType.Spot,5551468688638542259,OrderType.Limit,Direction.Long,65000.46,996059856,False,Side.Sell,,65000.46,1653898000,BTC-USDT,TimeCondition.GTC,0.001
2837957847,4194834854,0,1783610670715380339,201,order_input,benchmark,mock,InstrumentType.Spot,5551468688638542260,OrderType.Limit,Direction.Long,65000.270000000004,996061392,False,Side.Buy,,65000.270000000004,1653898000,BTC-USDT,TimeCondition.GTC,0.001
2837957847,4194834854,0,1783610670715679731,201,order_input,benchmark,mock,InstrumentType.Spot,5551468688638542261,OrderType.Limit,Direction.Long,65000.479999999996,996062928,False,Side.Sell,,65000.479999999996,1653898000,BTC-USDT,TimeCondition.GTC,0.001
2837957847,4194834854,0,1783610670716084386,201,order_input,benchmark,mock,InstrumentType.Spot,5551468688638542262,OrderType.Limit,Direction.Long,65000.29,996064464,False,Side.Buy,,65000.29,1653898000,BTC-USDT,TimeCondition.GTC,0.001
2837957847,4194834854,0,1783610670716218443,201,order_input,benchmark,mock,InstrumentType.Spot,5551468688638542263,OrderType.Limit,Direction.Long,65000.5,996066000,False,Side.Sell,,65000.5,1653898000,BTC-USDT,TimeCondition.GTC,0.001
2837957847,4194834854,0,1783610670716582912,201,order_input,benchmark,mock,InstrumentType.Spot,5551468688638542264,OrderType.Limit,Direction.Long,65000.310000000005,996067536,False,Side.Buy,,65000.310000000005,1653898000,BTC-USDT,TimeCondition.GTC,0.001
2837957847,4194834854,0,1783610670716878041,201,order_input,benchmark,mock,InstrumentType.Spot,5551468688638542265,OrderType.Limit,Direction.Long,65000.52,996069072,False,Side.Sell,,65000.52,1653898000,BTC-USDT,TimeCondition.GTC,0.001
2837957847,4194834854,0,1783610670717181507,201,order_input,benchmark,mock,InstrumentType.Spot,5551468688638542266,OrderType.Limit,Direction.Long,65000.33,996070608,False,Side.Buy,,65000.33,1653898000,BTC-USDT,TimeCondition.GTC,0.001
2837957847,4194834854,0,1783610670717493143,201,order_input,benchmark,mock,InstrumentType.Spot,5551468688638542267,OrderType.Limit,Direction.Long,65000.54,996072144,False,Side.Sell,,65000.54,1653898000,BTC-USDT,TimeCondition.GTC,0.001
2837957847,4194834854,0,1783610670717758785,201,order_input,benchmark,mock,InstrumentType.Spot,5551468688638542268,OrderType.Limit,Direction.Long,65000.35,996073680,False,Side.Buy,,65000.35,1653898000,BTC-USDT,TimeCondition.GTC,0.001
2837957847,4194834854,0,1783610670718093613,201,order_input,benchmark,mock,InstrumentType.Spot,5551468688638542269,OrderType.Limit,Direction.Long,65000.56,996075216,False,Side.Sell,,65000.56,1653898000,BTC-USDT,TimeCondition.GTC,0.001
2837957847,4194834854,0,1783610670718338498,201,order_input,benchmark,mock,InstrumentType.Spot,5551468688638542270,OrderType.Limit,Direction.Long,65000.37,996076752,False,Side.Buy,,65000.37,1653898000,BTC-USDT,TimeCondition.GTC,0.001
2837957847,4194834854,0,1783610670718679852,201,order_input,benchmark,mock,InstrumentType.Spot,5551468688638542271,OrderType.Limit,Direction.Long,65000.58,996078288,False,Side.Sell,,65000.58,1653898000,BTC-USDT,TimeCondition.GTC,0.001
2837957847,4194834854,0,1783610670718994613,201,order_input,benchmark,mock,InstrumentType.Spot,5551468688638542272,OrderType.Limit,Direction.Long,65000.39,996079824,False,Side.Buy,,65000.39,1653898000,BTC-USDT,TimeCondition.GTC,0.001
2837957847,4194834854,0,1783610670719199270,201,order_input,benchmark,mock,InstrumentType.Spot,5551468688638542273,OrderType.Limit,Direction.Long,65000.6,996081360,False,Side.Sell,,65000.6,1653898000,BTC-USDT,TimeCondition.GTC,0.001
2837957847,4194834854,0,1783610670719587362,201,order_input,benchmark,mock,InstrumentType.Spot,5551468688638542274,OrderType.Limit,Direction.Long,65000.41,996082896,False,Side.Buy,,65000.41,1653898000,BTC-USDT,TimeCondition.GTC,0.001
2837957847,4194834854,0,1783610670719887942,201,order_input,benchmark,mock,InstrumentType.Spot,5551468688638542275,OrderType.Limit,Direction.Long,65000.619999999995,996084432,False,Side.Sell,,65000.619999999995,1653898000,BTC-USDT,TimeCondition.GTC,0.001
2837957847,4194834854,0,1783610670720187338,201,order_input,benchmark,mock,InstrumentType.Spot,5551468688638542276,OrderType.Limit,Direction.Long,65000.43,996085968,False,Side.Buy,,65000.43,1653898000,BTC-USDT,TimeCondition.GTC,0.001
2837957847,4194834854,0,1783610670720485947,201,order_input,benchmark,mock,InstrumentType.Spot,5551468688638542277,OrderType.Limit,Direction.Long,65000.64,996087504,False,Side.Sell,,65000.64,1653898000,BTC-USDT,TimeCondition.GTC,0.001
2837957847,4194834854,0,1783610670720786145,201,order_input,benchmark,mock,InstrumentType.Spot,5551468688638542278,OrderType.Limit,Direction.Long,65000.450000000004,996089040,False,Side.Buy,,65000.450000000004,1653898000,BTC-USDT,TimeCondition.GTC,0.001
2837957847,4194834854,0,1783610670721099697,201,order_input,benchmark,mock,InstrumentType.Spot,5551468688638542279,OrderType.Limit,Direction.Long,65000.659999999996,996090576,False,Side.Sell,,65000.659999999996,1653898000,BTC-USDT,TimeCondition.GTC,0.001
2837957847,4194834854,0,1783610670721376118,201,order_input,benchmark,mock,InstrumentType.Spot,5551468688638542280,OrderType.Limit,Direction.Long,65000.47,996092112,False,Side.Buy,,65000.47,1653898000,BTC-USDT,TimeCondition.GTC,0.001
2837957847,4194834854,0,1783610670721678567,201,order_input,benchmark,mock,InstrumentType.Spot,5551468688638542281,OrderType.Limit,Direction.Long,65000.68,996007184,False,Side.Sell,,65000.68,1653898000,BTC-USDT,TimeCondition.GTC,0.001
2837957847,4194834854,0,1783610670721994410,201,order_input,benchmark,mock,InstrumentType.Spot,5551468688638542282,OrderType.Limit,Direction.Long,65000.49,996008720,False,Side.Buy,,65000.49,1653898000,BTC-USDT,TimeCondition.GTC,0.001
2837957847,4194834854,0,1783610670722278501,201,order_input,benchmark,mock,InstrumentType.Spot,5551468688638542283,OrderType.Limit,Direction.Long,65000.7,996010256,False,Side.Sell,,65000.7,1653898000,BTC-USDT,TimeCondition.GTC,0.001
2837957847,4194834854,0,1783610670722577458,201,order_input,benchmark,mock,InstrumentType.Spot,5551468688638542284,OrderType.Limit,Direction.Long,65000.51,996098768,False,Side.Buy,,65000.51,1653898000,BTC-USDT,TimeCondition.GTC,0.001
2837957847,4194834854,0,1783610670722877328,201,order_input,benchmark,mock,InstrumentType.Spot,5551468688638542285,OrderType.Limit,Direction.Long,65000.72,996100304,False,Side.Sell,,65000.72,1653898000,BTC-USDT,TimeCondition.GTC,0.001
2837957847,4194834854,0,1783610670723178294,201,order_input,benchmark,mock,InstrumentType.Spot,5551468688638542286,OrderType.Limit,Direction.Long,65000.53,996101840,False,Side.Buy,,65000.53,1653898000,BTC-USDT,TimeCondition.GTC,0.001
2837957847,4194834854,0,1783610670723477948,201,order_input,benchmark,mock,InstrumentType.Spot,5551468688638542287,OrderType.Limit,Direction.Long,65000.74,996103376,False,Side.Sell,,65000.74,1653898000,BTC-USDT,TimeCondition.GTC,0.001
2837957847,4194834854,0,1783610670723778050,201,order_input,benchmark,mock,InstrumentType.Spot,5551468688638542288,OrderType.Limit,Direction.Long,65000.55,996104912,False,Side.Buy,,65000.55,1653898000,BTC-USDT,TimeCondition.GTC,0.001
2837957847,4194834854,0,1783610670724087801,201,order_input,benchmark,mock,InstrumentType.Spot,5551468688638542289,OrderType.Limit,Direction.Long,65000.76,996106448,False,Side.Sell,,65000.76,1653898000,BTC-USDT,TimeCondition.GTC,0.001
2837957847,4194834854,0,1783610670724377543,201,order_input,benchmark,mock,InstrumentType.Spot,5551468688638542290,OrderType.Limit,Direction.Long,65000.57,996107984,False,Side.Buy,,65000.57,1653898000,BTC-USDT,TimeCondition.GTC,0.001
2837957847,4194834854,0,1783610670724691782,201,order_input,benchmark,mock,InstrumentType.Spot,5551468688638542291,OrderType.Limit,Direction.Long,65000.78,996109520,False,Side.Sell,,65000.78,1653898000,BTC-USDT,TimeCondition.GTC,0.001
2837957847,4194834854,0,1783610670724978476,201,order_input,benchmark,mock,InstrumentType.Spot,5551468688638542292,OrderType.Limit,Direction.Long,65000.590000000004,996111056,False,Side.Buy,,65000.590000000004,1653898000,BTC-USDT,TimeCondition.GTC,0.001
2837957847,4194834854,0,1783610670725276323,201,order_input,benchmark,mock,InstrumentType.Spot,5551468688638542293,OrderType.Limit,Direction.Long,65000.799999999996,996112592,False,Side.Sell,,65000.799999999996,1653898000,BTC-USDT,TimeCondition.GTC,0.001
2837957847,4194834854,0,1783610670725583738,201,order_input,benchmark,mock,InstrumentType.Spot,5551468688638542294,OrderType.Limit,Direction.Long,65000.61,996114128,False,Side.Buy,,65000.61,1653898000,BTC-USDT,TimeCondition.GTC,0.001
2837957847,4194834854,0,1783610670725879202,201,order_input,benchmark,mock,InstrumentType.Spot,5551468688638542295,OrderType.Limit,Direction.Long,65000.82,996115664,False,Side.Sell,,65000.82,1653898000,BTC-USDT,TimeCondition.GTC,0.001
2837957847,4194834854,0,1783610670726180290,201,order_input,benchmark,mock,InstrumentType.Spot,5551468688638542296,OrderType.Limit,Direction.Long,65000.630000000005,996117200,False,Side.Buy,,65000.630000000005,1653898000,BTC-USDT,TimeCondition.GTC,0.001
2837957847,4194834854,0,1783610670726478349,201,order_input,benchmark,mock,InstrumentType.Spot,5551468688638542297,OrderType.Limit,Direction.Long,65000.84,996118736,False,Side.Sell,,65000.84,1653898000,BTC-USDT,TimeCondition.GTC,0.001
2837957847,4194834854,0,1783610670726779066,201,order_input,benchmark,mock,InstrumentType.Spot,5551468688638542298,OrderType.Limit,Direction.Long,65000.65,996120272,False,Side.Buy,,65000.65,1653898000,BTC-USDT,TimeCondition.GTC,0.001
2837957847,4194834854,0,1783610670727093162,201,order_input,benchmark,mock,InstrumentType.Spot,5551468688638542299,OrderType.Limit,Direction.Long,65000.86,996121808,False,Side.Sell,,65000.86,1653898000,BTC-USDT,TimeCondition.GTC,0.001
2837957847,4194834854,0,1783610670727373635,201,order_input,benchmark,mock,InstrumentType.Spot,5551468688638542300,OrderType.Limit,Direction.Long,65000.67,996123344,False,Side.Buy,,65000.67,1653898000,BTC-USDT,TimeCondition.GTC,0.001
2837957847,4194834854,0,1783610670727688238,201,order_input,benchmark,mock,InstrumentType.Spot,5551468688638542301,OrderType.Limit,Direction.Long,65000.88,996124880,False,Side.Sell,,65000.88,1653898000,BTC-USDT,TimeCondition.GTC,0.001
2837957847,4194834854,0,1783610670727980958,201,order_input,benchmark,mock,InstrumentType.Spot,5551468688638542302,OrderType.Limit,Direction.Long,65000.69,996126416,False,Side.Buy,,65000.69,1653898000,BTC-USDT,TimeCondition.GTC,0.001
2837957847,4194834854,0,1783610670728285214,201,order_input,benchmark,mock,InstrumentType.Spot,5551468688638542303,OrderType.Limit,Direction.Long,65000.9,996127952,False,Side.Sell,,65000.9,1653898000,BTC-USDT,TimeCondition.GTC,0.001
2837957847,4194834854,0,1783610670728580242,201,order_input,benchmark,mock,InstrumentType.Spot,5551468688638542304,OrderType.Limit,Direction.Long,65000.71,996129488,False,Side.Buy,,65000.71,1653898000,BTC-USDT,TimeCondition.GTC,0.001
2837957847,4194834854,0,1783610670728878702,201,order_input,benchmark,mock,InstrumentType.Spot,5551468688638542305,OrderType.Limit,Direction.Long,65000.92,996131024,False,Side.Sell,,65000.92,1653898000,BTC-USDT,TimeCondition.GTC,0.001
2837957847,4194834854,0,1783610670729176069,201,order_input,benchmark,mock,InstrumentType.Spot,5551468688638542306,OrderType.Limit,Direction.Long,65000.73,996132560,False,Side.Buy,,65000.73,1653898000,BTC-USDT,TimeCondition.GTC,0.001
2837957847,4194834854,0,1783610670729469661,201,order_input,benchmark,mock,InstrumentType.Spot,5551468688638542307,OrderType.Limit,Direction.Long,65000.939999999995,996134096,False,Side.Sell,,65000.939999999995,1653898000,BTC-USDT,TimeCondition.GTC,0.001
2837957847,4194834854,0,1783610670729779745,201,order_input,benchmark,mock,InstrumentType.Spot,5551468688638542308,OrderType.Limit,Direction.Long,65000.75,996135632,False,Side.Buy,,65000.75,1653898000,BTC-USDT,TimeCondition.GTC,0.001
2837957847,4194834854,0,1783610670730089870,201,order_input,benchmark,mock,InstrumentType.Spot,5551468688638542309,OrderType.Limit,Direction.Long,65000.96,996137168,False,Side.Sell,,65000.96,1653898000,BTC-USDT,TimeCondition.GTC,0.001
2837957847,4194834854,0,1783610670730383988,201,order_input,benchmark,mock,InstrumentType.Spot,5551468688638542310,OrderType.Limit,Direction.Long,65000.770000000004,996138704,False,Side.Buy,,65000.770000000004,1653898000,BTC-USDT,TimeCondition.GTC,0.001
2837957847,4194834854,0,1783610670730678520,201,order_input,benchmark,mock,InstrumentType.Spot,5551468688638542311,OrderType.Limit,Direction.Long,65000.979999999996,996140240,False,Side.Sell,,65000.979999999996,1653898000,BTC-USDT,TimeCondition.GTC,0.001
2837957847,4194834854,0,1783610670730978048,201,order_input,benchmark,mock,InstrumentType.Spot,5551468688638542312,OrderType.Limit,Direction.Long,65000.79,996141776,False,Side.Buy,,65000.79,1653898000,BTC-USDT,TimeCondition.GTC,0.001
2837957847,4194834854,0,1783610670731278632,201,order_input,benchmark,mock,InstrumentType.Spot,5551468688638542313,OrderType.Limit,Direction.Long,65001.0,996143312,False,Side.Sell,,65001.0,1653898000,BTC-USDT,TimeCondition.GTC,0.001
2837957847,4194834854,0,1783610670731579075,201,order_input,benchmark,mock,InstrumentType.Spot,5551468688638542314,OrderType.Limit,Direction.Long,65000.810000000005,996144848,False,Side.Buy,,65000.810000000005,1653898000,BTC-USDT,TimeCondition.GTC,0.001
2837957847,4194834854,0,1783610670732350177,201,order_input,benchmark,mock,InstrumentType.Spot,5551468688638542315,OrderType.Limit,Direction.Long,65001.02,996146384,False,Side.Sell,,65001.02,1653898000,BTC-USDT,TimeCondition.GTC,0.001
2837957847,4194834854,0,1783610670732371058,201,order_input,benchmark,mock,InstrumentType.Spot,5551468688638542316,OrderType.Limit,Direction.Long,65000.83,996147888,False,Side.Buy,,65000.83,1653898000,BTC-USDT,TimeCondition.GTC,0.001
2837957847,4194834854,0,1783610670732450863,201,order_input,benchmark,mock,InstrumentType.Spot,5551468688638542317,OrderType.Limit,Direction.Long,65001.04,996149456,False,Side.Sell,,65001.04,1653898000,BTC-USDT,TimeCondition.GTC,0.001
2837957847,4194834854,0,1783610670732752691,201,order_input,benchmark,mock,InstrumentType.Spot,5551468688638542318,OrderType.Limit,Direction.Long,65000.85,996150992,False,Side.Buy,,65000.85,1653898000,BTC-USDT,TimeCondition.GTC,0.001
2837957847,4194834854,0,1783610670733008877,201,order_input,benchmark,mock,InstrumentType.Spot,5551468688638542319,OrderType.Limit,Direction.Long,65001.06,996152528,False,Side.Sell,,65001.06,1653898000,BTC-USDT,TimeCondition.GTC,0.001
2837957847,4194834854,0,1783610670733391085,201,order_input,benchmark,mock,InstrumentType.Spot,5551468688638542320,OrderType.Limit,Direction.Long,65000.87,996154064,False,Side.Buy,,65000.87,1653898000,BTC-USDT,TimeCondition.GTC,0.001
2837957847,4194834854,0,1783610670733680375,201,order_input,benchmark,mock,InstrumentType.Spot,5551468688638542321,OrderType.Limit,Direction.Long,65001.08,996155600,False,Side.Sell,,65001.08,1653898000,BTC-USDT,TimeCondition.GTC,0.001
2837957847,4194834854,0,1783610670733980076,201,order_input,benchmark,mock,InstrumentType.Spot,5551468688638542322,OrderType.Limit,Direction.Long,65000.89,996157136,False,Side.Buy,,65000.89,1653898000,BTC-USDT,TimeCondition.GTC,0.001
2837957847,4194834854,0,1783610670734356216,201,order_input,benchmark,mock,InstrumentType.Spot,5551468688638542323,OrderType.Limit,Direction.Long,65000.1,996158672,False,Side.Sell,,65000.1,1653898000,BTC-USDT,TimeCondition.GTC,0.001
2837957847,4194834854,0,1783610670734640503,201,order_input,benchmark,mock,InstrumentType.Spot,5551468688638542324,OrderType.Limit,Direction.Long,64999.91,996160208,False,Side.Buy,,64999.91,1653898000,BTC-USDT,TimeCondition.GTC,0.001
2837957847,4194834854,0,1783610670734812813,201,order_input,benchmark,mock,InstrumentType.Spot,5551468688638542325,OrderType.Limit,Direction.Long,65000.119999999995,996161744,False,Side.Sell,,65000.119999999995,1653898000,BTC-USDT,TimeCondition.GTC,0.001
2837957847,4194834854,0,1783610670735183905,201,order_input,benchmark,mock,InstrumentType.Spot,5551468688638542326,OrderType.Limit,Direction.Long,64999.93,996163280,False,Side.Buy,,64999.93,1653898000,BTC-USDT,TimeCondition.GTC,0.001
2837957847,4194834854,0,1783610670735476330,201,order_input,benchmark,mock,InstrumentType.Spot,5551468688638542327,OrderType.Limit,Direction.Long,65000.14,996164816,False,Side.Sell,,65000.14,1653898000,BTC-USDT,TimeCondition.GTC,0.001
2837957847,4194834854,0,1783610670735779791,201,order_input,benchmark,mock,InstrumentType.Spot,5551468688638542328,OrderType.Limit,Direction.Long,64999.950000000004,996166352,False,Side.Buy,,64999.950000000004,1653898000,BTC-USDT,TimeCondition.GTC,0.001
2837957847,4194834854,0,1783610670736095598,201,order_input,benchmark,mock,InstrumentType.Spot,5551468688638542329,OrderType.Limit,Direction.Long,65000.159999999996,996167888,False,Side.Sell,,65000.159999999996,1653898000,BTC-USDT,TimeCondition.GTC,0.001
2837957847,4194834854,0,1783610670736378700,201,order_input,benchmark,mock,InstrumentType.Spot,5551468688638542330,OrderType.Limit,Direction.Long,64999.97,996169424,False,Side.Buy,,64999.97,1653898000,BTC-USDT,TimeCondition.GTC,0.001
2837957847,4194834854,0,1783610670736678161,201,order_input,benchmark,mock,InstrumentType.Spot,5551468688638542331,OrderType.Limit,Direction.Long,65000.18,996170960,False,Side.Sell,,65000.18,1653898000,BTC-USDT,TimeCondition.GTC,0.001
2837957847,4194834854,0,1783610670736980111,201,order_input,benchmark,mock,InstrumentType.Spot,5551468688638542332,OrderType.Limit,Direction.Long,64999.99,996172496,False,Side.Buy,,64999.99,1653898000,BTC-USDT,TimeCondition.GTC,0.001
2837957847,4194834854,0,1783610670737281403,201,order_input,benchmark,mock,InstrumentType.Spot,5551468688638542333,OrderType.Limit,Direction.Long,65000.2,996174032,False,Side.Sell,,65000.2,1653898000,BTC-USDT,TimeCondition.GTC,0.001
2837957847,4194834854,0,1783610670737578851,201,order_input,benchmark,mock,InstrumentType.Spot,5551468688638542334,OrderType.Limit,Direction.Long,65000.01,996175568,False,Side.Buy,,65000.01,1653898000,BTC-USDT,TimeCondition.GTC,0.001
2837957847,4194834854,0,1783610670737881360,201,order_input,benchmark,mock,InstrumentType.Spot,5551468688638542335,OrderType.Limit,Direction.Long,65000.22,996177104,False,Side.Sell,,65000.22,1653898000,BTC-USDT,TimeCondition.GTC,0.001
2837957847,4194834854,0,1783610670738180625,201,order_input,benchmark,mock,InstrumentType.Spot,5551468688638542336,OrderType.Limit,Direction.Long,65000.03,996178640,False,Side.Buy,,65000.03,1653898000,BTC-USDT,TimeCondition.GTC,0.001
2837957847,4194834854,0,1783610670738498040,201,order_input,benchmark,mock,InstrumentType.Spot,5551468688638542337,OrderType.Limit,Direction.Long,65000.24,996180176,False,Side.Sell,,65000.24,1653898000,BTC-USDT,TimeCondition.GTC,0.001
2837957847,4194834854,0,1783610670739031724,201,order_input,benchmark,mock,InstrumentType.Spot,5551468688638542338,OrderType.Limit,Direction.Long,65000.05,996181712,False,Side.Buy,,65000.05,1653898000,BTC-USDT,TimeCondition.GTC,0.001
2837957847,4194834854,0,1783610670739105570,201,order_input,benchmark,mock,InstrumentType.Spot,5551468688638542339,OrderType.Limit,Direction.Long,65000.26,996183216,False,Side.Sell,,65000.26,1653898000,BTC-USDT,TimeCondition.GTC,0.001
2837957847,4194834854,0,1783610670739339280,201,order_input,benchmark,mock,InstrumentType.Spot,5551468688638542340,OrderType.Limit,Direction.Long,65000.07,996184784,False,Side.Buy,,65000.07,1653898000,BTC-USDT,TimeCondition.GTC,0.001
2837957847,4194834854,0,1783610670739921539,201,order_input,benchmark,mock,InstrumentType.Spot,5551468688638542341,OrderType.Limit,Direction.Long,65000.28,996186320,False,Side.Sell,,65000.28,1653898000,BTC-USDT,TimeCondition.GTC,0.001
2837957847,4194834854,0,1783610670740067984,201,order_input,benchmark,mock,InstrumentType.Spot,5551468688638542342,OrderType.Limit,Direction.Long,65000.090000000004,996187856,False,Side.Buy,,65000.090000000004,1653898000,BTC-USDT,TimeCondition.GTC,0.001
2837957847,4194834854,0,1783610670740433583,201,order_input,benchmark,mock,InstrumentType.Spot,5551468688638542343,OrderType.Limit,Direction.Long,65000.299999999996,996189392,False,Side.Sell,,65000.299999999996,1653898000,BTC-USDT,TimeCondition.GTC,0.001
2837957847,4194834854,0,1783610670740531877,201,order_input,benchmark,mock,InstrumentType.Spot,5551468688638542344,OrderType.Limit,Direction.Long,65000.11,996190928,False,Side.Buy,,65000.11,1653898000,BTC-USDT,TimeCondition.GTC,0.001
2837957847,4194834854,0,1783610670740861196,201,order_input,benchmark,mock,InstrumentType.Spot,5551468688638542345,OrderType.Limit,Direction.Long,65000.32,996093648,False,Side.Sell,,65000.32,1653898000,BTC-USDT,TimeCondition.GTC,0.001
2837957847,4194834854,0,1783610670741190929,201,order_input,benchmark,mock,InstrumentType.Spot,5551468688638542346,OrderType.Limit,Direction.Long,65000.130000000005,996095184,False,Side.Buy,,65000.130000000005,1653898000,BTC-USDT,TimeCondition.GTC,0.001
2837957847,4194834854,0,1783610670741486981,201,order_input,benchmark,mock,InstrumentType.Spot,5551468688638542347,OrderType.Limit,Direction.Long,65000.34,996096720,False,Side.Sell,,65000.34,1653898000,BTC-USDT,TimeCondition.GTC,0.001
2837957847,4194834854,0,1783610670741801512,201,order_input,benchmark,mock,InstrumentType.Spot,5551468688638542348,OrderType.Limit,Direction.Long,65000.15,996197664,False,Side.Buy,,65000.15,1653898000,BTC-USDT,TimeCondition.GTC,0.001
2837957847,4194834854,0,1783610670742101153,201,order_input,benchmark,mock,InstrumentType.Spot,5551468688638542349,OrderType.Limit,Direction.Long,65000.36,996199200,False,Side.Sell,,65000.36,1653898000,BTC-USDT,TimeCondition.GTC,0.001
2837957847,4194834854,0,1783610670742387674,201,order_input,benchmark,mock,InstrumentType.Spot,5551468688638542350,OrderType.Limit,Direction.Long,65000.17,996200736,False,Side.Buy,,65000.17,1653898000,BTC-USDT,TimeCondition.GTC,0.001
2837957847,4194834854,0,1783610670742690074,201,order_input,benchmark,mock,InstrumentType.Spot,5551468688638542351,OrderType.Limit,Direction.Long,65000.38,996202272,False,Side.Sell,,65000.38,1653898000,BTC-USDT,TimeCondition.GTC,0.001
2837957847,4194834854,0,1783610670742925355,201,order_input,benchmark,mock,InstrumentType.Spot,5551468688638542352,OrderType.Limit,Direction.Long,65000.19,996203808,False,Side.Buy,,65000.19,1653898000,BTC-USDT,TimeCondition.GTC,0.001
2837957847,4194834854,0,1783610670743284683,201,order_input,benchmark,mock,InstrumentType.Spot,5551468688638542353,OrderType.Limit,Direction.Long,65000.4,996205344,False,Side.Sell,,65000.4,1653898000,BTC-USDT,TimeCondition.GTC,0.001
2837957847,4194834854,0,1783610670743577501,201,order_input,benchmark,mock,InstrumentType.Spot,5551468688638542354,OrderType.Limit,Direction.Long,65000.21,996206880,False,Side.Buy,,65000.21,1653898000,BTC-USDT,TimeCondition.GTC,0.001
2837957847,4194834854,0,1783610670743875735,201,order_input,benchmark,mock,InstrumentType.Spot,5551468688638542355,OrderType.Limit,Direction.Long,65000.42,996208416,False,Side.Sell,,65000.42,1653898000,BTC-USDT,TimeCondition.GTC,0.001
2837957847,4194834854,0,1783610670744182935,201,order_input,benchmark,mock,InstrumentType.Spot,5551468688638542356,OrderType.Limit,Direction.Long,65000.23,996209952,False,Side.Buy,,65000.23,1653898000,BTC-USDT,TimeCondition.GTC,0.001
2837957847,4194834854,0,1783610670744474452,201,order_input,benchmark,mock,InstrumentType.Spot,5551468688638542357,OrderType.Limit,Direction.Long,65000.439999999995,996211488,False,Side.Sell,,65000.439999999995,1653898000,BTC-USDT,TimeCondition.GTC,0.001
2837957847,4194834854,0,1783610670744783740,201,order_input,benchmark,mock,InstrumentType.Spot,5551468688638542358,OrderType.Limit,Direction.Long,65000.25,996213024,False,Side.Buy,,65000.25,1653898000,BTC-USDT,TimeCondition.GTC,0.001
2837957847,4194834854,0,1783610670745092318,201,order_input,benchmark,mock,InstrumentType.Spot,5551468688638542359,OrderType.Limit,Direction.Long,65000.46,996214560,False,Side.Sell,,65000.46,1653898000,BTC-USDT,TimeCondition.GTC,0.001
2837957847,4194834854,0,1783610670745378166,201,order_input,benchmark,mock,InstrumentType.Spot,5551468688638542360,OrderType.Limit,Direction.Long,65000.270000000004,996216096,False,Side.Buy,,65000.270000000004,1653898000,BTC-USDT,TimeCondition.GTC,0.001
2837957847,4194834854,0,1783610670745674873,201,order_input,benchmark,mock,InstrumentType.Spot,5551468688638542361,OrderType.Limit,Direction.Long,65000.479999999996,996217632,False,Side.Sell,,65000.479999999996,1653898000,BTC-USDT,TimeCondition.GTC,0.001
2837957847,4194834854,0,1783610670745978554,201,order_input,benchmark,mock,InstrumentType.Spot,5551468688638542362,OrderType.Limit,Direction.Long,65000.29,996219168,False,Side.Buy,,65000.29,1653898000,BTC-USDT,TimeCondition.GTC,0.001
2837957847,4194834854,0,1783610670746290838,201,order_input,benchmark,mock,InstrumentType.Spot,5551468688638542363,OrderType.Limit,Direction.Long,65000.5,996220704,False,Side.Sell,,65000.5,1653898000,BTC-USDT,TimeCondition.GTC,0.001
2837957847,4194834854,0,1783610670746519561,201,order_input,benchmark,mock,InstrumentType.Spot,5551468688638542364,OrderType.Limit,Direction.Long,65000.310000000005,996222240,False,Side.Buy,,65000.310000000005,1653898000,BTC-USDT,TimeCondition.GTC,0.001
2837957847,4194834854,0,1783610670746927264,201,order_input,benchmark,mock,InstrumentType.Spot,5551468688638542365,OrderType.Limit,Direction.Long,65000.52,996223776,False,Side.Sell,,65000.52,1653898000,BTC-USDT,TimeCondition.GTC,0.001
2837957847,4194834854,0,1783610670747166015,201,order_input,benchmark,mock,InstrumentType.Spot,5551468688638542366,OrderType.Limit,Direction.Long,65000.33,996225312,False,Side.Buy,,65000.33,1653898000,BTC-USDT,TimeCondition.GTC,0.001
2837957847,4194834854,0,1783610670747498627,201,order_input,benchmark,mock,InstrumentType.Spot,5551468688638542367,OrderType.Limit,Direction.Long,65000.54,996226848,False,Side.Sell,,65000.54,1653898000,BTC-USDT,TimeCondition.GTC,0.001
2837957847,4194834854,0,1783610670747786342,201,order_input,benchmark,mock,InstrumentType.Spot,5551468688638542368,OrderType.Limit,Direction.Long,65000.35,996228384,False,Side.Buy,,65000.35,1653898000,BTC-USDT,TimeCondition.GTC,0.001
2837957847,4194834854,0,1783610670748094303,201,order_input,benchmark,mock,InstrumentType.Spot,5551468688638542369,OrderType.Limit,Direction.Long,65000.56,996229920,False,Side.Sell,,65000.56,1653898000,BTC-USDT,TimeCondition.GTC,0.001
2837957847,4194834854,0,1783610670748385773,201,order_input,benchmark,mock,InstrumentType.Spot,5551468688638542370,OrderType.Limit,Direction.Long,65000.37,996231456,False,Side.Buy,,65000.37,1653898000,BTC-USDT,TimeCondition.GTC,0.001
2837957847,4194834854,0,1783610670748680732,201,order_input,benchmark,mock,InstrumentType.Spot,5551468688638542371,OrderType.Limit,Direction.Long,65000.58,996232992,False,Side.Sell,,65000.58,1653898000,BTC-USDT,TimeCondition.GTC,0.001
2837957847,4194834854,0,1783610670748979758,201,order_input,benchmark,mock,InstrumentType.Spot,5551468688638542372,OrderType.Limit,Direction.Long,65000.39,996234528,False,Side.Buy,,65000.39,1653898000,BTC-USDT,TimeCondition.GTC,0.001
2837957847,4194834854,0,1783610670749287884,201,order_input,benchmark,mock,InstrumentType.Spot,5551468688638542373,OrderType.Limit,Direction.Long,65000.6,996236064,False,Side.Sell,,65000.6,1653898000,BTC-USDT,TimeCondition.GTC,0.001
2837957847,4194834854,0,1783610670749627549,201,order_input,benchmark,mock,InstrumentType.Spot,5551468688638542374,OrderType.Limit,Direction.Long,65000.41,996237600,False,Side.Buy,,65000.41,1653898000,BTC-USDT,TimeCondition.GTC,0.001
2837957847,4194834854,0,1783610670749898325,201,order_input,benchmark,mock,InstrumentType.Spot,5551468688638542375,OrderType.Limit,Direction.Long,65000.619999999995,996239136,False,Side.Sell,,65000.619999999995,1653898000,BTC-USDT,TimeCondition.GTC,0.001
2837957847,4194834854,0,1783610670750156402,201,order_input,benchmark,mock,InstrumentType.Spot,5551468688638542376,OrderType.Limit,Direction.Long,65000.43,996240672,False,Side.Buy,,65000.43,1653898000,BTC-USDT,TimeCondition.GTC,0.001
2837957847,4194834854,0,1783610670750490242,201,order_input,benchmark,mock,InstrumentType.Spot,5551468688638542377,OrderType.Limit,Direction.Long,65000.64,996242208,False,Side.Sell,,65000.64,1653898000,BTC-USDT,TimeCondition.GTC,0.001
2837957847,4194834854,0,1783610670750778558,201,order_input,benchmark,mock,InstrumentType.Spot,5551468688638542378,OrderType.Limit,Direction.Long,65000.450000000004,996243744,False,Side.Buy,,65000.450000000004,1653898000,BTC-USDT,TimeCondition.GTC,0.001
2837957847,4194834854,0,1783610670751090715,201,order_input,benchmark,mock,InstrumentType.Spot,5551468688638542379,OrderType.Limit,Direction.Long,65000.659999999996,996245280,False,Side.Sell,,65000.659999999996,1653898000,BTC-USDT,TimeCondition.GTC,0.001
2837957847,4194834854,0,1783610670751379243,201,order_input,benchmark,mock,InstrumentType.Spot,5551468688638542380,OrderType.Limit,Direction.Long,65000.47,996246816,False,Side.Buy,,65000.47,1653898000,BTC-USDT,TimeCondition.GTC,0.001
2837957847,4194834854,0,1783610670751684529,201,order_input,benchmark,mock,InstrumentType.Spot,5551468688638542381,OrderType.Limit,Direction.Long,65000.68,996248352,False,Side.Sell,,65000.68,1653898000,BTC-USDT,TimeCondition.GTC,0.001
2837957847,4194834854,0,1783610670751982940,201,order_input,benchmark,mock,InstrumentType.Spot,5551468688638542382,OrderType.Limit,Direction.Long,65000.49,996249888,False,Side.Buy,,65000.49,1653898000,BTC-USDT,TimeCondition.GTC,0.001
2837957847,4194834854,0,1783610670752275792,201,order_input,benchmark,mock,InstrumentType.Spot,5551468688638542383,OrderType.Limit,Direction.Long,65000.7,996251424,False,Side.Sell,,65000.7,1653898000,BTC-USDT,TimeCondition.GTC,0.001
2837957847,4194834854,0,1783610670752585701,201,order_input,benchmark,mock,InstrumentType.Spot,5551468688638542384,OrderType.Limit,Direction.Long,65000.51,996252960,False,Side.Buy,,65000.51,1653898000,BTC-USDT,TimeCondition.GTC,0.001
2837957847,4194834854,0,1783610670752884034,201,order_input,benchmark,mock,InstrumentType.Spot,5551468688638542385,OrderType.Limit,Direction.Long,65000.72,996254496,False,Side.Sell,,65000.72,1653898000,BTC-USDT,TimeCondition.GTC,0.001
2837957847,4194834854,0,1783610670753181999,201,order_input,benchmark,mock,InstrumentType.Spot,5551468688638542386,OrderType.Limit,Direction.Long,65000.53,996256032,False,Side.Buy,,65000.53,1653898000,BTC-USDT,TimeCondition.GTC,0.001
2837957847,4194834854,0,1783610670753495110,201,order_input,benchmark,mock,InstrumentType.Spot,5551468688638542387,OrderType.Limit,Direction.Long,65000.74,996257568,False,Side.Sell,,65000.74,1653898000,BTC-USDT,TimeCondition.GTC,0.001
2837957847,4194834854,0,1783610670753863139,201,order_input,benchmark,mock,InstrumentType.Spot,5551468688638542388,OrderType.Limit,Direction.Long,65000.55,996259104,False,Side.Buy,,65000.55,1653898000,BTC-USDT,TimeCondition.GTC,0.001
2837957847,4194834854,0,1783610670754083127,201,order_input,benchmark,mock,InstrumentType.Spot,5551468688638542389,OrderType.Limit,Direction.Long,65000.76,996260640,False,Side.Sell,,65000.76,1653898000,BTC-USDT,TimeCondition.GTC,0.001
2837957847,4194834854,0,1783610670754392874,201,order_input,benchmark,mock,InstrumentType.Spot,5551468688638542390,OrderType.Limit,Direction.Long,65000.57,996262176,False,Side.Buy,,65000.57,1653898000,BTC-USDT,TimeCondition.GTC,0.001
2837957847,4194834854,0,1783610670754684996,201,order_input,benchmark,mock,InstrumentType.Spot,5551468688638542391,OrderType.Limit,Direction.Long,65000.78,996263712,False,Side.Sell,,65000.78,1653898000,BTC-USDT,TimeCondition.GTC,0.001
2837957847,4194834854,0,1783610670754985924,201,order_input,benchmark,mock,InstrumentType.Spot,5551468688638542392,OrderType.Limit,Direction.Long,65000.590000000004,996265248,False,Side.Buy,,65000.590000000004,1653898000,BTC-USDT,TimeCondition.GTC,0.001
2837957847,4194834854,0,1783610670755284292,201,order_input,benchmark,mock,InstrumentType.Spot,5551468688638542393,OrderType.Limit,Direction.Long,65000.799999999996,996266784,False,Side.Sell,,65000.799999999996,1653898000,BTC-USDT,TimeCondition.GTC,0.001
2837957847,4194834854,0,1783610670755584748,201,order_input,benchmark,mock,InstrumentType.Spot,5551468688638542394,OrderType.Limit,Direction.Long,65000.61,996268320,False,Side.Buy,,65000.61,1653898000,BTC-USDT,TimeCondition.GTC,0.001
2837957847,4194834854,0,1783610670755885459,201,order_input,benchmark,mock,InstrumentType.Spot,5551468688638542395,OrderType.Limit,Direction.Long,65000.82,996269856,False,Side.Sell,,65000.82,1653898000,BTC-USDT,TimeCondition.GTC,0.001
2837957847,4194834854,0,1783610670756192903,201,order_input,benchmark,mock,InstrumentType.Spot,5551468688638542396,OrderType.Limit,Direction.Long,65000.630000000005,996271392,False,Side.Buy,,65000.630000000005,1653898000,BTC-USDT,TimeCondition.GTC,0.001
2837957847,4194834854,0,1783610670756481470,201,order_input,benchmark,mock,InstrumentType.Spot,5551468688638542397,OrderType.Limit,Direction.Long,65000.84,996272928,False,Side.Sell,,65000.84,1653898000,BTC-USDT,TimeCondition.GTC,0.001
2837957847,4194834854,0,1783610670756788074,201,order_input,benchmark,mock,InstrumentType.Spot,5551468688638542398,OrderType.Limit,Direction.Long,65000.65,996274464,False,Side.Buy,,65000.65,1653898000,BTC-USDT,TimeCondition.GTC,0.001
2837957847,4194834854,0,1783610670757011371,201,order_input,benchmark,mock,InstrumentType.Spot,5551468688638542399,OrderType.Limit,Direction.Long,65000.86,996276000,False,Side.Sell,,65000.86,1653898000,BTC-USDT,TimeCondition.GTC,0.001
2837957847,4194834854,0,1783610670757385975,201,order_input,benchmark,mock,InstrumentType.Spot,5551468688638542400,OrderType.Limit,Direction.Long,65000.67,996277536,False,Side.Buy,,65000.67,1653898000,BTC-USDT,TimeCondition.GTC,0.001
2837957847,4194834854,0,1783610670757648160,201,order_input,benchmark,mock,InstrumentType.Spot,5551468688638542401,OrderType.Limit,Direction.Long,65000.88,996279072,False,Side.Sell,,65000.88,1653898000,BTC-USDT,TimeCondition.GTC,0.001
2837957847,4194834854,0,1783610670757986838,201,order_input,benchmark,mock,InstrumentType.Spot,5551468688638542402,OrderType.Limit,Direction.Long,65000.69,996280608,False,Side.Buy,,65000.69,1653898000,BTC-USDT,TimeCondition.GTC,0.001
2837957847,4194834854,0,1783610670758281563,201,order_input,benchmark,mock,InstrumentType.Spot,5551468688638542403,OrderType.Limit,Direction.Long,65000.9,996282144,False,Side.Sell,,65000.9,1653898000,BTC-USDT,TimeCondition.GTC,0.001
2837957847,4194834854,0,1783610670758576561,201,order_input,benchmark,mock,InstrumentType.Spot,5551468688638542404,OrderType.Limit,Direction.Long,65000.71,996283680,False,Side.Buy,,65000.71,1653898000,BTC-USDT,TimeCondition.GTC,0.001
2837957847,4194834854,0,1783610670758878768,201,order_input,benchmark,mock,InstrumentType.Spot,5551468688638542405,OrderType.Limit,Direction.Long,65000.92,996285216,False,Side.Sell,,65000.92,1653898000,BTC-USDT,TimeCondition.GTC,0.001
2837957847,4194834854,0,1783610670759183370,201,order_input,benchmark,mock,InstrumentType.Spot,5551468688638542406,OrderType.Limit,Direction.Long,65000.73,996286752,False,Side.Buy,,65000.73,1653898000,BTC-USDT,TimeCondition.GTC,0.001
2837957847,4194834854,0,1783610670759479553,201,order_input,benchmark,mock,InstrumentType.Spot,5551468688638542407,OrderType.Limit,Direction.Long,65000.939999999995,996288288,False,Side.Sell,,65000.939999999995,1653898000,BTC-USDT,TimeCondition.GTC,0.001
2837957847,4194834854,0,1783610670759780689,201,order_input,benchmark,mock,InstrumentType.Spot,5551468688638542408,OrderType.Limit,Direction.Long,65000.75,996289824,False,Side.Buy,,65000.75,1653898000,BTC-USDT,TimeCondition.GTC,0.001
2837957847,4194834854,0,1783610670760086596,201,order_input,benchmark,mock,InstrumentType.Spot,5551468688638542409,OrderType.Limit,Direction.Long,65000.96,996291360,False,Side.Sell,,65000.96,1653898000,BTC-USDT,TimeCondition.GTC,0.001
2837957847,4194834854,0,1783610670760381164,201,order_input,benchmark,mock,InstrumentType.Spot,5551468688638542410,OrderType.Limit,Direction.Long,65000.770000000004,996292896,False,Side.Buy,,65000.770000000004,1653898000,BTC-USDT,TimeCondition.GTC,0.001
2837957847,4194834854,0,1783610670760677715,201,order_input,benchmark,mock,InstrumentType.Spot,5551468688638542411,OrderType.Limit,Direction.Long,65000.979999999996,996294432,False,Side.Sell,,65000.979999999996,1653898000,BTC-USDT,TimeCondition.GTC,0.001
2837957847,4194834854,0,1783610670760993301,201,order_input,benchmark,mock,InstrumentType.Spot,5551468688638542412,OrderType.Limit,Direction.Long,65000.79,996295968,False,Side.Buy,,65000.79,1653898000,BTC-USDT,TimeCondition.GTC,0.001
2837957847,4194834854,0,1783610670761232849,201,order_input,benchmark,mock,InstrumentType.Spot,5551468688638542413,OrderType.Limit,Direction.Long,65001.0,996297504,False,Side.Sell,,65001.0,1653898000,BTC-USDT,TimeCondition.GTC,0.001
2837957847,4194834854,0,1783610670761575726,201,order_input,benchmark,mock,InstrumentType.Spot,5551468688638542414,OrderType.Limit,Direction.Long,65000.810000000005,996299040,False,Side.Buy,,65000.810000000005,1653898000,BTC-USDT,TimeCondition.GTC,0.001
2837957847,4194834854,0,1783610670761945038,201,order_input,benchmark,mock,InstrumentType.Spot,5551468688638542415,OrderType.Limit,Direction.Long,65001.02,996300576,False,Side.Sell,,65001.02,1653898000,BTC-USDT,TimeCondition.GTC,0.001
2837957847,4194834854,0,1783610670762164263,201,order_input,benchmark,mock,InstrumentType.Spot,5551468688638542416,OrderType.Limit,Direction.Long,65000.83,996302112,False,Side.Buy,,65000.83,1653898000,BTC-USDT,TimeCondition.GTC,0.001
2837957847,4194834854,0,1783610670762472442,201,order_input,benchmark,mock,InstrumentType.Spot,5551468688638542417,OrderType.Limit,Direction.Long,65001.04,996192464,False,Side.Sell,,65001.04,1653898000,BTC-USDT,TimeCondition.GTC,0.001
2837957847,4194834854,0,1783610670762771673,201,order_input,benchmark,mock,InstrumentType.Spot,5551468688638542418,OrderType.Limit,Direction.Long,65000.85,996194000,False,Side.Buy,,65000.85,1653898000,BTC-USDT,TimeCondition.GTC,0.001
2837957847,4194834854,0,1783610670763082320,201,order_input,benchmark,mock,InstrumentType.Spot,5551468688638542419,OrderType.Limit,Direction.Long,65001.06,996195536,False,Side.Sell,,65001.06,1653898000,BTC-USDT,TimeCondition.GTC,0.001
2837957847,4194834854,0,1783610670763366980,201,order_input,benchmark,mock,InstrumentType.Spot,5551468688638542420,OrderType.Limit,Direction.Long,65000.87,996309008,False,Side.Buy,,65000.87,1653898000,BTC-USDT,TimeCondition.GTC,0.001
2837957847,4194834854,0,1783610670763666741,201,order_input,benchmark,mock,InstrumentType.Spot,5551468688638542421,OrderType.Limit,Direction.Long,65001.08,996310432,False,Side.Sell,,65001.08,1653898000,BTC-USDT,TimeCondition.GTC,0.001
2837957847,4194834854,0,1783610670763973306,201,order_input,benchmark,mock,InstrumentType.Spot,5551468688638542422,OrderType.Limit,Direction.Long,65000.89,996311968,False,Side.Buy,,65000.89,1653898000,BTC-USDT,TimeCondition.GTC,0.001
2837957847,4194834854,0,1783610670764270254,201,order_input,benchmark,mock,InstrumentType.Spot,5551468688638542423,OrderType.Limit,Direction.Long,65000.1,996313504,False,Side.Sell,,65000.1,1653898000,BTC-USDT,TimeCondition.GTC,0.001
2837957847,4194834854,0,1783610670764570662,201,order_input,benchmark,mock,InstrumentType.Spot,5551468688638542424,OrderType.Limit,Direction.Long,64999.91,996315040,False,Side.Buy,,64999.91,1653898000,BTC-USDT,TimeCondition.GTC,0.001
2837957847,4194834854,0,1783610670764878518,201,order_input,benchmark,mock,InstrumentType.Spot,5551468688638542425,OrderType.Limit,Direction.Long,65000.119999999995,996316576,False,Side.Sell,,65000.119999999995,1653898000,BTC-USDT,TimeCondition.GTC,0.001
2837957847,4194834854,0,1783610670765176403,201,order_input,benchmark,mock,InstrumentType.Spot,5551468688638542426,OrderType.Limit,Direction.Long,64999.93,996318112,False,Side.Buy,,64999.93,1653898000,BTC-USDT,TimeCondition.GTC,0.001
2837957847,4194834854,0,1783610670765472644,201,order_input,benchmark,mock,InstrumentType.Spot,5551468688638542427,OrderType.Limit,Direction.Long,65000.14,996319648,False,Side.Sell,,65000.14,1653898000,BTC-USDT,TimeCondition.GTC,0.001
2837957847,4194834854,0,1783610670765772307,201,order_input,benchmark,mock,InstrumentType.Spot,5551468688638542428,OrderType.Limit,Direction.Long,64999.950000000004,996321184,False,Side.Buy,,64999.950000000004,1653898000,BTC-USDT,TimeCondition.GTC,0.001
2837957847,4194834854,0,1783610670766085000,201,order_input,benchmark,mock,InstrumentType.Spot,5551468688638542429,OrderType.Limit,Direction.Long,65000.159999999996,996322720,False,Side.Sell,,65000.159999999996,1653898000,BTC-USDT,TimeCondition.GTC,0.001
2837957847,4194834854,0,1783610670766373142,201,order_input,benchmark,mock,InstrumentType.Spot,5551468688638542430,OrderType.Limit,Direction.Long,64999.97,996324256,False,Side.Buy,,64999.97,1653898000,BTC-USDT,TimeCondition.GTC,0.001
2837957847,4194834854,0,1783610670766670819,201,order_input,benchmark,mock,InstrumentType.Spot,5551468688638542431,OrderType.Limit,Direction.Long,65000.18,996325792,False,Side.Sell,,65000.18,1653898000,BTC-USDT,TimeCondition.GTC,0.001
2837957847,4194834854,0,1783610670766972291,201,order_input,benchmark,mock,InstrumentType.Spot,5551468688638542432,OrderType.Limit,Direction.Long,64999.99,996327328,False,Side.Buy,,64999.99,1653898000,BTC-USDT,TimeCondition.GTC,0.001
2837957847,4194834854,0,1783610670767273725,201,order_input,benchmark,mock,InstrumentType.Spot,5551468688638542433,OrderType.Limit,Direction.Long,65000.2,996328864,False,Side.Sell,,65000.2,1653898000,BTC-USDT,TimeCondition.GTC,0.001
2837957847,4194834854,0,1783610670767630153,201,order_input,benchmark,mock,InstrumentType.Spot,5551468688638542434,OrderType.Limit,Direction.Long,65000.01,996330400,False,Side.Buy,,65000.01,1653898000,BTC-USDT,TimeCondition.GTC,0.001
2837957847,4194834854,0,1783610670767831947,201,order_input,benchmark,mock,InstrumentType.Spot,5551468688638542435,OrderType.Limit,Direction.Long,65000.22,996331936,False,Side.Sell,,65000.22,1653898000,BTC-USDT,TimeCondition.GTC,0.001
2837957847,4194834854,0,1783610670768174024,201,order_input,benchmark,mock,InstrumentType.Spot,5551468688638542436,OrderType.Limit,Direction.Long,65000.03,996333472,False,Side.Buy,,65000.03,1653898000,BTC-USDT,TimeCondition.GTC,0.001
2837957847,4194834854,0,1783610670768470526,201,order_input,benchmark,mock,InstrumentType.Spot,5551468688638542437,OrderType.Limit,Direction.Long,65000.24,996335008,False,Side.Sell,,65000.24,1653898000,BTC-USDT,TimeCondition.GTC,0.001
2837957847,4194834854,0,1783610670768772427,201,order_input,benchmark,mock,InstrumentType.Spot,5551468688638542438,OrderType.Limit,Direction.Long,65000.05,996336544,False,Side.Buy,,65000.05,1653898000,BTC-USDT,TimeCondition.GTC,0.001
2837957847,4194834854,0,1783610670769084584,201,order_input,benchmark,mock,InstrumentType.Spot,5551468688638542439,OrderType.Limit,Direction.Long,65000.26,996338080,False,Side.Sell,,65000.26,1653898000,BTC-USDT,TimeCondition.GTC,0.001
2837957847,4194834854,0,1783610670769373270,201,order_input,benchmark,mock,InstrumentType.Spot,5551468688638542440,OrderType.Limit,Direction.Long,65000.07,996339616,False,Side.Buy,,65000.07,1653898000,BTC-USDT,TimeCondition.GTC,0.001
2837957847,4194834854,0,1783610670769670061,201,order_input,benchmark,mock,InstrumentType.Spot,5551468688638542441,OrderType.Limit,Direction.Long,65000.28,996341152,False,Side.Sell,,65000.28,1653898000,BTC-USDT,TimeCondition.GTC,0.001
2837957847,4194834854,0,1783610670769969536,201,order_input,benchmark,mock,InstrumentType.Spot,5551468688638542442,OrderType.Limit,Direction.Long,65000.090000000004,996342688,False,Side.Buy,,65000.090000000004,1653898000,BTC-USDT,TimeCondition.GTC,0.001
2837957847,4194834854,0,1783610670770273856,201,order_input,benchmark,mock,InstrumentType.Spot,5551468688638542443,OrderType.Limit,Direction.Long,65000.299999999996,996344224,False,Side.Sell,,65000.299999999996,1653898000,BTC-USDT,TimeCondition.GTC,0.001
2837957847,4194834854,0,1783610670770580936,201,order_input,benchmark,mock,InstrumentType.Spot,5551468688638542444,OrderType.Limit,Direction.Long,65000.11,996345760,False,Side.Buy,,65000.11,1653898000,BTC-USDT,TimeCondition.GTC,0.001
2837957847,4194834854,0,1783610670770873316,201,order_input,benchmark,mock,InstrumentType.Spot,5551468688638542445,OrderType.Limit,Direction.Long,65000.32,996347296,False,Side.Sell,,65000.32,1653898000,BTC-USDT,TimeCondition.GTC,0.001
2837957847,4194834854,0,1783610670771172510,201,order_input,benchmark,mock,InstrumentType.Spot,5551468688638542446,OrderType.Limit,Direction.Long,65000.130000000005,996348832,False,Side.Buy,,65000.130000000005,1653898000,BTC-USDT,TimeCondition.GTC,0.001
2837957847,4194834854,0,1783610670771478095,201,order_input,benchmark,mock,InstrumentType.Spot,5551468688638542447,OrderType.Limit,Direction.Long,65000.34,996350368,False,Side.Sell,,65000.34,1653898000,BTC-USDT,TimeCondition.GTC,0.001
2837957847,4194834854,0,1783610670771844803,201,order_input,benchmark,mock,InstrumentType.Spot,5551468688638542448,OrderType.Limit,Direction.Long,65000.15,996351904,False,Side.Buy,,65000.15,1653898000,BTC-USDT,TimeCondition.GTC,0.001
2837957847,4194834854,0,1783610670772125226,201,order_input,benchmark,mock,InstrumentType.Spot,5551468688638542449,OrderType.Limit,Direction.Long,65000.36,996353440,False,Side.Sell,,65000.36,1653898000,BTC-USDT,TimeCondition.GTC,0.001
2837957847,4194834854,0,1783610670772305715,201,order_input,benchmark,mock,InstrumentType.Spot,5551468688638542450,OrderType.Limit,Direction.Long,65000.17,996354976,False,Side.Buy,,65000.17,1653898000,BTC-USDT,TimeCondition.GTC,0.001
2837957847,4194834854,0,1783610670772795531,201,order_input,benchmark,mock,InstrumentType.Spot,5551468688638542451,OrderType.Limit,Direction.Long,65000.38,996356512,False,Side.Sell,,65000.38,1653898000,BTC-USDT,TimeCondition.GTC,0.001
2837957847,4194834854,0,1783610670772962182,201,order_input,benchmark,mock,InstrumentType.Spot,5551468688638542452,OrderType.Limit,Direction.Long,65000.19,996358048,False,Side.Buy,,65000.19,1653898000,BTC-USDT,TimeCondition.GTC,0.001
2837957847,4194834854,0,1783610670773392692,201,order_input,benchmark,mock,InstrumentType.Spot,5551468688638542453,OrderType.Limit,Direction.Long,65000.4,996359584,False,Side.Sell,,65000.4,1653898000,BTC-USDT,TimeCondition.GTC,0.001
2837957847,4194834854,0,1783610670773729085,201,order_input,benchmark,mock,InstrumentType.Spot,5551468688638542454,OrderType.Limit,Direction.Long,65000.21,996361120,False,Side.Buy,,65000.21,1653898000,BTC-USDT,TimeCondition.GTC,0.001
2837957847,4194834854,0,1783610670773833758,201,order_input,benchmark,mock,InstrumentType.Spot,5551468688638542455,OrderType.Limit,Direction.Long,65000.42,996362656,False,Side.Sell,,65000.42,1653898000,BTC-USDT,TimeCondition.GTC,0.001
2837957847,4194834854,0,1783610670774285498,201,order_input,benchmark,mock,InstrumentType.Spot,5551468688638542456,OrderType.Limit,Direction.Long,65000.23,996364192,False,Side.Buy,,65000.23,1653898000,BTC-USDT,TimeCondition.GTC,0.001
2837957847,4194834854,0,1783610670774495349,201,order_input,benchmark,mock,InstrumentType.Spot,5551468688638542457,OrderType.Limit,Direction.Long,65000.439999999995,996365728,False,Side.Sell,,65000.439999999995,1653898000,BTC-USDT,TimeCondition.GTC,0.001
2837957847,4194834854,0,1783610670774861242,201,order_input,benchmark,mock,InstrumentType.Spot,5551468688638542458,OrderType.Limit,Direction.Long,65000.25,996367264,False,Side.Buy,,65000.25,1653898000,BTC-USDT,TimeCondition.GTC,0.001
2837957847,4194834854,0,1783610670775210888,201,order_input,benchmark,mock,InstrumentType.Spot,5551468688638542459,OrderType.Limit,Direction.Long,65000.46,996368800,False,Side.Sell,,65000.46,1653898000,BTC-USDT,TimeCondition.GTC,0.001
2837957847,4194834854,0,1783610670775405343,201,order_input,benchmark,mock,InstrumentType.Spot,5551468688638542460,OrderType.Limit,Direction.Long,65000.270000000004,996370336,False,Side.Buy,,65000.270000000004,1653898000,BTC-USDT,TimeCondition.GTC,0.001
2837957847,4194834854,0,1783610670775629567,201,order_input,benchmark,mock,InstrumentType.Spot,5551468688638542461,OrderType.Limit,Direction.Long,65000.479999999996,996371872,False,Side.Sell,,65000.479999999996,1653898000,BTC-USDT,TimeCondition.GTC,0.001
2837957847,4194834854,0,1783610670776006979,201,order_input,benchmark,mock,InstrumentType.Spot,5551468688638542462,OrderType.Limit,Direction.Long,65000.29,996373408,False,Side.Buy,,65000.29,1653898000,BTC-USDT,TimeCondition.GTC,0.001
2837957847,4194834854,0,1783610670776346727,201,order_input,benchmark,mock,InstrumentType.Spot,5551468688638542463,OrderType.Limit,Direction.Long,65000.5,996374944,False,Side.Sell,,65000.5,1653898000,BTC-USDT,TimeCondition.GTC,0.001
2837957847,4194834854,0,1783610670776609170,201,order_input,benchmark,mock,InstrumentType.Spot,5551468688638542464,OrderType.Limit,Direction.Long,65000.310000000005,996376480,False,Side.Buy,,65000.310000000005,1653898000,BTC-USDT,TimeCondition.GTC,0.001
2837957847,4194834854,0,1783610670776871629,201,order_input,benchmark,mock,InstrumentType.Spot,5551468688638542465,OrderType.Limit,Direction.Long,65000.52,996378016,False,Side.Sell,,65000.52,1653898000,BTC-USDT,TimeCondition.GTC,0.001
2837957847,4194834854,0,1783610670777218595,201,order_input,benchmark,mock,InstrumentType.Spot,5551468688638542466,OrderType.Limit,Direction.Long,65000.33,996379552,False,Side.Buy,,65000.33,1653898000,BTC-USDT,TimeCondition.GTC,0.001
2837957847,4194834854,0,1783610670777485721,201,order_input,benchmark,mock,InstrumentType.Spot,5551468688638542467,OrderType.Limit,Direction.Long,65000.54,996381088,False,Side.Sell,,65000.54,1653898000,BTC-USDT,TimeCondition.GTC,0.001
2837957847,4194834854,0,1783610670777833900,201,order_input,benchmark,mock,InstrumentType.Spot,5551468688638542468,OrderType.Limit,Direction.Long,65000.35,996382624,False,Side.Buy,,65000.35,1653898000,BTC-USDT,TimeCondition.GTC,0.001
2837957847,4194834854,0,1783610670778071603,201,order_input,benchmark,mock,InstrumentType.Spot,5551468688638542469,OrderType.Limit,Direction.Long,65000.56,996384160,False,Side.Sell,,65000.56,1653898000,BTC-USDT,TimeCondition.GTC,0.001
2837957847,4194834854,0,1783610670778407636,201,order_input,benchmark,mock,InstrumentType.Spot,5551468688638542470,OrderType.Limit,Direction.Long,65000.37,996385696,False,Side.Buy,,65000.37,1653898000,BTC-USDT,TimeCondition.GTC,0.001
2837957847,4194834854,0,1783610670778677722,201,order_input,benchmark,mock,InstrumentType.Spot,5551468688638542471,OrderType.Limit,Direction.Long,65000.58,996387232,False,Side.Sell,,65000.58,1653898000,BTC-USDT,TimeCondition.GTC,0.001
2837957847,4194834854,0,1783610670779028054,201,order_input,benchmark,mock,InstrumentType.Spot,5551468688638542472,OrderType.Limit,Direction.Long,65000.39,996388768,False,Side.Buy,,65000.39,1653898000,BTC-USDT,TimeCondition.GTC,0.001
2837957847,4194834854,0,1783610670779271247,201,order_input,benchmark,mock,InstrumentType.Spot,5551468688638542473,OrderType.Limit,Direction.Long,65000.6,996390304,False,Side.Sell,,65000.6,1653898000,BTC-USDT,TimeCondition.GTC,0.001
2837957847,4194834854,0,1783610670779591103,201,order_input,benchmark,mock,InstrumentType.Spot,5551468688638542474,OrderType.Limit,Direction.Long,65000.41,996391840,False,Side.Buy,,65000.41,1653898000,BTC-USDT,TimeCondition.GTC,0.001
2837957847,4194834854,0,1783610670779891259,201,order_input,benchmark,mock,InstrumentType.Spot,5551468688638542475,OrderType.Limit,Direction.Long,65000.619999999995,996393376,False,Side.Sell,,65000.619999999995,1653898000,BTC-USDT,TimeCondition.GTC,0.001
2837957847,4194834854,0,1783610670780129179,201,order_input,benchmark,mock,InstrumentType.Spot,5551468688638542476,OrderType.Limit,Direction.Long,65000.43,996394912,False,Side.Buy,,65000.43,1653898000,BTC-USDT,TimeCondition.GTC,0.001
2837957847,4194834854,0,1783610670780480335,201,order_input,benchmark,mock,InstrumentType.Spot,5551468688638542477,OrderType.Limit,Direction.Long,65000.64,996396448,False,Side.Sell,,65000.64,1653898000,BTC-USDT,TimeCondition.GTC,0.001
2837957847,4194834854,0,1783610670780778998,201,order_input,benchmark,mock,InstrumentType.Spot,5551468688638542478,OrderType.Limit,Direction.Long,65000.450000000004,996397984,False,Side.Buy,,65000.450000000004,1653898000,BTC-USDT,TimeCondition.GTC,0.001
2837957847,4194834854,0,1783610670781091240,201,order_input,benchmark,mock,InstrumentType.Spot,5551468688638542479,OrderType.Limit,Direction.Long,65000.659999999996,996399520,False,Side.Sell,,65000.659999999996,1653898000,BTC-USDT,TimeCondition.GTC,0.001
2837957847,4194834854,0,1783610670781377359,201,order_input,benchmark,mock,InstrumentType.Spot,5551468688638542480,OrderType.Limit,Direction.Long,65000.47,996401056,False,Side.Buy,,65000.47,1653898000,BTC-USDT,TimeCondition.GTC,0.001
2837957847,4194834854,0,1783610670781677979,201,order_input,benchmark,mock,InstrumentType.Spot,5551468688638542481,OrderType.Limit,Direction.Long,65000.68,996402592,False,Side.Sell,,65000.68,1653898000,BTC-USDT,TimeCondition.GTC,0.001
2837957847,4194834854,0,1783610670782016197,201,order_input,benchmark,mock,InstrumentType.Spot,5551468688638542482,OrderType.Limit,Direction.Long,65000.49,996404128,False,Side.Buy,,65000.49,1653898000,BTC-USDT,TimeCondition.GTC,0.001
2837957847,4194834854,0,1783610670782256223,201,order_input,benchmark,mock,InstrumentType.Spot,5551468688638542483,OrderType.Limit,Direction.Long,65000.7,996405664,False,Side.Sell,,65000.7,1653898000,BTC-USDT,TimeCondition.GTC,0.001
2837957847,4194834854,0,1783610670782588813,201,order_input,benchmark,mock,InstrumentType.Spot,5551468688638542484,OrderType.Limit,Direction.Long,65000.51,996407200,False,Side.Buy,,65000.51,1653898000,BTC-USDT,TimeCondition.GTC,0.001
2837957847,4194834854,0,1783610670782893926,201,order_input,benchmark,mock,InstrumentType.Spot,5551468688638542485,OrderType.Limit,Direction.Long,65000.72,996408736,False,Side.Sell,,65000.72,1653898000,BTC-USDT,TimeCondition.GTC,0.001
2837957847,4194834854,0,1783610670783192828,201,order_input,benchmark,mock,InstrumentType.Spot,5551468688638542486,OrderType.Limit,Direction.Long,65000.53,996410272,False,Side.Buy,,65000.53,1653898000,BTC-USDT,TimeCondition.GTC,0.001
2837957847,4194834854,0,1783610670783476509,201,order_input,benchmark,mock,InstrumentType.Spot,5551468688638542487,OrderType.Limit,Direction.Long,65000.74,996411808,False,Side.Sell,,65000.74,1653898000,BTC-USDT,TimeCondition.GTC,0.001
2837957847,4194834854,0,1783610670783781658,201,order_input,benchmark,mock,InstrumentType.Spot,5551468688638542488,OrderType.Limit,Direction.Long,65000.55,996413344,False,Side.Buy,,65000.55,1653898000,BTC-USDT,TimeCondition.GTC,0.001
2837957847,4194834854,0,1783610670784097832,201,order_input,benchmark,mock,InstrumentType.Spot,5551468688638542489,OrderType.Limit,Direction.Long,65000.76,996414880,False,Side.Sell,,65000.76,1653898000,BTC-USDT,TimeCondition.GTC,0.001
2837957847,4194834854,0,1783610670784387478,201,order_input,benchmark,mock,InstrumentType.Spot,5551468688638542490,OrderType.Limit,Direction.Long,65000.57,996416416,False,Side.Buy,,65000.57,1653898000,BTC-USDT,TimeCondition.GTC,0.001
2837957847,4194834854,0,1783610670784688949,201,order_input,benchmark,mock,InstrumentType.Spot,5551468688638542491,OrderType.Limit,Direction.Long,65000.78,996417952,False,Side.Sell,,65000.78,1653898000,BTC-USDT,TimeCondition.GTC,0.001
2837957847,4194834854,0,1783610670785003038,201,order_input,benchmark,mock,InstrumentType.Spot,5551468688638542492,OrderType.Limit,Direction.Long,65000.590000000004,996419488,False,Side.Buy,,65000.590000000004,1653898000,BTC-USDT,TimeCondition.GTC,0.001
2837957847,4194834854,0,1783610670785197395,201,order_input,benchmark,mock,InstrumentType.Spot,5551468688638542493,OrderType.Limit,Direction.Long,65000.799999999996,996421024,False,Side.Sell,,65000.799999999996,1653898000,BTC-USDT,TimeCondition.GTC,0.001
2837957847,4194834854,0,1783610670785575982,201,order_input,benchmark,mock,InstrumentType.Spot,5551468688638542494,OrderType.Limit,Direction.Long,65000.61,996422560,False,Side.Buy,,65000.61,1653898000,BTC-USDT,TimeCondition.GTC,0.001
2837957847,4194834854,0,1783610670785895967,201,order_input,benchmark,mock,InstrumentType.Spot,5551468688638542495,OrderType.Limit,Direction.Long,65000.82,996424096,False,Side.Sell,,65000.82,1653898000,BTC-USDT,TimeCondition.GTC,0.001
2837957847,4194834854,0,1783610670786105840,201,order_input,benchmark,mock,InstrumentType.Spot,5551468688638542496,OrderType.Limit,Direction.Long,65000.630000000005,996425632,False,Side.Buy,,65000.630000000005,1653898000,BTC-USDT,TimeCondition.GTC,0.001
2837957847,4194834854,0,1783610670786497055,201,order_input,benchmark,mock,InstrumentType.Spot,5551468688638542497,OrderType.Limit,Direction.Long,65000.84,996303648,False,Side.Sell,,65000.84,1653898000,BTC-USDT,TimeCondition.GTC,0.001
2837957847,4194834854,0,1783610670786787879,201,order_input,benchmark,mock,InstrumentType.Spot,5551468688638542498,OrderType.Limit,Direction.Long,65000.65,996305184,False,Side.Buy,,65000.65,1653898000,BTC-USDT,TimeCondition.GTC,0.001
2837957847,4194834854,0,1783610670787096940,201,order_input,benchmark,mock,InstrumentType.Spot,5551468688638542499,OrderType.Limit,Direction.Long,65000.86,996306720,False,Side.Sell,,65000.86,1653898000,BTC-USDT,TimeCondition.GTC,0.001
2837957847,4194834854,0,1783610670787387655,201,order_input,benchmark,mock,InstrumentType.Spot,5551468688638542500,OrderType.Limit,Direction.Long,65000.67,996308256,False,Side.Buy,,65000.67,1653898000,BTC-USDT,TimeCondition.GTC,0.001
2837957847,4194834854,0,1783610670787689229,201,order_input,benchmark,mock,InstrumentType.Spot,5551468688638542501,OrderType.Limit,Direction.Long,65000.88,996434016,False,Side.Sell,,65000.88,1653898000,BTC-USDT,TimeCondition.GTC,0.001
2837957847,4194834854,0,1783610670787978459,201,order_input,benchmark,mock,InstrumentType.Spot,5551468688638542502,OrderType.Limit,Direction.Long,65000.69,996435552,False,Side.Buy,,65000.69,1653898000,BTC-USDT,TimeCondition.GTC,0.001
2837957847,4194834854,0,1783610670788280612,201,order_input,benchmark,mock,InstrumentType.Spot,5551468688638542503,OrderType.Limit,Direction.Long,65000.9,996437088,False,Side.Sell,,65000.9,1653898000,BTC-USDT,TimeCondition.GTC,0.001
2837957847,4194834854,0,1783610670788578293,201,order_input,benchmark,mock,InstrumentType.Spot,5551468688638542504,OrderType.Limit,Direction.Long,65000.71,996438624,False,Side.Buy,,65000.71,1653898000,BTC-USDT,TimeCondition.GTC,0.001
2837957847,4194834854,0,1783610670788878038,201,order_input,benchmark,mock,InstrumentType.Spot,5551468688638542505,OrderType.Limit,Direction.Long,65000.92,996440160,False,Side.Sell,,65000.92,1653898000,BTC-USDT,TimeCondition.GTC,0.001
2837957847,4194834854,0,1783610670789199258,201,order_input,benchmark,mock,InstrumentType.Spot,5551468688638542506,OrderType.Limit,Direction.Long,65000.73,996441696,False,Side.Buy,,65000.73,1653898000,BTC-USDT,TimeCondition.GTC,0.001
2837957847,4194834854,0,1783610670789428120,201,order_input,benchmark,mock,InstrumentType.Spot,5551468688638542507,OrderType.Limit,Direction.Long,65000.939999999995,996443232,False,Side.Sell,,65000.939999999995,1653898000,BTC-USDT,TimeCondition.GTC,0.001
2837957847,4194834854,0,1783610670789779957,201,order_input,benchmark,mock,InstrumentType.Spot,5551468688638542508,OrderType.Limit,Direction.Long,65000.75,996444768,False,Side.Buy,,65000.75,1653898000,BTC-USDT,TimeCondition.GTC,0.001
2837957847,4194834854,0,1783610670790093961,201,order_input,benchmark,mock,InstrumentType.Spot,5551468688638542509,OrderType.Limit,Direction.Long,65000.96,996446304,False,Side.Sell,,65000.96,1653898000,BTC-USDT,TimeCondition.GTC,0.001
2837957847,4194834854,0,1783610670790377636,201,order_input,benchmark,mock,InstrumentType.Spot,5551468688638542510,OrderType.Limit,Direction.Long,65000.770000000004,996447840,False,Side.Buy,,65000.770000000004,1653898000,BTC-USDT,TimeCondition.GTC,0.001
2837957847,4194834854,0,1783610670790688636,201,order_input,benchmark,mock,InstrumentType.Spot,5551468688638542511,OrderType.Limit,Direction.Long,65000.979999999996,996449376,False,Side.Sell,,65000.979999999996,1653898000,BTC-USDT,TimeCondition.GTC,0.001
2837957847,4194834854,0,1783610670790977295,201,order_input,benchmark,mock,InstrumentType.Spot,5551468688638542512,OrderType.Limit,Direction.Long,65000.79,996450912,False,Side.Buy,,65000.79,1653898000,BTC-USDT,TimeCondition.GTC,0.001
2837957847,4194834854,0,1783610670791285941,201,order_input,benchmark,mock,InstrumentType.Spot,5551468688638542513,OrderType.Limit,Direction.Long,65001.0,996452448,False,Side.Sell,,65001.0,1653898000,BTC-USDT,TimeCondition.GTC,0.001
2837957847,4194834854,0,1783610670791580999,201,order_input,benchmark,mock,InstrumentType.Spot,5551468688638542514,OrderType.Limit,Direction.Long,65000.810000000005,996453984,False,Side.Buy,,65000.810000000005,1653898000,BTC-USDT,TimeCondition.GTC,0.001
2837957847,4194834854,0,1783610670791875682,201,order_input,benchmark,mock,InstrumentType.Spot,5551468688638542515,OrderType.Limit,Direction.Long,65001.02,996455520,False,Side.Sell,,65001.02,1653898000,BTC-USDT,TimeCondition.GTC,0.001
2837957847,4194834854,0,1783610670792179907,201,order_input,benchmark,mock,InstrumentType.Spot,5551468688638542516,OrderType.Limit,Direction.Long,65000.83,996457056,False,Side.Buy,,65000.83,1653898000,BTC-USDT,TimeCondition.GTC,0.001
2837957847,4194834854,0,1783610670792479000,201,order_input,benchmark,mock,InstrumentType.Spot,5551468688638542517,OrderType.Limit,Direction.Long,65001.04,996458592,False,Side.Sell,,65001.04,1653898000,BTC-USDT,TimeCondition.GTC,0.001
2837957847,4194834854,0,1783610670792779184,201,order_input,benchmark,mock,InstrumentType.Spot,5551468688638542518,OrderType.Limit,Direction.Long,65000.85,996460128,False,Side.Buy,,65000.85,1653898000,BTC-USDT,TimeCondition.GTC,0.001
2837957847,4194834854,0,1783610670793091494,201,order_input,benchmark,mock,InstrumentType.Spot,5551468688638542519,OrderType.Limit,Direction.Long,65001.06,996461664,False,Side.Sell,,65001.06,1653898000,BTC-USDT,TimeCondition.GTC,0.001
2837957847,4194834854,0,1783610670793389587,201,order_input,benchmark,mock,InstrumentType.Spot,5551468688638542520,OrderType.Limit,Direction.Long,65000.87,996463200,False,Side.Buy,,65000.87,1653898000,BTC-USDT,TimeCondition.GTC,0.001
2837957847,4194834854,0,1783610670793686462,201,order_input,benchmark,mock,InstrumentType.Spot,5551468688638542521,OrderType.Limit,Direction.Long,65001.08,996464736,False,Side.Sell,,65001.08,1653898000,BTC-USDT,TimeCondition.GTC,0.001
2837957847,4194834854,0,1783610670793989547,201,order_input,benchmark,mock,InstrumentType.Spot,5551468688638542522,OrderType.Limit,Direction.Long,65000.89,996466272,False,Side.Buy,,65000.89,1653898000,BTC-USDT,TimeCondition.GTC,0.001
2837957847,4194834854,0,1783610670794281019,201,order_input,benchmark,mock,InstrumentType.Spot,5551468688638542523,OrderType.Limit,Direction.Long,65000.1,996467808,False,Side.Sell,,65000.1,1653898000,BTC-USDT,TimeCondition.GTC,0.001
2837957847,4194834854,0,1783610670794580238,201,order_input,benchmark,mock,InstrumentType.Spot,5551468688638542524,OrderType.Limit,Direction.Long,64999.91,996469344,False,Side.Buy,,64999.91,1653898000,BTC-USDT,TimeCondition.GTC,0.001
2837957847,4194834854,0,1783610670794877595,201,order_input,benchmark,mock,InstrumentType.Spot,5551468688638542525,OrderType.Limit,Direction.Long,65000.119999999995,996470880,False,Side.Sell,,65000.119999999995,1653898000,BTC-USDT,TimeCondition.GTC,0.001
2837957847,4194834854,0,1783610670795182565,201,order_input,benchmark,mock,InstrumentType.Spot,5551468688638542526,OrderType.Limit,Direction.Long,64999.93,996472416,False,Side.Buy,,64999.93,1653898000,BTC-USDT,TimeCondition.GTC,0.001
2837957847,4194834854,0,1783610670795480413,201,order_input,benchmark,mock,InstrumentType.Spot,5551468688638542527,OrderType.Limit,Direction.Long,65000.14,996473952,False,Side.Sell,,65000.14,1653898000,BTC-USDT,TimeCondition.GTC,0.001
2837957847,4194834854,0,1783610670795779485,201,order_input,benchmark,mock,InstrumentType.Spot,5551468688638542528,OrderType.Limit,Direction.Long,64999.950000000004,996475488,False,Side.Buy,,64999.950000000004,1653898000,BTC-USDT,TimeCondition.GTC,0.001
2837957847,4194834854,0,1783610670796112226,201,order_input,benchmark,mock,InstrumentType.Spot,5551468688638542529,OrderType.Limit,Direction.Long,65000.159999999996,996477024,False,Side.Sell,,65000.159999999996,1653898000,BTC-USDT,TimeCondition.GTC,0.001
2837957847,4194834854,0,1783610670796361985,201,order_input,benchmark,mock,InstrumentType.Spot,5551468688638542530,OrderType.Limit,Direction.Long,64999.97,996478560,False,Side.Buy,,64999.97,1653898000,BTC-USDT,TimeCondition.GTC,0.001
2837957847,4194834854,0,1783610670796682522,201,order_input,benchmark,mock,InstrumentType.Spot,5551468688638542531,OrderType.Limit,Direction.Long,65000.18,996480096,False,Side.Sell,,65000.18,1653898000,BTC-USDT,TimeCondition.GTC,0.001
2837957847,4194834854,0,1783610670796978210,201,order_input,benchmark,mock,InstrumentType.Spot,5551468688638542532,OrderType.Limit,Direction.Long,64999.99,996481632,False,Side.Buy,,64999.99,1653898000,BTC-USDT,TimeCondition.GTC,0.001
2837957847,4194834854,0,1783610670797278757,201,order_input,benchmark,mock,InstrumentType.Spot,5551468688638542533,OrderType.Limit,Direction.Long,65000.2,996483168,False,Side.Sell,,65000.2,1653898000,BTC-USDT,TimeCondition.GTC,0.001
2837957847,4194834854,0,1783610670797578677,201,order_input,benchmark,mock,InstrumentType.Spot,5551468688638542534,OrderType.Limit,Direction.Long,65000.01,996484704,False,Side.Buy,,65000.01,1653898000,BTC-USDT,TimeCondition.GTC,0.001
2837957847,4194834854,0,1783610670797878081,201,order_input,benchmark,mock,InstrumentType.Spot,5551468688638542535,OrderType.Limit,Direction.Long,65000.22,996486240,False,Side.Sell,,65000.22,1653898000,BTC-USDT,TimeCondition.GTC,0.001
2837957847,4194834854,0,1783610670798176535,201,order_input,benchmark,mock,InstrumentType.Spot,5551468688638542536,OrderType.Limit,Direction.Long,65000.03,996487776,False,Side.Buy,,65000.03,1653898000,BTC-USDT,TimeCondition.GTC,0.001
2837957847,4194834854,0,1783610670798474261,201,order_input,benchmark,mock,InstrumentType.Spot,5551468688638542537,OrderType.Limit,Direction.Long,65000.24,996489312,False,Side.Sell,,65000.24,1653898000,BTC-USDT,TimeCondition.GTC,0.001
2837957847,4194834854,0,1783610670798779780,201,order_input,benchmark,mock,InstrumentType.Spot,5551468688638542538,OrderType.Limit,Direction.Long,65000.05,996490848,False,Side.Buy,,65000.05,1653898000,BTC-USDT,TimeCondition.GTC,0.001
2837957847,4194834854,0,1783610670799097131,201,order_input,benchmark,mock,InstrumentType.Spot,5551468688638542539,OrderType.Limit,Direction.Long,65000.26,996492384,False,Side.Sell,,65000.26,1653898000,BTC-USDT,TimeCondition.GTC,0.001
2837957847,4194834854,0,1783610670799374049,201,order_input,benchmark,mock,InstrumentType.Spot,5551468688638542540,OrderType.Limit,Direction.Long,65000.07,996493920,False,Side.Buy,,65000.07,1653898000,BTC-USDT,TimeCondition.GTC,0.001
2837957847,4194834854,0,1783610670799676223,201,order_input,benchmark,mock,InstrumentType.Spot,5551468688638542541,OrderType.Limit,Direction.Long,65000.28,996495456,False,Side.Sell,,65000.28,1653898000,BTC-USDT,TimeCondition.GTC,0.001
2837957847,4194834854,0,1783610670799977847,201,order_input,benchmark,mock,InstrumentType.Spot,5551468688638542542,OrderType.Limit,Direction.Long,65000.090000000004,996496992,False,Side.Buy,,65000.090000000004,1653898000,BTC-USDT,TimeCondition.GTC,0.001
2837957847,4194834854,0,1783610670800278091,201,order_input,benchmark,mock,InstrumentType.Spot,5551468688638542543,OrderType.Limit,Direction.Long,65000.299999999996,996498528,False,Side.Sell,,65000.299999999996,1653898000,BTC-USDT,TimeCondition.GTC,0.001
2837957847,4194834854,0,1783610670800579342,201,order_input,benchmark,mock,InstrumentType.Spot,5551468688638542544,OrderType.Limit,Direction.Long,65000.11,996500064,False,Side.Buy,,65000.11,1653898000,BTC-USDT,TimeCondition.GTC,0.001
2837957847,4194834854,0,1783610670800870987,201,order_input,benchmark,mock,InstrumentType.Spot,5551468688638542545,OrderType.Limit,Direction.Long,65000.32,996501600,False,Side.Sell,,65000.32,1653898000,BTC-USDT,TimeCondition.GTC,0.001
2837957847,4194834854,0,1783610670801181877,201,order_input,benchmark,mock,InstrumentType.Spot,5551468688638542546,OrderType.Limit,Direction.Long,65000.130000000005,996503136,False,Side.Buy,,65000.130000000005,1653898000,BTC-USDT,TimeCondition.GTC,0.001
2837957847,4194834854,0,1783610670801478300,201,order_input,benchmark,mock,InstrumentType.Spot,5551468688638542547,OrderType.Limit,Direction.Long,65000.34,996504672,False,Side.Sell,,65000.34,1653898000,BTC-USDT,TimeCondition.GTC,0.001
2837957847,4194834854,0,1783610670801777882,201,order_input,benchmark,mock,InstrumentType.Spot,5551468688638542548,OrderType.Limit,Direction.Long,65000.15,996506208,False,Side.Buy,,65000.15,1653898000,BTC-USDT,TimeCondition.GTC,0.001
2837957847,4194834854,0,1783610670802091585,201,order_input,benchmark,mock,InstrumentType.Spot,5551468688638542549,OrderType.Limit,Direction.Long,65000.36,996507744,False,Side.Sell,,65000.36,1653898000,BTC-USDT,TimeCondition.GTC,0.001
2837957847,4194834854,0,1783610670802378920,201,order_input,benchmark,mock,InstrumentType.Spot,5551468688638542550,OrderType.Limit,Direction.Long,65000.17,996509280,False,Side.Buy,,65000.17,1653898000,BTC-USDT,TimeCondition.GTC,0.001
2837957847,4194834854,0,1783610670802677067,201,order_input,benchmark,mock,InstrumentType.Spot,5551468688638542551,OrderType.Limit,Direction.Long,65000.38,996510816,False,Side.Sell,,65000.38,1653898000,BTC-USDT,TimeCondition.GTC,0.001
2837957847,4194834854,0,1783610670802977696,201,order_input,benchmark,mock,InstrumentType.Spot,5551468688638542552,OrderType.Limit,Direction.Long,65000.19,996512352,False,Side.Buy,,65000.19,1653898000,BTC-USDT,TimeCondition.GTC,0.001
2837957847,4194834854,0,1783610670803287583,201,order_input,benchmark,mock,InstrumentType.Spot,5551468688638542553,OrderType.Limit,Direction.Long,65000.4,996513888,False,Side.Sell,,65000.4,1653898000,BTC-USDT,TimeCondition.GTC,0.001
2837957847,4194834854,0,1783610670803575129,201,order_input,benchmark,mock,InstrumentType.Spot,5551468688638542554,OrderType.Limit,Direction.Long,65000.21,996515424,False,Side.Buy,,65000.21,1653898000,BTC-USDT,TimeCondition.GTC,0.001
2837957847,4194834854,0,1783610670803872624,201,order_input,benchmark,mock,InstrumentType.Spot,5551468688638542555,OrderType.Limit,Direction.Long,65000.42,996516960,False,Side.Sell,,65000.42,1653898000,BTC-USDT,TimeCondition.GTC,0.001
2837957847,4194834854,0,1783610670804175297,201,order_input,benchmark,mock,InstrumentType.Spot,5551468688638542556,OrderType.Limit,Direction.Long,65000.23,996518496,False,Side.Buy,,65000.23,1653898000,BTC-USDT,TimeCondition.GTC,0.001
2837957847,4194834854,0,1783610670804473038,201,order_input,benchmark,mock,InstrumentType.Spot,5551468688638542557,OrderType.Limit,Direction.Long,65000.439999999995,996520032,False,Side.Sell,,65000.439999999995,1653898000,BTC-USDT,TimeCondition.GTC,0.001
2837957847,4194834854,0,1783610670805026873,201,order_input,benchmark,mock,InstrumentType.Spot,5551468688638542558,OrderType.Limit,Direction.Long,65000.25,996521568,False,Side.Buy,,65000.25,1653898000,BTC-USDT,TimeCondition.GTC,0.001
2837957847,4194834854,0,1783610670805056807,201,order_input,benchmark,mock,InstrumentType.Spot,5551468688638542559,OrderType.Limit,Direction.Long,65000.46,996523072,False,Side.Sell,,65000.46,1653898000,BTC-USDT,TimeCondition.GTC,0.001
2837957847,4194834854,0,1783610670805326664,201,order_input,benchmark,mock,InstrumentType.Spot,5551468688638542560,OrderType.Limit,Direction.Long,65000.270000000004,996524640,False,Side.Buy,,65000.270000000004,1653898000,BTC-USDT,TimeCondition.GTC,0.001
2837957847,4194834854,0,1783610670805684853,201,order_input,benchmark,mock,InstrumentType.Spot,5551468688638542561,OrderType.Limit,Direction.Long,65000.479999999996,996526176,False,Side.Sell,,65000.479999999996,1653898000,BTC-USDT,TimeCondition.GTC,0.001
2837957847,4194834854,0,1783610670806116589,201,order_input,benchmark,mock,InstrumentType.Spot,5551468688638542562,OrderType.Limit,Direction.Long,65000.29,996527712,False,Side.Buy,,65000.29,1653898000,BTC-USDT,TimeCondition.GTC,0.001
2837957847,4194834854,0,1783610670806410878,201,order_input,benchmark,mock,InstrumentType.Spot,5551468688638542563,OrderType.Limit,Direction.Long,65000.5,996529248,False,Side.Sell,,65000.5,1653898000,BTC-USDT,TimeCondition.GTC,0.001
2837957847,4194834854,0,1783610670806557295,201,order_input,benchmark,mock,InstrumentType.Spot,5551468688638542564,OrderType.Limit,Direction.Long,65000.310000000005,996530784,False,Side.Buy,,65000.310000000005,1653898000,BTC-USDT,TimeCondition.GTC,0.001
2837957847,4194834854,0,1783610670806847592,201,order_input,benchmark,mock,InstrumentType.Spot,5551468688638542565,OrderType.Limit,Direction.Long,65000.52,996532320,False,Side.Sell,,65000.52,1653898000,BTC-USDT,TimeCondition.GTC,0.001
2837957847,4194834854,0,1783610670807173977,201,order_input,benchmark,mock,InstrumentType.Spot,5551468688638542566,OrderType.Limit,Direction.Long,65000.33,996533856,False,Side.Buy,,65000.33,1653898000,BTC-USDT,TimeCondition.GTC,0.001
2837957847,4194834854,0,1783610670807478419,201,order_input,benchmark,mock,InstrumentType.Spot,5551468688638542567,OrderType.Limit,Direction.Long,65000.54,996535392,False,Side.Sell,,65000.54,1653898000,BTC-USDT,TimeCondition.GTC,0.001
2837957847,4194834854,0,1783610670807889723,201,order_input,benchmark,mock,InstrumentType.Spot,5551468688638542568,OrderType.Limit,Direction.Long,65000.35,996536928,False,Side.Buy,,65000.35,1653898000,BTC-USDT,TimeCondition.GTC,0.001
2837957847,4194834854,0,1783610670808070281,201,order_input,benchmark,mock,InstrumentType.Spot,5551468688638542569,OrderType.Limit,Direction.Long,65000.56,996538464,False,Side.Sell,,65000.56,1653898000,BTC-USDT,TimeCondition.GTC,0.001
2837957847,4194834854,0,1783610670808347101,201,order_input,benchmark,mock,InstrumentType.Spot,5551468688638542570,OrderType.Limit,Direction.Long,65000.37,996540000,False,Side.Buy,,65000.37,1653898000,BTC-USDT,TimeCondition.GTC,0.001
2837957847,4194834854,0,1783610670808690928,201,order_input,benchmark,mock,InstrumentType.Spot,5551468688638542571,OrderType.Limit,Direction.Long,65000.58,996541536,False,Side.Sell,,65000.58,1653898000,BTC-USDT,TimeCondition.GTC,0.001
2837957847,4194834854,0,1783610670808990593,201,order_input,benchmark,mock,InstrumentType.Spot,5551468688638542572,OrderType.Limit,Direction.Long,65000.39,996543072,False,Side.Buy,,65000.39,1653898000,BTC-USDT,TimeCondition.GTC,0.001
2837957847,4194834854,0,1783610670809287968,201,order_input,benchmark,mock,InstrumentType.Spot,5551468688638542573,OrderType.Limit,Direction.Long,65000.6,996544608,False,Side.Sell,,65000.6,1653898000,BTC-USDT,TimeCondition.GTC,0.001
2837957847,4194834854,0,1783610670809611981,201,order_input,benchmark,mock,InstrumentType.Spot,5551468688638542574,OrderType.Limit,Direction.Long,65000.41,996546144,False,Side.Buy,,65000.41,1653898000,BTC-USDT,TimeCondition.GTC,0.001
2837957847,4194834854,0,1783610670809869931,201,order_input,benchmark,mock,InstrumentType.Spot,5551468688638542575,OrderType.Limit,Direction.Long,65000.619999999995,996547680,False,Side.Sell,,65000.619999999995,1653898000,BTC-USDT,TimeCondition.GTC,0.001
2837957847,4194834854,0,1783610670810263067,201,order_input,benchmark,mock,InstrumentType.Spot,5551468688638542576,OrderType.Limit,Direction.Long,65000.43,996549216,False,Side.Buy,,65000.43,1653898000,BTC-USDT,TimeCondition.GTC,0.001
2837957847,4194834854,0,1783610670810464584,201,order_input,benchmark,mock,InstrumentType.Spot,5551468688638542577,OrderType.Limit,Direction.Long,65000.64,996550752,False,Side.Sell,,65000.64,1653898000,BTC-USDT,TimeCondition.GTC,0.001
2837957847,4194834854,0,1783610670810790245,201,order_input,benchmark,mock,InstrumentType.Spot,5551468688638542578,OrderType.Limit,Direction.Long,65000.450000000004,996552288,False,Side.Buy,,65000.450000000004,1653898000,BTC-USDT,TimeCondition.GTC,0.001
2837957847,4194834854,0,1783610670811090994,201,order_input,benchmark,mock,InstrumentType.Spot,5551468688638542579,OrderType.Limit,Direction.Long,65000.659999999996,996553824,False,Side.Sell,,65000.659999999996,1653898000,BTC-USDT,TimeCondition.GTC,0.001
2837957847,4194834854,0,1783610670811381823,201,order_input,benchmark,mock,InstrumentType.Spot,5551468688638542580,OrderType.Limit,Direction.Long,65000.47,996555360,False,Side.Buy,,65000.47,1653898000,BTC-USDT,TimeCondition.GTC,0.001
2837957847,4194834854,0,1783610670811674549,201,order_input,benchmark,mock,InstrumentType.Spot,5551468688638542581,OrderType.Limit,Direction.Long,65000.68,996556896,False,Side.Sell,,65000.68,1653898000,BTC-USDT,TimeCondition.GTC,0.001
2837957847,4194834854,0,1783610670811977107,201,order_input,benchmark,mock,InstrumentType.Spot,5551468688638542582,OrderType.Limit,Direction.Long,65000.49,996558432,False,Side.Buy,,65000.49,1653898000,BTC-USDT,TimeCondition.GTC,0.001
2837957847,4194834854,0,1783610670812278658,201,order_input,benchmark,mock,InstrumentType.Spot,5551468688638542583,OrderType.Limit,Direction.Long,65000.7,996559968,False,Side.Sell,,65000.7,1653898000,BTC-USDT,TimeCondition.GTC,0.001
2837957847,4194834854,0,1783610670812578321,201,order_input,benchmark,mock,InstrumentType.Spot,5551468688638542584,OrderType.Limit,Direction.Long,65000.51,996561504,False,Side.Buy,,65000.51,1653898000,BTC-USDT,TimeCondition.GTC,0.001
2837957847,4194834854,0,1783610670812877638,201,order_input,benchmark,mock,InstrumentType.Spot,5551468688638542585,OrderType.Limit,Direction.Long,65000.72,996427168,False,Side.Sell,,65000.72,1653898000,BTC-USDT,TimeCondition.GTC,0.001
2837957847,4194834854,0,1783610670813183279,201,order_input,benchmark,mock,InstrumentType.Spot,5551468688638542586,OrderType.Limit,Direction.Long,65000.53,996428704,False,Side.Buy,,65000.53,1653898000,BTC-USDT,TimeCondition.GTC,0.001
2837957847,4194834854,0,1783610670813486331,201,order_input,benchmark,mock,InstrumentType.Spot,5551468688638542587,OrderType.Limit,Direction.Long,65000.74,996430240,False,Side.Sell,,65000.74,1653898000,BTC-USDT,TimeCondition.GTC,0.001
2837957847,4194834854,0,1783610670813779043,201,order_input,benchmark,mock,InstrumentType.Spot,5551468688638542588,OrderType.Limit,Direction.Long,65000.55,996431776,False,Side.Buy,,65000.55,1653898000,BTC-USDT,TimeCondition.GTC,0.001
2837957847,4194834854,0,1783610670814087356,201,order_input,benchmark,mock,InstrumentType.Spot,5551468688638542589,OrderType.Limit,Direction.Long,65000.76,996569984,False,Side.Sell,,65000.76,1653898000,BTC-USDT,TimeCondition.GTC,0.001
2837957847,4194834854,0,1783610670814377921,201,order_input,benchmark,mock,InstrumentType.Spot,5551468688638542590,OrderType.Limit,Direction.Long,65000.57,996571520,False,Side.Buy,,65000.57,1653898000,BTC-USDT,TimeCondition.GTC,0.001
2837957847,4194834854,0,1783610670814676475,201,order_input,benchmark,mock,InstrumentType.Spot,5551468688638542591,OrderType.Limit,Direction.Long,65000.78,996573056,False,Side.Sell,,65000.78,1653898000,BTC-USDT,TimeCondition.GTC,0.001
2837957847,4194834854,0,1783610670814977260,201,order_input,benchmark,mock,InstrumentType.Spot,5551468688638542592,OrderType.Limit,Direction.Long,65000.590000000004,996574592,False,Side.Buy,,65000.590000000004,1653898000,BTC-USDT,TimeCondition.GTC,0.001
2837957847,4194834854,0,1783610670815277454,201,order_input,benchmark,mock,InstrumentType.Spot,5551468688638542593,OrderType.Limit,Direction.Long,65000.799999999996,996576128,False,Side.Sell,,65000.799999999996,1653898000,BTC-USDT,TimeCondition.GTC,0.001
2837957847,4194834854,0,1783610670815577474,201,order_input,benchmark,mock,InstrumentType.Spot,5551468688638542594,OrderType.Limit,Direction.Long,65000.61,996577664,False,Side.Buy,,65000.61,1653898000,BTC-USDT,TimeCondition.GTC,0.001
2837957847,4194834854,0,1783610670815880216,201,order_input,benchmark,mock,InstrumentType.Spot,5551468688638542595,OrderType.Limit,Direction.Long,65000.82,996579200,False,Side.Sell,,65000.82,1653898000,BTC-USDT,TimeCondition.GTC,0.001
2837957847,4194834854,0,1783610670816228473,201,order_input,benchmark,mock,InstrumentType.Spot,5551468688638542596,OrderType.Limit,Direction.Long,65000.630000000005,996580736,False,Side.Buy,,65000.630000000005,1653898000,BTC-USDT,TimeCondition.GTC,0.001
2837957847,4194834854,0,1783610670816496431,201,order_input,benchmark,mock,InstrumentType.Spot,5551468688638542597,OrderType.Limit,Direction.Long,65000.84,996582272,False,Side.Sell,,65000.84,1653898000,BTC-USDT,TimeCondition.GTC,0.001
2837957847,4194834854,0,1783610670816726224,201,order_input,benchmark,mock,InstrumentType.Spot,5551468688638542598,OrderType.Limit,Direction.Long,65000.65,996583808,False,Side.Buy,,65000.65,1653898000,BTC-USDT,TimeCondition.GTC,0.001
2837957847,4194834854,0,1783610670817087510,201,order_input,benchmark,mock,InstrumentType.Spot,5551468688638542599,OrderType.Limit,Direction.Long,65000.86,996585344,False,Side.Sell,,65000.86,1653898000,BTC-USDT,TimeCondition.GTC,0.001
2837957847,4194834854,0,1783610670817391907,201,order_input,benchmark,mock,InstrumentType.Spot,5551468688638542600,OrderType.Limit,Direction.Long,65000.67,996586880,False,Side.Buy,,65000.67,1653898000,BTC-USDT,TimeCondition.GTC,0.001
2837957847,4194834854,0,1783610670817622016,201,order_input,benchmark,mock,InstrumentType.Spot,5551468688638542601,OrderType.Limit,Direction.Long,65000.88,996588416,False,Side.Sell,,65000.88,1653898000,BTC-USDT,TimeCondition.GTC,0.001
2837957847,4194834854,0,1783610670817978652,201,order_input,benchmark,mock,InstrumentType.Spot,5551468688638542602,OrderType.Limit,Direction.Long,65000.69,996589952,False,Side.Buy,,65000.69,1653898000,BTC-USDT,TimeCondition.GTC,0.001
2837957847,4194834854,0,1783610670818276238,201,order_input,benchmark,mock,InstrumentType.Spot,5551468688638542603,OrderType.Limit,Direction.Long,65000.9,996591488,False,Side.Sell,,65000.9,1653898000,BTC-USDT,TimeCondition.GTC,0.001
2837957847,4194834854,0,1783610670818577149,201,order_input,benchmark,mock,InstrumentType.Spot,5551468688638542604,OrderType.Limit,Direction.Long,65000.71,996593024,False,Side.Buy,,65000.71,1653898000,BTC-USDT,TimeCondition.GTC,0.001
2837957847,4194834854,0,1783610670818877923,201,order_input,benchmark,mock,InstrumentType.Spot,5551468688638542605,OrderType.Limit,Direction.Long,65000.92,996594560,False,Side.Sell,,65000.92,1653898000,BTC-USDT,TimeCondition.GTC,0.001
2837957847,4194834854,0,1783610670819193094,201,order_input,benchmark,mock,InstrumentType.Spot,5551468688638542606,OrderType.Limit,Direction.Long,65000.73,996596096,False,Side.Buy,,65000.73,1653898000,BTC-USDT,TimeCondition.GTC,0.001
2837957847,4194834854,0,1783610670819489857,201,order_input,benchmark,mock,InstrumentType.Spot,5551468688638542607,OrderType.Limit,Direction.Long,65000.939999999995,996597632,False,Side.Sell,,65000.939999999995,1653898000,BTC-USDT,TimeCondition.GTC,0.001
2837957847,4194834854,0,1783610670819788151,201,order_input,benchmark,mock,InstrumentType.Spot,5551468688638542608,OrderType.Limit,Direction.Long,65000.75,996599168,False,Side.Buy,,65000.75,1653898000,BTC-USDT,TimeCondition.GTC,0.001
2837957847,4194834854,0,1783610670820096091,201,order_input,benchmark,mock,InstrumentType.Spot,5551468688638542609,OrderType.Limit,Direction.Long,65000.96,996600704,False,Side.Sell,,65000.96,1653898000,BTC-USDT,TimeCondition.GTC,0.001
2837957847,4194834854,0,1783610670820385326,201,order_input,benchmark,mock,InstrumentType.Spot,5551468688638542610,OrderType.Limit,Direction.Long,65000.770000000004,996602240,False,Side.Buy,,65000.770000000004,1653898000,BTC-USDT,TimeCondition.GTC,0.001
2837957847,4194834854,0,1783610670820678243,201,order_input,benchmark,mock,InstrumentType.Spot,5551468688638542611,OrderType.Limit,Direction.Long,65000.979999999996,996603776,False,Side.Sell,,65000.979999999996,1653898000,BTC-USDT,TimeCondition.GTC,0.001
2837957847,4194834854,0,1783610670820978213,201,order_input,benchmark,mock,InstrumentType.Spot,5551468688638542612,OrderType.Limit,Direction.Long,65000.79,996605312,False,Side.Buy,,65000.79,1653898000,BTC-USDT,TimeCondition.GTC,0.001
2837957847,4194834854,0,1783610670821279456,201,order_input,benchmark,mock,InstrumentType.Spot,5551468688638542613,OrderType.Limit,Direction.Long,65001.0,996606848,False,Side.Sell,,65001.0,1653898000,BTC-USDT,TimeCondition.GTC,0.001
2837957847,4194834854,0,1783610670821574339,201,order_input,benchmark,mock,InstrumentType.Spot,5551468688638542614,OrderType.Limit,Direction.Long,65000.810000000005,996608384,False,Side.Buy,,65000.810000000005,1653898000,BTC-USDT,TimeCondition.GTC,0.001
2837957847,4194834854,0,1783610670821874072,201,order_input,benchmark,mock,InstrumentType.Spot,5551468688638542615,OrderType.Limit,Direction.Long,65001.02,996609920,False,Side.Sell,,65001.02,1653898000,BTC-USDT,TimeCondition.GTC,0.001
2837957847,4194834854,0,1783610670822189032,201,order_input,benchmark,mock,InstrumentType.Spot,5551468688638542616,OrderType.Limit,Direction.Long,65000.83,996611456,False,Side.Buy,,65000.83,1653898000,BTC-USDT,TimeCondition.GTC,0.001
2837957847,4194834854,0,1783610670822481575,201,order_input,benchmark,mock,InstrumentType.Spot,5551468688638542617,OrderType.Limit,Direction.Long,65001.04,996612992,False,Side.Sell,,65001.04,1653898000,BTC-USDT,TimeCondition.GTC,0.001
2837957847,4194834854,0,1783610670822779295,201,order_input,benchmark,mock,InstrumentType.Spot,5551468688638542618,OrderType.Limit,Direction.Long,65000.85,996614528,False,Side.Buy,,65000.85,1653898000,BTC-USDT,TimeCondition.GTC,0.001
2837957847,4194834854,0,1783610670823092323,201,order_input,benchmark,mock,InstrumentType.Spot,5551468688638542619,OrderType.Limit,Direction.Long,65001.06,996616064,False,Side.Sell,,65001.06,1653898000,BTC-USDT,TimeCondition.GTC,0.001
2837957847,4194834854,0,1783610670823380221,201,order_input,benchmark,mock,InstrumentType.Spot,5551468688638542620,OrderType.Limit,Direction.Long,65000.87,996617600,False,Side.Buy,,65000.87,1653898000,BTC-USDT,TimeCondition.GTC,0.001
2837957847,4194834854,0,1783610670823678523,201,order_input,benchmark,mock,InstrumentType.Spot,5551468688638542621,OrderType.Limit,Direction.Long,65001.08,996619136,False,Side.Sell,,65001.08,1653898000,BTC-USDT,TimeCondition.GTC,0.001
2837957847,4194834854,0,1783610670823976623,201,order_input,benchmark,mock,InstrumentType.Spot,5551468688638542622,OrderType.Limit,Direction.Long,65000.89,996620672,False,Side.Buy,,65000.89,1653898000,BTC-USDT,TimeCondition.GTC,0.001
2837957847,4194834854,0,1783610670824279333,201,order_input,benchmark,mock,InstrumentType.Spot,5551468688638542623,OrderType.Limit,Direction.Long,65000.1,996622208,False,Side.Sell,,65000.1,1653898000,BTC-USDT,TimeCondition.GTC,0.001
2837957847,4194834854,0,1783610670824588973,201,order_input,benchmark,mock,InstrumentType.Spot,5551468688638542624,OrderType.Limit,Direction.Long,64999.91,996623744,False,Side.Buy,,64999.91,1653898000,BTC-USDT,TimeCondition.GTC,0.001
2837957847,4194834854,0,1783610670824886044,201,order_input,benchmark,mock,InstrumentType.Spot,5551468688638542625,OrderType.Limit,Direction.Long,65000.119999999995,996625280,False,Side.Sell,,65000.119999999995,1653898000,BTC-USDT,TimeCondition.GTC,0.001
2837957847,4194834854,0,1783610670825177790,201,order_input,benchmark,mock,InstrumentType.Spot,5551468688638542626,OrderType.Limit,Direction.Long,64999.93,996626816,False,Side.Buy,,64999.93,1653898000,BTC-USDT,TimeCondition.GTC,0.001
2837957847,4194834854,0,1783610670825477459,201,order_input,benchmark,mock,InstrumentType.Spot,5551468688638542627,OrderType.Limit,Direction.Long,65000.14,996628352,False,Side.Sell,,65000.14,1653898000,BTC-USDT,TimeCondition.GTC,0.001
2837957847,4194834854,0,1783610670825779935,201,order_input,benchmark,mock,InstrumentType.Spot,5551468688638542628,OrderType.Limit,Direction.Long,64999.950000000004,996629888,False,Side.Buy,,64999.950000000004,1653898000,BTC-USDT,TimeCondition.GTC,0.001
2837957847,4194834854,0,1783610670826089409,201,order_input,benchmark,mock,InstrumentType.Spot,5551468688638542629,OrderType.Limit,Direction.Long,65000.159999999996,996631424,False,Side.Sell,,65000.159999999996,1653898000,BTC-USDT,TimeCondition.GTC,0.001
2837957847,4194834854,0,1783610670826376868,201,order_input,benchmark,mock,InstrumentType.Spot,5551468688638542630,OrderType.Limit,Direction.Long,64999.97,996632960,False,Side.Buy,,64999.97,1653898000,BTC-USDT,TimeCondition.GTC,0.001
2837957847,4194834854,0,1783610670826678065,201,order_input,benchmark,mock,InstrumentType.Spot,5551468688638542631,OrderType.Limit,Direction.Long,65000.18,996634496,False,Side.Sell,,65000.18,1653898000,BTC-USDT,TimeCondition.GTC,0.001
2837957847,4194834854,0,1783610670826978465,201,order_input,benchmark,mock,InstrumentType.Spot,5551468688638542632,OrderType.Limit,Direction.Long,64999.99,996636032,False,Side.Buy,,64999.99,1653898000,BTC-USDT,TimeCondition.GTC,0.001
2837957847,4194834854,0,1783610670827287153,201,order_input,benchmark,mock,InstrumentType.Spot,5551468688638542633,OrderType.Limit,Direction.Long,65000.2,996637568,False,Side.Sell,,65000.2,1653898000,BTC-USDT,TimeCondition.GTC,0.001
2837957847,4194834854,0,1783610670827559072,201,order_input,benchmark,mock,InstrumentType.Spot,5551468688638542634,OrderType.Limit,Direction.Long,65000.01,996639104,False,Side.Buy,,65000.01,1653898000,BTC-USDT,TimeCondition.GTC,0.001
2837957847,4194834854,0,1783610670827900216,201,order_input,benchmark,mock,InstrumentType.Spot,5551468688638542635,OrderType.Limit,Direction.Long,65000.22,996640640,False,Side.Sell,,65000.22,1653898000,BTC-USDT,TimeCondition.GTC,0.001
2837957847,4194834854,0,1783610670828099726,201,order_input,benchmark,mock,InstrumentType.Spot,5551468688638542636,OrderType.Limit,Direction.Long,65000.03,996642176,False,Side.Buy,,65000.03,1653898000,BTC-USDT,TimeCondition.GTC,0.001
2837957847,4194834854,0,1783610670828481248,201,order_input,benchmark,mock,InstrumentType.Spot,5551468688638542637,OrderType.Limit,Direction.Long,65000.24,996643712,False,Side.Sell,,65000.24,1653898000,BTC-USDT,TimeCondition.GTC,0.001
2837957847,4194834854,0,1783610670828780831,201,order_input,benchmark,mock,InstrumentType.Spot,5551468688638542638,OrderType.Limit,Direction.Long,65000.05,996645248,False,Side.Buy,,65000.05,1653898000,BTC-USDT,TimeCondition.GTC,0.001
2837957847,4194834854,0,1783610670829094596,201,order_input,benchmark,mock,InstrumentType.Spot,5551468688638542639,OrderType.Limit,Direction.Long,65000.26,996646784,False,Side.Sell,,65000.26,1653898000,BTC-USDT,TimeCondition.GTC,0.001
2837957847,4194834854,0,1783610670829381877,201,order_input,benchmark,mock,InstrumentType.Spot,5551468688638542640,OrderType.Limit,Direction.Long,65000.07,996648320,False,Side.Buy,,65000.07,1653898000,BTC-USDT,TimeCondition.GTC,0.001
2837957847,4194834854,0,1783610670829671074,201,order_input,benchmark,mock,InstrumentType.Spot,5551468688638542641,OrderType.Limit,Direction.Long,65000.28,996649856,False,Side.Sell,,65000.28,1653898000,BTC-USDT,TimeCondition.GTC,0.001
2837957847,4194834854,0,1783610670829969717,201,order_input,benchmark,mock,InstrumentType.Spot,5551468688638542642,OrderType.Limit,Direction.Long,65000.090000000004,996651392,False,Side.Buy,,65000.090000000004,1653898000,BTC-USDT,TimeCondition.GTC,0.001
2837957847,4194834854,0,1783610670830269619,201,order_input,benchmark,mock,InstrumentType.Spot,5551468688638542643,OrderType.Limit,Direction.Long,65000.299999999996,996652928,False,Side.Sell,,65000.299999999996,1653898000,BTC-USDT,TimeCondition.GTC,0.001
2837957847,4194834854,0,1783610670830581943,201,order_input,benchmark,mock,InstrumentType.Spot,5551468688638542644,OrderType.Limit,Direction.Long,65000.11,996654464,False,Side.Buy,,65000.11,1653898000,BTC-USDT,TimeCondition.GTC,0.001
2837957847,4194834854,0,1783610670830873381,201,order_input,benchmark,mock,InstrumentType.Spot,5551468688638542645,OrderType.Limit,Direction.Long,65000.32,996656000,False,Side.Sell,,65000.32,1653898000,BTC-USDT,TimeCondition.GTC,0.001
2837957847,4194834854,0,1783610670831176054,201,order_input,benchmark,mock,InstrumentType.Spot,5551468688638542646,OrderType.Limit,Direction.Long,65000.130000000005,996657536,False,Side.Buy,,65000.130000000005,1653898000,BTC-USDT,TimeCondition.GTC,0.001
2837957847,4194834854,0,1783610670831480939,201,order_input,benchmark,mock,InstrumentType.Spot,5551468688638542647,OrderType.Limit,Direction.Long,65000.34,996659072,False,Side.Sell,,65000.34,1653898000,BTC-USDT,TimeCondition.GTC,0.001
2837957847,4194834854,0,1783610670831772310,201,order_input,benchmark,mock,InstrumentType.Spot,5551468688638542648,OrderType.Limit,Direction.Long,65000.15,996660608,False,Side.Buy,,65000.15,1653898000,BTC-USDT,TimeCondition.GTC,0.001
2837957847,4194834854,0,1783610670832082138,201,order_input,benchmark,mock,InstrumentType.Spot,5551468688638542649,OrderType.Limit,Direction.Long,65000.36,996662144,False,Side.Sell,,65000.36,1653898000,BTC-USDT,TimeCondition.GTC,0.001
2837957847,4194834854,0,1783610670832374097,201,order_input,benchmark,mock,InstrumentType.Spot,5551468688638542650,OrderType.Limit,Direction.Long,65000.17,996663680,False,Side.Buy,,65000.17,1653898000,BTC-USDT,TimeCondition.GTC,0.001
2837957847,4194834854,0,1783610670832668791,201,order_input,benchmark,mock,InstrumentType.Spot,5551468688638542651,OrderType.Limit,Direction.Long,65000.38,996665216,False,Side.Sell,,65000.38,1653898000,BTC-USDT,TimeCondition.GTC,0.001
2837957847,4194834854,0,1783610670832971943,201,order_input,benchmark,mock,InstrumentType.Spot,5551468688638542652,OrderType.Limit,Direction.Long,65000.19,996666752,False,Side.Buy,,65000.19,1653898000,BTC-USDT,TimeCondition.GTC,0.001
2837957847,4194834854,0,1783610670833273708,201,order_input,benchmark,mock,InstrumentType.Spot,5551468688638542653,OrderType.Limit,Direction.Long,65000.4,996668288,False,Side.Sell,,65000.4,1653898000,BTC-USDT,TimeCondition.GTC,0.001
2837957847,4194834854,0,1783610670833581043,201,order_input,benchmark,mock,InstrumentType.Spot,5551468688638542654,OrderType.Limit,Direction.Long,65000.21,996669824,False,Side.Buy,,65000.21,1653898000,BTC-USDT,TimeCondition.GTC,0.001
2837957847,4194834854,0,1783610670833872688,201,order_input,benchmark,mock,InstrumentType.Spot,5551468688638542655,OrderType.Limit,Direction.Long,65000.42,996671360,False,Side.Sell,,65000.42,1653898000,BTC-USDT,TimeCondition.GTC,0.001
2837957847,4194834854,0,1783610670834175574,201,order_input,benchmark,mock,InstrumentType.Spot,5551468688638542656,OrderType.Limit,Direction.Long,65000.23,996672896,False,Side.Buy,,65000.23,1653898000,BTC-USDT,TimeCondition.GTC,0.001
2837957847,4194834854,0,1783610670834475742,201,order_input,benchmark,mock,InstrumentType.Spot,5551468688638542657,OrderType.Limit,Direction.Long,65000.439999999995,996674432,False,Side.Sell,,65000.439999999995,1653898000,BTC-USDT,TimeCondition.GTC,0.001
2837957847,4194834854,0,1783610670834772278,201,order_input,benchmark,mock,InstrumentType.Spot,5551468688638542658,OrderType.Limit,Direction.Long,65000.25,996675968,False,Side.Buy,,65000.25,1653898000,BTC-USDT,TimeCondition.GTC,0.001
2837957847,4194834854,0,1783610670835077796,201,order_input,benchmark,mock,InstrumentType.Spot,5551468688638542659,OrderType.Limit,Direction.Long,65000.46,996677504,False,Side.Sell,,65000.46,1653898000,BTC-USDT,TimeCondition.GTC,0.001
2837957847,4194834854,0,1783610670835372908,201,order_input,benchmark,mock,InstrumentType.Spot,5551468688638542660,OrderType.Limit,Direction.Long,65000.270000000004,996679040,False,Side.Buy,,65000.270000000004,1653898000,BTC-USDT,TimeCondition.GTC,0.001
2837957847,4194834854,0,1783610670835672253,201,order_input,benchmark,mock,InstrumentType.Spot,5551468688638542661,OrderType.Limit,Direction.Long,65000.479999999996,996680576,False,Side.Sell,,65000.479999999996,1653898000,BTC-USDT,TimeCondition.GTC,0.001
2837957847,4194834854,0,1783610670835972675,201,order_input,benchmark,mock,InstrumentType.Spot,5551468688638542662,OrderType.Limit,Direction.Long,65000.29,996682112,False,Side.Buy,,65000.29,1653898000,BTC-USDT,TimeCondition.GTC,0.001
2837957847,4194834854,0,1783610670836278802,201,order_input,benchmark,mock,InstrumentType.Spot,5551468688638542663,OrderType.Limit,Direction.Long,65000.5,996683648,False,Side.Sell,,65000.5,1653898000,BTC-USDT,TimeCondition.GTC,0.001
2837957847,4194834854,0,1783610670836573634,201,order_input,benchmark,mock,InstrumentType.Spot,5551468688638542664,OrderType.Limit,Direction.Long,65000.310000000005,996685184,False,Side.Buy,,65000.310000000005,1653898000,BTC-USDT,TimeCondition.GTC,0.001
2837957847,4194834854,0,1783610670836872672,201,order_input,benchmark,mock,InstrumentType.Spot,5551468688638542665,OrderType.Limit,Direction.Long,65000.52,996686720,False,Side.Sell,,65000.52,1653898000,BTC-USDT,TimeCondition.GTC,0.001
2837957847,4194834854,0,1783610670837173206,201,order_input,benchmark,mock,InstrumentType.Spot,5551468688638542666,OrderType.Limit,Direction.Long,65000.33,996688256,False,Side.Buy,,65000.33,1653898000,BTC-USDT,TimeCondition.GTC,0.001
2837957847,4194834854,0,1783610670837470457,201,order_input,benchmark,mock,InstrumentType.Spot,5551468688638542667,OrderType.Limit,Direction.Long,65000.54,996689792,False,Side.Sell,,65000.54,1653898000,BTC-USDT,TimeCondition.GTC,0.001
2837957847,4194834854,0,1783610670837771778,201,order_input,benchmark,mock,InstrumentType.Spot,5551468688638542668,OrderType.Limit,Direction.Long,65000.35,996691328,False,Side.Buy,,65000.35,1653898000,BTC-USDT,TimeCondition.GTC,0.001
2837957847,4194834854,0,1783610670838083312,201,order_input,benchmark,mock,InstrumentType.Spot,5551468688638542669,OrderType.Limit,Direction.Long,65000.56,996692864,False,Side.Sell,,65000.56,1653898000,BTC-USDT,TimeCondition.GTC,0.001
2837957847,4194834854,0,1783610670838318835,201,order_input,benchmark,mock,InstrumentType.Spot,5551468688638542670,OrderType.Limit,Direction.Long,65000.37,996694400,False,Side.Buy,,65000.37,1653898000,BTC-USDT,TimeCondition.GTC,0.001
2837957847,4194834854,0,1783610670838726187,201,order_input,benchmark,mock,InstrumentType.Spot,5551468688638542671,OrderType.Limit,Direction.Long,65000.58,996695936,False,Side.Sell,,65000.58,1653898000,BTC-USDT,TimeCondition.GTC,0.001
2837957847,4194834854,0,1783610670838982627,201,order_input,benchmark,mock,InstrumentType.Spot,5551468688638542672,OrderType.Limit,Direction.Long,65000.39,996697472,False,Side.Buy,,65000.39,1653898000,BTC-USDT,TimeCondition.GTC,0.001
2837957847,4194834854,0,1783610670839294319,201,order_input,benchmark,mock,InstrumentType.Spot,5551468688638542673,OrderType.Limit,Direction.Long,65000.6,996699008,False,Side.Sell,,65000.6,1653898000,BTC-USDT,TimeCondition.GTC,0.001
2837957847,4194834854,0,1783610670839657786,201,order_input,benchmark,mock,InstrumentType.Spot,5551468688638542674,OrderType.Limit,Direction.Long,65000.41,996700544,False,Side.Buy,,65000.41,1653898000,BTC-USDT,TimeCondition.GTC,0.001
2837957847,4194834854,0,1783610670839932566,201,order_input,benchmark,mock,InstrumentType.Spot,5551468688638542675,OrderType.Limit,Direction.Long,65000.619999999995,996702080,False,Side.Sell,,65000.619999999995,1653898000,BTC-USDT,TimeCondition.GTC,0.001
2837957847,4194834854,0,1783610670840124729,201,order_input,benchmark,mock,InstrumentType.Spot,5551468688638542676,OrderType.Limit,Direction.Long,65000.43,996703616,False,Side.Buy,,65000.43,1653898000,BTC-USDT,TimeCondition.GTC,0.001
2837957847,4194834854,0,1783610670840521679,201,order_input,benchmark,mock,InstrumentType.Spot,5551468688638542677,OrderType.Limit,Direction.Long,65000.64,996705152,False,Side.Sell,,65000.64,1653898000,BTC-USDT,TimeCondition.GTC,0.001
2837957847,4194834854,0,1783610670840774656,201,order_input,benchmark,mock,InstrumentType.Spot,5551468688638542678,OrderType.Limit,Direction.Long,65000.450000000004,996706688,False,Side.Buy,,65000.450000000004,1653898000,BTC-USDT,TimeCondition.GTC,0.001
2837957847,4194834854,0,1783610670841154624,201,order_input,benchmark,mock,InstrumentType.Spot,5551468688638542679,OrderType.Limit,Direction.Long,65000.659999999996,996708224,False,Side.Sell,,65000.659999999996,1653898000,BTC-USDT,TimeCondition.GTC,0.001
2837957847,4194834854,0,1783610670841775142,201,order_input,benchmark,mock,InstrumentType.Spot,5551468688638542680,OrderType.Limit,Direction.Long,65000.47,996709760,False,Side.Buy,,65000.47,1653898000,BTC-USDT,TimeCondition.GTC,0.001
2837957847,4194834854,0,1783610670841797878,201,order_input,benchmark,mock,InstrumentType.Spot,5551468688638542681,OrderType.Limit,Direction.Long,65000.68,996711264,False,Side.Sell,,65000.68,1653898000,BTC-USDT,TimeCondition.GTC,0.001
2837957847,4194834854,0,1783610670841980661,201,order_input,benchmark,mock,InstrumentType.Spot,5551468688638542682,OrderType.Limit,Direction.Long,65000.49,996712832,False,Side.Buy,,65000.49,1653898000,BTC-USDT,TimeCondition.GTC,0.001
2837957847,4194834854,0,1783610670842242838,201,order_input,benchmark,mock,InstrumentType.Spot,5551468688638542683,OrderType.Limit,Direction.Long,65000.7,996714368,False,Side.Sell,,65000.7,1653898000,BTC-USDT,TimeCondition.GTC,0.001
2837957847,4194834854,0,1783610670842504551,201,order_input,benchmark,mock,InstrumentType.Spot,5551468688638542684,OrderType.Limit,Direction.Long,65000.51,996715904,False,Side.Buy,,65000.51,1653898000,BTC-USDT,TimeCondition.GTC,0.001
2837957847,4194834854,0,1783610670842898151,201,order_input,benchmark,mock,InstrumentType.Spot,5551468688638542685,OrderType.Limit,Direction.Long,65000.72,996563040,False,Side.Sell,,65000.72,1653898000,BTC-USDT,TimeCondition.GTC,0.001
2837957847,4194834854,0,1783610670843158970,201,order_input,benchmark,mock,InstrumentType.Spot,5551468688638542686,OrderType.Limit,Direction.Long,65000.53,996564576,False,Side.Buy,,65000.53,1653898000,BTC-USDT,TimeCondition.GTC,0.001
2837957847,4194834854,0,1783610670843484170,201,order_input,benchmark,mock,InstrumentType.Spot,5551468688638542687,OrderType.Limit,Direction.Long,65000.74,996566112,False,Side.Sell,,65000.74,1653898000,BTC-USDT,TimeCondition.GTC,0.001
2837957847,4194834854,0,1783610670843780579,201,order_input,benchmark,mock,InstrumentType.Spot,5551468688638542688,OrderType.Limit,Direction.Long,65000.55,996567648,False,Side.Buy,,65000.55,1653898000,BTC-USDT,TimeCondition.GTC,0.001
2837957847,4194834854,0,1783610670844087277,201,order_input,benchmark,mock,InstrumentType.Spot,5551468688638542689,OrderType.Limit,Direction.Long,65000.76,996569184,False,Side.Sell,,65000.76,1653898000,BTC-USDT,TimeCondition.GTC,0.001
2837957847,4194834854,0,1783610670844385837,201,order_input,benchmark,mock,InstrumentType.Spot,5551468688638542690,OrderType.Limit,Direction.Long,65000.57,996726016,False,Side.Buy,,65000.57,1653898000,BTC-USDT,TimeCondition.GTC,0.001
2837957847,4194834854,0,1783610670844689313,201,order_input,benchmark,mock,InstrumentType.Spot,5551468688638542691,OrderType.Limit,Direction.Long,65000.78,996727552,False,Side.Sell,,65000.78,1653898000,BTC-USDT,TimeCondition.GTC,0.001
2837957847,4194834854,0,1783610670845011206,201,order_input,benchmark,mock,InstrumentType.Spot,5551468688638542692,OrderType.Limit,Direction.Long,65000.590000000004,996729088,False,Side.Buy,,65000.590000000004,1653898000,BTC-USDT,TimeCondition.GTC,0.001
2837957847,4194834854,0,1783610670845283755,201,order_input,benchmark,mock,InstrumentType.Spot,5551468688638542693,OrderType.Limit,Direction.Long,65000.799999999996,996730624,False,Side.Sell,,65000.799999999996,1653898000,BTC-USDT,TimeCondition.GTC,0.001
2837957847,4194834854,0,1783610670845611494,201,order_input,benchmark,mock,InstrumentType.Spot,5551468688638542694,OrderType.Limit,Direction.Long,65000.61,996732160,False,Side.Buy,,65000.61,1653898000,BTC-USDT,TimeCondition.GTC,0.001
2837957847,4194834854,0,1783610670845864828,201,order_input,benchmark,mock,InstrumentType.Spot,5551468688638542695,OrderType.Limit,Direction.Long,65000.82,996733696,False,Side.Sell,,65000.82,1653898000,BTC-USDT,TimeCondition.GTC,0.001
2837957847,4194834854,0,1783610670846110178,201,order_input,benchmark,mock,InstrumentType.Spot,5551468688638542696,OrderType.Limit,Direction.Long,65000.630000000005,996735232,False,Side.Buy,,65000.630000000005,1653898000,BTC-USDT,TimeCondition.GTC,0.001
2837957847,4194834854,0,1783610670846478571,201,order_input,benchmark,mock,InstrumentType.Spot,5551468688638542697,OrderType.Limit,Direction.Long,65000.84,996736768,False,Side.Sell,,65000.84,1653898000,BTC-USDT,TimeCondition.GTC,0.001
2837957847,4194834854,0,1783610670846779329,201,order_input,benchmark,mock,InstrumentType.Spot,5551468688638542698,OrderType.Limit,Direction.Long,65000.65,996738304,False,Side.Buy,,65000.65,1653898000,BTC-USDT,TimeCondition.GTC,0.001
2837957847,4194834854,0,1783610670847093313,201,order_input,benchmark,mock,InstrumentType.Spot,5551468688638542699,OrderType.Limit,Direction.Long,65000.86,996739840,False,Side.Sell,,65000.86,1653898000,BTC-USDT,TimeCondition.GTC,0.001
2837957847,4194834854,0,1783610670847381253,201,order_input,benchmark,mock,InstrumentType.Spot,5551468688638542700,OrderType.Limit,Direction.Long,65000.67,996741376,False,Side.Buy,,65000.67,1653898000,BTC-USDT,TimeCondition.GTC,0.001
2837957847,4194834854,0,1783610670847679897,201,order_input,benchmark,mock,InstrumentType.Spot,5551468688638542701,OrderType.Limit,Direction.Long,65000.88,996742912,False,Side.Sell,,65000.88,1653898000,BTC-USDT,TimeCondition.GTC,0.001
2837957847,4194834854,0,1783610670847986210,201,order_input,benchmark,mock,InstrumentType.Spot,5551468688638542702,OrderType.Limit,Direction.Long,65000.69,996744448,False,Side.Buy,,65000.69,1653898000,BTC-USDT,TimeCondition.GTC,0.001
2837957847,4194834854,0,1783610670848279619,201,order_input,benchmark,mock,InstrumentType.Spot,5551468688638542703,OrderType.Limit,Direction.Long,65000.9,996745984,False,Side.Sell,,65000.9,1653898000,BTC-USDT,TimeCondition.GTC,0.001
2837957847,4194834854,0,1783610670848571943,201,order_input,benchmark,mock,InstrumentType.Spot,5551468688638542704,OrderType.Limit,Direction.Long,65000.71,996747520,False,Side.Buy,,65000.71,1653898000,BTC-USDT,TimeCondition.GTC,0.001
2837957847,4194834854,0,1783610670848877728,201,order_input,benchmark,mock,InstrumentType.Spot,5551468688638542705,OrderType.Limit,Direction.Long,65000.92,996749056,False,Side.Sell,,65000.92,1653898000,BTC-USDT,TimeCondition.GTC,0.001
2837957847,4194834854,0,1783610670849183088,201,order_input,benchmark,mock,InstrumentType.Spot,5551468688638542706,OrderType.Limit,Direction.Long,65000.73,996750592,False,Side.Buy,,65000.73,1653898000,BTC-USDT,TimeCondition.GTC,0.001
2837957847,4194834854,0,1783610670849661473,201,order_input,benchmark,mock,InstrumentType.Spot,5551468688638542707,OrderType.Limit,Direction.Long,65000.939999999995,996752128,False,Side.Sell,,65000.939999999995,1653898000,BTC-USDT,TimeCondition.GTC,0.001
2837957847,4194834854,0,1783610670849764735,201,order_input,benchmark,mock,InstrumentType.Spot,5551468688638542708,OrderType.Limit,Direction.Long,65000.75,996753664,False,Side.Buy,,65000.75,1653898000,BTC-USDT,TimeCondition.GTC,0.001
2837957847,4194834854,0,1783610670850025133,201,order_input,benchmark,mock,InstrumentType.Spot,5551468688638542709,OrderType.Limit,Direction.Long,65000.96,996755200,False,Side.Sell,,65000.96,1653898000,BTC-USDT,TimeCondition.GTC,0.001
2837957847,4194834854,0,1783610670850382012,201,order_input,benchmark,mock,InstrumentType.Spot,5551468688638542710,OrderType.Limit,Direction.Long,65000.770000000004,996756736,False,Side.Buy,,65000.770000000004,1653898000,BTC-USDT,TimeCondition.GTC,0.001
2837957847,4194834854,0,1783610670850687655,201,order_input,benchmark,mock,InstrumentType.Spot,5551468688638542711,OrderType.Limit,Direction.Long,65000.979999999996,996758272,False,Side.Sell,,65000.979999999996,1653898000,BTC-USDT,TimeCondition.GTC,0.001
2837957847,4194834854,0,1783610670850979259,201,order_input,benchmark,mock,InstrumentType.Spot,5551468688638542712,OrderType.Limit,Direction.Long,65000.79,996759808,False,Side.Buy,,65000.79,1653898000,BTC-USDT,TimeCondition.GTC,0.001
2837957847,4194834854,0,1783610670851355886,201,order_input,benchmark,mock,InstrumentType.Spot,5551468688638542713,OrderType.Limit,Direction.Long,65001.0,996761344,False,Side.Sell,,65001.0,1653898000,BTC-USDT,TimeCondition.GTC,0.001
2837957847,4194834854,0,1783610670851506065,201,order_input,benchmark,mock,InstrumentType.Spot,5551468688638542714,OrderType.Limit,Direction.Long,65000.810000000005,996762880,False,Side.Buy,,65000.810000000005,1653898000,BTC-USDT,TimeCondition.GTC,0.001
2837957847,4194834854,0,1783610670851878278,201,order_input,benchmark,mock,InstrumentType.Spot,5551468688638542715,OrderType.Limit,Direction.Long,65001.02,996764416,False,Side.Sell,,65001.02,1653898000,BTC-USDT,TimeCondition.GTC,0.001
2837957847,4194834854,0,1783610670852180775,201,order_input,benchmark,mock,InstrumentType.Spot,5551468688638542716,OrderType.Limit,Direction.Long,65000.83,996765952,False,Side.Buy,,65000.83,1653898000,BTC-USDT,TimeCondition.GTC,0.001
2837957847,4194834854,0,1783610670852486101,201,order_input,benchmark,mock,InstrumentType.Spot,5551468688638542717,OrderType.Limit,Direction.Long,65001.04,996767488,False,Side.Sell,,65001.04,1653898000,BTC-USDT,TimeCondition.GTC,0.001
2837957847,4194834854,0,1783610670852805654,201,order_input,benchmark,mock,InstrumentType.Spot,5551468688638542718,OrderType.Limit,Direction.Long,65000.85,996769024,False,Side.Buy,,65000.85,1653898000,BTC-USDT,TimeCondition.GTC,0.001
2837957847,4194834854,0,1783610670853074657,201,order_input,benchmark,mock,InstrumentType.Spot,5551468688638542719,OrderType.Limit,Direction.Long,65001.06,996770560,False,Side.Sell,,65001.06,1653898000,BTC-USDT,TimeCondition.GTC,0.001
2837957847,4194834854,0,1783610670853300843,201,order_input,benchmark,mock,InstrumentType.Spot,5551468688638542720,OrderType.Limit,Direction.Long,65000.87,996772096,False,Side.Buy,,65000.87,1653898000,BTC-USDT,TimeCondition.GTC,0.001
2837957847,4194834854,0,1783610670853702752,201,order_input,benchmark,mock,InstrumentType.Spot,5551468688638542721,OrderType.Limit,Direction.Long,65001.08,996773632,False,Side.Sell,,65001.08,1653898000,BTC-USDT,TimeCondition.GTC,0.001
2837957847,4194834854,0,1783610670854298814,201,order_input,benchmark,mock,InstrumentType.Spot,5551468688638542722,OrderType.Limit,Direction.Long,65000.89,996775168,False,Side.Buy,,65000.89,1653898000,BTC-USDT,TimeCondition.GTC,0.001
2837957847,4194834854,0,1783610670854322820,201,order_input,benchmark,mock,InstrumentType.Spot,5551468688638542723,OrderType.Limit,Direction.Long,65000.1,996776704,False,Side.Sell,,65000.1,1653898000,BTC-USDT,TimeCondition.GTC,0.001
2837957847,4194834854,0,1783610670854543042,201,order_input,benchmark,mock,InstrumentType.Spot,5551468688638542724,OrderType.Limit,Direction.Long,64999.91,996778240,False,Side.Buy,,64999.91,1653898000,BTC-USDT,TimeCondition.GTC,0.001
2837957847,4194834854,0,1783610670854812951,201,order_input,benchmark,mock,InstrumentType.Spot,5551468688638542725,OrderType.Limit,Direction.Long,65000.119999999995,996779776,False,Side.Sell,,65000.119999999995,1653898000,BTC-USDT,TimeCondition.GTC,0.001
2837957847,4194834854,0,1783610670855185376,201,order_input,benchmark,mock,InstrumentType.Spot,5551468688638542726,OrderType.Limit,Direction.Long,64999.93,996781312,False,Side.Buy,,64999.93,1653898000,BTC-USDT,TimeCondition.GTC,0.001
2837957847,4194834854,0,1783610670855479765,201,order_input,benchmark,mock,InstrumentType.Spot,5551468688638542727,OrderType.Limit,Direction.Long,65000.14,996782848,False,Side.Sell,,65000.14,1653898000,BTC-USDT,TimeCondition.GTC,0.001
2837957847,4194834854,0,1783610670855778070,201,order_input,benchmark,mock,InstrumentType.Spot,5551468688638542728,OrderType.Limit,Direction.Long,64999.950000000004,996784384,False,Side.Buy,,64999.950000000004,1653898000,BTC-USDT,TimeCondition.GTC,0.001
2837957847,4194834854,0,1783610670856086267,201,order_input,benchmark,mock,InstrumentType.Spot,5551468688638542729,OrderType.Limit,Direction.Long,65000.159999999996,996785920,False,Side.Sell,,65000.159999999996,1653898000,BTC-USDT,TimeCondition.GTC,0.001
2837957847,4194834854,0,1783610670856390478,201,order_input,benchmark,mock,InstrumentType.Spot,5551468688638542730,OrderType.Limit,Direction.Long,64999.97,996787456,False,Side.Buy,,64999.97,1653898000,BTC-USDT,TimeCondition.GTC,0.001
2837957847,4194834854,0,1783610670856678314,201,order_input,benchmark,mock,InstrumentType.Spot,5551468688638542731,OrderType.Limit,Direction.Long,65000.18,996788992,False,Side.Sell,,65000.18,1653898000,BTC-USDT,TimeCondition.GTC,0.001
2837957847,4194834854,0,1783610670856978693,201,order_input,benchmark,mock,InstrumentType.Spot,5551468688638542732,OrderType.Limit,Direction.Long,64999.99,996790528,False,Side.Buy,,64999.99,1653898000,BTC-USDT,TimeCondition.GTC,0.001
2837957847,4194834854,0,1783610670857280893,201,order_input,benchmark,mock,InstrumentType.Spot,5551468688638542733,OrderType.Limit,Direction.Long,65000.2,996792064,False,Side.Sell,,65000.2,1653898000,BTC-USDT,TimeCondition.GTC,0.001
2837957847,4194834854,0,1783610670857578157,201,order_input,benchmark,mock,InstrumentType.Spot,5551468688638542734,OrderType.Limit,Direction.Long,65000.01,996793600,False,Side.Buy,,65000.01,1653898000,BTC-USDT,TimeCondition.GTC,0.001
2837957847,4194834854,0,1783610670857876322,201,order_input,benchmark,mock,InstrumentType.Spot,5551468688638542735,OrderType.Limit,Direction.Long,65000.22,996795136,False,Side.Sell,,65000.22,1653898000,BTC-USDT,TimeCondition.GTC,0.001
2837957847,4194834854,0,1783610670858178285,201,order_input,benchmark,mock,InstrumentType.Spot,5551468688638542736,OrderType.Limit,Direction.Long,65000.03,996796672,False,Side.Buy,,65000.03,1653898000,BTC-USDT,TimeCondition.GTC,0.001
2837957847,4194834854,0,1783610670858479812,201,order_input,benchmark,mock,InstrumentType.Spot,5551468688638542737,OrderType.Limit,Direction.Long,65000.24,996798208,False,Side.Sell,,65000.24,1653898000,BTC-USDT,TimeCondition.GTC,0.001
2837957847,4194834854,0,1783610670858775767,201,order_input,benchmark,mock,InstrumentType.Spot,5551468688638542738,OrderType.Limit,Direction.Long,65000.05,996799744,False,Side.Buy,,65000.05,1653898000,BTC-USDT,TimeCondition.GTC,0.001
2837957847,4194834854,0,1783610670859089981,201,order_input,benchmark,mock,InstrumentType.Spot,5551468688638542739,OrderType.Limit,Direction.Long,65000.26,996801280,False,Side.Sell,,65000.26,1653898000,BTC-USDT,TimeCondition.GTC,0.001
2837957847,4194834854,0,1783610670859457489,201,order_input,benchmark,mock,InstrumentType.Spot,5551468688638542740,OrderType.Limit,Direction.Long,65000.07,996802816,False,Side.Buy,,65000.07,1653898000,BTC-USDT,TimeCondition.GTC,0.001
2837957847,4194834854,0,1783610670859688288,201,order_input,benchmark,mock,InstrumentType.Spot,5551468688638542741,OrderType.Limit,Direction.Long,65000.28,996804352,False,Side.Sell,,65000.28,1653898000,BTC-USDT,TimeCondition.GTC,0.001
2837957847,4194834854,0,1783610670859978353,201,order_input,benchmark,mock,InstrumentType.Spot,5551468688638542742,OrderType.Limit,Direction.Long,65000.090000000004,996805888,False,Side.Buy,,65000.090000000004,1653898000,BTC-USDT,TimeCondition.GTC,0.001
2837957847,4194834854,0,1783610670860279994,201,order_input,benchmark,mock,InstrumentType.Spot,5551468688638542743,OrderType.Limit,Direction.Long,65000.299999999996,996807424,False,Side.Sell,,65000.299999999996,1653898000,BTC-USDT,TimeCondition.GTC,0.001
2837957847,4194834854,0,1783610670860742670,201,order_input,benchmark,mock,InstrumentType.Spot,5551468688638542744,OrderType.Limit,Direction.Long,65000.11,996808960,False,Side.Buy,,65000.11,1653898000,BTC-USDT,TimeCondition.GTC,0.001
2837957847,4194834854,0,1783610670860832462,201,order_input,benchmark,mock,InstrumentType.Spot,5551468688638542745,OrderType.Limit,Direction.Long,65000.32,996810496,False,Side.Sell,,65000.32,1653898000,BTC-USDT,TimeCondition.GTC,0.001
2837957847,4194834854,0,1783610670861165764,201,order_input,benchmark,mock,InstrumentType.Spot,5551468688638542746,OrderType.Limit,Direction.Long,65000.130000000005,996812032,False,Side.Buy,,65000.130000000005,1653898000,BTC-USDT,TimeCondition.GTC,0.001
2837957847,4194834854,0,1783610670861489397,201,order_input,benchmark,mock,InstrumentType.Spot,5551468688638542747,OrderType.Limit,Direction.Long,65000.34,996813568,False,Side.Sell,,65000.34,1653898000,BTC-USDT,TimeCondition.GTC,0.001
2837957847,4194834854,0,1783610670861776405,201,order_input,benchmark,mock,InstrumentType.Spot,5551468688638542748,OrderType.Limit,Direction.Long,65000.15,996815104,False,Side.Buy,,65000.15,1653898000,BTC-USDT,TimeCondition.GTC,0.001
2837957847,4194834854,0,1783610670862090929,201,order_input,benchmark,mock,InstrumentType.Spot,5551468688638542749,OrderType.Limit,Direction.Long,65000.36,996816640,False,Side.Sell,,65000.36,1653898000,BTC-USDT,TimeCondition.GTC,0.001
2837957847,4194834854,0,1783610670862373345,201,order_input,benchmark,mock,InstrumentType.Spot,5551468688638542750,OrderType.Limit,Direction.Long,65000.17,996818176,False,Side.Buy,,65000.17,1653898000,BTC-USDT,TimeCondition.GTC,0.001
2837957847,4194834854,0,1783610670862672835,201,order_input,benchmark,mock,InstrumentType.Spot,5551468688638542751,OrderType.Limit,Direction.Long,65000.38,996819712,False,Side.Sell,,65000.38,1653898000,BTC-USDT,TimeCondition.GTC,0.001
2837957847,4194834854,0,1783610670862972853,201,order_input,benchmark,mock,InstrumentType.Spot,5551468688638542752,OrderType.Limit,Direction.Long,65000.19,996821248,False,Side.Buy,,65000.19,1653898000,BTC-USDT,TimeCondition.GTC,0.001
2837957847,4194834854,0,1783610670863271078,201,order_input,benchmark,mock,InstrumentType.Spot,5551468688638542753,OrderType.Limit,Direction.Long,65000.4,996822784,False,Side.Sell,,65000.4,1653898000,BTC-USDT,TimeCondition.GTC,0.001
2837957847,4194834854,0,1783610670863572421,201,order_input,benchmark,mock,InstrumentType.Spot,5551468688638542754,OrderType.Limit,Direction.Long,65000.21,996824320,False,Side.Buy,,65000.21,1653898000,BTC-USDT,TimeCondition.GTC,0.001
2837957847,4194834854,0,1783610670863872857,201,order_input,benchmark,mock,InstrumentType.Spot,5551468688638542755,OrderType.Limit,Direction.Long,65000.42,996825856,False,Side.Sell,,65000.42,1653898000,BTC-USDT,TimeCondition.GTC,0.001
2837957847,4194834854,0,1783610670864172851,201,order_input,benchmark,mock,InstrumentType.Spot,5551468688638542756,OrderType.Limit,Direction.Long,65000.23,996827392,False,Side.Buy,,65000.23,1653898000,BTC-USDT,TimeCondition.GTC,0.001
2837957847,4194834854,0,1783610670864471452,201,order_input,benchmark,mock,InstrumentType.Spot,5551468688638542757,OrderType.Limit,Direction.Long,65000.439999999995,996828928,False,Side.Sell,,65000.439999999995,1653898000,BTC-USDT,TimeCondition.GTC,0.001
2837957847,4194834854,0,1783610670864773175,201,order_input,benchmark,mock,InstrumentType.Spot,5551468688638542758,OrderType.Limit,Direction.Long,65000.25,996830464,False,Side.Buy,,65000.25,1653898000,BTC-USDT,TimeCondition.GTC,0.001
2837957847,4194834854,0,1783610670865087829,201,order_input,benchmark,mock,InstrumentType.Spot,5551468688638542759,OrderType.Limit,Direction.Long,65000.46,996832000,False,Side.Sell,,65000.46,1653898000,BTC-USDT,TimeCondition.GTC,0.001
2837957847,4194834854,0,1783610670865367659,201,order_input,benchmark,mock,InstrumentType.Spot,5551468688638542760,OrderType.Limit,Direction.Long,65000.270000000004,996833536,False,Side.Buy,,65000.270000000004,1653898000,BTC-USDT,TimeCondition.GTC,0.001
2837957847,4194834854,0,1783610670865673407,201,order_input,benchmark,mock,InstrumentType.Spot,5551468688638542761,OrderType.Limit,Direction.Long,65000.479999999996,996835072,False,Side.Sell,,65000.479999999996,1653898000,BTC-USDT,TimeCondition.GTC,0.001
2837957847,4194834854,0,1783610670865973584,201,order_input,benchmark,mock,InstrumentType.Spot,5551468688638542762,OrderType.Limit,Direction.Long,65000.29,996836608,False,Side.Buy,,65000.29,1653898000,BTC-USDT,TimeCondition.GTC,0.001
2837957847,4194834854,0,1783610670866272655,201,order_input,benchmark,mock,InstrumentType.Spot,5551468688638542763,OrderType.Limit,Direction.Long,65000.5,996838144,False,Side.Sell,,65000.5,1653898000,BTC-USDT,TimeCondition.GTC,0.001
2837957847,4194834854,0,1783610670866571732,201,order_input,benchmark,mock,InstrumentType.Spot,5551468688638542764,OrderType.Limit,Direction.Long,65000.310000000005,996839680,False,Side.Buy,,65000.310000000005,1653898000,BTC-USDT,TimeCondition.GTC,0.001
2837957847,4194834854,0,1783610670866882531,201,order_input,benchmark,mock,InstrumentType.Spot,5551468688638542765,OrderType.Limit,Direction.Long,65000.52,996841216,False,Side.Sell,,65000.52,1653898000,BTC-USDT,TimeCondition.GTC,0.001
2837957847,4194834854,0,1783610670867113478,201,order_input,benchmark,mock,InstrumentType.Spot,5551468688638542766,OrderType.Limit,Direction.Long,65000.33,996842752,False,Side.Buy,,65000.33,1653898000,BTC-USDT,TimeCondition.GTC,0.001
2837957847,4194834854,0,1783610670867481490,201,order_input,benchmark,mock,InstrumentType.Spot,5551468688638542767,OrderType.Limit,Direction.Long,65000.54,996844288,False,Side.Sell,,65000.54,1653898000,BTC-USDT,TimeCondition.GTC,0.001
2837957847,4194834854,0,1783610670867789770,201,order_input,benchmark,mock,InstrumentType.Spot,5551468688638542768,OrderType.Limit,Direction.Long,65000.35,996845824,False,Side.Buy,,65000.35,1653898000,BTC-USDT,TimeCondition.GTC,0.001
2837957847,4194834854,0,1783610670868082685,201,order_input,benchmark,mock,InstrumentType.Spot,5551468688638542769,OrderType.Limit,Direction.Long,65000.56,996847360,False,Side.Sell,,65000.56,1653898000,BTC-USDT,TimeCondition.GTC,0.001
2837957847,4194834854,0,1783610670868378241,201,order_input,benchmark,mock,InstrumentType.Spot,5551468688638542770,OrderType.Limit,Direction.Long,65000.37,996848896,False,Side.Buy,,65000.37,1653898000,BTC-USDT,TimeCondition.GTC,0.001
2837957847,4194834854,0,1783610670868677849,201,order_input,benchmark,mock,InstrumentType.Spot,5551468688638542771,OrderType.Limit,Direction.Long,65000.58,996850432,False,Side.Sell,,65000.58,1653898000,BTC-USDT,TimeCondition.GTC,0.001
2837957847,4194834854,0,1783610670868981070,201,order_input,benchmark,mock,InstrumentType.Spot,5551468688638542772,OrderType.Limit,Direction.Long,65000.39,996851968,False,Side.Buy,,65000.39,1653898000,BTC-USDT,TimeCondition.GTC,0.001
2837957847,4194834854,0,1783610670869278217,201,order_input,benchmark,mock,InstrumentType.Spot,5551468688638542773,OrderType.Limit,Direction.Long,65000.6,996853504,False,Side.Sell,,65000.6,1653898000,BTC-USDT,TimeCondition.GTC,0.001
2837957847,4194834854,0,1783610670869578998,201,order_input,benchmark,mock,InstrumentType.Spot,5551468688638542774,OrderType.Limit,Direction.Long,65000.41,996855040,False,Side.Buy,,65000.41,1653898000,BTC-USDT,TimeCondition.GTC,0.001
2837957847,4194834854,0,1783610670869878885,201,order_input,benchmark,mock,InstrumentType.Spot,5551468688638542775,OrderType.Limit,Direction.Long,65000.619999999995,996856576,False,Side.Sell,,65000.619999999995,1653898000,BTC-USDT,TimeCondition.GTC,0.001
2837957847,4194834854,0,1783610670870177996,201,order_input,benchmark,mock,InstrumentType.Spot,5551468688638542776,OrderType.Limit,Direction.Long,65000.43,996858112,False,Side.Buy,,65000.43,1653898000,BTC-USDT,TimeCondition.GTC,0.001
2837957847,4194834854,0,1783610670870476394,201,order_input,benchmark,mock,InstrumentType.Spot,5551468688638542777,OrderType.Limit,Direction.Long,65000.64,996859648,False,Side.Sell,,65000.64,1653898000,BTC-USDT,TimeCondition.GTC,0.001
2837957847,4194834854,0,1783610670870783349,201,order_input,benchmark,mock,InstrumentType.Spot,5551468688638542778,OrderType.Limit,Direction.Long,65000.450000000004,996861184,False,Side.Buy,,65000.450000000004,1653898000,BTC-USDT,TimeCondition.GTC,0.001
2837957847,4194834854,0,1783610670871095711,201,order_input,benchmark,mock,InstrumentType.Spot,5551468688638542779,OrderType.Limit,Direction.Long,65000.659999999996,996862720,False,Side.Sell,,65000.659999999996,1653898000,BTC-USDT,TimeCondition.GTC,0.001
2837957847,4194834854,0,1783610670871401675,201,order_input,benchmark,mock,InstrumentType.Spot,5551468688638542780,OrderType.Limit,Direction.Long,65000.47,996864256,False,Side.Buy,,65000.47,1653898000,BTC-USDT,TimeCondition.GTC,0.001
2837957847,4194834854,0,1783610670871667891,201,order_input,benchmark,mock,InstrumentType.Spot,5551468688638542781,OrderType.Limit,Direction.Long,65000.68,996865792,False,Side.Sell,,65000.68,1653898000,BTC-USDT,TimeCondition.GTC,0.001
2837957847,4194834854,0,1783610670871981037,201,order_input,benchmark,mock,InstrumentType.Spot,5551468688638542782,OrderType.Limit,Direction.Long,65000.49,996867328,False,Side.Buy,,65000.49,1653898000,BTC-USDT,TimeCondition.GTC,0.001
2837957847,4194834854,0,1783610670872278227,201,order_input,benchmark,mock,InstrumentType.Spot,5551468688638542783,OrderType.Limit,Direction.Long,65000.7,996868864,False,Side.Sell,,65000.7,1653898000,BTC-USDT,TimeCondition.GTC,0.001
2837957847,4194834854,0,1783610670872580829,201,order_input,benchmark,mock,InstrumentType.Spot,5551468688638542784,OrderType.Limit,Direction.Long,65000.51,996870400,False,Side.Buy,,65000.51,1653898000,BTC-USDT,TimeCondition.GTC,0.001
2837957847,4194834854,0,1783610670872897054,201,order_input,benchmark,mock,InstrumentType.Spot,5551468688638542785,OrderType.Limit,Direction.Long,65000.72,996871936,False,Side.Sell,,65000.72,1653898000,BTC-USDT,TimeCondition.GTC,0.001
2837957847,4194834854,0,1783610670873279604,201,order_input,benchmark,mock,InstrumentType.Spot,5551468688638542786,OrderType.Limit,Direction.Long,65000.53,996873472,False,Side.Buy,,65000.53,1653898000,BTC-USDT,TimeCondition.GTC,0.001
2837957847,4194834854,0,1783610670873509708,201,order_input,benchmark,mock,InstrumentType.Spot,5551468688638542787,OrderType.Limit,Direction.Long,65000.74,996875008,False,Side.Sell,,65000.74,1653898000,BTC-USDT,TimeCondition.GTC,0.001
2837957847,4194834854,0,1783610670873832651,201,order_input,benchmark,mock,InstrumentType.Spot,5551468688638542788,OrderType.Limit,Direction.Long,65000.55,996876544,False,Side.Buy,,65000.55,1653898000,BTC-USDT,TimeCondition.GTC,0.001
2837957847,4194834854,0,1783610670874165324,201,order_input,benchmark,mock,InstrumentType.Spot,5551468688638542789,OrderType.Limit,Direction.Long,65000.76,996878080,False,Side.Sell,,65000.76,1653898000,BTC-USDT,TimeCondition.GTC,0.001
2837957847,4194834854,0,1783610670874593951,201,order_input,benchmark,mock,InstrumentType.Spot,5551468688638542790,OrderType.Limit,Direction.Long,65000.57,996879616,False,Side.Buy,,65000.57,1653898000,BTC-USDT,TimeCondition.GTC,0.001
2837957847,4194834854,0,1783610670874674820,201,order_input,benchmark,mock,InstrumentType.Spot,5551468688638542791,OrderType.Limit,Direction.Long,65000.78,996881120,False,Side.Sell,,65000.78,1653898000,BTC-USDT,TimeCondition.GTC,0.001
2837957847,4194834854,0,1783610670875686492,201,order_input,benchmark,mock,InstrumentType.Spot,5551468688638542792,OrderType.Limit,Direction.Long,65000.590000000004,996882688,False,Side.Buy,,65000.590000000004,1653898000,BTC-USDT,TimeCondition.GTC,0.001
2837957847,4194834854,0,1783610670875767057,201,order_input,benchmark,mock,InstrumentType.Spot,5551468688638542793,OrderType.Limit,Direction.Long,65000.799999999996,996884192,False,Side.Sell,,65000.799999999996,1653898000,BTC-USDT,TimeCondition.GTC,0.001
2837957847,4194834854,0,1783610670875827288,201,order_input,benchmark,mock,InstrumentType.Spot,5551468688638542794,OrderType.Limit,Direction.Long,65000.61,996885760,False,Side.Buy,,65000.61,1653898000,BTC-USDT,TimeCondition.GTC,0.001
2837957847,4194834854,0,1783610670875885548,201,order_input,benchmark,mock,InstrumentType.Spot,5551468688638542795,OrderType.Limit,Direction.Long,65000.82,996887296,False,Side.Sell,,65000.82,1653898000,BTC-USDT,TimeCondition.GTC,0.001
2837957847,4194834854,0,1783610670876134761,201,order_input,benchmark,mock,InstrumentType.Spot,5551468688638542796,OrderType.Limit,Direction.Long,65000.630000000005,996888832,False,Side.Buy,,65000.630000000005,1653898000,BTC-USDT,TimeCondition.GTC,0.001
2837957847,4194834854,0,1783610670876639181,201,order_input,benchmark,mock,InstrumentType.Spot,5551468688638542797,OrderType.Limit,Direction.Long,65000.84,996717440,False,Side.Sell,,65000.84,1653898000,BTC-USDT,TimeCondition.GTC,0.001
2837957847,4194834854,0,1783610670876788454,201,order_input,benchmark,mock,InstrumentType.Spot,5551468688638542798,OrderType.Limit,Direction.Long,65000.65,996718976,False,Side.Buy,,65000.65,1653898000,BTC-USDT,TimeCondition.GTC,0.001
2837957847,4194834854,0,1783610670877137431,201,order_input,benchmark,mock,InstrumentType.Spot,5551468688638542799,OrderType.Limit,Direction.Long,65000.86,996720512,False,Side.Sell,,65000.86,1653898000,BTC-USDT,TimeCondition.GTC,0.001
2837957847,4194834854,0,1783610670877406009,201,order_input,benchmark,mock,InstrumentType.Spot,5551468688638542800,OrderType.Limit,Direction.Long,65000.67,996722048,False,Side.Buy,,65000.67,1653898000,BTC-USDT,TimeCondition.GTC,0.001
2837957847,4194834854,0,1783610670877779816,201,order_input,benchmark,mock,InstrumentType.Spot,5551468688638542801,OrderType.Limit,Direction.Long,65000.88,996723584,False,Side.Sell,,65000.88,1653898000,BTC-USDT,TimeCondition.GTC,0.001
2837957847,4194834854,0,1783610670877950531,201,order_input,benchmark,mock,InstrumentType.Spot,5551468688638542802,OrderType.Limit,Direction.Long,65000.69,996899152,False,Side.Buy,,65000.69,1653898000,BTC-USDT,TimeCondition.GTC,0.001
2837957847,4194834854,0,1783610670878299621,201,order_input,benchmark,mock,InstrumentType.Spot,5551468688638542803,OrderType.Limit,Direction.Long,65000.9,996900608,False,Side.Sell,,65000.9,1653898000,BTC-USDT,TimeCondition.GTC,0.001
2837957847,4194834854,0,1783610670878559542,201,order_input,benchmark,mock,InstrumentType.Spot,5551468688638542804,OrderType.Limit,Direction.Long,65000.71,996902144,False,Side.Buy,,65000.71,1653898000,BTC-USDT,TimeCondition.GTC,0.001
2837957847,4194834854,0,1783610670878884770,201,order_input,benchmark,mock,InstrumentType.Spot,5551468688638542805,OrderType.Limit,Direction.Long,65000.92,996903680,False,Side.Sell,,65000.92,1653898000,BTC-USDT,TimeCondition.GTC,0.001
2837957847,4194834854,0,1783610670879215591,201,order_input,benchmark,mock,InstrumentType.Spot,5551468688638542806,OrderType.Limit,Direction.Long,65000.73,996905216,False,Side.Buy,,65000.73,1653898000,BTC-USDT,TimeCondition.GTC,0.001
2837957847,4194834854,0,1783610670879448615,201,order_input,benchmark,mock,InstrumentType.Spot,5551468688638542807,OrderType.Limit,Direction.Long,65000.939999999995,996906752,False,Side.Sell,,65000.939999999995,1653898000,BTC-USDT,TimeCondition.GTC,0.001
2837957847,4194834854,0,1783610670879783191,201,order_input,benchmark,mock,InstrumentType.Spot,5551468688638542808,OrderType.Limit,Direction.Long,65000.75,996908288,False,Side.Buy,,65000.75,1653898000,BTC-USDT,TimeCondition.GTC,0.001
2837957847,4194834854,0,1783610670880086464,201,order_input,benchmark,mock,InstrumentType.Spot,5551468688638542809,OrderType.Limit,Direction.Long,65000.96,996909824,False,Side.Sell,,65000.96,1653898000,BTC-USDT,TimeCondition.GTC,0.001
2837957847,4194834854,0,1783610670880380981,201,order_input,benchmark,mock,InstrumentType.Spot,5551468688638542810,OrderType.Limit,Direction.Long,65000.770000000004,996911360,False,Side.Buy,,65000.770000000004,1653898000,BTC-USDT,TimeCondition.GTC,0.001
2837957847,4194834854,0,1783610670880679785,201,order_input,benchmark,mock,InstrumentType.Spot,5551468688638542811,OrderType.Limit,Direction.Long,65000.979999999996,996912896,False,Side.Sell,,65000.979999999996,1653898000,BTC-USDT,TimeCondition.GTC,0.001
2837957847,4194834854,0,1783610670881014931,201,order_input,benchmark,mock,InstrumentType.Spot,5551468688638542812,OrderType.Limit,Direction.Long,65000.79,996914432,False,Side.Buy,,65000.79,1653898000,BTC-USDT,TimeCondition.GTC,0.001
2837957847,4194834854,0,1783610670881263376,201,order_input,benchmark,mock,InstrumentType.Spot,5551468688638542813,OrderType.Limit,Direction.Long,65001.0,996915968,False,Side.Sell,,65001.0,1653898000,BTC-USDT,TimeCondition.GTC,0.001
2837957847,4194834854,0,1783610670881588659,201,order_input,benchmark,mock,InstrumentType.Spot,5551468688638542814,OrderType.Limit,Direction.Long,65000.810000000005,996917504,False,Side.Buy,,65000.810000000005,1653898000,BTC-USDT,TimeCondition.GTC,0.001
2837957847,4194834854,0,1783610670881881114,201,order_input,benchmark,mock,InstrumentType.Spot,5551468688638542815,OrderType.Limit,Direction.Long,65001.02,996919040,False,Side.Sell,,65001.02,1653898000,BTC-USDT,TimeCondition.GTC,0.001
2837957847,4194834854,0,1783610670882187636,201,order_input,benchmark,mock,InstrumentType.Spot,5551468688638542816,OrderType.Limit,Direction.Long,65000.83,996920576,False,Side.Buy,,65000.83,1653898000,BTC-USDT,TimeCondition.GTC,0.001
2837957847,4194834854,0,1783610670882477423,201,order_input,benchmark,mock,InstrumentType.Spot,5551468688638542817,OrderType.Limit,Direction.Long,65001.04,996922112,False,Side.Sell,,65001.04,1653898000,BTC-USDT,TimeCondition.GTC,0.001
2837957847,4194834854,0,1783610670882781917,201,order_input,benchmark,mock,InstrumentType.Spot,5551468688638542818,OrderType.Limit,Direction.Long,65000.85,996923648,False,Side.Buy,,65000.85,1653898000,BTC-USDT,TimeCondition.GTC,0.001
2837957847,4194834854,0,1783610670883096600,201,order_input,benchmark,mock,InstrumentType.Spot,5551468688638542819,OrderType.Limit,Direction.Long,65001.06,996925184,False,Side.Sell,,65001.06,1653898000,BTC-USDT,TimeCondition.GTC,0.001
2837957847,4194834854,0,1783610670883388171,201,order_input,benchmark,mock,InstrumentType.Spot,5551468688638542820,OrderType.Limit,Direction.Long,65000.87,996926720,False,Side.Buy,,65000.87,1653898000,BTC-USDT,TimeCondition.GTC,0.001
2837957847,4194834854,0,1783610670883686427,201,order_input,benchmark,mock,InstrumentType.Spot,5551468688638542821,OrderType.Limit,Direction.Long,65001.08,996928256,False,Side.Sell,,65001.08,1653898000,BTC-USDT,TimeCondition.GTC,0.001
2837957847,4194834854,0,1783610670884045764,201,order_input,benchmark,mock,InstrumentType.Spot,5551468688638542822,OrderType.Limit,Direction.Long,65000.89,996929792,False,Side.Buy,,65000.89,1653898000,BTC-USDT,TimeCondition.GTC,0.001
2837957847,4194834854,0,1783610670884274562,201,order_input,benchmark,mock,InstrumentType.Spot,5551468688638542823,OrderType.Limit,Direction.Long,65000.1,996931328,False,Side.Sell,,65000.1,1653898000,BTC-USDT,TimeCondition.GTC,0.001
