source,dest,trigger_time,gen_time,msg_type,msg_name,data.account_id,data.active,data.avg_price,data.close_pnl,data.error_code,data.ex_order_id,data.exchange_id,data.fee,data.fee_currency,data.insert_time,data.instrument_type,data.order_id,data.order_type,data.position_side,data.price,data.raw_address,data.side,data.source_id,data.status,data.stop_price,data.strategy_id,data.symbol,data.time_condition,data.update_time,data.volume,data.volume_left,data.volume_traded
4194834854,2837957847,1783610670585071565,1783610670585124630,203,order,benchmark,True,0.0,0.0,,,mock,0.0,,1783610670585071565,InstrumentType.Spot,5551468688638541824,OrderType.Limit,Direction.Long,64999.91,991370400,Side.Buy,,OrderStatus.Submitted,64999.91,1653898000,BTC-USDT,TimeCondition.GTC,1783610670585071565,0.001,0.001,0.0
4194834854,2837957847,1783610670585175510,1783610670585179409,203,order,benchmark,True,0.0,0.0,,,mock,0.0,,1783610670585175510,InstrumentType.Spot,5551468688638541825,OrderType.Limit,Direction.Long,65000.119999999995,989921536,Side.Sell,,OrderStatus.Submitted,65000.119999999995,1653898000,BTC-USDT,TimeCondition.GTC,1783610670585175510,0.001,0.001,0.0
4194834854,2837957847,1783610670585202810,1783610670585205524,203,order,benchmark,True,0.0,0.0,,,mock,0.0,,1783610670585202810,InstrumentType.Spot,5551468688638541826,OrderType.Limit,Direction.Long,64999.93,986272784,Side.Buy,,OrderStatus.Submitted,64999.93,1653898000,BTC-USDT,TimeCondition.GTC,1783610670585202810,0.001,0.001,0.0
4194834854,2837957847,1783610670585523637,1783610670585527847,203,order,benchmark,True,0.0,0.0,,,mock,0.0,,1783610670585523637,InstrumentType.Spot,5551468688638541827,OrderType.Limit,Direction.Long,65000.14,982973024,Side.Sell,,OrderStatus.Submitted,65000.14,1653898000,BTC-USDT,TimeCondition.GTC,1783610670585523637,0.001,0.001,0.0
4194834854,2837957847,1783610670585796580,1783610670585799690,203,order,benchmark,True,0.0,0.0,,,mock,0.0,,1783610670585796580,InstrumentType.Spot,5551468688638541828,OrderType.Limit,Direction.Long,64999.950000000004,978242768,Side.Buy,,OrderStatus.Submitted,64999.950000000004,1653898000,BTC-USDT,TimeCondition.GTC,1783610670585796580,0.001,0.001,0.0
4194834854,2837957847,1783610670586183019,1783610670586186061,203,order,benchmark,True,0.0,0.0,,,mock,0.0,,1783610670586183019,InstrumentType.Spot,5551468688638541829,OrderType.Limit,Direction.Long,65000.159999999996,979755344,Side.Sell,,OrderStatus.Submitted,65000.159999999996,1653898000,BTC-USDT,TimeCondition.GTC,1783610670586183019,0.001,0.001,0.0
4194834854,2837957847,1783610670586522649,1783610670586526518,203,order,benchmark,True,0.0,0.0,,,mock,0.0,,1783610670586522649,InstrumentType.Spot,5551468688638541830,OrderType.Limit,Direction.Long,64999.97,996941920,Side.Buy,,OrderStatus.Submitted,64999.97,1653898000,BTC-USDT,TimeCondition.GTC,1783610670586522649,0.001,0.001,0.0
4194834854,2837957847,1783610670586635443,1783610670586638564,203,order,benchmark,True,0.0,0.0,,,mock,0.0,,1783610670586635443,InstrumentType.Spot,5551468688638541831,OrderType.Limit,Direction.Long,65000.18,996943696,Side.Sell,,OrderStatus.Submitted,65000.18,1653898000,BTC-USDT,TimeCondition.GTC,1783610670586635443,0.001,0.001,0.0
4194834854,2837957847,1783610670587011702,1783610670587015685,203,order,benchmark,True,0.0,0.0,,,mock,0.0,,1783610670587011702,InstrumentType.Spot,5551468688638541832,OrderType.Limit,Direction.Long,64999.99,996945472,Side.Buy,,OrderStatus.Submitted,64999.99,1653898000,BTC-USDT,TimeCondition.GTC,1783610670587011702,0.001,0.001,0.0
4194834854,2837957847,1783610670587663401,1783610670587669297,203,order,benchmark,True,0.0,0.0,,,mock,0.0,,1783610670587663401,InstrumentType.Spot,5551468688638541833,OrderType.Limit,Direction.Long,65000.2,996947248,Side.Sell,,OrderStatus.Submitted,65000.2,1653898000,BTC-USDT,TimeCondition.GTC,1783610670587663401,0.001,0.001,0.0
4194834854,2837957847,1783610670587701760,1783610670587703994,203,order,benchmark,True,0.0,0.0,,,mock,0.0,,1783610670587701760,InstrumentType.Spot,5551468688638541834,OrderType.Limit,Direction.Long,65000.01,996949024,Side.Buy,,OrderStatus.Submitted,65000.01,1653898000,BTC-USDT,TimeCondition.GTC,1783610670587701760,0.001,0.001,0.0
4194834854,2837957847,1783610670587826534,1783610670587829942,203,order,benchmark,True,0.0,0.0,,,mock,0.0,,1783610670587826534,InstrumentType.Spot,5551468688638541835,OrderType.Limit,Direction.Long,65000.22,996950800,Side.Sell,,OrderStatus.Submitted,65000.22,1653898000,BTC-USDT,TimeCondition.GTC,1783610670587826534,0.001,0.001,0.0
4194834854,2837957847,1783610670588157671,1783610670588160571,203,order,benchmark,True,0.0,0.0,,,mock,0.0,,1783610670588157671,InstrumentType.Spot,5551468688638541836,OrderType.Limit,Direction.Long,65000.03,996952576,Side.Buy,,OrderStatus.Submitted,65000.03,1653898000,BTC-USDT,TimeCondition.GTC,1783610670588157671,0.001,0.001,0.0
4194834854,2837957847,1783610670588466184,1783610670588580772,203,order,benchmark,True,0.0,0.0,,,mock,0.0,,1783610670588466184,InstrumentType.Spot,5551468688638541837,OrderType.Limit,Direction.Long,65000.24,996954352,Side.Sell,,OrderStatus.Submitted,65000.24,1653898000,BTC-USDT,TimeCondition.GTC,1783610670588466184,0.001,0.001,0.0
4194834854,2837957847,1783610670588923668,1783610670588927986,203,order,benchmark,True,0.0,0.0,,,mock,0.0,,1783610670588923668,InstrumentType.Spot,5551468688638541838,OrderType.Limit,Direction.Long,65000.05,996956128,Side.Buy,,OrderStatus.Submitted,65000.05,1653898000,BTC-USDT,TimeCondition.GTC,1783610670588923668,0.001,0.001,0.0
4194834854,2837957847,1783610670589168026,1783610670589170806,203,order,benchmark,True,0.0,0.0,,,mock,0.0,,1783610670589168026,InstrumentType.Spot,5551468688638541839,OrderType.Limit,Direction.Long,65000.26,996957904,Side.Sell,,OrderStatus.Submitted,65000.26,1653898000,BTC-USDT,TimeCondition.GTC,1783610670589168026,0.001,0.001,0.0
4194834854,2837957847,1783610670589463255,1783610670589467427,203,order,benchmark,True,0.0,0.0,,,mock,0.0,,1783610670589463255,InstrumentType.Spot,5551468688638541840,OrderType.Limit,Direction.Long,65000.07,996959680,Side.Buy,,OrderStatus.Submitted,65000.07,1653898000,BTC-USDT,TimeCondition.GTC,1783610670589463255,0.001,0.001,0.0
4194834854,2837957847,1783610670589760197,1783610670589762730,203,order,benchmark,True,0.0,0.0,,,mock,0.0,,1783610670589760197,InstrumentType.Spot,5551468688638541841,OrderType.Limit,Direction.Long,65000.28,996961456,Side.Sell,,OrderStatus.Submitted,65000.28,1653898000,BTC-USDT,TimeCondition.GTC,1783610670589760197,0.001,0.001,0.0
4194834854,2837957847,1783610670589956559,1783610670589960453,203,order,benchmark,True,0.0,0.0,,,mock,0.0,,1783610670589956559,InstrumentType.Spot,5551468688638541842,OrderType.Limit,Direction.Long,65000.090000000004,996963232,Side.Buy,,OrderStatus.Submitted,65000.090000000004,1653898000,BTC-USDT,TimeCondition.GTC,1783610670589956559,0.001,0.001,0.0
4194834854,2837957847,1783610670590313001,1783610670590315982,203,order,benchmark,True,0.0,0.0,,,mock,0.0,,1783610670590313001,InstrumentType.Spot,5551468688638541843,OrderType.Limit,Direction.Long,65000.299999999996,996965008,Side.Sell,,OrderStatus.Submitted,65000.299999999996,1653898000,BTC-USDT,TimeCondition.GTC,1783610670590313001,0.001,0.001,0.0
4194834854,2837957847,1783610670590548083,1783610670590552411,203,order,benchmark,True,0.0,0.0,,,mock,0.0,,1783610670590548083,InstrumentType.Spot,5551468688638541844,OrderType.Limit,Direction.Long,65000.11,996966784,Side.Buy,,OrderStatus.Submitted,65000.11,1653898000,BTC-USDT,TimeCondition.GTC,1783610670590548083,0.001,0.001,0.0
4194834854,2837957847,1783610670591041533,1783610670591045963,203,order,benchmark,True,0.0,0.0,,,mock,0.0,,1783610670591041533,InstrumentType.Spot,5551468688638541845,OrderType.Limit,Direction.Long,65000.32,996968560,Side.Sell,,OrderStatus.Submitted,65000.32,1653898000,BTC-USDT,TimeCondition.GTC,1783610670591041533,0.001,0.001,0.0
4194834854,2837957847,1783610670591195275,1783610670591199379,203,order,benchmark,True,0.0,0.0,,,mock,0.0,,1783610670591195275,InstrumentType.Spot,5551468688638541846,OrderType.Limit,Direction.Long,65000.130000000005,996970336,Side.Buy,,OrderStatus.Submitted,65000.130000000005,1653898000,BTC-USDT,TimeCondition.GTC,1783610670591195275,0.001,0.001,0.0
4194834854,2837957847,1783610670591737794,1783610670591757136,203,order,benchmark,True,0.0,0.0,,,mock,0.0,,1783610670591737794,InstrumentType.Spot,5551468688638541847,OrderType.Limit,Direction.Long,65000.34,996972112,Side.Sell,,OrderStatus.Submitted,65000.34,1653898000,BTC-USDT,TimeCondition.GTC,1783610670591737794,0.001,0.001,0.0
4194834854,2837957847,1783610670591786316,1783610670591788738,203,order,benchmark,True,0.0,0.0,,,mock,0.0,,1783610670591786316,InstrumentType.Spot,5551468688638541848,OrderType.Limit,Direction.Long,65000.15,996973856,Side.Buy,,OrderStatus.Submitted,65000.15,1653898000,BTC-USDT,TimeCondition.GTC,1783610670591786316,0.001,0.001,0.0
4194834854,2837957847,1783610670592293685,1783610670592297786,203,order,benchmark,True,0.0,0.0,,,mock,0.0,,1783610670592293685,InstrumentType.Spot,5551468688638541849,OrderType.Limit,Direction.Long,65000.36,996975664,Side.Sell,,OrderStatus.Submitted,65000.36,1653898000,BTC-USDT,TimeCondition.GTC,1783610670592293685,0.001,0.001,0.0
4194834854,2837957847,1783610670592419685,1783610670592438787,203,order,benchmark,True,0.0,0.0,,,mock,0.0,,1783610670592419685,InstrumentType.Spot,5551468688638541850,OrderType.Limit,Direction.Long,65000.17,996977440,Side.Buy,,OrderStatus.Submitted,65000.17,1653898000,BTC-USDT,TimeCondition.GTC,1783610670592419685,0.001,0.001,0.0
4194834854,2837957847,1783610670592826378,1783610670592830341,203,order,benchmark,True,0.0,0.0,,,mock,0.0,,1783610670592826378,InstrumentType.Spot,5551468688638541851,OrderType.Limit,Direction.Long,65000.38,996979216,Side.Sell,,OrderStatus.Submitted,65000.38,1653898000,BTC-USDT,TimeCondition.GTC,1783610670592826378,0.001,0.001,0.0
4194834854,2837957847,1783610670593086454,1783610670593089436,203,order,benchmark,True,0.0,0.0,,,mock,0.0,,1783610670593086454,InstrumentType.Spot,5551468688638541852,OrderType.Limit,Direction.Long,65000.19,996980992,Side.Buy,,OrderStatus.Submitted,65000.19,1653898000,BTC-USDT,TimeCondition.GTC,1783610670593086454,0.001,0.001,0.0
4194834854,2837957847,1783610670593325927,1783610670593329656,203,order,benchmark,True,0.0,0.0,,,mock,0.0,,1783610670593325927,InstrumentType.Spot,5551468688638541853,OrderType.Limit,Direction.Long,65000.4,996982768,Side.Sell,,OrderStatus.Submitted,65000.4,1653898000,BTC-USDT,TimeCondition.GTC,1783610670593325927,0.001,0.001,0.0
4194834854,2837957847,1783610670593533157,1783610670593536736,203,order,benchmark,True,0.0,0.0,,,mock,0.0,,1783610670593533157,InstrumentType.Spot,5551468688638541854,OrderType.Limit,Direction.Long,65000.21,996984544,Side.Buy,,OrderStatus.Submitted,65000.21,1653898000,BTC-USDT,TimeCondition.GTC,1783610670593533157,0.001,0.001,0.0
4194834854,2837957847,1783610670594009601,1783610670594014819,203,order,benchmark,True,0.0,0.0,,,mock,0.0,,1783610670594009601,InstrumentType.Spot,5551468688638541855,OrderType.Limit,Direction.Long,65000.42,996986320,Side.Sell,,OrderStatus.Submitted,65000.42,1653898000,BTC-USDT,TimeCondition.GTC,1783610670594009601,0.001,0.001,0.0
4194834854,2837957847,1783610670594230166,1783610670594233844,203,order,benchmark,True,0.0,0.0,,,mock,0.0,,1783610670594230166,InstrumentType.Spot,5551468688638541856,OrderType.Limit,Direction.Long,65000.23,996988096,Side.Buy,,OrderStatus.Submitted,65000.23,1653898000,BTC-USDT,TimeCondition.GTC,1783610670594230166,0.001,0.001,0.0
4194834854,2837957847,1783610670594801733,1783610670594805092,203,order,benchmark,True,0.0,0.0,,,mock,0.0,,1783610670594801733,InstrumentType.Spot,5551468688638541857,OrderType.Limit,Direction.Long,65000.439999999995,996989872,Side.Sell,,OrderStatus.Submitted,65000.439999999995,1653898000,BTC-USDT,TimeCondition.GTC,1783610670594801733,0.001,0.001,0.0
4194834854,2837957847,1783610670594823379,1783610670594825267,203,order,benchmark,True,0.0,0.0,,,mock,0.0,,1783610670594823379,InstrumentType.Spot,5551468688638541858,OrderType.Limit,Direction.Long,65000.25,996991616,Side.Buy,,OrderStatus.Submitted,65000.25,1653898000,BTC-USDT,TimeCondition.GTC,1783610670594823379,0.001,0.001,0.0
4194834854,2837957847,1783610670595077887,1783610670595081463,203,order,benchmark,True,0.0,0.0,,,mock,0.0,,1783610670595077887,InstrumentType.Spot,5551468688638541859,OrderType.Limit,Direction.Long,65000.46,996993424,Side.Sell,,OrderStatus.Submitted,65000.46,1653898000,BTC-USDT,TimeCondition.GTC,1783610670595077887,0.001,0.001,0.0
4194834854,2837957847,1783610670595477120,1783610670595479499,203,order,benchmark,True,0.0,0.0,,,mock,0.0,,1783610670595477120,InstrumentType.Spot,5551468688638541860,OrderType.Limit,Direction.Long,65000.270000000004,996995200,Side.Buy,,OrderStatus.Submitted,65000.270000000004,1653898000,BTC-USDT,TimeCondition.GTC,1783610670595477120,0.001,0.001,0.0
4194834854,2837957847,1783610670595862959,1783610670595866556,203,order,benchmark,True,0.0,0.0,,,mock,0.0,,1783610670595862959,InstrumentType.Spot,5551468688638541861,OrderType.Limit,Direction.Long,65000.479999999996,996996976,Side.Sell,,OrderStatus.Submitted,65000.479999999996,1653898000,BTC-USDT,TimeCondition.GTC,1783610670595862959,0.001,0.001,0.0
4194834854,2837957847,1783610670595938310,1783610670595941284,203,order,benchmark,True,0.0,0.0,,,mock,0.0,,1783610670595938310,InstrumentType.Spot,5551468688638541862,OrderType.Limit,Direction.Long,65000.29,996998752,Side.Buy,,OrderStatus.Submitted,65000.29,1653898000,BTC-USDT,TimeCondition.GTC,1783610670595938310,0.001,0.001,0.0
4194834854,2837957847,1783610670596391142,1783610670596408820,203,order,benchmark,True,0.0,0.0,,,mock,0.0,,1783610670596391142,InstrumentType.Spot,5551468688638541863,OrderType.Limit,Direction.Long,65000.5,997000528,Side.Sell,,OrderStatus.Submitted,65000.5,1653898000,BTC-USDT,TimeCondition.GTC,1783610670596391142,0.001,0.001,0.0
4194834854,2837957847,1783610670596742471,1783610670596746106,203,order,benchmark,True,0.0,0.0,,,mock,0.0,,1783610670596742471,InstrumentType.Spot,5551468688638541864,OrderType.Limit,Direction.Long,65000.310000000005,997002304,Side.Buy,,OrderStatus.Submitted,65000.310000000005,1653898000,BTC-USDT,TimeCondition.GTC,1783610670596742471,0.001,0.001,0.0
4194834854,2837957847,1783610670596952364,1783610670596955254,203,order,benchmark,True,0.0,0.0,,,mock,0.0,,1783610670596952364,InstrumentType.Spot,5551468688638541865,OrderType.Limit,Direction.Long,65000.52,997004080,Side.Sell,,OrderStatus.Submitted,65000.52,1653898000,BTC-USDT,TimeCondition.GTC,1783610670596952364,0.001,0.001,0.0
4194834854,2837957847,1783610670597203075,1783610670597206027,203,order,benchmark,True,0.0,0.0,,,mock,0.0,,1783610670597203075,InstrumentType.Spot,5551468688638541866,OrderType.Limit,Direction.Long,65000.33,997005856,Side.Buy,,OrderStatus.Submitted,65000.33,1653898000,BTC-USDT,TimeCondition.GTC,1783610670597203075,0.001,0.001,0.0
4194834854,2837957847,1783610670597452054,1783610670597455690,203,order,benchmark,True,0.0,0.0,,,mock,0.0,,1783610670597452054,InstrumentType.Spot,5551468688638541867,OrderType.Limit,Direction.Long,65000.54,997007632,Side.Sell,,OrderStatus.Submitted,65000.54,1653898000,BTC-USDT,TimeCondition.GTC,1783610670597452054,0.001,0.001,0.0
4194834854,2837957847,1783610670597803796,1783610670597806700,203,order,benchmark,True,0.0,0.0,,,mock,0.0,,1783610670597803796,InstrumentType.Spot,5551468688638541868,OrderType.Limit,Direction.Long,65000.35,997009408,Side.Buy,,OrderStatus.Submitted,65000.35,1653898000,BTC-USDT,TimeCondition.GTC,1783610670597803796,0.001,0.001,0.0
4194834854,2837957847,1783610670598051775,1783610670598055738,203,order,benchmark,True,0.0,0.0,,,mock,0.0,,1783610670598051775,InstrumentType.Spot,5551468688638541869,OrderType.Limit,Direction.Long,65000.56,997011184,Side.Sell,,OrderStatus.Submitted,65000.56,1653898000,BTC-USDT,TimeCondition.GTC,1783610670598051775,0.001,0.001,0.0
4194834854,2837957847,1783610670598402219,1783610670598404953,203,order,benchmark,True,0.0,0.0,,,mock,0.0,,1783610670598402219,InstrumentType.Spot,5551468688638541870,OrderType.Limit,Direction.Long,65000.37,995290192,Side.Buy,,OrderStatus.Submitted,65000.37,1653898000,BTC-USDT,TimeCondition.GTC,1783610670598402219,0.001,0.001,0.0
4194834854,2837957847,1783610670598715876,1783610670598719574,203,order,benchmark,True,0.0,0.0,,,mock,0.0,,1783610670598715876,InstrumentType.Spot,5551468688638541871,OrderType.Limit,Direction.Long,65000.58,995291968,Side.Sell,,OrderStatus.Submitted,65000.58,1653898000,BTC-USDT,TimeCondition.GTC,1783610670598715876,0.001,0.001,0.0
4194834854,2837957847,1783610670598994384,1783610670599004328,203,order,benchmark,True,0.0,0.0,,,mock,0.0,,1783610670598994384,InstrumentType.Spot,5551468688638541872,OrderType.Limit,Direction.Long,65000.39,995293744,Side.Buy,,OrderStatus.Submitted,65000.39,1653898000,BTC-USDT,TimeCondition.GTC,1783610670598994384,0.001,0.001,0.0
4194834854,2837957847,1783610670599446830,1783610670599450400,203,order,benchmark,True,0.0,0.0,,,mock,0.0,,1783610670599446830,InstrumentType.Spot,5551468688638541873,OrderType.Limit,Direction.Long,65000.6,995295520,Side.Sell,,OrderStatus.Submitted,65000.6,1653898000,BTC-USDT,TimeCondition.GTC,1783610670599446830,0.001,0.001,0.0
4194834854,2837957847,1783610670599577021,1783610670599579402,203,order,benchmark,True,0.0,0.0,,,mock,0.0,,1783610670599577021,InstrumentType.Spot,5551468688638541874,OrderType.Limit,Direction.Long,65000.41,995297296,Side.Buy,,OrderStatus.Submitted,65000.41,1653898000,BTC-USDT,TimeCondition.GTC,1783610670599577021,0.001,0.001,0.0
4194834854,2837957847,1783610670599971843,1783610670599974839,203,order,benchmark,True,0.0,0.0,,,mock,0.0,,1783610670599971843,InstrumentType.Spot,5551468688638541875,OrderType.Limit,Direction.Long,65000.619999999995,995299072,Side.Sell,,OrderStatus.Submitted,65000.619999999995,1653898000,BTC-USDT,TimeCondition.GTC,1783610670599971843,0.001,0.001,0.0
4194834854,2837957847,1783610670600257633,1783610670600270807,203,order,benchmark,True,0.0,0.0,,,mock,0.0,,1783610670600257633,InstrumentType.Spot,5551468688638541876,OrderType.Limit,Direction.Long,65000.43,995300848,Side.Buy,,OrderStatus.Submitted,65000.43,1653898000,BTC-USDT,TimeCondition.GTC,1783610670600257633,0.001,0.001,0.0
4194834854,2837957847,1783610670600585246,1783610670600587963,203,order,benchmark,True,0.0,0.0,,,mock,0.0,,1783610670600585246,InstrumentType.Spot,5551468688638541877,OrderType.Limit,Direction.Long,65000.64,995302624,Side.Sell,,OrderStatus.Submitted,65000.64,1653898000,BTC-USDT,TimeCondition.GTC,1783610670600585246,0.001,0.001,0.0
4194834854,2837957847,1783610670600791509,1783610670600793951,203,order,benchmark,True,0.0,0.0,,,mock,0.0,,1783610670600791509,InstrumentType.Spot,5551468688638541878,OrderType.Limit,Direction.Long,65000.450000000004,995304400,Side.Buy,,OrderStatus.Submitted,65000.450000000004,1653898000,BTC-USDT,TimeCondition.GTC,1783610670600791509,0.001,0.001,0.0
4194834854,2837957847,1783610670601205362,1783610670601207867,203,order,benchmark,True,0.0,0.0,,,mock,0.0,,1783610670601205362,InstrumentType.Spot,5551468688638541879,OrderType.Limit,Direction.Long,65000.659999999996,995306176,Side.Sell,,OrderStatus.Submitted,65000.659999999996,1653898000,BTC-USDT,TimeCondition.GTC,1783610670601205362,0.001,0.001,0.0
4194834854,2837957847,1783610670601412701,1783610670601414898,203,order,benchmark,True,0.0,0.0,,,mock,0.0,,1783610670601412701,InstrumentType.Spot,5551468688638541880,OrderType.Limit,Direction.Long,65000.47,995307952,Side.Buy,,OrderStatus.Submitted,65000.47,1653898000,BTC-USDT,TimeCondition.GTC,1783610670601412701,0.001,0.001,0.0
4194834854,2837957847,1783610670601656493,1783610670601659024,203,order,benchmark,True,0.0,0.0,,,mock,0.0,,1783610670601656493,InstrumentType.Spot,5551468688638541881,OrderType.Limit,Direction.Long,65000.68,995309728,Side.Sell,,OrderStatus.Submitted,65000.68,1653898000,BTC-USDT,TimeCondition.GTC,1783610670601656493,0.001,0.001,0.0
4194834854,2837957847,1783610670601923059,1783610670601926140,203,order,benchmark,True,0.0,0.0,,,mock,0.0,,1783610670601923059,InstrumentType.Spot,5551468688638541882,OrderType.Limit,Direction.Long,65000.49,995311504,Side.Buy,,OrderStatus.Submitted,65000.49,1653898000,BTC-USDT,TimeCondition.GTC,1783610670601923059,0.001,0.001,0.0
4194834854,2837957847,1783610670602323253,1783610670602325499,203,order,benchmark,True,0.0,0.0,,,mock,0.0,,1783610670602323253,InstrumentType.Spot,5551468688638541883,OrderType.Limit,Direction.Long,65000.7,995313280,Side.Sell,,OrderStatus.Submitted,65000.7,1653898000,BTC-USDT,TimeCondition.GTC,1783610670602323253,0.001,0.001,0.0
4194834854,2837957847,1783610670602620177,1783610670602623391,203,order,benchmark,True,0.0,0.0,,,mock,0.0,,1783610670602620177,InstrumentType.Spot,5551468688638541884,OrderType.Limit,Direction.Long,65000.51,995315056,Side.Buy,,OrderStatus.Submitted,65000.51,1653898000,BTC-USDT,TimeCondition.GTC,1783610670602620177,0.001,0.001,0.0
4194834854,2837957847,1783610670602832742,1783610670602854112,203,order,benchmark,True,0.0,0.0,,,mock,0.0,,1783610670602832742,InstrumentType.Spot,5551468688638541885,OrderType.Limit,Direction.Long,65000.72,995316832,Side.Sell,,OrderStatus.Submitted,65000.72,1653898000,BTC-USDT,TimeCondition.GTC,1783610670602832742,0.001,0.001,0.0
4194834854,2837957847,1783610670603224767,1783610670603226838,203,order,benchmark,True,0.0,0.0,,,mock,0.0,,1783610670603224767,InstrumentType.Spot,5551468688638541886,OrderType.Limit,Direction.Long,65000.53,995318608,Side.Buy,,OrderStatus.Submitted,65000.53,1653898000,BTC-USDT,TimeCondition.GTC,1783610670603224767,0.001,0.001,0.0
4194834854,2837957847,1783610670603449007,1783610670603451838,203,order,benchmark,True,0.0,0.0,,,mock,0.0,,1783610670603449007,InstrumentType.Spot,5551468688638541887,OrderType.Limit,Direction.Long,65000.74,995320384,Side.Sell,,OrderStatus.Submitted,65000.74,1653898000,BTC-USDT,TimeCondition.GTC,1783610670603449007,0.001,0.001,0.0
4194834854,2837957847,1783610670603821599,1783610670603823729,203,order,benchmark,True,0.0,0.0,,,mock,0.0,,1783610670603821599,InstrumentType.Spot,5551468688638541888,OrderType.Limit,Direction.Long,65000.55,995322160,Side.Buy,,OrderStatus.Submitted,65000.55,1653898000,BTC-USDT,TimeCondition.GTC,1783610670603821599,0.001,0.001,0.0
4194834854,2837957847,1783610670604105337,1783610670604116441,203,order,benchmark,True,0.0,0.0,,,mock,0.0,,1783610670604105337,InstrumentType.Spot,5551468688638541889,OrderType.Limit,Direction.Long,65000.76,995323936,Side.Sell,,OrderStatus.Submitted,65000.76,1653898000,BTC-USDT,TimeCondition.GTC,1783610670604105337,0.001,0.001,0.0
4194834854,2837957847,1783610670604608153,1783610670604612703,203,order,benchmark,True,0.0,0.0,,,mock,0.0,,1783610670604608153,InstrumentType.Spot,5551468688638541890,OrderType.Limit,Direction.Long,65000.57,995325712,Side.Buy,,OrderStatus.Submitted,65000.57,1653898000,BTC-USDT,TimeCondition.GTC,1783610670604608153,0.001,0.001,0.0
4194834854,2837957847,1783610670604712090,1783610670604714031,203,order,benchmark,True,0.0,0.0,,,mock,0.0,,1783610670604712090,InstrumentType.Spot,5551468688638541891,OrderType.Limit,Direction.Long,65000.78,995327488,Side.Sell,,OrderStatus.Submitted,65000.78,1653898000,BTC-USDT,TimeCondition.GTC,1783610670604712090,0.001,0.001,0.0
4194834854,2837957847,1783610670604989264,1783610670604992621,203,order,benchmark,True,0.0,0.0,,,mock,0.0,,1783610670604989264,InstrumentType.Spot,5551468688638541892,OrderType.Limit,Direction.Long,65000.590000000004,995329264,Side.Buy,,OrderStatus.Submitted,65000.590000000004,1653898000,BTC-USDT,TimeCondition.GTC,1783610670604989264,0.001,0.001,0.0
4194834854,2837957847,1783610670605381997,1783610670605384551,203,order,benchmark,True,0.0,0.0,,,mock,0.0,,1783610670605381997,InstrumentType.Spot,5551468688638541893,OrderType.Limit,Direction.Long,65000.799999999996,995331040,Side.Sell,,OrderStatus.Submitted,65000.799999999996,1653898000,BTC-USDT,TimeCondition.GTC,1783610670605381997,0.001,0.001,0.0
4194834854,2837957847,1783610670605655632,1783610670605658357,203,order,benchmark,True,0.0,0.0,,,mock,0.0,,1783610670605655632,InstrumentType.Spot,5551468688638541894,OrderType.Limit,Direction.Long,65000.61,995332816,Side.Buy,,OrderStatus.Submitted,65000.61,1653898000,BTC-USDT,TimeCondition.GTC,1783610670605655632,0.001,0.001,0.0
4194834854,2837957847,1783610670606038581,1783610670606042318,203,order,benchmark,True,0.0,0.0,,,mock,0.0,,1783610670606038581,InstrumentType.Spot,5551468688638541895,OrderType.Limit,Direction.Long,65000.82,995334592,Side.Sell,,OrderStatus.Submitted,65000.82,1653898000,BTC-USDT,TimeCondition.GTC,1783610670606038581,0.001,0.001,0.0
4194834854,2837957847,1783610670606278630,1783610670606280638,203,order,benchmark,True,0.0,0.0,,,mock,0.0,,1783610670606278630,InstrumentType.Spot,5551468688638541896,OrderType.Limit,Direction.Long,65000.630000000005,995336368,Side.Buy,,OrderStatus.Submitted,65000.630000000005,1653898000,BTC-USDT,TimeCondition.GTC,1783610670606278630,0.001,0.001,0.0
4194834854,2837957847,1783610670606572984,1783610670606575181,203,order,benchmark,True,0.0,0.0,,,mock,0.0,,1783610670606572984,InstrumentType.Spot,5551468688638541897,OrderType.Limit,Direction.Long,65000.84,995338144,Side.Sell,,OrderStatus.Submitted,65000.84,1653898000,BTC-USDT,TimeCondition.GTC,1783610670606572984,0.001,0.001,0.0
4194834854,2837957847,1783610670607162287,1783610670607166348,203,order,benchmark,True,0.0,0.0,,,mock,0.0,,1783610670607162287,InstrumentType.Spot,5551468688638541898,OrderType.Limit,Direction.Long,65000.65,995339920,Side.Buy,,OrderStatus.Submitted,65000.65,1653898000,BTC-USDT,TimeCondition.GTC,1783610670607162287,0.001,0.001,0.0
4194834854,2837957847,1783610670607492814,1783610670607500054,203,order,benchmark,True,0.0,0.0,,,mock,0.0,,1783610670607492814,InstrumentType.Spot,5551468688638541899,OrderType.Limit,Direction.Long,65000.86,995341696,Side.Sell,,OrderStatus.Submitted,65000.86,1653898000,BTC-USDT,TimeCondition.GTC,1783610670607492814,0.001,0.001,0.0
4194834854,2837957847,1783610670607522205,1783610670607523955,203,order,benchmark,True,0.0,0.0,,,mock,0.0,,1783610670607522205,InstrumentType.Spot,5551468688638541900,OrderType.Limit,Direction.Long,65000.67,995343440,Side.Buy,,OrderStatus.Submitted,65000.67,1653898000,BTC-USDT,TimeCondition.GTC,1783610670607522205,0.001,0.001,0.0
4194834854,2837957847,1783610670607770047,1783610670607773159,203,order,benchmark,True,0.0,0.0,,,mock,0.0,,1783610670607770047,InstrumentType.Spot,5551468688638541901,OrderType.Limit,Direction.Long,65000.88,995346000,Side.Sell,,OrderStatus.Submitted,65000.88,1653898000,BTC-USDT,TimeCondition.GTC,1783610670607770047,0.001,0.001,0.0
4194834854,2837957847,1783610670608073278,1783610670608076004,203,order,benchmark,True,0.0,0.0,,,mock,0.0,,1783610670608073278,InstrumentType.Spot,5551468688638541902,OrderType.Limit,Direction.Long,65000.69,995347776,Side.Buy,,OrderStatus.Submitted,65000.69,1653898000,BTC-USDT,TimeCondition.GTC,1783610670608073278,0.001,0.001,0.0
4194834854,2837957847,1783610670608366574,1783610670608385156,203,order,benchmark,True,0.0,0.0,,,mock,0.0,,1783610670608366574,InstrumentType.Spot,5551468688638541903,OrderType.Limit,Direction.Long,65000.9,995349552,Side.Sell,,OrderStatus.Submitted,65000.9,1653898000,BTC-USDT,TimeCondition.GTC,1783610670608366574,0.001,0.001,0.0
4194834854,2837957847,1783610670608682040,1783610670608684274,203,order,benchmark,True,0.0,0.0,,,mock,0.0,,1783610670608682040,InstrumentType.Spot,5551468688638541904,OrderType.Limit,Direction.Long,65000.71,995351328,Side.Buy,,OrderStatus.Submitted,65000.71,1653898000,BTC-USDT,TimeCondition.GTC,1783610670608682040,0.001,0.001,0.0
4194834854,2837957847,1783610670608850161,1783610670608852244,203,order,benchmark,True,0.0,0.0,,,mock,0.0,,1783610670608850161,InstrumentType.Spot,5551468688638541905,OrderType.Limit,Direction.Long,65000.92,995353104,Side.Sell,,OrderStatus.Submitted,65000.92,1653898000,BTC-USDT,TimeCondition.GTC,1783610670608850161,0.001,0.001,0.0
4194834854,2837957847,1783610670609222223,1783610670609224408,203,order,benchmark,True,0.0,0.0,,,mock,0.0,,1783610670609222223,InstrumentType.Spot,5551468688638541906,OrderType.Limit,Direction.Long,65000.73,995354880,Side.Buy,,OrderStatus.Submitted,65000.73,1653898000,BTC-USDT,TimeCondition.GTC,1783610670609222223,0.001,0.001,0.0
4194834854,2837957847,1783610670609533301,1783610670609535742,203,order,benchmark,True,0.0,0.0,,,mock,0.0,,1783610670609533301,InstrumentType.Spot,5551468688638541907,OrderType.Limit,Direction.Long,65000.939999999995,995356656,Side.Sell,,OrderStatus.Submitted,65000.939999999995,1653898000,BTC-USDT,TimeCondition.GTC,1783610670609533301,0.001,0.001,0.0
4194834854,2837957847,1783610670609833944,1783610670609836296,203,order,benchmark,True,0.0,0.0,,,mock,0.0,,1783610670609833944,InstrumentType.Spot,5551468688638541908,OrderType.Limit,Direction.Long,65000.75,995358432,Side.Buy,,OrderStatus.Submitted,65000.75,1653898000,BTC-USDT,TimeCondition.GTC,1783610670609833944,0.001,0.001,0.0
4194834854,2837957847,1783610670610159825,1783610670610162049,203,order,benchmark,True,0.0,0.0,,,mock,0.0,,1783610670610159825,InstrumentType.Spot,5551468688638541909,OrderType.Limit,Direction.Long,65000.96,995360208,Side.Sell,,OrderStatus.Submitted,65000.96,1653898000,BTC-USDT,TimeCondition.GTC,1783610670610159825,0.001,0.001,0.0
4194834854,2837957847,1783610670610355030,1783610670610357975,203,order,benchmark,True,0.0,0.0,,,mock,0.0,,1783610670610355030,InstrumentType.Spot,5551468688638541910,OrderType.Limit,Direction.Long,65000.770000000004,995361984,Side.Buy,,OrderStatus.Submitted,65000.770000000004,1653898000,BTC-USDT,TimeCondition.GTC,1783610670610355030,0.001,0.001,0.0
4194834854,2837957847,1783610670610619464,1783610670610622437,203,order,benchmark,True,0.0,0.0,,,mock,0.0,,1783610670610619464,InstrumentType.Spot,5551468688638541911,OrderType.Limit,Direction.Long,65000.979999999996,995363760,Side.Sell,,OrderStatus.Submitted,65000.979999999996,1653898000,BTC-USDT,TimeCondition.GTC,1783610670610619464,0.001,0.001,0.0
4194834854,2837957847,1783610670611026346,1783610670611029088,203,order,benchmark,True,0.0,0.0,,,mock,0.0,,1783610670611026346,InstrumentType.Spot,5551468688638541912,OrderType.Limit,Direction.Long,65000.79,995365536,Side.Buy,,OrderStatus.Submitted,65000.79,1653898000,BTC-USDT,TimeCondition.GTC,1783610670611026346,0.001,0.001,0.0
4194834854,2837957847,1783610670611314226,1783610670611316484,203,order,benchmark,True,0.0,0.0,,,mock,0.0,,1783610670611314226,InstrumentType.Spot,5551468688638541913,OrderType.Limit,Direction.Long,65001.0,995367312,Side.Sell,,OrderStatus.Submitted,65001.0,1653898000,BTC-USDT,TimeCondition.GTC,1783610670611314226,0.001,0.001,0.0
4194834854,2837957847,1783610670611521179,1783610670611524275,203,order,benchmark,True,0.0,0.0,,,mock,0.0,,1783610670611521179,InstrumentType.Spot,5551468688638541914,OrderType.Limit,Direction.Long,65000.810000000005,995369088,Side.Buy,,OrderStatus.Submitted,65000.810000000005,1653898000,BTC-USDT,TimeCondition.GTC,1783610670611521179,0.001,0.001,0.0
4194834854,2837957847,1783610670611926754,1783610670611929283,203,order,benchmark,True,0.0,0.0,,,mock,0.0,,1783610670611926754,InstrumentType.Spot,5551468688638541915,OrderType.Limit,Direction.Long,65001.02,995370864,Side.Sell,,OrderStatus.Submitted,65001.02,1653898000,BTC-USDT,TimeCondition.GTC,1783610670611926754,0.001,0.001,0.0
4194834854,2837957847,1783610670612273763,1783610670612314292,203,order,benchmark,True,0.0,0.0,,,mock,0.0,,1783610670612273763,InstrumentType.Spot,5551468688638541916,OrderType.Limit,Direction.Long,65000.83,997179248,Side.Buy,,OrderStatus.Submitted,65000.83,1653898000,BTC-USDT,TimeCondition.GTC,1783610670612273763,0.001,0.001,0.0
4194834854,2837957847,1783610670612610154,1783610670612614088,203,order,benchmark,True,0.0,0.0,,,mock,0.0,,1783610670612610154,InstrumentType.Spot,5551468688638541917,OrderType.Limit,Direction.Long,65001.04,995345248,Side.Sell,,OrderStatus.Submitted,65001.04,1653898000,BTC-USDT,TimeCondition.GTC,1783610670612610154,0.001,0.001,0.0
4194834854,2837957847,1783610670612799291,1783610670612801888,203,order,benchmark,True,0.0,0.0,,,mock,0.0,,1783610670612799291,InstrumentType.Spot,5551468688638541918,OrderType.Limit,Direction.Long,65000.85,997182944,Side.Buy,,OrderStatus.Submitted,65000.85,1653898000,BTC-USDT,TimeCondition.GTC,1783610670612799291,0.001,0.001,0.0
4194834854,2837957847,1783610670613071099,1783610670613074238,203,order,benchmark,True,0.0,0.0,,,mock,0.0,,1783610670613071099,InstrumentType.Spot,5551468688638541919,OrderType.Limit,Direction.Long,65001.06,997184720,Side.Sell,,OrderStatus.Submitted,65001.06,1653898000,BTC-USDT,TimeCondition.GTC,1783610670613071099,0.001,0.001,0.0
4194834854,2837957847,1783610670613583026,1783610670613590910,203,order,benchmark,True,0.0,0.0,,,mock,0.0,,1783610670613583026,InstrumentType.Spot,5551468688638541920,OrderType.Limit,Direction.Long,65000.87,997186496,Side.Buy,,OrderStatus.Submitted,65000.87,1653898000,BTC-USDT,TimeCondition.GTC,1783610670613583026,0.001,0.001,0.0
4194834854,2837957847,1783610670613741105,1783610670613745192,203,order,benchmark,True,0.0,0.0,,,mock,0.0,,1783610670613741105,InstrumentType.Spot,5551468688638541921,OrderType.Limit,Direction.Long,65001.08,997188272,Side.Sell,,OrderStatus.Submitted,65001.08,1653898000,BTC-USDT,TimeCondition.GTC,1783610670613741105,0.001,0.001,0.0
4194834854,2837957847,1783610670613989579,1783610670613992010,203,order,benchmark,True,0.0,0.0,,,mock,0.0,,1783610670613989579,InstrumentType.Spot,5551468688638541922,OrderType.Limit,Direction.Long,65000.89,997190048,Side.Buy,,OrderStatus.Submitted,65000.89,1653898000,BTC-USDT,TimeCondition.GTC,1783610670613989579,0.001,0.001,0.0
4194834854,2837957847,1783610670614250527,1783610670614252728,203,order,benchmark,True,0.0,0.0,,,mock,0.0,,1783610670614250527,InstrumentType.Spot,5551468688638541923,OrderType.Limit,Direction.Long,65000.1,997191824,Side.Sell,,OrderStatus.Submitted,65000.1,1653898000,BTC-USDT,TimeCondition.GTC,1783610670614250527,0.001,0.001,0.0
4194834854,2837957847,1783610670614620288,1783610670614622529,203,order,benchmark,True,0.0,0.0,,,mock,0.0,,1783610670614620288,InstrumentType.Spot,5551468688638541924,OrderType.Limit,Direction.Long,64999.91,997193600,Side.Buy,,OrderStatus.Submitted,64999.91,1653898000,BTC-USDT,TimeCondition.GTC,1783610670614620288,0.001,0.001,0.0
4194834854,2837957847,1783610670614915376,1783610670614917477,203,order,benchmark,True,0.0,0.0,,,mock,0.0,,1783610670614915376,InstrumentType.Spot,5551468688638541925,OrderType.Limit,Direction.Long,65000.119999999995,997195376,Side.Sell,,OrderStatus.Submitted,65000.119999999995,1653898000,BTC-USDT,TimeCondition.GTC,1783610670614915376,0.001,0.001,0.0
4194834854,2837957847,1783610670615210108,1783610670615212265,203,order,benchmark,True,0.0,0.0,,,mock,0.0,,1783610670615210108,InstrumentType.Spot,5551468688638541926,OrderType.Limit,Direction.Long,64999.93,997197152,Side.Buy,,OrderStatus.Submitted,64999.93,1653898000,BTC-USDT,TimeCondition.GTC,1783610670615210108,0.001,0.001,0.0
4194834854,2837957847,1783610670615511228,1783610670615513538,203,order,benchmark,True,0.0,0.0,,,mock,0.0,,1783610670615511228,InstrumentType.Spot,5551468688638541927,OrderType.Limit,Direction.Long,65000.14,997198928,Side.Sell,,OrderStatus.Submitted,65000.14,1653898000,BTC-USDT,TimeCondition.GTC,1783610670615511228,0.001,0.001,0.0
4194834854,2837957847,1783610670615830927,1783610670615833320,203,order,benchmark,True,0.0,0.0,,,mock,0.0,,1783610670615830927,InstrumentType.Spot,5551468688638541928,OrderType.Limit,Direction.Long,64999.950000000004,997200704,Side.Buy,,OrderStatus.Submitted,64999.950000000004,1653898000,BTC-USDT,TimeCondition.GTC,1783610670615830927,0.001,0.001,0.0
4194834854,2837957847,1783610670616083267,1783610670616119806,203,order,benchmark,True,0.0,0.0,,,mock,0.0,,1783610670616083267,InstrumentType.Spot,5551468688638541929,OrderType.Limit,Direction.Long,65000.159999999996,997202480,Side.Sell,,OrderStatus.Submitted,65000.159999999996,1653898000,BTC-USDT,TimeCondition.GTC,1783610670616083267,0.001,0.001,0.0
4194834854,2837957847,1783610670616594384,1783610670616597553,203,order,benchmark,True,0.0,0.0,,,mock,0.0,,1783610670616594384,InstrumentType.Spot,5551468688638541930,OrderType.Limit,Direction.Long,64999.97,997204256,Side.Buy,,OrderStatus.Submitted,64999.97,1653898000,BTC-USDT,TimeCondition.GTC,1783610670616594384,0.001,0.001,0.0
4194834854,2837957847,1783610670616729822,1783610670616732736,203,order,benchmark,True,0.0,0.0,,,mock,0.0,,1783610670616729822,InstrumentType.Spot,5551468688638541931,OrderType.Limit,Direction.Long,65000.18,997206032,Side.Sell,,OrderStatus.Submitted,65000.18,1653898000,BTC-USDT,TimeCondition.GTC,1783610670616729822,0.001,0.001,0.0
4194834854,2837957847,1783610670617025700,1783610670617028830,203,order,benchmark,True,0.0,0.0,,,mock,0.0,,1783610670617025700,InstrumentType.Spot,5551468688638541932,OrderType.Limit,Direction.Long,64999.99,997207808,Side.Buy,,OrderStatus.Submitted,64999.99,1653898000,BTC-USDT,TimeCondition.GTC,1783610670617025700,0.001,0.001,0.0
4194834854,2837957847,1783610670617308871,1783610670617313228,203,order,benchmark,True,0.0,0.0,,,mock,0.0,,1783610670617308871,InstrumentType.Spot,5551468688638541933,OrderType.Limit,Direction.Long,65000.2,997210624,Side.Sell,,OrderStatus.Submitted,65000.2,1653898000,BTC-USDT,TimeCondition.GTC,1783610670617308871,0.001,0.001,0.0
4194834854,2837957847,1783610670617603374,1783610670617605594,203,order,benchmark,True,0.0,0.0,,,mock,0.0,,1783610670617603374,InstrumentType.Spot,5551468688638541934,OrderType.Limit,Direction.Long,65000.01,997212400,Side.Buy,,OrderStatus.Submitted,65000.01,1653898000,BTC-USDT,TimeCondition.GTC,1783610670617603374,0.001,0.001,0.0
4194834854,2837957847,1783610670617902476,1783610670617904351,203,order,benchmark,True,0.0,0.0,,,mock,0.0,,1783610670617902476,InstrumentType.Spot,5551468688638541935,OrderType.Limit,Direction.Long,65000.22,997214176,Side.Sell,,OrderStatus.Submitted,65000.22,1653898000,BTC-USDT,TimeCondition.GTC,1783610670617902476,0.001,0.001,0.0
4194834854,2837957847,1783610670618204647,1783610670618207089,203,order,benchmark,True,0.0,0.0,,,mock,0.0,,1783610670618204647,InstrumentType.Spot,5551468688638541936,OrderType.Limit,Direction.Long,65000.03,997215952,Side.Buy,,OrderStatus.Submitted,65000.03,1653898000,BTC-USDT,TimeCondition.GTC,1783610670618204647,0.001,0.001,0.0
4194834854,2837957847,1783610670618493714,1783610670618496700,203,order,benchmark,True,0.0,0.0,,,mock,0.0,,1783610670618493714,InstrumentType.Spot,5551468688638541937,OrderType.Limit,Direction.Long,65000.24,997217728,Side.Sell,,OrderStatus.Submitted,65000.24,1653898000,BTC-USDT,TimeCondition.GTC,1783610670618493714,0.001,0.001,0.0
4194834854,2837957847,1783610670618829404,1783610670618832006,203,order,benchmark,True,0.0,0.0,,,mock,0.0,,1783610670618829404,InstrumentType.Spot,5551468688638541938,OrderType.Limit,Direction.Long,65000.05,997219504,Side.Buy,,OrderStatus.Submitted,65000.05,1653898000,BTC-USDT,TimeCondition.GTC,1783610670618829404,0.001,0.001,0.0
4194834854,2837957847,1783610670619117988,1783610670619121231,203,order,benchmark,True,0.0,0.0,,,mock,0.0,,1783610670619117988,InstrumentType.Spot,5551468688638541939,OrderType.Limit,Direction.Long,65000.26,997221280,Side.Sell,,OrderStatus.Submitted,65000.26,1653898000,BTC-USDT,TimeCondition.GTC,1783610670619117988,0.001,0.001,0.0
4194834854,2837957847,1783610670619329638,1783610670619332737,203,order,benchmark,True,0.0,0.0,,,mock,0.0,,1783610670619329638,InstrumentType.Spot,5551468688638541940,OrderType.Limit,Direction.Long,65000.07,997223056,Side.Buy,,OrderStatus.Submitted,65000.07,1653898000,BTC-USDT,TimeCondition.GTC,1783610670619329638,0.001,0.001,0.0
4194834854,2837957847,1783610670619848889,1783610670619852682,203,order,benchmark,True,0.0,0.0,,,mock,0.0,,1783610670619848889,InstrumentType.Spot,5551468688638541941,OrderType.Limit,Direction.Long,65000.28,997224832,Side.Sell,,OrderStatus.Submitted,65000.28,1653898000,BTC-USDT,TimeCondition.GTC,1783610670619848889,0.001,0.001,0.0
4194834854,2837957847,1783610670620103718,1783610670620136711,203,order,benchmark,True,0.0,0.0,,,mock,0.0,,1783610670620103718,InstrumentType.Spot,5551468688638541942,OrderType.Limit,Direction.Long,65000.090000000004,997226608,Side.Buy,,OrderStatus.Submitted,65000.090000000004,1653898000,BTC-USDT,TimeCondition.GTC,1783610670620103718,0.001,0.001,0.0
4194834854,2837957847,1783610670620277959,1783610670620280254,203,order,benchmark,True,0.0,0.0,,,mock,0.0,,1783610670620277959,InstrumentType.Spot,5551468688638541943,OrderType.Limit,Direction.Long,65000.299999999996,997228384,Side.Sell,,OrderStatus.Submitted,65000.299999999996,1653898000,BTC-USDT,TimeCondition.GTC,1783610670620277959,0.001,0.001,0.0
4194834854,2837957847,1783610670620527560,1783610670620530380,203,order,benchmark,True,0.0,0.0,,,mock,0.0,,1783610670620527560,InstrumentType.Spot,5551468688638541944,OrderType.Limit,Direction.Long,65000.11,997230160,Side.Buy,,OrderStatus.Submitted,65000.11,1653898000,BTC-USDT,TimeCondition.GTC,1783610670620527560,0.001,0.001,0.0
4194834854,2837957847,1783610670620914517,1783610670620916584,203,order,benchmark,True,0.0,0.0,,,mock,0.0,,1783610670620914517,InstrumentType.Spot,5551468688638541945,OrderType.Limit,Direction.Long,65000.32,997231936,Side.Sell,,OrderStatus.Submitted,65000.32,1653898000,BTC-USDT,TimeCondition.GTC,1783610670620914517,0.001,0.001,0.0
4194834854,2837957847,1783610670621126570,1783610670621129934,203,order,benchmark,True,0.0,0.0,,,mock,0.0,,1783610670621126570,InstrumentType.Spot,5551468688638541946,OrderType.Limit,Direction.Long,65000.130000000005,997233712,Side.Buy,,OrderStatus.Submitted,65000.130000000005,1653898000,BTC-USDT,TimeCondition.GTC,1783610670621126570,0.001,0.001,0.0
4194834854,2837957847,1783610670621522300,1783610670621524723,203,order,benchmark,True,0.0,0.0,,,mock,0.0,,1783610670621522300,InstrumentType.Spot,5551468688638541947,OrderType.Limit,Direction.Long,65000.34,997235488,Side.Sell,,OrderStatus.Submitted,65000.34,1653898000,BTC-USDT,TimeCondition.GTC,1783610670621522300,0.001,0.001,0.0
4194834854,2837957847,1783610670621723906,1783610670621744170,203,order,benchmark,True,0.0,0.0,,,mock,0.0,,1783610670621723906,InstrumentType.Spot,5551468688638541948,OrderType.Limit,Direction.Long,65000.15,997237264,Side.Buy,,OrderStatus.Submitted,65000.15,1653898000,BTC-USDT,TimeCondition.GTC,1783610670621723906,0.001,0.001,0.0
4194834854,2837957847,1783610670622113916,1783610670622116364,203,order,benchmark,True,0.0,0.0,,,mock,0.0,,1783610670622113916,InstrumentType.Spot,5551468688638541949,OrderType.Limit,Direction.Long,65000.36,997239040,Side.Sell,,OrderStatus.Submitted,65000.36,1653898000,BTC-USDT,TimeCondition.GTC,1783610670622113916,0.001,0.001,0.0
4194834854,2837957847,1783610670622410456,1783610670622413333,203,order,benchmark,True,0.0,0.0,,,mock,0.0,,1783610670622410456,InstrumentType.Spot,5551468688638541950,OrderType.Limit,Direction.Long,65000.17,997240816,Side.Buy,,OrderStatus.Submitted,65000.17,1653898000,BTC-USDT,TimeCondition.GTC,1783610670622410456,0.001,0.001,0.0
4194834854,2837957847,1783610670622702366,1783610670622704360,203,order,benchmark,True,0.0,0.0,,,mock,0.0,,1783610670622702366,InstrumentType.Spot,5551468688638541951,OrderType.Limit,Direction.Long,65000.38,997242592,Side.Sell,,OrderStatus.Submitted,65000.38,1653898000,BTC-USDT,TimeCondition.GTC,1783610670622702366,0.001,0.001,0.0
4194834854,2837957847,1783610670623009167,1783610670623011329,203,order,benchmark,True,0.0,0.0,,,mock,0.0,,1783610670623009167,InstrumentType.Spot,5551468688638541952,OrderType.Limit,Direction.Long,65000.19,997244368,Side.Buy,,OrderStatus.Submitted,65000.19,1653898000,BTC-USDT,TimeCondition.GTC,1783610670623009167,0.001,0.001,0.0
4194834854,2837957847,1783610670623307331,1783610670623309560,203,order,benchmark,True,0.0,0.0,,,mock,0.0,,1783610670623307331,InstrumentType.Spot,5551468688638541953,OrderType.Limit,Direction.Long,65000.4,997209584,Side.Sell,,OrderStatus.Submitted,65000.4,1653898000,BTC-USDT,TimeCondition.GTC,1783610670623307331,0.001,0.001,0.0
4194834854,2837957847,1783610670623602429,1783610670623604412,203,order,benchmark,True,0.0,0.0,,,mock,0.0,,1783610670623602429,InstrumentType.Spot,5551468688638541954,OrderType.Limit,Direction.Long,65000.21,997248096,Side.Buy,,OrderStatus.Submitted,65000.21,1653898000,BTC-USDT,TimeCondition.GTC,1783610670623602429,0.001,0.001,0.0
4194834854,2837957847,1783610670623906191,1783610670623916809,203,order,benchmark,True,0.0,0.0,,,mock,0.0,,1783610670623906191,InstrumentType.Spot,5551468688638541955,OrderType.Limit,Direction.Long,65000.42,997249856,Side.Sell,,OrderStatus.Submitted,65000.42,1653898000,BTC-USDT,TimeCondition.GTC,1783610670623906191,0.001,0.001,0.0
4194834854,2837957847,1783610670624213426,1783610670624215646,203,order,benchmark,True,0.0,0.0,,,mock,0.0,,1783610670624213426,InstrumentType.Spot,5551468688638541956,OrderType.Limit,Direction.Long,65000.23,997251632,Side.Buy,,OrderStatus.Submitted,65000.23,1653898000,BTC-USDT,TimeCondition.GTC,1783610670624213426,0.001,0.001,0.0
4194834854,2837957847,1783610670624516104,1783610670624518284,203,order,benchmark,True,0.0,0.0,,,mock,0.0,,1783610670624516104,InstrumentType.Spot,5551468688638541957,OrderType.Limit,Direction.Long,65000.439999999995,997253408,Side.Sell,,OrderStatus.Submitted,65000.439999999995,1653898000,BTC-USDT,TimeCondition.GTC,1783610670624516104,0.001,0.001,0.0
4194834854,2837957847,1783610670624800605,1783610670624802604,203,order,benchmark,True,0.0,0.0,,,mock,0.0,,1783610670624800605,InstrumentType.Spot,5551468688638541958,OrderType.Limit,Direction.Long,65000.25,997255184,Side.Buy,,OrderStatus.Submitted,65000.25,1653898000,BTC-USDT,TimeCondition.GTC,1783610670624800605,0.001,0.001,0.0
4194834854,2837957847,1783610670625125515,1783610670625128056,203,order,benchmark,True,0.0,0.0,,,mock,0.0,,1783610670625125515,InstrumentType.Spot,5551468688638541959,OrderType.Limit,Direction.Long,65000.46,997256960,Side.Sell,,OrderStatus.Submitted,65000.46,1653898000,BTC-USDT,TimeCondition.GTC,1783610670625125515,0.001,0.001,0.0
4194834854,2837957847,1783610670625328187,1783610670625330916,203,order,benchmark,True,0.0,0.0,,,mock,0.0,,1783610670625328187,InstrumentType.Spot,5551468688638541960,OrderType.Limit,Direction.Long,65000.270000000004,997258736,Side.Buy,,OrderStatus.Submitted,65000.270000000004,1653898000,BTC-USDT,TimeCondition.GTC,1783610670625328187,0.001,0.001,0.0
4194834854,2837957847,1783610670625927170,1783610670625929975,203,order,benchmark,True,0.0,0.0,,,mock,0.0,,1783610670625927170,InstrumentType.Spot,5551468688638541961,OrderType.Limit,Direction.Long,65000.479999999996,997260512,Side.Sell,,OrderStatus.Submitted,65000.479999999996,1653898000,BTC-USDT,TimeCondition.GTC,1783610670625927170,0.001,0.001,0.0
4194834854,2837957847,1783610670626121908,1783610670626126209,203,order,benchmark,True,0.0,0.0,,,mock,0.0,,1783610670626121908,InstrumentType.Spot,5551468688638541962,OrderType.Limit,Direction.Long,65000.29,997262288,Side.Buy,,OrderStatus.Submitted,65000.29,1653898000,BTC-USDT,TimeCondition.GTC,1783610670626121908,0.001,0.001,0.0
4194834854,2837957847,1783610670626323094,1783610670626325119,203,order,benchmark,True,0.0,0.0,,,mock,0.0,,1783610670626323094,InstrumentType.Spot,5551468688638541963,OrderType.Limit,Direction.Long,65000.5,997264064,Side.Sell,,OrderStatus.Submitted,65000.5,1653898000,BTC-USDT,TimeCondition.GTC,1783610670626323094,0.001,0.001,0.0
4194834854,2837957847,1783610670626596188,1783610670626598420,203,order,benchmark,True,0.0,0.0,,,mock,0.0,,1783610670626596188,InstrumentType.Spot,5551468688638541964,OrderType.Limit,Direction.Long,65000.310000000005,997265840,Side.Buy,,OrderStatus.Submitted,65000.310000000005,1653898000,BTC-USDT,TimeCondition.GTC,1783610670626596188,0.001,0.001,0.0
4194834854,2837957847,1783610670626899708,1783610670626901798,203,order,benchmark,True,0.0,0.0,,,mock,0.0,,1783610670626899708,InstrumentType.Spot,5551468688638541965,OrderType.Limit,Direction.Long,65000.52,997267616,Side.Sell,,OrderStatus.Submitted,65000.52,1653898000,BTC-USDT,TimeCondition.GTC,1783610670626899708,0.001,0.001,0.0
4194834854,2837957847,1783610670627219221,1783610670627221832,203,order,benchmark,True,0.0,0.0,,,mock,0.0,,1783610670627219221,InstrumentType.Spot,5551468688638541966,OrderType.Limit,Direction.Long,65000.33,997269392,Side.Buy,,OrderStatus.Submitted,65000.33,1653898000,BTC-USDT,TimeCondition.GTC,1783610670627219221,0.001,0.001,0.0
4194834854,2837957847,1783610670627670217,1783610670627673014,203,order,benchmark,True,0.0,0.0,,,mock,0.0,,1783610670627670217,InstrumentType.Spot,5551468688638541967,OrderType.Limit,Direction.Long,65000.54,997271168,Side.Sell,,OrderStatus.Submitted,65000.54,1653898000,BTC-USDT,TimeCondition.GTC,1783610670627670217,0.001,0.001,0.0
4194834854,2837957847,1783610670627826057,1783610670627827816,203,order,benchmark,True,0.0,0.0,,,mock,0.0,,1783610670627826057,InstrumentType.Spot,5551468688638541968,OrderType.Limit,Direction.Long,65000.35,997272944,Side.Buy,,OrderStatus.Submitted,65000.35,1653898000,BTC-USDT,TimeCondition.GTC,1783610670627826057,0.001,0.001,0.0
4194834854,2837957847,1783610670628108276,1783610670628120907,203,order,benchmark,True,0.0,0.0,,,mock,0.0,,1783610670628108276,InstrumentType.Spot,5551468688638541969,OrderType.Limit,Direction.Long,65000.56,997274720,Side.Sell,,OrderStatus.Submitted,65000.56,1653898000,BTC-USDT,TimeCondition.GTC,1783610670628108276,0.001,0.001,0.0
4194834854,2837957847,1783610670628395031,1783610670628396916,203,order,benchmark,True,0.0,0.0,,,mock,0.0,,1783610670628395031,InstrumentType.Spot,5551468688638541970,OrderType.Limit,Direction.Long,65000.37,997276496,Side.Buy,,OrderStatus.Submitted,65000.37,1653898000,BTC-USDT,TimeCondition.GTC,1783610670628395031,0.001,0.001,0.0
4194834854,2837957847,1783610670628697230,1783610670628699005,203,order,benchmark,True,0.0,0.0,,,mock,0.0,,1783610670628697230,InstrumentType.Spot,5551468688638541971,OrderType.Limit,Direction.Long,65000.58,997278272,Side.Sell,,OrderStatus.Submitted,65000.58,1653898000,BTC-USDT,TimeCondition.GTC,1783610670628697230,0.001,0.001,0.0
4194834854,2837957847,1783610670628987408,1783610670628989346,203,order,benchmark,True,0.0,0.0,,,mock,0.0,,1783610670628987408,InstrumentType.Spot,5551468688638541972,OrderType.Limit,Direction.Long,65000.39,997280048,Side.Buy,,OrderStatus.Submitted,65000.39,1653898000,BTC-USDT,TimeCondition.GTC,1783610670628987408,0.001,0.001,0.0
4194834854,2837957847,1783610670629294064,1783610670629296093,203,order,benchmark,True,0.0,0.0,,,mock,0.0,,1783610670629294064,InstrumentType.Spot,5551468688638541973,OrderType.Limit,Direction.Long,65000.6,997246144,Side.Sell,,OrderStatus.Submitted,65000.6,1653898000,BTC-USDT,TimeCondition.GTC,1783610670629294064,0.001,0.001,0.0
4194834854,2837957847,1783610670629597489,1783610670629599560,203,order,benchmark,True,0.0,0.0,,,mock,0.0,,1783610670629597489,InstrumentType.Spot,5551468688638541974,OrderType.Limit,Direction.Long,65000.41,997283968,Side.Buy,,OrderStatus.Submitted,65000.41,1653898000,BTC-USDT,TimeCondition.GTC,1783610670629597489,0.001,0.001,0.0
4194834854,2837957847,1783610670629896769,1783610670629898601,203,order,benchmark,True,0.0,0.0,,,mock,0.0,,1783610670629896769,InstrumentType.Spot,5551468688638541975,OrderType.Limit,Direction.Long,65000.619999999995,997285568,Side.Sell,,OrderStatus.Submitted,65000.619999999995,1653898000,BTC-USDT,TimeCondition.GTC,1783610670629896769,0.001,0.001,0.0
4194834854,2837957847,1783610670630208473,1783610670630210421,203,order,benchmark,True,0.0,0.0,,,mock,0.0,,1783610670630208473,InstrumentType.Spot,5551468688638541976,OrderType.Limit,Direction.Long,65000.43,997287344,Side.Buy,,OrderStatus.Submitted,65000.43,1653898000,BTC-USDT,TimeCondition.GTC,1783610670630208473,0.001,0.001,0.0
4194834854,2837957847,1783610670630495300,1783610670630497162,203,order,benchmark,True,0.0,0.0,,,mock,0.0,,1783610670630495300,InstrumentType.Spot,5551468688638541977,OrderType.Limit,Direction.Long,65000.64,997289120,Side.Sell,,OrderStatus.Submitted,65000.64,1653898000,BTC-USDT,TimeCondition.GTC,1783610670630495300,0.001,0.001,0.0
4194834854,2837957847,1783610670630797893,1783610670630799867,203,order,benchmark,True,0.0,0.0,,,mock,0.0,,1783610670630797893,InstrumentType.Spot,5551468688638541978,OrderType.Limit,Direction.Long,65000.450000000004,997290896,Side.Buy,,OrderStatus.Submitted,65000.450000000004,1653898000,BTC-USDT,TimeCondition.GTC,1783610670630797893,0.001,0.001,0.0
4194834854,2837957847,1783610670631108311,1783610670631110304,203,order,benchmark,True,0.0,0.0,,,mock,0.0,,1783610670631108311,InstrumentType.Spot,5551468688638541979,OrderType.Limit,Direction.Long,65000.659999999996,997292672,Side.Sell,,OrderStatus.Submitted,65000.659999999996,1653898000,BTC-USDT,TimeCondition.GTC,1783610670631108311,0.001,0.001,0.0
4194834854,2837957847,1783610670631392379,1783610670631394214,203,order,benchmark,True,0.0,0.0,,,mock,0.0,,1783610670631392379,InstrumentType.Spot,5551468688638541980,OrderType.Limit,Direction.Long,65000.47,997294448,Side.Buy,,OrderStatus.Submitted,65000.47,1653898000,BTC-USDT,TimeCondition.GTC,1783610670631392379,0.001,0.001,0.0
4194834854,2837957847,1783610670631693090,1783610670631695117,203,order,benchmark,True,0.0,0.0,,,mock,0.0,,1783610670631693090,InstrumentType.Spot,5551468688638541981,OrderType.Limit,Direction.Long,65000.68,997296224,Side.Sell,,OrderStatus.Submitted,65000.68,1653898000,BTC-USDT,TimeCondition.GTC,1783610670631693090,0.001,0.001,0.0
4194834854,2837957847,1783610670632001490,1783610670632013304,203,order,benchmark,True,0.0,0.0,,,mock,0.0,,1783610670632001490,InstrumentType.Spot,5551468688638541982,OrderType.Limit,Direction.Long,65000.49,997298000,Side.Buy,,OrderStatus.Submitted,65000.49,1653898000,BTC-USDT,TimeCondition.GTC,1783610670632001490,0.001,0.001,0.0
4194834854,2837957847,1783610670632296948,1783610670632298805,203,order,benchmark,True,0.0,0.0,,,mock,0.0,,1783610670632296948,InstrumentType.Spot,5551468688638541983,OrderType.Limit,Direction.Long,65000.7,997299776,Side.Sell,,OrderStatus.Submitted,65000.7,1653898000,BTC-USDT,TimeCondition.GTC,1783610670632296948,0.001,0.001,0.0
4194834854,2837957847,1783610670632594784,1783610670632596901,203,order,benchmark,True,0.0,0.0,,,mock,0.0,,1783610670632594784,InstrumentType.Spot,5551468688638541984,OrderType.Limit,Direction.Long,65000.51,997301552,Side.Buy,,OrderStatus.Submitted,65000.51,1653898000,BTC-USDT,TimeCondition.GTC,1783610670632594784,0.001,0.001,0.0
4194834854,2837957847,1783610670632893637,1783610670632895511,203,order,benchmark,True,0.0,0.0,,,mock,0.0,,1783610670632893637,InstrumentType.Spot,5551468688638541985,OrderType.Limit,Direction.Long,65000.72,997303328,Side.Sell,,OrderStatus.Submitted,65000.72,1653898000,BTC-USDT,TimeCondition.GTC,1783610670632893637,0.001,0.001,0.0
4194834854,2837957847,1783610670633206028,1783610670633208177,203,order,benchmark,True,0.0,0.0,,,mock,0.0,,1783610670633206028,InstrumentType.Spot,5551468688638541986,OrderType.Limit,Direction.Long,65000.53,997305104,Side.Buy,,OrderStatus.Submitted,65000.53,1653898000,BTC-USDT,TimeCondition.GTC,1783610670633206028,0.001,0.001,0.0
4194834854,2837957847,1783610670633493346,1783610670633495240,203,order,benchmark,True,0.0,0.0,,,mock,0.0,,1783610670633493346,InstrumentType.Spot,5551468688638541987,OrderType.Limit,Direction.Long,65000.74,997306880,Side.Sell,,OrderStatus.Submitted,65000.74,1653898000,BTC-USDT,TimeCondition.GTC,1783610670633493346,0.001,0.001,0.0
4194834854,2837957847,1783610670633908202,1783610670633910560,203,order,benchmark,True,0.0,0.0,,,mock,0.0,,1783610670633908202,InstrumentType.Spot,5551468688638541988,OrderType.Limit,Direction.Long,65000.55,997308656,Side.Buy,,OrderStatus.Submitted,65000.55,1653898000,BTC-USDT,TimeCondition.GTC,1783610670633908202,0.001,0.001,0.0
4194834854,2837957847,1783610670634160655,1783610670634163446,203,order,benchmark,True,0.0,0.0,,,mock,0.0,,1783610670634160655,InstrumentType.Spot,5551468688638541989,OrderType.Limit,Direction.Long,65000.76,997310432,Side.Sell,,OrderStatus.Submitted,65000.76,1653898000,BTC-USDT,TimeCondition.GTC,1783610670634160655,0.001,0.001,0.0
4194834854,2837957847,1783610670634391327,1783610670634393351,203,order,benchmark,True,0.0,0.0,,,mock,0.0,,1783610670634391327,InstrumentType.Spot,5551468688638541990,OrderType.Limit,Direction.Long,65000.57,997312208,Side.Buy,,OrderStatus.Submitted,65000.57,1653898000,BTC-USDT,TimeCondition.GTC,1783610670634391327,0.001,0.001,0.0
4194834854,2837957847,1783610670634698339,1783610670634700364,203,order,benchmark,True,0.0,0.0,,,mock,0.0,,1783610670634698339,InstrumentType.Spot,5551468688638541991,OrderType.Limit,Direction.Long,65000.78,997313984,Side.Sell,,OrderStatus.Submitted,65000.78,1653898000,BTC-USDT,TimeCondition.GTC,1783610670634698339,0.001,0.001,0.0
4194834854,2837957847,1783610670635006415,1783610670635008615,203,order,benchmark,True,0.0,0.0,,,mock,0.0,,1783610670635006415,InstrumentType.Spot,5551468688638541992,OrderType.Limit,Direction.Long,65000.590000000004,997315760,Side.Buy,,OrderStatus.Submitted,65000.590000000004,1653898000,BTC-USDT,TimeCondition.GTC,1783610670635006415,0.001,0.001,0.0
4194834854,2837957847,1783610670635296014,1783610670635297946,203,order,benchmark,True,0.0,0.0,,,mock,0.0,,1783610670635296014,InstrumentType.Spot,5551468688638541993,OrderType.Limit,Direction.Long,65000.799999999996,997317536,Side.Sell,,OrderStatus.Submitted,65000.799999999996,1653898000,BTC-USDT,TimeCondition.GTC,1783610670635296014,0.001,0.001,0.0
4194834854,2837957847,1783610670635597941,1783610670635599953,203,order,benchmark,True,0.0,0.0,,,mock,0.0,,1783610670635597941,InstrumentType.Spot,5551468688638541994,OrderType.Limit,Direction.Long,65000.61,997319312,Side.Buy,,OrderStatus.Submitted,65000.61,1653898000,BTC-USDT,TimeCondition.GTC,1783610670635597941,0.001,0.001,0.0
4194834854,2837957847,1783610670635906248,1783610670635915003,203,order,benchmark,True,0.0,0.0,,,mock,0.0,,1783610670635906248,InstrumentType.Spot,5551468688638541995,OrderType.Limit,Direction.Long,65000.82,997321088,Side.Sell,,OrderStatus.Submitted,65000.82,1653898000,BTC-USDT,TimeCondition.GTC,1783610670635906248,0.001,0.001,0.0
4194834854,2837957847,1783610670636195936,1783610670636197915,203,order,benchmark,True,0.0,0.0,,,mock,0.0,,1783610670636195936,InstrumentType.Spot,5551468688638541996,OrderType.Limit,Direction.Long,65000.630000000005,997322864,Side.Buy,,OrderStatus.Submitted,65000.630000000005,1653898000,BTC-USDT,TimeCondition.GTC,1783610670636195936,0.001,0.001,0.0
4194834854,2837957847,1783610670636494545,1783610670636496547,203,order,benchmark,True,0.0,0.0,,,mock,0.0,,1783610670636494545,InstrumentType.Spot,5551468688638541997,OrderType.Limit,Direction.Long,65000.84,997281824,Side.Sell,,OrderStatus.Submitted,65000.84,1653898000,BTC-USDT,TimeCondition.GTC,1783610670636494545,0.001,0.001,0.0
4194834854,2837957847,1783610670636795951,1783610670636797981,203,order,benchmark,True,0.0,0.0,,,mock,0.0,,1783610670636795951,InstrumentType.Spot,5551468688638541998,OrderType.Limit,Direction.Long,65000.65,997282816,Side.Buy,,OrderStatus.Submitted,65000.65,1653898000,BTC-USDT,TimeCondition.GTC,1783610670636795951,0.001,0.001,0.0
4194834854,2837957847,1783610670637109209,1783610670637111216,203,order,benchmark,True,0.0,0.0,,,mock,0.0,,1783610670637109209,InstrumentType.Spot,5551468688638541999,OrderType.Limit,Direction.Long,65000.86,997328416,Side.Sell,,OrderStatus.Submitted,65000.86,1653898000,BTC-USDT,TimeCondition.GTC,1783610670637109209,0.001,0.001,0.0
4194834854,2837957847,1783610670637393955,1783610670637395819,203,order,benchmark,True,0.0,0.0,,,mock,0.0,,1783610670637393955,InstrumentType.Spot,5551468688638542000,OrderType.Limit,Direction.Long,65000.67,997330192,Side.Buy,,OrderStatus.Submitted,65000.67,1653898000,BTC-USDT,TimeCondition.GTC,1783610670637393955,0.001,0.001,0.0
4194834854,2837957847,1783610670637693507,1783610670637695452,203,order,benchmark,True,0.0,0.0,,,mock,0.0,,1783610670637693507,InstrumentType.Spot,5551468688638542001,OrderType.Limit,Direction.Long,65000.88,997331968,Side.Sell,,OrderStatus.Submitted,65000.88,1653898000,BTC-USDT,TimeCondition.GTC,1783610670637693507,0.001,0.001,0.0
4194834854,2837957847,1783610670637999302,1783610670638002515,203,order,benchmark,True,0.0,0.0,,,mock,0.0,,1783610670637999302,InstrumentType.Spot,5551468688638542002,OrderType.Limit,Direction.Long,65000.69,997333744,Side.Buy,,OrderStatus.Submitted,65000.69,1653898000,BTC-USDT,TimeCondition.GTC,1783610670637999302,0.001,0.001,0.0
4194834854,2837957847,1783610670638611840,1783610670638615261,203,order,benchmark,True,0.0,0.0,,,mock,0.0,,1783610670638611840,InstrumentType.Spot,5551468688638542003,OrderType.Limit,Direction.Long,65000.9,997335520,Side.Sell,,OrderStatus.Submitted,65000.9,1653898000,BTC-USDT,TimeCondition.GTC,1783610670638611840,0.001,0.001,0.0
4194834854,2837957847,1783610670638635992,1783610670638638418,203,order,benchmark,True,0.0,0.0,,,mock,0.0,,1783610670638635992,InstrumentType.Spot,5551468688638542004,OrderType.Limit,Direction.Long,65000.71,997337264,Side.Buy,,OrderStatus.Submitted,65000.71,1653898000,BTC-USDT,TimeCondition.GTC,1783610670638635992,0.001,0.001,0.0
4194834854,2837957847,1783610670638909842,1783610670638911827,203,order,benchmark,True,0.0,0.0,,,mock,0.0,,1783610670638909842,InstrumentType.Spot,5551468688638542005,OrderType.Limit,Direction.Long,65000.92,997339072,Side.Sell,,OrderStatus.Submitted,65000.92,1653898000,BTC-USDT,TimeCondition.GTC,1783610670638909842,0.001,0.001,0.0
4194834854,2837957847,1783610670639468536,1783610670639470576,203,order,benchmark,True,0.0,0.0,,,mock,0.0,,1783610670639468536,InstrumentType.Spot,5551468688638542006,OrderType.Limit,Direction.Long,65000.73,997340848,Side.Buy,,OrderStatus.Submitted,65000.73,1653898000,BTC-USDT,TimeCondition.GTC,1783610670639468536,0.001,0.001,0.0
4194834854,2837957847,1783610670639483700,1783610670639485132,203,order,benchmark,True,0.0,0.0,,,mock,0.0,,1783610670639483700,InstrumentType.Spot,5551468688638542007,OrderType.Limit,Direction.Long,65000.939999999995,997342592,Side.Sell,,OrderStatus.Submitted,65000.939999999995,1653898000,BTC-USDT,TimeCondition.GTC,1783610670639483700,0.001,0.001,0.0
4194834854,2837957847,1783610670639807057,1783610670639825013,203,order,benchmark,True,0.0,0.0,,,mock,0.0,,1783610670639807057,InstrumentType.Spot,5551468688638542008,OrderType.Limit,Direction.Long,65000.75,997344400,Side.Buy,,OrderStatus.Submitted,65000.75,1653898000,BTC-USDT,TimeCondition.GTC,1783610670639807057,0.001,0.001,0.0
4194834854,2837957847,1783610670640418495,1783610670640423083,203,order,benchmark,True,0.0,0.0,,,mock,0.0,,1783610670640418495,InstrumentType.Spot,5551468688638542009,OrderType.Limit,Direction.Long,65000.96,997346176,Side.Sell,,OrderStatus.Submitted,65000.96,1653898000,BTC-USDT,TimeCondition.GTC,1783610670640418495,0.001,0.001,0.0
4194834854,2837957847,1783610670640446921,1783610670640449383,203,order,benchmark,True,0.0,0.0,,,mock,0.0,,1783610670640446921,InstrumentType.Spot,5551468688638542010,OrderType.Limit,Direction.Long,65000.770000000004,997347920,Side.Buy,,OrderStatus.Submitted,65000.770000000004,1653898000,BTC-USDT,TimeCondition.GTC,1783610670640446921,0.001,0.001,0.0
4194834854,2837957847,1783610670641014651,1783610670641021409,203,order,benchmark,True,0.0,0.0,,,mock,0.0,,1783610670641014651,InstrumentType.Spot,5551468688638542011,OrderType.Limit,Direction.Long,65000.979999999996,997349728,Side.Sell,,OrderStatus.Submitted,65000.979999999996,1653898000,BTC-USDT,TimeCondition.GTC,1783610670641014651,0.001,0.001,0.0
4194834854,2837957847,1783610670641053055,1783610670641055498,203,order,benchmark,True,0.0,0.0,,,mock,0.0,,1783610670641053055,InstrumentType.Spot,5551468688638542012,OrderType.Limit,Direction.Long,65000.79,997351472,Side.Buy,,OrderStatus.Submitted,65000.79,1653898000,BTC-USDT,TimeCondition.GTC,1783610670641053055,0.001,0.001,0.0
4194834854,2837957847,1783610670641412980,1783610670641417983,203,order,benchmark,True,0.0,0.0,,,mock,0.0,,1783610670641412980,InstrumentType.Spot,5551468688638542013,OrderType.Limit,Direction.Long,65001.0,997353280,Side.Sell,,OrderStatus.Submitted,65001.0,1653898000,BTC-USDT,TimeCondition.GTC,1783610670641412980,0.001,0.001,0.0
4194834854,2837957847,1783610670641784205,1783610670641787574,203,order,benchmark,True,0.0,0.0,,,mock,0.0,,1783610670641784205,InstrumentType.Spot,5551468688638542014,OrderType.Limit,Direction.Long,65000.810000000005,997355056,Side.Buy,,OrderStatus.Submitted,65000.810000000005,1653898000,BTC-USDT,TimeCondition.GTC,1783610670641784205,0.001,0.001,0.0
4194834854,2837957847,1783610670641883785,1783610670641886205,203,order,benchmark,True,0.0,0.0,,,mock,0.0,,1783610670641883785,InstrumentType.Spot,5551468688638542015,OrderType.Limit,Direction.Long,65001.02,997356832,Side.Sell,,OrderStatus.Submitted,65001.02,1653898000,BTC-USDT,TimeCondition.GTC,1783610670641883785,0.001,0.001,0.0
4194834854,2837957847,1783610670642384035,1783610670642387821,203,order,benchmark,True,0.0,0.0,,,mock,0.0,,1783610670642384035,InstrumentType.Spot,5551468688638542016,OrderType.Limit,Direction.Long,65000.83,997358608,Side.Buy,,OrderStatus.Submitted,65000.83,1653898000,BTC-USDT,TimeCondition.GTC,1783610670642384035,0.001,0.001,0.0
4194834854,2837957847,1783610670642636195,1783610670642638832,203,order,benchmark,True,0.0,0.0,,,mock,0.0,,1783610670642636195,InstrumentType.Spot,5551468688638542017,OrderType.Limit,Direction.Long,65001.04,997360384,Side.Sell,,OrderStatus.Submitted,65001.04,1653898000,BTC-USDT,TimeCondition.GTC,1783610670642636195,0.001,0.001,0.0
4194834854,2837957847,1783610670642861991,1783610670642863863,203,order,benchmark,True,0.0,0.0,,,mock,0.0,,1783610670642861991,InstrumentType.Spot,5551468688638542018,OrderType.Limit,Direction.Long,65000.85,997362160,Side.Buy,,OrderStatus.Submitted,65000.85,1653898000,BTC-USDT,TimeCondition.GTC,1783610670642861991,0.001,0.001,0.0
4194834854,2837957847,1783610670643119863,1783610670643122015,203,order,benchmark,True,0.0,0.0,,,mock,0.0,,1783610670643119863,InstrumentType.Spot,5551468688638542019,OrderType.Limit,Direction.Long,65001.06,997363936,Side.Sell,,OrderStatus.Submitted,65001.06,1653898000,BTC-USDT,TimeCondition.GTC,1783610670643119863,0.001,0.001,0.0
4194834854,2837957847,1783610670643512965,1783610670643514987,203,order,benchmark,True,0.0,0.0,,,mock,0.0,,1783610670643512965,InstrumentType.Spot,5551468688638542020,OrderType.Limit,Direction.Long,65000.87,997365712,Side.Buy,,OrderStatus.Submitted,65000.87,1653898000,BTC-USDT,TimeCondition.GTC,1783610670643512965,0.001,0.001,0.0
4194834854,2837957847,1783610670643736654,1783610670643738871,203,order,benchmark,True,0.0,0.0,,,mock,0.0,,1783610670643736654,InstrumentType.Spot,5551468688638542021,OrderType.Limit,Direction.Long,65001.08,997367488,Side.Sell,,OrderStatus.Submitted,65001.08,1653898000,BTC-USDT,TimeCondition.GTC,1783610670643736654,0.001,0.001,0.0
4194834854,2837957847,1783610670644211260,1783610670644233011,203,order,benchmark,True,0.0,0.0,,,mock,0.0,,1783610670644211260,InstrumentType.Spot,5551468688638542022,OrderType.Limit,Direction.Long,65000.89,997369264,Side.Buy,,OrderStatus.Submitted,65000.89,1653898000,BTC-USDT,TimeCondition.GTC,1783610670644211260,0.001,0.001,0.0
4194834854,2837957847,1783610670644404507,1783610670644406370,203,order,benchmark,True,0.0,0.0,,,mock,0.0,,1783610670644404507,InstrumentType.Spot,5551468688638542023,OrderType.Limit,Direction.Long,65000.1,997371040,Side.Sell,,OrderStatus.Submitted,65000.1,1653898000,BTC-USDT,TimeCondition.GTC,1783610670644404507,0.001,0.001,0.0
4194834854,2837957847,1783610670644585809,1783610670644588614,203,order,benchmark,True,0.0,0.0,,,mock,0.0,,1783610670644585809,InstrumentType.Spot,5551468688638542024,OrderType.Limit,Direction.Long,64999.91,997372816,Side.Buy,,OrderStatus.Submitted,64999.91,1653898000,BTC-USDT,TimeCondition.GTC,1783610670644585809,0.001,0.001,0.0
4194834854,2837957847,1783610670644899344,1783610670644901473,203,order,benchmark,True,0.0,0.0,,,mock,0.0,,1783610670644899344,InstrumentType.Spot,5551468688638542025,OrderType.Limit,Direction.Long,65000.119999999995,997324640,Side.Sell,,OrderStatus.Submitted,65000.119999999995,1653898000,BTC-USDT,TimeCondition.GTC,1783610670644899344,0.001,0.001,0.0
4194834854,2837957847,1783610670645204516,1783610670645206614,203,order,benchmark,True,0.0,0.0,,,mock,0.0,,1783610670645204516,InstrumentType.Spot,5551468688638542026,OrderType.Limit,Direction.Long,64999.93,997325632,Side.Buy,,OrderStatus.Submitted,64999.93,1653898000,BTC-USDT,TimeCondition.GTC,1783610670645204516,0.001,0.001,0.0
4194834854,2837957847,1783610670645496971,1783610670645500030,203,order,benchmark,True,0.0,0.0,,,mock,0.0,,1783610670645496971,InstrumentType.Spot,5551468688638542027,OrderType.Limit,Direction.Long,65000.14,997378400,Side.Sell,,OrderStatus.Submitted,65000.14,1653898000,BTC-USDT,TimeCondition.GTC,1783610670645496971,0.001,0.001,0.0
4194834854,2837957847,1783610670645915549,1783610670645917737,203,order,benchmark,True,0.0,0.0,,,mock,0.0,,1783610670645915549,InstrumentType.Spot,5551468688638542028,OrderType.Limit,Direction.Long,64999.950000000004,997380176,Side.Buy,,OrderStatus.Submitted,64999.950000000004,1653898000,BTC-USDT,TimeCondition.GTC,1783610670645915549,0.001,0.001,0.0
4194834854,2837957847,1783610670646147836,1783610670646149949,203,order,benchmark,True,0.0,0.0,,,mock,0.0,,1783610670646147836,InstrumentType.Spot,5551468688638542029,OrderType.Limit,Direction.Long,65000.159999999996,997381952,Side.Sell,,OrderStatus.Submitted,65000.159999999996,1653898000,BTC-USDT,TimeCondition.GTC,1783610670646147836,0.001,0.001,0.0
4194834854,2837957847,1783610670646396722,1783610670646398582,203,order,benchmark,True,0.0,0.0,,,mock,0.0,,1783610670646396722,InstrumentType.Spot,5551468688638542030,OrderType.Limit,Direction.Long,64999.97,997383728,Side.Buy,,OrderStatus.Submitted,64999.97,1653898000,BTC-USDT,TimeCondition.GTC,1783610670646396722,0.001,0.001,0.0
4194834854,2837957847,1783610670646818744,1783610670646820958,203,order,benchmark,True,0.0,0.0,,,mock,0.0,,1783610670646818744,InstrumentType.Spot,5551468688638542031,OrderType.Limit,Direction.Long,65000.18,997385504,Side.Sell,,OrderStatus.Submitted,65000.18,1653898000,BTC-USDT,TimeCondition.GTC,1783610670646818744,0.001,0.001,0.0
4194834854,2837957847,1783610670647043065,1783610670647045001,203,order,benchmark,True,0.0,0.0,,,mock,0.0,,1783610670647043065,InstrumentType.Spot,5551468688638542032,OrderType.Limit,Direction.Long,64999.99,997387280,Side.Buy,,OrderStatus.Submitted,64999.99,1653898000,BTC-USDT,TimeCondition.GTC,1783610670647043065,0.001,0.001,0.0
4194834854,2837957847,1783610670647317022,1783610670647319071,203,order,benchmark,True,0.0,0.0,,,mock,0.0,,1783610670647317022,InstrumentType.Spot,5551468688638542033,OrderType.Limit,Direction.Long,65000.2,997389056,Side.Sell,,OrderStatus.Submitted,65000.2,1653898000,BTC-USDT,TimeCondition.GTC,1783610670647317022,0.001,0.001,0.0
4194834854,2837957847,1783610670647602094,1783610670647604101,203,order,benchmark,True,0.0,0.0,,,mock,0.0,,1783610670647602094,InstrumentType.Spot,5551468688638542034,OrderType.Limit,Direction.Long,65000.01,997390832,Side.Buy,,OrderStatus.Submitted,65000.01,1653898000,BTC-USDT,TimeCondition.GTC,1783610670647602094,0.001,0.001,0.0
4194834854,2837957847,1783610670648033144,1783610670648047231,203,order,benchmark,True,0.0,0.0,,,mock,0.0,,1783610670648033144,InstrumentType.Spot,5551468688638542035,OrderType.Limit,Direction.Long,65000.22,997392608,Side.Sell,,OrderStatus.Submitted,65000.22,1653898000,BTC-USDT,TimeCondition.GTC,1783610670648033144,0.001,0.001,0.0
4194834854,2837957847,1783610670648276759,1783610670648278968,203,order,benchmark,True,0.0,0.0,,,mock,0.0,,1783610670648276759,InstrumentType.Spot,5551468688638542036,OrderType.Limit,Direction.Long,65000.03,997394384,Side.Buy,,OrderStatus.Submitted,65000.03,1653898000,BTC-USDT,TimeCondition.GTC,1783610670648276759,0.001,0.001,0.0
4194834854,2837957847,1783610670648421073,1783610670648423756,203,order,benchmark,True,0.0,0.0,,,mock,0.0,,1783610670648421073,InstrumentType.Spot,5551468688638542037,OrderType.Limit,Direction.Long,65000.24,997396160,Side.Sell,,OrderStatus.Submitted,65000.24,1653898000,BTC-USDT,TimeCondition.GTC,1783610670648421073,0.001,0.001,0.0
4194834854,2837957847,1783610670648936491,1783610670648942815,203,order,benchmark,True,0.0,0.0,,,mock,0.0,,1783610670648936491,InstrumentType.Spot,5551468688638542038,OrderType.Limit,Direction.Long,65000.05,997397936,Side.Buy,,OrderStatus.Submitted,65000.05,1653898000,BTC-USDT,TimeCondition.GTC,1783610670648936491,0.001,0.001,0.0
4194834854,2837957847,1783610670649177017,1783610670649180972,203,order,benchmark,True,0.0,0.0,,,mock,0.0,,1783610670649177017,InstrumentType.Spot,5551468688638542039,OrderType.Limit,Direction.Long,65000.26,997399712,Side.Sell,,OrderStatus.Submitted,65000.26,1653898000,BTC-USDT,TimeCondition.GTC,1783610670649177017,0.001,0.001,0.0
4194834854,2837957847,1783610670649363832,1783610670649367911,203,order,benchmark,True,0.0,0.0,,,mock,0.0,,1783610670649363832,InstrumentType.Spot,5551468688638542040,OrderType.Limit,Direction.Long,65000.07,997401488,Side.Buy,,OrderStatus.Submitted,65000.07,1653898000,BTC-USDT,TimeCondition.GTC,1783610670649363832,0.001,0.001,0.0
4194834854,2837957847,1783610670649837222,1783610670649840527,203,order,benchmark,True,0.0,0.0,,,mock,0.0,,1783610670649837222,InstrumentType.Spot,5551468688638542041,OrderType.Limit,Direction.Long,65000.28,997403264,Side.Sell,,OrderStatus.Submitted,65000.28,1653898000,BTC-USDT,TimeCondition.GTC,1783610670649837222,0.001,0.001,0.0
4194834854,2837957847,1783610670650086889,1783610670650089341,203,order,benchmark,True,0.0,0.0,,,mock,0.0,,1783610670650086889,InstrumentType.Spot,5551468688638542042,OrderType.Limit,Direction.Long,65000.090000000004,997405040,Side.Buy,,OrderStatus.Submitted,65000.090000000004,1653898000,BTC-USDT,TimeCondition.GTC,1783610670650086889,0.001,0.001,0.0
4194834854,2837957847,1783610670650333566,1783610670650336020,203,order,benchmark,True,0.0,0.0,,,mock,0.0,,1783610670650333566,InstrumentType.Spot,5551468688638542043,OrderType.Limit,Direction.Long,65000.299999999996,997406816,Side.Sell,,OrderStatus.Submitted,65000.299999999996,1653898000,BTC-USDT,TimeCondition.GTC,1783610670650333566,0.001,0.001,0.0
4194834854,2837957847,1783610670650742120,1783610670650745942,203,order,benchmark,True,0.0,0.0,,,mock,0.0,,1783610670650742120,InstrumentType.Spot,5551468688638542044,OrderType.Limit,Direction.Long,65000.11,997408592,Side.Buy,,OrderStatus.Submitted,65000.11,1653898000,BTC-USDT,TimeCondition.GTC,1783610670650742120,0.001,0.001,0.0
4194834854,2837957847,1783610670651104968,1783610670651107944,203,order,benchmark,True,0.0,0.0,,,mock,0.0,,1783610670651104968,InstrumentType.Spot,5551468688638542045,OrderType.Limit,Direction.Long,65000.32,997410368,Side.Sell,,OrderStatus.Submitted,65000.32,1653898000,BTC-USDT,TimeCondition.GTC,1783610670651104968,0.001,0.001,0.0
4194834854,2837957847,1783610670651135037,1783610670651137553,203,order,benchmark,True,0.0,0.0,,,mock,0.0,,1783610670651135037,InstrumentType.Spot,5551468688638542046,OrderType.Limit,Direction.Long,65000.130000000005,997412144,Side.Buy,,OrderStatus.Submitted,65000.130000000005,1653898000,BTC-USDT,TimeCondition.GTC,1783610670651135037,0.001,0.001,0.0
4194834854,2837957847,1783610670651563558,1783610670651566840,203,order,benchmark,True,0.0,0.0,,,mock,0.0,,1783610670651563558,InstrumentType.Spot,5551468688638542047,OrderType.Limit,Direction.Long,65000.34,997413920,Side.Sell,,OrderStatus.Submitted,65000.34,1653898000,BTC-USDT,TimeCondition.GTC,1783610670651563558,0.001,0.001,0.0
4194834854,2837957847,1783610670651812915,1783610670651830122,203,order,benchmark,True,0.0,0.0,,,mock,0.0,,1783610670651812915,InstrumentType.Spot,5551468688638542048,OrderType.Limit,Direction.Long,65000.15,997415696,Side.Buy,,OrderStatus.Submitted,65000.15,1653898000,BTC-USDT,TimeCondition.GTC,1783610670651812915,0.001,0.001,0.0
4194834854,2837957847,1783610670652040951,1783610670652044076,203,order,benchmark,True,0.0,0.0,,,mock,0.0,,1783610670652040951,InstrumentType.Spot,5551468688638542049,OrderType.Limit,Direction.Long,65000.36,997417472,Side.Sell,,OrderStatus.Submitted,65000.36,1653898000,BTC-USDT,TimeCondition.GTC,1783610670652040951,0.001,0.001,0.0
4194834854,2837957847,1783610670652414924,1783610670652417359,203,order,benchmark,True,0.0,0.0,,,mock,0.0,,1783610670652414924,InstrumentType.Spot,5551468688638542050,OrderType.Limit,Direction.Long,65000.17,997419248,Side.Buy,,OrderStatus.Submitted,65000.17,1653898000,BTC-USDT,TimeCondition.GTC,1783610670652414924,0.001,0.001,0.0
4194834854,2837957847,1783610670652627499,1783610670652630637,203,order,benchmark,True,0.0,0.0,,,mock,0.0,,1783610670652627499,InstrumentType.Spot,5551468688638542051,OrderType.Limit,Direction.Long,65000.38,997421024,Side.Sell,,OrderStatus.Submitted,65000.38,1653898000,BTC-USDT,TimeCondition.GTC,1783610670652627499,0.001,0.001,0.0
4194834854,2837957847,1783610670653120877,1783610670653123735,203,order,benchmark,True,0.0,0.0,,,mock,0.0,,1783610670653120877,InstrumentType.Spot,5551468688638542052,OrderType.Limit,Direction.Long,65000.19,997422800,Side.Buy,,OrderStatus.Submitted,65000.19,1653898000,BTC-USDT,TimeCondition.GTC,1783610670653120877,0.001,0.001,0.0
4194834854,2837957847,1783610670653328026,1783610670653330995,203,order,benchmark,True,0.0,0.0,,,mock,0.0,,1783610670653328026,InstrumentType.Spot,5551468688638542053,OrderType.Limit,Direction.Long,65000.4,997424576,Side.Sell,,OrderStatus.Submitted,65000.4,1653898000,BTC-USDT,TimeCondition.GTC,1783610670653328026,0.001,0.001,0.0
4194834854,2837957847,1783610670653542747,1783610670653545883,203,order,benchmark,True,0.0,0.0,,,mock,0.0,,1783610670653542747,InstrumentType.Spot,5551468688638542054,OrderType.Limit,Direction.Long,65000.21,997426352,Side.Buy,,OrderStatus.Submitted,65000.21,1653898000,BTC-USDT,TimeCondition.GTC,1783610670653542747,0.001,0.001,0.0
4194834854,2837957847,1783610670653909476,1783610670653911685,203,order,benchmark,True,0.0,0.0,,,mock,0.0,,1783610670653909476,InstrumentType.Spot,5551468688638542055,OrderType.Limit,Direction.Long,65000.42,997428128,Side.Sell,,OrderStatus.Submitted,65000.42,1653898000,BTC-USDT,TimeCondition.GTC,1783610670653909476,0.001,0.001,0.0
4194834854,2837957847,1783610670654118712,1783610670654121625,203,order,benchmark,True,0.0,0.0,,,mock,0.0,,1783610670654118712,InstrumentType.Spot,5551468688638542056,OrderType.Limit,Direction.Long,65000.23,997429904,Side.Buy,,OrderStatus.Submitted,65000.23,1653898000,BTC-USDT,TimeCondition.GTC,1783610670654118712,0.001,0.001,0.0
4194834854,2837957847,1783610670654508179,1783610670654510561,203,order,benchmark,True,0.0,0.0,,,mock,0.0,,1783610670654508179,InstrumentType.Spot,5551468688638542057,OrderType.Limit,Direction.Long,65000.439999999995,997374592,Side.Sell,,OrderStatus.Submitted,65000.439999999995,1653898000,BTC-USDT,TimeCondition.GTC,1783610670654508179,0.001,0.001,0.0
4194834854,2837957847,1783610670654805386,1783610670654807398,203,order,benchmark,True,0.0,0.0,,,mock,0.0,,1783610670654805386,InstrumentType.Spot,5551468688638542058,OrderType.Limit,Direction.Long,65000.25,997433808,Side.Buy,,OrderStatus.Submitted,65000.25,1653898000,BTC-USDT,TimeCondition.GTC,1783610670654805386,0.001,0.001,0.0
4194834854,2837957847,1783610670655244948,1783610670655248234,203,order,benchmark,True,0.0,0.0,,,mock,0.0,,1783610670655244948,InstrumentType.Spot,5551468688638542059,OrderType.Limit,Direction.Long,65000.46,997435520,Side.Sell,,OrderStatus.Submitted,65000.46,1653898000,BTC-USDT,TimeCondition.GTC,1783610670655244948,0.001,0.001,0.0
4194834854,2837957847,1783610670655461384,1783610670655463318,203,order,benchmark,True,0.0,0.0,,,mock,0.0,,1783610670655461384,InstrumentType.Spot,5551468688638542060,OrderType.Limit,Direction.Long,65000.270000000004,997437296,Side.Buy,,OrderStatus.Submitted,65000.270000000004,1653898000,BTC-USDT,TimeCondition.GTC,1783610670655461384,0.001,0.001,0.0
4194834854,2837957847,1783610670655699767,1783610670655711672,203,order,benchmark,True,0.0,0.0,,,mock,0.0,,1783610670655699767,InstrumentType.Spot,5551468688638542061,OrderType.Limit,Direction.Long,65000.479999999996,997439072,Side.Sell,,OrderStatus.Submitted,65000.479999999996,1653898000,BTC-USDT,TimeCondition.GTC,1783610670655699767,0.001,0.001,0.0
4194834854,2837957847,1783610670656012327,1783610670656014374,203,order,benchmark,True,0.0,0.0,,,mock,0.0,,1783610670656012327,InstrumentType.Spot,5551468688638542062,OrderType.Limit,Direction.Long,65000.29,997440848,Side.Buy,,OrderStatus.Submitted,65000.29,1653898000,BTC-USDT,TimeCondition.GTC,1783610670656012327,0.001,0.001,0.0
4194834854,2837957847,1783610670656300169,1783610670656303329,203,order,benchmark,True,0.0,0.0,,,mock,0.0,,1783610670656300169,InstrumentType.Spot,5551468688638542063,OrderType.Limit,Direction.Long,65000.5,997442624,Side.Sell,,OrderStatus.Submitted,65000.5,1653898000,BTC-USDT,TimeCondition.GTC,1783610670656300169,0.001,0.001,0.0
4194834854,2837957847,1783610670656599590,1783610670656601608,203,order,benchmark,True,0.0,0.0,,,mock,0.0,,1783610670656599590,InstrumentType.Spot,5551468688638542064,OrderType.Limit,Direction.Long,65000.310000000005,997444400,Side.Buy,,OrderStatus.Submitted,65000.310000000005,1653898000,BTC-USDT,TimeCondition.GTC,1783610670656599590,0.001,0.001,0.0
4194834854,2837957847,1783610670656893795,1783610670656895619,203,order,benchmark,True,0.0,0.0,,,mock,0.0,,1783610670656893795,InstrumentType.Spot,5551468688638542065,OrderType.Limit,Direction.Long,65000.52,997446176,Side.Sell,,OrderStatus.Submitted,65000.52,1653898000,BTC-USDT,TimeCondition.GTC,1783610670656893795,0.001,0.001,0.0
4194834854,2837957847,1783610670657197652,1783610670657199496,203,order,benchmark,True,0.0,0.0,,,mock,0.0,,1783610670657197652,InstrumentType.Spot,5551468688638542066,OrderType.Limit,Direction.Long,65000.33,997447952,Side.Buy,,OrderStatus.Submitted,65000.33,1653898000,BTC-USDT,TimeCondition.GTC,1783610670657197652,0.001,0.001,0.0
4194834854,2837957847,1783610670657498077,1783610670657500122,203,order,benchmark,True,0.0,0.0,,,mock,0.0,,1783610670657498077,InstrumentType.Spot,5551468688638542067,OrderType.Limit,Direction.Long,65000.54,997449728,Side.Sell,,OrderStatus.Submitted,65000.54,1653898000,BTC-USDT,TimeCondition.GTC,1783610670657498077,0.001,0.001,0.0
4194834854,2837957847,1783610670657797989,1783610670657799900,203,order,benchmark,True,0.0,0.0,,,mock,0.0,,1783610670657797989,InstrumentType.Spot,5551468688638542068,OrderType.Limit,Direction.Long,65000.35,997451504,Side.Buy,,OrderStatus.Submitted,65000.35,1653898000,BTC-USDT,TimeCondition.GTC,1783610670657797989,0.001,0.001,0.0
4194834854,2837957847,1783610670658098816,1783610670658100699,203,order,benchmark,True,0.0,0.0,,,mock,0.0,,1783610670658098816,InstrumentType.Spot,5551468688638542069,OrderType.Limit,Direction.Long,65000.56,997453280,Side.Sell,,OrderStatus.Submitted,65000.56,1653898000,BTC-USDT,TimeCondition.GTC,1783610670658098816,0.001,0.001,0.0
4194834854,2837957847,1783610670658392624,1783610670658394447,203,order,benchmark,True,0.0,0.0,,,mock,0.0,,1783610670658392624,InstrumentType.Spot,5551468688638542070,OrderType.Limit,Direction.Long,65000.37,997455056,Side.Buy,,OrderStatus.Submitted,65000.37,1653898000,BTC-USDT,TimeCondition.GTC,1783610670658392624,0.001,0.001,0.0
4194834854,2837957847,1783610670658694537,1783610670658696585,203,order,benchmark,True,0.0,0.0,,,mock,0.0,,1783610670658694537,InstrumentType.Spot,5551468688638542071,OrderType.Limit,Direction.Long,65000.58,997456832,Side.Sell,,OrderStatus.Submitted,65000.58,1653898000,BTC-USDT,TimeCondition.GTC,1783610670658694537,0.001,0.001,0.0
4194834854,2837957847,1783610670659010250,1783610670659012536,203,order,benchmark,True,0.0,0.0,,,mock,0.0,,1783610670659010250,InstrumentType.Spot,5551468688638542072,OrderType.Limit,Direction.Long,65000.39,997458608,Side.Buy,,OrderStatus.Submitted,65000.39,1653898000,BTC-USDT,TimeCondition.GTC,1783610670659010250,0.001,0.001,0.0
4194834854,2837957847,1783610670659297676,1783610670659299585,203,order,benchmark,True,0.0,0.0,,,mock,0.0,,1783610670659297676,InstrumentType.Spot,5551468688638542073,OrderType.Limit,Direction.Long,65000.6,997460384,Side.Sell,,OrderStatus.Submitted,65000.6,1653898000,BTC-USDT,TimeCondition.GTC,1783610670659297676,0.001,0.001,0.0
4194834854,2837957847,1783610670659593896,1783610670659603373,203,order,benchmark,True,0.0,0.0,,,mock,0.0,,1783610670659593896,InstrumentType.Spot,5551468688638542074,OrderType.Limit,Direction.Long,65000.41,997462160,Side.Buy,,OrderStatus.Submitted,65000.41,1653898000,BTC-USDT,TimeCondition.GTC,1783610670659593896,0.001,0.001,0.0
4194834854,2837957847,1783610670659890432,1783610670659892357,203,order,benchmark,True,0.0,0.0,,,mock,0.0,,1783610670659890432,InstrumentType.Spot,5551468688638542075,OrderType.Limit,Direction.Long,65000.619999999995,997463936,Side.Sell,,OrderStatus.Submitted,65000.619999999995,1653898000,BTC-USDT,TimeCondition.GTC,1783610670659890432,0.001,0.001,0.0
4194834854,2837957847,1783610670660205299,1783610670660207184,203,order,benchmark,True,0.0,0.0,,,mock,0.0,,1783610670660205299,InstrumentType.Spot,5551468688638542076,OrderType.Limit,Direction.Long,65000.43,997465712,Side.Buy,,OrderStatus.Submitted,65000.43,1653898000,BTC-USDT,TimeCondition.GTC,1783610670660205299,0.001,0.001,0.0
4194834854,2837957847,1783610670660966506,1783610670660970450,203,order,benchmark,True,0.0,0.0,,,mock,0.0,,1783610670660966506,InstrumentType.Spot,5551468688638542077,OrderType.Limit,Direction.Long,65000.64,997467488,Side.Sell,,OrderStatus.Submitted,65000.64,1653898000,BTC-USDT,TimeCondition.GTC,1783610670660966506,0.001,0.001,0.0
4194834854,2837957847,1783610670660991487,1783610670660993897,203,order,benchmark,True,0.0,0.0,,,mock,0.0,,1783610670660991487,InstrumentType.Spot,5551468688638542078,OrderType.Limit,Direction.Long,65000.450000000004,997469232,Side.Buy,,OrderStatus.Submitted,65000.450000000004,1653898000,BTC-USDT,TimeCondition.GTC,1783610670660991487,0.001,0.001,0.0
4194834854,2837957847,1783610670661082995,1783610670661084600,203,order,benchmark,True,0.0,0.0,,,mock,0.0,,1783610670661082995,InstrumentType.Spot,5551468688638542079,OrderType.Limit,Direction.Long,65000.659999999996,997471040,Side.Sell,,OrderStatus.Submitted,65000.659999999996,1653898000,BTC-USDT,TimeCondition.GTC,1783610670661082995,0.001,0.001,0.0
4194834854,2837957847,1783610670661371334,1783610670661373347,203,order,benchmark,True,0.0,0.0,,,mock,0.0,,1783610670661371334,InstrumentType.Spot,5551468688638542080,OrderType.Limit,Direction.Long,65000.47,997472816,Side.Buy,,OrderStatus.Submitted,65000.47,1653898000,BTC-USDT,TimeCondition.GTC,1783610670661371334,0.001,0.001,0.0
4194834854,2837957847,1783610670661716127,1783610670661718211,203,order,benchmark,True,0.0,0.0,,,mock,0.0,,1783610670661716127,InstrumentType.Spot,5551468688638542081,OrderType.Limit,Direction.Long,65000.68,997474592,Side.Sell,,OrderStatus.Submitted,65000.68,1653898000,BTC-USDT,TimeCondition.GTC,1783610670661716127,0.001,0.001,0.0
4194834854,2837957847,1783610670662131085,1783610670662134036,203,order,benchmark,True,0.0,0.0,,,mock,0.0,,1783610670662131085,InstrumentType.Spot,5551468688638542082,OrderType.Limit,Direction.Long,65000.49,997476368,Side.Buy,,OrderStatus.Submitted,65000.49,1653898000,BTC-USDT,TimeCondition.GTC,1783610670662131085,0.001,0.001,0.0
4194834854,2837957847,1783610670662353744,1783610670662355719,203,order,benchmark,True,0.0,0.0,,,mock,0.0,,1783610670662353744,InstrumentType.Spot,5551468688638542083,OrderType.Limit,Direction.Long,65000.7,997478144,Side.Sell,,OrderStatus.Submitted,65000.7,1653898000,BTC-USDT,TimeCondition.GTC,1783610670662353744,0.001,0.001,0.0
4194834854,2837957847,1783610670662600865,1783610670662602854,203,order,benchmark,True,0.0,0.0,,,mock,0.0,,1783610670662600865,InstrumentType.Spot,5551468688638542084,OrderType.Limit,Direction.Long,65000.51,997479920,Side.Buy,,OrderStatus.Submitted,65000.51,1653898000,BTC-USDT,TimeCondition.GTC,1783610670662600865,0.001,0.001,0.0
4194834854,2837957847,1783610670662903385,1783610670662905278,203,order,benchmark,True,0.0,0.0,,,mock,0.0,,1783610670662903385,InstrumentType.Spot,5551468688638542085,OrderType.Limit,Direction.Long,65000.72,997481696,Side.Sell,,OrderStatus.Submitted,65000.72,1653898000,BTC-USDT,TimeCondition.GTC,1783610670662903385,0.001,0.001,0.0
4194834854,2837957847,1783610670663206135,1783610670663208174,203,order,benchmark,True,0.0,0.0,,,mock,0.0,,1783610670663206135,InstrumentType.Spot,5551468688638542086,OrderType.Limit,Direction.Long,65000.53,997483472,Side.Buy,,OrderStatus.Submitted,65000.53,1653898000,BTC-USDT,TimeCondition.GTC,1783610670663206135,0.001,0.001,0.0
4194834854,2837957847,1783610670663506092,1783610670663507994,203,order,benchmark,True,0.0,0.0,,,mock,0.0,,1783610670663506092,InstrumentType.Spot,5551468688638542087,OrderType.Limit,Direction.Long,65000.74,997485248,Side.Sell,,OrderStatus.Submitted,65000.74,1653898000,BTC-USDT,TimeCondition.GTC,1783610670663506092,0.001,0.001,0.0
4194834854,2837957847,1783610670663804826,1783610670663815936,203,order,benchmark,True,0.0,0.0,,,mock,0.0,,1783610670663804826,InstrumentType.Spot,5551468688638542088,OrderType.Limit,Direction.Long,65000.55,997487024,Side.Buy,,OrderStatus.Submitted,65000.55,1653898000,BTC-USDT,TimeCondition.GTC,1783610670663804826,0.001,0.001,0.0
4194834854,2837957847,1783610670664105449,1783610670664107394,203,order,benchmark,True,0.0,0.0,,,mock,0.0,,1783610670664105449,InstrumentType.Spot,5551468688638542089,OrderType.Limit,Direction.Long,65000.76,997488800,Side.Sell,,OrderStatus.Submitted,65000.76,1653898000,BTC-USDT,TimeCondition.GTC,1783610670664105449,0.001,0.001,0.0
4194834854,2837957847,1783610670664397157,1783610670664399211,203,order,benchmark,True,0.0,0.0,,,mock,0.0,,1783610670664397157,InstrumentType.Spot,5551468688638542090,OrderType.Limit,Direction.Long,65000.57,997490576,Side.Buy,,OrderStatus.Submitted,65000.57,1653898000,BTC-USDT,TimeCondition.GTC,1783610670664397157,0.001,0.001,0.0
4194834854,2837957847,1783610670664704042,1783610670664706242,203,order,benchmark,True,0.0,0.0,,,mock,0.0,,1783610670664704042,InstrumentType.Spot,5551468688638542091,OrderType.Limit,Direction.Long,65000.78,997492352,Side.Sell,,OrderStatus.Submitted,65000.78,1653898000,BTC-USDT,TimeCondition.GTC,1783610670664704042,0.001,0.001,0.0
4194834854,2837957847,1783610670665001876,1783610670665004205,203,order,benchmark,True,0.0,0.0,,,mock,0.0,,1783610670665001876,InstrumentType.Spot,5551468688638542092,OrderType.Limit,Direction.Long,65000.590000000004,997494128,Side.Buy,,OrderStatus.Submitted,65000.590000000004,1653898000,BTC-USDT,TimeCondition.GTC,1783610670665001876,0.001,0.001,0.0
4194834854,2837957847,1783610670665296029,1783610670665297850,203,order,benchmark,True,0.0,0.0,,,mock,0.0,,1783610670665296029,InstrumentType.Spot,5551468688638542093,OrderType.Limit,Direction.Long,65000.799999999996,997431680,Side.Sell,,OrderStatus.Submitted,65000.799999999996,1653898000,BTC-USDT,TimeCondition.GTC,1783610670665296029,0.001,0.001,0.0
4194834854,2837957847,1783610670665594486,1783610670665596315,203,order,benchmark,True,0.0,0.0,,,mock,0.0,,1783610670665594486,InstrumentType.Spot,5551468688638542094,OrderType.Limit,Direction.Long,65000.61,997433456,Side.Buy,,OrderStatus.Submitted,65000.61,1653898000,BTC-USDT,TimeCondition.GTC,1783610670665594486,0.001,0.001,0.0
4194834854,2837957847,1783610670665886208,1783610670665888220,203,order,benchmark,True,0.0,0.0,,,mock,0.0,,1783610670665886208,InstrumentType.Spot,5551468688638542095,OrderType.Limit,Direction.Long,65000.82,997499776,Side.Sell,,OrderStatus.Submitted,65000.82,1653898000,BTC-USDT,TimeCondition.GTC,1783610670665886208,0.001,0.001,0.0
4194834854,2837957847,1783610670666199410,1783610670666201491,203,order,benchmark,True,0.0,0.0,,,mock,0.0,,1783610670666199410,InstrumentType.Spot,5551468688638542096,OrderType.Limit,Direction.Long,65000.630000000005,997501552,Side.Buy,,OrderStatus.Submitted,65000.630000000005,1653898000,BTC-USDT,TimeCondition.GTC,1783610670666199410,0.001,0.001,0.0
4194834854,2837957847,1783610670666495723,1783610670666497631,203,order,benchmark,True,0.0,0.0,,,mock,0.0,,1783610670666495723,InstrumentType.Spot,5551468688638542097,OrderType.Limit,Direction.Long,65000.84,997503328,Side.Sell,,OrderStatus.Submitted,65000.84,1653898000,BTC-USDT,TimeCondition.GTC,1783610670666495723,0.001,0.001,0.0
4194834854,2837957847,1783610670666798234,1783610670666800303,203,order,benchmark,True,0.0,0.0,,,mock,0.0,,1783610670666798234,InstrumentType.Spot,5551468688638542098,OrderType.Limit,Direction.Long,65000.65,997505104,Side.Buy,,OrderStatus.Submitted,65000.65,1653898000,BTC-USDT,TimeCondition.GTC,1783610670666798234,0.001,0.001,0.0
4194834854,2837957847,1783610670667106917,1783610670667108893,203,order,benchmark,True,0.0,0.0,,,mock,0.0,,1783610670667106917,InstrumentType.Spot,5551468688638542099,OrderType.Limit,Direction.Long,65000.86,997506880,Side.Sell,,OrderStatus.Submitted,65000.86,1653898000,BTC-USDT,TimeCondition.GTC,1783610670667106917,0.001,0.001,0.0
4194834854,2837957847,1783610670667399600,1783610670667401690,203,order,benchmark,True,0.0,0.0,,,mock,0.0,,1783610670667399600,InstrumentType.Spot,5551468688638542100,OrderType.Limit,Direction.Long,65000.67,997508656,Side.Buy,,OrderStatus.Submitted,65000.67,1653898000,BTC-USDT,TimeCondition.GTC,1783610670667399600,0.001,0.001,0.0
4194834854,2837957847,1783610670667696303,1783610670667705154,203,order,benchmark,True,0.0,0.0,,,mock,0.0,,1783610670667696303,InstrumentType.Spot,5551468688638542101,OrderType.Limit,Direction.Long,65000.88,997510432,Side.Sell,,OrderStatus.Submitted,65000.88,1653898000,BTC-USDT,TimeCondition.GTC,1783610670667696303,0.001,0.001,0.0
4194834854,2837957847,1783610670668011191,1783610670668013412,203,order,benchmark,True,0.0,0.0,,,mock,0.0,,1783610670668011191,InstrumentType.Spot,5551468688638542102,OrderType.Limit,Direction.Long,65000.69,997512208,Side.Buy,,OrderStatus.Submitted,65000.69,1653898000,BTC-USDT,TimeCondition.GTC,1783610670668011191,0.001,0.001,0.0
4194834854,2837957847,1783610670668434453,1783610670668437022,203,order,benchmark,True,0.0,0.0,,,mock,0.0,,1783610670668434453,InstrumentType.Spot,5551468688638542103,OrderType.Limit,Direction.Long,65000.9,997513984,Side.Sell,,OrderStatus.Submitted,65000.9,1653898000,BTC-USDT,TimeCondition.GTC,1783610670668434453,0.001,0.001,0.0
4194834854,2837957847,1783610670668646098,1783610670668647836,203,order,benchmark,True,0.0,0.0,,,mock,0.0,,1783610670668646098,InstrumentType.Spot,5551468688638542104,OrderType.Limit,Direction.Long,65000.71,997515760,Side.Buy,,OrderStatus.Submitted,65000.71,1653898000,BTC-USDT,TimeCondition.GTC,1783610670668646098,0.001,0.001,0.0
4194834854,2837957847,1783610670668898428,1783610670668900320,203,order,benchmark,True,0.0,0.0,,,mock,0.0,,1783610670668898428,InstrumentType.Spot,5551468688638542105,OrderType.Limit,Direction.Long,65000.92,997517536,Side.Sell,,OrderStatus.Submitted,65000.92,1653898000,BTC-USDT,TimeCondition.GTC,1783610670668898428,0.001,0.001,0.0
4194834854,2837957847,1783610670669310598,1783610670669312974,203,order,benchmark,True,0.0,0.0,,,mock,0.0,,1783610670669310598,InstrumentType.Spot,5551468688638542106,OrderType.Limit,Direction.Long,65000.73,997519312,Side.Buy,,OrderStatus.Submitted,65000.73,1653898000,BTC-USDT,TimeCondition.GTC,1783610670669310598,0.001,0.001,0.0
4194834854,2837957847,1783610670669532006,1783610670669533993,203,order,benchmark,True,0.0,0.0,,,mock,0.0,,1783610670669532006,InstrumentType.Spot,5551468688638542107,OrderType.Limit,Direction.Long,65000.939999999995,997521088,Side.Sell,,OrderStatus.Submitted,65000.939999999995,1653898000,BTC-USDT,TimeCondition.GTC,1783610670669532006,0.001,0.001,0.0
4194834854,2837957847,1783610670669911672,1783610670669913611,203,order,benchmark,True,0.0,0.0,,,mock,0.0,,1783610670669911672,InstrumentType.Spot,5551468688638542108,OrderType.Limit,Direction.Long,65000.75,997522864,Side.Buy,,OrderStatus.Submitted,65000.75,1653898000,BTC-USDT,TimeCondition.GTC,1783610670669911672,0.001,0.001,0.0
4194834854,2837957847,1783610670670134804,1783610670670137424,203,order,benchmark,True,0.0,0.0,,,mock,0.0,,1783610670670134804,InstrumentType.Spot,5551468688638542109,OrderType.Limit,Direction.Long,65000.96,997524640,Side.Sell,,OrderStatus.Submitted,65000.96,1653898000,BTC-USDT,TimeCondition.GTC,1783610670670134804,0.001,0.001,0.0
4194834854,2837957847,1783610670670402902,1783610670670405146,203,order,benchmark,True,0.0,0.0,,,mock,0.0,,1783610670670402902,InstrumentType.Spot,5551468688638542110,OrderType.Limit,Direction.Long,65000.770000000004,997526416,Side.Buy,,OrderStatus.Submitted,65000.770000000004,1653898000,BTC-USDT,TimeCondition.GTC,1783610670670402902,0.001,0.001,0.0
4194834854,2837957847,1783610670670696973,1783610670670698826,203,order,benchmark,True,0.0,0.0,,,mock,0.0,,1783610670670696973,InstrumentType.Spot,5551468688638542111,OrderType.Limit,Direction.Long,65000.979999999996,997528192,Side.Sell,,OrderStatus.Submitted,65000.979999999996,1653898000,BTC-USDT,TimeCondition.GTC,1783610670670696973,0.001,0.001,0.0
4194834854,2837957847,1783610670670990328,1783610670670992486,203,order,benchmark,True,0.0,0.0,,,mock,0.0,,1783610670670990328,InstrumentType.Spot,5551468688638542112,OrderType.Limit,Direction.Long,65000.79,997529968,Side.Buy,,OrderStatus.Submitted,65000.79,1653898000,BTC-USDT,TimeCondition.GTC,1783610670670990328,0.001,0.001,0.0
4194834854,2837957847,1783610670671297777,1783610670671299727,203,order,benchmark,True,0.0,0.0,,,mock,0.0,,1783610670671297777,InstrumentType.Spot,5551468688638542113,OrderType.Limit,Direction.Long,65001.0,997531744,Side.Sell,,OrderStatus.Submitted,65001.0,1653898000,BTC-USDT,TimeCondition.GTC,1783610670671297777,0.001,0.001,0.0
4194834854,2837957847,1783610670671905422,1783610670671918224,203,order,benchmark,True,0.0,0.0,,,mock,0.0,,1783610670671905422,InstrumentType.Spot,5551468688638542114,OrderType.Limit,Direction.Long,65000.810000000005,997533520,Side.Buy,,OrderStatus.Submitted,65000.810000000005,1653898000,BTC-USDT,TimeCondition.GTC,1783610670671905422,0.001,0.001,0.0
4194834854,2837957847,1783610670671999886,1783610670672002423,203,order,benchmark,True,0.0,0.0,,,mock,0.0,,1783610670671999886,InstrumentType.Spot,5551468688638542115,OrderType.Limit,Direction.Long,65001.02,997535296,Side.Sell,,OrderStatus.Submitted,65001.02,1653898000,BTC-USDT,TimeCondition.GTC,1783610670671999886,0.001,0.001,0.0
4194834854,2837957847,1783610670672176340,1783610670672179013,203,order,benchmark,True,0.0,0.0,,,mock,0.0,,1783610670672176340,InstrumentType.Spot,5551468688638542116,OrderType.Limit,Direction.Long,65000.83,997537072,Side.Buy,,OrderStatus.Submitted,65000.83,1653898000,BTC-USDT,TimeCondition.GTC,1783610670672176340,0.001,0.001,0.0
4194834854,2837957847,1783610670672498442,1783610670672500400,203,order,benchmark,True,0.0,0.0,,,mock,0.0,,1783610670672498442,InstrumentType.Spot,5551468688638542117,OrderType.Limit,Direction.Long,65001.04,997538848,Side.Sell,,OrderStatus.Submitted,65001.04,1653898000,BTC-USDT,TimeCondition.GTC,1783610670672498442,0.001,0.001,0.0
4194834854,2837957847,1783610670672799553,1783610670672801353,203,order,benchmark,True,0.0,0.0,,,mock,0.0,,1783610670672799553,InstrumentType.Spot,5551468688638542118,OrderType.Limit,Direction.Long,65000.85,997540624,Side.Buy,,OrderStatus.Submitted,65000.85,1653898000,BTC-USDT,TimeCondition.GTC,1783610670672799553,0.001,0.001,0.0
4194834854,2837957847,1783610670673125950,1783610670673128825,203,order,benchmark,True,0.0,0.0,,,mock,0.0,,1783610670673125950,InstrumentType.Spot,5551468688638542119,OrderType.Limit,Direction.Long,65001.06,997542400,Side.Sell,,OrderStatus.Submitted,65001.06,1653898000,BTC-USDT,TimeCondition.GTC,1783610670673125950,0.001,0.001,0.0
4194834854,2837957847,1783610670673712708,1783610670673716783,203,order,benchmark,True,0.0,0.0,,,mock,0.0,,1783610670673712708,InstrumentType.Spot,5551468688638542120,OrderType.Limit,Direction.Long,65000.87,997544176,Side.Buy,,OrderStatus.Submitted,65000.87,1653898000,BTC-USDT,TimeCondition.GTC,1783610670673712708,0.001,0.001,0.0
4194834854,2837957847,1783610670673738890,1783610670673741652,203,order,benchmark,True,0.0,0.0,,,mock,0.0,,1783610670673738890,InstrumentType.Spot,5551468688638542121,OrderType.Limit,Direction.Long,65001.08,997545920,Side.Sell,,OrderStatus.Submitted,65001.08,1653898000,BTC-USDT,TimeCondition.GTC,1783610670673738890,0.001,0.001,0.0
4194834854,2837957847,1783610670674021590,1783610670674024467,203,order,benchmark,True,0.0,0.0,,,mock,0.0,,1783610670674021590,InstrumentType.Spot,5551468688638542122,OrderType.Limit,Direction.Long,65000.89,997547728,Side.Buy,,OrderStatus.Submitted,65000.89,1653898000,BTC-USDT,TimeCondition.GTC,1783610670674021590,0.001,0.001,0.0
4194834854,2837957847,1783610670674318868,1783610670674321177,203,order,benchmark,True,0.0,0.0,,,mock,0.0,,1783610670674318868,InstrumentType.Spot,5551468688638542123,OrderType.Limit,Direction.Long,65000.1,997549504,Side.Sell,,OrderStatus.Submitted,65000.1,1653898000,BTC-USDT,TimeCondition.GTC,1783610670674318868,0.001,0.001,0.0
4194834854,2837957847,1783610670674909713,1783610670674912399,203,order,benchmark,True,0.0,0.0,,,mock,0.0,,1783610670674909713,InstrumentType.Spot,5551468688638542124,OrderType.Limit,Direction.Long,64999.91,997551280,Side.Buy,,OrderStatus.Submitted,64999.91,1653898000,BTC-USDT,TimeCondition.GTC,1783610670674909713,0.001,0.001,0.0
4194834854,2837957847,1783610670675199790,1783610670675201779,203,order,benchmark,True,0.0,0.0,,,mock,0.0,,1783610670675199790,InstrumentType.Spot,5551468688638542125,OrderType.Limit,Direction.Long,65000.119999999995,997553056,Side.Sell,,OrderStatus.Submitted,65000.119999999995,1653898000,BTC-USDT,TimeCondition.GTC,1783610670675199790,0.001,0.001,0.0
4194834854,2837957847,1783610670675317798,1783610670675320452,203,order,benchmark,True,0.0,0.0,,,mock,0.0,,1783610670675317798,InstrumentType.Spot,5551468688638542126,OrderType.Limit,Direction.Long,64999.93,997554832,Side.Buy,,OrderStatus.Submitted,64999.93,1653898000,BTC-USDT,TimeCondition.GTC,1783610670675317798,0.001,0.001,0.0
4194834854,2837957847,1783610670675443522,1783610670675463033,203,order,benchmark,True,0.0,0.0,,,mock,0.0,,1783610670675443522,InstrumentType.Spot,5551468688638542127,OrderType.Limit,Direction.Long,65000.14,997556608,Side.Sell,,OrderStatus.Submitted,65000.14,1653898000,BTC-USDT,TimeCondition.GTC,1783610670675443522,0.001,0.001,0.0
4194834854,2837957847,1783610670675817142,1783610670675819931,203,order,benchmark,True,0.0,0.0,,,mock,0.0,,1783610670675817142,InstrumentType.Spot,5551468688638542128,OrderType.Limit,Direction.Long,64999.950000000004,997558384,Side.Buy,,OrderStatus.Submitted,64999.950000000004,1653898000,BTC-USDT,TimeCondition.GTC,1783610670675817142,0.001,0.001,0.0
4194834854,2837957847,1783610670676565688,1783610670676569647,203,order,benchmark,True,0.0,0.0,,,mock,0.0,,1783610670676565688,InstrumentType.Spot,5551468688638542129,OrderType.Limit,Direction.Long,65000.159999999996,997560160,Side.Sell,,OrderStatus.Submitted,65000.159999999996,1653898000,BTC-USDT,TimeCondition.GTC,1783610670676565688,0.001,0.001,0.0
4194834854,2837957847,1783610670676595999,1783610670676598536,203,order,benchmark,True,0.0,0.0,,,mock,0.0,,1783610670676595999,InstrumentType.Spot,5551468688638542130,OrderType.Limit,Direction.Long,64999.97,997561904,Side.Buy,,OrderStatus.Submitted,64999.97,1653898000,BTC-USDT,TimeCondition.GTC,1783610670676595999,0.001,0.001,0.0
4194834854,2837957847,1783610670676733068,1783610670676734985,203,order,benchmark,True,0.0,0.0,,,mock,0.0,,1783610670676733068,InstrumentType.Spot,5551468688638542131,OrderType.Limit,Direction.Long,65000.18,997563712,Side.Sell,,OrderStatus.Submitted,65000.18,1653898000,BTC-USDT,TimeCondition.GTC,1783610670676733068,0.001,0.001,0.0
4194834854,2837957847,1783610670677012740,1783610670677015046,203,order,benchmark,True,0.0,0.0,,,mock,0.0,,1783610670677012740,InstrumentType.Spot,5551468688638542132,OrderType.Limit,Direction.Long,64999.99,997565488,Side.Buy,,OrderStatus.Submitted,64999.99,1653898000,BTC-USDT,TimeCondition.GTC,1783610670677012740,0.001,0.001,0.0
4194834854,2837957847,1783610670677307716,1783610670677311256,203,order,benchmark,True,0.0,0.0,,,mock,0.0,,1783610670677307716,InstrumentType.Spot,5551468688638542133,OrderType.Limit,Direction.Long,65000.2,997495904,Side.Sell,,OrderStatus.Submitted,65000.2,1653898000,BTC-USDT,TimeCondition.GTC,1783610670677307716,0.001,0.001,0.0
4194834854,2837957847,1783610670677624900,1783610670677629795,203,order,benchmark,True,0.0,0.0,,,mock,0.0,,1783610670677624900,InstrumentType.Spot,5551468688638542134,OrderType.Limit,Direction.Long,65000.01,997497680,Side.Buy,,OrderStatus.Submitted,65000.01,1653898000,BTC-USDT,TimeCondition.GTC,1783610670677624900,0.001,0.001,0.0
4194834854,2837957847,1783610670677942634,1783610670677947399,203,order,benchmark,True,0.0,0.0,,,mock,0.0,,1783610670677942634,InstrumentType.Spot,5551468688638542135,OrderType.Limit,Direction.Long,65000.22,997571168,Side.Sell,,OrderStatus.Submitted,65000.22,1653898000,BTC-USDT,TimeCondition.GTC,1783610670677942634,0.001,0.001,0.0
4194834854,2837957847,1783610670678376347,1783610670678380164,203,order,benchmark,True,0.0,0.0,,,mock,0.0,,1783610670678376347,InstrumentType.Spot,5551468688638542136,OrderType.Limit,Direction.Long,65000.03,997572944,Side.Buy,,OrderStatus.Submitted,65000.03,1653898000,BTC-USDT,TimeCondition.GTC,1783610670678376347,0.001,0.001,0.0
4194834854,2837957847,1783610670678530915,1783610670678533767,203,order,benchmark,True,0.0,0.0,,,mock,0.0,,1783610670678530915,InstrumentType.Spot,5551468688638542137,OrderType.Limit,Direction.Long,65000.24,997574720,Side.Sell,,OrderStatus.Submitted,65000.24,1653898000,BTC-USDT,TimeCondition.GTC,1783610670678530915,0.001,0.001,0.0
4194834854,2837957847,1783610670678827040,1783610670678829277,203,order,benchmark,True,0.0,0.0,,,mock,0.0,,1783610670678827040,InstrumentType.Spot,5551468688638542138,OrderType.Limit,Direction.Long,65000.05,997576496,Side.Buy,,OrderStatus.Submitted,65000.05,1653898000,BTC-USDT,TimeCondition.GTC,1783610670678827040,0.001,0.001,0.0
4194834854,2837957847,1783610670679118397,1783610670679120697,203,order,benchmark,True,0.0,0.0,,,mock,0.0,,1783610670679118397,InstrumentType.Spot,5551468688638542139,OrderType.Limit,Direction.Long,65000.26,997578272,Side.Sell,,OrderStatus.Submitted,65000.26,1653898000,BTC-USDT,TimeCondition.GTC,1783610670679118397,0.001,0.001,0.0
4194834854,2837957847,1783610670679411661,1783610670679513735,203,order,benchmark,True,0.0,0.0,,,mock,0.0,,1783610670679411661,InstrumentType.Spot,5551468688638542140,OrderType.Limit,Direction.Long,65000.07,997580048,Side.Buy,,OrderStatus.Submitted,65000.07,1653898000,BTC-USDT,TimeCondition.GTC,1783610670679411661,0.001,0.001,0.0
4194834854,2837957847,1783610670679727806,1783610670679729920,203,order,benchmark,True,0.0,0.0,,,mock,0.0,,1783610670679727806,InstrumentType.Spot,5551468688638542141,OrderType.Limit,Direction.Long,65000.28,997581824,Side.Sell,,OrderStatus.Submitted,65000.28,1653898000,BTC-USDT,TimeCondition.GTC,1783610670679727806,0.001,0.001,0.0
4194834854,2837957847,1783610670680002772,1783610670680005315,203,order,benchmark,True,0.0,0.0,,,mock,0.0,,1783610670680002772,InstrumentType.Spot,5551468688638542142,OrderType.Limit,Direction.Long,65000.090000000004,997583600,Side.Buy,,OrderStatus.Submitted,65000.090000000004,1653898000,BTC-USDT,TimeCondition.GTC,1783610670680002772,0.001,0.001,0.0
4194834854,2837957847,1783610670680301359,1783610670680303343,203,order,benchmark,True,0.0,0.0,,,mock,0.0,,1783610670680301359,InstrumentType.Spot,5551468688638542143,OrderType.Limit,Direction.Long,65000.299999999996,997585376,Side.Sell,,OrderStatus.Submitted,65000.299999999996,1653898000,BTC-USDT,TimeCondition.GTC,1783610670680301359,0.001,0.001,0.0
4194834854,2837957847,1783610670680586682,1783610670680588457,203,order,benchmark,True,0.0,0.0,,,mock,0.0,,1783610670680586682,InstrumentType.Spot,5551468688638542144,OrderType.Limit,Direction.Long,65000.11,997587152,Side.Buy,,OrderStatus.Submitted,65000.11,1653898000,BTC-USDT,TimeCondition.GTC,1783610670680586682,0.001,0.001,0.0
4194834854,2837957847,1783610670680897900,1783610670680899980,203,order,benchmark,True,0.0,0.0,,,mock,0.0,,1783610670680897900,InstrumentType.Spot,5551468688638542145,OrderType.Limit,Direction.Long,65000.32,997588928,Side.Sell,,OrderStatus.Submitted,65000.32,1653898000,BTC-USDT,TimeCondition.GTC,1783610670680897900,0.001,0.001,0.0
4194834854,2837957847,1783610670681198006,1783610670681199955,203,order,benchmark,True,0.0,0.0,,,mock,0.0,,1783610670681198006,InstrumentType.Spot,5551468688638542146,OrderType.Limit,Direction.Long,65000.130000000005,997590704,Side.Buy,,OrderStatus.Submitted,65000.130000000005,1653898000,BTC-USDT,TimeCondition.GTC,1783610670681198006,0.001,0.001,0.0
4194834854,2837957847,1783610670681495752,1783610670681497560,203,order,benchmark,True,0.0,0.0,,,mock,0.0,,1783610670681495752,InstrumentType.Spot,5551468688638542147,OrderType.Limit,Direction.Long,65000.34,997592480,Side.Sell,,OrderStatus.Submitted,65000.34,1653898000,BTC-USDT,TimeCondition.GTC,1783610670681495752,0.001,0.001,0.0
4194834854,2837957847,1783610670681798408,1783610670681800521,203,order,benchmark,True,0.0,0.0,,,mock,0.0,,1783610670681798408,InstrumentType.Spot,5551468688638542148,OrderType.Limit,Direction.Long,65000.15,997594256,Side.Buy,,OrderStatus.Submitted,65000.15,1653898000,BTC-USDT,TimeCondition.GTC,1783610670681798408,0.001,0.001,0.0
4194834854,2837957847,1783610670682111596,1783610670682113844,203,order,benchmark,True,0.0,0.0,,,mock,0.0,,1783610670682111596,InstrumentType.Spot,5551468688638542149,OrderType.Limit,Direction.Long,65000.36,997596032,Side.Sell,,OrderStatus.Submitted,65000.36,1653898000,BTC-USDT,TimeCondition.GTC,1783610670682111596,0.001,0.001,0.0
4194834854,2837957847,1783610670682393450,1783610670682395439,203,order,benchmark,True,0.0,0.0,,,mock,0.0,,1783610670682393450,InstrumentType.Spot,5551468688638542150,OrderType.Limit,Direction.Long,65000.17,997597808,Side.Buy,,OrderStatus.Submitted,65000.17,1653898000,BTC-USDT,TimeCondition.GTC,1783610670682393450,0.001,0.001,0.0
4194834854,2837957847,1783610670682926947,1783610670682930742,203,order,benchmark,True,0.0,0.0,,,mock,0.0,,1783610670682926947,InstrumentType.Spot,5551468688638542151,OrderType.Limit,Direction.Long,65000.38,997599584,Side.Sell,,OrderStatus.Submitted,65000.38,1653898000,BTC-USDT,TimeCondition.GTC,1783610670682926947,0.001,0.001,0.0
4194834854,2837957847,1783610670682956715,1783610670682959333,203,order,benchmark,True,0.0,0.0,,,mock,0.0,,1783610670682956715,InstrumentType.Spot,5551468688638542152,OrderType.Limit,Direction.Long,65000.19,997601328,Side.Buy,,OrderStatus.Submitted,65000.19,1653898000,BTC-USDT,TimeCondition.GTC,1783610670682956715,0.001,0.001,0.0
4194834854,2837957847,1783610670683308982,1783610670683311627,203,order,benchmark,True,0.0,0.0,,,mock,0.0,,1783610670683308982,InstrumentType.Spot,5551468688638542153,OrderType.Limit,Direction.Long,65000.4,997603136,Side.Sell,,OrderStatus.Submitted,65000.4,1653898000,BTC-USDT,TimeCondition.GTC,1783610670683308982,0.001,0.001,0.0
4194834854,2837957847,1783610670683596920,1783610670683608391,203,order,benchmark,True,0.0,0.0,,,mock,0.0,,1783610670683596920,InstrumentType.Spot,5551468688638542154,OrderType.Limit,Direction.Long,65000.21,997604912,Side.Buy,,OrderStatus.Submitted,65000.21,1653898000,BTC-USDT,TimeCondition.GTC,1783610670683596920,0.001,0.001,0.0
4194834854,2837957847,1783610670683907903,1783610670683909947,203,order,benchmark,True,0.0,0.0,,,mock,0.0,,1783610670683907903,InstrumentType.Spot,5551468688638542155,OrderType.Limit,Direction.Long,65000.42,997606688,Side.Sell,,OrderStatus.Submitted,65000.42,1653898000,BTC-USDT,TimeCondition.GTC,1783610670683907903,0.001,0.001,0.0
4194834854,2837957847,1783610670684206129,1783610670684208199,203,order,benchmark,True,0.0,0.0,,,mock,0.0,,1783610670684206129,InstrumentType.Spot,5551468688638542156,OrderType.Limit,Direction.Long,65000.23,997608464,Side.Buy,,OrderStatus.Submitted,65000.23,1653898000,BTC-USDT,TimeCondition.GTC,1783610670684206129,0.001,0.001,0.0
4194834854,2837957847,1783610670684516758,1783610670684518854,203,order,benchmark,True,0.0,0.0,,,mock,0.0,,1783610670684516758,InstrumentType.Spot,5551468688638542157,OrderType.Limit,Direction.Long,65000.439999999995,997610240,Side.Sell,,OrderStatus.Submitted,65000.439999999995,1653898000,BTC-USDT,TimeCondition.GTC,1783610670684516758,0.001,0.001,0.0
4194834854,2837957847,1783610670684800962,1783610670684802965,203,order,benchmark,True,0.0,0.0,,,mock,0.0,,1783610670684800962,InstrumentType.Spot,5551468688638542158,OrderType.Limit,Direction.Long,65000.25,997612016,Side.Buy,,OrderStatus.Submitted,65000.25,1653898000,BTC-USDT,TimeCondition.GTC,1783610670684800962,0.001,0.001,0.0
4194834854,2837957847,1783610670685123565,1783610670685125780,203,order,benchmark,True,0.0,0.0,,,mock,0.0,,1783610670685123565,InstrumentType.Spot,5551468688638542159,OrderType.Limit,Direction.Long,65000.46,997613792,Side.Sell,,OrderStatus.Submitted,65000.46,1653898000,BTC-USDT,TimeCondition.GTC,1783610670685123565,0.001,0.001,0.0
4194834854,2837957847,1783610670685348960,1783610670685352310,203,order,benchmark,True,0.0,0.0,,,mock,0.0,,1783610670685348960,InstrumentType.Spot,5551468688638542160,OrderType.Limit,Direction.Long,65000.270000000004,997615568,Side.Buy,,OrderStatus.Submitted,65000.270000000004,1653898000,BTC-USDT,TimeCondition.GTC,1783610670685348960,0.001,0.001,0.0
4194834854,2837957847,1783610670685716970,1783610670685719031,203,order,benchmark,True,0.0,0.0,,,mock,0.0,,1783610670685716970,InstrumentType.Spot,5551468688638542161,OrderType.Limit,Direction.Long,65000.479999999996,997617344,Side.Sell,,OrderStatus.Submitted,65000.479999999996,1653898000,BTC-USDT,TimeCondition.GTC,1783610670685716970,0.001,0.001,0.0
4194834854,2837957847,1783610670685924222,1783610670685927306,203,order,benchmark,True,0.0,0.0,,,mock,0.0,,1783610670685924222,InstrumentType.Spot,5551468688638542162,OrderType.Limit,Direction.Long,65000.29,997619120,Side.Buy,,OrderStatus.Submitted,65000.29,1653898000,BTC-USDT,TimeCondition.GTC,1783610670685924222,0.001,0.001,0.0
4194834854,2837957847,1783610670686294023,1783610670686296468,203,order,benchmark,True,0.0,0.0,,,mock,0.0,,1783610670686294023,InstrumentType.Spot,5551468688638542163,OrderType.Limit,Direction.Long,65000.5,997620896,Side.Sell,,OrderStatus.Submitted,65000.5,1653898000,BTC-USDT,TimeCondition.GTC,1783610670686294023,0.001,0.001,0.0
4194834854,2837957847,1783610670686624749,1783610670686628423,203,order,benchmark,True,0.0,0.0,,,mock,0.0,,1783610670686624749,InstrumentType.Spot,5551468688638542164,OrderType.Limit,Direction.Long,65000.310000000005,997622672,Side.Buy,,OrderStatus.Submitted,65000.310000000005,1653898000,BTC-USDT,TimeCondition.GTC,1783610670686624749,0.001,0.001,0.0
4194834854,2837957847,1783610670687062067,1783610670687065289,203,order,benchmark,True,0.0,0.0,,,mock,0.0,,1783610670687062067,InstrumentType.Spot,5551468688638542165,OrderType.Limit,Direction.Long,65000.52,997624448,Side.Sell,,OrderStatus.Submitted,65000.52,1653898000,BTC-USDT,TimeCondition.GTC,1783610670687062067,0.001,0.001,0.0
4194834854,2837957847,1783610670687209821,1783610670687212858,203,order,benchmark,True,0.0,0.0,,,mock,0.0,,1783610670687209821,InstrumentType.Spot,5551468688638542166,OrderType.Limit,Direction.Long,65000.33,997626224,Side.Buy,,OrderStatus.Submitted,65000.33,1653898000,BTC-USDT,TimeCondition.GTC,1783610670687209821,0.001,0.001,0.0
4194834854,2837957847,1783610670687523318,1783610670687533429,203,order,benchmark,True,0.0,0.0,,,mock,0.0,,1783610670687523318,InstrumentType.Spot,5551468688638542167,OrderType.Limit,Direction.Long,65000.54,997628000,Side.Sell,,OrderStatus.Submitted,65000.54,1653898000,BTC-USDT,TimeCondition.GTC,1783610670687523318,0.001,0.001,0.0
4194834854,2837957847,1783610670687815089,1783610670687817232,203,order,benchmark,True,0.0,0.0,,,mock,0.0,,1783610670687815089,InstrumentType.Spot,5551468688638542168,OrderType.Limit,Direction.Long,65000.35,997629776,Side.Buy,,OrderStatus.Submitted,65000.35,1653898000,BTC-USDT,TimeCondition.GTC,1783610670687815089,0.001,0.001,0.0
4194834854,2837957847,1783610670688119273,1783610670688121381,203,order,benchmark,True,0.0,0.0,,,mock,0.0,,1783610670688119273,InstrumentType.Spot,5551468688638542169,OrderType.Limit,Direction.Long,65000.56,997631552,Side.Sell,,OrderStatus.Submitted,65000.56,1653898000,BTC-USDT,TimeCondition.GTC,1783610670688119273,0.001,0.001,0.0
4194834854,2837957847,1783610670688404991,1783610670688407283,203,order,benchmark,True,0.0,0.0,,,mock,0.0,,1783610670688404991,InstrumentType.Spot,5551468688638542170,OrderType.Limit,Direction.Long,65000.37,997633328,Side.Buy,,OrderStatus.Submitted,65000.37,1653898000,BTC-USDT,TimeCondition.GTC,1783610670688404991,0.001,0.001,0.0
4194834854,2837957847,1783610670688709833,1783610670688712027,203,order,benchmark,True,0.0,0.0,,,mock,0.0,,1783610670688709833,InstrumentType.Spot,5551468688638542171,OrderType.Limit,Direction.Long,65000.58,997635104,Side.Sell,,OrderStatus.Submitted,65000.58,1653898000,BTC-USDT,TimeCondition.GTC,1783610670688709833,0.001,0.001,0.0
4194834854,2837957847,1783610670689011979,1783610670689014078,203,order,benchmark,True,0.0,0.0,,,mock,0.0,,1783610670689011979,InstrumentType.Spot,5551468688638542172,OrderType.Limit,Direction.Long,65000.39,997636880,Side.Buy,,OrderStatus.Submitted,65000.39,1653898000,BTC-USDT,TimeCondition.GTC,1783610670689011979,0.001,0.001,0.0
4194834854,2837957847,1783610670689499470,1783610670689502486,203,order,benchmark,True,0.0,0.0,,,mock,0.0,,1783610670689499470,InstrumentType.Spot,5551468688638542173,OrderType.Limit,Direction.Long,65000.6,997638656,Side.Sell,,OrderStatus.Submitted,65000.6,1653898000,BTC-USDT,TimeCondition.GTC,1783610670689499470,0.001,0.001,0.0
4194834854,2837957847,1783610670689597970,1783610670689600771,203,order,benchmark,True,0.0,0.0,,,mock,0.0,,1783610670689597970,InstrumentType.Spot,5551468688638542174,OrderType.Limit,Direction.Long,65000.41,997640432,Side.Buy,,OrderStatus.Submitted,65000.41,1653898000,BTC-USDT,TimeCondition.GTC,1783610670689597970,0.001,0.001,0.0
4194834854,2837957847,1783610670689835721,1783610670689838758,203,order,benchmark,True,0.0,0.0,,,mock,0.0,,1783610670689835721,InstrumentType.Spot,5551468688638542175,OrderType.Limit,Direction.Long,65000.619999999995,997642208,Side.Sell,,OrderStatus.Submitted,65000.619999999995,1653898000,BTC-USDT,TimeCondition.GTC,1783610670689835721,0.001,0.001,0.0
4194834854,2837957847,1783610670690346261,1783610670690349560,203,order,benchmark,True,0.0,0.0,,,mock,0.0,,1783610670690346261,InstrumentType.Spot,5551468688638542176,OrderType.Limit,Direction.Long,65000.43,997643984,Side.Buy,,OrderStatus.Submitted,65000.43,1653898000,BTC-USDT,TimeCondition.GTC,1783610670690346261,0.001,0.001,0.0
4194834854,2837957847,1783610670690570258,1783610670690572391,203,order,benchmark,True,0.0,0.0,,,mock,0.0,,1783610670690570258,InstrumentType.Spot,5551468688638542177,OrderType.Limit,Direction.Long,65000.64,997567264,Side.Sell,,OrderStatus.Submitted,65000.64,1653898000,BTC-USDT,TimeCondition.GTC,1783610670690570258,0.001,0.001,0.0
4194834854,2837957847,1783610670690727738,1783610670690747165,203,order,benchmark,True,0.0,0.0,,,mock,0.0,,1783610670690727738,InstrumentType.Spot,5551468688638542178,OrderType.Limit,Direction.Long,65000.450000000004,997569040,Side.Buy,,OrderStatus.Submitted,65000.450000000004,1653898000,BTC-USDT,TimeCondition.GTC,1783610670690727738,0.001,0.001,0.0
4194834854,2837957847,1783610670691116267,1783610670691118455,203,order,benchmark,True,0.0,0.0,,,mock,0.0,,1783610670691116267,InstrumentType.Spot,5551468688638542179,OrderType.Limit,Direction.Long,65000.659999999996,997649728,Side.Sell,,OrderStatus.Submitted,65000.659999999996,1653898000,BTC-USDT,TimeCondition.GTC,1783610670691116267,0.001,0.001,0.0
4194834854,2837957847,1783610670691316119,1783610670691328557,203,order,benchmark,True,0.0,0.0,,,mock,0.0,,1783610670691316119,InstrumentType.Spot,5551468688638542180,OrderType.Limit,Direction.Long,65000.47,997651472,Side.Buy,,OrderStatus.Submitted,65000.47,1653898000,BTC-USDT,TimeCondition.GTC,1783610670691316119,0.001,0.001,0.0
4194834854,2837957847,1783610670691708964,1783610670691711154,203,order,benchmark,True,0.0,0.0,,,mock,0.0,,1783610670691708964,InstrumentType.Spot,5551468688638542181,OrderType.Limit,Direction.Long,65000.68,997653248,Side.Sell,,OrderStatus.Submitted,65000.68,1653898000,BTC-USDT,TimeCondition.GTC,1783610670691708964,0.001,0.001,0.0
4194834854,2837957847,1783610670692012800,1783610670692014892,203,order,benchmark,True,0.0,0.0,,,mock,0.0,,1783610670692012800,InstrumentType.Spot,5551468688638542182,OrderType.Limit,Direction.Long,65000.49,997655024,Side.Buy,,OrderStatus.Submitted,65000.49,1653898000,BTC-USDT,TimeCondition.GTC,1783610670692012800,0.001,0.001,0.0
4194834854,2837957847,1783610670692304896,1783610670692306739,203,order,benchmark,True,0.0,0.0,,,mock,0.0,,1783610670692304896,InstrumentType.Spot,5551468688638542183,OrderType.Limit,Direction.Long,65000.7,997656800,Side.Sell,,OrderStatus.Submitted,65000.7,1653898000,BTC-USDT,TimeCondition.GTC,1783610670692304896,0.001,0.001,0.0
4194834854,2837957847,1783610670692598551,1783610670692600583,203,order,benchmark,True,0.0,0.0,,,mock,0.0,,1783610670692598551,InstrumentType.Spot,5551468688638542184,OrderType.Limit,Direction.Long,65000.51,997658576,Side.Buy,,OrderStatus.Submitted,65000.51,1653898000,BTC-USDT,TimeCondition.GTC,1783610670692598551,0.001,0.001,0.0
4194834854,2837957847,1783610670692898867,1783610670692900883,203,order,benchmark,True,0.0,0.0,,,mock,0.0,,1783610670692898867,InstrumentType.Spot,5551468688638542185,OrderType.Limit,Direction.Long,65000.72,997660352,Side.Sell,,OrderStatus.Submitted,65000.72,1653898000,BTC-USDT,TimeCondition.GTC,1783610670692898867,0.001,0.001,0.0
4194834854,2837957847,1783610670693207884,1783610670693209859,203,order,benchmark,True,0.0,0.0,,,mock,0.0,,1783610670693207884,InstrumentType.Spot,5551468688638542186,OrderType.Limit,Direction.Long,65000.53,997662128,Side.Buy,,OrderStatus.Submitted,65000.53,1653898000,BTC-USDT,TimeCondition.GTC,1783610670693207884,0.001,0.001,0.0
4194834854,2837957847,1783610670693497545,1783610670693499402,203,order,benchmark,True,0.0,0.0,,,mock,0.0,,1783610670693497545,InstrumentType.Spot,5551468688638542187,OrderType.Limit,Direction.Long,65000.74,997663904,Side.Sell,,OrderStatus.Submitted,65000.74,1653898000,BTC-USDT,TimeCondition.GTC,1783610670693497545,0.001,0.001,0.0
4194834854,2837957847,1783610670693804341,1783610670693806727,203,order,benchmark,True,0.0,0.0,,,mock,0.0,,1783610670693804341,InstrumentType.Spot,5551468688638542188,OrderType.Limit,Direction.Long,65000.55,997665680,Side.Buy,,OrderStatus.Submitted,65000.55,1653898000,BTC-USDT,TimeCondition.GTC,1783610670693804341,0.001,0.001,0.0
4194834854,2837957847,1783610670694249465,1783610670694252351,203,order,benchmark,True,0.0,0.0,,,mock,0.0,,1783610670694249465,InstrumentType.Spot,5551468688638542189,OrderType.Limit,Direction.Long,65000.76,997667456,Side.Sell,,OrderStatus.Submitted,65000.76,1653898000,BTC-USDT,TimeCondition.GTC,1783610670694249465,0.001,0.001,0.0
4194834854,2837957847,1783610670694459803,1783610670694461761,203,order,benchmark,True,0.0,0.0,,,mock,0.0,,1783610670694459803,InstrumentType.Spot,5551468688638542190,OrderType.Limit,Direction.Long,65000.57,997669232,Side.Buy,,OrderStatus.Submitted,65000.57,1653898000,BTC-USDT,TimeCondition.GTC,1783610670694459803,0.001,0.001,0.0
4194834854,2837957847,1783610670694700102,1783610670694702227,203,order,benchmark,True,0.0,0.0,,,mock,0.0,,1783610670694700102,InstrumentType.Spot,5551468688638542191,OrderType.Limit,Direction.Long,65000.78,997671008,Side.Sell,,OrderStatus.Submitted,65000.78,1653898000,BTC-USDT,TimeCondition.GTC,1783610670694700102,0.001,0.001,0.0
4194834854,2837957847,1783610670695000708,1783610670695003541,203,order,benchmark,True,0.0,0.0,,,mock,0.0,,1783610670695000708,InstrumentType.Spot,5551468688638542192,OrderType.Limit,Direction.Long,65000.590000000004,997672784,Side.Buy,,OrderStatus.Submitted,65000.590000000004,1653898000,BTC-USDT,TimeCondition.GTC,1783610670695000708,0.001,0.001,0.0
4194834854,2837957847,1783610670695299274,1783610670695310303,203,order,benchmark,True,0.0,0.0,,,mock,0.0,,1783610670695299274,InstrumentType.Spot,5551468688638542193,OrderType.Limit,Direction.Long,65000.799999999996,997674560,Side.Sell,,OrderStatus.Submitted,65000.799999999996,1653898000,BTC-USDT,TimeCondition.GTC,1783610670695299274,0.001,0.001,0.0
4194834854,2837957847,1783610670695594982,1783610670695596815,203,order,benchmark,True,0.0,0.0,,,mock,0.0,,1783610670695594982,InstrumentType.Spot,5551468688638542194,OrderType.Limit,Direction.Long,65000.61,997676336,Side.Buy,,OrderStatus.Submitted,65000.61,1653898000,BTC-USDT,TimeCondition.GTC,1783610670695594982,0.001,0.001,0.0
4194834854,2837957847,1783610670695905776,1783610670695907700,203,order,benchmark,True,0.0,0.0,,,mock,0.0,,1783610670695905776,InstrumentType.Spot,5551468688638542195,OrderType.Limit,Direction.Long,65000.82,997678112,Side.Sell,,OrderStatus.Submitted,65000.82,1653898000,BTC-USDT,TimeCondition.GTC,1783610670695905776,0.001,0.001,0.0
4194834854,2837957847,1783610670696215857,1783610670696218064,203,order,benchmark,True,0.0,0.0,,,mock,0.0,,1783610670696215857,InstrumentType.Spot,5551468688638542196,OrderType.Limit,Direction.Long,65000.630000000005,997679888,Side.Buy,,OrderStatus.Submitted,65000.630000000005,1653898000,BTC-USDT,TimeCondition.GTC,1783610670696215857,0.001,0.001,0.0
4194834854,2837957847,1783610670696503587,1783610670696505559,203,order,benchmark,True,0.0,0.0,,,mock,0.0,,1783610670696503587,InstrumentType.Spot,5551468688638542197,OrderType.Limit,Direction.Long,65000.84,997681664,Side.Sell,,OrderStatus.Submitted,65000.84,1653898000,BTC-USDT,TimeCondition.GTC,1783610670696503587,0.001,0.001,0.0
4194834854,2837957847,1783610670696802469,1783610670696804468,203,order,benchmark,True,0.0,0.0,,,mock,0.0,,1783610670696802469,InstrumentType.Spot,5551468688638542198,OrderType.Limit,Direction.Long,65000.65,997683440,Side.Buy,,OrderStatus.Submitted,65000.65,1653898000,BTC-USDT,TimeCondition.GTC,1783610670696802469,0.001,0.001,0.0
4194834854,2837957847,1783610670697125934,1783610670697128128,203,order,benchmark,True,0.0,0.0,,,mock,0.0,,1783610670697125934,InstrumentType.Spot,5551468688638542199,OrderType.Limit,Direction.Long,65000.86,997685216,Side.Sell,,OrderStatus.Submitted,65000.86,1653898000,BTC-USDT,TimeCondition.GTC,1783610670697125934,0.001,0.001,0.0
4194834854,2837957847,1783610670697547916,1783610670697560187,203,order,benchmark,True,0.0,0.0,,,mock,0.0,,1783610670697547916,InstrumentType.Spot,5551468688638542200,OrderType.Limit,Direction.Long,65000.67,997686992,Side.Buy,,OrderStatus.Submitted,65000.67,1653898000,BTC-USDT,TimeCondition.GTC,1783610670697547916,0.001,0.001,0.0
4194834854,2837957847,1783610670697798379,1783610670697800619,203,order,benchmark,True,0.0,0.0,,,mock,0.0,,1783610670697798379,InstrumentType.Spot,5551468688638542201,OrderType.Limit,Direction.Long,65000.88,997688768,Side.Sell,,OrderStatus.Submitted,65000.88,1653898000,BTC-USDT,TimeCondition.GTC,1783610670697798379,0.001,0.001,0.0
4194834854,2837957847,1783610670697984282,1783610670697986712,203,order,benchmark,True,0.0,0.0,,,mock,0.0,,1783610670697984282,InstrumentType.Spot,5551468688638542202,OrderType.Limit,Direction.Long,65000.69,997690544,Side.Buy,,OrderStatus.Submitted,65000.69,1653898000,BTC-USDT,TimeCondition.GTC,1783610670697984282,0.001,0.001,0.0
4194834854,2837957847,1783610670698551371,1783610670698555102,203,order,benchmark,True,0.0,0.0,,,mock,0.0,,1783610670698551371,InstrumentType.Spot,5551468688638542203,OrderType.Limit,Direction.Long,65000.9,997692320,Side.Sell,,OrderStatus.Submitted,65000.9,1653898000,BTC-USDT,TimeCondition.GTC,1783610670698551371,0.001,0.001,0.0
4194834854,2837957847,1783610670698729471,1783610670698732651,203,order,benchmark,True,0.0,0.0,,,mock,0.0,,1783610670698729471,InstrumentType.Spot,5551468688638542204,OrderType.Limit,Direction.Long,65000.71,997694096,Side.Buy,,OrderStatus.Submitted,65000.71,1653898000,BTC-USDT,TimeCondition.GTC,1783610670698729471,0.001,0.001,0.0
4194834854,2837957847,1783610670698939457,1783610670698941974,203,order,benchmark,True,0.0,0.0,,,mock,0.0,,1783610670698939457,InstrumentType.Spot,5551468688638542205,OrderType.Limit,Direction.Long,65000.92,997695872,Side.Sell,,OrderStatus.Submitted,65000.92,1653898000,BTC-USDT,TimeCondition.GTC,1783610670698939457,0.001,0.001,0.0
4194834854,2837957847,1783610670699173822,1783610670699186612,203,order,benchmark,True,0.0,0.0,,,mock,0.0,,1783610670699173822,InstrumentType.Spot,5551468688638542206,OrderType.Limit,Direction.Long,65000.73,997697648,Side.Buy,,OrderStatus.Submitted,65000.73,1653898000,BTC-USDT,TimeCondition.GTC,1783610670699173822,0.001,0.001,0.0
4194834854,2837957847,1783610670699438479,1783610670699441622,203,order,benchmark,True,0.0,0.0,,,mock,0.0,,1783610670699438479,InstrumentType.Spot,5551468688638542207,OrderType.Limit,Direction.Long,65000.939999999995,997699424,Side.Sell,,OrderStatus.Submitted,65000.939999999995,1653898000,BTC-USDT,TimeCondition.GTC,1783610670699438479,0.001,0.001,0.0
4194834854,2837957847,1783610670699819122,1783610670699822279,203,order,benchmark,True,0.0,0.0,,,mock,0.0,,1783610670699819122,InstrumentType.Spot,5551468688638542208,OrderType.Limit,Direction.Long,65000.75,997701200,Side.Buy,,OrderStatus.Submitted,65000.75,1653898000,BTC-USDT,TimeCondition.GTC,1783610670699819122,0.001,0.001,0.0
4194834854,2837957847,1783610670700107481,1783610670700109581,203,order,benchmark,True,0.0,0.0,,,mock,0.0,,1783610670700107481,InstrumentType.Spot,5551468688638542209,OrderType.Limit,Direction.Long,65000.96,997702976,Side.Sell,,OrderStatus.Submitted,65000.96,1653898000,BTC-USDT,TimeCondition.GTC,1783610670700107481,0.001,0.001,0.0
4194834854,2837957847,1783610670700413947,1783610670700415963,203,order,benchmark,True,0.0,0.0,,,mock,0.0,,1783610670700413947,InstrumentType.Spot,5551468688638542210,OrderType.Limit,Direction.Long,65000.770000000004,997704752,Side.Buy,,OrderStatus.Submitted,65000.770000000004,1653898000,BTC-USDT,TimeCondition.GTC,1783610670700413947,0.001,0.001,0.0
4194834854,2837957847,1783610670700706541,1783610670700708668,203,order,benchmark,True,0.0,0.0,,,mock,0.0,,1783610670700706541,InstrumentType.Spot,5551468688638542211,OrderType.Limit,Direction.Long,65000.979999999996,997706528,Side.Sell,,OrderStatus.Submitted,65000.979999999996,1653898000,BTC-USDT,TimeCondition.GTC,1783610670700706541,0.001,0.001,0.0
4194834854,2837957847,1783610670701013872,1783610670701015879,203,order,benchmark,True,0.0,0.0,,,mock,0.0,,1783610670701013872,InstrumentType.Spot,5551468688638542212,OrderType.Limit,Direction.Long,65000.79,997708304,Side.Buy,,OrderStatus.Submitted,65000.79,1653898000,BTC-USDT,TimeCondition.GTC,1783610670701013872,0.001,0.001,0.0
4194834854,2837957847,1783610670701305150,1783610670701307323,203,order,benchmark,True,0.0,0.0,,,mock,0.0,,1783610670701305150,InstrumentType.Spot,5551468688638542213,OrderType.Limit,Direction.Long,65001.0,997710080,Side.Sell,,OrderStatus.Submitted,65001.0,1653898000,BTC-USDT,TimeCondition.GTC,1783610670701305150,0.001,0.001,0.0
4194834854,2837957847,1783610670701605243,1783610670701607430,203,order,benchmark,True,0.0,0.0,,,mock,0.0,,1783610670701605243,InstrumentType.Spot,5551468688638542214,OrderType.Limit,Direction.Long,65000.810000000005,997711856,Side.Buy,,OrderStatus.Submitted,65000.810000000005,1653898000,BTC-USDT,TimeCondition.GTC,1783610670701605243,0.001,0.001,0.0
4194834854,2837957847,1783610670701909531,1783610670701911638,203,order,benchmark,True,0.0,0.0,,,mock,0.0,,1783610670701909531,InstrumentType.Spot,5551468688638542215,OrderType.Limit,Direction.Long,65001.02,997713632,Side.Sell,,OrderStatus.Submitted,65001.02,1653898000,BTC-USDT,TimeCondition.GTC,1783610670701909531,0.001,0.001,0.0
4194834854,2837957847,1783610670702196328,1783610670702198286,203,order,benchmark,True,0.0,0.0,,,mock,0.0,,1783610670702196328,InstrumentType.Spot,5551468688638542216,OrderType.Limit,Direction.Long,65000.83,997715408,Side.Buy,,OrderStatus.Submitted,65000.83,1653898000,BTC-USDT,TimeCondition.GTC,1783610670702196328,0.001,0.001,0.0
4194834854,2837957847,1783610670702497505,1783610670702499523,203,order,benchmark,True,0.0,0.0,,,mock,0.0,,1783610670702497505,InstrumentType.Spot,5551468688638542217,OrderType.Limit,Direction.Long,65001.04,997717184,Side.Sell,,OrderStatus.Submitted,65001.04,1653898000,BTC-USDT,TimeCondition.GTC,1783610670702497505,0.001,0.001,0.0
4194834854,2837957847,1783610670702797132,1783610670702799124,203,order,benchmark,True,0.0,0.0,,,mock,0.0,,1783610670702797132,InstrumentType.Spot,5551468688638542218,OrderType.Limit,Direction.Long,65000.85,997718960,Side.Buy,,OrderStatus.Submitted,65000.85,1653898000,BTC-USDT,TimeCondition.GTC,1783610670702797132,0.001,0.001,0.0
4194834854,2837957847,1783610670703107188,1783610670703109206,203,order,benchmark,True,0.0,0.0,,,mock,0.0,,1783610670703107188,InstrumentType.Spot,5551468688638542219,OrderType.Limit,Direction.Long,65001.06,997720736,Side.Sell,,OrderStatus.Submitted,65001.06,1653898000,BTC-USDT,TimeCondition.GTC,1783610670703107188,0.001,0.001,0.0
4194834854,2837957847,1783610670703398576,1783610670703408691,203,order,benchmark,True,0.0,0.0,,,mock,0.0,,1783610670703398576,InstrumentType.Spot,5551468688638542220,OrderType.Limit,Direction.Long,65000.87,997722512,Side.Buy,,OrderStatus.Submitted,65000.87,1653898000,BTC-USDT,TimeCondition.GTC,1783610670703398576,0.001,0.001,0.0
4194834854,2837957847,1783610670703696390,1783610670703698300,203,order,benchmark,True,0.0,0.0,,,mock,0.0,,1783610670703696390,InstrumentType.Spot,5551468688638542221,OrderType.Limit,Direction.Long,65001.08,997724288,Side.Sell,,OrderStatus.Submitted,65001.08,1653898000,BTC-USDT,TimeCondition.GTC,1783610670703696390,0.001,0.001,0.0
4194834854,2837957847,1783610670703994391,1783610670704001606,203,order,benchmark,True,0.0,0.0,,,mock,0.0,,1783610670703994391,InstrumentType.Spot,5551468688638542222,OrderType.Limit,Direction.Long,65000.89,997726064,Side.Buy,,OrderStatus.Submitted,65000.89,1653898000,BTC-USDT,TimeCondition.GTC,1783610670703994391,0.001,0.001,0.0
4194834854,2837957847,1783610670704417577,1783610670704419660,203,order,benchmark,True,0.0,0.0,,,mock,0.0,,1783610670704417577,InstrumentType.Spot,5551468688638542223,OrderType.Limit,Direction.Long,65000.1,997727840,Side.Sell,,OrderStatus.Submitted,65000.1,1653898000,BTC-USDT,TimeCondition.GTC,1783610670704417577,0.001,0.001,0.0
4194834854,2837957847,1783610670704781990,1783610670704785997,203,order,benchmark,True,0.0,0.0,,,mock,0.0,,1783610670704781990,InstrumentType.Spot,5551468688638542224,OrderType.Limit,Direction.Long,64999.91,997729616,Side.Buy,,OrderStatus.Submitted,64999.91,1653898000,BTC-USDT,TimeCondition.GTC,1783610670704781990,0.001,0.001,0.0
4194834854,2837957847,1783610670704896474,1783610670704899090,203,order,benchmark,True,0.0,0.0,,,mock,0.0,,1783610670704896474,InstrumentType.Spot,5551468688638542225,OrderType.Limit,Direction.Long,65000.119999999995,997645760,Side.Sell,,OrderStatus.Submitted,65000.119999999995,1653898000,BTC-USDT,TimeCondition.GTC,1783610670704896474,0.001,0.001,0.0
4194834854,2837957847,1783610670705159070,1783610670705160952,203,order,benchmark,True,0.0,0.0,,,mock,0.0,,1783610670705159070,InstrumentType.Spot,5551468688638542226,OrderType.Limit,Direction.Long,64999.93,997647536,Side.Buy,,OrderStatus.Submitted,64999.93,1653898000,BTC-USDT,TimeCondition.GTC,1783610670705159070,0.001,0.001,0.0
4194834854,2837957847,1783610670705629682,1783610670705632751,203,order,benchmark,True,0.0,0.0,,,mock,0.0,,1783610670705629682,InstrumentType.Spot,5551468688638542227,OrderType.Limit,Direction.Long,65000.14,997648528,Side.Sell,,OrderStatus.Submitted,65000.14,1653898000,BTC-USDT,TimeCondition.GTC,1783610670705629682,0.001,0.001,0.0
4194834854,2837957847,1783610670705850144,1783610670705852047,203,order,benchmark,True,0.0,0.0,,,mock,0.0,,1783610670705850144,InstrumentType.Spot,5551468688638542228,OrderType.Limit,Direction.Long,64999.950000000004,997737184,Side.Buy,,OrderStatus.Submitted,64999.950000000004,1653898000,BTC-USDT,TimeCondition.GTC,1783610670705850144,0.001,0.001,0.0
4194834854,2837957847,1783610670706194876,1783610670706199222,203,order,benchmark,True,0.0,0.0,,,mock,0.0,,1783610670706194876,InstrumentType.Spot,5551468688638542229,OrderType.Limit,Direction.Long,65000.159999999996,997738960,Side.Sell,,OrderStatus.Submitted,65000.159999999996,1653898000,BTC-USDT,TimeCondition.GTC,1783610670706194876,0.001,0.001,0.0
4194834854,2837957847,1783610670706430128,1783610670706432407,203,order,benchmark,True,0.0,0.0,,,mock,0.0,,1783610670706430128,InstrumentType.Spot,5551468688638542230,OrderType.Limit,Direction.Long,64999.97,997740736,Side.Buy,,OrderStatus.Submitted,64999.97,1653898000,BTC-USDT,TimeCondition.GTC,1783610670706430128,0.001,0.001,0.0
4194834854,2837957847,1783610670706941716,1783610670706945435,203,order,benchmark,True,0.0,0.0,,,mock,0.0,,1783610670706941716,InstrumentType.Spot,5551468688638542231,OrderType.Limit,Direction.Long,65000.18,997742512,Side.Sell,,OrderStatus.Submitted,65000.18,1653898000,BTC-USDT,TimeCondition.GTC,1783610670706941716,0.001,0.001,0.0
4194834854,2837957847,1783610670707055536,1783610670707057416,203,order,benchmark,True,0.0,0.0,,,mock,0.0,,1783610670707055536,InstrumentType.Spot,5551468688638542232,OrderType.Limit,Direction.Long,64999.99,997744288,Side.Buy,,OrderStatus.Submitted,64999.99,1653898000,BTC-USDT,TimeCondition.GTC,1783610670707055536,0.001,0.001,0.0
4194834854,2837957847,1783610670707337625,1783610670707374940,203,order,benchmark,True,0.0,0.0,,,mock,0.0,,1783610670707337625,InstrumentType.Spot,5551468688638542233,OrderType.Limit,Direction.Long,65000.2,997746064,Side.Sell,,OrderStatus.Submitted,65000.2,1653898000,BTC-USDT,TimeCondition.GTC,1783610670707337625,0.001,0.001,0.0
4194834854,2837957847,1783610670707610891,1783610670707612935,203,order,benchmark,True,0.0,0.0,,,mock,0.0,,1783610670707610891,InstrumentType.Spot,5551468688638542234,OrderType.Limit,Direction.Long,65000.01,997747840,Side.Buy,,OrderStatus.Submitted,65000.01,1653898000,BTC-USDT,TimeCondition.GTC,1783610670707610891,0.001,0.001,0.0
4194834854,2837957847,1783610670708141844,1783610670708145047,203,order,benchmark,True,0.0,0.0,,,mock,0.0,,1783610670708141844,InstrumentType.Spot,5551468688638542235,OrderType.Limit,Direction.Long,65000.22,997749616,Side.Sell,,OrderStatus.Submitted,65000.22,1653898000,BTC-USDT,TimeCondition.GTC,1783610670708141844,0.001,0.001,0.0
4194834854,2837957847,1783610670708478295,1783610670708480841,203,order,benchmark,True,0.0,0.0,,,mock,0.0,,1783610670708478295,InstrumentType.Spot,5551468688638542236,OrderType.Limit,Direction.Long,65000.03,997751392,Side.Buy,,OrderStatus.Submitted,65000.03,1653898000,BTC-USDT,TimeCondition.GTC,1783610670708478295,0.001,0.001,0.0
4194834854,2837957847,1783610670708495322,1783610670708496648,203,order,benchmark,True,0.0,0.0,,,mock,0.0,,1783610670708495322,InstrumentType.Spot,5551468688638542237,OrderType.Limit,Direction.Long,65000.24,997753136,Side.Sell,,OrderStatus.Submitted,65000.24,1653898000,BTC-USDT,TimeCondition.GTC,1783610670708495322,0.001,0.001,0.0
4194834854,2837957847,1783610670708805091,1783610670708807276,203,order,benchmark,True,0.0,0.0,,,mock,0.0,,1783610670708805091,InstrumentType.Spot,5551468688638542238,OrderType.Limit,Direction.Long,65000.05,997754944,Side.Buy,,OrderStatus.Submitted,65000.05,1653898000,BTC-USDT,TimeCondition.GTC,1783610670708805091,0.001,0.001,0.0
4194834854,2837957847,1783610670709107334,1783610670709109590,203,order,benchmark,True,0.0,0.0,,,mock,0.0,,1783610670709107334,InstrumentType.Spot,5551468688638542239,OrderType.Limit,Direction.Long,65000.26,997756720,Side.Sell,,OrderStatus.Submitted,65000.26,1653898000,BTC-USDT,TimeCondition.GTC,1783610670709107334,0.001,0.001,0.0
4194834854,2837957847,1783610670709559790,1783610670709563066,203,order,benchmark,True,0.0,0.0,,,mock,0.0,,1783610670709559790,InstrumentType.Spot,5551468688638542240,OrderType.Limit,Direction.Long,65000.07,997758496,Side.Buy,,OrderStatus.Submitted,65000.07,1653898000,BTC-USDT,TimeCondition.GTC,1783610670709559790,0.001,0.001,0.0
4194834854,2837957847,1783610670709766107,1783610670709768578,203,order,benchmark,True,0.0,0.0,,,mock,0.0,,1783610670709766107,InstrumentType.Spot,5551468688638542241,OrderType.Limit,Direction.Long,65000.28,997760272,Side.Sell,,OrderStatus.Submitted,65000.28,1653898000,BTC-USDT,TimeCondition.GTC,1783610670709766107,0.001,0.001,0.0
4194834854,2837957847,1783610670710015363,1783610670710017430,203,order,benchmark,True,0.0,0.0,,,mock,0.0,,1783610670710015363,InstrumentType.Spot,5551468688638542242,OrderType.Limit,Direction.Long,65000.090000000004,997762048,Side.Buy,,OrderStatus.Submitted,65000.090000000004,1653898000,BTC-USDT,TimeCondition.GTC,1783610670710015363,0.001,0.001,0.0
4194834854,2837957847,1783610670710597415,1783610670710600096,203,order,benchmark,True,0.0,0.0,,,mock,0.0,,1783610670710597415,InstrumentType.Spot,5551468688638542243,OrderType.Limit,Direction.Long,65000.299999999996,997763824,Side.Sell,,OrderStatus.Submitted,65000.299999999996,1653898000,BTC-USDT,TimeCondition.GTC,1783610670710597415,0.001,0.001,0.0
4194834854,2837957847,1783610670710636970,1783610670710639377,203,order,benchmark,True,0.0,0.0,,,mock,0.0,,1783610670710636970,InstrumentType.Spot,5551468688638542244,OrderType.Limit,Direction.Long,65000.11,997765568,Side.Buy,,OrderStatus.Submitted,65000.11,1653898000,BTC-USDT,TimeCondition.GTC,1783610670710636970,0.001,0.001,0.0
4194834854,2837957847,1783610670710902896,1783610670710905188,203,order,benchmark,True,0.0,0.0,,,mock,0.0,,1783610670710902896,InstrumentType.Spot,5551468688638542245,OrderType.Limit,Direction.Long,65000.32,997767376,Side.Sell,,OrderStatus.Submitted,65000.32,1653898000,BTC-USDT,TimeCondition.GTC,1783610670710902896,0.001,0.001,0.0
4194834854,2837957847,1783610670711195767,1783610670711300645,203,order,benchmark,True,0.0,0.0,,,mock,0.0,,1783610670711195767,InstrumentType.Spot,5551468688638542246,OrderType.Limit,Direction.Long,65000.130000000005,997769152,Side.Buy,,OrderStatus.Submitted,65000.130000000005,1653898000,BTC-USDT,TimeCondition.GTC,1783610670711195767,0.001,0.001,0.0
4194834854,2837957847,1783610670711537331,1783610670711539711,203,order,benchmark,True,0.0,0.0,,,mock,0.0,,1783610670711537331,InstrumentType.Spot,5551468688638542247,OrderType.Limit,Direction.Long,65000.34,997770928,Side.Sell,,OrderStatus.Submitted,65000.34,1653898000,BTC-USDT,TimeCondition.GTC,1783610670711537331,0.001,0.001,0.0
4194834854,2837957847,1783610670711809636,1783610670711811950,203,order,benchmark,True,0.0,0.0,,,mock,0.0,,1783610670711809636,InstrumentType.Spot,5551468688638542248,OrderType.Limit,Direction.Long,65000.15,997772704,Side.Buy,,OrderStatus.Submitted,65000.15,1653898000,BTC-USDT,TimeCondition.GTC,1783610670711809636,0.001,0.001,0.0
4194834854,2837957847,1783610670712118995,1783610670712121304,203,order,benchmark,True,0.0,0.0,,,mock,0.0,,1783610670712118995,InstrumentType.Spot,5551468688638542249,OrderType.Limit,Direction.Long,65000.36,997774480,Side.Sell,,OrderStatus.Submitted,65000.36,1653898000,BTC-USDT,TimeCondition.GTC,1783610670712118995,0.001,0.001,0.0
4194834854,2837957847,1783610670712320571,1783610670712323434,203,order,benchmark,True,0.0,0.0,,,mock,0.0,,1783610670712320571,InstrumentType.Spot,5551468688638542250,OrderType.Limit,Direction.Long,65000.17,997776256,Side.Buy,,OrderStatus.Submitted,65000.17,1653898000,BTC-USDT,TimeCondition.GTC,1783610670712320571,0.001,0.001,0.0
4194834854,2837957847,1783610670712707601,1783610670712709874,203,order,benchmark,True,0.0,0.0,,,mock,0.0,,1783610670712707601,InstrumentType.Spot,5551468688638542251,OrderType.Limit,Direction.Long,65000.38,997778032,Side.Sell,,OrderStatus.Submitted,65000.38,1653898000,BTC-USDT,TimeCondition.GTC,1783610670712707601,0.001,0.001,0.0
4194834854,2837957847,1783610670713013337,1783610670713015706,203,order,benchmark,True,0.0,0.0,,,mock,0.0,,1783610670713013337,InstrumentType.Spot,5551468688638542252,OrderType.Limit,Direction.Long,65000.19,997779808,Side.Buy,,OrderStatus.Submitted,65000.19,1653898000,BTC-USDT,TimeCondition.GTC,1783610670713013337,0.001,0.001,0.0
4194834854,2837957847,1783610670713309361,1783610670713311676,203,order,benchmark,True,0.0,0.0,,,mock,0.0,,1783610670713309361,InstrumentType.Spot,5551468688638542253,OrderType.Limit,Direction.Long,65000.4,997781584,Side.Sell,,OrderStatus.Submitted,65000.4,1653898000,BTC-USDT,TimeCondition.GTC,1783610670713309361,0.001,0.001,0.0
4194834854,2837957847,1783610670713608094,1783610670713610974,203,order,benchmark,True,0.0,0.0,,,mock,0.0,,1783610670713608094,InstrumentType.Spot,5551468688638542254,OrderType.Limit,Direction.Long,65000.21,997783360,Side.Buy,,OrderStatus.Submitted,65000.21,1653898000,BTC-USDT,TimeCondition.GTC,1783610670713608094,0.001,0.001,0.0
4194834854,2837957847,1783610670713903529,1783610670713906264,203,order,benchmark,True,0.0,0.0,,,mock,0.0,,1783610670713903529,InstrumentType.Spot,5551468688638542255,OrderType.Limit,Direction.Long,65000.42,997785136,Side.Sell,,OrderStatus.Submitted,65000.42,1653898000,BTC-USDT,TimeCondition.GTC,1783610670713903529,0.001,0.001,0.0
4194834854,2837957847,1783610670714197380,1783610670714199307,203,order,benchmark,True,0.0,0.0,,,mock,0.0,,1783610670714197380,InstrumentType.Spot,5551468688638542256,OrderType.Limit,Direction.Long,65000.23,997786912,Side.Buy,,OrderStatus.Submitted,65000.23,1653898000,BTC-USDT,TimeCondition.GTC,1783610670714197380,0.001,0.001,0.0
4194834854,2837957847,1783610670714499699,1783610670714501712,203,order,benchmark,True,0.0,0.0,,,mock,0.0,,1783610670714499699,InstrumentType.Spot,5551468688638542257,OrderType.Limit,Direction.Long,65000.439999999995,997788688,Side.Sell,,OrderStatus.Submitted,65000.439999999995,1653898000,BTC-USDT,TimeCondition.GTC,1783610670714499699,0.001,0.001,0.0
4194834854,2837957847,1783610670714793599,1783610670714795430,203,order,benchmark,True,0.0,0.0,,,mock,0.0,,1783610670714793599,InstrumentType.Spot,5551468688638542258,OrderType.Limit,Direction.Long,65000.25,997790464,Side.Buy,,OrderStatus.Submitted,65000.25,1653898000,BTC-USDT,TimeCondition.GTC,1783610670714793599,0.001,0.001,0.0
4194834854,2837957847,1783610670715107290,1783610670715117254,203,order,benchmark,True,0.0,0.0,,,mock,0.0,,1783610670715107290,InstrumentType.Spot,5551468688638542259,OrderType.Limit,Direction.Long,65000.46,997792240,Side.Sell,,OrderStatus.Submitted,65000.46,1653898000,BTC-USDT,TimeCondition.GTC,1783610670715107290,0.001,0.001,0.0
4194834854,2837957847,1783610670715397378,1783610670715399236,203,order,benchmark,True,0.0,0.0,,,mock,0.0,,1783610670715397378,InstrumentType.Spot,5551468688638542260,OrderType.Limit,Direction.Long,65000.270000000004,997794016,Side.Buy,,OrderStatus.Submitted,65000.270000000004,1653898000,BTC-USDT,TimeCondition.GTC,1783610670715397378,0.001,0.001,0.0
4194834854,2837957847,1783610670715696701,1783610670715698563,203,order,benchmark,True,0.0,0.0,,,mock,0.0,,1783610670715696701,InstrumentType.Spot,5551468688638542261,OrderType.Limit,Direction.Long,65000.479999999996,997795792,Side.Sell,,OrderStatus.Submitted,65000.479999999996,1653898000,BTC-USDT,TimeCondition.GTC,1783610670715696701,0.001,0.001,0.0
4194834854,2837957847,1783610670716237315,1783610670716242476,203,order,benchmark,True,0.0,0.0,,,mock,0.0,,1783610670716237315,InstrumentType.Spot,5551468688638542262,OrderType.Limit,Direction.Long,65000.29,997797568,Side.Buy,,OrderStatus.Submitted,65000.29,1653898000,BTC-USDT,TimeCondition.GTC,1783610670716237315,0.001,0.001,0.0
4194834854,2837957847,1783610670716268804,1783610670716270833,203,order,benchmark,True,0.0,0.0,,,mock,0.0,,1783610670716268804,InstrumentType.Spot,5551468688638542263,OrderType.Limit,Direction.Long,65000.5,997799312,Side.Sell,,OrderStatus.Submitted,65000.5,1653898000,BTC-USDT,TimeCondition.GTC,1783610670716268804,0.001,0.001,0.0
4194834854,2837957847,1783610670716602183,1783610670716604379,203,order,benchmark,True,0.0,0.0,,,mock,0.0,,1783610670716602183,InstrumentType.Spot,5551468688638542264,OrderType.Limit,Direction.Long,65000.310000000005,997801120,Side.Buy,,OrderStatus.Submitted,65000.310000000005,1653898000,BTC-USDT,TimeCondition.GTC,1783610670716602183,0.001,0.001,0.0
4194834854,2837957847,1783610670716895417,1783610670716897294,203,order,benchmark,True,0.0,0.0,,,mock,0.0,,1783610670716895417,InstrumentType.Spot,5551468688638542265,OrderType.Limit,Direction.Long,65000.52,997802896,Side.Sell,,OrderStatus.Submitted,65000.52,1653898000,BTC-USDT,TimeCondition.GTC,1783610670716895417,0.001,0.001,0.0
4194834854,2837957847,1783610670717197858,1783610670717199819,203,order,benchmark,True,0.0,0.0,,,mock,0.0,,1783610670717197858,InstrumentType.Spot,5551468688638542266,OrderType.Limit,Direction.Long,65000.33,997804672,Side.Buy,,OrderStatus.Submitted,65000.33,1653898000,BTC-USDT,TimeCondition.GTC,1783610670717197858,0.001,0.001,0.0
4194834854,2837957847,1783610670717661619,1783610670717665708,203,order,benchmark,True,0.0,0.0,,,mock,0.0,,1783610670717661619,InstrumentType.Spot,5551468688638542267,OrderType.Limit,Direction.Long,65000.54,997806448,Side.Sell,,OrderStatus.Submitted,65000.54,1653898000,BTC-USDT,TimeCondition.GTC,1783610670717661619,0.001,0.001,0.0
4194834854,2837957847,1783610670717864507,1783610670717866646,203,order,benchmark,True,0.0,0.0,,,mock,0.0,,1783610670717864507,InstrumentType.Spot,5551468688638542268,OrderType.Limit,Direction.Long,65000.35,997808224,Side.Buy,,OrderStatus.Submitted,65000.35,1653898000,BTC-USDT,TimeCondition.GTC,1783610670717864507,0.001,0.001,0.0
4194834854,2837957847,1783610670718207830,1783610670718209948,203,order,benchmark,True,0.0,0.0,,,mock,0.0,,1783610670718207830,InstrumentType.Spot,5551468688638542269,OrderType.Limit,Direction.Long,65000.56,997810000,Side.Sell,,OrderStatus.Submitted,65000.56,1653898000,BTC-USDT,TimeCondition.GTC,1783610670718207830,0.001,0.001,0.0
4194834854,2837957847,1783610670718431792,1783610670718433801,203,order,benchmark,True,0.0,0.0,,,mock,0.0,,1783610670718431792,InstrumentType.Spot,5551468688638542270,OrderType.Limit,Direction.Long,65000.37,997811776,Side.Buy,,OrderStatus.Submitted,65000.37,1653898000,BTC-USDT,TimeCondition.GTC,1783610670718431792,0.001,0.001,0.0
4194834854,2837957847,1783610670718696523,1783610670718698296,203,order,benchmark,True,0.0,0.0,,,mock,0.0,,1783610670718696523,InstrumentType.Spot,5551468688638542271,OrderType.Limit,Direction.Long,65000.58,997813552,Side.Sell,,OrderStatus.Submitted,65000.58,1653898000,BTC-USDT,TimeCondition.GTC,1783610670718696523,0.001,0.001,0.0
4194834854,2837957847,1783610670719019561,1783610670719021780,203,order,benchmark,True,0.0,0.0,,,mock,0.0,,1783610670719019561,InstrumentType.Spot,5551468688638542272,OrderType.Limit,Direction.Long,65000.39,997815328,Side.Buy,,OrderStatus.Submitted,65000.39,1653898000,BTC-USDT,TimeCondition.GTC,1783610670719019561,0.001,0.001,0.0
4194834854,2837957847,1783610670719219158,1783610670719251528,203,order,benchmark,True,0.0,0.0,,,mock,0.0,,1783610670719219158,InstrumentType.Spot,5551468688638542273,OrderType.Limit,Direction.Long,65000.6,997817104,Side.Sell,,OrderStatus.Submitted,65000.6,1653898000,BTC-USDT,TimeCondition.GTC,1783610670719219158,0.001,0.001,0.0
4194834854,2837957847,1783610670719608144,1783610670719610355,203,order,benchmark,True,0.0,0.0,,,mock,0.0,,1783610670719608144,InstrumentType.Spot,5551468688638542274,OrderType.Limit,Direction.Long,65000.41,997818880,Side.Buy,,OrderStatus.Submitted,65000.41,1653898000,BTC-USDT,TimeCondition.GTC,1783610670719608144,0.001,0.001,0.0
4194834854,2837957847,1783610670719909094,1783610670719911895,203,order,benchmark,True,0.0,0.0,,,mock,0.0,,1783610670719909094,InstrumentType.Spot,5551468688638542275,OrderType.Limit,Direction.Long,65000.619999999995,997820656,Side.Sell,,OrderStatus.Submitted,65000.619999999995,1653898000,BTC-USDT,TimeCondition.GTC,1783610670719909094,0.001,0.001,0.0
4194834854,2837957847,1783610670720207738,1783610670720209787,203,order,benchmark,True,0.0,0.0,,,mock,0.0,,1783610670720207738,InstrumentType.Spot,5551468688638542276,OrderType.Limit,Direction.Long,65000.43,997822432,Side.Buy,,OrderStatus.Submitted,65000.43,1653898000,BTC-USDT,TimeCondition.GTC,1783610670720207738,0.001,0.001,0.0
4194834854,2837957847,1783610670720503854,1783610670720505832,203,order,benchmark,True,0.0,0.0,,,mock,0.0,,1783610670720503854,InstrumentType.Spot,5551468688638542277,OrderType.Limit,Direction.Long,65000.64,997824208,Side.Sell,,OrderStatus.Submitted,65000.64,1653898000,BTC-USDT,TimeCondition.GTC,1783610670720503854,0.001,0.001,0.0
4194834854,2837957847,1783610670720804376,1783610670720806286,203,order,benchmark,True,0.0,0.0,,,mock,0.0,,1783610670720804376,InstrumentType.Spot,5551468688638542278,OrderType.Limit,Direction.Long,65000.450000000004,997825984,Side.Buy,,OrderStatus.Submitted,65000.450000000004,1653898000,BTC-USDT,TimeCondition.GTC,1783610670720804376,0.001,0.001,0.0
4194834854,2837957847,1783610670721116001,1783610670721117978,203,order,benchmark,True,0.0,0.0,,,mock,0.0,,1783610670721116001,InstrumentType.Spot,5551468688638542279,OrderType.Limit,Direction.Long,65000.659999999996,997827760,Side.Sell,,OrderStatus.Submitted,65000.659999999996,1653898000,BTC-USDT,TimeCondition.GTC,1783610670721116001,0.001,0.001,0.0
4194834854,2837957847,1783610670721396012,1783610670721398187,203,order,benchmark,True,0.0,0.0,,,mock,0.0,,1783610670721396012,InstrumentType.Spot,5551468688638542280,OrderType.Limit,Direction.Long,65000.47,997829536,Side.Buy,,OrderStatus.Submitted,65000.47,1653898000,BTC-USDT,TimeCondition.GTC,1783610670721396012,0.001,0.001,0.0
4194834854,2837957847,1783610670721694939,1783610670721696764,203,order,benchmark,True,0.0,0.0,,,mock,0.0,,1783610670721694939,InstrumentType.Spot,5551468688638542281,OrderType.Limit,Direction.Long,65000.68,997731392,Side.Sell,,OrderStatus.Submitted,65000.68,1653898000,BTC-USDT,TimeCondition.GTC,1783610670721694939,0.001,0.001,0.0
4194834854,2837957847,1783610670722010749,1783610670722012975,203,order,benchmark,True,0.0,0.0,,,mock,0.0,,1783610670722010749,InstrumentType.Spot,5551468688638542282,OrderType.Limit,Direction.Long,65000.49,997733168,Side.Buy,,OrderStatus.Submitted,65000.49,1653898000,BTC-USDT,TimeCondition.GTC,1783610670722010749,0.001,0.001,0.0
4194834854,2837957847,1783610670722298413,1783610670722300497,203,order,benchmark,True,0.0,0.0,,,mock,0.0,,1783610670722298413,InstrumentType.Spot,5551468688638542283,OrderType.Limit,Direction.Long,65000.7,997835456,Side.Sell,,OrderStatus.Submitted,65000.7,1653898000,BTC-USDT,TimeCondition.GTC,1783610670722298413,0.001,0.001,0.0
4194834854,2837957847,1783610670722597631,1783610670722599633,203,order,benchmark,True,0.0,0.0,,,mock,0.0,,1783610670722597631,InstrumentType.Spot,5551468688638542284,OrderType.Limit,Direction.Long,65000.51,997837152,Side.Buy,,OrderStatus.Submitted,65000.51,1653898000,BTC-USDT,TimeCondition.GTC,1783610670722597631,0.001,0.001,0.0
4194834854,2837957847,1783610670722894429,1783610670722896224,203,order,benchmark,True,0.0,0.0,,,mock,0.0,,1783610670722894429,InstrumentType.Spot,5551468688638542285,OrderType.Limit,Direction.Long,65000.72,997838928,Side.Sell,,OrderStatus.Submitted,65000.72,1653898000,BTC-USDT,TimeCondition.GTC,1783610670722894429,0.001,0.001,0.0
4194834854,2837957847,1783610670723193345,1783610670723202353,203,order,benchmark,True,0.0,0.0,,,mock,0.0,,1783610670723193345,InstrumentType.Spot,5551468688638542286,OrderType.Limit,Direction.Long,65000.53,997840704,Side.Buy,,OrderStatus.Submitted,65000.53,1653898000,BTC-USDT,TimeCondition.GTC,1783610670723193345,0.001,0.001,0.0
4194834854,2837957847,1783610670723498427,1783610670723500508,203,order,benchmark,True,0.0,0.0,,,mock,0.0,,1783610670723498427,InstrumentType.Spot,5551468688638542287,OrderType.Limit,Direction.Long,65000.74,997842480,Side.Sell,,OrderStatus.Submitted,65000.74,1653898000,BTC-USDT,TimeCondition.GTC,1783610670723498427,0.001,0.001,0.0
4194834854,2837957847,1783610670723798952,1783610670723800917,203,order,benchmark,True,0.0,0.0,,,mock,0.0,,1783610670723798952,InstrumentType.Spot,5551468688638542288,OrderType.Limit,Direction.Long,65000.55,997844256,Side.Buy,,OrderStatus.Submitted,65000.55,1653898000,BTC-USDT,TimeCondition.GTC,1783610670723798952,0.001,0.001,0.0
4194834854,2837957847,1783610670724106976,1783610670724108964,203,order,benchmark,True,0.0,0.0,,,mock,0.0,,1783610670724106976,InstrumentType.Spot,5551468688638542289,OrderType.Limit,Direction.Long,65000.76,997846032,Side.Sell,,OrderStatus.Submitted,65000.76,1653898000,BTC-USDT,TimeCondition.GTC,1783610670724106976,0.001,0.001,0.0
4194834854,2837957847,1783610670724393953,1783610670724395774,203,order,benchmark,True,0.0,0.0,,,mock,0.0,,1783610670724393953,InstrumentType.Spot,5551468688638542290,OrderType.Limit,Direction.Long,65000.57,997847808,Side.Buy,,OrderStatus.Submitted,65000.57,1653898000,BTC-USDT,TimeCondition.GTC,1783610670724393953,0.001,0.001,0.0
4194834854,2837957847,1783610670724703018,1783610670724704984,203,order,benchmark,True,0.0,0.0,,,mock,0.0,,1783610670724703018,InstrumentType.Spot,5551468688638542291,OrderType.Limit,Direction.Long,65000.78,997849584,Side.Sell,,OrderStatus.Submitted,65000.78,1653898000,BTC-USDT,TimeCondition.GTC,1783610670724703018,0.001,0.001,0.0
4194834854,2837957847,1783610670725004212,1783610670725006288,203,order,benchmark,True,0.0,0.0,,,mock,0.0,,1783610670725004212,InstrumentType.Spot,5551468688638542292,OrderType.Limit,Direction.Long,65000.590000000004,997851360,Side.Buy,,OrderStatus.Submitted,65000.590000000004,1653898000,BTC-USDT,TimeCondition.GTC,1783610670725004212,0.001,0.001,0.0
4194834854,2837957847,1783610670725293706,1783610670725295561,203,order,benchmark,True,0.0,0.0,,,mock,0.0,,1783610670725293706,InstrumentType.Spot,5551468688638542293,OrderType.Limit,Direction.Long,65000.799999999996,997853136,Side.Sell,,OrderStatus.Submitted,65000.799999999996,1653898000,BTC-USDT,TimeCondition.GTC,1783610670725293706,0.001,0.001,0.0
4194834854,2837957847,1783610670725596191,1783610670725598485,203,order,benchmark,True,0.0,0.0,,,mock,0.0,,1783610670725596191,InstrumentType.Spot,5551468688638542294,OrderType.Limit,Direction.Long,65000.61,997854912,Side.Buy,,OrderStatus.Submitted,65000.61,1653898000,BTC-USDT,TimeCondition.GTC,1783610670725596191,0.001,0.001,0.0
4194834854,2837957847,1783610670725898509,1783610670725900609,203,order,benchmark,True,0.0,0.0,,,mock,0.0,,1783610670725898509,InstrumentType.Spot,5551468688638542295,OrderType.Limit,Direction.Long,65000.82,997856688,Side.Sell,,OrderStatus.Submitted,65000.82,1653898000,BTC-USDT,TimeCondition.GTC,1783610670725898509,0.001,0.001,0.0
4194834854,2837957847,1783610670726197342,1783610670726199318,203,order,benchmark,True,0.0,0.0,,,mock,0.0,,1783610670726197342,InstrumentType.Spot,5551468688638542296,OrderType.Limit,Direction.Long,65000.630000000005,997858464,Side.Buy,,OrderStatus.Submitted,65000.630000000005,1653898000,BTC-USDT,TimeCondition.GTC,1783610670726197342,0.001,0.001,0.0
4194834854,2837957847,1783610670726494289,1783610670726496094,203,order,benchmark,True,0.0,0.0,,,mock,0.0,,1783610670726494289,InstrumentType.Spot,5551468688638542297,OrderType.Limit,Direction.Long,65000.84,997860240,Side.Sell,,OrderStatus.Submitted,65000.84,1653898000,BTC-USDT,TimeCondition.GTC,1783610670726494289,0.001,0.001,0.0
4194834854,2837957847,1783610670726798098,1783610670726800113,203,order,benchmark,True,0.0,0.0,,,mock,0.0,,1783610670726798098,InstrumentType.Spot,5551468688638542298,OrderType.Limit,Direction.Long,65000.65,997862016,Side.Buy,,OrderStatus.Submitted,65000.65,1653898000,BTC-USDT,TimeCondition.GTC,1783610670726798098,0.001,0.001,0.0
4194834854,2837957847,1783610670727146931,1783610670727186016,203,order,benchmark,True,0.0,0.0,,,mock,0.0,,1783610670727146931,InstrumentType.Spot,5551468688638542299,OrderType.Limit,Direction.Long,65000.86,997863792,Side.Sell,,OrderStatus.Submitted,65000.86,1653898000,BTC-USDT,TimeCondition.GTC,1783610670727146931,0.001,0.001,0.0
4194834854,2837957847,1783610670727389979,1783610670727391924,203,order,benchmark,True,0.0,0.0,,,mock,0.0,,1783610670727389979,InstrumentType.Spot,5551468688638542300,OrderType.Limit,Direction.Long,65000.67,997865568,Side.Buy,,OrderStatus.Submitted,65000.67,1653898000,BTC-USDT,TimeCondition.GTC,1783610670727389979,0.001,0.001,0.0
4194834854,2837957847,1783610670727706481,1783610670727708783,203,order,benchmark,True,0.0,0.0,,,mock,0.0,,1783610670727706481,InstrumentType.Spot,5551468688638542301,OrderType.Limit,Direction.Long,65000.88,997867344,Side.Sell,,OrderStatus.Submitted,65000.88,1653898000,BTC-USDT,TimeCondition.GTC,1783610670727706481,0.001,0.001,0.0
4194834854,2837957847,1783610670728004051,1783610670728006207,203,order,benchmark,True,0.0,0.0,,,mock,0.0,,1783610670728004051,InstrumentType.Spot,5551468688638542302,OrderType.Limit,Direction.Long,65000.69,997869120,Side.Buy,,OrderStatus.Submitted,65000.69,1653898000,BTC-USDT,TimeCondition.GTC,1783610670728004051,0.001,0.001,0.0
4194834854,2837957847,1783610670728299460,1783610670728301573,203,order,benchmark,True,0.0,0.0,,,mock,0.0,,1783610670728299460,InstrumentType.Spot,5551468688638542303,OrderType.Limit,Direction.Long,65000.9,997870896,Side.Sell,,OrderStatus.Submitted,65000.9,1653898000,BTC-USDT,TimeCondition.GTC,1783610670728299460,0.001,0.001,0.0
4194834854,2837957847,1783610670728599119,1783610670728601186,203,order,benchmark,True,0.0,0.0,,,mock,0.0,,1783610670728599119,InstrumentType.Spot,5551468688638542304,OrderType.Limit,Direction.Long,65000.71,997872672,Side.Buy,,OrderStatus.Submitted,65000.71,1653898000,BTC-USDT,TimeCondition.GTC,1783610670728599119,0.001,0.001,0.0
4194834854,2837957847,1783610670728899063,1783610670728901076,203,order,benchmark,True,0.0,0.0,,,mock,0.0,,1783610670728899063,InstrumentType.Spot,5551468688638542305,OrderType.Limit,Direction.Long,65000.92,997874448,Side.Sell,,OrderStatus.Submitted,65000.92,1653898000,BTC-USDT,TimeCondition.GTC,1783610670728899063,0.001,0.001,0.0
4194834854,2837957847,1783610670729193230,1783610670729195142,203,order,benchmark,True,0.0,0.0,,,mock,0.0,,1783610670729193230,InstrumentType.Spot,5551468688638542306,OrderType.Limit,Direction.Long,65000.73,997876224,Side.Buy,,OrderStatus.Submitted,65000.73,1653898000,BTC-USDT,TimeCondition.GTC,1783610670729193230,0.001,0.001,0.0
4194834854,2837957847,1783610670729489649,1783610670729491656,203,order,benchmark,True,0.0,0.0,,,mock,0.0,,1783610670729489649,InstrumentType.Spot,5551468688638542307,OrderType.Limit,Direction.Long,65000.939999999995,997878000,Side.Sell,,OrderStatus.Submitted,65000.939999999995,1653898000,BTC-USDT,TimeCondition.GTC,1783610670729489649,0.001,0.001,0.0
4194834854,2837957847,1783610670729796161,1783610670729798026,203,order,benchmark,True,0.0,0.0,,,mock,0.0,,1783610670729796161,InstrumentType.Spot,5551468688638542308,OrderType.Limit,Direction.Long,65000.75,997879776,Side.Buy,,OrderStatus.Submitted,65000.75,1653898000,BTC-USDT,TimeCondition.GTC,1783610670729796161,0.001,0.001,0.0
4194834854,2837957847,1783610670730105960,1783610670730107902,203,order,benchmark,True,0.0,0.0,,,mock,0.0,,1783610670730105960,InstrumentType.Spot,5551468688638542309,OrderType.Limit,Direction.Long,65000.96,997881552,Side.Sell,,OrderStatus.Submitted,65000.96,1653898000,BTC-USDT,TimeCondition.GTC,1783610670730105960,0.001,0.001,0.0
4194834854,2837957847,1783610670730400059,1783610670730402074,203,order,benchmark,True,0.0,0.0,,,mock,0.0,,1783610670730400059,InstrumentType.Spot,5551468688638542310,OrderType.Limit,Direction.Long,65000.770000000004,997883328,Side.Buy,,OrderStatus.Submitted,65000.770000000004,1653898000,BTC-USDT,TimeCondition.GTC,1783610670730400059,0.001,0.001,0.0
4194834854,2837957847,1783610670730694532,1783610670730696367,203,order,benchmark,True,0.0,0.0,,,mock,0.0,,1783610670730694532,InstrumentType.Spot,5551468688638542311,OrderType.Limit,Direction.Long,65000.979999999996,997885104,Side.Sell,,OrderStatus.Submitted,65000.979999999996,1653898000,BTC-USDT,TimeCondition.GTC,1783610670730694532,0.001,0.001,0.0
4194834854,2837957847,1783610670731002059,1783610670731013055,203,order,benchmark,True,0.0,0.0,,,mock,0.0,,1783610670731002059,InstrumentType.Spot,5551468688638542312,OrderType.Limit,Direction.Long,65000.79,997886880,Side.Buy,,OrderStatus.Submitted,65000.79,1653898000,BTC-USDT,TimeCondition.GTC,1783610670731002059,0.001,0.001,0.0
4194834854,2837957847,1783610670731294259,1783610670731296092,203,order,benchmark,True,0.0,0.0,,,mock,0.0,,1783610670731294259,InstrumentType.Spot,5551468688638542313,OrderType.Limit,Direction.Long,65001.0,997888656,Side.Sell,,OrderStatus.Submitted,65001.0,1653898000,BTC-USDT,TimeCondition.GTC,1783610670731294259,0.001,0.001,0.0
4194834854,2837957847,1783610670731598355,1783610670731600436,203,order,benchmark,True,0.0,0.0,,,mock,0.0,,1783610670731598355,InstrumentType.Spot,5551468688638542314,OrderType.Limit,Direction.Long,65000.810000000005,997890432,Side.Buy,,OrderStatus.Submitted,65000.810000000005,1653898000,BTC-USDT,TimeCondition.GTC,1783610670731598355,0.001,0.001,0.0
4194834854,2837957847,1783610670732470594,1783610670732472662,203,order,benchmark,True,0.0,0.0,,,mock,0.0,,1783610670732470594,InstrumentType.Spot,5551468688638542315,OrderType.Limit,Direction.Long,65001.02,997892208,Side.Sell,,OrderStatus.Submitted,65001.02,1653898000,BTC-USDT,TimeCondition.GTC,1783610670732470594,0.001,0.001,0.0
4194834854,2837957847,1783610670732489829,1783610670732491215,203,order,benchmark,True,0.0,0.0,,,mock,0.0,,1783610670732489829,InstrumentType.Spot,5551468688638542316,OrderType.Limit,Direction.Long,65000.83,997893952,Side.Buy,,OrderStatus.Submitted,65000.83,1653898000,BTC-USDT,TimeCondition.GTC,1783610670732489829,0.001,0.001,0.0
4194834854,2837957847,1783610670732503119,1783610670732504366,203,order,benchmark,True,0.0,0.0,,,mock,0.0,,1783610670732503119,InstrumentType.Spot,5551468688638542317,OrderType.Limit,Direction.Long,65001.04,997895728,Side.Sell,,OrderStatus.Submitted,65001.04,1653898000,BTC-USDT,TimeCondition.GTC,1783610670732503119,0.001,0.001,0.0
4194834854,2837957847,1783610670732788299,1783610670732791027,203,order,benchmark,True,0.0,0.0,,,mock,0.0,,1783610670732788299,InstrumentType.Spot,5551468688638542318,OrderType.Limit,Direction.Long,65000.85,997897536,Side.Buy,,OrderStatus.Submitted,65000.85,1653898000,BTC-USDT,TimeCondition.GTC,1783610670732788299,0.001,0.001,0.0
4194834854,2837957847,1783610670733029805,1783610670733032545,203,order,benchmark,True,0.0,0.0,,,mock,0.0,,1783610670733029805,InstrumentType.Spot,5551468688638542319,OrderType.Limit,Direction.Long,65001.06,997899312,Side.Sell,,OrderStatus.Submitted,65001.06,1653898000,BTC-USDT,TimeCondition.GTC,1783610670733029805,0.001,0.001,0.0
4194834854,2837957847,1783610670733410398,1783610670733412808,203,order,benchmark,True,0.0,0.0,,,mock,0.0,,1783610670733410398,InstrumentType.Spot,5551468688638542320,OrderType.Limit,Direction.Long,65000.87,997901088,Side.Buy,,OrderStatus.Submitted,65000.87,1653898000,BTC-USDT,TimeCondition.GTC,1783610670733410398,0.001,0.001,0.0
4194834854,2837957847,1783610670733697571,1783610670733699433,203,order,benchmark,True,0.0,0.0,,,mock,0.0,,1783610670733697571,InstrumentType.Spot,5551468688638542321,OrderType.Limit,Direction.Long,65001.08,997902864,Side.Sell,,OrderStatus.Submitted,65001.08,1653898000,BTC-USDT,TimeCondition.GTC,1783610670733697571,0.001,0.001,0.0
4194834854,2837957847,1783610670734003874,1783610670734005960,203,order,benchmark,True,0.0,0.0,,,mock,0.0,,1783610670734003874,InstrumentType.Spot,5551468688638542322,OrderType.Limit,Direction.Long,65000.89,997904640,Side.Buy,,OrderStatus.Submitted,65000.89,1653898000,BTC-USDT,TimeCondition.GTC,1783610670734003874,0.001,0.001,0.0
4194834854,2837957847,1783610670734475102,1783610670734478318,203,order,benchmark,True,0.0,0.0,,,mock,0.0,,1783610670734475102,InstrumentType.Spot,5551468688638542323,OrderType.Limit,Direction.Long,65000.1,997906416,Side.Sell,,OrderStatus.Submitted,65000.1,1653898000,BTC-USDT,TimeCondition.GTC,1783610670734475102,0.001,0.001,0.0
4194834854,2837957847,1783610670734670888,1783610670734673504,203,order,benchmark,True,0.0,0.0,,,mock,0.0,,1783610670734670888,InstrumentType.Spot,5551468688638542324,OrderType.Limit,Direction.Long,64999.91,997908192,Side.Buy,,OrderStatus.Submitted,64999.91,1653898000,BTC-USDT,TimeCondition.GTC,1783610670734670888,0.001,0.001,0.0
4194834854,2837957847,1783610670734840787,1783610670734855473,203,order,benchmark,True,0.0,0.0,,,mock,0.0,,1783610670734840787,InstrumentType.Spot,5551468688638542325,OrderType.Limit,Direction.Long,65000.119999999995,997909968,Side.Sell,,OrderStatus.Submitted,65000.119999999995,1653898000,BTC-USDT,TimeCondition.GTC,1783610670734840787,0.001,0.001,0.0
4194834854,2837957847,1783610670735201454,1783610670735203620,203,order,benchmark,True,0.0,0.0,,,mock,0.0,,1783610670735201454,InstrumentType.Spot,5551468688638542326,OrderType.Limit,Direction.Long,64999.93,997911744,Side.Buy,,OrderStatus.Submitted,64999.93,1653898000,BTC-USDT,TimeCondition.GTC,1783610670735201454,0.001,0.001,0.0
4194834854,2837957847,1783610670735495534,1783610670735497561,203,order,benchmark,True,0.0,0.0,,,mock,0.0,,1783610670735495534,InstrumentType.Spot,5551468688638542327,OrderType.Limit,Direction.Long,65000.14,997913520,Side.Sell,,OrderStatus.Submitted,65000.14,1653898000,BTC-USDT,TimeCondition.GTC,1783610670735495534,0.001,0.001,0.0
4194834854,2837957847,1783610670735799248,1783610670735801286,203,order,benchmark,True,0.0,0.0,,,mock,0.0,,1783610670735799248,InstrumentType.Spot,5551468688638542328,OrderType.Limit,Direction.Long,64999.950000000004,997915296,Side.Buy,,OrderStatus.Submitted,64999.950000000004,1653898000,BTC-USDT,TimeCondition.GTC,1783610670735799248,0.001,0.001,0.0
4194834854,2837957847,1783610670736113002,1783610670736115047,203,order,benchmark,True,0.0,0.0,,,mock,0.0,,1783610670736113002,InstrumentType.Spot,5551468688638542329,OrderType.Limit,Direction.Long,65000.159999999996,997917072,Side.Sell,,OrderStatus.Submitted,65000.159999999996,1653898000,BTC-USDT,TimeCondition.GTC,1783610670736113002,0.001,0.001,0.0
4194834854,2837957847,1783610670736398591,1783610670736400750,203,order,benchmark,True,0.0,0.0,,,mock,0.0,,1783610670736398591,InstrumentType.Spot,5551468688638542330,OrderType.Limit,Direction.Long,64999.97,997918848,Side.Buy,,OrderStatus.Submitted,64999.97,1653898000,BTC-USDT,TimeCondition.GTC,1783610670736398591,0.001,0.001,0.0
4194834854,2837957847,1783610670736694692,1783610670736696571,203,order,benchmark,True,0.0,0.0,,,mock,0.0,,1783610670736694692,InstrumentType.Spot,5551468688638542331,OrderType.Limit,Direction.Long,65000.18,997920624,Side.Sell,,OrderStatus.Submitted,65000.18,1653898000,BTC-USDT,TimeCondition.GTC,1783610670736694692,0.001,0.001,0.0
4194834854,2837957847,1783610670737004001,1783610670737006491,203,order,benchmark,True,0.0,0.0,,,mock,0.0,,1783610670737004001,InstrumentType.Spot,5551468688638542332,OrderType.Limit,Direction.Long,64999.99,997922400,Side.Buy,,OrderStatus.Submitted,64999.99,1653898000,BTC-USDT,TimeCondition.GTC,1783610670737004001,0.001,0.001,0.0
4194834854,2837957847,1783610670737297707,1783610670737299628,203,order,benchmark,True,0.0,0.0,,,mock,0.0,,1783610670737297707,InstrumentType.Spot,5551468688638542333,OrderType.Limit,Direction.Long,65000.2,997924176,Side.Sell,,OrderStatus.Submitted,65000.2,1653898000,BTC-USDT,TimeCondition.GTC,1783610670737297707,0.001,0.001,0.0
4194834854,2837957847,1783610670737595267,1783610670737597114,203,order,benchmark,True,0.0,0.0,,,mock,0.0,,1783610670737595267,InstrumentType.Spot,5551468688638542334,OrderType.Limit,Direction.Long,65000.01,997925952,Side.Buy,,OrderStatus.Submitted,65000.01,1653898000,BTC-USDT,TimeCondition.GTC,1783610670737595267,0.001,0.001,0.0
4194834854,2837957847,1783610670737900978,1783610670737902973,203,order,benchmark,True,0.0,0.0,,,mock,0.0,,1783610670737900978,InstrumentType.Spot,5551468688638542335,OrderType.Limit,Direction.Long,65000.22,997927728,Side.Sell,,OrderStatus.Submitted,65000.22,1653898000,BTC-USDT,TimeCondition.GTC,1783610670737900978,0.001,0.001,0.0
4194834854,2837957847,1783610670738228842,1783610670738231338,203,order,benchmark,True,0.0,0.0,,,mock,0.0,,1783610670738228842,InstrumentType.Spot,5551468688638542336,OrderType.Limit,Direction.Long,65000.03,997929504,Side.Buy,,OrderStatus.Submitted,65000.03,1653898000,BTC-USDT,TimeCondition.GTC,1783610670738228842,0.001,0.001,0.0
4194834854,2837957847,1783610670738615652,1783610670738617566,203,order,benchmark,True,0.0,0.0,,,mock,0.0,,1783610670738615652,InstrumentType.Spot,5551468688638542337,OrderType.Limit,Direction.Long,65000.24,997931280,Side.Sell,,OrderStatus.Submitted,65000.24,1653898000,BTC-USDT,TimeCondition.GTC,1783610670738615652,0.001,0.001,0.0
4194834854,2837957847,1783610670739124333,1783610670739126657,203,order,benchmark,True,0.0,0.0,,,mock,0.0,,1783610670739124333,InstrumentType.Spot,5551468688638542338,OrderType.Limit,Direction.Long,65000.05,997933056,Side.Buy,,OrderStatus.Submitted,65000.05,1653898000,BTC-USDT,TimeCondition.GTC,1783610670739124333,0.001,0.001,0.0
4194834854,2837957847,1783610670739148081,1783610670739174129,203,order,benchmark,True,0.0,0.0,,,mock,0.0,,1783610670739148081,InstrumentType.Spot,5551468688638542339,OrderType.Limit,Direction.Long,65000.26,997934800,Side.Sell,,OrderStatus.Submitted,65000.26,1653898000,BTC-USDT,TimeCondition.GTC,1783610670739148081,0.001,0.001,0.0
4194834854,2837957847,1783610670739362874,1783610670739365191,203,order,benchmark,True,0.0,0.0,,,mock,0.0,,1783610670739362874,InstrumentType.Spot,5551468688638542340,OrderType.Limit,Direction.Long,65000.07,997936608,Side.Buy,,OrderStatus.Submitted,65000.07,1653898000,BTC-USDT,TimeCondition.GTC,1783610670739362874,0.001,0.001,0.0
4194834854,2837957847,1783610670740032884,1783610670740037158,203,order,benchmark,True,0.0,0.0,,,mock,0.0,,1783610670740032884,InstrumentType.Spot,5551468688638542341,OrderType.Limit,Direction.Long,65000.28,997938384,Side.Sell,,OrderStatus.Submitted,65000.28,1653898000,BTC-USDT,TimeCondition.GTC,1783610670740032884,0.001,0.001,0.0
4194834854,2837957847,1783610670740136558,1783610670740139657,203,order,benchmark,True,0.0,0.0,,,mock,0.0,,1783610670740136558,InstrumentType.Spot,5551468688638542342,OrderType.Limit,Direction.Long,65000.090000000004,997940160,Side.Buy,,OrderStatus.Submitted,65000.090000000004,1653898000,BTC-USDT,TimeCondition.GTC,1783610670740136558,0.001,0.001,0.0
4194834854,2837957847,1783610670740578124,1783610670740580705,203,order,benchmark,True,0.0,0.0,,,mock,0.0,,1783610670740578124,InstrumentType.Spot,5551468688638542343,OrderType.Limit,Direction.Long,65000.299999999996,997941936,Side.Sell,,OrderStatus.Submitted,65000.299999999996,1653898000,BTC-USDT,TimeCondition.GTC,1783610670740578124,0.001,0.001,0.0
4194834854,2837957847,1783610670740598939,1783610670740600264,203,order,benchmark,True,0.0,0.0,,,mock,0.0,,1783610670740598939,InstrumentType.Spot,5551468688638542344,OrderType.Limit,Direction.Long,65000.11,997943680,Side.Buy,,OrderStatus.Submitted,65000.11,1653898000,BTC-USDT,TimeCondition.GTC,1783610670740598939,0.001,0.001,0.0
4194834854,2837957847,1783610670740944094,1783610670740946378,203,order,benchmark,True,0.0,0.0,,,mock,0.0,,1783610670740944094,InstrumentType.Spot,5551468688638542345,OrderType.Limit,Direction.Long,65000.32,997831312,Side.Sell,,OrderStatus.Submitted,65000.32,1653898000,BTC-USDT,TimeCondition.GTC,1783610670740944094,0.001,0.001,0.0
4194834854,2837957847,1783610670741203587,1783610670741205542,203,order,benchmark,True,0.0,0.0,,,mock,0.0,,1783610670741203587,InstrumentType.Spot,5551468688638542346,OrderType.Limit,Direction.Long,65000.130000000005,997833088,Side.Buy,,OrderStatus.Submitted,65000.130000000005,1653898000,BTC-USDT,TimeCondition.GTC,1783610670741203587,0.001,0.001,0.0
4194834854,2837957847,1783610670741500681,1783610670741502729,203,order,benchmark,True,0.0,0.0,,,mock,0.0,,1783610670741500681,InstrumentType.Spot,5551468688638542347,OrderType.Limit,Direction.Long,65000.34,997834864,Side.Sell,,OrderStatus.Submitted,65000.34,1653898000,BTC-USDT,TimeCondition.GTC,1783610670741500681,0.001,0.001,0.0
4194834854,2837957847,1783610670741816984,1783610670741820077,203,order,benchmark,True,0.0,0.0,,,mock,0.0,,1783610670741816984,InstrumentType.Spot,5551468688638542348,OrderType.Limit,Direction.Long,65000.15,997951392,Side.Buy,,OrderStatus.Submitted,65000.15,1653898000,BTC-USDT,TimeCondition.GTC,1783610670741816984,0.001,0.001,0.0
4194834854,2837957847,1783610670742113174,1783610670742115378,203,order,benchmark,True,0.0,0.0,,,mock,0.0,,1783610670742113174,InstrumentType.Spot,5551468688638542349,OrderType.Limit,Direction.Long,65000.36,997953168,Side.Sell,,OrderStatus.Submitted,65000.36,1653898000,BTC-USDT,TimeCondition.GTC,1783610670742113174,0.001,0.001,0.0
4194834854,2837957847,1783610670742400506,1783610670742402540,203,order,benchmark,True,0.0,0.0,,,mock,0.0,,1783610670742400506,InstrumentType.Spot,5551468688638542350,OrderType.Limit,Direction.Long,65000.17,997954944,Side.Buy,,OrderStatus.Submitted,65000.17,1653898000,BTC-USDT,TimeCondition.GTC,1783610670742400506,0.001,0.001,0.0
4194834854,2837957847,1783610670742803941,1783610670742806354,203,order,benchmark,True,0.0,0.0,,,mock,0.0,,1783610670742803941,InstrumentType.Spot,5551468688638542351,OrderType.Limit,Direction.Long,65000.38,997956720,Side.Sell,,OrderStatus.Submitted,65000.38,1653898000,BTC-USDT,TimeCondition.GTC,1783610670742803941,0.001,0.001,0.0
4194834854,2837957847,1783610670743035570,1783610670743070023,203,order,benchmark,True,0.0,0.0,,,mock,0.0,,1783610670743035570,InstrumentType.Spot,5551468688638542352,OrderType.Limit,Direction.Long,65000.19,997958496,Side.Buy,,OrderStatus.Submitted,65000.19,1653898000,BTC-USDT,TimeCondition.GTC,1783610670743035570,0.001,0.001,0.0
4194834854,2837957847,1783610670743299136,1783610670743301175,203,order,benchmark,True,0.0,0.0,,,mock,0.0,,1783610670743299136,InstrumentType.Spot,5551468688638542353,OrderType.Limit,Direction.Long,65000.4,997960272,Side.Sell,,OrderStatus.Submitted,65000.4,1653898000,BTC-USDT,TimeCondition.GTC,1783610670743299136,0.001,0.001,0.0
4194834854,2837957847,1783610670743594802,1783610670743596605,203,order,benchmark,True,0.0,0.0,,,mock,0.0,,1783610670743594802,InstrumentType.Spot,5551468688638542354,OrderType.Limit,Direction.Long,65000.21,997962048,Side.Buy,,OrderStatus.Submitted,65000.21,1653898000,BTC-USDT,TimeCondition.GTC,1783610670743594802,0.001,0.001,0.0
4194834854,2837957847,1783610670743894741,1783610670743896550,203,order,benchmark,True,0.0,0.0,,,mock,0.0,,1783610670743894741,InstrumentType.Spot,5551468688638542355,OrderType.Limit,Direction.Long,65000.42,997963824,Side.Sell,,OrderStatus.Submitted,65000.42,1653898000,BTC-USDT,TimeCondition.GTC,1783610670743894741,0.001,0.001,0.0
4194834854,2837957847,1783610670744199208,1783610670744201049,203,order,benchmark,True,0.0,0.0,,,mock,0.0,,1783610670744199208,InstrumentType.Spot,5551468688638542356,OrderType.Limit,Direction.Long,65000.23,997965600,Side.Buy,,OrderStatus.Submitted,65000.23,1653898000,BTC-USDT,TimeCondition.GTC,1783610670744199208,0.001,0.001,0.0
4194834854,2837957847,1783610670744494239,1783610670744496272,203,order,benchmark,True,0.0,0.0,,,mock,0.0,,1783610670744494239,InstrumentType.Spot,5551468688638542357,OrderType.Limit,Direction.Long,65000.439999999995,997967376,Side.Sell,,OrderStatus.Submitted,65000.439999999995,1653898000,BTC-USDT,TimeCondition.GTC,1783610670744494239,0.001,0.001,0.0
4194834854,2837957847,1783610670744802219,1783610670744804273,203,order,benchmark,True,0.0,0.0,,,mock,0.0,,1783610670744802219,InstrumentType.Spot,5551468688638542358,OrderType.Limit,Direction.Long,65000.25,997969152,Side.Buy,,OrderStatus.Submitted,65000.25,1653898000,BTC-USDT,TimeCondition.GTC,1783610670744802219,0.001,0.001,0.0
4194834854,2837957847,1783610670745110147,1783610670745112239,203,order,benchmark,True,0.0,0.0,,,mock,0.0,,1783610670745110147,InstrumentType.Spot,5551468688638542359,OrderType.Limit,Direction.Long,65000.46,997970928,Side.Sell,,OrderStatus.Submitted,65000.46,1653898000,BTC-USDT,TimeCondition.GTC,1783610670745110147,0.001,0.001,0.0
4194834854,2837957847,1783610670745394823,1783610670745396604,203,order,benchmark,True,0.0,0.0,,,mock,0.0,,1783610670745394823,InstrumentType.Spot,5551468688638542360,OrderType.Limit,Direction.Long,65000.270000000004,997972704,Side.Buy,,OrderStatus.Submitted,65000.270000000004,1653898000,BTC-USDT,TimeCondition.GTC,1783610670745394823,0.001,0.001,0.0
4194834854,2837957847,1783610670745691178,1783610670745692882,203,order,benchmark,True,0.0,0.0,,,mock,0.0,,1783610670745691178,InstrumentType.Spot,5551468688638542361,OrderType.Limit,Direction.Long,65000.479999999996,997974480,Side.Sell,,OrderStatus.Submitted,65000.479999999996,1653898000,BTC-USDT,TimeCondition.GTC,1783610670745691178,0.001,0.001,0.0
4194834854,2837957847,1783610670746004109,1783610670746006503,203,order,benchmark,True,0.0,0.0,,,mock,0.0,,1783610670746004109,InstrumentType.Spot,5551468688638542362,OrderType.Limit,Direction.Long,65000.29,997976256,Side.Buy,,OrderStatus.Submitted,65000.29,1653898000,BTC-USDT,TimeCondition.GTC,1783610670746004109,0.001,0.001,0.0
4194834854,2837957847,1783610670746407332,1783610670746409220,203,order,benchmark,True,0.0,0.0,,,mock,0.0,,1783610670746407332,InstrumentType.Spot,5551468688638542363,OrderType.Limit,Direction.Long,65000.5,997978032,Side.Sell,,OrderStatus.Submitted,65000.5,1653898000,BTC-USDT,TimeCondition.GTC,1783610670746407332,0.001,0.001,0.0
4194834854,2837957847,1783610670746624755,1783610670746626697,203,order,benchmark,True,0.0,0.0,,,mock,0.0,,1783610670746624755,InstrumentType.Spot,5551468688638542364,OrderType.Limit,Direction.Long,65000.310000000005,997979808,Side.Buy,,OrderStatus.Submitted,65000.310000000005,1653898000,BTC-USDT,TimeCondition.GTC,1783610670746624755,0.001,0.001,0.0
4194834854,2837957847,1783610670747051475,1783610670747064368,203,order,benchmark,True,0.0,0.0,,,mock,0.0,,1783610670747051475,InstrumentType.Spot,5551468688638542365,OrderType.Limit,Direction.Long,65000.52,997981584,Side.Sell,,OrderStatus.Submitted,65000.52,1653898000,BTC-USDT,TimeCondition.GTC,1783610670747051475,0.001,0.001,0.0
4194834854,2837957847,1783610670747264445,1783610670747266238,203,order,benchmark,True,0.0,0.0,,,mock,0.0,,1783610670747264445,InstrumentType.Spot,5551468688638542366,OrderType.Limit,Direction.Long,65000.33,997983360,Side.Buy,,OrderStatus.Submitted,65000.33,1653898000,BTC-USDT,TimeCondition.GTC,1783610670747264445,0.001,0.001,0.0
4194834854,2837957847,1783610670747507940,1783610670747510010,203,order,benchmark,True,0.0,0.0,,,mock,0.0,,1783610670747507940,InstrumentType.Spot,5551468688638542367,OrderType.Limit,Direction.Long,65000.54,997985136,Side.Sell,,OrderStatus.Submitted,65000.54,1653898000,BTC-USDT,TimeCondition.GTC,1783610670747507940,0.001,0.001,0.0
4194834854,2837957847,1783610670747799984,1783610670747802856,203,order,benchmark,True,0.0,0.0,,,mock,0.0,,1783610670747799984,InstrumentType.Spot,5551468688638542368,OrderType.Limit,Direction.Long,65000.35,997986912,Side.Buy,,OrderStatus.Submitted,65000.35,1653898000,BTC-USDT,TimeCondition.GTC,1783610670747799984,0.001,0.001,0.0
4194834854,2837957847,1783610670748108355,1783610670748110372,203,order,benchmark,True,0.0,0.0,,,mock,0.0,,1783610670748108355,InstrumentType.Spot,5551468688638542369,OrderType.Limit,Direction.Long,65000.56,997988688,Side.Sell,,OrderStatus.Submitted,65000.56,1653898000,BTC-USDT,TimeCondition.GTC,1783610670748108355,0.001,0.001,0.0
4194834854,2837957847,1783610670748396910,1783610670748398761,203,order,benchmark,True,0.0,0.0,,,mock,0.0,,1783610670748396910,InstrumentType.Spot,5551468688638542370,OrderType.Limit,Direction.Long,65000.37,997990464,Side.Buy,,OrderStatus.Submitted,65000.37,1653898000,BTC-USDT,TimeCondition.GTC,1783610670748396910,0.001,0.001,0.0
4194834854,2837957847,1783610670748694969,1783610670748697007,203,order,benchmark,True,0.0,0.0,,,mock,0.0,,1783610670748694969,InstrumentType.Spot,5551468688638542371,OrderType.Limit,Direction.Long,65000.58,997992240,Side.Sell,,OrderStatus.Submitted,65000.58,1653898000,BTC-USDT,TimeCondition.GTC,1783610670748694969,0.001,0.001,0.0
4194834854,2837957847,1783610670748993750,1783610670749001641,203,order,benchmark,True,0.0,0.0,,,mock,0.0,,1783610670748993750,InstrumentType.Spot,5551468688638542372,OrderType.Limit,Direction.Long,65000.39,997994016,Side.Buy,,OrderStatus.Submitted,65000.39,1653898000,BTC-USDT,TimeCondition.GTC,1783610670748993750,0.001,0.001,0.0
4194834854,2837957847,1783610670749301799,1783610670749303877,203,order,benchmark,True,0.0,0.0,,,mock,0.0,,1783610670749301799,InstrumentType.Spot,5551468688638542373,OrderType.Limit,Direction.Long,65000.6,997995792,Side.Sell,,OrderStatus.Submitted,65000.6,1653898000,BTC-USDT,TimeCondition.GTC,1783610670749301799,0.001,0.001,0.0
4194834854,2837957847,1783610670749890555,1783610670749894123,203,order,benchmark,True,0.0,0.0,,,mock,0.0,,1783610670749890555,InstrumentType.Spot,5551468688638542374,OrderType.Limit,Direction.Long,65000.41,997997568,Side.Buy,,OrderStatus.Submitted,65000.41,1653898000,BTC-USDT,TimeCondition.GTC,1783610670749890555,0.001,0.001,0.0
4194834854,2837957847,1783610670749912560,1783610670749914129,203,order,benchmark,True,0.0,0.0,,,mock,0.0,,1783610670749912560,InstrumentType.Spot,5551468688638542375,OrderType.Limit,Direction.Long,65000.619999999995,997999344,Side.Sell,,OrderStatus.Submitted,65000.619999999995,1653898000,BTC-USDT,TimeCondition.GTC,1783610670749912560,0.001,0.001,0.0
4194834854,2837957847,1783610670750185593,1783610670750188358,203,order,benchmark,True,0.0,0.0,,,mock,0.0,,1783610670750185593,InstrumentType.Spot,5551468688638542376,OrderType.Limit,Direction.Long,65000.43,998001120,Side.Buy,,OrderStatus.Submitted,65000.43,1653898000,BTC-USDT,TimeCondition.GTC,1783610670750185593,0.001,0.001,0.0
4194834854,2837957847,1783610670750503746,1783610670750505866,203,order,benchmark,True,0.0,0.0,,,mock,0.0,,1783610670750503746,InstrumentType.Spot,5551468688638542377,OrderType.Limit,Direction.Long,65000.64,998002896,Side.Sell,,OrderStatus.Submitted,65000.64,1653898000,BTC-USDT,TimeCondition.GTC,1783610670750503746,0.001,0.001,0.0
4194834854,2837957847,1783610670750788598,1783610670750798830,203,order,benchmark,True,0.0,0.0,,,mock,0.0,,1783610670750788598,InstrumentType.Spot,5551468688638542378,OrderType.Limit,Direction.Long,65000.450000000004,998004672,Side.Buy,,OrderStatus.Submitted,65000.450000000004,1653898000,BTC-USDT,TimeCondition.GTC,1783610670750788598,0.001,0.001,0.0
4194834854,2837957847,1783610670751103967,1783610670751106083,203,order,benchmark,True,0.0,0.0,,,mock,0.0,,1783610670751103967,InstrumentType.Spot,5551468688638542379,OrderType.Limit,Direction.Long,65000.659999999996,998006448,Side.Sell,,OrderStatus.Submitted,65000.659999999996,1653898000,BTC-USDT,TimeCondition.GTC,1783610670751103967,0.001,0.001,0.0
4194834854,2837957847,1783610670751391400,1783610670751393302,203,order,benchmark,True,0.0,0.0,,,mock,0.0,,1783610670751391400,InstrumentType.Spot,5551468688638542380,OrderType.Limit,Direction.Long,65000.47,998008224,Side.Buy,,OrderStatus.Submitted,65000.47,1653898000,BTC-USDT,TimeCondition.GTC,1783610670751391400,0.001,0.001,0.0
4194834854,2837957847,1783610670751698824,1783610670751700879,203,order,benchmark,True,0.0,0.0,,,mock,0.0,,1783610670751698824,InstrumentType.Spot,5551468688638542381,OrderType.Limit,Direction.Long,65000.68,998010000,Side.Sell,,OrderStatus.Submitted,65000.68,1653898000,BTC-USDT,TimeCondition.GTC,1783610670751698824,0.001,0.001,0.0
4194834854,2837957847,1783610670752000574,1783610670752003459,203,order,benchmark,True,0.0,0.0,,,mock,0.0,,1783610670752000574,InstrumentType.Spot,5551468688638542382,OrderType.Limit,Direction.Long,65000.49,998011776,Side.Buy,,OrderStatus.Submitted,65000.49,1653898000,BTC-USDT,TimeCondition.GTC,1783610670752000574,0.001,0.001,0.0
4194834854,2837957847,1783610670752291002,1783610670752294003,203,order,benchmark,True,0.0,0.0,,,mock,0.0,,1783610670752291002,InstrumentType.Spot,5551468688638542383,OrderType.Limit,Direction.Long,65000.7,998013552,Side.Sell,,OrderStatus.Submitted,65000.7,1653898000,BTC-USDT,TimeCondition.GTC,1783610670752291002,0.001,0.001,0.0
4194834854,2837957847,1783610670752600004,1783610670752602101,203,order,benchmark,True,0.0,0.0,,,mock,0.0,,1783610670752600004,InstrumentType.Spot,5551468688638542384,OrderType.Limit,Direction.Long,65000.51,998015328,Side.Buy,,OrderStatus.Submitted,65000.51,1653898000,BTC-USDT,TimeCondition.GTC,1783610670752600004,0.001,0.001,0.0
4194834854,2837957847,1783610670752898684,1783610670752900743,203,order,benchmark,True,0.0,0.0,,,mock,0.0,,1783610670752898684,InstrumentType.Spot,5551468688638542385,OrderType.Limit,Direction.Long,65000.72,998017104,Side.Sell,,OrderStatus.Submitted,65000.72,1653898000,BTC-USDT,TimeCondition.GTC,1783610670752898684,0.001,0.001,0.0
4194834854,2837957847,1783610670753195184,1783610670753197310,203,order,benchmark,True,0.0,0.0,,,mock,0.0,,1783610670753195184,InstrumentType.Spot,5551468688638542386,OrderType.Limit,Direction.Long,65000.53,998018880,Side.Buy,,OrderStatus.Submitted,65000.53,1653898000,BTC-USDT,TimeCondition.GTC,1783610670753195184,0.001,0.001,0.0
4194834854,2837957847,1783610670753508068,1783610670753510350,203,order,benchmark,True,0.0,0.0,,,mock,0.0,,1783610670753508068,InstrumentType.Spot,5551468688638542387,OrderType.Limit,Direction.Long,65000.74,998020656,Side.Sell,,OrderStatus.Submitted,65000.74,1653898000,BTC-USDT,TimeCondition.GTC,1783610670753508068,0.001,0.001,0.0
4194834854,2837957847,1783610670753977745,1783610670753987329,203,order,benchmark,True,0.0,0.0,,,mock,0.0,,1783610670753977745,InstrumentType.Spot,5551468688638542388,OrderType.Limit,Direction.Long,65000.55,998022432,Side.Buy,,OrderStatus.Submitted,65000.55,1653898000,BTC-USDT,TimeCondition.GTC,1783610670753977745,0.001,0.001,0.0
4194834854,2837957847,1783610670754110771,1783610670754113394,203,order,benchmark,True,0.0,0.0,,,mock,0.0,,1783610670754110771,InstrumentType.Spot,5551468688638542389,OrderType.Limit,Direction.Long,65000.76,998024208,Side.Sell,,OrderStatus.Submitted,65000.76,1653898000,BTC-USDT,TimeCondition.GTC,1783610670754110771,0.001,0.001,0.0
4194834854,2837957847,1783610670754407181,1783610670754409461,203,order,benchmark,True,0.0,0.0,,,mock,0.0,,1783610670754407181,InstrumentType.Spot,5551468688638542390,OrderType.Limit,Direction.Long,65000.57,998025984,Side.Buy,,OrderStatus.Submitted,65000.57,1653898000,BTC-USDT,TimeCondition.GTC,1783610670754407181,0.001,0.001,0.0
4194834854,2837957847,1783610670754699004,1783610670754708603,203,order,benchmark,True,0.0,0.0,,,mock,0.0,,1783610670754699004,InstrumentType.Spot,5551468688638542391,OrderType.Limit,Direction.Long,65000.78,998027760,Side.Sell,,OrderStatus.Submitted,65000.78,1653898000,BTC-USDT,TimeCondition.GTC,1783610670754699004,0.001,0.001,0.0
4194834854,2837957847,1783610670755002886,1783610670755005776,203,order,benchmark,True,0.0,0.0,,,mock,0.0,,1783610670755002886,InstrumentType.Spot,5551468688638542392,OrderType.Limit,Direction.Long,65000.590000000004,998029536,Side.Buy,,OrderStatus.Submitted,65000.590000000004,1653898000,BTC-USDT,TimeCondition.GTC,1783610670755002886,0.001,0.001,0.0
4194834854,2837957847,1783610670755297946,1783610670755300041,203,order,benchmark,True,0.0,0.0,,,mock,0.0,,1783610670755297946,InstrumentType.Spot,5551468688638542393,OrderType.Limit,Direction.Long,65000.799999999996,998031312,Side.Sell,,OrderStatus.Submitted,65000.799999999996,1653898000,BTC-USDT,TimeCondition.GTC,1783610670755297946,0.001,0.001,0.0
4194834854,2837957847,1783610670755599015,1783610670755601050,203,order,benchmark,True,0.0,0.0,,,mock,0.0,,1783610670755599015,InstrumentType.Spot,5551468688638542394,OrderType.Limit,Direction.Long,65000.61,998033088,Side.Buy,,OrderStatus.Submitted,65000.61,1653898000,BTC-USDT,TimeCondition.GTC,1783610670755599015,0.001,0.001,0.0
4194834854,2837957847,1783610670755896615,1783610670755898454,203,order,benchmark,True,0.0,0.0,,,mock,0.0,,1783610670755896615,InstrumentType.Spot,5551468688638542395,OrderType.Limit,Direction.Long,65000.82,998034864,Side.Sell,,OrderStatus.Submitted,65000.82,1653898000,BTC-USDT,TimeCondition.GTC,1783610670755896615,0.001,0.001,0.0
4194834854,2837957847,1783610670756206098,1783610670756208314,203,order,benchmark,True,0.0,0.0,,,mock,0.0,,1783610670756206098,InstrumentType.Spot,5551468688638542396,OrderType.Limit,Direction.Long,65000.630000000005,998036640,Side.Buy,,OrderStatus.Submitted,65000.630000000005,1653898000,BTC-USDT,TimeCondition.GTC,1783610670756206098,0.001,0.001,0.0
4194834854,2837957847,1783610670756492682,1783610670756494631,203,order,benchmark,True,0.0,0.0,,,mock,0.0,,1783610670756492682,InstrumentType.Spot,5551468688638542397,OrderType.Limit,Direction.Long,65000.84,998038416,Side.Sell,,OrderStatus.Submitted,65000.84,1653898000,BTC-USDT,TimeCondition.GTC,1783610670756492682,0.001,0.001,0.0
4194834854,2837957847,1783610670756802324,1783610670756804445,203,order,benchmark,True,0.0,0.0,,,mock,0.0,,1783610670756802324,InstrumentType.Spot,5551468688638542398,OrderType.Limit,Direction.Long,65000.65,998040192,Side.Buy,,OrderStatus.Submitted,65000.65,1653898000,BTC-USDT,TimeCondition.GTC,1783610670756802324,0.001,0.001,0.0
4194834854,2837957847,1783610670757086925,1783610670757089070,203,order,benchmark,True,0.0,0.0,,,mock,0.0,,1783610670757086925,InstrumentType.Spot,5551468688638542399,OrderType.Limit,Direction.Long,65000.86,998041968,Side.Sell,,OrderStatus.Submitted,65000.86,1653898000,BTC-USDT,TimeCondition.GTC,1783610670757086925,0.001,0.001,0.0
4194834854,2837957847,1783610670757398911,1783610670757400951,203,order,benchmark,True,0.0,0.0,,,mock,0.0,,1783610670757398911,InstrumentType.Spot,5551468688638542400,OrderType.Limit,Direction.Long,65000.67,998043744,Side.Buy,,OrderStatus.Submitted,65000.67,1653898000,BTC-USDT,TimeCondition.GTC,1783610670757398911,0.001,0.001,0.0
4194834854,2837957847,1783610670757701027,1783610670757703038,203,order,benchmark,True,0.0,0.0,,,mock,0.0,,1783610670757701027,InstrumentType.Spot,5551468688638542401,OrderType.Limit,Direction.Long,65000.88,998045520,Side.Sell,,OrderStatus.Submitted,65000.88,1653898000,BTC-USDT,TimeCondition.GTC,1783610670757701027,0.001,0.001,0.0
4194834854,2837957847,1783610670758004157,1783610670758006321,203,order,benchmark,True,0.0,0.0,,,mock,0.0,,1783610670758004157,InstrumentType.Spot,5551468688638542402,OrderType.Limit,Direction.Long,65000.69,998047296,Side.Buy,,OrderStatus.Submitted,65000.69,1653898000,BTC-USDT,TimeCondition.GTC,1783610670758004157,0.001,0.001,0.0
4194834854,2837957847,1783610670758295443,1783610670758297533,203,order,benchmark,True,0.0,0.0,,,mock,0.0,,1783610670758295443,InstrumentType.Spot,5551468688638542403,OrderType.Limit,Direction.Long,65000.9,998049072,Side.Sell,,OrderStatus.Submitted,65000.9,1653898000,BTC-USDT,TimeCondition.GTC,1783610670758295443,0.001,0.001,0.0
4194834854,2837957847,1783610670758589945,1783610670758591905,203,order,benchmark,True,0.0,0.0,,,mock,0.0,,1783610670758589945,InstrumentType.Spot,5551468688638542404,OrderType.Limit,Direction.Long,65000.71,998050848,Side.Buy,,OrderStatus.Submitted,65000.71,1653898000,BTC-USDT,TimeCondition.GTC,1783610670758589945,0.001,0.001,0.0
4194834854,2837957847,1783610670758889524,1783610670758898531,203,order,benchmark,True,0.0,0.0,,,mock,0.0,,1783610670758889524,InstrumentType.Spot,5551468688638542405,OrderType.Limit,Direction.Long,65000.92,998052624,Side.Sell,,OrderStatus.Submitted,65000.92,1653898000,BTC-USDT,TimeCondition.GTC,1783610670758889524,0.001,0.001,0.0
4194834854,2837957847,1783610670759194237,1783610670759196131,203,order,benchmark,True,0.0,0.0,,,mock,0.0,,1783610670759194237,InstrumentType.Spot,5551468688638542406,OrderType.Limit,Direction.Long,65000.73,998054400,Side.Buy,,OrderStatus.Submitted,65000.73,1653898000,BTC-USDT,TimeCondition.GTC,1783610670759194237,0.001,0.001,0.0
4194834854,2837957847,1783610670759492309,1783610670759494160,203,order,benchmark,True,0.0,0.0,,,mock,0.0,,1783610670759492309,InstrumentType.Spot,5551468688638542407,OrderType.Limit,Direction.Long,65000.939999999995,998056176,Side.Sell,,OrderStatus.Submitted,65000.939999999995,1653898000,BTC-USDT,TimeCondition.GTC,1783610670759492309,0.001,0.001,0.0
4194834854,2837957847,1783610670759792602,1783610670759794506,203,order,benchmark,True,0.0,0.0,,,mock,0.0,,1783610670759792602,InstrumentType.Spot,5551468688638542408,OrderType.Limit,Direction.Long,65000.75,998057952,Side.Buy,,OrderStatus.Submitted,65000.75,1653898000,BTC-USDT,TimeCondition.GTC,1783610670759792602,0.001,0.001,0.0
4194834854,2837957847,1783610670760099739,1783610670760101781,203,order,benchmark,True,0.0,0.0,,,mock,0.0,,1783610670760099739,InstrumentType.Spot,5551468688638542409,OrderType.Limit,Direction.Long,65000.96,998059728,Side.Sell,,OrderStatus.Submitted,65000.96,1653898000,BTC-USDT,TimeCondition.GTC,1783610670760099739,0.001,0.001,0.0
4194834854,2837957847,1783610670760418695,1783610670760421201,203,order,benchmark,True,0.0,0.0,,,mock,0.0,,1783610670760418695,InstrumentType.Spot,5551468688638542410,OrderType.Limit,Direction.Long,65000.770000000004,998061504,Side.Buy,,OrderStatus.Submitted,65000.770000000004,1653898000,BTC-USDT,TimeCondition.GTC,1783610670760418695,0.001,0.001,0.0
4194834854,2837957847,1783610670760689361,1783610670760691364,203,order,benchmark,True,0.0,0.0,,,mock,0.0,,1783610670760689361,InstrumentType.Spot,5551468688638542411,OrderType.Limit,Direction.Long,65000.979999999996,998063280,Side.Sell,,OrderStatus.Submitted,65000.979999999996,1653898000,BTC-USDT,TimeCondition.GTC,1783610670760689361,0.001,0.001,0.0
4194834854,2837957847,1783610670761118268,1783610670761120403,203,order,benchmark,True,0.0,0.0,,,mock,0.0,,1783610670761118268,InstrumentType.Spot,5551468688638542412,OrderType.Limit,Direction.Long,65000.79,998065056,Side.Buy,,OrderStatus.Submitted,65000.79,1653898000,BTC-USDT,TimeCondition.GTC,1783610670761118268,0.001,0.001,0.0
4194834854,2837957847,1783610670761310801,1783610670761312616,203,order,benchmark,True,0.0,0.0,,,mock,0.0,,1783610670761310801,InstrumentType.Spot,5551468688638542413,OrderType.Limit,Direction.Long,65001.0,998066832,Side.Sell,,OrderStatus.Submitted,65001.0,1653898000,BTC-USDT,TimeCondition.GTC,1783610670761310801,0.001,0.001,0.0
4194834854,2837957847,1783610670761588394,1783610670761590325,203,order,benchmark,True,0.0,0.0,,,mock,0.0,,1783610670761588394,InstrumentType.Spot,5551468688638542414,OrderType.Limit,Direction.Long,65000.810000000005,998068608,Side.Buy,,OrderStatus.Submitted,65000.810000000005,1653898000,BTC-USDT,TimeCondition.GTC,1783610670761588394,0.001,0.001,0.0
4194834854,2837957847,1783610670762082724,1783610670762085497,203,order,benchmark,True,0.0,0.0,,,mock,0.0,,1783610670762082724,InstrumentType.Spot,5551468688638542415,OrderType.Limit,Direction.Long,65001.02,998070384,Side.Sell,,OrderStatus.Submitted,65001.02,1653898000,BTC-USDT,TimeCondition.GTC,1783610670762082724,0.001,0.001,0.0
4194834854,2837957847,1783610670762190241,1783610670762192663,203,order,benchmark,True,0.0,0.0,,,mock,0.0,,1783610670762190241,InstrumentType.Spot,5551468688638542416,OrderType.Limit,Direction.Long,65000.83,998072160,Side.Buy,,OrderStatus.Submitted,65000.83,1653898000,BTC-USDT,TimeCondition.GTC,1783610670762190241,0.001,0.001,0.0
4194834854,2837957847,1783610670762487573,1783610670762489415,203,order,benchmark,True,0.0,0.0,,,mock,0.0,,1783610670762487573,InstrumentType.Spot,5551468688638542417,OrderType.Limit,Direction.Long,65001.04,997945488,Side.Sell,,OrderStatus.Submitted,65001.04,1653898000,BTC-USDT,TimeCondition.GTC,1783610670762487573,0.001,0.001,0.0
4194834854,2837957847,1783610670762790784,1783610670762800804,203,order,benchmark,True,0.0,0.0,,,mock,0.0,,1783610670762790784,InstrumentType.Spot,5551468688638542418,OrderType.Limit,Direction.Long,65000.85,997947264,Side.Buy,,OrderStatus.Submitted,65000.85,1653898000,BTC-USDT,TimeCondition.GTC,1783610670762790784,0.001,0.001,0.0
4194834854,2837957847,1783610670763100679,1783610670763102598,203,order,benchmark,True,0.0,0.0,,,mock,0.0,,1783610670763100679,InstrumentType.Spot,5551468688638542419,OrderType.Limit,Direction.Long,65001.06,997949040,Side.Sell,,OrderStatus.Submitted,65001.06,1653898000,BTC-USDT,TimeCondition.GTC,1783610670763100679,0.001,0.001,0.0
4194834854,2837957847,1783610670763386872,1783610670763388797,203,order,benchmark,True,0.0,0.0,,,mock,0.0,,1783610670763386872,InstrumentType.Spot,5551468688638542420,OrderType.Limit,Direction.Long,65000.87,998080080,Side.Buy,,OrderStatus.Submitted,65000.87,1653898000,BTC-USDT,TimeCondition.GTC,1783610670763386872,0.001,0.001,0.0
4194834854,2837957847,1783610670763686059,1783610670763687892,203,order,benchmark,True,0.0,0.0,,,mock,0.0,,1783610670763686059,InstrumentType.Spot,5551468688638542421,OrderType.Limit,Direction.Long,65001.08,998081680,Side.Sell,,OrderStatus.Submitted,65001.08,1653898000,BTC-USDT,TimeCondition.GTC,1783610670763686059,0.001,0.001,0.0
4194834854,2837957847,1783610670763991898,1783610670763993737,203,order,benchmark,True,0.0,0.0,,,mock,0.0,,1783610670763991898,InstrumentType.Spot,5551468688638542422,OrderType.Limit,Direction.Long,65000.89,998083456,Side.Buy,,OrderStatus.Submitted,65000.89,1653898000,BTC-USDT,TimeCondition.GTC,1783610670763991898,0.001,0.001,0.0
4194834854,2837957847,1783610670764288443,1783610670764290275,203,order,benchmark,True,0.0,0.0,,,mock,0.0,,1783610670764288443,InstrumentType.Spot,5551468688638542423,OrderType.Limit,Direction.Long,65000.1,998085232,Side.Sell,,OrderStatus.Submitted,65000.1,1653898000,BTC-USDT,TimeCondition.GTC,1783610670764288443,0.001,0.001,0.0
4194834854,2837957847,1783610670764589020,1783610670764590867,203,order,benchmark,True,0.0,0.0,,,mock,0.0,,1783610670764589020,InstrumentType.Spot,5551468688638542424,OrderType.Limit,Direction.Long,64999.91,998087008,Side.Buy,,OrderStatus.Submitted,64999.91,1653898000,BTC-USDT,TimeCondition.GTC,1783610670764589020,0.001,0.001,0.0
4194834854,2837957847,1783610670764897656,1783610670764899686,203,order,benchmark,True,0.0,0.0,,,mock,0.0,,1783610670764897656,InstrumentType.Spot,5551468688638542425,OrderType.Limit,Direction.Long,65000.119999999995,998088784,Side.Sell,,OrderStatus.Submitted,65000.119999999995,1653898000,BTC-USDT,TimeCondition.GTC,1783610670764897656,0.001,0.001,0.0
4194834854,2837957847,1783610670765192869,1783610670765194651,203,order,benchmark,True,0.0,0.0,,,mock,0.0,,1783610670765192869,InstrumentType.Spot,5551468688638542426,OrderType.Limit,Direction.Long,64999.93,998090560,Side.Buy,,OrderStatus.Submitted,64999.93,1653898000,BTC-USDT,TimeCondition.GTC,1783610670765192869,0.001,0.001,0.0
4194834854,2837957847,1783610670765491508,1783610670765493370,203,order,benchmark,True,0.0,0.0,,,mock,0.0,,1783610670765491508,InstrumentType.Spot,5551468688638542427,OrderType.Limit,Direction.Long,65000.14,998092336,Side.Sell,,OrderStatus.Submitted,65000.14,1653898000,BTC-USDT,TimeCondition.GTC,1783610670765491508,0.001,0.001,0.0
4194834854,2837957847,1783610670765790676,1783610670765792518,203,order,benchmark,True,0.0,0.0,,,mock,0.0,,1783610670765790676,InstrumentType.Spot,5551468688638542428,OrderType.Limit,Direction.Long,64999.950000000004,998094112,Side.Buy,,OrderStatus.Submitted,64999.950000000004,1653898000,BTC-USDT,TimeCondition.GTC,1783610670765790676,0.001,0.001,0.0
4194834854,2837957847,1783610670766103408,1783610670766105388,203,order,benchmark,True,0.0,0.0,,,mock,0.0,,1783610670766103408,InstrumentType.Spot,5551468688638542429,OrderType.Limit,Direction.Long,65000.159999999996,998095888,Side.Sell,,OrderStatus.Submitted,65000.159999999996,1653898000,BTC-USDT,TimeCondition.GTC,1783610670766103408,0.001,0.001,0.0
4194834854,2837957847,1783610670766392247,1783610670766394119,203,order,benchmark,True,0.0,0.0,,,mock,0.0,,1783610670766392247,InstrumentType.Spot,5551468688638542430,OrderType.Limit,Direction.Long,64999.97,998097664,Side.Buy,,OrderStatus.Submitted,64999.97,1653898000,BTC-USDT,TimeCondition.GTC,1783610670766392247,0.001,0.001,0.0
4194834854,2837957847,1783610670766690321,1783610670766699010,203,order,benchmark,True,0.0,0.0,,,mock,0.0,,1783610670766690321,InstrumentType.Spot,5551468688638542431,OrderType.Limit,Direction.Long,65000.18,998099440,Side.Sell,,OrderStatus.Submitted,65000.18,1653898000,BTC-USDT,TimeCondition.GTC,1783610670766690321,0.001,0.001,0.0
4194834854,2837957847,1783610670766990718,1783610670766992643,203,order,benchmark,True,0.0,0.0,,,mock,0.0,,1783610670766990718,InstrumentType.Spot,5551468688638542432,OrderType.Limit,Direction.Long,64999.99,998101216,Side.Buy,,OrderStatus.Submitted,64999.99,1653898000,BTC-USDT,TimeCondition.GTC,1783610670766990718,0.001,0.001,0.0
4194834854,2837957847,1783610670767288576,1783610670767290275,203,order,benchmark,True,0.0,0.0,,,mock,0.0,,1783610670767288576,InstrumentType.Spot,5551468688638542433,OrderType.Limit,Direction.Long,65000.2,998102992,Side.Sell,,OrderStatus.Submitted,65000.2,1653898000,BTC-USDT,TimeCondition.GTC,1783610670767288576,0.001,0.001,0.0
4194834854,2837957847,1783610670767649639,1783610670767652025,203,order,benchmark,True,0.0,0.0,,,mock,0.0,,1783610670767649639,InstrumentType.Spot,5551468688638542434,OrderType.Limit,Direction.Long,65000.01,998104768,Side.Buy,,OrderStatus.Submitted,65000.01,1653898000,BTC-USDT,TimeCondition.GTC,1783610670767649639,0.001,0.001,0.0
4194834854,2837957847,1783610670767901090,1783610670767902967,203,order,benchmark,True,0.0,0.0,,,mock,0.0,,1783610670767901090,InstrumentType.Spot,5551468688638542435,OrderType.Limit,Direction.Long,65000.22,998106544,Side.Sell,,OrderStatus.Submitted,65000.22,1653898000,BTC-USDT,TimeCondition.GTC,1783610670767901090,0.001,0.001,0.0
4194834854,2837957847,1783610670768188564,1783610670768190342,203,order,benchmark,True,0.0,0.0,,,mock,0.0,,1783610670768188564,InstrumentType.Spot,5551468688638542436,OrderType.Limit,Direction.Long,65000.03,998108320,Side.Buy,,OrderStatus.Submitted,65000.03,1653898000,BTC-USDT,TimeCondition.GTC,1783610670768188564,0.001,0.001,0.0
4194834854,2837957847,1783610670768485276,1783610670768487045,203,order,benchmark,True,0.0,0.0,,,mock,0.0,,1783610670768485276,InstrumentType.Spot,5551468688638542437,OrderType.Limit,Direction.Long,65000.24,998110096,Side.Sell,,OrderStatus.Submitted,65000.24,1653898000,BTC-USDT,TimeCondition.GTC,1783610670768485276,0.001,0.001,0.0
4194834854,2837957847,1783610670768791488,1783610670768793424,203,order,benchmark,True,0.0,0.0,,,mock,0.0,,1783610670768791488,InstrumentType.Spot,5551468688638542438,OrderType.Limit,Direction.Long,65000.05,998111872,Side.Buy,,OrderStatus.Submitted,65000.05,1653898000,BTC-USDT,TimeCondition.GTC,1783610670768791488,0.001,0.001,0.0
4194834854,2837957847,1783610670769103452,1783610670769105459,203,order,benchmark,True,0.0,0.0,,,mock,0.0,,1783610670769103452,InstrumentType.Spot,5551468688638542439,OrderType.Limit,Direction.Long,65000.26,998113648,Side.Sell,,OrderStatus.Submitted,65000.26,1653898000,BTC-USDT,TimeCondition.GTC,1783610670769103452,0.001,0.001,0.0
4194834854,2837957847,1783610670769389864,1783610670769391709,203,order,benchmark,True,0.0,0.0,,,mock,0.0,,1783610670769389864,InstrumentType.Spot,5551468688638542440,OrderType.Limit,Direction.Long,65000.07,998115424,Side.Buy,,OrderStatus.Submitted,65000.07,1653898000,BTC-USDT,TimeCondition.GTC,1783610670769389864,0.001,0.001,0.0
4194834854,2837957847,1783610670769689168,1783610670769691087,203,order,benchmark,True,0.0,0.0,,,mock,0.0,,1783610670769689168,InstrumentType.Spot,5551468688638542441,OrderType.Limit,Direction.Long,65000.28,998117200,Side.Sell,,OrderStatus.Submitted,65000.28,1653898000,BTC-USDT,TimeCondition.GTC,1783610670769689168,0.001,0.001,0.0
4194834854,2837957847,1783610670769987348,1783610670769989293,203,order,benchmark,True,0.0,0.0,,,mock,0.0,,1783610670769987348,InstrumentType.Spot,5551468688638542442,OrderType.Limit,Direction.Long,65000.090000000004,998118976,Side.Buy,,OrderStatus.Submitted,65000.090000000004,1653898000,BTC-USDT,TimeCondition.GTC,1783610670769987348,0.001,0.001,0.0
4194834854,2837957847,1783610670770292235,1783610670770294240,203,order,benchmark,True,0.0,0.0,,,mock,0.0,,1783610670770292235,InstrumentType.Spot,5551468688638542443,OrderType.Limit,Direction.Long,65000.299999999996,998120752,Side.Sell,,OrderStatus.Submitted,65000.299999999996,1653898000,BTC-USDT,TimeCondition.GTC,1783610670770292235,0.001,0.001,0.0
4194834854,2837957847,1783610670770599829,1783610670770608338,203,order,benchmark,True,0.0,0.0,,,mock,0.0,,1783610670770599829,InstrumentType.Spot,5551468688638542444,OrderType.Limit,Direction.Long,65000.11,998122528,Side.Buy,,OrderStatus.Submitted,65000.11,1653898000,BTC-USDT,TimeCondition.GTC,1783610670770599829,0.001,0.001,0.0
4194834854,2837957847,1783610670770889570,1783610670770891452,203,order,benchmark,True,0.0,0.0,,,mock,0.0,,1783610670770889570,InstrumentType.Spot,5551468688638542445,OrderType.Limit,Direction.Long,65000.32,998124304,Side.Sell,,OrderStatus.Submitted,65000.32,1653898000,BTC-USDT,TimeCondition.GTC,1783610670770889570,0.001,0.001,0.0
4194834854,2837957847,1783610670771191599,1783610670771193534,203,order,benchmark,True,0.0,0.0,,,mock,0.0,,1783610670771191599,InstrumentType.Spot,5551468688638542446,OrderType.Limit,Direction.Long,65000.130000000005,998126080,Side.Buy,,OrderStatus.Submitted,65000.130000000005,1653898000,BTC-USDT,TimeCondition.GTC,1783610670771191599,0.001,0.001,0.0
4194834854,2837957847,1783610670771501273,1783610670771503454,203,order,benchmark,True,0.0,0.0,,,mock,0.0,,1783610670771501273,InstrumentType.Spot,5551468688638542447,OrderType.Limit,Direction.Long,65000.34,998127856,Side.Sell,,OrderStatus.Submitted,65000.34,1653898000,BTC-USDT,TimeCondition.GTC,1783610670771501273,0.001,0.001,0.0
4194834854,2837957847,1783610670771976688,1783610670771982451,203,order,benchmark,True,0.0,0.0,,,mock,0.0,,1783610670771976688,InstrumentType.Spot,5551468688638542448,OrderType.Limit,Direction.Long,65000.15,998129632,Side.Buy,,OrderStatus.Submitted,65000.15,1653898000,BTC-USDT,TimeCondition.GTC,1783610670771976688,0.001,0.001,0.0
4194834854,2837957847,1783610670772142707,1783610670772144786,203,order,benchmark,True,0.0,0.0,,,mock,0.0,,1783610670772142707,InstrumentType.Spot,5551468688638542449,OrderType.Limit,Direction.Long,65000.36,998131408,Side.Sell,,OrderStatus.Submitted,65000.36,1653898000,BTC-USDT,TimeCondition.GTC,1783610670772142707,0.001,0.001,0.0
4194834854,2837957847,1783610670772317704,1783610670772320301,203,order,benchmark,True,0.0,0.0,,,mock,0.0,,1783610670772317704,InstrumentType.Spot,5551468688638542450,OrderType.Limit,Direction.Long,65000.17,998133184,Side.Buy,,OrderStatus.Submitted,65000.17,1653898000,BTC-USDT,TimeCondition.GTC,1783610670772317704,0.001,0.001,0.0
4194834854,2837957847,1783610670773006358,1783610670773010509,203,order,benchmark,True,0.0,0.0,,,mock,0.0,,1783610670773006358,InstrumentType.Spot,5551468688638542451,OrderType.Limit,Direction.Long,65000.38,998134960,Side.Sell,,OrderStatus.Submitted,65000.38,1653898000,BTC-USDT,TimeCondition.GTC,1783610670773006358,0.001,0.001,0.0
4194834854,2837957847,1783610670773030559,1783610670773032560,203,order,benchmark,True,0.0,0.0,,,mock,0.0,,1783610670773030559,InstrumentType.Spot,5551468688638542452,OrderType.Limit,Direction.Long,65000.19,998136704,Side.Buy,,OrderStatus.Submitted,65000.19,1653898000,BTC-USDT,TimeCondition.GTC,1783610670773030559,0.001,0.001,0.0
4194834854,2837957847,1783610670773525549,1783610670773528789,203,order,benchmark,True,0.0,0.0,,,mock,0.0,,1783610670773525549,InstrumentType.Spot,5551468688638542453,OrderType.Limit,Direction.Long,65000.4,998138512,Side.Sell,,OrderStatus.Submitted,65000.4,1653898000,BTC-USDT,TimeCondition.GTC,1783610670773525549,0.001,0.001,0.0
4194834854,2837957847,1783610670773851949,1783610670773854438,203,order,benchmark,True,0.0,0.0,,,mock,0.0,,1783610670773851949,InstrumentType.Spot,5551468688638542454,OrderType.Limit,Direction.Long,65000.21,998140288,Side.Buy,,OrderStatus.Submitted,65000.21,1653898000,BTC-USDT,TimeCondition.GTC,1783610670773851949,0.001,0.001,0.0
4194834854,2837957847,1783610670773867984,1783610670773869253,203,order,benchmark,True,0.0,0.0,,,mock,0.0,,1783610670773867984,InstrumentType.Spot,5551468688638542455,OrderType.Limit,Direction.Long,65000.42,998142032,Side.Sell,,OrderStatus.Submitted,65000.42,1653898000,BTC-USDT,TimeCondition.GTC,1783610670773867984,0.001,0.001,0.0
4194834854,2837957847,1783610670774424491,1783610670774428755,203,order,benchmark,True,0.0,0.0,,,mock,0.0,,1783610670774424491,InstrumentType.Spot,5551468688638542456,OrderType.Limit,Direction.Long,65000.23,998143840,Side.Buy,,OrderStatus.Submitted,65000.23,1653898000,BTC-USDT,TimeCondition.GTC,1783610670774424491,0.001,0.001,0.0
4194834854,2837957847,1783610670774519824,1783610670774522034,203,order,benchmark,True,0.0,0.0,,,mock,0.0,,1783610670774519824,InstrumentType.Spot,5551468688638542457,OrderType.Limit,Direction.Long,65000.439999999995,998145616,Side.Sell,,OrderStatus.Submitted,65000.439999999995,1653898000,BTC-USDT,TimeCondition.GTC,1783610670774519824,0.001,0.001,0.0
4194834854,2837957847,1783610670775087605,1783610670775111025,203,order,benchmark,True,0.0,0.0,,,mock,0.0,,1783610670775087605,InstrumentType.Spot,5551468688638542458,OrderType.Limit,Direction.Long,65000.25,998147392,Side.Buy,,OrderStatus.Submitted,65000.25,1653898000,BTC-USDT,TimeCondition.GTC,1783610670775087605,0.001,0.001,0.0
4194834854,2837957847,1783610670775237750,1783610670775240786,203,order,benchmark,True,0.0,0.0,,,mock,0.0,,1783610670775237750,InstrumentType.Spot,5551468688638542459,OrderType.Limit,Direction.Long,65000.46,998149168,Side.Sell,,OrderStatus.Submitted,65000.46,1653898000,BTC-USDT,TimeCondition.GTC,1783610670775237750,0.001,0.001,0.0
4194834854,2837957847,1783610670775420211,1783610670775423185,203,order,benchmark,True,0.0,0.0,,,mock,0.0,,1783610670775420211,InstrumentType.Spot,5551468688638542460,OrderType.Limit,Direction.Long,65000.270000000004,998150944,Side.Buy,,OrderStatus.Submitted,65000.270000000004,1653898000,BTC-USDT,TimeCondition.GTC,1783610670775420211,0.001,0.001,0.0
4194834854,2837957847,1783610670775695026,1783610670775697075,203,order,benchmark,True,0.0,0.0,,,mock,0.0,,1783610670775695026,InstrumentType.Spot,5551468688638542461,OrderType.Limit,Direction.Long,65000.479999999996,998152720,Side.Sell,,OrderStatus.Submitted,65000.479999999996,1653898000,BTC-USDT,TimeCondition.GTC,1783610670775695026,0.001,0.001,0.0
4194834854,2837957847,1783610670776121412,1783610670776124231,203,order,benchmark,True,0.0,0.0,,,mock,0.0,,1783610670776121412,InstrumentType.Spot,5551468688638542462,OrderType.Limit,Direction.Long,65000.29,998154496,Side.Buy,,OrderStatus.Submitted,65000.29,1653898000,BTC-USDT,TimeCondition.GTC,1783610670776121412,0.001,0.001,0.0
4194834854,2837957847,1783610670776472459,1783610670776475441,203,order,benchmark,True,0.0,0.0,,,mock,0.0,,1783610670776472459,InstrumentType.Spot,5551468688638542463,OrderType.Limit,Direction.Long,65000.5,998156272,Side.Sell,,OrderStatus.Submitted,65000.5,1653898000,BTC-USDT,TimeCondition.GTC,1783610670776472459,0.001,0.001,0.0
4194834854,2837957847,1783610670776760881,1783610670776764138,203,order,benchmark,True,0.0,0.0,,,mock,0.0,,1783610670776760881,InstrumentType.Spot,5551468688638542464,OrderType.Limit,Direction.Long,65000.310000000005,998158048,Side.Buy,,OrderStatus.Submitted,65000.310000000005,1653898000,BTC-USDT,TimeCondition.GTC,1783610670776760881,0.001,0.001,0.0
4194834854,2837957847,1783610670776966187,1783610670776968216,203,order,benchmark,True,0.0,0.0,,,mock,0.0,,1783610670776966187,InstrumentType.Spot,5551468688638542465,OrderType.Limit,Direction.Long,65000.52,998159824,Side.Sell,,OrderStatus.Submitted,65000.52,1653898000,BTC-USDT,TimeCondition.GTC,1783610670776966187,0.001,0.001,0.0
4194834854,2837957847,1783610670777348895,1783610670777351776,203,order,benchmark,True,0.0,0.0,,,mock,0.0,,1783610670777348895,InstrumentType.Spot,5551468688638542466,OrderType.Limit,Direction.Long,65000.33,998161600,Side.Buy,,OrderStatus.Submitted,65000.33,1653898000,BTC-USDT,TimeCondition.GTC,1783610670777348895,0.001,0.001,0.0
4194834854,2837957847,1783610670777709528,1783610670777712912,203,order,benchmark,True,0.0,0.0,,,mock,0.0,,1783610670777709528,InstrumentType.Spot,5551468688638542467,OrderType.Limit,Direction.Long,65000.54,998163376,Side.Sell,,OrderStatus.Submitted,65000.54,1653898000,BTC-USDT,TimeCondition.GTC,1783610670777709528,0.001,0.001,0.0
4194834854,2837957847,1783610670777895073,1783610670777896961,203,order,benchmark,True,0.0,0.0,,,mock,0.0,,1783610670777895073,InstrumentType.Spot,5551468688638542468,OrderType.Limit,Direction.Long,65000.35,998165152,Side.Buy,,OrderStatus.Submitted,65000.35,1653898000,BTC-USDT,TimeCondition.GTC,1783610670777895073,0.001,0.001,0.0
4194834854,2837957847,1783610670778122047,1783610670778123816,203,order,benchmark,True,0.0,0.0,,,mock,0.0,,1783610670778122047,InstrumentType.Spot,5551468688638542469,OrderType.Limit,Direction.Long,65000.56,998166928,Side.Sell,,OrderStatus.Submitted,65000.56,1653898000,BTC-USDT,TimeCondition.GTC,1783610670778122047,0.001,0.001,0.0
4194834854,2837957847,1783610670778525554,1783610670778527434,203,order,benchmark,True,0.0,0.0,,,mock,0.0,,1783610670778525554,InstrumentType.Spot,5551468688638542470,OrderType.Limit,Direction.Long,65000.37,998168704,Side.Buy,,OrderStatus.Submitted,65000.37,1653898000,BTC-USDT,TimeCondition.GTC,1783610670778525554,0.001,0.001,0.0
4194834854,2837957847,1783610670778746222,1783610670778781428,203,order,benchmark,True,0.0,0.0,,,mock,0.0,,1783610670778746222,InstrumentType.Spot,5551468688638542471,OrderType.Limit,Direction.Long,65000.58,998170480,Side.Sell,,OrderStatus.Submitted,65000.58,1653898000,BTC-USDT,TimeCondition.GTC,1783610670778746222,0.001,0.001,0.0
4194834854,2837957847,1783610670779155587,1783610670779158643,203,order,benchmark,True,0.0,0.0,,,mock,0.0,,1783610670779155587,InstrumentType.Spot,5551468688638542472,OrderType.Limit,Direction.Long,65000.39,998172256,Side.Buy,,OrderStatus.Submitted,65000.39,1653898000,BTC-USDT,TimeCondition.GTC,1783610670779155587,0.001,0.001,0.0
4194834854,2837957847,1783610670779293374,1783610670779295522,203,order,benchmark,True,0.0,0.0,,,mock,0.0,,1783610670779293374,InstrumentType.Spot,5551468688638542473,OrderType.Limit,Direction.Long,65000.6,998174032,Side.Sell,,OrderStatus.Submitted,65000.6,1653898000,BTC-USDT,TimeCondition.GTC,1783610670779293374,0.001,0.001,0.0
4194834854,2837957847,1783610670779599421,1783610670779601514,203,order,benchmark,True,0.0,0.0,,,mock,0.0,,1783610670779599421,InstrumentType.Spot,5551468688638542474,OrderType.Limit,Direction.Long,65000.41,998175808,Side.Buy,,OrderStatus.Submitted,65000.41,1653898000,BTC-USDT,TimeCondition.GTC,1783610670779599421,0.001,0.001,0.0
4194834854,2837957847,1783610670780013335,1783610670780016197,203,order,benchmark,True,0.0,0.0,,,mock,0.0,,1783610670780013335,InstrumentType.Spot,5551468688638542475,OrderType.Limit,Direction.Long,65000.619999999995,998177584,Side.Sell,,OrderStatus.Submitted,65000.619999999995,1653898000,BTC-USDT,TimeCondition.GTC,1783610670780013335,0.001,0.001,0.0
4194834854,2837957847,1783610670780251103,1783610670780253919,203,order,benchmark,True,0.0,0.0,,,mock,0.0,,1783610670780251103,InstrumentType.Spot,5551468688638542476,OrderType.Limit,Direction.Long,65000.43,998179360,Side.Buy,,OrderStatus.Submitted,65000.43,1653898000,BTC-USDT,TimeCondition.GTC,1783610670780251103,0.001,0.001,0.0
4194834854,2837957847,1783610670780496698,1783610670780498547,203,order,benchmark,True,0.0,0.0,,,mock,0.0,,1783610670780496698,InstrumentType.Spot,5551468688638542477,OrderType.Limit,Direction.Long,65000.64,998181136,Side.Sell,,OrderStatus.Submitted,65000.64,1653898000,BTC-USDT,TimeCondition.GTC,1783610670780496698,0.001,0.001,0.0
4194834854,2837957847,1783610670780795089,1783610670780796922,203,order,benchmark,True,0.0,0.0,,,mock,0.0,,1783610670780795089,InstrumentType.Spot,5551468688638542478,OrderType.Limit,Direction.Long,65000.450000000004,998182912,Side.Buy,,OrderStatus.Submitted,65000.450000000004,1653898000,BTC-USDT,TimeCondition.GTC,1783610670780795089,0.001,0.001,0.0
4194834854,2837957847,1783610670781107715,1783610670781109823,203,order,benchmark,True,0.0,0.0,,,mock,0.0,,1783610670781107715,InstrumentType.Spot,5551468688638542479,OrderType.Limit,Direction.Long,65000.659999999996,998184688,Side.Sell,,OrderStatus.Submitted,65000.659999999996,1653898000,BTC-USDT,TimeCondition.GTC,1783610670781107715,0.001,0.001,0.0
4194834854,2837957847,1783610670781394453,1783610670781396282,203,order,benchmark,True,0.0,0.0,,,mock,0.0,,1783610670781394453,InstrumentType.Spot,5551468688638542480,OrderType.Limit,Direction.Long,65000.47,998186464,Side.Buy,,OrderStatus.Submitted,65000.47,1653898000,BTC-USDT,TimeCondition.GTC,1783610670781394453,0.001,0.001,0.0
4194834854,2837957847,1783610670781697288,1783610670781699237,203,order,benchmark,True,0.0,0.0,,,mock,0.0,,1783610670781697288,InstrumentType.Spot,5551468688638542481,OrderType.Limit,Direction.Long,65000.68,998188240,Side.Sell,,OrderStatus.Submitted,65000.68,1653898000,BTC-USDT,TimeCondition.GTC,1783610670781697288,0.001,0.001,0.0
4194834854,2837957847,1783610670782132504,1783610670782135346,203,order,benchmark,True,0.0,0.0,,,mock,0.0,,1783610670782132504,InstrumentType.Spot,5551468688638542482,OrderType.Limit,Direction.Long,65000.49,998190016,Side.Buy,,OrderStatus.Submitted,65000.49,1653898000,BTC-USDT,TimeCondition.GTC,1783610670782132504,0.001,0.001,0.0
4194834854,2837957847,1783610670782344609,1783610670782346503,203,order,benchmark,True,0.0,0.0,,,mock,0.0,,1783610670782344609,InstrumentType.Spot,5551468688638542483,OrderType.Limit,Direction.Long,65000.7,998191792,Side.Sell,,OrderStatus.Submitted,65000.7,1653898000,BTC-USDT,TimeCondition.GTC,1783610670782344609,0.001,0.001,0.0
4194834854,2837957847,1783610670782641560,1783610670782670808,203,order,benchmark,True,0.0,0.0,,,mock,0.0,,1783610670782641560,InstrumentType.Spot,5551468688638542484,OrderType.Limit,Direction.Long,65000.51,998193568,Side.Buy,,OrderStatus.Submitted,65000.51,1653898000,BTC-USDT,TimeCondition.GTC,1783610670782641560,0.001,0.001,0.0
4194834854,2837957847,1783610670782901009,1783610670782902979,203,order,benchmark,True,0.0,0.0,,,mock,0.0,,1783610670782901009,InstrumentType.Spot,5551468688638542485,OrderType.Limit,Direction.Long,65000.72,998195344,Side.Sell,,OrderStatus.Submitted,65000.72,1653898000,BTC-USDT,TimeCondition.GTC,1783610670782901009,0.001,0.001,0.0
4194834854,2837957847,1783610670783358548,1783610670783362815,203,order,benchmark,True,0.0,0.0,,,mock,0.0,,1783610670783358548,InstrumentType.Spot,5551468688638542486,OrderType.Limit,Direction.Long,65000.53,998197120,Side.Buy,,OrderStatus.Submitted,65000.53,1653898000,BTC-USDT,TimeCondition.GTC,1783610670783358548,0.001,0.001,0.0
4194834854,2837957847,1783610670783561354,1783610670783563229,203,order,benchmark,True,0.0,0.0,,,mock,0.0,,1783610670783561354,InstrumentType.Spot,5551468688638542487,OrderType.Limit,Direction.Long,65000.74,998198896,Side.Sell,,OrderStatus.Submitted,65000.74,1653898000,BTC-USDT,TimeCondition.GTC,1783610670783561354,0.001,0.001,0.0
4194834854,2837957847,1783610670783800719,1783610670783802795,203,order,benchmark,True,0.0,0.0,,,mock,0.0,,1783610670783800719,InstrumentType.Spot,5551468688638542488,OrderType.Limit,Direction.Long,65000.55,998200672,Side.Buy,,OrderStatus.Submitted,65000.55,1653898000,BTC-USDT,TimeCondition.GTC,1783610670783800719,0.001,0.001,0.0
4194834854,2837957847,1783610670784115927,1783610670784118263,203,order,benchmark,True,0.0,0.0,,,mock,0.0,,1783610670784115927,InstrumentType.Spot,5551468688638542489,OrderType.Limit,Direction.Long,65000.76,998202448,Side.Sell,,OrderStatus.Submitted,65000.76,1653898000,BTC-USDT,TimeCondition.GTC,1783610670784115927,0.001,0.001,0.0
4194834854,2837957847,1783610670784404966,1783610670784406938,203,order,benchmark,True,0.0,0.0,,,mock,0.0,,1783610670784404966,InstrumentType.Spot,5551468688638542490,OrderType.Limit,Direction.Long,65000.57,998204224,Side.Buy,,OrderStatus.Submitted,65000.57,1653898000,BTC-USDT,TimeCondition.GTC,1783610670784404966,0.001,0.001,0.0
4194834854,2837957847,1783610670784706398,1783610670784708324,203,order,benchmark,True,0.0,0.0,,,mock,0.0,,1783610670784706398,InstrumentType.Spot,5551468688638542491,OrderType.Limit,Direction.Long,65000.78,998206000,Side.Sell,,OrderStatus.Submitted,65000.78,1653898000,BTC-USDT,TimeCondition.GTC,1783610670784706398,0.001,0.001,0.0
4194834854,2837957847,1783610670785024558,1783610670785026806,203,order,benchmark,True,0.0,0.0,,,mock,0.0,,1783610670785024558,InstrumentType.Spot,5551468688638542492,OrderType.Limit,Direction.Long,65000.590000000004,995372576,Side.Buy,,OrderStatus.Submitted,65000.590000000004,1653898000,BTC-USDT,TimeCondition.GTC,1783610670785024558,0.001,0.001,0.0
4194834854,2837957847,1783610670785215473,1783610670785218140,203,order,benchmark,True,0.0,0.0,,,mock,0.0,,1783610670785215473,InstrumentType.Spot,5551468688638542493,OrderType.Limit,Direction.Long,65000.799999999996,995374352,Side.Sell,,OrderStatus.Submitted,65000.799999999996,1653898000,BTC-USDT,TimeCondition.GTC,1783610670785215473,0.001,0.001,0.0
4194834854,2837957847,1783610670785598737,1783610670785601032,203,order,benchmark,True,0.0,0.0,,,mock,0.0,,1783610670785598737,InstrumentType.Spot,5551468688638542494,OrderType.Limit,Direction.Long,65000.61,995376128,Side.Buy,,OrderStatus.Submitted,65000.61,1653898000,BTC-USDT,TimeCondition.GTC,1783610670785598737,0.001,0.001,0.0
4194834854,2837957847,1783610670785914188,1783610670785916181,203,order,benchmark,True,0.0,0.0,,,mock,0.0,,1783610670785914188,InstrumentType.Spot,5551468688638542495,OrderType.Limit,Direction.Long,65000.82,995377904,Side.Sell,,OrderStatus.Submitted,65000.82,1653898000,BTC-USDT,TimeCondition.GTC,1783610670785914188,0.001,0.001,0.0
4194834854,2837957847,1783610670786126446,1783610670786129274,203,order,benchmark,True,0.0,0.0,,,mock,0.0,,1783610670786126446,InstrumentType.Spot,5551468688638542496,OrderType.Limit,Direction.Long,65000.630000000005,995379680,Side.Buy,,OrderStatus.Submitted,65000.630000000005,1653898000,BTC-USDT,TimeCondition.GTC,1783610670786126446,0.001,0.001,0.0
4194834854,2837957847,1783610670786511658,1783610670786524660,203,order,benchmark,True,0.0,0.0,,,mock,0.0,,1783610670786511658,InstrumentType.Spot,5551468688638542497,OrderType.Limit,Direction.Long,65000.84,998073936,Side.Sell,,OrderStatus.Submitted,65000.84,1653898000,BTC-USDT,TimeCondition.GTC,1783610670786511658,0.001,0.001,0.0
4194834854,2837957847,1783610670786809621,1783610670786811800,203,order,benchmark,True,0.0,0.0,,,mock,0.0,,1783610670786809621,InstrumentType.Spot,5551468688638542498,OrderType.Limit,Direction.Long,65000.65,998075712,Side.Buy,,OrderStatus.Submitted,65000.65,1653898000,BTC-USDT,TimeCondition.GTC,1783610670786809621,0.001,0.001,0.0
4194834854,2837957847,1783610670787112980,1783610670787114948,203,order,benchmark,True,0.0,0.0,,,mock,0.0,,1783610670787112980,InstrumentType.Spot,5551468688638542499,OrderType.Limit,Direction.Long,65000.86,998077488,Side.Sell,,OrderStatus.Submitted,65000.86,1653898000,BTC-USDT,TimeCondition.GTC,1783610670787112980,0.001,0.001,0.0
4194834854,2837957847,1783610670787408155,1783610670787410243,203,order,benchmark,True,0.0,0.0,,,mock,0.0,,1783610670787408155,InstrumentType.Spot,5551468688638542500,OrderType.Limit,Direction.Long,65000.67,995387520,Side.Buy,,OrderStatus.Submitted,65000.67,1653898000,BTC-USDT,TimeCondition.GTC,1783610670787408155,0.001,0.001,0.0
4194834854,2837957847,1783610670787705889,1783610670787707789,203,order,benchmark,True,0.0,0.0,,,mock,0.0,,1783610670787705889,InstrumentType.Spot,5551468688638542501,OrderType.Limit,Direction.Long,65000.88,995389264,Side.Sell,,OrderStatus.Submitted,65000.88,1653898000,BTC-USDT,TimeCondition.GTC,1783610670787705889,0.001,0.001,0.0
4194834854,2837957847,1783610670788003204,1783610670788005232,203,order,benchmark,True,0.0,0.0,,,mock,0.0,,1783610670788003204,InstrumentType.Spot,5551468688638542502,OrderType.Limit,Direction.Long,65000.69,995391040,Side.Buy,,OrderStatus.Submitted,65000.69,1653898000,BTC-USDT,TimeCondition.GTC,1783610670788003204,0.001,0.001,0.0
4194834854,2837957847,1783610670788299541,1783610670788301630,203,order,benchmark,True,0.0,0.0,,,mock,0.0,,1783610670788299541,InstrumentType.Spot,5551468688638542503,OrderType.Limit,Direction.Long,65000.9,995392816,Side.Sell,,OrderStatus.Submitted,65000.9,1653898000,BTC-USDT,TimeCondition.GTC,1783610670788299541,0.001,0.001,0.0
4194834854,2837957847,1783610670788590943,1783610670788592874,203,order,benchmark,True,0.0,0.0,,,mock,0.0,,1783610670788590943,InstrumentType.Spot,5551468688638542504,OrderType.Limit,Direction.Long,65000.71,995394592,Side.Buy,,OrderStatus.Submitted,65000.71,1653898000,BTC-USDT,TimeCondition.GTC,1783610670788590943,0.001,0.001,0.0
4194834854,2837957847,1783610670788898523,1783610670788900394,203,order,benchmark,True,0.0,0.0,,,mock,0.0,,1783610670788898523,InstrumentType.Spot,5551468688638542505,OrderType.Limit,Direction.Long,65000.92,995396368,Side.Sell,,OrderStatus.Submitted,65000.92,1653898000,BTC-USDT,TimeCondition.GTC,1783610670788898523,0.001,0.001,0.0
4194834854,2837957847,1783610670789314865,1783610670789317047,203,order,benchmark,True,0.0,0.0,,,mock,0.0,,1783610670789314865,InstrumentType.Spot,5551468688638542506,OrderType.Limit,Direction.Long,65000.73,995398144,Side.Buy,,OrderStatus.Submitted,65000.73,1653898000,BTC-USDT,TimeCondition.GTC,1783610670789314865,0.001,0.001,0.0
4194834854,2837957847,1783610670789526806,1783610670789528812,203,order,benchmark,True,0.0,0.0,,,mock,0.0,,1783610670789526806,InstrumentType.Spot,5551468688638542507,OrderType.Limit,Direction.Long,65000.939999999995,995399920,Side.Sell,,OrderStatus.Submitted,65000.939999999995,1653898000,BTC-USDT,TimeCondition.GTC,1783610670789526806,0.001,0.001,0.0
4194834854,2837957847,1783610670789798913,1783610670789800960,203,order,benchmark,True,0.0,0.0,,,mock,0.0,,1783610670789798913,InstrumentType.Spot,5551468688638542508,OrderType.Limit,Direction.Long,65000.75,995401696,Side.Buy,,OrderStatus.Submitted,65000.75,1653898000,BTC-USDT,TimeCondition.GTC,1783610670789798913,0.001,0.001,0.0
4194834854,2837957847,1783610670790109816,1783610670790111691,203,order,benchmark,True,0.0,0.0,,,mock,0.0,,1783610670790109816,InstrumentType.Spot,5551468688638542509,OrderType.Limit,Direction.Long,65000.96,995403472,Side.Sell,,OrderStatus.Submitted,65000.96,1653898000,BTC-USDT,TimeCondition.GTC,1783610670790109816,0.001,0.001,0.0
4194834854,2837957847,1783610670790394279,1783610670790403632,203,order,benchmark,True,0.0,0.0,,,mock,0.0,,1783610670790394279,InstrumentType.Spot,5551468688638542510,OrderType.Limit,Direction.Long,65000.770000000004,995405248,Side.Buy,,OrderStatus.Submitted,65000.770000000004,1653898000,BTC-USDT,TimeCondition.GTC,1783610670790394279,0.001,0.001,0.0
4194834854,2837957847,1783610670790704889,1783610670790706823,203,order,benchmark,True,0.0,0.0,,,mock,0.0,,1783610670790704889,InstrumentType.Spot,5551468688638542511,OrderType.Limit,Direction.Long,65000.979999999996,995407024,Side.Sell,,OrderStatus.Submitted,65000.979999999996,1653898000,BTC-USDT,TimeCondition.GTC,1783610670790704889,0.001,0.001,0.0
4194834854,2837957847,1783610670790994649,1783610670791004124,203,order,benchmark,True,0.0,0.0,,,mock,0.0,,1783610670790994649,InstrumentType.Spot,5551468688638542512,OrderType.Limit,Direction.Long,65000.79,995408800,Side.Buy,,OrderStatus.Submitted,65000.79,1653898000,BTC-USDT,TimeCondition.GTC,1783610670790994649,0.001,0.001,0.0
4194834854,2837957847,1783610670791307645,1783610670791310002,203,order,benchmark,True,0.0,0.0,,,mock,0.0,,1783610670791307645,InstrumentType.Spot,5551468688638542513,OrderType.Limit,Direction.Long,65001.0,995410576,Side.Sell,,OrderStatus.Submitted,65001.0,1653898000,BTC-USDT,TimeCondition.GTC,1783610670791307645,0.001,0.001,0.0
4194834854,2837957847,1783610670791597716,1783610670791599591,203,order,benchmark,True,0.0,0.0,,,mock,0.0,,1783610670791597716,InstrumentType.Spot,5551468688638542514,OrderType.Limit,Direction.Long,65000.810000000005,995412352,Side.Buy,,OrderStatus.Submitted,65000.810000000005,1653898000,BTC-USDT,TimeCondition.GTC,1783610670791597716,0.001,0.001,0.0
4194834854,2837957847,1783610670791894977,1783610670791897042,203,order,benchmark,True,0.0,0.0,,,mock,0.0,,1783610670791894977,InstrumentType.Spot,5551468688638542515,OrderType.Limit,Direction.Long,65001.02,995414128,Side.Sell,,OrderStatus.Submitted,65001.02,1653898000,BTC-USDT,TimeCondition.GTC,1783610670791894977,0.001,0.001,0.0
4194834854,2837957847,1783610670792197777,1783610670792199556,203,order,benchmark,True,0.0,0.0,,,mock,0.0,,1783610670792197777,InstrumentType.Spot,5551468688638542516,OrderType.Limit,Direction.Long,65000.83,995415904,Side.Buy,,OrderStatus.Submitted,65000.83,1653898000,BTC-USDT,TimeCondition.GTC,1783610670792197777,0.001,0.001,0.0
4194834854,2837957847,1783610670792495195,1783610670792496941,203,order,benchmark,True,0.0,0.0,,,mock,0.0,,1783610670792495195,InstrumentType.Spot,5551468688638542517,OrderType.Limit,Direction.Long,65001.04,995417680,Side.Sell,,OrderStatus.Submitted,65001.04,1653898000,BTC-USDT,TimeCondition.GTC,1783610670792495195,0.001,0.001,0.0
4194834854,2837957847,1783610670792799014,1783610670792801043,203,order,benchmark,True,0.0,0.0,,,mock,0.0,,1783610670792799014,InstrumentType.Spot,5551468688638542518,OrderType.Limit,Direction.Long,65000.85,995419456,Side.Buy,,OrderStatus.Submitted,65000.85,1653898000,BTC-USDT,TimeCondition.GTC,1783610670792799014,0.001,0.001,0.0
4194834854,2837957847,1783610670793106856,1783610670793108724,203,order,benchmark,True,0.0,0.0,,,mock,0.0,,1783610670793106856,InstrumentType.Spot,5551468688638542519,OrderType.Limit,Direction.Long,65001.06,995421232,Side.Sell,,OrderStatus.Submitted,65001.06,1653898000,BTC-USDT,TimeCondition.GTC,1783610670793106856,0.001,0.001,0.0
4194834854,2837957847,1783610670793406871,1783610670793409004,203,order,benchmark,True,0.0,0.0,,,mock,0.0,,1783610670793406871,InstrumentType.Spot,5551468688638542520,OrderType.Limit,Direction.Long,65000.87,995423008,Side.Buy,,OrderStatus.Submitted,65000.87,1653898000,BTC-USDT,TimeCondition.GTC,1783610670793406871,0.001,0.001,0.0
4194834854,2837957847,1783610670793733845,1783610670793736335,203,order,benchmark,True,0.0,0.0,,,mock,0.0,,1783610670793733845,InstrumentType.Spot,5551468688638542521,OrderType.Limit,Direction.Long,65001.08,995424784,Side.Sell,,OrderStatus.Submitted,65001.08,1653898000,BTC-USDT,TimeCondition.GTC,1783610670793733845,0.001,0.001,0.0
4194834854,2837957847,1783610670794006302,1783610670794008341,203,order,benchmark,True,0.0,0.0,,,mock,0.0,,1783610670794006302,InstrumentType.Spot,5551468688638542522,OrderType.Limit,Direction.Long,65000.89,995426560,Side.Buy,,OrderStatus.Submitted,65000.89,1653898000,BTC-USDT,TimeCondition.GTC,1783610670794006302,0.001,0.001,0.0
4194834854,2837957847,1783610670794299518,1783610670794301660,203,order,benchmark,True,0.0,0.0,,,mock,0.0,,1783610670794299518,InstrumentType.Spot,5551468688638542523,OrderType.Limit,Direction.Long,65000.1,995428336,Side.Sell,,OrderStatus.Submitted,65000.1,1653898000,BTC-USDT,TimeCondition.GTC,1783610670794299518,0.001,0.001,0.0
4194834854,2837957847,1783610670794600049,1783610670794611985,203,order,benchmark,True,0.0,0.0,,,mock,0.0,,1783610670794600049,InstrumentType.Spot,5551468688638542524,OrderType.Limit,Direction.Long,64999.91,995430112,Side.Buy,,OrderStatus.Submitted,64999.91,1653898000,BTC-USDT,TimeCondition.GTC,1783610670794600049,0.001,0.001,0.0
4194834854,2837957847,1783610670794894987,1783610670794896947,203,order,benchmark,True,0.0,0.0,,,mock,0.0,,1783610670794894987,InstrumentType.Spot,5551468688638542525,OrderType.Limit,Direction.Long,65000.119999999995,995431888,Side.Sell,,OrderStatus.Submitted,65000.119999999995,1653898000,BTC-USDT,TimeCondition.GTC,1783610670794894987,0.001,0.001,0.0
4194834854,2837957847,1783610670795199170,1783610670795201085,203,order,benchmark,True,0.0,0.0,,,mock,0.0,,1783610670795199170,InstrumentType.Spot,5551468688638542526,OrderType.Limit,Direction.Long,64999.93,995433664,Side.Buy,,OrderStatus.Submitted,64999.93,1653898000,BTC-USDT,TimeCondition.GTC,1783610670795199170,0.001,0.001,0.0
4194834854,2837957847,1783610670795497509,1783610670795499588,203,order,benchmark,True,0.0,0.0,,,mock,0.0,,1783610670795497509,InstrumentType.Spot,5551468688638542527,OrderType.Limit,Direction.Long,65000.14,995435440,Side.Sell,,OrderStatus.Submitted,65000.14,1653898000,BTC-USDT,TimeCondition.GTC,1783610670795497509,0.001,0.001,0.0
4194834854,2837957847,1783610670795795036,1783610670795796846,203,order,benchmark,True,0.0,0.0,,,mock,0.0,,1783610670795795036,InstrumentType.Spot,5551468688638542528,OrderType.Limit,Direction.Long,64999.950000000004,995437216,Side.Buy,,OrderStatus.Submitted,64999.950000000004,1653898000,BTC-USDT,TimeCondition.GTC,1783610670795795036,0.001,0.001,0.0
4194834854,2837957847,1783610670796230540,1783610670796233467,203,order,benchmark,True,0.0,0.0,,,mock,0.0,,1783610670796230540,InstrumentType.Spot,5551468688638542529,OrderType.Limit,Direction.Long,65000.159999999996,995438992,Side.Sell,,OrderStatus.Submitted,65000.159999999996,1653898000,BTC-USDT,TimeCondition.GTC,1783610670796230540,0.001,0.001,0.0
4194834854,2837957847,1783610670796458597,1783610670796476229,203,order,benchmark,True,0.0,0.0,,,mock,0.0,,1783610670796458597,InstrumentType.Spot,5551468688638542530,OrderType.Limit,Direction.Long,64999.97,995440768,Side.Buy,,OrderStatus.Submitted,64999.97,1653898000,BTC-USDT,TimeCondition.GTC,1783610670796458597,0.001,0.001,0.0
4194834854,2837957847,1783610670796699491,1783610670796701384,203,order,benchmark,True,0.0,0.0,,,mock,0.0,,1783610670796699491,InstrumentType.Spot,5551468688638542531,OrderType.Limit,Direction.Long,65000.18,995442544,Side.Sell,,OrderStatus.Submitted,65000.18,1653898000,BTC-USDT,TimeCondition.GTC,1783610670796699491,0.001,0.001,0.0
4194834854,2837957847,1783610670797003044,1783610670797005196,203,order,benchmark,True,0.0,0.0,,,mock,0.0,,1783610670797003044,InstrumentType.Spot,5551468688638542532,OrderType.Limit,Direction.Long,64999.99,995444320,Side.Buy,,OrderStatus.Submitted,64999.99,1653898000,BTC-USDT,TimeCondition.GTC,1783610670797003044,0.001,0.001,0.0
4194834854,2837957847,1783610670797294897,1783610670797296757,203,order,benchmark,True,0.0,0.0,,,mock,0.0,,1783610670797294897,InstrumentType.Spot,5551468688638542533,OrderType.Limit,Direction.Long,65000.2,995446096,Side.Sell,,OrderStatus.Submitted,65000.2,1653898000,BTC-USDT,TimeCondition.GTC,1783610670797294897,0.001,0.001,0.0
4194834854,2837957847,1783610670797594523,1783610670797596351,203,order,benchmark,True,0.0,0.0,,,mock,0.0,,1783610670797594523,InstrumentType.Spot,5551468688638542534,OrderType.Limit,Direction.Long,65000.01,995447872,Side.Buy,,OrderStatus.Submitted,65000.01,1653898000,BTC-USDT,TimeCondition.GTC,1783610670797594523,0.001,0.001,0.0
4194834854,2837957847,1783610670797898056,1783610670797900121,203,order,benchmark,True,0.0,0.0,,,mock,0.0,,1783610670797898056,InstrumentType.Spot,5551468688638542535,OrderType.Limit,Direction.Long,65000.22,995449648,Side.Sell,,OrderStatus.Submitted,65000.22,1653898000,BTC-USDT,TimeCondition.GTC,1783610670797898056,0.001,0.001,0.0
4194834854,2837957847,1783610670798193740,1783610670798195750,203,order,benchmark,True,0.0,0.0,,,mock,0.0,,1783610670798193740,InstrumentType.Spot,5551468688638542536,OrderType.Limit,Direction.Long,65000.03,995451424,Side.Buy,,OrderStatus.Submitted,65000.03,1653898000,BTC-USDT,TimeCondition.GTC,1783610670798193740,0.001,0.001,0.0
4194834854,2837957847,1783610670798495233,1783610670798505165,203,order,benchmark,True,0.0,0.0,,,mock,0.0,,1783610670798495233,InstrumentType.Spot,5551468688638542537,OrderType.Limit,Direction.Long,65000.24,995453200,Side.Sell,,OrderStatus.Submitted,65000.24,1653898000,BTC-USDT,TimeCondition.GTC,1783610670798495233,0.001,0.001,0.0
4194834854,2837957847,1783610670798797470,1783610670798799396,203,order,benchmark,True,0.0,0.0,,,mock,0.0,,1783610670798797470,InstrumentType.Spot,5551468688638542538,OrderType.Limit,Direction.Long,65000.05,995454976,Side.Buy,,OrderStatus.Submitted,65000.05,1653898000,BTC-USDT,TimeCondition.GTC,1783610670798797470,0.001,0.001,0.0
4194834854,2837957847,1783610670799116370,1783610670799118653,203,order,benchmark,True,0.0,0.0,,,mock,0.0,,1783610670799116370,InstrumentType.Spot,5551468688638542539,OrderType.Limit,Direction.Long,65000.26,995456752,Side.Sell,,OrderStatus.Submitted,65000.26,1653898000,BTC-USDT,TimeCondition.GTC,1783610670799116370,0.001,0.001,0.0
4194834854,2837957847,1783610670799395224,1783610670799397937,203,order,benchmark,True,0.0,0.0,,,mock,0.0,,1783610670799395224,InstrumentType.Spot,5551468688638542540,OrderType.Limit,Direction.Long,65000.07,995458528,Side.Buy,,OrderStatus.Submitted,65000.07,1653898000,BTC-USDT,TimeCondition.GTC,1783610670799395224,0.001,0.001,0.0
4194834854,2837957847,1783610670799696114,1783610670799698155,203,order,benchmark,True,0.0,0.0,,,mock,0.0,,1783610670799696114,InstrumentType.Spot,5551468688638542541,OrderType.Limit,Direction.Long,65000.28,995460304,Side.Sell,,OrderStatus.Submitted,65000.28,1653898000,BTC-USDT,TimeCondition.GTC,1783610670799696114,0.001,0.001,0.0
4194834854,2837957847,1783610670799993383,1783610670800001317,203,order,benchmark,True,0.0,0.0,,,mock,0.0,,1783610670799993383,InstrumentType.Spot,5551468688638542542,OrderType.Limit,Direction.Long,65000.090000000004,995462080,Side.Buy,,OrderStatus.Submitted,65000.090000000004,1653898000,BTC-USDT,TimeCondition.GTC,1783610670799993383,0.001,0.001,0.0
4194834854,2837957847,1783610670800297238,1783610670800299292,203,order,benchmark,True,0.0,0.0,,,mock,0.0,,1783610670800297238,InstrumentType.Spot,5551468688638542543,OrderType.Limit,Direction.Long,65000.299999999996,995463856,Side.Sell,,OrderStatus.Submitted,65000.299999999996,1653898000,BTC-USDT,TimeCondition.GTC,1783610670800297238,0.001,0.001,0.0
4194834854,2837957847,1783610670800596469,1783610670800598370,203,order,benchmark,True,0.0,0.0,,,mock,0.0,,1783610670800596469,InstrumentType.Spot,5551468688638542544,OrderType.Limit,Direction.Long,65000.11,995465632,Side.Buy,,OrderStatus.Submitted,65000.11,1653898000,BTC-USDT,TimeCondition.GTC,1783610670800596469,0.001,0.001,0.0
4194834854,2837957847,1783610670800891277,1783610670800893409,203,order,benchmark,True,0.0,0.0,,,mock,0.0,,1783610670800891277,InstrumentType.Spot,5551468688638542545,OrderType.Limit,Direction.Long,65000.32,995467408,Side.Sell,,OrderStatus.Submitted,65000.32,1653898000,BTC-USDT,TimeCondition.GTC,1783610670800891277,0.001,0.001,0.0
4194834854,2837957847,1783610670801194106,1783610670801196023,203,order,benchmark,True,0.0,0.0,,,mock,0.0,,1783610670801194106,InstrumentType.Spot,5551468688638542546,OrderType.Limit,Direction.Long,65000.130000000005,995469184,Side.Buy,,OrderStatus.Submitted,65000.130000000005,1653898000,BTC-USDT,TimeCondition.GTC,1783610670801194106,0.001,0.001,0.0
4194834854,2837957847,1783610670801497863,1783610670801499997,203,order,benchmark,True,0.0,0.0,,,mock,0.0,,1783610670801497863,InstrumentType.Spot,5551468688638542547,OrderType.Limit,Direction.Long,65000.34,995470960,Side.Sell,,OrderStatus.Submitted,65000.34,1653898000,BTC-USDT,TimeCondition.GTC,1783610670801497863,0.001,0.001,0.0
4194834854,2837957847,1783610670801796076,1783610670801797869,203,order,benchmark,True,0.0,0.0,,,mock,0.0,,1783610670801796076,InstrumentType.Spot,5551468688638542548,OrderType.Limit,Direction.Long,65000.15,995472736,Side.Buy,,OrderStatus.Submitted,65000.15,1653898000,BTC-USDT,TimeCondition.GTC,1783610670801796076,0.001,0.001,0.0
4194834854,2837957847,1783610670802108891,1783610670802111118,203,order,benchmark,True,0.0,0.0,,,mock,0.0,,1783610670802108891,InstrumentType.Spot,5551468688638542549,OrderType.Limit,Direction.Long,65000.36,995474512,Side.Sell,,OrderStatus.Submitted,65000.36,1653898000,BTC-USDT,TimeCondition.GTC,1783610670802108891,0.001,0.001,0.0
4194834854,2837957847,1783610670802398597,1783610670802407212,203,order,benchmark,True,0.0,0.0,,,mock,0.0,,1783610670802398597,InstrumentType.Spot,5551468688638542550,OrderType.Limit,Direction.Long,65000.17,995476288,Side.Buy,,OrderStatus.Submitted,65000.17,1653898000,BTC-USDT,TimeCondition.GTC,1783610670802398597,0.001,0.001,0.0
4194834854,2837957847,1783610670802697500,1783610670802699724,203,order,benchmark,True,0.0,0.0,,,mock,0.0,,1783610670802697500,InstrumentType.Spot,5551468688638542551,OrderType.Limit,Direction.Long,65000.38,995478064,Side.Sell,,OrderStatus.Submitted,65000.38,1653898000,BTC-USDT,TimeCondition.GTC,1783610670802697500,0.001,0.001,0.0
4194834854,2837957847,1783610670802994743,1783610670803002247,203,order,benchmark,True,0.0,0.0,,,mock,0.0,,1783610670802994743,InstrumentType.Spot,5551468688638542552,OrderType.Limit,Direction.Long,65000.19,995479840,Side.Buy,,OrderStatus.Submitted,65000.19,1653898000,BTC-USDT,TimeCondition.GTC,1783610670802994743,0.001,0.001,0.0
4194834854,2837957847,1783610670803294499,1783610670803296538,203,order,benchmark,True,0.0,0.0,,,mock,0.0,,1783610670803294499,InstrumentType.Spot,5551468688638542553,OrderType.Limit,Direction.Long,65000.4,995481616,Side.Sell,,OrderStatus.Submitted,65000.4,1653898000,BTC-USDT,TimeCondition.GTC,1783610670803294499,0.001,0.001,0.0
4194834854,2837957847,1783610670803594354,1783610670803596261,203,order,benchmark,True,0.0,0.0,,,mock,0.0,,1783610670803594354,InstrumentType.Spot,5551468688638542554,OrderType.Limit,Direction.Long,65000.21,995483392,Side.Buy,,OrderStatus.Submitted,65000.21,1653898000,BTC-USDT,TimeCondition.GTC,1783610670803594354,0.001,0.001,0.0
4194834854,2837957847,1783610670803890618,1783610670803892481,203,order,benchmark,True,0.0,0.0,,,mock,0.0,,1783610670803890618,InstrumentType.Spot,5551468688638542555,OrderType.Limit,Direction.Long,65000.42,995485168,Side.Sell,,OrderStatus.Submitted,65000.42,1653898000,BTC-USDT,TimeCondition.GTC,1783610670803890618,0.001,0.001,0.0
4194834854,2837957847,1783610670804190562,1783610670804192292,203,order,benchmark,True,0.0,0.0,,,mock,0.0,,1783610670804190562,InstrumentType.Spot,5551468688638542556,OrderType.Limit,Direction.Long,65000.23,995486944,Side.Buy,,OrderStatus.Submitted,65000.23,1653898000,BTC-USDT,TimeCondition.GTC,1783610670804190562,0.001,0.001,0.0
4194834854,2837957847,1783610670804487364,1783610670804489308,203,order,benchmark,True,0.0,0.0,,,mock,0.0,,1783610670804487364,InstrumentType.Spot,5551468688638542557,OrderType.Limit,Direction.Long,65000.439999999995,995488720,Side.Sell,,OrderStatus.Submitted,65000.439999999995,1653898000,BTC-USDT,TimeCondition.GTC,1783610670804487364,0.001,0.001,0.0
4194834854,2837957847,1783610670805122294,1783610670805143335,203,order,benchmark,True,0.0,0.0,,,mock,0.0,,1783610670805122294,InstrumentType.Spot,5551468688638542558,OrderType.Limit,Direction.Long,65000.25,995490496,Side.Buy,,OrderStatus.Submitted,65000.25,1653898000,BTC-USDT,TimeCondition.GTC,1783610670805122294,0.001,0.001,0.0
4194834854,2837957847,1783610670805166628,1783610670805168253,203,order,benchmark,True,0.0,0.0,,,mock,0.0,,1783610670805166628,InstrumentType.Spot,5551468688638542559,OrderType.Limit,Direction.Long,65000.46,995492240,Side.Sell,,OrderStatus.Submitted,65000.46,1653898000,BTC-USDT,TimeCondition.GTC,1783610670805166628,0.001,0.001,0.0
4194834854,2837957847,1783610670805397957,1783610670805399713,203,order,benchmark,True,0.0,0.0,,,mock,0.0,,1783610670805397957,InstrumentType.Spot,5551468688638542560,OrderType.Limit,Direction.Long,65000.270000000004,995494048,Side.Buy,,OrderStatus.Submitted,65000.270000000004,1653898000,BTC-USDT,TimeCondition.GTC,1783610670805397957,0.001,0.001,0.0
4194834854,2837957847,1783610670805812873,1783610670805815690,203,order,benchmark,True,0.0,0.0,,,mock,0.0,,1783610670805812873,InstrumentType.Spot,5551468688638542561,OrderType.Limit,Direction.Long,65000.479999999996,995495824,Side.Sell,,OrderStatus.Submitted,65000.479999999996,1653898000,BTC-USDT,TimeCondition.GTC,1783610670805812873,0.001,0.001,0.0
4194834854,2837957847,1783610670806271606,1783610670806277485,203,order,benchmark,True,0.0,0.0,,,mock,0.0,,1783610670806271606,InstrumentType.Spot,5551468688638542562,OrderType.Limit,Direction.Long,65000.29,995497600,Side.Buy,,OrderStatus.Submitted,65000.29,1653898000,BTC-USDT,TimeCondition.GTC,1783610670806271606,0.001,0.001,0.0
4194834854,2837957847,1783610670806458213,1783610670806477608,203,order,benchmark,True,0.0,0.0,,,mock,0.0,,1783610670806458213,InstrumentType.Spot,5551468688638542563,OrderType.Limit,Direction.Long,65000.5,995499376,Side.Sell,,OrderStatus.Submitted,65000.5,1653898000,BTC-USDT,TimeCondition.GTC,1783610670806458213,0.001,0.001,0.0
4194834854,2837957847,1783610670806642392,1783610670806645702,203,order,benchmark,True,0.0,0.0,,,mock,0.0,,1783610670806642392,InstrumentType.Spot,5551468688638542564,OrderType.Limit,Direction.Long,65000.310000000005,995501152,Side.Buy,,OrderStatus.Submitted,65000.310000000005,1653898000,BTC-USDT,TimeCondition.GTC,1783610670806642392,0.001,0.001,0.0
4194834854,2837957847,1783610670806886065,1783610670806888417,203,order,benchmark,True,0.0,0.0,,,mock,0.0,,1783610670806886065,InstrumentType.Spot,5551468688638542565,OrderType.Limit,Direction.Long,65000.52,995502928,Side.Sell,,OrderStatus.Submitted,65000.52,1653898000,BTC-USDT,TimeCondition.GTC,1783610670806886065,0.001,0.001,0.0
4194834854,2837957847,1783610670807195785,1783610670807197614,203,order,benchmark,True,0.0,0.0,,,mock,0.0,,1783610670807195785,InstrumentType.Spot,5551468688638542566,OrderType.Limit,Direction.Long,65000.33,995504704,Side.Buy,,OrderStatus.Submitted,65000.33,1653898000,BTC-USDT,TimeCondition.GTC,1783610670807195785,0.001,0.001,0.0
4194834854,2837957847,1783610670807496162,1783610670807498051,203,order,benchmark,True,0.0,0.0,,,mock,0.0,,1783610670807496162,InstrumentType.Spot,5551468688638542567,OrderType.Limit,Direction.Long,65000.54,995506480,Side.Sell,,OrderStatus.Submitted,65000.54,1653898000,BTC-USDT,TimeCondition.GTC,1783610670807496162,0.001,0.001,0.0
4194834854,2837957847,1783610670808026131,1783610670808029673,203,order,benchmark,True,0.0,0.0,,,mock,0.0,,1783610670808026131,InstrumentType.Spot,5551468688638542568,OrderType.Limit,Direction.Long,65000.35,995508256,Side.Buy,,OrderStatus.Submitted,65000.35,1653898000,BTC-USDT,TimeCondition.GTC,1783610670808026131,0.001,0.001,0.0
4194834854,2837957847,1783610670808152665,1783610670808154510,203,order,benchmark,True,0.0,0.0,,,mock,0.0,,1783610670808152665,InstrumentType.Spot,5551468688638542569,OrderType.Limit,Direction.Long,65000.56,995510032,Side.Sell,,OrderStatus.Submitted,65000.56,1653898000,BTC-USDT,TimeCondition.GTC,1783610670808152665,0.001,0.001,0.0
4194834854,2837957847,1783610670808372744,1783610670808375052,203,order,benchmark,True,0.0,0.0,,,mock,0.0,,1783610670808372744,InstrumentType.Spot,5551468688638542570,OrderType.Limit,Direction.Long,65000.37,995511808,Side.Buy,,OrderStatus.Submitted,65000.37,1653898000,BTC-USDT,TimeCondition.GTC,1783610670808372744,0.001,0.001,0.0
4194834854,2837957847,1783610670808698935,1783610670808700871,203,order,benchmark,True,0.0,0.0,,,mock,0.0,,1783610670808698935,InstrumentType.Spot,5551468688638542571,OrderType.Limit,Direction.Long,65000.58,995513584,Side.Sell,,OrderStatus.Submitted,65000.58,1653898000,BTC-USDT,TimeCondition.GTC,1783610670808698935,0.001,0.001,0.0
4194834854,2837957847,1783610670809009112,1783610670809011827,203,order,benchmark,True,0.0,0.0,,,mock,0.0,,1783610670809009112,InstrumentType.Spot,5551468688638542572,OrderType.Limit,Direction.Long,65000.39,995515360,Side.Buy,,OrderStatus.Submitted,65000.39,1653898000,BTC-USDT,TimeCondition.GTC,1783610670809009112,0.001,0.001,0.0
4194834854,2837957847,1783610670809301755,1783610670809303812,203,order,benchmark,True,0.0,0.0,,,mock,0.0,,1783610670809301755,InstrumentType.Spot,5551468688638542573,OrderType.Limit,Direction.Long,65000.6,995517136,Side.Sell,,OrderStatus.Submitted,65000.6,1653898000,BTC-USDT,TimeCondition.GTC,1783610670809301755,0.001,0.001,0.0
4194834854,2837957847,1783610670809744620,1783610670809747745,203,order,benchmark,True,0.0,0.0,,,mock,0.0,,1783610670809744620,InstrumentType.Spot,5551468688638542574,OrderType.Limit,Direction.Long,65000.41,995518912,Side.Buy,,OrderStatus.Submitted,65000.41,1653898000,BTC-USDT,TimeCondition.GTC,1783610670809744620,0.001,0.001,0.0
4194834854,2837957847,1783610670809950884,1783610670809953647,203,order,benchmark,True,0.0,0.0,,,mock,0.0,,1783610670809950884,InstrumentType.Spot,5551468688638542575,OrderType.Limit,Direction.Long,65000.619999999995,995520688,Side.Sell,,OrderStatus.Submitted,65000.619999999995,1653898000,BTC-USDT,TimeCondition.GTC,1783610670809950884,0.001,0.001,0.0
4194834854,2837957847,1783610670810379499,1783610670810396068,203,order,benchmark,True,0.0,0.0,,,mock,0.0,,1783610670810379499,InstrumentType.Spot,5551468688638542576,OrderType.Limit,Direction.Long,65000.43,995522464,Side.Buy,,OrderStatus.Submitted,65000.43,1653898000,BTC-USDT,TimeCondition.GTC,1783610670810379499,0.001,0.001,0.0
4194834854,2837957847,1783610670810506938,1783610670810509614,203,order,benchmark,True,0.0,0.0,,,mock,0.0,,1783610670810506938,InstrumentType.Spot,5551468688638542577,OrderType.Limit,Direction.Long,65000.64,995524240,Side.Sell,,OrderStatus.Submitted,65000.64,1653898000,BTC-USDT,TimeCondition.GTC,1783610670810506938,0.001,0.001,0.0
4194834854,2837957847,1783610670810807124,1783610670810809027,203,order,benchmark,True,0.0,0.0,,,mock,0.0,,1783610670810807124,InstrumentType.Spot,5551468688638542578,OrderType.Limit,Direction.Long,65000.450000000004,995526016,Side.Buy,,OrderStatus.Submitted,65000.450000000004,1653898000,BTC-USDT,TimeCondition.GTC,1783610670810807124,0.001,0.001,0.0
4194834854,2837957847,1783610670811107132,1783610670811109187,203,order,benchmark,True,0.0,0.0,,,mock,0.0,,1783610670811107132,InstrumentType.Spot,5551468688638542579,OrderType.Limit,Direction.Long,65000.659999999996,995527792,Side.Sell,,OrderStatus.Submitted,65000.659999999996,1653898000,BTC-USDT,TimeCondition.GTC,1783610670811107132,0.001,0.001,0.0
4194834854,2837957847,1783610670811398724,1783610670811400533,203,order,benchmark,True,0.0,0.0,,,mock,0.0,,1783610670811398724,InstrumentType.Spot,5551468688638542580,OrderType.Limit,Direction.Long,65000.47,995529568,Side.Buy,,OrderStatus.Submitted,65000.47,1653898000,BTC-USDT,TimeCondition.GTC,1783610670811398724,0.001,0.001,0.0
4194834854,2837957847,1783610670811694477,1783610670811696592,203,order,benchmark,True,0.0,0.0,,,mock,0.0,,1783610670811694477,InstrumentType.Spot,5551468688638542581,OrderType.Limit,Direction.Long,65000.68,995531344,Side.Sell,,OrderStatus.Submitted,65000.68,1653898000,BTC-USDT,TimeCondition.GTC,1783610670811694477,0.001,0.001,0.0
4194834854,2837957847,1783610670812002953,1783610670812005287,203,order,benchmark,True,0.0,0.0,,,mock,0.0,,1783610670812002953,InstrumentType.Spot,5551468688638542582,OrderType.Limit,Direction.Long,65000.49,995533120,Side.Buy,,OrderStatus.Submitted,65000.49,1653898000,BTC-USDT,TimeCondition.GTC,1783610670812002953,0.001,0.001,0.0
4194834854,2837957847,1783610670812296674,1783610670812298625,203,order,benchmark,True,0.0,0.0,,,mock,0.0,,1783610670812296674,InstrumentType.Spot,5551468688638542583,OrderType.Limit,Direction.Long,65000.7,995534896,Side.Sell,,OrderStatus.Submitted,65000.7,1653898000,BTC-USDT,TimeCondition.GTC,1783610670812296674,0.001,0.001,0.0
4194834854,2837957847,1783610670812598444,1783610670812600492,203,order,benchmark,True,0.0,0.0,,,mock,0.0,,1783610670812598444,InstrumentType.Spot,5551468688638542584,OrderType.Limit,Direction.Long,65000.51,995536672,Side.Buy,,OrderStatus.Submitted,65000.51,1653898000,BTC-USDT,TimeCondition.GTC,1783610670812598444,0.001,0.001,0.0
4194834854,2837957847,1783610670812898038,1783610670812900137,203,order,benchmark,True,0.0,0.0,,,mock,0.0,,1783610670812898038,InstrumentType.Spot,5551468688638542585,OrderType.Limit,Direction.Long,65000.72,995381456,Side.Sell,,OrderStatus.Submitted,65000.72,1653898000,BTC-USDT,TimeCondition.GTC,1783610670812898038,0.001,0.001,0.0
4194834854,2837957847,1783610670813200390,1783610670813202458,203,order,benchmark,True,0.0,0.0,,,mock,0.0,,1783610670813200390,InstrumentType.Spot,5551468688638542586,OrderType.Limit,Direction.Long,65000.53,995383232,Side.Buy,,OrderStatus.Submitted,65000.53,1653898000,BTC-USDT,TimeCondition.GTC,1783610670813200390,0.001,0.001,0.0
4194834854,2837957847,1783610670813506288,1783610670813508541,203,order,benchmark,True,0.0,0.0,,,mock,0.0,,1783610670813506288,InstrumentType.Spot,5551468688638542587,OrderType.Limit,Direction.Long,65000.74,995385008,Side.Sell,,OrderStatus.Submitted,65000.74,1653898000,BTC-USDT,TimeCondition.GTC,1783610670813506288,0.001,0.001,0.0
4194834854,2837957847,1783610670813795471,1783610670813797354,203,order,benchmark,True,0.0,0.0,,,mock,0.0,,1783610670813795471,InstrumentType.Spot,5551468688638542588,OrderType.Limit,Direction.Long,65000.55,995386784,Side.Buy,,OrderStatus.Submitted,65000.55,1653898000,BTC-USDT,TimeCondition.GTC,1783610670813795471,0.001,0.001,0.0
4194834854,2837957847,1783610670814107472,1783610670814109599,203,order,benchmark,True,0.0,0.0,,,mock,0.0,,1783610670814107472,InstrumentType.Spot,5551468688638542589,OrderType.Limit,Direction.Long,65000.76,998551872,Side.Sell,,OrderStatus.Submitted,65000.76,1653898000,BTC-USDT,TimeCondition.GTC,1783610670814107472,0.001,0.001,0.0
4194834854,2837957847,1783610670814395079,1783610670814404174,203,order,benchmark,True,0.0,0.0,,,mock,0.0,,1783610670814395079,InstrumentType.Spot,5551468688638542590,OrderType.Limit,Direction.Long,65000.57,998553648,Side.Buy,,OrderStatus.Submitted,65000.57,1653898000,BTC-USDT,TimeCondition.GTC,1783610670814395079,0.001,0.001,0.0
4194834854,2837957847,1783610670814697076,1783610670814699213,203,order,benchmark,True,0.0,0.0,,,mock,0.0,,1783610670814697076,InstrumentType.Spot,5551468688638542591,OrderType.Limit,Direction.Long,65000.78,998555424,Side.Sell,,OrderStatus.Submitted,65000.78,1653898000,BTC-USDT,TimeCondition.GTC,1783610670814697076,0.001,0.001,0.0
4194834854,2837957847,1783610670815003919,1783610670815006008,203,order,benchmark,True,0.0,0.0,,,mock,0.0,,1783610670815003919,InstrumentType.Spot,5551468688638542592,OrderType.Limit,Direction.Long,65000.590000000004,998557200,Side.Buy,,OrderStatus.Submitted,65000.590000000004,1653898000,BTC-USDT,TimeCondition.GTC,1783610670815003919,0.001,0.001,0.0
4194834854,2837957847,1783610670815295706,1783610670815297562,203,order,benchmark,True,0.0,0.0,,,mock,0.0,,1783610670815295706,InstrumentType.Spot,5551468688638542593,OrderType.Limit,Direction.Long,65000.799999999996,998558976,Side.Sell,,OrderStatus.Submitted,65000.799999999996,1653898000,BTC-USDT,TimeCondition.GTC,1783610670815295706,0.001,0.001,0.0
4194834854,2837957847,1783610670815596660,1783610670815598683,203,order,benchmark,True,0.0,0.0,,,mock,0.0,,1783610670815596660,InstrumentType.Spot,5551468688638542594,OrderType.Limit,Direction.Long,65000.61,998560752,Side.Buy,,OrderStatus.Submitted,65000.61,1653898000,BTC-USDT,TimeCondition.GTC,1783610670815596660,0.001,0.001,0.0
4194834854,2837957847,1783610670815896335,1783610670815898280,203,order,benchmark,True,0.0,0.0,,,mock,0.0,,1783610670815896335,InstrumentType.Spot,5551468688638542595,OrderType.Limit,Direction.Long,65000.82,998562528,Side.Sell,,OrderStatus.Submitted,65000.82,1653898000,BTC-USDT,TimeCondition.GTC,1783610670815896335,0.001,0.001,0.0
4194834854,2837957847,1783610670816524641,1783610670816530367,203,order,benchmark,True,0.0,0.0,,,mock,0.0,,1783610670816524641,InstrumentType.Spot,5551468688638542596,OrderType.Limit,Direction.Long,65000.630000000005,998564304,Side.Buy,,OrderStatus.Submitted,65000.630000000005,1653898000,BTC-USDT,TimeCondition.GTC,1783610670816524641,0.001,0.001,0.0
4194834854,2837957847,1783610670816554943,1783610670816557399,203,order,benchmark,True,0.0,0.0,,,mock,0.0,,1783610670816554943,InstrumentType.Spot,5551468688638542597,OrderType.Limit,Direction.Long,65000.84,998566048,Side.Sell,,OrderStatus.Submitted,65000.84,1653898000,BTC-USDT,TimeCondition.GTC,1783610670816554943,0.001,0.001,0.0
4194834854,2837957847,1783610670816747493,1783610670816749711,203,order,benchmark,True,0.0,0.0,,,mock,0.0,,1783610670816747493,InstrumentType.Spot,5551468688638542598,OrderType.Limit,Direction.Long,65000.65,998567856,Side.Buy,,OrderStatus.Submitted,65000.65,1653898000,BTC-USDT,TimeCondition.GTC,1783610670816747493,0.001,0.001,0.0
4194834854,2837957847,1783610670817107208,1783610670817109449,203,order,benchmark,True,0.0,0.0,,,mock,0.0,,1783610670817107208,InstrumentType.Spot,5551468688638542599,OrderType.Limit,Direction.Long,65000.86,998569632,Side.Sell,,OrderStatus.Submitted,65000.86,1653898000,BTC-USDT,TimeCondition.GTC,1783610670817107208,0.001,0.001,0.0
4194834854,2837957847,1783610670817505129,1783610670817507345,203,order,benchmark,True,0.0,0.0,,,mock,0.0,,1783610670817505129,InstrumentType.Spot,5551468688638542600,OrderType.Limit,Direction.Long,65000.67,998571408,Side.Buy,,OrderStatus.Submitted,65000.67,1653898000,BTC-USDT,TimeCondition.GTC,1783610670817505129,0.001,0.001,0.0
4194834854,2837957847,1783610670817723394,1783610670817725503,203,order,benchmark,True,0.0,0.0,,,mock,0.0,,1783610670817723394,InstrumentType.Spot,5551468688638542601,OrderType.Limit,Direction.Long,65000.88,998573184,Side.Sell,,OrderStatus.Submitted,65000.88,1653898000,BTC-USDT,TimeCondition.GTC,1783610670817723394,0.001,0.001,0.0
4194834854,2837957847,1783610670818005178,1783610670818007310,203,order,benchmark,True,0.0,0.0,,,mock,0.0,,1783610670818005178,InstrumentType.Spot,5551468688638542602,OrderType.Limit,Direction.Long,65000.69,998574960,Side.Buy,,OrderStatus.Submitted,65000.69,1653898000,BTC-USDT,TimeCondition.GTC,1783610670818005178,0.001,0.001,0.0
4194834854,2837957847,1783610670818293641,1783610670818308947,203,order,benchmark,True,0.0,0.0,,,mock,0.0,,1783610670818293641,InstrumentType.Spot,5551468688638542603,OrderType.Limit,Direction.Long,65000.9,998576736,Side.Sell,,OrderStatus.Submitted,65000.9,1653898000,BTC-USDT,TimeCondition.GTC,1783610670818293641,0.001,0.001,0.0
4194834854,2837957847,1783610670818596915,1783610670818599069,203,order,benchmark,True,0.0,0.0,,,mock,0.0,,1783610670818596915,InstrumentType.Spot,5551468688638542604,OrderType.Limit,Direction.Long,65000.71,998578512,Side.Buy,,OrderStatus.Submitted,65000.71,1653898000,BTC-USDT,TimeCondition.GTC,1783610670818596915,0.001,0.001,0.0
4194834854,2837957847,1783610670818897719,1783610670818899699,203,order,benchmark,True,0.0,0.0,,,mock,0.0,,1783610670818897719,InstrumentType.Spot,5551468688638542605,OrderType.Limit,Direction.Long,65000.92,998580288,Side.Sell,,OrderStatus.Submitted,65000.92,1653898000,BTC-USDT,TimeCondition.GTC,1783610670818897719,0.001,0.001,0.0
4194834854,2837957847,1783610670819209727,1783610670819211696,203,order,benchmark,True,0.0,0.0,,,mock,0.0,,1783610670819209727,InstrumentType.Spot,5551468688638542606,OrderType.Limit,Direction.Long,65000.73,998582064,Side.Buy,,OrderStatus.Submitted,65000.73,1653898000,BTC-USDT,TimeCondition.GTC,1783610670819209727,0.001,0.001,0.0
4194834854,2837957847,1783610670819507551,1783610670819509578,203,order,benchmark,True,0.0,0.0,,,mock,0.0,,1783610670819507551,InstrumentType.Spot,5551468688638542607,OrderType.Limit,Direction.Long,65000.939999999995,998583840,Side.Sell,,OrderStatus.Submitted,65000.939999999995,1653898000,BTC-USDT,TimeCondition.GTC,1783610670819507551,0.001,0.001,0.0
4194834854,2837957847,1783610670819805756,1783610670819807798,203,order,benchmark,True,0.0,0.0,,,mock,0.0,,1783610670819805756,InstrumentType.Spot,5551468688638542608,OrderType.Limit,Direction.Long,65000.75,998585616,Side.Buy,,OrderStatus.Submitted,65000.75,1653898000,BTC-USDT,TimeCondition.GTC,1783610670819805756,0.001,0.001,0.0
4194834854,2837957847,1783610670820113333,1783610670820115406,203,order,benchmark,True,0.0,0.0,,,mock,0.0,,1783610670820113333,InstrumentType.Spot,5551468688638542609,OrderType.Limit,Direction.Long,65000.96,998587392,Side.Sell,,OrderStatus.Submitted,65000.96,1653898000,BTC-USDT,TimeCondition.GTC,1783610670820113333,0.001,0.001,0.0
4194834854,2837957847,1783610670820406485,1783610670820408494,203,order,benchmark,True,0.0,0.0,,,mock,0.0,,1783610670820406485,InstrumentType.Spot,5551468688638542610,OrderType.Limit,Direction.Long,65000.770000000004,998589168,Side.Buy,,OrderStatus.Submitted,65000.770000000004,1653898000,BTC-USDT,TimeCondition.GTC,1783610670820406485,0.001,0.001,0.0
4194834854,2837957847,1783610670820695990,1783610670820697769,203,order,benchmark,True,0.0,0.0,,,mock,0.0,,1783610670820695990,InstrumentType.Spot,5551468688638542611,OrderType.Limit,Direction.Long,65000.979999999996,998590944,Side.Sell,,OrderStatus.Submitted,65000.979999999996,1653898000,BTC-USDT,TimeCondition.GTC,1783610670820695990,0.001,0.001,0.0
4194834854,2837957847,1783610670821005695,1783610670821007850,203,order,benchmark,True,0.0,0.0,,,mock,0.0,,1783610670821005695,InstrumentType.Spot,5551468688638542612,OrderType.Limit,Direction.Long,65000.79,998592720,Side.Buy,,OrderStatus.Submitted,65000.79,1653898000,BTC-USDT,TimeCondition.GTC,1783610670821005695,0.001,0.001,0.0
4194834854,2837957847,1783610670821296637,1783610670821298510,203,order,benchmark,True,0.0,0.0,,,mock,0.0,,1783610670821296637,InstrumentType.Spot,5551468688638542613,OrderType.Limit,Direction.Long,65001.0,998594496,Side.Sell,,OrderStatus.Submitted,65001.0,1653898000,BTC-USDT,TimeCondition.GTC,1783610670821296637,0.001,0.001,0.0
4194834854,2837957847,1783610670821593643,1783610670821595687,203,order,benchmark,True,0.0,0.0,,,mock,0.0,,1783610670821593643,InstrumentType.Spot,5551468688638542614,OrderType.Limit,Direction.Long,65000.810000000005,998596272,Side.Buy,,OrderStatus.Submitted,65000.810000000005,1653898000,BTC-USDT,TimeCondition.GTC,1783610670821593643,0.001,0.001,0.0
4194834854,2837957847,1783610670821893526,1783610670821895649,203,order,benchmark,True,0.0,0.0,,,mock,0.0,,1783610670821893526,InstrumentType.Spot,5551468688638542615,OrderType.Limit,Direction.Long,65001.02,998598048,Side.Sell,,OrderStatus.Submitted,65001.02,1653898000,BTC-USDT,TimeCondition.GTC,1783610670821893526,0.001,0.001,0.0
4194834854,2837957847,1783610670822205755,1783610670822214162,203,order,benchmark,True,0.0,0.0,,,mock,0.0,,1783610670822205755,InstrumentType.Spot,5551468688638542616,OrderType.Limit,Direction.Long,65000.83,998599824,Side.Buy,,OrderStatus.Submitted,65000.83,1653898000,BTC-USDT,TimeCondition.GTC,1783610670822205755,0.001,0.001,0.0
4194834854,2837957847,1783610670822497748,1783610670822499712,203,order,benchmark,True,0.0,0.0,,,mock,0.0,,1783610670822497748,InstrumentType.Spot,5551468688638542617,OrderType.Limit,Direction.Long,65001.04,998601600,Side.Sell,,OrderStatus.Submitted,65001.04,1653898000,BTC-USDT,TimeCondition.GTC,1783610670822497748,0.001,0.001,0.0
4194834854,2837957847,1783610670822798529,1783610670822800604,203,order,benchmark,True,0.0,0.0,,,mock,0.0,,1783610670822798529,InstrumentType.Spot,5551468688638542618,OrderType.Limit,Direction.Long,65000.85,998603376,Side.Buy,,OrderStatus.Submitted,65000.85,1653898000,BTC-USDT,TimeCondition.GTC,1783610670822798529,0.001,0.001,0.0
4194834854,2837957847,1783610670823107787,1783610670823109751,203,order,benchmark,True,0.0,0.0,,,mock,0.0,,1783610670823107787,InstrumentType.Spot,5551468688638542619,OrderType.Limit,Direction.Long,65001.06,998605152,Side.Sell,,OrderStatus.Submitted,65001.06,1653898000,BTC-USDT,TimeCondition.GTC,1783610670823107787,0.001,0.001,0.0
4194834854,2837957847,1783610670823397265,1783610670823399189,203,order,benchmark,True,0.0,0.0,,,mock,0.0,,1783610670823397265,InstrumentType.Spot,5551468688638542620,OrderType.Limit,Direction.Long,65000.87,998606928,Side.Buy,,OrderStatus.Submitted,65000.87,1653898000,BTC-USDT,TimeCondition.GTC,1783610670823397265,0.001,0.001,0.0
4194834854,2837957847,1783610670823698790,1783610670823700844,203,order,benchmark,True,0.0,0.0,,,mock,0.0,,1783610670823698790,InstrumentType.Spot,5551468688638542621,OrderType.Limit,Direction.Long,65001.08,998608704,Side.Sell,,OrderStatus.Submitted,65001.08,1653898000,BTC-USDT,TimeCondition.GTC,1783610670823698790,0.001,0.001,0.0
4194834854,2837957847,1783610670824001999,1783610670824004455,203,order,benchmark,True,0.0,0.0,,,mock,0.0,,1783610670824001999,InstrumentType.Spot,5551468688638542622,OrderType.Limit,Direction.Long,65000.89,998610480,Side.Buy,,OrderStatus.Submitted,65000.89,1653898000,BTC-USDT,TimeCondition.GTC,1783610670824001999,0.001,0.001,0.0
4194834854,2837957847,1783610670824296382,1783610670824298213,203,order,benchmark,True,0.0,0.0,,,mock,0.0,,1783610670824296382,InstrumentType.Spot,5551468688638542623,OrderType.Limit,Direction.Long,65000.1,998612256,Side.Sell,,OrderStatus.Submitted,65000.1,1653898000,BTC-USDT,TimeCondition.GTC,1783610670824296382,0.001,0.001,0.0
4194834854,2837957847,1783610670824597624,1783610670824599683,203,order,benchmark,True,0.0,0.0,,,mock,0.0,,1783610670824597624,InstrumentType.Spot,5551468688638542624,OrderType.Limit,Direction.Long,64999.91,998614032,Side.Buy,,OrderStatus.Submitted,64999.91,1653898000,BTC-USDT,TimeCondition.GTC,1783610670824597624,0.001,0.001,0.0
4194834854,2837957847,1783610670824907339,1783610670824909959,203,order,benchmark,True,0.0,0.0,,,mock,0.0,,1783610670824907339,InstrumentType.Spot,5551468688638542625,OrderType.Limit,Direction.Long,65000.119999999995,998615808,Side.Sell,,OrderStatus.Submitted,65000.119999999995,1653898000,BTC-USDT,TimeCondition.GTC,1783610670824907339,0.001,0.001,0.0
4194834854,2837957847,1783610670825194751,1783610670825196756,203,order,benchmark,True,0.0,0.0,,,mock,0.0,,1783610670825194751,InstrumentType.Spot,5551468688638542626,OrderType.Limit,Direction.Long,64999.93,998617584,Side.Buy,,OrderStatus.Submitted,64999.93,1653898000,BTC-USDT,TimeCondition.GTC,1783610670825194751,0.001,0.001,0.0
4194834854,2837957847,1783610670825498357,1783610670825500328,203,order,benchmark,True,0.0,0.0,,,mock,0.0,,1783610670825498357,InstrumentType.Spot,5551468688638542627,OrderType.Limit,Direction.Long,65000.14,998619360,Side.Sell,,OrderStatus.Submitted,65000.14,1653898000,BTC-USDT,TimeCondition.GTC,1783610670825498357,0.001,0.001,0.0
4194834854,2837957847,1783610670825796902,1783610670825798771,203,order,benchmark,True,0.0,0.0,,,mock,0.0,,1783610670825796902,InstrumentType.Spot,5551468688638542628,OrderType.Limit,Direction.Long,64999.950000000004,998621136,Side.Buy,,OrderStatus.Submitted,64999.950000000004,1653898000,BTC-USDT,TimeCondition.GTC,1783610670825796902,0.001,0.001,0.0
4194834854,2837957847,1783610670826108411,1783610670826119124,203,order,benchmark,True,0.0,0.0,,,mock,0.0,,1783610670826108411,InstrumentType.Spot,5551468688638542629,OrderType.Limit,Direction.Long,65000.159999999996,998622912,Side.Sell,,OrderStatus.Submitted,65000.159999999996,1653898000,BTC-USDT,TimeCondition.GTC,1783610670826108411,0.001,0.001,0.0
4194834854,2837957847,1783610670826395036,1783610670826396982,203,order,benchmark,True,0.0,0.0,,,mock,0.0,,1783610670826395036,InstrumentType.Spot,5551468688638542630,OrderType.Limit,Direction.Long,64999.97,998624688,Side.Buy,,OrderStatus.Submitted,64999.97,1653898000,BTC-USDT,TimeCondition.GTC,1783610670826395036,0.001,0.001,0.0
4194834854,2837957847,1783610670826697537,1783610670826699538,203,order,benchmark,True,0.0,0.0,,,mock,0.0,,1783610670826697537,InstrumentType.Spot,5551468688638542631,OrderType.Limit,Direction.Long,65000.18,998626464,Side.Sell,,OrderStatus.Submitted,65000.18,1653898000,BTC-USDT,TimeCondition.GTC,1783610670826697537,0.001,0.001,0.0
4194834854,2837957847,1783610670827046721,1783610670827050893,203,order,benchmark,True,0.0,0.0,,,mock,0.0,,1783610670827046721,InstrumentType.Spot,5551468688638542632,OrderType.Limit,Direction.Long,64999.99,998628240,Side.Buy,,OrderStatus.Submitted,64999.99,1653898000,BTC-USDT,TimeCondition.GTC,1783610670827046721,0.001,0.001,0.0
4194834854,2837957847,1783610670827421129,1783610670827426772,203,order,benchmark,True,0.0,0.0,,,mock,0.0,,1783610670827421129,InstrumentType.Spot,5551468688638542633,OrderType.Limit,Direction.Long,65000.2,998630016,Side.Sell,,OrderStatus.Submitted,65000.2,1653898000,BTC-USDT,TimeCondition.GTC,1783610670827421129,0.001,0.001,0.0
4194834854,2837957847,1783610670827647938,1783610670827651216,203,order,benchmark,True,0.0,0.0,,,mock,0.0,,1783610670827647938,InstrumentType.Spot,5551468688638542634,OrderType.Limit,Direction.Long,65000.01,998631792,Side.Buy,,OrderStatus.Submitted,65000.01,1653898000,BTC-USDT,TimeCondition.GTC,1783610670827647938,0.001,0.001,0.0
4194834854,2837957847,1783610670827919315,1783610670827921462,203,order,benchmark,True,0.0,0.0,,,mock,0.0,,1783610670827919315,InstrumentType.Spot,5551468688638542635,OrderType.Limit,Direction.Long,65000.22,998633568,Side.Sell,,OrderStatus.Submitted,65000.22,1653898000,BTC-USDT,TimeCondition.GTC,1783610670827919315,0.001,0.001,0.0
4194834854,2837957847,1783610670828114414,1783610670828117531,203,order,benchmark,True,0.0,0.0,,,mock,0.0,,1783610670828114414,InstrumentType.Spot,5551468688638542636,OrderType.Limit,Direction.Long,65000.03,998635344,Side.Buy,,OrderStatus.Submitted,65000.03,1653898000,BTC-USDT,TimeCondition.GTC,1783610670828114414,0.001,0.001,0.0
4194834854,2837957847,1783610670828502074,1783610670828504182,203,order,benchmark,True,0.0,0.0,,,mock,0.0,,1783610670828502074,InstrumentType.Spot,5551468688638542637,OrderType.Limit,Direction.Long,65000.24,998637120,Side.Sell,,OrderStatus.Submitted,65000.24,1653898000,BTC-USDT,TimeCondition.GTC,1783610670828502074,0.001,0.001,0.0
4194834854,2837957847,1783610670828798895,1783610670828800804,203,order,benchmark,True,0.0,0.0,,,mock,0.0,,1783610670828798895,InstrumentType.Spot,5551468688638542638,OrderType.Limit,Direction.Long,65000.05,998638896,Side.Buy,,OrderStatus.Submitted,65000.05,1653898000,BTC-USDT,TimeCondition.GTC,1783610670828798895,0.001,0.001,0.0
4194834854,2837957847,1783610670829108833,1783610670829110828,203,order,benchmark,True,0.0,0.0,,,mock,0.0,,1783610670829108833,InstrumentType.Spot,5551468688638542639,OrderType.Limit,Direction.Long,65000.26,998640672,Side.Sell,,OrderStatus.Submitted,65000.26,1653898000,BTC-USDT,TimeCondition.GTC,1783610670829108833,0.001,0.001,0.0
4194834854,2837957847,1783610670829397106,1783610670829399324,203,order,benchmark,True,0.0,0.0,,,mock,0.0,,1783610670829397106,InstrumentType.Spot,5551468688638542640,OrderType.Limit,Direction.Long,65000.07,998642448,Side.Buy,,OrderStatus.Submitted,65000.07,1653898000,BTC-USDT,TimeCondition.GTC,1783610670829397106,0.001,0.001,0.0
4194834854,2837957847,1783610670829690833,1783610670829692784,203,order,benchmark,True,0.0,0.0,,,mock,0.0,,1783610670829690833,InstrumentType.Spot,5551468688638542641,OrderType.Limit,Direction.Long,65000.28,998644224,Side.Sell,,OrderStatus.Submitted,65000.28,1653898000,BTC-USDT,TimeCondition.GTC,1783610670829690833,0.001,0.001,0.0
4194834854,2837957847,1783610670829988526,1783610670829990560,203,order,benchmark,True,0.0,0.0,,,mock,0.0,,1783610670829988526,InstrumentType.Spot,5551468688638542642,OrderType.Limit,Direction.Long,65000.090000000004,998646000,Side.Buy,,OrderStatus.Submitted,65000.090000000004,1653898000,BTC-USDT,TimeCondition.GTC,1783610670829988526,0.001,0.001,0.0
4194834854,2837957847,1783610670830287728,1783610670830304071,203,order,benchmark,True,0.0,0.0,,,mock,0.0,,1783610670830287728,InstrumentType.Spot,5551468688638542643,OrderType.Limit,Direction.Long,65000.299999999996,998647776,Side.Sell,,OrderStatus.Submitted,65000.299999999996,1653898000,BTC-USDT,TimeCondition.GTC,1783610670830287728,0.001,0.001,0.0
4194834854,2837957847,1783610670830599712,1783610670830601764,203,order,benchmark,True,0.0,0.0,,,mock,0.0,,1783610670830599712,InstrumentType.Spot,5551468688638542644,OrderType.Limit,Direction.Long,65000.11,998649552,Side.Buy,,OrderStatus.Submitted,65000.11,1653898000,BTC-USDT,TimeCondition.GTC,1783610670830599712,0.001,0.001,0.0
4194834854,2837957847,1783610670830891718,1783610670830893722,203,order,benchmark,True,0.0,0.0,,,mock,0.0,,1783610670830891718,InstrumentType.Spot,5551468688638542645,OrderType.Limit,Direction.Long,65000.32,998651328,Side.Sell,,OrderStatus.Submitted,65000.32,1653898000,BTC-USDT,TimeCondition.GTC,1783610670830891718,0.001,0.001,0.0
4194834854,2837957847,1783610670831191346,1783610670831193195,203,order,benchmark,True,0.0,0.0,,,mock,0.0,,1783610670831191346,InstrumentType.Spot,5551468688638542646,OrderType.Limit,Direction.Long,65000.130000000005,998653104,Side.Buy,,OrderStatus.Submitted,65000.130000000005,1653898000,BTC-USDT,TimeCondition.GTC,1783610670831191346,0.001,0.001,0.0
4194834854,2837957847,1783610670831491777,1783610670831493922,203,order,benchmark,True,0.0,0.0,,,mock,0.0,,1783610670831491777,InstrumentType.Spot,5551468688638542647,OrderType.Limit,Direction.Long,65000.34,998654880,Side.Sell,,OrderStatus.Submitted,65000.34,1653898000,BTC-USDT,TimeCondition.GTC,1783610670831491777,0.001,0.001,0.0
4194834854,2837957847,1783610670831791961,1783610670831793875,203,order,benchmark,True,0.0,0.0,,,mock,0.0,,1783610670831791961,InstrumentType.Spot,5551468688638542648,OrderType.Limit,Direction.Long,65000.15,998656656,Side.Buy,,OrderStatus.Submitted,65000.15,1653898000,BTC-USDT,TimeCondition.GTC,1783610670831791961,0.001,0.001,0.0
4194834854,2837957847,1783610670832100115,1783610670832102084,203,order,benchmark,True,0.0,0.0,,,mock,0.0,,1783610670832100115,InstrumentType.Spot,5551468688638542649,OrderType.Limit,Direction.Long,65000.36,998658432,Side.Sell,,OrderStatus.Submitted,65000.36,1653898000,BTC-USDT,TimeCondition.GTC,1783610670832100115,0.001,0.001,0.0
4194834854,2837957847,1783610670832389871,1783610670832391681,203,order,benchmark,True,0.0,0.0,,,mock,0.0,,1783610670832389871,InstrumentType.Spot,5551468688638542650,OrderType.Limit,Direction.Long,65000.17,998660208,Side.Buy,,OrderStatus.Submitted,65000.17,1653898000,BTC-USDT,TimeCondition.GTC,1783610670832389871,0.001,0.001,0.0
4194834854,2837957847,1783610670832687416,1783610670832689360,203,order,benchmark,True,0.0,0.0,,,mock,0.0,,1783610670832687416,InstrumentType.Spot,5551468688638542651,OrderType.Limit,Direction.Long,65000.38,998661984,Side.Sell,,OrderStatus.Submitted,65000.38,1653898000,BTC-USDT,TimeCondition.GTC,1783610670832687416,0.001,0.001,0.0
4194834854,2837957847,1783610670832991038,1783610670832993017,203,order,benchmark,True,0.0,0.0,,,mock,0.0,,1783610670832991038,InstrumentType.Spot,5551468688638542652,OrderType.Limit,Direction.Long,65000.19,998663760,Side.Buy,,OrderStatus.Submitted,65000.19,1653898000,BTC-USDT,TimeCondition.GTC,1783610670832991038,0.001,0.001,0.0
4194834854,2837957847,1783610670833292823,1783610670833294804,203,order,benchmark,True,0.0,0.0,,,mock,0.0,,1783610670833292823,InstrumentType.Spot,5551468688638542653,OrderType.Limit,Direction.Long,65000.4,998665536,Side.Sell,,OrderStatus.Submitted,65000.4,1653898000,BTC-USDT,TimeCondition.GTC,1783610670833292823,0.001,0.001,0.0
4194834854,2837957847,1783610670833599989,1783610670833602018,203,order,benchmark,True,0.0,0.0,,,mock,0.0,,1783610670833599989,InstrumentType.Spot,5551468688638542654,OrderType.Limit,Direction.Long,65000.21,998667312,Side.Buy,,OrderStatus.Submitted,65000.21,1653898000,BTC-USDT,TimeCondition.GTC,1783610670833599989,0.001,0.001,0.0
4194834854,2837957847,1783610670833891076,1783610670833893025,203,order,benchmark,True,0.0,0.0,,,mock,0.0,,1783610670833891076,InstrumentType.Spot,5551468688638542655,OrderType.Limit,Direction.Long,65000.42,998669088,Side.Sell,,OrderStatus.Submitted,65000.42,1653898000,BTC-USDT,TimeCondition.GTC,1783610670833891076,0.001,0.001,0.0
4194834854,2837957847,1783610670834191657,1783610670834200728,203,order,benchmark,True,0.0,0.0,,,mock,0.0,,1783610670834191657,InstrumentType.Spot,5551468688638542656,OrderType.Limit,Direction.Long,65000.23,998670864,Side.Buy,,OrderStatus.Submitted,65000.23,1653898000,BTC-USDT,TimeCondition.GTC,1783610670834191657,0.001,0.001,0.0
4194834854,2837957847,1783610670834493938,1783610670834495966,203,order,benchmark,True,0.0,0.0,,,mock,0.0,,1783610670834493938,InstrumentType.Spot,5551468688638542657,OrderType.Limit,Direction.Long,65000.439999999995,998672640,Side.Sell,,OrderStatus.Submitted,65000.439999999995,1653898000,BTC-USDT,TimeCondition.GTC,1783610670834493938,0.001,0.001,0.0
4194834854,2837957847,1783610670834790665,1783610670834792628,203,order,benchmark,True,0.0,0.0,,,mock,0.0,,1783610670834790665,InstrumentType.Spot,5551468688638542658,OrderType.Limit,Direction.Long,65000.25,998674416,Side.Buy,,OrderStatus.Submitted,65000.25,1653898000,BTC-USDT,TimeCondition.GTC,1783610670834790665,0.001,0.001,0.0
4194834854,2837957847,1783610670835096497,1783610670835098577,203,order,benchmark,True,0.0,0.0,,,mock,0.0,,1783610670835096497,InstrumentType.Spot,5551468688638542659,OrderType.Limit,Direction.Long,65000.46,998676192,Side.Sell,,OrderStatus.Submitted,65000.46,1653898000,BTC-USDT,TimeCondition.GTC,1783610670835096497,0.001,0.001,0.0
4194834854,2837957847,1783610670835391861,1783610670835393946,203,order,benchmark,True,0.0,0.0,,,mock,0.0,,1783610670835391861,InstrumentType.Spot,5551468688638542660,OrderType.Limit,Direction.Long,65000.270000000004,998677968,Side.Buy,,OrderStatus.Submitted,65000.270000000004,1653898000,BTC-USDT,TimeCondition.GTC,1783610670835391861,0.001,0.001,0.0
4194834854,2837957847,1783610670835691364,1783610670835693382,203,order,benchmark,True,0.0,0.0,,,mock,0.0,,1783610670835691364,InstrumentType.Spot,5551468688638542661,OrderType.Limit,Direction.Long,65000.479999999996,998679744,Side.Sell,,OrderStatus.Submitted,65000.479999999996,1653898000,BTC-USDT,TimeCondition.GTC,1783610670835691364,0.001,0.001,0.0
4194834854,2837957847,1783610670835991532,1783610670835993469,203,order,benchmark,True,0.0,0.0,,,mock,0.0,,1783610670835991532,InstrumentType.Spot,5551468688638542662,OrderType.Limit,Direction.Long,65000.29,998681520,Side.Buy,,OrderStatus.Submitted,65000.29,1653898000,BTC-USDT,TimeCondition.GTC,1783610670835991532,0.001,0.001,0.0
4194834854,2837957847,1783610670836295749,1783610670836297649,203,order,benchmark,True,0.0,0.0,,,mock,0.0,,1783610670836295749,InstrumentType.Spot,5551468688638542663,OrderType.Limit,Direction.Long,65000.5,998683296,Side.Sell,,OrderStatus.Submitted,65000.5,1653898000,BTC-USDT,TimeCondition.GTC,1783610670836295749,0.001,0.001,0.0
4194834854,2837957847,1783610670836591531,1783610670836593614,203,order,benchmark,True,0.0,0.0,,,mock,0.0,,1783610670836591531,InstrumentType.Spot,5551468688638542664,OrderType.Limit,Direction.Long,65000.310000000005,998685072,Side.Buy,,OrderStatus.Submitted,65000.310000000005,1653898000,BTC-USDT,TimeCondition.GTC,1783610670836591531,0.001,0.001,0.0
4194834854,2837957847,1783610670836891625,1783610670836893575,203,order,benchmark,True,0.0,0.0,,,mock,0.0,,1783610670836891625,InstrumentType.Spot,5551468688638542665,OrderType.Limit,Direction.Long,65000.52,998686848,Side.Sell,,OrderStatus.Submitted,65000.52,1653898000,BTC-USDT,TimeCondition.GTC,1783610670836891625,0.001,0.001,0.0
4194834854,2837957847,1783610670837189542,1783610670837191407,203,order,benchmark,True,0.0,0.0,,,mock,0.0,,1783610670837189542,InstrumentType.Spot,5551468688638542666,OrderType.Limit,Direction.Long,65000.33,998688624,Side.Buy,,OrderStatus.Submitted,65000.33,1653898000,BTC-USDT,TimeCondition.GTC,1783610670837189542,0.001,0.001,0.0
4194834854,2837957847,1783610670837488406,1783610670837490367,203,order,benchmark,True,0.0,0.0,,,mock,0.0,,1783610670837488406,InstrumentType.Spot,5551468688638542667,OrderType.Limit,Direction.Long,65000.54,998690400,Side.Sell,,OrderStatus.Submitted,65000.54,1653898000,BTC-USDT,TimeCondition.GTC,1783610670837488406,0.001,0.001,0.0
4194834854,2837957847,1783610670837790763,1783610670837792721,203,order,benchmark,True,0.0,0.0,,,mock,0.0,,1783610670837790763,InstrumentType.Spot,5551468688638542668,OrderType.Limit,Direction.Long,65000.35,998692176,Side.Buy,,OrderStatus.Submitted,65000.35,1653898000,BTC-USDT,TimeCondition.GTC,1783610670837790763,0.001,0.001,0.0
4194834854,2837957847,1783610670838098953,1783610670838210553,203,order,benchmark,True,0.0,0.0,,,mock,0.0,,1783610670838098953,InstrumentType.Spot,5551468688638542669,OrderType.Limit,Direction.Long,65000.56,998693952,Side.Sell,,OrderStatus.Submitted,65000.56,1653898000,BTC-USDT,TimeCondition.GTC,1783610670838098953,0.001,0.001,0.0
4194834854,2837957847,1783610670838432496,1783610670838435172,203,order,benchmark,True,0.0,0.0,,,mock,0.0,,1783610670838432496,InstrumentType.Spot,5551468688638542670,OrderType.Limit,Direction.Long,65000.37,998695728,Side.Buy,,OrderStatus.Submitted,65000.37,1653898000,BTC-USDT,TimeCondition.GTC,1783610670838432496,0.001,0.001,0.0
4194834854,2837957847,1783610670838860247,1783610670838864880,203,order,benchmark,True,0.0,0.0,,,mock,0.0,,1783610670838860247,InstrumentType.Spot,5551468688638542671,OrderType.Limit,Direction.Long,65000.58,998697504,Side.Sell,,OrderStatus.Submitted,65000.58,1653898000,BTC-USDT,TimeCondition.GTC,1783610670838860247,0.001,0.001,0.0
4194834854,2837957847,1783610670839063132,1783610670839065126,203,order,benchmark,True,0.0,0.0,,,mock,0.0,,1783610670839063132,InstrumentType.Spot,5551468688638542672,OrderType.Limit,Direction.Long,65000.39,998699280,Side.Buy,,OrderStatus.Submitted,65000.39,1653898000,BTC-USDT,TimeCondition.GTC,1783610670839063132,0.001,0.001,0.0
4194834854,2837957847,1783610670839304696,1783610670839306727,203,order,benchmark,True,0.0,0.0,,,mock,0.0,,1783610670839304696,InstrumentType.Spot,5551468688638542673,OrderType.Limit,Direction.Long,65000.6,998701056,Side.Sell,,OrderStatus.Submitted,65000.6,1653898000,BTC-USDT,TimeCondition.GTC,1783610670839304696,0.001,0.001,0.0
4194834854,2837957847,1783610670839790740,1783610670839796463,203,order,benchmark,True,0.0,0.0,,,mock,0.0,,1783610670839790740,InstrumentType.Spot,5551468688638542674,OrderType.Limit,Direction.Long,65000.41,998702832,Side.Buy,,OrderStatus.Submitted,65000.41,1653898000,BTC-USDT,TimeCondition.GTC,1783610670839790740,0.001,0.001,0.0
4194834854,2837957847,1783610670839959652,1783610670839962434,203,order,benchmark,True,0.0,0.0,,,mock,0.0,,1783610670839959652,InstrumentType.Spot,5551468688638542675,OrderType.Limit,Direction.Long,65000.619999999995,998704608,Side.Sell,,OrderStatus.Submitted,65000.619999999995,1653898000,BTC-USDT,TimeCondition.GTC,1783610670839959652,0.001,0.001,0.0
4194834854,2837957847,1783610670840141813,1783610670840145085,203,order,benchmark,True,0.0,0.0,,,mock,0.0,,1783610670840141813,InstrumentType.Spot,5551468688638542676,OrderType.Limit,Direction.Long,65000.43,998706384,Side.Buy,,OrderStatus.Submitted,65000.43,1653898000,BTC-USDT,TimeCondition.GTC,1783610670840141813,0.001,0.001,0.0
4194834854,2837957847,1783610670840639719,1783610670840643141,203,order,benchmark,True,0.0,0.0,,,mock,0.0,,1783610670840639719,InstrumentType.Spot,5551468688638542677,OrderType.Limit,Direction.Long,65000.64,998708160,Side.Sell,,OrderStatus.Submitted,65000.64,1653898000,BTC-USDT,TimeCondition.GTC,1783610670840639719,0.001,0.001,0.0
4194834854,2837957847,1783610670840846743,1783610670840848488,203,order,benchmark,True,0.0,0.0,,,mock,0.0,,1783610670840846743,InstrumentType.Spot,5551468688638542678,OrderType.Limit,Direction.Long,65000.450000000004,998709936,Side.Buy,,OrderStatus.Submitted,65000.450000000004,1653898000,BTC-USDT,TimeCondition.GTC,1783610670840846743,0.001,0.001,0.0
4194834854,2837957847,1783610670841279619,1783610670841282093,203,order,benchmark,True,0.0,0.0,,,mock,0.0,,1783610670841279619,InstrumentType.Spot,5551468688638542679,OrderType.Limit,Direction.Long,65000.659999999996,998711712,Side.Sell,,OrderStatus.Submitted,65000.659999999996,1653898000,BTC-USDT,TimeCondition.GTC,1783610670841279619,0.001,0.001,0.0
4194834854,2837957847,1783610670841872934,1783610670841876406,203,order,benchmark,True,0.0,0.0,,,mock,0.0,,1783610670841872934,InstrumentType.Spot,5551468688638542680,OrderType.Limit,Direction.Long,65000.47,998713488,Side.Buy,,OrderStatus.Submitted,65000.47,1653898000,BTC-USDT,TimeCondition.GTC,1783610670841872934,0.001,0.001,0.0
4194834854,2837957847,1783610670841916688,1783610670841919004,203,order,benchmark,True,0.0,0.0,,,mock,0.0,,1783610670841916688,InstrumentType.Spot,5551468688638542681,OrderType.Limit,Direction.Long,65000.68,998715232,Side.Sell,,OrderStatus.Submitted,65000.68,1653898000,BTC-USDT,TimeCondition.GTC,1783610670841916688,0.001,0.001,0.0
4194834854,2837957847,1783610670842027435,1783610670842064222,203,order,benchmark,True,0.0,0.0,,,mock,0.0,,1783610670842027435,InstrumentType.Spot,5551468688638542682,OrderType.Limit,Direction.Long,65000.49,998717040,Side.Buy,,OrderStatus.Submitted,65000.49,1653898000,BTC-USDT,TimeCondition.GTC,1783610670842027435,0.001,0.001,0.0
4194834854,2837957847,1783610670842286491,1783610670842288678,203,order,benchmark,True,0.0,0.0,,,mock,0.0,,1783610670842286491,InstrumentType.Spot,5551468688638542683,OrderType.Limit,Direction.Long,65000.7,998718816,Side.Sell,,OrderStatus.Submitted,65000.7,1653898000,BTC-USDT,TimeCondition.GTC,1783610670842286491,0.001,0.001,0.0
4194834854,2837957847,1783610670842579072,1783610670842581021,203,order,benchmark,True,0.0,0.0,,,mock,0.0,,1783610670842579072,InstrumentType.Spot,5551468688638542684,OrderType.Limit,Direction.Long,65000.51,998720592,Side.Buy,,OrderStatus.Submitted,65000.51,1653898000,BTC-USDT,TimeCondition.GTC,1783610670842579072,0.001,0.001,0.0
4194834854,2837957847,1783610670843019871,1783610670843022715,203,order,benchmark,True,0.0,0.0,,,mock,0.0,,1783610670843019871,InstrumentType.Spot,5551468688638542685,OrderType.Limit,Direction.Long,65000.72,998543968,Side.Sell,,OrderStatus.Submitted,65000.72,1653898000,BTC-USDT,TimeCondition.GTC,1783610670843019871,0.001,0.001,0.0
4194834854,2837957847,1783610670843231743,1783610670843233482,203,order,benchmark,True,0.0,0.0,,,mock,0.0,,1783610670843231743,InstrumentType.Spot,5551468688638542686,OrderType.Limit,Direction.Long,65000.53,998545744,Side.Buy,,OrderStatus.Submitted,65000.53,1653898000,BTC-USDT,TimeCondition.GTC,1783610670843231743,0.001,0.001,0.0
4194834854,2837957847,1783610670843501085,1783610670843502888,203,order,benchmark,True,0.0,0.0,,,mock,0.0,,1783610670843501085,InstrumentType.Spot,5551468688638542687,OrderType.Limit,Direction.Long,65000.74,998547520,Side.Sell,,OrderStatus.Submitted,65000.74,1653898000,BTC-USDT,TimeCondition.GTC,1783610670843501085,0.001,0.001,0.0
4194834854,2837957847,1783610670843800839,1783610670843802938,203,order,benchmark,True,0.0,0.0,,,mock,0.0,,1783610670843800839,InstrumentType.Spot,5551468688638542688,OrderType.Limit,Direction.Long,65000.55,998549296,Side.Buy,,OrderStatus.Submitted,65000.55,1653898000,BTC-USDT,TimeCondition.GTC,1783610670843800839,0.001,0.001,0.0
4194834854,2837957847,1783610670844106343,1783610670844108522,203,order,benchmark,True,0.0,0.0,,,mock,0.0,,1783610670844106343,InstrumentType.Spot,5551468688638542689,OrderType.Limit,Direction.Long,65000.76,998550288,Side.Sell,,OrderStatus.Submitted,65000.76,1653898000,BTC-USDT,TimeCondition.GTC,1783610670844106343,0.001,0.001,0.0
4194834854,2837957847,1783610670844404744,1783610670844406774,203,order,benchmark,True,0.0,0.0,,,mock,0.0,,1783610670844404744,InstrumentType.Spot,5551468688638542690,OrderType.Limit,Direction.Long,65000.57,998732144,Side.Buy,,OrderStatus.Submitted,65000.57,1653898000,BTC-USDT,TimeCondition.GTC,1783610670844404744,0.001,0.001,0.0
4194834854,2837957847,1783610670844707005,1783610670844708982,203,order,benchmark,True,0.0,0.0,,,mock,0.0,,1783610670844707005,InstrumentType.Spot,5551468688638542691,OrderType.Limit,Direction.Long,65000.78,998733920,Side.Sell,,OrderStatus.Submitted,65000.78,1653898000,BTC-USDT,TimeCondition.GTC,1783610670844707005,0.001,0.001,0.0
4194834854,2837957847,1783610670845026157,1783610670845028364,203,order,benchmark,True,0.0,0.0,,,mock,0.0,,1783610670845026157,InstrumentType.Spot,5551468688638542692,OrderType.Limit,Direction.Long,65000.590000000004,998735696,Side.Buy,,OrderStatus.Submitted,65000.590000000004,1653898000,BTC-USDT,TimeCondition.GTC,1783610670845026157,0.001,0.001,0.0
4194834854,2837957847,1783610670845303814,1783610670845306023,203,order,benchmark,True,0.0,0.0,,,mock,0.0,,1783610670845303814,InstrumentType.Spot,5551468688638542693,OrderType.Limit,Direction.Long,65000.799999999996,998737472,Side.Sell,,OrderStatus.Submitted,65000.799999999996,1653898000,BTC-USDT,TimeCondition.GTC,1783610670845303814,0.001,0.001,0.0
4194834854,2837957847,1783610670845738475,1783610670845741554,203,order,benchmark,True,0.0,0.0,,,mock,0.0,,1783610670845738475,InstrumentType.Spot,5551468688638542694,OrderType.Limit,Direction.Long,65000.61,998739248,Side.Buy,,OrderStatus.Submitted,65000.61,1653898000,BTC-USDT,TimeCondition.GTC,1783610670845738475,0.001,0.001,0.0
4194834854,2837957847,1783610670845968635,1783610670846004493,203,order,benchmark,True,0.0,0.0,,,mock,0.0,,1783610670845968635,InstrumentType.Spot,5551468688638542695,OrderType.Limit,Direction.Long,65000.82,998741024,Side.Sell,,OrderStatus.Submitted,65000.82,1653898000,BTC-USDT,TimeCondition.GTC,1783610670845968635,0.001,0.001,0.0
4194834854,2837957847,1783610670846130341,1783610670846133162,203,order,benchmark,True,0.0,0.0,,,mock,0.0,,1783610670846130341,InstrumentType.Spot,5551468688638542696,OrderType.Limit,Direction.Long,65000.630000000005,998742800,Side.Buy,,OrderStatus.Submitted,65000.630000000005,1653898000,BTC-USDT,TimeCondition.GTC,1783610670846130341,0.001,0.001,0.0
4194834854,2837957847,1783610670846495452,1783610670846497320,203,order,benchmark,True,0.0,0.0,,,mock,0.0,,1783610670846495452,InstrumentType.Spot,5551468688638542697,OrderType.Limit,Direction.Long,65000.84,998744576,Side.Sell,,OrderStatus.Submitted,65000.84,1653898000,BTC-USDT,TimeCondition.GTC,1783610670846495452,0.001,0.001,0.0
4194834854,2837957847,1783610670846797996,1783610670846800039,203,order,benchmark,True,0.0,0.0,,,mock,0.0,,1783610670846797996,InstrumentType.Spot,5551468688638542698,OrderType.Limit,Direction.Long,65000.65,998746352,Side.Buy,,OrderStatus.Submitted,65000.65,1653898000,BTC-USDT,TimeCondition.GTC,1783610670846797996,0.001,0.001,0.0
4194834854,2837957847,1783610670847108871,1783610670847110879,203,order,benchmark,True,0.0,0.0,,,mock,0.0,,1783610670847108871,InstrumentType.Spot,5551468688638542699,OrderType.Limit,Direction.Long,65000.86,998748128,Side.Sell,,OrderStatus.Submitted,65000.86,1653898000,BTC-USDT,TimeCondition.GTC,1783610670847108871,0.001,0.001,0.0
4194834854,2837957847,1783610670847397769,1783610670847399658,203,order,benchmark,True,0.0,0.0,,,mock,0.0,,1783610670847397769,InstrumentType.Spot,5551468688638542700,OrderType.Limit,Direction.Long,65000.67,998749904,Side.Buy,,OrderStatus.Submitted,65000.67,1653898000,BTC-USDT,TimeCondition.GTC,1783610670847397769,0.001,0.001,0.0
4194834854,2837957847,1783610670847696998,1783610670847698945,203,order,benchmark,True,0.0,0.0,,,mock,0.0,,1783610670847696998,InstrumentType.Spot,5551468688638542701,OrderType.Limit,Direction.Long,65000.88,998751680,Side.Sell,,OrderStatus.Submitted,65000.88,1653898000,BTC-USDT,TimeCondition.GTC,1783610670847696998,0.001,0.001,0.0
4194834854,2837957847,1783610670848012373,1783610670848014587,203,order,benchmark,True,0.0,0.0,,,mock,0.0,,1783610670848012373,InstrumentType.Spot,5551468688638542702,OrderType.Limit,Direction.Long,65000.69,998753456,Side.Buy,,OrderStatus.Submitted,65000.69,1653898000,BTC-USDT,TimeCondition.GTC,1783610670848012373,0.001,0.001,0.0
4194834854,2837957847,1783610670848296996,1783610670848299039,203,order,benchmark,True,0.0,0.0,,,mock,0.0,,1783610670848296996,InstrumentType.Spot,5551468688638542703,OrderType.Limit,Direction.Long,65000.9,998755232,Side.Sell,,OrderStatus.Submitted,65000.9,1653898000,BTC-USDT,TimeCondition.GTC,1783610670848296996,0.001,0.001,0.0
4194834854,2837957847,1783610670848591643,1783610670848593660,203,order,benchmark,True,0.0,0.0,,,mock,0.0,,1783610670848591643,InstrumentType.Spot,5551468688638542704,OrderType.Limit,Direction.Long,65000.71,998757008,Side.Buy,,OrderStatus.Submitted,65000.71,1653898000,BTC-USDT,TimeCondition.GTC,1783610670848591643,0.001,0.001,0.0
4194834854,2837957847,1783610670848896759,1783610670848898828,203,order,benchmark,True,0.0,0.0,,,mock,0.0,,1783610670848896759,InstrumentType.Spot,5551468688638542705,OrderType.Limit,Direction.Long,65000.92,998758784,Side.Sell,,OrderStatus.Submitted,65000.92,1653898000,BTC-USDT,TimeCondition.GTC,1783610670848896759,0.001,0.001,0.0
4194834854,2837957847,1783610670849198554,1783610670849200485,203,order,benchmark,True,0.0,0.0,,,mock,0.0,,1783610670849198554,InstrumentType.Spot,5551468688638542706,OrderType.Limit,Direction.Long,65000.73,998760560,Side.Buy,,OrderStatus.Submitted,65000.73,1653898000,BTC-USDT,TimeCondition.GTC,1783610670849198554,0.001,0.001,0.0
4194834854,2837957847,1783610670849783122,1783610670849786119,203,order,benchmark,True,0.0,0.0,,,mock,0.0,,1783610670849783122,InstrumentType.Spot,5551468688638542707,OrderType.Limit,Direction.Long,65000.939999999995,998762336,Side.Sell,,OrderStatus.Submitted,65000.939999999995,1653898000,BTC-USDT,TimeCondition.GTC,1783610670849783122,0.001,0.001,0.0
4194834854,2837957847,1783610670849821366,1783610670849823574,203,order,benchmark,True,0.0,0.0,,,mock,0.0,,1783610670849821366,InstrumentType.Spot,5551468688638542708,OrderType.Limit,Direction.Long,65000.75,998764080,Side.Buy,,OrderStatus.Submitted,65000.75,1653898000,BTC-USDT,TimeCondition.GTC,1783610670849821366,0.001,0.001,0.0
4194834854,2837957847,1783610670850043578,1783610670850054474,203,order,benchmark,True,0.0,0.0,,,mock,0.0,,1783610670850043578,InstrumentType.Spot,5551468688638542709,OrderType.Limit,Direction.Long,65000.96,998765888,Side.Sell,,OrderStatus.Submitted,65000.96,1653898000,BTC-USDT,TimeCondition.GTC,1783610670850043578,0.001,0.001,0.0
4194834854,2837957847,1783610670850402624,1783610670850404909,203,order,benchmark,True,0.0,0.0,,,mock,0.0,,1783610670850402624,InstrumentType.Spot,5551468688638542710,OrderType.Limit,Direction.Long,65000.770000000004,998767664,Side.Buy,,OrderStatus.Submitted,65000.770000000004,1653898000,BTC-USDT,TimeCondition.GTC,1783610670850402624,0.001,0.001,0.0
4194834854,2837957847,1783610670850704778,1783610670850706848,203,order,benchmark,True,0.0,0.0,,,mock,0.0,,1783610670850704778,InstrumentType.Spot,5551468688638542711,OrderType.Limit,Direction.Long,65000.979999999996,998769440,Side.Sell,,OrderStatus.Submitted,65000.979999999996,1653898000,BTC-USDT,TimeCondition.GTC,1783610670850704778,0.001,0.001,0.0
4194834854,2837957847,1783610670851000071,1783610670851003013,203,order,benchmark,True,0.0,0.0,,,mock,0.0,,1783610670851000071,InstrumentType.Spot,5551468688638542712,OrderType.Limit,Direction.Long,65000.79,998771216,Side.Buy,,OrderStatus.Submitted,65000.79,1653898000,BTC-USDT,TimeCondition.GTC,1783610670851000071,0.001,0.001,0.0
4194834854,2837957847,1783610670851486019,1783610670851491678,203,order,benchmark,True,0.0,0.0,,,mock,0.0,,1783610670851486019,InstrumentType.Spot,5551468688638542713,OrderType.Limit,Direction.Long,65001.0,998772992,Side.Sell,,OrderStatus.Submitted,65001.0,1653898000,BTC-USDT,TimeCondition.GTC,1783610670851486019,0.001,0.001,0.0
4194834854,2837957847,1783610670851516661,1783610670851519266,203,order,benchmark,True,0.0,0.0,,,mock,0.0,,1783610670851516661,InstrumentType.Spot,5551468688638542714,OrderType.Limit,Direction.Long,65000.810000000005,998774768,Side.Buy,,OrderStatus.Submitted,65000.810000000005,1653898000,BTC-USDT,TimeCondition.GTC,1783610670851516661,0.001,0.001,0.0
4194834854,2837957847,1783610670851899932,1783610670851902149,203,order,benchmark,True,0.0,0.0,,,mock,0.0,,1783610670851899932,InstrumentType.Spot,5551468688638542715,OrderType.Limit,Direction.Long,65001.02,998776544,Side.Sell,,OrderStatus.Submitted,65001.02,1653898000,BTC-USDT,TimeCondition.GTC,1783610670851899932,0.001,0.001,0.0
4194834854,2837957847,1783610670852197387,1783610670852199346,203,order,benchmark,True,0.0,0.0,,,mock,0.0,,1783610670852197387,InstrumentType.Spot,5551468688638542716,OrderType.Limit,Direction.Long,65000.83,998778320,Side.Buy,,OrderStatus.Submitted,65000.83,1653898000,BTC-USDT,TimeCondition.GTC,1783610670852197387,0.001,0.001,0.0
4194834854,2837957847,1783610670852504317,1783610670852506386,203,order,benchmark,True,0.0,0.0,,,mock,0.0,,1783610670852504317,InstrumentType.Spot,5551468688638542717,OrderType.Limit,Direction.Long,65001.04,998780096,Side.Sell,,OrderStatus.Submitted,65001.04,1653898000,BTC-USDT,TimeCondition.GTC,1783610670852504317,0.001,0.001,0.0
4194834854,2837957847,1783610670852924992,1783610670852927214,203,order,benchmark,True,0.0,0.0,,,mock,0.0,,1783610670852924992,InstrumentType.Spot,5551468688638542718,OrderType.Limit,Direction.Long,65000.85,998781872,Side.Buy,,OrderStatus.Submitted,65000.85,1653898000,BTC-USDT,TimeCondition.GTC,1783610670852924992,0.001,0.001,0.0
4194834854,2837957847,1783610670853190159,1783610670853193078,203,order,benchmark,True,0.0,0.0,,,mock,0.0,,1783610670853190159,InstrumentType.Spot,5551468688638542719,OrderType.Limit,Direction.Long,65001.06,998783648,Side.Sell,,OrderStatus.Submitted,65001.06,1653898000,BTC-USDT,TimeCondition.GTC,1783610670853190159,0.001,0.001,0.0
4194834854,2837957847,1783610670853319194,1783610670853321983,203,order,benchmark,True,0.0,0.0,,,mock,0.0,,1783610670853319194,InstrumentType.Spot,5551468688638542720,OrderType.Limit,Direction.Long,65000.87,998785424,Side.Buy,,OrderStatus.Submitted,65000.87,1653898000,BTC-USDT,TimeCondition.GTC,1783610670853319194,0.001,0.001,0.0
4194834854,2837957847,1783610670853724331,1783610670853726711,203,order,benchmark,True,0.0,0.0,,,mock,0.0,,1783610670853724331,InstrumentType.Spot,5551468688638542721,OrderType.Limit,Direction.Long,65001.08,998787200,Side.Sell,,OrderStatus.Submitted,65001.08,1653898000,BTC-USDT,TimeCondition.GTC,1783610670853724331,0.001,0.001,0.0
4194834854,2837957847,1783610670854309500,1783610670854321766,203,order,benchmark,True,0.0,0.0,,,mock,0.0,,1783610670854309500,InstrumentType.Spot,5551468688638542722,OrderType.Limit,Direction.Long,65000.89,998788976,Side.Buy,,OrderStatus.Submitted,65000.89,1653898000,BTC-USDT,TimeCondition.GTC,1783610670854309500,0.001,0.001,0.0
4194834854,2837957847,1783610670854337071,1783610670854338609,203,order,benchmark,True,0.0,0.0,,,mock,0.0,,1783610670854337071,InstrumentType.Spot,5551468688638542723,OrderType.Limit,Direction.Long,65000.1,998790752,Side.Sell,,OrderStatus.Submitted,65000.1,1653898000,BTC-USDT,TimeCondition.GTC,1783610670854337071,0.001,0.001,0.0
4194834854,2837957847,1783610670854563271,1783610670854566024,203,order,benchmark,True,0.0,0.0,,,mock,0.0,,1783610670854563271,InstrumentType.Spot,5551468688638542724,OrderType.Limit,Direction.Long,64999.91,998792528,Side.Buy,,OrderStatus.Submitted,64999.91,1653898000,BTC-USDT,TimeCondition.GTC,1783610670854563271,0.001,0.001,0.0
4194834854,2837957847,1783610670854834367,1783610670854836733,203,order,benchmark,True,0.0,0.0,,,mock,0.0,,1783610670854834367,InstrumentType.Spot,5551468688638542725,OrderType.Limit,Direction.Long,65000.119999999995,998794304,Side.Sell,,OrderStatus.Submitted,65000.119999999995,1653898000,BTC-USDT,TimeCondition.GTC,1783610670854834367,0.001,0.001,0.0
4194834854,2837957847,1783610670855204122,1783610670855206158,203,order,benchmark,True,0.0,0.0,,,mock,0.0,,1783610670855204122,InstrumentType.Spot,5551468688638542726,OrderType.Limit,Direction.Long,64999.93,998796080,Side.Buy,,OrderStatus.Submitted,64999.93,1653898000,BTC-USDT,TimeCondition.GTC,1783610670855204122,0.001,0.001,0.0
4194834854,2837957847,1783610670855497126,1783610670855498956,203,order,benchmark,True,0.0,0.0,,,mock,0.0,,1783610670855497126,InstrumentType.Spot,5551468688638542727,OrderType.Limit,Direction.Long,65000.14,998797856,Side.Sell,,OrderStatus.Submitted,65000.14,1653898000,BTC-USDT,TimeCondition.GTC,1783610670855497126,0.001,0.001,0.0
4194834854,2837957847,1783610670855797539,1783610670855799677,203,order,benchmark,True,0.0,0.0,,,mock,0.0,,1783610670855797539,InstrumentType.Spot,5551468688638542728,OrderType.Limit,Direction.Long,64999.950000000004,998799632,Side.Buy,,OrderStatus.Submitted,64999.950000000004,1653898000,BTC-USDT,TimeCondition.GTC,1783610670855797539,0.001,0.001,0.0
4194834854,2837957847,1783610670856105401,1783610670856107555,203,order,benchmark,True,0.0,0.0,,,mock,0.0,,1783610670856105401,InstrumentType.Spot,5551468688638542729,OrderType.Limit,Direction.Long,65000.159999999996,998801408,Side.Sell,,OrderStatus.Submitted,65000.159999999996,1653898000,BTC-USDT,TimeCondition.GTC,1783610670856105401,0.001,0.001,0.0
4194834854,2837957847,1783610670856407475,1783610670856409356,203,order,benchmark,True,0.0,0.0,,,mock,0.0,,1783610670856407475,InstrumentType.Spot,5551468688638542730,OrderType.Limit,Direction.Long,64999.97,998803184,Side.Buy,,OrderStatus.Submitted,64999.97,1653898000,BTC-USDT,TimeCondition.GTC,1783610670856407475,0.001,0.001,0.0
4194834854,2837957847,1783610670856694466,1783610670856696285,203,order,benchmark,True,0.0,0.0,,,mock,0.0,,1783610670856694466,InstrumentType.Spot,5551468688638542731,OrderType.Limit,Direction.Long,65000.18,998804960,Side.Sell,,OrderStatus.Submitted,65000.18,1653898000,BTC-USDT,TimeCondition.GTC,1783610670856694466,0.001,0.001,0.0
4194834854,2837957847,1783610670857003325,1783610670857005489,203,order,benchmark,True,0.0,0.0,,,mock,0.0,,1783610670857003325,InstrumentType.Spot,5551468688638542732,OrderType.Limit,Direction.Long,64999.99,998806736,Side.Buy,,OrderStatus.Submitted,64999.99,1653898000,BTC-USDT,TimeCondition.GTC,1783610670857003325,0.001,0.001,0.0
4194834854,2837957847,1783610670857297497,1783610670857299384,203,order,benchmark,True,0.0,0.0,,,mock,0.0,,1783610670857297497,InstrumentType.Spot,5551468688638542733,OrderType.Limit,Direction.Long,65000.2,998808512,Side.Sell,,OrderStatus.Submitted,65000.2,1653898000,BTC-USDT,TimeCondition.GTC,1783610670857297497,0.001,0.001,0.0
4194834854,2837957847,1783610670857598494,1783610670857600507,203,order,benchmark,True,0.0,0.0,,,mock,0.0,,1783610670857598494,InstrumentType.Spot,5551468688638542734,OrderType.Limit,Direction.Long,65000.01,998810288,Side.Buy,,OrderStatus.Submitted,65000.01,1653898000,BTC-USDT,TimeCondition.GTC,1783610670857598494,0.001,0.001,0.0
4194834854,2837957847,1783610670857893888,1783610670857903471,203,order,benchmark,True,0.0,0.0,,,mock,0.0,,1783610670857893888,InstrumentType.Spot,5551468688638542735,OrderType.Limit,Direction.Long,65000.22,998812064,Side.Sell,,OrderStatus.Submitted,65000.22,1653898000,BTC-USDT,TimeCondition.GTC,1783610670857893888,0.001,0.001,0.0
4194834854,2837957847,1783610670858194447,1783610670858196493,203,order,benchmark,True,0.0,0.0,,,mock,0.0,,1783610670858194447,InstrumentType.Spot,5551468688638542736,OrderType.Limit,Direction.Long,65000.03,998813840,Side.Buy,,OrderStatus.Submitted,65000.03,1653898000,BTC-USDT,TimeCondition.GTC,1783610670858194447,0.001,0.001,0.0
4194834854,2837957847,1783610670858499727,1783610670858501838,203,order,benchmark,True,0.0,0.0,,,mock,0.0,,1783610670858499727,InstrumentType.Spot,5551468688638542737,OrderType.Limit,Direction.Long,65000.24,998815616,Side.Sell,,OrderStatus.Submitted,65000.24,1653898000,BTC-USDT,TimeCondition.GTC,1783610670858499727,0.001,0.001,0.0
4194834854,2837957847,1783610670858792221,1783610670858794087,203,order,benchmark,True,0.0,0.0,,,mock,0.0,,1783610670858792221,InstrumentType.Spot,5551468688638542738,OrderType.Limit,Direction.Long,65000.05,998817392,Side.Buy,,OrderStatus.Submitted,65000.05,1653898000,BTC-USDT,TimeCondition.GTC,1783610670858792221,0.001,0.001,0.0
4194834854,2837957847,1783610670859105506,1783610670859107445,203,order,benchmark,True,0.0,0.0,,,mock,0.0,,1783610670859105506,InstrumentType.Spot,5551468688638542739,OrderType.Limit,Direction.Long,65000.26,998819168,Side.Sell,,OrderStatus.Submitted,65000.26,1653898000,BTC-USDT,TimeCondition.GTC,1783610670859105506,0.001,0.001,0.0
4194834854,2837957847,1783610670859468805,1783610670859471172,203,order,benchmark,True,0.0,0.0,,,mock,0.0,,1783610670859468805,InstrumentType.Spot,5551468688638542740,OrderType.Limit,Direction.Long,65000.07,998820944,Side.Buy,,OrderStatus.Submitted,65000.07,1653898000,BTC-USDT,TimeCondition.GTC,1783610670859468805,0.001,0.001,0.0
4194834854,2837957847,1783610670859696576,1783610670859698623,203,order,benchmark,True,0.0,0.0,,,mock,0.0,,1783610670859696576,InstrumentType.Spot,5551468688638542741,OrderType.Limit,Direction.Long,65000.28,998822720,Side.Sell,,OrderStatus.Submitted,65000.28,1653898000,BTC-USDT,TimeCondition.GTC,1783610670859696576,0.001,0.001,0.0
4194834854,2837957847,1783610670860005754,1783610670860007955,203,order,benchmark,True,0.0,0.0,,,mock,0.0,,1783610670860005754,InstrumentType.Spot,5551468688638542742,OrderType.Limit,Direction.Long,65000.090000000004,998824496,Side.Buy,,OrderStatus.Submitted,65000.090000000004,1653898000,BTC-USDT,TimeCondition.GTC,1783610670860005754,0.001,0.001,0.0
4194834854,2837957847,1783610670860298941,1783610670860300798,203,order,benchmark,True,0.0,0.0,,,mock,0.0,,1783610670860298941,InstrumentType.Spot,5551468688638542743,OrderType.Limit,Direction.Long,65000.299999999996,998826272,Side.Sell,,OrderStatus.Submitted,65000.299999999996,1653898000,BTC-USDT,TimeCondition.GTC,1783610670860298941,0.001,0.001,0.0
4194834854,2837957847,1783610670860863554,1783610670860866055,203,order,benchmark,True,0.0,0.0,,,mock,0.0,,1783610670860863554,InstrumentType.Spot,5551468688638542744,OrderType.Limit,Direction.Long,65000.11,998828048,Side.Buy,,OrderStatus.Submitted,65000.11,1653898000,BTC-USDT,TimeCondition.GTC,1783610670860863554,0.001,0.001,0.0
4194834854,2837957847,1783610670860879884,1783610670860881288,203,order,benchmark,True,0.0,0.0,,,mock,0.0,,1783610670860879884,InstrumentType.Spot,5551468688638542745,OrderType.Limit,Direction.Long,65000.32,998829792,Side.Sell,,OrderStatus.Submitted,65000.32,1653898000,BTC-USDT,TimeCondition.GTC,1783610670860879884,0.001,0.001,0.0
4194834854,2837957847,1783610670861250193,1783610670861270307,203,order,benchmark,True,0.0,0.0,,,mock,0.0,,1783610670861250193,InstrumentType.Spot,5551468688638542746,OrderType.Limit,Direction.Long,65000.130000000005,998831600,Side.Buy,,OrderStatus.Submitted,65000.130000000005,1653898000,BTC-USDT,TimeCondition.GTC,1783610670861250193,0.001,0.001,0.0
4194834854,2837957847,1783610670861500612,1783610670861502908,203,order,benchmark,True,0.0,0.0,,,mock,0.0,,1783610670861500612,InstrumentType.Spot,5551468688638542747,OrderType.Limit,Direction.Long,65000.34,998833376,Side.Sell,,OrderStatus.Submitted,65000.34,1653898000,BTC-USDT,TimeCondition.GTC,1783610670861500612,0.001,0.001,0.0
4194834854,2837957847,1783610670861789952,1783610670861804451,203,order,benchmark,True,0.0,0.0,,,mock,0.0,,1783610670861789952,InstrumentType.Spot,5551468688638542748,OrderType.Limit,Direction.Long,65000.15,998835152,Side.Buy,,OrderStatus.Submitted,65000.15,1653898000,BTC-USDT,TimeCondition.GTC,1783610670861789952,0.001,0.001,0.0
4194834854,2837957847,1783610670862104135,1783610670862106486,203,order,benchmark,True,0.0,0.0,,,mock,0.0,,1783610670862104135,InstrumentType.Spot,5551468688638542749,OrderType.Limit,Direction.Long,65000.36,998836928,Side.Sell,,OrderStatus.Submitted,65000.36,1653898000,BTC-USDT,TimeCondition.GTC,1783610670862104135,0.001,0.001,0.0
4194834854,2837957847,1783610670862391319,1783610670862393400,203,order,benchmark,True,0.0,0.0,,,mock,0.0,,1783610670862391319,InstrumentType.Spot,5551468688638542750,OrderType.Limit,Direction.Long,65000.17,998838704,Side.Buy,,OrderStatus.Submitted,65000.17,1653898000,BTC-USDT,TimeCondition.GTC,1783610670862391319,0.001,0.001,0.0
4194834854,2837957847,1783610670862691666,1783610670862693536,203,order,benchmark,True,0.0,0.0,,,mock,0.0,,1783610670862691666,InstrumentType.Spot,5551468688638542751,OrderType.Limit,Direction.Long,65000.38,998840480,Side.Sell,,OrderStatus.Submitted,65000.38,1653898000,BTC-USDT,TimeCondition.GTC,1783610670862691666,0.001,0.001,0.0
4194834854,2837957847,1783610670862988861,1783610670862990556,203,order,benchmark,True,0.0,0.0,,,mock,0.0,,1783610670862988861,InstrumentType.Spot,5551468688638542752,OrderType.Limit,Direction.Long,65000.19,998842256,Side.Buy,,OrderStatus.Submitted,65000.19,1653898000,BTC-USDT,TimeCondition.GTC,1783610670862988861,0.001,0.001,0.0
4194834854,2837957847,1783610670863289799,1783610670863291748,203,order,benchmark,True,0.0,0.0,,,mock,0.0,,1783610670863289799,InstrumentType.Spot,5551468688638542753,OrderType.Limit,Direction.Long,65000.4,998844032,Side.Sell,,OrderStatus.Submitted,65000.4,1653898000,BTC-USDT,TimeCondition.GTC,1783610670863289799,0.001,0.001,0.0
4194834854,2837957847,1783610670863591134,1783610670863593047,203,order,benchmark,True,0.0,0.0,,,mock,0.0,,1783610670863591134,InstrumentType.Spot,5551468688638542754,OrderType.Limit,Direction.Long,65000.21,998845808,Side.Buy,,OrderStatus.Submitted,65000.21,1653898000,BTC-USDT,TimeCondition.GTC,1783610670863591134,0.001,0.001,0.0
4194834854,2837957847,1783610670863891957,1783610670863893883,203,order,benchmark,True,0.0,0.0,,,mock,0.0,,1783610670863891957,InstrumentType.Spot,5551468688638542755,OrderType.Limit,Direction.Long,65000.42,998847584,Side.Sell,,OrderStatus.Submitted,65000.42,1653898000,BTC-USDT,TimeCondition.GTC,1783610670863891957,0.001,0.001,0.0
4194834854,2837957847,1783610670864189171,1783610670864190966,203,order,benchmark,True,0.0,0.0,,,mock,0.0,,1783610670864189171,InstrumentType.Spot,5551468688638542756,OrderType.Limit,Direction.Long,65000.23,998849360,Side.Buy,,OrderStatus.Submitted,65000.23,1653898000,BTC-USDT,TimeCondition.GTC,1783610670864189171,0.001,0.001,0.0
4194834854,2837957847,1783610670864490719,1783610670864492636,203,order,benchmark,True,0.0,0.0,,,mock,0.0,,1783610670864490719,InstrumentType.Spot,5551468688638542757,OrderType.Limit,Direction.Long,65000.439999999995,998851136,Side.Sell,,OrderStatus.Submitted,65000.439999999995,1653898000,BTC-USDT,TimeCondition.GTC,1783610670864490719,0.001,0.001,0.0
4194834854,2837957847,1783610670864791201,1783610670864793053,203,order,benchmark,True,0.0,0.0,,,mock,0.0,,1783610670864791201,InstrumentType.Spot,5551468688638542758,OrderType.Limit,Direction.Long,65000.25,998852912,Side.Buy,,OrderStatus.Submitted,65000.25,1653898000,BTC-USDT,TimeCondition.GTC,1783610670864791201,0.001,0.001,0.0
4194834854,2837957847,1783610670865106497,1783610670865108577,203,order,benchmark,True,0.0,0.0,,,mock,0.0,,1783610670865106497,InstrumentType.Spot,5551468688638542759,OrderType.Limit,Direction.Long,65000.46,998854688,Side.Sell,,OrderStatus.Submitted,65000.46,1653898000,BTC-USDT,TimeCondition.GTC,1783610670865106497,0.001,0.001,0.0
4194834854,2837957847,1783610670865383930,1783610670865385725,203,order,benchmark,True,0.0,0.0,,,mock,0.0,,1783610670865383930,InstrumentType.Spot,5551468688638542760,OrderType.Limit,Direction.Long,65000.270000000004,998856464,Side.Buy,,OrderStatus.Submitted,65000.270000000004,1653898000,BTC-USDT,TimeCondition.GTC,1783610670865383930,0.001,0.001,0.0
4194834854,2837957847,1783610670865692013,1783610670865700890,203,order,benchmark,True,0.0,0.0,,,mock,0.0,,1783610670865692013,InstrumentType.Spot,5551468688638542761,OrderType.Limit,Direction.Long,65000.479999999996,998858240,Side.Sell,,OrderStatus.Submitted,65000.479999999996,1653898000,BTC-USDT,TimeCondition.GTC,1783610670865692013,0.001,0.001,0.0
4194834854,2837957847,1783610670865992046,1783610670865994027,203,order,benchmark,True,0.0,0.0,,,mock,0.0,,1783610670865992046,InstrumentType.Spot,5551468688638542762,OrderType.Limit,Direction.Long,65000.29,998860016,Side.Buy,,OrderStatus.Submitted,65000.29,1653898000,BTC-USDT,TimeCondition.GTC,1783610670865992046,0.001,0.001,0.0
4194834854,2837957847,1783610670866289978,1783610670866291735,203,order,benchmark,True,0.0,0.0,,,mock,0.0,,1783610670866289978,InstrumentType.Spot,5551468688638542763,OrderType.Limit,Direction.Long,65000.5,998861792,Side.Sell,,OrderStatus.Submitted,65000.5,1653898000,BTC-USDT,TimeCondition.GTC,1783610670866289978,0.001,0.001,0.0
4194834854,2837957847,1783610670866590856,1783610670866592803,203,order,benchmark,True,0.0,0.0,,,mock,0.0,,1783610670866590856,InstrumentType.Spot,5551468688638542764,OrderType.Limit,Direction.Long,65000.310000000005,998863568,Side.Buy,,OrderStatus.Submitted,65000.310000000005,1653898000,BTC-USDT,TimeCondition.GTC,1783610670866590856,0.001,0.001,0.0
4194834854,2837957847,1783610670866993565,1783610670867000253,203,order,benchmark,True,0.0,0.0,,,mock,0.0,,1783610670866993565,InstrumentType.Spot,5551468688638542765,OrderType.Limit,Direction.Long,65000.52,998865344,Side.Sell,,OrderStatus.Submitted,65000.52,1653898000,BTC-USDT,TimeCondition.GTC,1783610670866993565,0.001,0.001,0.0
4194834854,2837957847,1783610670867209447,1783610670867211505,203,order,benchmark,True,0.0,0.0,,,mock,0.0,,1783610670867209447,InstrumentType.Spot,5551468688638542766,OrderType.Limit,Direction.Long,65000.33,998867120,Side.Buy,,OrderStatus.Submitted,65000.33,1653898000,BTC-USDT,TimeCondition.GTC,1783610670867209447,0.001,0.001,0.0
4194834854,2837957847,1783610670867491778,1783610670867493691,203,order,benchmark,True,0.0,0.0,,,mock,0.0,,1783610670867491778,InstrumentType.Spot,5551468688638542767,OrderType.Limit,Direction.Long,65000.54,998868896,Side.Sell,,OrderStatus.Submitted,65000.54,1653898000,BTC-USDT,TimeCondition.GTC,1783610670867491778,0.001,0.001,0.0
4194834854,2837957847,1783610670867802691,1783610670867804764,203,order,benchmark,True,0.0,0.0,,,mock,0.0,,1783610670867802691,InstrumentType.Spot,5551468688638542768,OrderType.Limit,Direction.Long,65000.35,998870672,Side.Buy,,OrderStatus.Submitted,65000.35,1653898000,BTC-USDT,TimeCondition.GTC,1783610670867802691,0.001,0.001,0.0
4194834854,2837957847,1783610670868096974,1783610670868099781,203,order,benchmark,True,0.0,0.0,,,mock,0.0,,1783610670868096974,InstrumentType.Spot,5551468688638542769,OrderType.Limit,Direction.Long,65000.56,998872448,Side.Sell,,OrderStatus.Submitted,65000.56,1653898000,BTC-USDT,TimeCondition.GTC,1783610670868096974,0.001,0.001,0.0
4194834854,2837957847,1783610670868390454,1783610670868392401,203,order,benchmark,True,0.0,0.0,,,mock,0.0,,1783610670868390454,InstrumentType.Spot,5551468688638542770,OrderType.Limit,Direction.Long,65000.37,998874224,Side.Buy,,OrderStatus.Submitted,65000.37,1653898000,BTC-USDT,TimeCondition.GTC,1783610670868390454,0.001,0.001,0.0
4194834854,2837957847,1783610670868691292,1783610670868693258,203,order,benchmark,True,0.0,0.0,,,mock,0.0,,1783610670868691292,InstrumentType.Spot,5551468688638542771,OrderType.Limit,Direction.Long,65000.58,998876000,Side.Sell,,OrderStatus.Submitted,65000.58,1653898000,BTC-USDT,TimeCondition.GTC,1783610670868691292,0.001,0.001,0.0
4194834854,2837957847,1783610670868992537,1783610670868994525,203,order,benchmark,True,0.0,0.0,,,mock,0.0,,1783610670868992537,InstrumentType.Spot,5551468688638542772,OrderType.Limit,Direction.Long,65000.39,998877776,Side.Buy,,OrderStatus.Submitted,65000.39,1653898000,BTC-USDT,TimeCondition.GTC,1783610670868992537,0.001,0.001,0.0
4194834854,2837957847,1783610670869291285,1783610670869293236,203,order,benchmark,True,0.0,0.0,,,mock,0.0,,1783610670869291285,InstrumentType.Spot,5551468688638542773,OrderType.Limit,Direction.Long,65000.6,998879552,Side.Sell,,OrderStatus.Submitted,65000.6,1653898000,BTC-USDT,TimeCondition.GTC,1783610670869291285,0.001,0.001,0.0
4194834854,2837957847,1783610670869592721,1783610670869594670,203,order,benchmark,True,0.0,0.0,,,mock,0.0,,1783610670869592721,InstrumentType.Spot,5551468688638542774,OrderType.Limit,Direction.Long,65000.41,998881328,Side.Buy,,OrderStatus.Submitted,65000.41,1653898000,BTC-USDT,TimeCondition.GTC,1783610670869592721,0.001,0.001,0.0
4194834854,2837957847,1783610670869891529,1783610670869900412,203,order,benchmark,True,0.0,0.0,,,mock,0.0,,1783610670869891529,InstrumentType.Spot,5551468688638542775,OrderType.Limit,Direction.Long,65000.619999999995,998883104,Side.Sell,,OrderStatus.Submitted,65000.619999999995,1653898000,BTC-USDT,TimeCondition.GTC,1783610670869891529,0.001,0.001,0.0
4194834854,2837957847,1783610670870189038,1783610670870190798,203,order,benchmark,True,0.0,0.0,,,mock,0.0,,1783610670870189038,InstrumentType.Spot,5551468688638542776,OrderType.Limit,Direction.Long,65000.43,998884880,Side.Buy,,OrderStatus.Submitted,65000.43,1653898000,BTC-USDT,TimeCondition.GTC,1783610670870189038,0.001,0.001,0.0
4194834854,2837957847,1783610670870486207,1783610670870487892,203,order,benchmark,True,0.0,0.0,,,mock,0.0,,1783610670870486207,InstrumentType.Spot,5551468688638542777,OrderType.Limit,Direction.Long,65000.64,998886656,Side.Sell,,OrderStatus.Submitted,65000.64,1653898000,BTC-USDT,TimeCondition.GTC,1783610670870486207,0.001,0.001,0.0
4194834854,2837957847,1783610670870798292,1783610670870800231,203,order,benchmark,True,0.0,0.0,,,mock,0.0,,1783610670870798292,InstrumentType.Spot,5551468688638542778,OrderType.Limit,Direction.Long,65000.450000000004,998888432,Side.Buy,,OrderStatus.Submitted,65000.450000000004,1653898000,BTC-USDT,TimeCondition.GTC,1783610670870798292,0.001,0.001,0.0
4194834854,2837957847,1783610670871105369,1783610670871107101,203,order,benchmark,True,0.0,0.0,,,mock,0.0,,1783610670871105369,InstrumentType.Spot,5551468688638542779,OrderType.Limit,Direction.Long,65000.659999999996,998890208,Side.Sell,,OrderStatus.Submitted,65000.659999999996,1653898000,BTC-USDT,TimeCondition.GTC,1783610670871105369,0.001,0.001,0.0
4194834854,2837957847,1783610670871527690,1783610670871530619,203,order,benchmark,True,0.0,0.0,,,mock,0.0,,1783610670871527690,InstrumentType.Spot,5551468688638542780,OrderType.Limit,Direction.Long,65000.47,998891984,Side.Buy,,OrderStatus.Submitted,65000.47,1653898000,BTC-USDT,TimeCondition.GTC,1783610670871527690,0.001,0.001,0.0
4194834854,2837957847,1783610670871745558,1783610670871747434,203,order,benchmark,True,0.0,0.0,,,mock,0.0,,1783610670871745558,InstrumentType.Spot,5551468688638542781,OrderType.Limit,Direction.Long,65000.68,998893760,Side.Sell,,OrderStatus.Submitted,65000.68,1653898000,BTC-USDT,TimeCondition.GTC,1783610670871745558,0.001,0.001,0.0
4194834854,2837957847,1783610670871991216,1783610670871992992,203,order,benchmark,True,0.0,0.0,,,mock,0.0,,1783610670871991216,InstrumentType.Spot,5551468688638542782,OrderType.Limit,Direction.Long,65000.49,998895536,Side.Buy,,OrderStatus.Submitted,65000.49,1653898000,BTC-USDT,TimeCondition.GTC,1783610670871991216,0.001,0.001,0.0
4194834854,2837957847,1783610670872290929,1783610670872292870,203,order,benchmark,True,0.0,0.0,,,mock,0.0,,1783610670872290929,InstrumentType.Spot,5551468688638542783,OrderType.Limit,Direction.Long,65000.7,998897312,Side.Sell,,OrderStatus.Submitted,65000.7,1653898000,BTC-USDT,TimeCondition.GTC,1783610670872290929,0.001,0.001,0.0
4194834854,2837957847,1783610670872594371,1783610670872596314,203,order,benchmark,True,0.0,0.0,,,mock,0.0,,1783610670872594371,InstrumentType.Spot,5551468688638542784,OrderType.Limit,Direction.Long,65000.51,998899088,Side.Buy,,OrderStatus.Submitted,65000.51,1653898000,BTC-USDT,TimeCondition.GTC,1783610670872594371,0.001,0.001,0.0
4194834854,2837957847,1783610670873053085,1783610670873058985,203,order,benchmark,True,0.0,0.0,,,mock,0.0,,1783610670873053085,InstrumentType.Spot,5551468688638542785,OrderType.Limit,Direction.Long,65000.72,998900864,Side.Sell,,OrderStatus.Submitted,65000.72,1653898000,BTC-USDT,TimeCondition.GTC,1783610670873053085,0.001,0.001,0.0
4194834854,2837957847,1783610670873389894,1783610670873393638,203,order,benchmark,True,0.0,0.0,,,mock,0.0,,1783610670873389894,InstrumentType.Spot,5551468688638542786,OrderType.Limit,Direction.Long,65000.53,998902640,Side.Buy,,OrderStatus.Submitted,65000.53,1653898000,BTC-USDT,TimeCondition.GTC,1783610670873389894,0.001,0.001,0.0
4194834854,2837957847,1783610670873645647,1783610670873648955,203,order,benchmark,True,0.0,0.0,,,mock,0.0,,1783610670873645647,InstrumentType.Spot,5551468688638542787,OrderType.Limit,Direction.Long,65000.74,998904416,Side.Sell,,OrderStatus.Submitted,65000.74,1653898000,BTC-USDT,TimeCondition.GTC,1783610670873645647,0.001,0.001,0.0
4194834854,2837957847,1783610670873850891,1783610670873862840,203,order,benchmark,True,0.0,0.0,,,mock,0.0,,1783610670873850891,InstrumentType.Spot,5551468688638542788,OrderType.Limit,Direction.Long,65000.55,998906192,Side.Buy,,OrderStatus.Submitted,65000.55,1653898000,BTC-USDT,TimeCondition.GTC,1783610670873850891,0.001,0.001,0.0
4194834854,2837957847,1783610670874275928,1783610670874278752,203,order,benchmark,True,0.0,0.0,,,mock,0.0,,1783610670874275928,InstrumentType.Spot,5551468688638542789,OrderType.Limit,Direction.Long,65000.76,998907968,Side.Sell,,OrderStatus.Submitted,65000.76,1653898000,BTC-USDT,TimeCondition.GTC,1783610670874275928,0.001,0.001,0.0
4194834854,2837957847,1783610670874689967,1783610670874691901,203,order,benchmark,True,0.0,0.0,,,mock,0.0,,1783610670874689967,InstrumentType.Spot,5551468688638542790,OrderType.Limit,Direction.Long,65000.57,998909744,Side.Buy,,OrderStatus.Submitted,65000.57,1653898000,BTC-USDT,TimeCondition.GTC,1783610670874689967,0.001,0.001,0.0
4194834854,2837957847,1783610670874708565,1783610670874709916,203,order,benchmark,True,0.0,0.0,,,mock,0.0,,1783610670874708565,InstrumentType.Spot,5551468688638542791,OrderType.Limit,Direction.Long,65000.78,998911488,Side.Sell,,OrderStatus.Submitted,65000.78,1653898000,BTC-USDT,TimeCondition.GTC,1783610670874708565,0.001,0.001,0.0
4194834854,2837957847,1783610670875828979,1783610670875832971,203,order,benchmark,True,0.0,0.0,,,mock,0.0,,1783610670875828979,InstrumentType.Spot,5551468688638542792,OrderType.Limit,Direction.Long,65000.590000000004,998913296,Side.Buy,,OrderStatus.Submitted,65000.590000000004,1653898000,BTC-USDT,TimeCondition.GTC,1783610670875828979,0.001,0.001,0.0
4194834854,2837957847,1783610670875861546,1783610670875863117,203,order,benchmark,True,0.0,0.0,,,mock,0.0,,1783610670875861546,InstrumentType.Spot,5551468688638542793,OrderType.Limit,Direction.Long,65000.799999999996,998915040,Side.Sell,,OrderStatus.Submitted,65000.799999999996,1653898000,BTC-USDT,TimeCondition.GTC,1783610670875861546,0.001,0.001,0.0
4194834854,2837957847,1783610670875875870,1783610670875877143,203,order,benchmark,True,0.0,0.0,,,mock,0.0,,1783610670875875870,InstrumentType.Spot,5551468688638542794,OrderType.Limit,Direction.Long,65000.61,998916816,Side.Buy,,OrderStatus.Submitted,65000.61,1653898000,BTC-USDT,TimeCondition.GTC,1783610670875875870,0.001,0.001,0.0
4194834854,2837957847,1783610670875910631,1783610670875912875,203,order,benchmark,True,0.0,0.0,,,mock,0.0,,1783610670875910631,InstrumentType.Spot,5551468688638542795,OrderType.Limit,Direction.Long,65000.82,998918624,Side.Sell,,OrderStatus.Submitted,65000.82,1653898000,BTC-USDT,TimeCondition.GTC,1783610670875910631,0.001,0.001,0.0
4194834854,2837957847,1783610670876299015,1783610670876305041,203,order,benchmark,True,0.0,0.0,,,mock,0.0,,1783610670876299015,InstrumentType.Spot,5551468688638542796,OrderType.Limit,Direction.Long,65000.630000000005,998920400,Side.Buy,,OrderStatus.Submitted,65000.630000000005,1653898000,BTC-USDT,TimeCondition.GTC,1783610670876299015,0.001,0.001,0.0
4194834854,2837957847,1783610670876765054,1783610670876769034,203,order,benchmark,True,0.0,0.0,,,mock,0.0,,1783610670876765054,InstrumentType.Spot,5551468688638542797,OrderType.Limit,Direction.Long,65000.84,998722368,Side.Sell,,OrderStatus.Submitted,65000.84,1653898000,BTC-USDT,TimeCondition.GTC,1783610670876765054,0.001,0.001,0.0
4194834854,2837957847,1783610670876858153,1783610670876860994,203,order,benchmark,True,0.0,0.0,,,mock,0.0,,1783610670876858153,InstrumentType.Spot,5551468688638542798,OrderType.Limit,Direction.Long,65000.65,998724144,Side.Buy,,OrderStatus.Submitted,65000.65,1653898000,BTC-USDT,TimeCondition.GTC,1783610670876858153,0.001,0.001,0.0
4194834854,2837957847,1783610670877209868,1783610670877215814,203,order,benchmark,True,0.0,0.0,,,mock,0.0,,1783610670877209868,InstrumentType.Spot,5551468688638542799,OrderType.Limit,Direction.Long,65000.86,998725920,Side.Sell,,OrderStatus.Submitted,65000.86,1653898000,BTC-USDT,TimeCondition.GTC,1783610670877209868,0.001,0.001,0.0
4194834854,2837957847,1783610670877634169,1783610670877639945,203,order,benchmark,True,0.0,0.0,,,mock,0.0,,1783610670877634169,InstrumentType.Spot,5551468688638542800,OrderType.Limit,Direction.Long,65000.67,998727696,Side.Buy,,OrderStatus.Submitted,65000.67,1653898000,BTC-USDT,TimeCondition.GTC,1783610670877634169,0.001,0.001,0.0
4194834854,2837957847,1783610670877795540,1783610670877816844,203,order,benchmark,True,0.0,0.0,,,mock,0.0,,1783610670877795540,InstrumentType.Spot,5551468688638542801,OrderType.Limit,Direction.Long,65000.88,998729472,Side.Sell,,OrderStatus.Submitted,65000.88,1653898000,BTC-USDT,TimeCondition.GTC,1783610670877795540,0.001,0.001,0.0
4194834854,2837957847,1783610670877968835,1783610670877971020,203,order,benchmark,True,0.0,0.0,,,mock,0.0,,1783610670877968835,InstrumentType.Spot,5551468688638542802,OrderType.Limit,Direction.Long,65000.69,998932080,Side.Buy,,OrderStatus.Submitted,65000.69,1653898000,BTC-USDT,TimeCondition.GTC,1783610670877968835,0.001,0.001,0.0
4194834854,2837957847,1783610670878420776,1783610670878423251,203,order,benchmark,True,0.0,0.0,,,mock,0.0,,1783610670878420776,InstrumentType.Spot,5551468688638542803,OrderType.Limit,Direction.Long,65000.9,998933856,Side.Sell,,OrderStatus.Submitted,65000.9,1653898000,BTC-USDT,TimeCondition.GTC,1783610670878420776,0.001,0.001,0.0
4194834854,2837957847,1783610670878651264,1783610670878653100,203,order,benchmark,True,0.0,0.0,,,mock,0.0,,1783610670878651264,InstrumentType.Spot,5551468688638542804,OrderType.Limit,Direction.Long,65000.71,998935632,Side.Buy,,OrderStatus.Submitted,65000.71,1653898000,BTC-USDT,TimeCondition.GTC,1783610670878651264,0.001,0.001,0.0
4194834854,2837957847,1783610670878897608,1783610670878899423,203,order,benchmark,True,0.0,0.0,,,mock,0.0,,1783610670878897608,InstrumentType.Spot,5551468688638542805,OrderType.Limit,Direction.Long,65000.92,998937408,Side.Sell,,OrderStatus.Submitted,65000.92,1653898000,BTC-USDT,TimeCondition.GTC,1783610670878897608,0.001,0.001,0.0
4194834854,2837957847,1783610670879336277,1783610670879339067,203,order,benchmark,True,0.0,0.0,,,mock,0.0,,1783610670879336277,InstrumentType.Spot,5551468688638542806,OrderType.Limit,Direction.Long,65000.73,998939184,Side.Buy,,OrderStatus.Submitted,65000.73,1653898000,BTC-USDT,TimeCondition.GTC,1783610670879336277,0.001,0.001,0.0
4194834854,2837957847,1783610670879554417,1783610670879556603,203,order,benchmark,True,0.0,0.0,,,mock,0.0,,1783610670879554417,InstrumentType.Spot,5551468688638542807,OrderType.Limit,Direction.Long,65000.939999999995,998940960,Side.Sell,,OrderStatus.Submitted,65000.939999999995,1653898000,BTC-USDT,TimeCondition.GTC,1783610670879554417,0.001,0.001,0.0
4194834854,2837957847,1783610670879799791,1783610670879801696,203,order,benchmark,True,0.0,0.0,,,mock,0.0,,1783610670879799791,InstrumentType.Spot,5551468688638542808,OrderType.Limit,Direction.Long,65000.75,998942736,Side.Buy,,OrderStatus.Submitted,65000.75,1653898000,BTC-USDT,TimeCondition.GTC,1783610670879799791,0.001,0.001,0.0
4194834854,2837957847,1783610670880103759,1783610670880105725,203,order,benchmark,True,0.0,0.0,,,mock,0.0,,1783610670880103759,InstrumentType.Spot,5551468688638542809,OrderType.Limit,Direction.Long,65000.96,998944512,Side.Sell,,OrderStatus.Submitted,65000.96,1653898000,BTC-USDT,TimeCondition.GTC,1783610670880103759,0.001,0.001,0.0
4194834854,2837957847,1783610670880396147,1783610670880397942,203,order,benchmark,True,0.0,0.0,,,mock,0.0,,1783610670880396147,InstrumentType.Spot,5551468688638542810,OrderType.Limit,Direction.Long,65000.770000000004,998946288,Side.Buy,,OrderStatus.Submitted,65000.770000000004,1653898000,BTC-USDT,TimeCondition.GTC,1783610670880396147,0.001,0.001,0.0
4194834854,2837957847,1783610670880699513,1783610670880701476,203,order,benchmark,True,0.0,0.0,,,mock,0.0,,1783610670880699513,InstrumentType.Spot,5551468688638542811,OrderType.Limit,Direction.Long,65000.979999999996,998948064,Side.Sell,,OrderStatus.Submitted,65000.979999999996,1653898000,BTC-USDT,TimeCondition.GTC,1783610670880699513,0.001,0.001,0.0
4194834854,2837957847,1783610670881134378,1783610670881137736,203,order,benchmark,True,0.0,0.0,,,mock,0.0,,1783610670881134378,InstrumentType.Spot,5551468688638542812,OrderType.Limit,Direction.Long,65000.79,998949840,Side.Buy,,OrderStatus.Submitted,65000.79,1653898000,BTC-USDT,TimeCondition.GTC,1783610670881134378,0.001,0.001,0.0
4194834854,2837957847,1783610670881358195,1783610670881360230,203,order,benchmark,True,0.0,0.0,,,mock,0.0,,1783610670881358195,InstrumentType.Spot,5551468688638542813,OrderType.Limit,Direction.Long,65001.0,998951616,Side.Sell,,OrderStatus.Submitted,65001.0,1653898000,BTC-USDT,TimeCondition.GTC,1783610670881358195,0.001,0.001,0.0
4194834854,2837957847,1783610670881608961,1783610670881621362,203,order,benchmark,True,0.0,0.0,,,mock,0.0,,1783610670881608961,InstrumentType.Spot,5551468688638542814,OrderType.Limit,Direction.Long,65000.810000000005,998953392,Side.Buy,,OrderStatus.Submitted,65000.810000000005,1653898000,BTC-USDT,TimeCondition.GTC,1783610670881608961,0.001,0.001,0.0
4194834854,2837957847,1783610670881900998,1783610670881903071,203,order,benchmark,True,0.0,0.0,,,mock,0.0,,1783610670881900998,InstrumentType.Spot,5551468688638542815,OrderType.Limit,Direction.Long,65001.02,998955168,Side.Sell,,OrderStatus.Submitted,65001.02,1653898000,BTC-USDT,TimeCondition.GTC,1783610670881900998,0.001,0.001,0.0
4194834854,2837957847,1783610670882205233,1783610670882207304,203,order,benchmark,True,0.0,0.0,,,mock,0.0,,1783610670882205233,InstrumentType.Spot,5551468688638542816,OrderType.Limit,Direction.Long,65000.83,998956944,Side.Buy,,OrderStatus.Submitted,65000.83,1653898000,BTC-USDT,TimeCondition.GTC,1783610670882205233,0.001,0.001,0.0
4194834854,2837957847,1783610670882493613,1783610670882495555,203,order,benchmark,True,0.0,0.0,,,mock,0.0,,1783610670882493613,InstrumentType.Spot,5551468688638542817,OrderType.Limit,Direction.Long,65001.04,998958720,Side.Sell,,OrderStatus.Submitted,65001.04,1653898000,BTC-USDT,TimeCondition.GTC,1783610670882493613,0.001,0.001,0.0
4194834854,2837957847,1783610670882802216,1783610670882804725,203,order,benchmark,True,0.0,0.0,,,mock,0.0,,1783610670882802216,InstrumentType.Spot,5551468688638542818,OrderType.Limit,Direction.Long,65000.85,998960496,Side.Buy,,OrderStatus.Submitted,65000.85,1653898000,BTC-USDT,TimeCondition.GTC,1783610670882802216,0.001,0.001,0.0
4194834854,2837957847,1783610670883109918,1783610670883111716,203,order,benchmark,True,0.0,0.0,,,mock,0.0,,1783610670883109918,InstrumentType.Spot,5551468688638542819,OrderType.Limit,Direction.Long,65001.06,998962272,Side.Sell,,OrderStatus.Submitted,65001.06,1653898000,BTC-USDT,TimeCondition.GTC,1783610670883109918,0.001,0.001,0.0
4194834854,2837957847,1783610670883399710,1783610670883401654,203,order,benchmark,True,0.0,0.0,,,mock,0.0,,1783610670883399710,InstrumentType.Spot,5551468688638542820,OrderType.Limit,Direction.Long,65000.87,998964048,Side.Buy,,OrderStatus.Submitted,65000.87,1653898000,BTC-USDT,TimeCondition.GTC,1783610670883399710,0.001,0.001,0.0
4194834854,2837957847,1783610670883700304,1783610670883703134,203,order,benchmark,True,0.0,0.0,,,mock,0.0,,1783610670883700304,InstrumentType.Spot,5551468688638542821,OrderType.Limit,Direction.Long,65001.08,998965824,Side.Sell,,OrderStatus.Submitted,65001.08,1653898000,BTC-USDT,TimeCondition.GTC,1783610670883700304,0.001,0.001,0.0
4194834854,2837957847,1783610670884172214,1783610670884175018,203,order,benchmark,True,0.0,0.0,,,mock,0.0,,1783610670884172214,InstrumentType.Spot,5551468688638542822,OrderType.Limit,Direction.Long,65000.89,998967600,Side.Buy,,OrderStatus.Submitted,65000.89,1653898000,BTC-USDT,TimeCondition.GTC,1783610670884172214,0.001,0.001,0.0
4194834854,2837957847,1783610670884328193,1783610670884329921,203,order,benchmark,True,0.0,0.0,,,mock,0.0,,1783610670884328193,InstrumentType.Spot,5551468688638542823,OrderType.Limit,Direction.Long,65000.1,998969376,Side.Sell,,OrderStatus.Submitted,65000.1,1653898000,BTC-USDT,TimeCondition.GTC,1783610670884328193,0.001,0.001,0.0
