run_id,system,depth_session_id,strategy_session_id,td_session_id,depth_gen_time_ns,depth_trigger_time_ns,order_input_gen_time_ns,order_input_trigger_time_ns,order_gen_time_ns,order_trigger_time_ns,depth_event_id,join_depth_method,join_order_method,symbol,side,price,qty,order_id,client_order_id,md_to_order_input_ns,order_report_ns,total_tick_to_trade_ns
journal,godzilla,5,1,2,1783610628721730816,0,1783610628721805824,0,1783610628721909760,1783610628721905061,101,price_side,order_id,BTC-USDT,BUY,64999.91,0.001,6947440129078263908,,75008,103936,178944
journal,godzilla,5,1,2,1783610628722031104,0,1783610628722123520,0,1783610628722274048,1783610628722248792,102,price_side,order_id,BTC-USDT,SELL,65000.119999999995,0.001,6947440129078263909,,92416,150528,242944
journal,godzilla,5,1,2,1783610628722328064,0,1783610628722423296,0,1783610628722437632,1783610628722435228,103,price_side,order_id,BTC-USDT,BUY,64999.93,0.001,6947440129078263910,,95232,14336,109568
journal,godzilla,5,1,2,1783610628722627072,0,1783610628722684160,0,1783610628722726400,1783610628722723226,104,price_side,order_id,BTC-USDT,SELL,65000.14,0.001,6947440129078263911,,57088,42240,99328
journal,godzilla,5,1,2,1783610628722952704,0,1783610628723108352,0,1783610628723125504,1783610628723123011,105,price_side,order_id,BTC-USDT,BUY,64999.950000000004,0.001,6947440129078263912,,155648,17152,172800
journal,godzilla,5,1,2,1783610628723228160,0,1783610628723291904,0,1783610628723470848,1783610628723430489,106,price_side,order_id,BTC-USDT,SELL,65000.159999999996,0.001,6947440129078263913,,63744,178944,242688
journal,godzilla,5,1,2,1783610628723527936,0,1783610628723625728,0,1783610628723646208,1783610628723643669,107,price_side,order_id,BTC-USDT,BUY,64999.97,0.001,6947440129078263914,,97792,20480,118272
journal,godzilla,5,1,2,1783610628723827456,0,1783610628723858176,0,1783610628723879168,1783610628723875900,108,price_side,order_id,BTC-USDT,SELL,65000.18,0.001,6947440129078263915,,30720,20992,51712
journal,godzilla,5,1,2,1783610628724126720,0,1783610628724164096,0,1783610628724195584,1783610628724192457,109,price_side,order_id,BTC-USDT,BUY,64999.99,0.001,6947440129078263916,,37376,31488,68864
journal,godzilla,5,1,2,1783610628724427264,0,1783610628724516864,0,1783610628724536576,1783610628724534228,110,price_side,order_id,BTC-USDT,SELL,65000.2,0.001,6947440129078263917,,89600,19712,109312
journal,godzilla,5,1,2,1783610628724727296,0,1783610628724805888,0,1783610628724909568,1783610628724907604,111,price_side,order_id,BTC-USDT,BUY,65000.01,0.001,6947440129078263918,,78592,103680,182272
journal,godzilla,5,1,2,1783610628725026304,0,1783610628725061376,0,1783610628725084672,1783610628725081664,112,price_side,order_id,BTC-USDT,SELL,65000.22,0.001,6947440129078263919,,35072,23296,58368
journal,godzilla,5,1,2,1783610628725326848,0,1783610628725366272,0,1783610628725386752,1783610628725383860,113,price_side,order_id,BTC-USDT,BUY,65000.03,0.001,6947440129078263920,,39424,20480,59904
journal,godzilla,5,1,2,1783610628725626624,0,1783610628725747200,0,1783610628725761280,1783610628725759525,114,price_side,order_id,BTC-USDT,SELL,65000.24,0.001,6947440129078263921,,120576,14080,134656
journal,godzilla,5,1,2,1783610628725934080,0,1783610628726061312,0,1783610628726080768,1783610628726078540,115,price_side,order_id,BTC-USDT,BUY,65000.05,0.001,6947440129078263922,,127232,19456,146688
journal,godzilla,5,1,2,1783610628726232320,0,1783610628726316800,0,1783610628726333184,1783610628726331180,116,price_side,order_id,BTC-USDT,SELL,65000.26,0.001,6947440129078263923,,84480,16384,100864
journal,godzilla,5,1,2,1783610628726526464,0,1783610628726554880,0,1783610628726652160,1783610628726650142,117,price_side,order_id,BTC-USDT,BUY,65000.07,0.001,6947440129078263924,,28416,97280,125696
journal,godzilla,5,1,2,1783610628726826752,0,1783610628726964736,0,1783610628727112960,1783610628727109921,118,price_side,order_id,BTC-USDT,SELL,65000.28,0.001,6947440129078263925,,137984,148224,286208
journal,godzilla,5,1,2,1783610628727126016,0,1783610628727713024,0,1783610628727889408,1783610628727875326,119,price_side,order_id,BTC-USDT,BUY,65000.090000000004,0.001,6947440129078263926,,587008,176384,763392
journal,godzilla,5,1,2,1783610628727428352,0,1783610628727744768,0,1783610628727938816,1783610628727936142,120,price_side,order_id,BTC-USDT,SELL,65000.299999999996,0.001,6947440129078263927,,316416,194048,510464
journal,godzilla,5,1,2,1783610628727725568,0,1783610628727766272,0,1783610628727960320,1783610628727958053,121,price_side,order_id,BTC-USDT,BUY,65000.11,0.001,6947440129078263928,,40704,194048,234752
journal,godzilla,5,1,2,1783610628728027904,0,1783610628728090624,0,1783610628728146176,1783610628728143354,122,price_side,order_id,BTC-USDT,SELL,65000.32,0.001,6947440129078263929,,62720,55552,118272
journal,godzilla,5,1,2,1783610628728326144,0,1783610628728340480,0,1783610628728426752,1783610628728425081,123,price_side,order_id,BTC-USDT,BUY,65000.130000000005,0.001,6947440129078263930,,14336,86272,100608
journal,godzilla,5,1,2,1783610628728638208,0,1783610628728746752,0,1783610628728766464,1783610628728764408,124,price_side,order_id,BTC-USDT,SELL,65000.34,0.001,6947440129078263931,,108544,19712,128256
journal,godzilla,5,1,2,1783610628728926976,0,1783610628729053952,0,1783610628729074944,1783610628729072742,125,price_side,order_id,BTC-USDT,BUY,65000.15,0.001,6947440129078263932,,126976,20992,147968
journal,godzilla,5,1,2,1783610628729226752,0,1783610628729268736,0,1783610628729294336,1783610628729291556,126,price_side,order_id,BTC-USDT,SELL,65000.36,0.001,6947440129078263933,,41984,25600,67584
journal,godzilla,5,1,2,1783610628729526528,0,1783610628729944064,0,1783610628729993472,1783610628729989018,127,price_side,order_id,BTC-USDT,BUY,65000.17,0.001,6947440129078263934,,417536,49408,466944
journal,godzilla,5,1,2,1783610628729834240,0,1783610628730036224,0,1783610628730137856,1783610628730134624,128,price_side,order_id,BTC-USDT,SELL,65000.38,0.001,6947440129078263935,,201984,101632,303616
journal,godzilla,5,1,2,1783610628730129920,0,1783610628730243840,0,1783610628730352640,1783610628730349764,129,price_side,order_id,BTC-USDT,BUY,65000.19,0.001,6947440129078263936,,113920,108800,222720
journal,godzilla,5,1,2,1783610628730427392,0,1783610628730443520,0,1783610628730458624,1783610628730455523,130,price_side,order_id,BTC-USDT,SELL,65000.4,0.001,6947440129078263937,,16128,15104,31232
journal,godzilla,5,1,2,1783610628730726912,0,1783610628730812672,0,1783610628730922240,1783610628730919996,131,price_side,order_id,BTC-USDT,BUY,65000.21,0.001,6947440129078263938,,85760,109568,195328
journal,godzilla,5,1,2,1783610628731026176,0,1783610628731118848,0,1783610628731184896,1783610628731159621,132,price_side,order_id,BTC-USDT,SELL,65000.42,0.001,6947440129078263939,,92672,66048,158720
journal,godzilla,5,1,2,1783610628731327488,0,1783610628731363584,0,1783610628731391488,1783610628731388340,133,price_side,order_id,BTC-USDT,BUY,65000.23,0.001,6947440129078263940,,36096,27904,64000
journal,godzilla,5,1,2,1783610628731659776,0,1783610628731719424,0,1783610628731823104,1783610628731820631,134,price_side,order_id,BTC-USDT,SELL,65000.439999999995,0.001,6947440129078263941,,59648,103680,163328
journal,godzilla,5,1,2,1783610628731927040,0,1783610628732017408,0,1783610628732036352,1783610628732033938,135,price_side,order_id,BTC-USDT,BUY,65000.25,0.001,6947440129078263942,,90368,18944,109312
journal,godzilla,5,1,2,1783610628732227072,0,1783610628732264192,0,1783610628732290048,1783610628732286766,136,price_side,order_id,BTC-USDT,SELL,65000.46,0.001,6947440129078263943,,37120,25856,62976
journal,godzilla,5,1,2,1783610628732526336,0,1783610628732639488,0,1783610628732662528,1783610628732660345,137,price_side,order_id,BTC-USDT,BUY,65000.270000000004,0.001,6947440129078263944,,113152,23040,136192
journal,godzilla,5,1,2,1783610628732826624,0,1783610628732851712,0,1783610628732875264,1783610628732872383,138,price_side,order_id,BTC-USDT,SELL,65000.479999999996,0.001,6947440129078263945,,25088,23552,48640
journal,godzilla,5,1,2,1783610628733126912,0,1783610628733238528,0,1783610628733259520,1783610628733257454,139,price_side,order_id,BTC-USDT,BUY,65000.29,0.001,6947440129078263946,,111616,20992,132608
journal,godzilla,5,1,2,1783610628733426432,0,1783610628733440256,0,1783610628733549568,1783610628733546840,140,price_side,order_id,BTC-USDT,SELL,65000.5,0.001,6947440129078263947,,13824,109312,123136
journal,godzilla,5,1,2,1783610628733725440,0,1783610628733850880,0,1783610628733969152,1783610628733967045,141,price_side,order_id,BTC-USDT,BUY,65000.310000000005,0.001,6947440129078263948,,125440,118272,243712
journal,godzilla,5,1,2,1783610628734025728,0,1783610628734107648,0,1783610628734204928,1783610628734203093,142,price_side,order_id,BTC-USDT,SELL,65000.52,0.001,6947440129078263949,,81920,97280,179200
journal,godzilla,5,1,2,1783610628734337280,0,1783610628734442752,0,1783610628734461696,1783610628734459849,143,price_side,order_id,BTC-USDT,BUY,65000.33,0.001,6947440129078263950,,105472,18944,124416
journal,godzilla,5,1,2,1783610628734626560,0,1783610628734730496,0,1783610628734748416,1783610628734746512,144,price_side,order_id,BTC-USDT,SELL,65000.54,0.001,6947440129078263951,,103936,17920,121856
journal,godzilla,5,1,2,1783610628734926336,0,1783610628735033856,0,1783610628735052544,1783610628735050639,145,price_side,order_id,BTC-USDT,BUY,65000.35,0.001,6947440129078263952,,107520,18688,126208
journal,godzilla,5,1,2,1783610628735226368,0,1783610628735329792,0,1783610628735356672,1783610628735346836,146,price_side,order_id,BTC-USDT,SELL,65000.56,0.001,6947440129078263953,,103424,26880,130304
journal,godzilla,5,1,2,1783610628735526656,0,1783610628735629056,0,1783610628735647488,1783610628735645669,147,price_side,order_id,BTC-USDT,BUY,65000.37,0.001,6947440129078263954,,102400,18432,120832
journal,godzilla,5,1,2,1783610628735826432,0,1783610628735928576,0,1783610628735948288,1783610628735946525,148,price_side,order_id,BTC-USDT,SELL,65000.58,0.001,6947440129078263955,,102144,19712,121856
journal,godzilla,5,1,2,1783610628736126720,0,1783610628736233984,0,1783610628736253184,1783610628736251517,149,price_side,order_id,BTC-USDT,BUY,65000.39,0.001,6947440129078263956,,107264,19200,126464
journal,godzilla,5,1,2,1783610628736426496,0,1783610628736529408,0,1783610628736548864,1783610628736547204,150,price_side,order_id,BTC-USDT,SELL,65000.6,0.001,6947440129078263957,,102912,19456,122368
journal,godzilla,5,1,2,1783610628736726272,0,1783610628736829952,0,1783610628736848128,1783610628736846437,151,price_side,order_id,BTC-USDT,BUY,65000.41,0.001,6947440129078263958,,103680,18176,121856
journal,godzilla,5,1,2,1783610628737026560,0,1783610628737135360,0,1783610628737248768,1783610628737247007,152,price_side,order_id,BTC-USDT,SELL,65000.619999999995,0.001,6947440129078263959,,108800,113408,222208
journal,godzilla,5,1,2,1783610628737335296,0,1783610628737357568,0,1783610628737434880,1783610628737432960,153,price_side,order_id,BTC-USDT,BUY,65000.43,0.001,6947440129078263960,,22272,77312,99584
journal,godzilla,5,1,2,1783610628737625344,0,1783610628737721600,0,1783610628737742848,1783610628737740952,154,price_side,order_id,BTC-USDT,SELL,65000.64,0.001,6947440129078263961,,96256,21248,117504
journal,godzilla,5,1,2,1783610628737925632,0,1783610628738040832,0,1783610628738155776,1783610628738153975,155,price_side,order_id,BTC-USDT,BUY,65000.450000000004,0.001,6947440129078263962,,115200,114944,230144
journal,godzilla,5,1,2,1783610628738226176,0,1783610628738267392,0,1783610628738431744,1783610628738428706,156,price_side,order_id,BTC-USDT,SELL,65000.659999999996,0.001,6947440129078263963,,41216,164352,205568
journal,godzilla,5,1,2,1783610628738526976,0,1783610628738551808,0,1783610628738653184,1783610628738650137,157,price_side,order_id,BTC-USDT,BUY,65000.47,0.001,6947440129078263964,,24832,101376,126208
journal,godzilla,5,1,2,1783610628738824960,0,1783610628738924544,0,1783610628738942208,1783610628738940373,158,price_side,order_id,BTC-USDT,SELL,65000.68,0.001,6947440129078263965,,99584,17664,117248
journal,godzilla,5,1,2,1783610628739124992,0,1783610628739225600,0,1783610628739252736,1783610628739241897,159,price_side,order_id,BTC-USDT,BUY,65000.49,0.001,6947440129078263966,,100608,27136,127744
journal,godzilla,5,1,2,1783610628739426048,0,1783610628739522816,0,1783610628739538432,1783610628739536712,160,price_side,order_id,BTC-USDT,SELL,65000.7,0.001,6947440129078263967,,96768,15616,112384
journal,godzilla,5,1,2,1783610628739725056,0,1783610628739825664,0,1783610628739843328,1783610628739841608,161,price_side,order_id,BTC-USDT,BUY,65000.51,0.001,6947440129078263968,,100608,17664,118272
journal,godzilla,5,1,2,1783610628740026368,0,1783610628740150272,0,1783610628740296192,1783610628740292559,162,price_side,order_id,BTC-USDT,SELL,65000.72,0.001,6947440129078263969,,123904,145920,269824
journal,godzilla,5,1,2,1783610628740336640,0,1783610628740429824,0,1783610628740517632,1783610628740515432,163,price_side,order_id,BTC-USDT,BUY,65000.53,0.001,6947440129078263970,,93184,87808,180992
journal,godzilla,5,1,2,1783610628740626176,0,1783610628740653312,0,1783610628740667904,1783610628740665405,164,price_side,order_id,BTC-USDT,SELL,65000.74,0.001,6947440129078263971,,27136,14592,41728
journal,godzilla,5,1,2,1783610628740924928,0,1783610628741051392,0,1783610628741172480,1783610628741169857,165,price_side,order_id,BTC-USDT,BUY,65000.55,0.001,6947440129078263972,,126464,121088,247552
journal,godzilla,5,1,2,1783610628741225216,0,1783610628741307392,0,1783610628741392896,1783610628741391089,166,price_side,order_id,BTC-USDT,SELL,65000.76,0.001,6947440129078263973,,82176,85504,167680
journal,godzilla,5,1,2,1783610628741526016,0,1783610628741622016,0,1783610628741636352,1783610628741634738,167,price_side,order_id,BTC-USDT,BUY,65000.57,0.001,6947440129078263974,,96000,14336,110336
journal,godzilla,5,1,2,1783610628741825024,0,1783610628741925120,0,1783610628741941504,1783610628741939561,168,price_side,order_id,BTC-USDT,SELL,65000.78,0.001,6947440129078263975,,100096,16384,116480
journal,godzilla,5,1,2,1783610628742125056,0,1783610628742224128,0,1783610628742240256,1783610628742238495,169,price_side,order_id,BTC-USDT,BUY,65000.590000000004,0.001,6947440129078263976,,99072,16128,115200
journal,godzilla,5,1,2,1783610628742425088,0,1783610628742523648,0,1783610628742541312,1783610628742539450,170,price_side,order_id,BTC-USDT,SELL,65000.799999999996,0.001,6947440129078263977,,98560,17664,116224
journal,godzilla,5,1,2,1783610628742724864,0,1783610628742948608,0,1783610628743074048,1783610628743071122,171,price_side,order_id,BTC-USDT,BUY,65000.61,0.001,6947440129078263978,,223744,125440,349184
journal,godzilla,5,1,2,1783610628743035136,0,1783610628743058432,0,1783610628743106304,1783610628743097379,172,price_side,order_id,BTC-USDT,SELL,65000.82,0.001,6947440129078263979,,23296,47872,71168
journal,godzilla,5,1,2,1783610628743325440,0,1783610628743430656,0,1783610628743445248,1783610628743443330,173,price_side,order_id,BTC-USDT,BUY,65000.630000000005,0.001,6947440129078263980,,105216,14592,119808
journal,godzilla,5,1,2,1783610628743625216,0,1783610628743725056,0,1783610628743742464,1783610628743740430,174,price_side,order_id,BTC-USDT,SELL,65000.84,0.001,6947440129078263981,,99840,17408,117248
journal,godzilla,5,1,2,1783610628743924992,0,1783610628744031488,0,1783610628744046592,1783610628744044666,175,price_side,order_id,BTC-USDT,BUY,65000.65,0.001,6947440129078263982,,106496,15104,121600
journal,godzilla,5,1,2,1783610628744225280,0,1783610628744324608,0,1783610628744341504,1783610628744339440,176,price_side,order_id,BTC-USDT,SELL,65000.86,0.001,6947440129078263983,,99328,16896,116224
journal,godzilla,5,1,2,1783610628744524800,0,1783610628744621312,0,1783610628744638208,1783610628744636262,177,price_side,order_id,BTC-USDT,BUY,65000.67,0.001,6947440129078263984,,96512,16896,113408
journal,godzilla,5,1,2,1783610628744824832,0,1783610628744932352,0,1783610628744947456,1783610628744945399,178,price_side,order_id,BTC-USDT,SELL,65000.88,0.001,6947440129078263985,,107520,15104,122624
journal,godzilla,5,1,2,1783610628745125120,0,1783610628745433856,0,1783610628745540352,1783610628745538187,179,price_side,order_id,BTC-USDT,BUY,65000.69,0.001,6947440129078263986,,308736,106496,415232
journal,godzilla,5,1,2,1783610628745424128,0,1783610628745527040,0,1783610628745559040,1783610628745557654,180,price_side,order_id,BTC-USDT,SELL,65000.9,0.001,6947440129078263987,,102912,32000,134912
journal,godzilla,5,1,2,1783610628745726720,0,1783610628745772544,0,1783610628745798400,1783610628745796063,181,price_side,order_id,BTC-USDT,BUY,65000.71,0.001,6947440129078263988,,45824,25856,71680
journal,godzilla,5,1,2,1783610628746038016,0,1783610628746259200,0,1783610628746411520,1783610628746408918,182,price_side,order_id,BTC-USDT,SELL,65000.92,0.001,6947440129078263989,,221184,152320,373504
journal,godzilla,5,1,2,1783610628746324736,0,1783610628746573312,0,1783610628746755840,1783610628746750988,183,price_side,order_id,BTC-USDT,BUY,65000.73,0.001,6947440129078263990,,248576,182528,431104
journal,godzilla,5,1,2,1783610628746629376,0,1783610628746654464,0,1783610628746788352,1783610628746786073,184,price_side,order_id,BTC-USDT,SELL,65000.939999999995,0.001,6947440129078263991,,25088,133888,158976
journal,godzilla,5,1,2,1783610628746929152,0,1783610628746964224,0,1783610628747070464,1783610628747050796,185,price_side,order_id,BTC-USDT,BUY,65000.75,0.001,6947440129078263992,,35072,106240,141312
journal,godzilla,5,1,2,1783610628747229440,0,1783610628747364352,0,1783610628747553024,1783610628747548388,186,price_side,order_id,BTC-USDT,SELL,65000.96,0.001,6947440129078263993,,134912,188672,323584
journal,godzilla,5,1,2,1783610628747528704,0,1783610628747630080,0,1783610628747745792,1783610628747742833,187,price_side,order_id,BTC-USDT,BUY,65000.770000000004,0.001,6947440129078263994,,101376,115712,217088
journal,godzilla,5,1,2,1783610628747828480,0,1783610628747923200,0,1783610628747948032,1783610628747943005,188,price_side,order_id,BTC-USDT,SELL,65000.979999999996,0.001,6947440129078263995,,94720,24832,119552
journal,godzilla,5,1,2,1783610628748127232,0,1783610628748361216,0,1783610628748501248,1783610628748498681,189,price_side,order_id,BTC-USDT,BUY,65000.79,0.001,6947440129078263996,,233984,140032,374016
journal,godzilla,5,1,2,1783610628748424448,0,1783610628748581888,0,1783610628748851200,1783610628748846595,190,price_side,order_id,BTC-USDT,SELL,65001.0,0.001,6947440129078263997,,157440,269312,426752
journal,godzilla,5,1,2,1783610628748747008,0,1783610628748963840,0,1783610628748978688,1783610628748975678,191,price_side,order_id,BTC-USDT,BUY,65000.810000000005,0.001,6947440129078263998,,216832,14848,231680
journal,godzilla,5,1,2,1783610628749028352,0,1783610628749108480,0,1783610628749138432,1783610628749136668,192,price_side,order_id,BTC-USDT,SELL,65001.02,0.001,6947440129078263999,,80128,29952,110080
journal,godzilla,5,1,2,1783610628749325824,0,1783610628749375488,0,1783610628749478400,1783610628749476059,193,price_side,order_id,BTC-USDT,BUY,65000.83,0.001,6947440129078264000,,49664,102912,152576
journal,godzilla,5,1,2,1783610628749626880,0,1783610628749705472,0,1783610628749742336,1783610628749740499,194,price_side,order_id,BTC-USDT,SELL,65001.04,0.001,6947440129078264001,,78592,36864,115456
journal,godzilla,5,1,2,1783610628749925376,0,1783610628750076928,0,1783610628750202624,1783610628750199891,195,price_side,order_id,BTC-USDT,BUY,65000.85,0.001,6947440129078264002,,151552,125696,277248
journal,godzilla,5,1,2,1783610628750226176,0,1783610628750396160,0,1783610628750409472,1783610628750407874,196,price_side,order_id,BTC-USDT,SELL,65001.06,0.001,6947440129078264003,,169984,13312,183296
journal,godzilla,5,1,2,1783610628750525696,0,1783610628750639616,0,1783610628750757888,1783610628750756013,197,price_side,order_id,BTC-USDT,BUY,65000.87,0.001,6947440129078264004,,113920,118272,232192
journal,godzilla,5,1,2,1783610628750825984,0,1783610628750885376,0,1783610628750979584,1783610628750977761,198,price_side,order_id,BTC-USDT,SELL,65001.08,0.001,6947440129078264005,,59392,94208,153600
journal,godzilla,5,1,2,1783610628751126016,0,1783610628751261952,0,1783610628751411712,1783610628751389835,199,price_side,order_id,BTC-USDT,BUY,65000.89,0.001,6947440129078264006,,135936,149760,285696
journal,godzilla,5,1,2,1783610628751426048,0,1783610628751572480,0,1783610628751704064,1783610628751701393,200,price_side,order_id,BTC-USDT,SELL,65000.1,0.001,6947440129078264007,,146432,131584,278016
journal,godzilla,5,1,2,1783610628751735808,0,1783610628751888128,0,1783610628751922432,1783610628751920376,201,price_side,order_id,BTC-USDT,BUY,64999.91,0.001,6947440129078264008,,152320,34304,186624
journal,godzilla,5,1,2,1783610628752026368,0,1783610628752138496,0,1783610628752188160,1783610628752186372,202,price_side,order_id,BTC-USDT,SELL,65000.119999999995,0.001,6947440129078264009,,112128,49664,161792
journal,godzilla,5,1,2,1783610628752326400,0,1783610628752372480,0,1783610628752462848,1783610628752461120,203,price_side,order_id,BTC-USDT,BUY,64999.93,0.001,6947440129078264010,,46080,90368,136448
journal,godzilla,5,1,2,1783610628752625152,0,1783610628752685056,0,1783610628752747776,1783610628752746002,204,price_side,order_id,BTC-USDT,SELL,65000.14,0.001,6947440129078264011,,59904,62720,122624
journal,godzilla,5,1,2,1783610628752925952,0,1783610628753047296,0,1783610628753177856,1783610628753174969,205,price_side,order_id,BTC-USDT,BUY,64999.950000000004,0.001,6947440129078264012,,121344,130560,251904
journal,godzilla,5,1,2,1783610628753225216,0,1783610628753300480,0,1783610628753415936,1783610628753413962,206,price_side,order_id,BTC-USDT,SELL,65000.159999999996,0.001,6947440129078264013,,75264,115456,190720
journal,godzilla,5,1,2,1783610628753526272,0,1783610628753550336,0,1783610628753573632,1783610628753571217,207,price_side,order_id,BTC-USDT,BUY,64999.97,0.001,6947440129078264014,,24064,23296,47360
journal,godzilla,5,1,2,1783610628753825792,0,1783610628753930752,0,1783610628753952256,1783610628753950301,208,price_side,order_id,BTC-USDT,SELL,65000.18,0.001,6947440129078264015,,104960,21504,126464
journal,godzilla,5,1,2,1783610628754126336,0,1783610628754235648,0,1783610628754258944,1783610628754256803,209,price_side,order_id,BTC-USDT,BUY,64999.99,0.001,6947440129078264016,,109312,23296,132608
journal,godzilla,5,1,2,1783610628754437120,0,1783610628754540800,0,1783610628754560768,1783610628754558901,210,price_side,order_id,BTC-USDT,SELL,65000.2,0.001,6947440129078264017,,103680,19968,123648
journal,godzilla,5,1,2,1783610628754726144,0,1783610628754830080,0,1783610628754847232,1783610628754845485,211,price_side,order_id,BTC-USDT,BUY,65000.01,0.001,6947440129078264018,,103936,17152,121088
journal,godzilla,5,1,2,1783610628755025408,0,1783610628755157504,0,1783610628755294464,1783610628755281814,212,price_side,order_id,BTC-USDT,SELL,65000.22,0.001,6947440129078264019,,132096,136960,269056
journal,godzilla,5,1,2,1783610628755325696,0,1783610628755426304,0,1783610628755532032,1783610628755530020,213,price_side,order_id,BTC-USDT,BUY,65000.03,0.001,6947440129078264020,,100608,105728,206336
journal,godzilla,5,1,2,1783610628755625472,0,1783610628755670272,0,1783610628755692544,1783610628755690562,214,price_side,order_id,BTC-USDT,SELL,65000.24,0.001,6947440129078264021,,44800,22272,67072
journal,godzilla,5,1,2,1783610628755925248,0,1783610628756039168,0,1783610628756058624,1783610628756056132,215,price_side,order_id,BTC-USDT,BUY,65000.05,0.001,6947440129078264022,,113920,19456,133376
journal,godzilla,5,1,2,1783610628756225280,0,1783610628756324096,0,1783610628756346112,1783610628756344046,216,price_side,order_id,BTC-USDT,SELL,65000.26,0.001,6947440129078264023,,98816,22016,120832
journal,godzilla,5,1,2,1783610628756525568,0,1783610628756616704,0,1783610628756635136,1783610628756633366,217,price_side,order_id,BTC-USDT,BUY,65000.07,0.001,6947440129078264024,,91136,18432,109568
journal,godzilla,5,1,2,1783610628756824832,0,1783610628756920320,0,1783610628756940288,1783610628756938336,218,price_side,order_id,BTC-USDT,SELL,65000.28,0.001,6947440129078264025,,95488,19968,115456
journal,godzilla,5,1,2,1783610628757125888,0,1783610628757222912,0,1783610628757240320,1783610628757238424,219,price_side,order_id,BTC-USDT,BUY,65000.090000000004,0.001,6947440129078264026,,97024,17408,114432
journal,godzilla,5,1,2,1783610628757431808,0,1783610628757525760,0,1783610628757548544,1783610628757546633,220,price_side,order_id,BTC-USDT,SELL,65000.299999999996,0.001,6947440129078264027,,93952,22784,116736
journal,godzilla,5,1,2,1783610628757725696,0,1783610628757822208,0,1783610628757840384,1783610628757838620,221,price_side,order_id,BTC-USDT,BUY,65000.11,0.001,6947440129078264028,,96512,18176,114688
journal,godzilla,5,1,2,1783610628758024704,0,1783610628758163200,0,1783610628758296832,1783610628758294063,222,price_side,order_id,BTC-USDT,SELL,65000.32,0.001,6947440129078264029,,138496,133632,272128
journal,godzilla,5,1,2,1783610628758325248,0,1783610628758643200,0,1783610628758756352,1783610628758754266,223,price_side,order_id,BTC-USDT,BUY,65000.130000000005,0.001,6947440129078264030,,317952,113152,431104
journal,godzilla,5,1,2,1783610628758624512,0,1783610628758721280,0,1783610628758797312,1783610628758795081,224,price_side,order_id,BTC-USDT,SELL,65000.34,0.001,6947440129078264031,,96768,76032,172800
journal,godzilla,5,1,2,1783610628758926848,0,1783610628759089152,0,1783610628759120640,1783610628759107628,225,price_side,order_id,BTC-USDT,BUY,65000.15,0.001,6947440129078264032,,162304,31488,193792
journal,godzilla,5,1,2,1783610628759228160,0,1783610628759307008,0,1783610628759318784,1783610628759316708,226,price_side,order_id,BTC-USDT,SELL,65000.36,0.001,6947440129078264033,,78848,11776,90624
journal,godzilla,5,1,2,1783610628759525120,0,1783610628759629824,0,1783610628759645184,1783610628759643040,227,price_side,order_id,BTC-USDT,BUY,65000.17,0.001,6947440129078264034,,104704,15360,120064
journal,godzilla,5,1,2,1783610628759824896,0,1783610628759923456,0,1783610628759944448,1783610628759942286,228,price_side,order_id,BTC-USDT,SELL,65000.38,0.001,6947440129078264035,,98560,20992,119552
journal,godzilla,5,1,2,1783610628760193024,0,1783610628760294912,0,1783610628760314880,1783610628760312582,229,price_side,order_id,BTC-USDT,BUY,65000.19,0.001,6947440129078264036,,101888,19968,121856
journal,godzilla,5,1,2,1783610628760425984,0,1783610628760491520,0,1783610628760534784,1783610628760531829,230,price_side,order_id,BTC-USDT,SELL,65000.4,0.001,6947440129078264037,,65536,43264,108800
journal,godzilla,5,1,2,1783610628760726016,0,1783610628760849920,0,1783610628761107456,1783610628761086459,231,price_side,order_id,BTC-USDT,BUY,65000.21,0.001,6947440129078264038,,123904,257536,381440
journal,godzilla,5,1,2,1783610628761026816,0,1783610628761127936,0,1783610628761155584,1783610628761153864,232,price_side,order_id,BTC-USDT,SELL,65000.42,0.001,6947440129078264039,,101120,27648,128768
journal,godzilla,5,1,2,1783610628761326848,0,1783610628761387776,0,1783610628761477120,1783610628761475274,233,price_side,order_id,BTC-USDT,BUY,65000.23,0.001,6947440129078264040,,60928,89344,150272
journal,godzilla,5,1,2,1783610628761625088,0,1783610628761720832,0,1783610628761739264,1783610628761737585,234,price_side,order_id,BTC-USDT,SELL,65000.439999999995,0.001,6947440129078264041,,95744,18432,114176
journal,godzilla,5,1,2,1783610628761924864,0,1783610628762039040,0,1783610628762047488,1783610628762045809,235,price_side,order_id,BTC-USDT,BUY,65000.25,0.001,6947440129078264042,,114176,8448,122624
journal,godzilla,5,1,2,1783610628762224640,0,1783610628762340096,0,1783610628762459136,1783610628762457217,236,price_side,order_id,BTC-USDT,SELL,65000.46,0.001,6947440129078264043,,115456,119040,234496
journal,godzilla,5,1,2,1783610628762525440,0,1783610628762571264,0,1783610628762658816,1783610628762656766,237,price_side,order_id,BTC-USDT,BUY,65000.270000000004,0.001,6947440129078264044,,45824,87552,133376
journal,godzilla,5,1,2,1783610628762824960,0,1783610628762921472,0,1783610628762956032,1783610628762940940,238,price_side,order_id,BTC-USDT,SELL,65000.479999999996,0.001,6947440129078264045,,96512,34560,131072
journal,godzilla,5,1,2,1783610628763137024,0,1783610628763237888,0,1783610628763259392,1783610628763257279,239,price_side,order_id,BTC-USDT,BUY,65000.29,0.001,6947440129078264046,,100864,21504,122368
journal,godzilla,5,1,2,1783610628763426560,0,1783610628763530240,0,1783610628763552256,1783610628763550275,240,price_side,order_id,BTC-USDT,SELL,65000.5,0.001,6947440129078264047,,103680,22016,125696
journal,godzilla,5,1,2,1783610628763726080,0,1783610628763841280,0,1783610628763968768,1783610628763966799,241,price_side,order_id,BTC-USDT,BUY,65000.310000000005,0.001,6947440129078264048,,115200,127488,242688
journal,godzilla,5,1,2,1783610628764025344,0,1783610628764090624,0,1783610628764200960,1783610628764198929,242,price_side,order_id,BTC-USDT,SELL,65000.52,0.001,6947440129078264049,,65280,110336,175616
journal,godzilla,5,1,2,1783610628764326400,0,1783610628764430848,0,1783610628764449280,1783610628764447491,243,price_side,order_id,BTC-USDT,BUY,65000.33,0.001,6947440129078264050,,104448,18432,122880
journal,godzilla,5,1,2,1783610628764626432,0,1783610628764735744,0,1783610628764751360,1783610628764749450,244,price_side,order_id,BTC-USDT,SELL,65000.54,0.001,6947440129078264051,,109312,15616,124928
journal,godzilla,5,1,2,1783610628764925184,0,1783610628765037824,0,1783610628765057792,1783610628765055082,245,price_side,order_id,BTC-USDT,BUY,65000.35,0.001,6947440129078264052,,112640,19968,132608
journal,godzilla,5,1,2,1783610628765226496,0,1783610628765342208,0,1783610628765467904,1783610628765465888,246,price_side,order_id,BTC-USDT,SELL,65000.56,0.001,6947440129078264053,,115712,125696,241408
journal,godzilla,5,1,2,1783610628765525504,0,1783610628765903616,0,1783610628765946624,1783610628765944632,247,price_side,order_id,BTC-USDT,BUY,65000.37,0.001,6947440129078264054,,378112,43008,421120
journal,godzilla,5,1,2,1783610628765824512,0,1783610628766067712,0,1783610628766139392,1783610628766136368,248,price_side,order_id,BTC-USDT,SELL,65000.58,0.001,6947440129078264055,,243200,71680,314880
journal,godzilla,5,1,2,1783610628766136320,0,1783610628766218496,0,1783610628766304512,1783610628766302624,249,price_side,order_id,BTC-USDT,BUY,65000.39,0.001,6947440129078264056,,82176,86016,168192
journal,godzilla,5,1,2,1783610628766426368,0,1783610628766460416,0,1783610628766512128,1783610628766510070,250,price_side,order_id,BTC-USDT,SELL,65000.6,0.001,6947440129078264057,,34048,51712,85760
journal,godzilla,5,1,2,1783610628766726144,0,1783610628766744832,0,1783610628766842112,1783610628766829902,251,price_side,order_id,BTC-USDT,BUY,65000.41,0.001,6947440129078264058,,18688,97280,115968
journal,godzilla,5,1,2,1783610628767025664,0,1783610628767175680,0,1783610628767305984,1783610628767303196,252,price_side,order_id,BTC-USDT,SELL,65000.619999999995,0.001,6947440129078264059,,150016,130304,280320
journal,godzilla,5,1,2,1783610628767326208,0,1783610628767415296,0,1783610628767514624,1783610628767512898,253,price_side,order_id,BTC-USDT,BUY,65000.43,0.001,6947440129078264060,,89088,99328,188416
journal,godzilla,5,1,2,1783610628767625984,0,1783610628767669504,0,1783610628767750656,1783610628767748932,254,price_side,order_id,BTC-USDT,SELL,65000.64,0.001,6947440129078264061,,43520,81152,124672
journal,godzilla,5,1,2,1783610628767925504,0,1783610628767952640,0,1783610628768057856,1783610628768055996,255,price_side,order_id,BTC-USDT,BUY,65000.450000000004,0.001,6947440129078264062,,27136,105216,132352
journal,godzilla,5,1,2,1783610628768224768,0,1783610628768323328,0,1783610628768344576,1783610628768342757,256,price_side,order_id,BTC-USDT,SELL,65000.659999999996,0.001,6947440129078264063,,98560,21248,119808
journal,godzilla,5,1,2,1783610628768524800,0,1783610628768622848,0,1783610628768644096,1783610628768642327,257,price_side,order_id,BTC-USDT,BUY,65000.47,0.001,6947440129078264064,,98048,21248,119296
journal,godzilla,5,1,2,1783610628768833792,0,1783610628768932608,0,1783610628768951296,1783610628768949418,258,price_side,order_id,BTC-USDT,SELL,65000.68,0.001,6947440129078264065,,98816,18688,117504
journal,godzilla,5,1,2,1783610628769125888,0,1783610628769243904,0,1783610628769359616,1783610628769357599,259,price_side,order_id,BTC-USDT,BUY,65000.49,0.001,6947440129078264066,,118016,115712,233728
journal,godzilla,5,1,2,1783610628769425664,0,1783610628769471488,0,1783610628769570560,1783610628769568846,260,price_side,order_id,BTC-USDT,SELL,65000.7,0.001,6947440129078264067,,45824,99072,144896
journal,godzilla,5,1,2,1783610628769724928,0,1783610628769822976,0,1783610628769840896,1783610628769839234,261,price_side,order_id,BTC-USDT,BUY,65000.51,0.001,6947440129078264068,,98048,17920,115968
journal,godzilla,5,1,2,1783610628770024960,0,1783610628770121216,0,1783610628770142464,1783610628770140684,262,price_side,order_id,BTC-USDT,SELL,65000.72,0.001,6947440129078264069,,96256,21248,117504
journal,godzilla,5,1,2,1783610628770325760,0,1783610628770420992,0,1783610628770438656,1783610628770437136,263,price_side,order_id,BTC-USDT,BUY,65000.53,0.001,6947440129078264070,,95232,17664,112896
journal,godzilla,5,1,2,1783610628770624768,0,1783610628770721280,0,1783610628770742272,1783610628770740490,264,price_side,order_id,BTC-USDT,SELL,65000.74,0.001,6947440129078264071,,96512,20992,117504
journal,godzilla,5,1,2,1783610628770925056,0,1783610628771027456,0,1783610628771052288,1783610628771043492,265,price_side,order_id,BTC-USDT,BUY,65000.55,0.001,6947440129078264072,,102400,24832,127232
journal,godzilla,5,1,2,1783610628771225856,0,1783610628771321344,0,1783610628771339264,1783610628771337433,266,price_side,order_id,BTC-USDT,SELL,65000.76,0.001,6947440129078264073,,95488,17920,113408
journal,godzilla,5,1,2,1783610628771524864,0,1783610628771629056,0,1783610628771669760,1783610628771667667,267,price_side,order_id,BTC-USDT,BUY,65000.57,0.001,6947440129078264074,,104192,40704,144896
journal,godzilla,5,1,2,1783610628771835648,0,1783610628771933952,0,1783610628771946752,1783610628771944827,268,price_side,order_id,BTC-USDT,SELL,65000.78,0.001,6947440129078264075,,98304,12800,111104
journal,godzilla,5,1,2,1783610628772125184,0,1783610628772181504,0,1783610628772239872,1783610628772237980,269,price_side,order_id,BTC-USDT,BUY,65000.590000000004,0.001,6947440129078264076,,56320,58368,114688
journal,godzilla,5,1,2,1783610628772424960,0,1783610628772523008,0,1783610628772539904,1783610628772538265,270,price_side,order_id,BTC-USDT,SELL,65000.799999999996,0.001,6947440129078264077,,98048,16896,114944
journal,godzilla,5,1,2,1783610628772724736,0,1783610628772921600,0,1783610628773057792,1783610628773055010,271,price_side,order_id,BTC-USDT,BUY,65000.61,0.001,6947440129078264078,,196864,136192,333056
journal,godzilla,5,1,2,1783610628773025280,0,1783610628773050880,0,1783610628773080320,1783610628773078064,272,price_side,order_id,BTC-USDT,SELL,65000.82,0.001,6947440129078264079,,25600,29440,55040
journal,godzilla,5,1,2,1783610628773326080,0,1783610628773345280,0,1783610628773545728,1783610628773542170,273,price_side,order_id,BTC-USDT,BUY,65000.630000000005,0.001,6947440129078264080,,19200,200448,219648
journal,godzilla,5,1,2,1783610628773633792,0,1783610628773690112,0,1783610628773777152,1783610628773774871,274,price_side,order_id,BTC-USDT,SELL,65000.84,0.001,6947440129078264081,,56320,87040,143360
journal,godzilla,5,1,2,1783610628773926400,0,1783610628774039040,0,1783610628774052096,1783610628774050230,275,price_side,order_id,BTC-USDT,BUY,65000.65,0.001,6947440129078264082,,112640,13056,125696
journal,godzilla,5,1,2,1783610628774225152,0,1783610628774519808,0,1783610628774644224,1783610628774641224,276,price_side,order_id,BTC-USDT,SELL,65000.86,0.001,6947440129078264083,,294656,124416,419072
journal,godzilla,5,1,2,1783610628774536192,0,1783610628774633728,0,1783610628774680832,1783610628774678497,277,price_side,order_id,BTC-USDT,BUY,65000.67,0.001,6947440129078264084,,97536,47104,144640
journal,godzilla,5,1,2,1783610628774825984,0,1783610628774899200,0,1783610628774923264,1783610628774912210,278,price_side,order_id,BTC-USDT,SELL,65000.88,0.001,6947440129078264085,,73216,24064,97280
journal,godzilla,5,1,2,1783610628775126272,0,1783610628775224832,0,1783610628775241472,1783610628775239609,279,price_side,order_id,BTC-USDT,BUY,65000.69,0.001,6947440129078264086,,98560,16640,115200
journal,godzilla,5,1,2,1783610628775425024,0,1783610628775519744,0,1783610628775538176,1783610628775536365,280,price_side,order_id,BTC-USDT,SELL,65000.9,0.001,6947440129078264087,,94720,18432,113152
journal,godzilla,5,1,2,1783610628775725056,0,1783610628775823616,0,1783610628775842816,1783610628775841198,281,price_side,order_id,BTC-USDT,BUY,65000.71,0.001,6947440129078264088,,98560,19200,117760
journal,godzilla,5,1,2,1783610628776024832,0,1783610628776123904,0,1783610628776144128,1783610628776142027,282,price_side,order_id,BTC-USDT,SELL,65000.92,0.001,6947440129078264089,,99072,20224,119296
journal,godzilla,5,1,2,1783610628776324608,0,1783610628776440320,0,1783610628776557312,1783610628776555262,283,price_side,order_id,BTC-USDT,BUY,65000.73,0.001,6947440129078264090,,115712,116992,232704
journal,godzilla,5,1,2,1783610628776625664,0,1783610628776667136,0,1783610628776812288,1783610628776795086,284,price_side,order_id,BTC-USDT,SELL,65000.939999999995,0.001,6947440129078264091,,41472,145152,186624
journal,godzilla,5,1,2,1783610628776926208,0,1783610628777037056,0,1783610628777155072,1783610628777153319,285,price_side,order_id,BTC-USDT,BUY,65000.75,0.001,6947440129078264092,,110848,118016,228864
journal,godzilla,5,1,2,1783610628777237760,0,1783610628777288704,0,1783610628777363456,1783610628777361778,286,price_side,order_id,BTC-USDT,SELL,65000.96,0.001,6947440129078264093,,50944,74752,125696
journal,godzilla,5,1,2,1783610628777534464,0,1783610628777666560,0,1783610628777793536,1783610628777790571,287,price_side,order_id,BTC-USDT,BUY,65000.770000000004,0.001,6947440129078264094,,132096,126976,259072
journal,godzilla,5,1,2,1783610628777825024,0,1783610628777943808,0,1783610628778001152,1783610628777993721,288,price_side,order_id,BTC-USDT,SELL,65000.979999999996,0.001,6947440129078264095,,118784,57344,176128
journal,godzilla,5,1,2,1783610628778125824,0,1783610628778241792,0,1783610628778362880,1783610628778360792,289,price_side,order_id,BTC-USDT,BUY,65000.79,0.001,6947440129078264096,,115968,121088,237056
journal,godzilla,5,1,2,1783610628778425088,0,1783610628778478336,0,1783610628778558976,1783610628778557112,290,price_side,order_id,BTC-USDT,SELL,65001.0,0.001,6947440129078264097,,53248,80640,133888
journal,godzilla,5,1,2,1783610628778725120,0,1783610628778822656,0,1783610628778851840,1783610628778841536,291,price_side,order_id,BTC-USDT,BUY,65000.810000000005,0.001,6947440129078264098,,97536,29184,126720
journal,godzilla,5,1,2,1783610628779026176,0,1783610628779124736,0,1783610628779144192,1783610628779142282,292,price_side,order_id,BTC-USDT,SELL,65001.02,0.001,6947440129078264099,,98560,19456,118016
journal,godzilla,5,1,2,1783610628779324928,0,1783610628779420672,0,1783610628779442176,1783610628779440279,293,price_side,order_id,BTC-USDT,BUY,65000.83,0.001,6947440129078264100,,95744,21504,117248
journal,godzilla,5,1,2,1783610628779624704,0,1783610628779721216,0,1783610628779741952,1783610628779740098,294,price_side,order_id,BTC-USDT,SELL,65001.04,0.001,6947440129078264101,,96512,20736,117248
journal,godzilla,5,1,2,1783610628779924480,0,1783610628780026624,0,1783610628780049920,1783610628780047938,295,price_side,order_id,BTC-USDT,BUY,65000.85,0.001,6947440129078264102,,102144,23296,125440
journal,godzilla,5,1,2,1783610628780235776,0,1783610628780338688,0,1783610628780358400,1783610628780356478,296,price_side,order_id,BTC-USDT,SELL,65001.06,0.001,6947440129078264103,,102912,19712,122624
journal,godzilla,5,1,2,1783610628780526336,0,1783610628780667648,0,1783610628780796672,1783610628780793946,297,price_side,order_id,BTC-USDT,BUY,65000.87,0.001,6947440129078264104,,141312,129024,270336
journal,godzilla,5,1,2,1783610628780825856,0,1783610628780920576,0,1783610628781024512,1783610628781021675,298,price_side,order_id,BTC-USDT,SELL,65001.08,0.001,6947440129078264105,,94720,103936,198656
journal,godzilla,5,1,2,1783610628781141504,0,1783610628781160192,0,1783610628781183232,1783610628781180446,299,price_side,order_id,BTC-USDT,BUY,65000.89,0.001,6947440129078264106,,18688,23040,41728
journal,godzilla,5,1,2,1783610628781427968,0,1783610628781522432,0,1783610628781544704,1783610628781542984,300,price_side,order_id,BTC-USDT,SELL,65000.1,0.001,6947440129078264107,,94464,22272,116736
journal,godzilla,5,1,2,1783610628781724672,0,1783610628781820160,0,1783610628781838592,1783610628781836947,301,price_side,order_id,BTC-USDT,BUY,64999.91,0.001,6947440129078264108,,95488,18432,113920
journal,godzilla,5,1,2,1783610628782025728,0,1783610628782124800,0,1783610628782144256,1783610628782142439,302,price_side,order_id,BTC-USDT,SELL,65000.119999999995,0.001,6947440129078264109,,99072,19456,118528
journal,godzilla,5,1,2,1783610628782324480,0,1783610628782417920,0,1783610628782440192,1783610628782438295,303,price_side,order_id,BTC-USDT,BUY,64999.93,0.001,6947440129078264110,,93440,22272,115712
journal,godzilla,5,1,2,1783610628782625280,0,1783610628782724608,0,1783610628782781696,1783610628782768491,304,price_side,order_id,BTC-USDT,SELL,65000.14,0.001,6947440129078264111,,99328,57088,156416
journal,godzilla,5,1,2,1783610628782927104,0,1783610628783212544,0,1783610628783374336,1783610628783371946,305,price_side,order_id,BTC-USDT,BUY,64999.950000000004,0.001,6947440129078264112,,285440,161792,447232
journal,godzilla,5,1,2,1783610628783295232,0,1783610628783386112,0,1783610628783695872,1783610628783689959,306,price_side,order_id,BTC-USDT,SELL,65000.159999999996,0.001,6947440129078264113,,90880,309760,400640
journal,godzilla,5,1,2,1783610628783529728,0,1783610628783579136,0,1783610628783726592,1783610628783724665,307,price_side,order_id,BTC-USDT,BUY,64999.97,0.001,6947440129078264114,,49408,147456,196864
journal,godzilla,5,1,2,1783610628783829760,0,1783610628784036608,0,1783610628784183808,1783610628784178203,308,price_side,order_id,BTC-USDT,SELL,65000.18,0.001,6947440129078264115,,206848,147200,354048
journal,godzilla,5,1,2,1783610628784128768,0,1783610628784287744,0,1783610628784332800,1783610628784331061,309,price_side,order_id,BTC-USDT,BUY,64999.99,0.001,6947440129078264116,,158976,45056,204032
journal,godzilla,5,1,2,1783610628784427520,0,1783610628784468224,0,1783610628784498944,1783610628784497264,310,price_side,order_id,BTC-USDT,SELL,65000.2,0.001,6947440129078264117,,40704,30720,71424
journal,godzilla,5,1,2,1783610628784725248,0,1783610628784803072,0,1783610628784854272,1783610628784852368,311,price_side,order_id,BTC-USDT,BUY,65000.01,0.001,6947440129078264118,,77824,51200,129024
journal,godzilla,5,1,2,1783610628785026304,0,1783610628785223168,0,1783610628785371136,1783610628785367893,312,price_side,order_id,BTC-USDT,SELL,65000.22,0.001,6947440129078264119,,196864,147968,344832
journal,godzilla,5,1,2,1783610628785325824,0,1783610628785409536,0,1783610628785471744,1783610628785470000,313,price_side,order_id,BTC-USDT,BUY,65000.03,0.001,6947440129078264120,,83712,62208,145920
journal,godzilla,5,1,2,1783610628785653760,0,1783610628785673216,0,1783610628785782528,1783610628785779762,314,price_side,order_id,BTC-USDT,SELL,65000.24,0.001,6947440129078264121,,19456,109312,128768
journal,godzilla,5,1,2,1783610628785942784,0,1783610628786092800,0,1783610628786234368,1783610628786231458,315,price_side,order_id,BTC-USDT,BUY,65000.05,0.001,6947440129078264122,,150016,141568,291584
journal,godzilla,5,1,2,1783610628786225920,0,1783610628786340864,0,1783610628786385664,1783610628786383251,316,price_side,order_id,BTC-USDT,SELL,65000.26,0.001,6947440129078264123,,114944,44800,159744
journal,godzilla,5,1,2,1783610628786537728,0,1783610628786586368,0,1783610628786780672,1783610628786668092,317,price_side,order_id,BTC-USDT,BUY,65000.07,0.001,6947440129078264124,,48640,194304,242944
journal,godzilla,5,1,2,1783610628786827776,0,1783610628786981120,0,1783610628787020288,1783610628787017715,318,price_side,order_id,BTC-USDT,SELL,65000.28,0.001,6947440129078264125,,153344,39168,192512
journal,godzilla,5,1,2,1783610628787125760,0,1783610628787347456,0,1783610628787496704,1783610628787494639,319,price_side,order_id,BTC-USDT,BUY,65000.090000000004,0.001,6947440129078264126,,221696,149248,370944
journal,godzilla,5,1,2,1783610628787425024,0,1783610628787617792,0,1783610628787701760,1783610628787681141,320,price_side,order_id,BTC-USDT,SELL,65000.299999999996,0.001,6947440129078264127,,192768,83968,276736
journal,godzilla,5,1,2,1783610628787726592,0,1783610628787781120,0,1783610628787800576,1783610628787797781,321,price_side,order_id,BTC-USDT,BUY,65000.11,0.001,6947440129078264128,,54528,19456,73984
journal,godzilla,5,1,2,1783610628788026112,0,1783610628788097792,0,1783610628788155648,1783610628788153651,322,price_side,order_id,BTC-USDT,SELL,65000.32,0.001,6947440129078264129,,71680,57856,129536
journal,godzilla,5,1,2,1783610628788326400,0,1783610628788446464,0,1783610628788569600,1783610628788567671,323,price_side,order_id,BTC-USDT,BUY,65000.130000000005,0.001,6947440129078264130,,120064,123136,243200
journal,godzilla,5,1,2,1783610628788625152,0,1783610628788726016,0,1783610628788808192,1783610628788805862,324,price_side,order_id,BTC-USDT,SELL,65000.34,0.001,6947440129078264131,,100864,82176,183040
journal,godzilla,5,1,2,1783610628788935680,0,1783610628788948992,0,1783610628789036800,1783610628789034295,325,price_side,order_id,BTC-USDT,BUY,65000.15,0.001,6947440129078264132,,13312,87808,101120
journal,godzilla,5,1,2,1783610628789224960,0,1783610628789336320,0,1783610628789453312,1783610628789451470,326,price_side,order_id,BTC-USDT,SELL,65000.36,0.001,6947440129078264133,,111360,116992,228352
journal,godzilla,5,1,2,1783610628789525248,0,1783610628789580544,0,1783610628789672960,1783610628789671157,327,price_side,order_id,BTC-USDT,BUY,65000.17,0.001,6947440129078264134,,55296,92416,147712
journal,godzilla,5,1,2,1783610628789824768,0,1783610628789959680,0,1783610628790078208,1783610628790075632,328,price_side,order_id,BTC-USDT,SELL,65000.38,0.001,6947440129078264135,,134912,118528,253440
journal,godzilla,5,1,2,1783610628790125056,0,1783610628790255360,0,1783610628790285568,1783610628790283731,329,price_side,order_id,BTC-USDT,BUY,65000.19,0.001,6947440129078264136,,130304,30208,160512
journal,godzilla,5,1,2,1783610628790425856,0,1783610628790505472,0,1783610628790545152,1783610628790543399,330,price_side,order_id,BTC-USDT,SELL,65000.4,0.001,6947440129078264137,,79616,39680,119296
journal,godzilla,5,1,2,1783610628790724864,0,1783610628790857728,0,1783610628790993408,1783610628790982121,331,price_side,order_id,BTC-USDT,BUY,65000.21,0.001,6947440129078264138,,132864,135680,268544
journal,godzilla,5,1,2,1783610628791026176,0,1783610628791124992,0,1783610628791207168,1783610628791205615,332,price_side,order_id,BTC-USDT,SELL,65000.42,0.001,6947440129078264139,,98816,82176,180992
journal,godzilla,5,1,2,1783610628791325952,0,1783610628791441920,0,1783610628791559168,1783610628791557266,333,price_side,order_id,BTC-USDT,BUY,65000.23,0.001,6947440129078264140,,115968,117248,233216
journal,godzilla,5,1,2,1783610628791634176,0,1783610628791689216,0,1783610628791782912,1783610628791780252,334,price_side,order_id,BTC-USDT,SELL,65000.439999999995,0.001,6947440129078264141,,55040,93696,148736
journal,godzilla,5,1,2,1783610628791926272,0,1783610628792046848,0,1783610628792162560,1783610628792160964,335,price_side,order_id,BTC-USDT,BUY,65000.25,0.001,6947440129078264142,,120576,115712,236288
journal,godzilla,5,1,2,1783610628792243712,0,1783610628792293632,0,1783610628792384512,1783610628792382646,336,price_side,order_id,BTC-USDT,SELL,65000.46,0.001,6947440129078264143,,49920,90880,140800
journal,godzilla,5,1,2,1783610628792525312,0,1783610628792563968,0,1783610628792653568,1783610628792651668,337,price_side,order_id,BTC-USDT,BUY,65000.270000000004,0.001,6947440129078264144,,38656,89600,128256
journal,godzilla,5,1,2,1783610628792824832,0,1783610628793219584,0,1783610628793262080,1783610628793259907,338,price_side,order_id,BTC-USDT,SELL,65000.479999999996,0.001,6947440129078264145,,394752,42496,437248
journal,godzilla,5,1,2,1783610628793124352,0,1783610628793256960,0,1783610628793280000,1783610628793278573,339,price_side,order_id,BTC-USDT,BUY,65000.29,0.001,6947440129078264146,,132608,23040,155648
journal,godzilla,5,1,2,1783610628793426176,0,1783610628793446912,0,1783610628793534720,1783610628793532167,340,price_side,order_id,BTC-USDT,SELL,65000.5,0.001,6947440129078264147,,20736,87808,108544
journal,godzilla,5,1,2,1783610628793724928,0,1783610628793837312,0,1783610628793890304,1783610628793888094,341,price_side,order_id,BTC-USDT,BUY,65000.310000000005,0.001,6947440129078264148,,112384,52992,165376
journal,godzilla,5,1,2,1783610628794027776,0,1783610628794052608,0,1783610628794097408,1783610628794094679,342,price_side,order_id,BTC-USDT,SELL,65000.52,0.001,6947440129078264149,,24832,44800,69632
journal,godzilla,5,1,2,1783610628794329088,0,1783610628794434304,0,1783610628794576896,1783610628794572602,343,price_side,order_id,BTC-USDT,BUY,65000.33,0.001,6947440129078264150,,105216,142592,247808
journal,godzilla,5,1,2,1783610628794646528,0,1783610628794701824,0,1783610628794763264,1783610628794752507,344,price_side,order_id,BTC-USDT,SELL,65000.54,0.001,6947440129078264151,,55296,61440,116736
journal,godzilla,5,1,2,1783610628794927616,0,1783610628795039744,0,1783610628795053056,1783610628795051145,345,price_side,order_id,BTC-USDT,BUY,65000.35,0.001,6947440129078264152,,112128,13312,125440
journal,godzilla,5,1,2,1783610628795225344,0,1783610628795320832,0,1783610628795344640,1783610628795342786,346,price_side,order_id,BTC-USDT,SELL,65000.56,0.001,6947440129078264153,,95488,23808,119296
journal,godzilla,5,1,2,1783610628795525120,0,1783610628795619584,0,1783610628795641088,1783610628795639058,347,price_side,order_id,BTC-USDT,BUY,65000.37,0.001,6947440129078264154,,94464,21504,115968
journal,godzilla,5,1,2,1783610628795825152,0,1783610628795920640,0,1783610628795942656,1783610628795940692,348,price_side,order_id,BTC-USDT,SELL,65000.58,0.001,6947440129078264155,,95488,22016,117504
journal,godzilla,5,1,2,1783610628796125952,0,1783610628796222464,0,1783610628796239872,1783610628796238190,349,price_side,order_id,BTC-USDT,BUY,65000.39,0.001,6947440129078264156,,96512,17408,113920
journal,godzilla,5,1,2,1783610628796424960,0,1783610628796520192,0,1783610628796541440,1783610628796539446,350,price_side,order_id,BTC-USDT,SELL,65000.6,0.001,6947440129078264157,,95232,21248,116480
journal,godzilla,5,1,2,1783610628796725504,0,1783610628796820224,0,1783610628796837376,1783610628796835567,351,price_side,order_id,BTC-USDT,BUY,65000.41,0.001,6947440129078264158,,94720,17152,111872
journal,godzilla,5,1,2,1783610628797025024,0,1783610628797124096,0,1783610628797144576,1783610628797142545,352,price_side,order_id,BTC-USDT,SELL,65000.619999999995,0.001,6947440129078264159,,99072,20480,119552
journal,godzilla,5,1,2,1783610628797326336,0,1783610628797446912,0,1783610628797561600,1783610628797559727,353,price_side,order_id,BTC-USDT,BUY,65000.43,0.001,6947440129078264160,,120576,114688,235264
journal,godzilla,5,1,2,1783610628797635840,0,1783610628797673728,0,1783610628797780736,1783610628797778889,354,price_side,order_id,BTC-USDT,SELL,65000.64,0.001,6947440129078264161,,37888,107008,144896
journal,godzilla,5,1,2,1783610628797925632,0,1783610628798023680,0,1783610628798137600,1783610628798135966,355,price_side,order_id,BTC-USDT,BUY,65000.450000000004,0.001,6947440129078264162,,98048,113920,211968
journal,godzilla,5,1,2,1783610628798225920,0,1783610628798242560,0,1783610628798327808,1783610628798325396,356,price_side,order_id,BTC-USDT,SELL,65000.659999999996,0.001,6947440129078264163,,16640,85248,101888
journal,godzilla,5,1,2,1783610628798524928,0,1783610628798642688,0,1783610628798776832,1783610628798766935,357,price_side,order_id,BTC-USDT,BUY,65000.47,0.001,6947440129078264164,,117760,134144,251904
journal,godzilla,5,1,2,1783610628798825216,0,1783610628798908416,0,1783610628799004416,1783610628799001758,358,price_side,order_id,BTC-USDT,SELL,65000.68,0.001,6947440129078264165,,83200,96000,179200
journal,godzilla,5,1,2,1783610628799126272,0,1783610628799148544,0,1783610628799229184,1783610628799227470,359,price_side,order_id,BTC-USDT,BUY,65000.49,0.001,6947440129078264166,,22272,80640,102912
journal,godzilla,5,1,2,1783610628799425024,0,1783610628799523072,0,1783610628799540224,1783610628799538534,360,price_side,order_id,BTC-USDT,SELL,65000.7,0.001,6947440129078264167,,98048,17152,115200
journal,godzilla,5,1,2,1783610628799724800,0,1783610628799825664,0,1783610628799839744,1783610628799838102,361,price_side,order_id,BTC-USDT,BUY,65000.51,0.001,6947440129078264168,,100864,14080,114944
journal,godzilla,5,1,2,1783610628800025344,0,1783610628800128000,0,1783610628800144640,1783610628800142783,362,price_side,order_id,BTC-USDT,SELL,65000.72,0.001,6947440129078264169,,102656,16640,119296
journal,godzilla,5,1,2,1783610628800332032,0,1783610628800439040,0,1783610628800559360,1783610628800557534,363,price_side,order_id,BTC-USDT,BUY,65000.53,0.001,6947440129078264170,,107008,120320,227328
journal,godzilla,5,1,2,1783610628800626176,0,1783610628800727040,0,1783610628800770304,1783610628800768525,364,price_side,order_id,BTC-USDT,SELL,65000.74,0.001,6947440129078264171,,100864,43264,144128
journal,godzilla,5,1,2,1783610628800925696,0,1783610628801040640,0,1783610628801159168,1783610628801157263,365,price_side,order_id,BTC-USDT,BUY,65000.55,0.001,6947440129078264172,,114944,118528,233472
journal,godzilla,5,1,2,1783610628801225728,0,1783610628801284864,0,1783610628801367296,1783610628801365356,366,price_side,order_id,BTC-USDT,SELL,65000.76,0.001,6947440129078264173,,59136,82432,141568
journal,godzilla,5,1,2,1783610628801526272,0,1783610628801635328,0,1783610628801649664,1783610628801647915,367,price_side,order_id,BTC-USDT,BUY,65000.57,0.001,6947440129078264174,,109056,14336,123392
journal,godzilla,5,1,2,1783610628801824768,0,1783610628801933568,0,1783610628801950720,1783610628801948722,368,price_side,order_id,BTC-USDT,SELL,65000.78,0.001,6947440129078264175,,108800,17152,125952
journal,godzilla,5,1,2,1783610628802125056,0,1783610628802235904,0,1783610628802252544,1783610628802250521,369,price_side,order_id,BTC-USDT,BUY,65000.590000000004,0.001,6947440129078264176,,110848,16640,127488
journal,godzilla,5,1,2,1783610628802425344,0,1783610628802545152,0,1783610628802571520,1783610628802560067,370,price_side,order_id,BTC-USDT,SELL,65000.799999999996,0.001,6947440129078264177,,119808,26368,146176
journal,godzilla,5,1,2,1783610628802726656,0,1783610628802760192,0,1783610628802777600,1783610628802774663,371,price_side,order_id,BTC-USDT,BUY,65000.61,0.001,6947440129078264178,,33536,17408,50944
journal,godzilla,5,1,2,1783610628803026432,0,1783610628803144448,0,1783610628803158272,1783610628803156096,372,price_side,order_id,BTC-USDT,SELL,65000.82,0.001,6947440129078264179,,118016,13824,131840
journal,godzilla,5,1,2,1783610628803333120,0,1783610628803446016,0,1783610628803463936,1783610628803461781,373,price_side,order_id,BTC-USDT,BUY,65000.630000000005,0.001,6947440129078264180,,112896,17920,130816
journal,godzilla,5,1,2,1783610628803626496,0,1783610628803740928,0,1783610628803759872,1783610628803757630,374,price_side,order_id,BTC-USDT,SELL,65000.84,0.001,6947440129078264181,,114432,18944,133376
journal,godzilla,5,1,2,1783610628803925248,0,1783610628804049152,0,1783610628804064000,1783610628804061654,375,price_side,order_id,BTC-USDT,BUY,65000.65,0.001,6947440129078264182,,123904,14848,138752
journal,godzilla,5,1,2,1783610628804226304,0,1783610628804342528,0,1783610628804360960,1783610628804358678,376,price_side,order_id,BTC-USDT,SELL,65000.86,0.001,6947440129078264183,,116224,18432,134656
journal,godzilla,5,1,2,1783610628804525056,0,1783610628804655104,0,1783610628804792064,1783610628804780650,377,price_side,order_id,BTC-USDT,BUY,65000.67,0.001,6947440129078264184,,130048,136960,267008
journal,godzilla,5,1,2,1783610628804825088,0,1783610628804921856,0,1783610628805066496,1783610628805063436,378,price_side,order_id,BTC-USDT,SELL,65000.88,0.001,6947440129078264185,,96768,144640,241408
journal,godzilla,5,1,2,1783610628805126656,0,1783610628805322752,0,1783610628805467648,1783610628805464784,379,price_side,order_id,BTC-USDT,BUY,65000.69,0.001,6947440129078264186,,196096,144896,340992
journal,godzilla,5,1,2,1783610628805435648,0,1783610628805462784,0,1783610628805489152,1783610628805486817,380,price_side,order_id,BTC-USDT,SELL,65000.9,0.001,6947440129078264187,,27136,26368,53504
journal,godzilla,5,1,2,1783610628805725696,0,1783610628805826560,0,1783610628805841664,1783610628805839280,381,price_side,order_id,BTC-USDT,BUY,65000.71,0.001,6947440129078264188,,100864,15104,115968
journal,godzilla,5,1,2,1783610628806034944,0,1783610628806135296,0,1783610628806152448,1783610628806150368,382,price_side,order_id,BTC-USDT,SELL,65000.92,0.001,6947440129078264189,,100352,17152,117504
journal,godzilla,5,1,2,1783610628806326016,0,1783610628806428672,0,1783610628806449920,1783610628806440223,383,price_side,order_id,BTC-USDT,BUY,65000.73,0.001,6947440129078264190,,102656,21248,123904
journal,godzilla,5,1,2,1783610628806626048,0,1783610628806727680,0,1783610628806740992,1783610628806739193,384,price_side,order_id,BTC-USDT,SELL,65000.939999999995,0.001,6947440129078264191,,101632,13312,114944
journal,godzilla,5,1,2,1783610628806926848,0,1783610628807045376,0,1783610628807204352,1783610628807200065,385,price_side,order_id,BTC-USDT,BUY,65000.75,0.001,6947440129078264192,,118528,158976,277504
journal,godzilla,5,1,2,1783610628807227904,0,1783610628807376384,0,1783610628807413248,1783610628807411164,386,price_side,order_id,BTC-USDT,SELL,65000.96,0.001,6947440129078264193,,148480,36864,185344
journal,godzilla,5,1,2,1783610628807525888,0,1783610628807576320,0,1783610628807647488,1783610628807645422,387,price_side,order_id,BTC-USDT,BUY,65000.770000000004,0.001,6947440129078264194,,50432,71168,121600
journal,godzilla,5,1,2,1783610628807824896,0,1783610628807927040,0,1783610628807946496,1783610628807944382,388,price_side,order_id,BTC-USDT,SELL,65000.979999999996,0.001,6947440129078264195,,102144,19456,121600
journal,godzilla,5,1,2,1783610628808126208,0,1783610628808227328,0,1783610628808246528,1783610628808244809,389,price_side,order_id,BTC-USDT,BUY,65000.79,0.001,6947440129078264196,,101120,19200,120320
journal,godzilla,5,1,2,1783610628808426496,0,1783610628808529920,0,1783610628808550144,1783610628808548041,390,price_side,order_id,BTC-USDT,SELL,65001.0,0.001,6947440129078264197,,103424,20224,123648
journal,godzilla,5,1,2,1783610628808726016,0,1783610628808823808,0,1783610628808844544,1783610628808842723,391,price_side,order_id,BTC-USDT,BUY,65000.810000000005,0.001,6947440129078264198,,97792,20736,118528
journal,godzilla,5,1,2,1783610628809040896,0,1783610628809143808,0,1783610628809163520,1783610628809161560,392,price_side,order_id,BTC-USDT,SELL,65001.02,0.001,6947440129078264199,,102912,19712,122624
journal,godzilla,5,1,2,1783610628809326336,0,1783610628809706752,0,1783610628809755648,1783610628809753419,393,price_side,order_id,BTC-USDT,BUY,65000.83,0.001,6947440129078264200,,380416,48896,429312
journal,godzilla,5,1,2,1783610628809624576,0,1783610628809774080,0,1783610628809858048,1783610628809856076,394,price_side,order_id,BTC-USDT,SELL,65001.04,0.001,6947440129078264201,,149504,83968,233472
journal,godzilla,5,1,2,1783610628809926400,0,1783610628809942528,0,1783610628810035712,1783610628810033664,395,price_side,order_id,BTC-USDT,BUY,65000.85,0.001,6947440129078264202,,16128,93184,109312
journal,godzilla,5,1,2,1783610628810225920,0,1783610628810246400,0,1783610628810351872,1783610628810349099,396,price_side,order_id,BTC-USDT,SELL,65001.06,0.001,6947440129078264203,,20480,105472,125952
journal,godzilla,5,1,2,1783610628810525184,0,1783610628810624768,0,1783610628810660352,1783610628810646604,397,price_side,order_id,BTC-USDT,BUY,65000.87,0.001,6947440129078264204,,99584,35584,135168
journal,godzilla,5,1,2,1783610628810826496,0,1783610628810929408,0,1783610628811056384,1783610628811054107,398,price_side,order_id,BTC-USDT,SELL,65001.08,0.001,6947440129078264205,,102912,126976,229888
journal,godzilla,5,1,2,1783610628811126272,0,1783610628811168768,0,1783610628811272192,1783610628811270001,399,price_side,order_id,BTC-USDT,BUY,65000.89,0.001,6947440129078264206,,42496,103424,145920
journal,godzilla,5,1,2,1783610628811425024,0,1783610628811536384,0,1783610628811653120,1783610628811650909,400,price_side,order_id,BTC-USDT,SELL,65000.1,0.001,6947440129078264207,,111360,116736,228096
journal,godzilla,5,1,2,1783610628811735808,0,1783610628811764736,0,1783610628811865344,1783610628811863317,401,price_side,order_id,BTC-USDT,BUY,64999.91,0.001,6947440129078264208,,28928,100608,129536
journal,godzilla,5,1,2,1783610628812025856,0,1783610628812125952,0,1783610628812147968,1783610628812145869,402,price_side,order_id,BTC-USDT,SELL,65000.119999999995,0.001,6947440129078264209,,100096,22016,122112
journal,godzilla,5,1,2,1783610628812325888,0,1783610628812419584,0,1783610628812438016,1783610628812436063,403,price_side,order_id,BTC-USDT,BUY,64999.93,0.001,6947440129078264210,,93696,18432,112128
journal,godzilla,5,1,2,1783610628812624896,0,1783610628812711680,0,1783610628812733952,1783610628812731939,404,price_side,order_id,BTC-USDT,SELL,65000.14,0.001,6947440129078264211,,86784,22272,109056
journal,godzilla,5,1,2,1783610628812924672,0,1783610628813025792,0,1783610628813049856,1783610628813047964,405,price_side,order_id,BTC-USDT,BUY,64999.950000000004,0.001,6947440129078264212,,101120,24064,125184
journal,godzilla,5,1,2,1783610628813225728,0,1783610628813319424,0,1783610628813338368,1783610628813336548,406,price_side,order_id,BTC-USDT,SELL,65000.159999999996,0.001,6947440129078264213,,93696,18944,112640
journal,godzilla,5,1,2,1783610628813524736,0,1783610628813622016,0,1783610628813643008,1783610628813640999,407,price_side,order_id,BTC-USDT,BUY,64999.97,0.001,6947440129078264214,,97280,20992,118272
journal,godzilla,5,1,2,1783610628813824768,0,1783610628813918464,0,1783610628813940992,1783610628813939022,408,price_side,order_id,BTC-USDT,SELL,65000.18,0.001,6947440129078264215,,93696,22528,116224
journal,godzilla,5,1,2,1783610628814125824,0,1783610628814222336,0,1783610628814241024,1783610628814239160,409,price_side,order_id,BTC-USDT,BUY,64999.99,0.001,6947440129078264216,,96512,18688,115200
journal,godzilla,5,1,2,1783610628814424832,0,1783610628814519552,0,1783610628814548480,1783610628814539661,410,price_side,order_id,BTC-USDT,SELL,65000.2,0.001,6947440129078264217,,94720,28928,123648
journal,godzilla,5,1,2,1783610628814732544,0,1783610628814827776,0,1783610628814846720,1783610628814844904,411,price_side,order_id,BTC-USDT,BUY,65000.01,0.001,6947440129078264218,,95232,18944,114176
journal,godzilla,5,1,2,1783610628815026688,0,1783610628815123456,0,1783610628815141120,1783610628815139295,412,price_side,order_id,BTC-USDT,SELL,65000.22,0.001,6947440129078264219,,96768,17664,114432
journal,godzilla,5,1,2,1783610628815324928,0,1783610628815420672,0,1783610628815441920,1783610628815440028,413,price_side,order_id,BTC-USDT,BUY,65000.03,0.001,6947440129078264220,,95744,21248,116992
journal,godzilla,5,1,2,1783610628815624704,0,1783610628815719680,0,1783610628815741952,1783610628815739882,414,price_side,order_id,BTC-USDT,SELL,65000.24,0.001,6947440129078264221,,94976,22272,117248
journal,godzilla,5,1,2,1783610628815924992,0,1783610628816034560,0,1783610628816078592,1783610628816076405,415,price_side,order_id,BTC-USDT,BUY,65000.05,0.001,6947440129078264222,,109568,44032,153600
journal,godzilla,5,1,2,1783610628816226816,0,1783610628816479488,0,1783610628816605184,1783610628816602972,416,price_side,order_id,BTC-USDT,SELL,65000.26,0.001,6947440129078264223,,252672,125696,378368
journal,godzilla,5,1,2,1783610628816524288,0,1783610628816587776,0,1783610628816620032,1783610628816618582,417,price_side,order_id,BTC-USDT,BUY,65000.07,0.001,6947440129078264224,,63488,32256,95744
journal,godzilla,5,1,2,1783610628816825856,0,1783610628816924160,0,1783610628816942336,1783610628816940546,418,price_side,order_id,BTC-USDT,SELL,65000.28,0.001,6947440129078264225,,98304,18176,116480
journal,godzilla,5,1,2,1783610628817125632,0,1783610628817221632,0,1783610628817240576,1783610628817238759,419,price_side,order_id,BTC-USDT,BUY,65000.090000000004,0.001,6947440129078264226,,96000,18944,114944
journal,godzilla,5,1,2,1783610628817434368,0,1783610628817527808,0,1783610628817546240,1783610628817544276,420,price_side,order_id,BTC-USDT,SELL,65000.299999999996,0.001,6947440129078264227,,93440,18432,111872
journal,godzilla,5,1,2,1783610628817724928,0,1783610628817821696,0,1783610628817842432,1783610628817840489,421,price_side,order_id,BTC-USDT,BUY,65000.11,0.001,6947440129078264228,,96768,20736,117504
journal,godzilla,5,1,2,1783610628818025728,0,1783610628818120960,0,1783610628818142208,1783610628818140294,422,price_side,order_id,BTC-USDT,SELL,65000.32,0.001,6947440129078264229,,95232,21248,116480
journal,godzilla,5,1,2,1783610628818325248,0,1783610628818420992,0,1783610628818535936,1783610628818440039,423,price_side,order_id,BTC-USDT,BUY,65000.130000000005,0.001,6947440129078264230,,95744,114944,210688
journal,godzilla,5,1,2,1783610628818627072,0,1783610628818668544,0,1783610628818770944,1783610628818768700,424,price_side,order_id,BTC-USDT,SELL,65000.34,0.001,6947440129078264231,,41472,102400,143872
journal,godzilla,5,1,2,1783610628818924800,0,1783610628819029248,0,1783610628819043840,1783610628819042199,425,price_side,order_id,BTC-USDT,BUY,65000.15,0.001,6947440129078264232,,104448,14592,119040
journal,godzilla,5,1,2,1783610628819225088,0,1783610628819323648,0,1783610628819344640,1783610628819342675,426,price_side,order_id,BTC-USDT,SELL,65000.36,0.001,6947440129078264233,,98560,20992,119552
journal,godzilla,5,1,2,1783610628819525888,0,1783610628819621120,0,1783610628819639552,1783610628819637957,427,price_side,order_id,BTC-USDT,BUY,65000.17,0.001,6947440129078264234,,95232,18432,113664
journal,godzilla,5,1,2,1783610628819824640,0,1783610628819921408,0,1783610628819941888,1783610628819940021,428,price_side,order_id,BTC-USDT,SELL,65000.38,0.001,6947440129078264235,,96768,20480,117248
journal,godzilla,5,1,2,1783610628820125952,0,1783610628820222464,0,1783610628820240896,1783610628820239040,429,price_side,order_id,BTC-USDT,BUY,65000.19,0.001,6947440129078264236,,96512,18432,114944
journal,godzilla,5,1,2,1783610628820433152,0,1783610628820527872,0,1783610628820548352,1783610628820546380,430,price_side,order_id,BTC-USDT,SELL,65000.4,0.001,6947440129078264237,,94720,20480,115200
journal,godzilla,5,1,2,1783610628820726272,0,1783610628820820480,0,1783610628820839424,1783610628820837759,431,price_side,order_id,BTC-USDT,BUY,65000.21,0.001,6947440129078264238,,94208,18944,113152
journal,godzilla,5,1,2,1783610628821025792,0,1783610628821160192,0,1783610628821294080,1783610628821291406,432,price_side,order_id,BTC-USDT,SELL,65000.42,0.001,6947440129078264239,,134400,133888,268288
journal,godzilla,5,1,2,1783610628821324800,0,1783610628821542400,0,1783610628821677824,1783610628821675215,433,price_side,order_id,BTC-USDT,BUY,65000.23,0.001,6947440129078264240,,217600,135424,353024
journal,godzilla,5,1,2,1783610628821625344,0,1783610628821840896,0,1783610628821979904,1783610628821977071,434,price_side,order_id,BTC-USDT,SELL,65000.439999999995,0.001,6947440129078264241,,215552,139008,354560
journal,godzilla,5,1,2,1783610628821926144,0,1783610628821968384,0,1783610628822004992,1783610628822002648,435,price_side,order_id,BTC-USDT,BUY,65000.25,0.001,6947440129078264242,,42240,36608,78848
journal,godzilla,5,1,2,1783610628822226432,0,1783610628822417408,0,1783610628822561280,1783610628822547381,436,price_side,order_id,BTC-USDT,SELL,65000.46,0.001,6947440129078264243,,190976,143872,334848
journal,godzilla,5,1,2,1783610628822525184,0,1783610628822607360,0,1783610628822652672,1783610628822650915,437,price_side,order_id,BTC-USDT,BUY,65000.270000000004,0.001,6947440129078264244,,82176,45312,127488
journal,godzilla,5,1,2,1783610628822834944,0,1783610628822898432,0,1783610628822952960,1783610628822951197,438,price_side,order_id,BTC-USDT,SELL,65000.479999999996,0.001,6947440129078264245,,63488,54528,118016
journal,godzilla,5,1,2,1783610628823132416,0,1783610628823334144,0,1783610628823472384,1783610628823469666,439,price_side,order_id,BTC-USDT,BUY,65000.29,0.001,6947440129078264246,,201728,138240,339968
journal,godzilla,5,1,2,1783610628823425280,0,1783610628823530752,0,1783610628823575296,1783610628823573597,440,price_side,order_id,BTC-USDT,SELL,65000.5,0.001,6947440129078264247,,105472,44544,150016
journal,godzilla,5,1,2,1783610628823725824,0,1783610628823805184,0,1783610628823884032,1783610628823881508,441,price_side,order_id,BTC-USDT,BUY,65000.310000000005,0.001,6947440129078264248,,79360,78848,158208
journal,godzilla,5,1,2,1783610628824025088,0,1783610628824147968,0,1783610628824264704,1783610628824262536,442,price_side,order_id,BTC-USDT,SELL,65000.52,0.001,6947440129078264249,,122880,116736,239616
journal,godzilla,5,1,2,1783610628824324864,0,1783610628824412160,0,1783610628824518144,1783610628824501870,443,price_side,order_id,BTC-USDT,BUY,65000.33,0.001,6947440129078264250,,87296,105984,193280
journal,godzilla,5,1,2,1783610628824625920,0,1783610628824743168,0,1783610628824860672,1783610628824858821,444,price_side,order_id,BTC-USDT,SELL,65000.54,0.001,6947440129078264251,,117248,117504,234752
journal,godzilla,5,1,2,1783610628824925184,0,1783610628825047808,0,1783610628825083136,1783610628825081306,445,price_side,order_id,BTC-USDT,BUY,65000.35,0.001,6947440129078264252,,122624,35328,157952
journal,godzilla,5,1,2,1783610628825225728,0,1783610628825274880,0,1783610628825345024,1783610628825343287,446,price_side,order_id,BTC-USDT,SELL,65000.56,0.001,6947440129078264253,,49152,70144,119296
journal,godzilla,5,1,2,1783610628825524992,0,1783610628825689344,0,1783610628825817856,1783610628825815253,447,price_side,order_id,BTC-USDT,BUY,65000.37,0.001,6947440129078264254,,164352,128512,292864
journal,godzilla,5,1,2,1783610628825825280,0,1783610628825965312,0,1783610628826103040,1783610628826100393,448,price_side,order_id,BTC-USDT,SELL,65000.58,0.001,6947440129078264255,,140032,137728,277760
journal,godzilla,5,1,2,1783610628826133760,0,1783610628826333696,0,1783610628826442752,1783610628826437301,449,price_side,order_id,BTC-USDT,BUY,65000.39,0.001,6947440129078264256,,199936,109056,308992
journal,godzilla,5,1,2,1783610628826429440,0,1783610628826536192,0,1783610628826658048,1783610628826639385,450,price_side,order_id,BTC-USDT,SELL,65000.6,0.001,6947440129078264257,,106752,121856,228608
journal,godzilla,5,1,2,1783610628826730240,0,1783610628826913536,0,1783610628826979328,1783610628826974407,451,price_side,order_id,BTC-USDT,BUY,65000.41,0.001,6947440129078264258,,183296,65792,249088
journal,godzilla,5,1,2,1783610628827030016,0,1783610628827203328,0,1783610628827229184,1783610628827225911,452,price_side,order_id,BTC-USDT,SELL,65000.619999999995,0.001,6947440129078264259,,173312,25856,199168
journal,godzilla,5,1,2,1783610628827328768,0,1783610628827356672,0,1783610628827453184,1783610628827451226,453,price_side,order_id,BTC-USDT,BUY,65000.43,0.001,6947440129078264260,,27904,96512,124416
journal,godzilla,5,1,2,1783610628827625216,0,1783610628827823872,0,1783610628827962112,1783610628827959510,454,price_side,order_id,BTC-USDT,SELL,65000.64,0.001,6947440129078264261,,198656,138240,336896
journal,godzilla,5,1,2,1783610628827925248,0,1783610628827980544,0,1783610628828086016,1783610628828084189,455,price_side,order_id,BTC-USDT,BUY,65000.450000000004,0.001,6947440129078264262,,55296,105472,160768
journal,godzilla,5,1,2,1783610628828226048,0,1783610628828252416,0,1783610628828268800,1783610628828266446,456,price_side,order_id,BTC-USDT,SELL,65000.659999999996,0.001,6947440129078264263,,26368,16384,42752
journal,godzilla,5,1,2,1783610628828525056,0,1783610628828681728,0,1783610628828812288,1783610628828809640,457,price_side,order_id,BTC-USDT,BUY,65000.47,0.001,6947440129078264264,,156672,130560,287232
journal,godzilla,5,1,2,1783610628828825856,0,1783610628828967936,0,1783610628829108224,1783610628829105602,458,price_side,order_id,BTC-USDT,SELL,65000.68,0.001,6947440129078264265,,142080,140288,282368
journal,godzilla,5,1,2,1783610628829140224,0,1783610628829315072,0,1783610628829327104,1783610628829325232,459,price_side,order_id,BTC-USDT,BUY,65000.49,0.001,6947440129078264266,,174848,12032,186880
journal,godzilla,5,1,2,1783610628829426176,0,1783610628829501696,0,1783610628829547520,1783610628829545835,460,price_side,order_id,BTC-USDT,SELL,65000.7,0.001,6947440129078264267,,75520,45824,121344
journal,godzilla,5,1,2,1783610628829725952,0,1783610628830113536,0,1783610628830230784,1783610628830227269,461,price_side,order_id,BTC-USDT,BUY,65000.51,0.001,6947440129078264268,,387584,117248,504832
journal,godzilla,5,1,2,1783610628830028544,0,1783610628830219776,0,1783610628830249728,1783610628830248513,462,price_side,order_id,BTC-USDT,SELL,65000.72,0.001,6947440129078264269,,191232,29952,221184
journal,godzilla,5,1,2,1783610628830327808,0,1783610628830380288,0,1783610628830417152,1783610628830396554,463,price_side,order_id,BTC-USDT,BUY,65000.53,0.001,6947440129078264270,,52480,36864,89344
journal,godzilla,5,1,2,1783610628830626304,0,1783610628830695680,0,1783610628830784768,1783610628830783052,464,price_side,order_id,BTC-USDT,SELL,65000.74,0.001,6947440129078264271,,69376,89088,158464
journal,godzilla,5,1,2,1783610628830926080,0,1783610628830968832,0,1783610628831049728,1783610628831047901,465,price_side,order_id,BTC-USDT,BUY,65000.55,0.001,6947440129078264272,,42752,80896,123648
journal,godzilla,5,1,2,1783610628831226624,0,1783610628831287296,0,1783610628831340032,1783610628831338345,466,price_side,order_id,BTC-USDT,SELL,65000.76,0.001,6947440129078264273,,60672,52736,113408
journal,godzilla,5,1,2,1783610628831524864,0,1783610628831668224,0,1783610628831800320,1783610628831797595,467,price_side,order_id,BTC-USDT,BUY,65000.57,0.001,6947440129078264274,,143360,132096,275456
journal,godzilla,5,1,2,1783610628831836416,0,1783610628831936512,0,1783610628832011264,1783610628832009221,468,price_side,order_id,BTC-USDT,SELL,65000.78,0.001,6947440129078264275,,100096,74752,174848
journal,godzilla,5,1,2,1783610628832125952,0,1783610628832220416,0,1783610628832236544,1783610628832234078,469,price_side,order_id,BTC-USDT,BUY,65000.590000000004,0.001,6947440129078264276,,94464,16128,110592
journal,godzilla,5,1,2,1783610628832424448,0,1783610628832538368,0,1783610628832548352,1783610628832546523,470,price_side,order_id,BTC-USDT,SELL,65000.799999999996,0.001,6947440129078264277,,113920,9984,123904
journal,godzilla,5,1,2,1783610628832724736,0,1783610628832850432,0,1783610628832970496,1783610628832968031,471,price_side,order_id,BTC-USDT,BUY,65000.61,0.001,6947440129078264278,,125696,120064,245760
journal,godzilla,5,1,2,1783610628833025024,0,1783610628833111552,0,1783610628833197824,1783610628833196117,472,price_side,order_id,BTC-USDT,SELL,65000.82,0.001,6947440129078264279,,86528,86272,172800
journal,godzilla,5,1,2,1783610628833325824,0,1783610628833429248,0,1783610628833445888,1783610628833443262,473,price_side,order_id,BTC-USDT,BUY,65000.630000000005,0.001,6947440129078264280,,103424,16640,120064
journal,godzilla,5,1,2,1783610628833624832,0,1783610628833729792,0,1783610628833744384,1783610628833742454,474,price_side,order_id,BTC-USDT,SELL,65000.84,0.001,6947440129078264281,,104960,14592,119552
journal,godzilla,5,1,2,1783610628833925632,0,1783610628834042624,0,1783610628834055936,1783610628834053262,475,price_side,order_id,BTC-USDT,BUY,65000.65,0.001,6947440129078264282,,116992,13312,130304
journal,godzilla,5,1,2,1783610628834225920,0,1783610628834331904,0,1783610628834355200,1783610628834343405,476,price_side,order_id,BTC-USDT,SELL,65000.86,0.001,6947440129078264283,,105984,23296,129280
journal,godzilla,5,1,2,1783610628834525952,0,1783610628834631424,0,1783610628834642944,1783610628834641057,477,price_side,order_id,BTC-USDT,BUY,65000.67,0.001,6947440129078264284,,105472,11520,116992
journal,godzilla,5,1,2,1783610628834831616,0,1783610628834936320,0,1783610628834952448,1783610628834950550,478,price_side,order_id,BTC-USDT,SELL,65000.88,0.001,6947440129078264285,,104704,16128,120832
journal,godzilla,5,1,2,1783610628835124736,0,1783610628835224832,0,1783610628835240192,1783610628835238313,479,price_side,order_id,BTC-USDT,BUY,65000.69,0.001,6947440129078264286,,100096,15360,115456
journal,godzilla,5,1,2,1783610628835424768,0,1783610628835528704,0,1783610628835539968,1783610628835538243,480,price_side,order_id,BTC-USDT,SELL,65000.9,0.001,6947440129078264287,,103936,11264,115200
journal,godzilla,5,1,2,1783610628835725056,0,1783610628835835136,0,1783610628835852800,1783610628835850835,481,price_side,order_id,BTC-USDT,BUY,65000.71,0.001,6947440129078264288,,110080,17664,127744
journal,godzilla,5,1,2,1783610628836025344,0,1783610628836137472,0,1783610628836154624,1783610628836152460,482,price_side,order_id,BTC-USDT,SELL,65000.92,0.001,6947440129078264289,,112128,17152,129280
journal,godzilla,5,1,2,1783610628836325120,0,1783610628836433920,0,1783610628836452096,1783610628836449528,483,price_side,order_id,BTC-USDT,BUY,65000.73,0.001,6947440129078264290,,108800,18176,126976
journal,godzilla,5,1,2,1783610628836626176,0,1783610628836736512,0,1783610628836750848,1783610628836749059,484,price_side,order_id,BTC-USDT,SELL,65000.939999999995,0.001,6947440129078264291,,110336,14336,124672
journal,godzilla,5,1,2,1783610628836925184,0,1783610628837038336,0,1783610628837049344,1783610628837047307,485,price_side,order_id,BTC-USDT,BUY,65000.75,0.001,6947440129078264292,,113152,11008,124160
journal,godzilla,5,1,2,1783610628837227264,0,1783610628837340672,0,1783610628837371136,1783610628837366224,486,price_side,order_id,BTC-USDT,SELL,65000.96,0.001,6947440129078264293,,113408,30464,143872
journal,godzilla,5,1,2,1783610628837538304,0,1783610628837649920,0,1783610628837664768,1783610628837662841,487,price_side,order_id,BTC-USDT,BUY,65000.770000000004,0.001,6947440129078264294,,111616,14848,126464
journal,godzilla,5,1,2,1783610628837825280,0,1783610628837931008,0,1783610628837947648,1783610628837945797,488,price_side,order_id,BTC-USDT,SELL,65000.979999999996,0.001,6947440129078264295,,105728,16640,122368
journal,godzilla,5,1,2,1783610628838125312,0,1783610628838396160,0,1783610628838517504,1783610628838503674,489,price_side,order_id,BTC-USDT,BUY,65000.79,0.001,6947440129078264296,,270848,121344,392192
journal,godzilla,5,1,2,1783610628838425088,0,1783610628838530560,0,1783610628838540800,1783610628838539370,490,price_side,order_id,BTC-USDT,SELL,65001.0,0.001,6947440129078264297,,105472,10240,115712
journal,godzilla,5,1,2,1783610628838726912,0,1783610628838876928,0,1783610628839016704,1783610628839013984,491,price_side,order_id,BTC-USDT,BUY,65000.810000000005,0.001,6947440129078264298,,150016,139776,289792
journal,godzilla,5,1,2,1783610628839025664,0,1783610628839169024,0,1783610628839288832,1783610628839286202,492,price_side,order_id,BTC-USDT,SELL,65001.02,0.001,6947440129078264299,,143360,119808,263168
journal,godzilla,5,1,2,1783610628839324928,0,1783610628839429120,0,1783610628839517952,1783610628839516133,493,price_side,order_id,BTC-USDT,BUY,65000.83,0.001,6947440129078264300,,104192,88832,193024
journal,godzilla,5,1,2,1783610628839625728,0,1783610628839663616,0,1783610628839677184,1783610628839674733,494,price_side,order_id,BTC-USDT,SELL,65001.04,0.001,6947440129078264301,,37888,13568,51456
journal,godzilla,5,1,2,1783610628839926016,0,1783610628839970048,0,1783610628840151040,1783610628840146878,495,price_side,order_id,BTC-USDT,BUY,65000.85,0.001,6947440129078264302,,44032,180992,225024
journal,godzilla,5,1,2,1783610628840243200,0,1783610628840302336,0,1783610628840421888,1783610628840418662,496,price_side,order_id,BTC-USDT,SELL,65001.06,0.001,6947440129078264303,,59136,119552,178688
journal,godzilla,5,1,2,1783610628840543488,0,1783610628840685824,0,1783610628840823040,1783610628840819875,497,price_side,order_id,BTC-USDT,BUY,65000.87,0.001,6947440129078264304,,142336,137216,279552
journal,godzilla,5,1,2,1783610628840826368,0,1783610628840943360,0,1783610628840979968,1783610628840976819,498,price_side,order_id,BTC-USDT,SELL,65001.08,0.001,6947440129078264305,,116992,36608,153600
journal,godzilla,5,1,2,1783610628841125888,0,1783610628841179392,0,1783610628841196544,1783610628841194409,499,price_side,order_id,BTC-USDT,BUY,65000.89,0.001,6947440129078264306,,53504,17152,70656
journal,godzilla,5,1,2,1783610628841425408,0,1783610628841547008,0,1783610628841566464,1783610628841564171,500,price_side,order_id,BTC-USDT,SELL,65000.1,0.001,6947440129078264307,,121600,19456,141056
journal,godzilla,5,1,2,1783610628841726208,0,1783610628841846528,0,1783610628841862400,1783610628841860456,501,price_side,order_id,BTC-USDT,BUY,64999.91,0.001,6947440129078264308,,120320,15872,136192
journal,godzilla,5,1,2,1783610628842026496,0,1783610628842155776,0,1783610628842186496,1783610628842172352,502,price_side,order_id,BTC-USDT,SELL,65000.119999999995,0.001,6947440129078264309,,129280,30720,160000
journal,godzilla,5,1,2,1783610628842326272,0,1783610628842379008,0,1783610628842400512,1783610628842397408,503,price_side,order_id,BTC-USDT,BUY,64999.93,0.001,6947440129078264310,,52736,21504,74240
journal,godzilla,5,1,2,1783610628842626560,0,1783610628842651904,0,1783610628842676224,1783610628842673324,504,price_side,order_id,BTC-USDT,SELL,65000.14,0.001,6947440129078264311,,25344,24320,49664
journal,godzilla,5,1,2,1783610628842926848,0,1783610628843096320,0,1783610628843253760,1783610628843250612,505,price_side,order_id,BTC-USDT,BUY,64999.950000000004,0.001,6947440129078264312,,169472,157440,326912
journal,godzilla,5,1,2,1783610628843235840,0,1783610628843370240,0,1783610628843390720,1783610628843387849,506,price_side,order_id,BTC-USDT,SELL,65000.159999999996,0.001,6947440129078264313,,134400,20480,154880
journal,godzilla,5,1,2,1783610628843526656,0,1783610628843567872,0,1783610628843670272,1783610628843668150,507,price_side,order_id,BTC-USDT,BUY,64999.97,0.001,6947440129078264314,,41216,102400,143616
journal,godzilla,5,1,2,1783610628843826432,0,1783610628843974656,0,1783610628844128512,1783610628844125322,508,price_side,order_id,BTC-USDT,SELL,65000.18,0.001,6947440129078264315,,148224,153856,302080
journal,godzilla,5,1,2,1783610628844126208,0,1783610628844182784,0,1783610628844240640,1783610628844237519,509,price_side,order_id,BTC-USDT,BUY,64999.99,0.001,6947440129078264316,,56576,57856,114432
journal,godzilla,5,1,2,1783610628844426240,0,1783610628844483072,0,1783610628844562688,1783610628844560510,510,price_side,order_id,BTC-USDT,SELL,65000.2,0.001,6947440129078264317,,56832,79616,136448
journal,godzilla,5,1,2,1783610628844726272,0,1783610628844877568,0,1783610628845028096,1783610628845025074,511,price_side,order_id,BTC-USDT,BUY,65000.01,0.001,6947440129078264318,,151296,150528,301824
journal,godzilla,5,1,2,1783610628845026560,0,1783610628845170432,0,1783610628845197056,1783610628845194126,512,price_side,order_id,BTC-USDT,SELL,65000.22,0.001,6947440129078264319,,143872,26624,170496
journal,godzilla,5,1,2,1783610628845326080,0,1783610628845452032,0,1783610628845506304,1783610628845504017,513,price_side,order_id,BTC-USDT,BUY,65000.03,0.001,6947440129078264320,,125952,54272,180224
journal,godzilla,5,1,2,1783610628845625856,0,1783610628845743616,0,1783610628845803008,1783610628845800894,514,price_side,order_id,BTC-USDT,SELL,65000.24,0.001,6947440129078264321,,117760,59392,177152
journal,godzilla,5,1,2,1783610628845926400,0,1783610628845971200,0,1783610628846050304,1783610628846047909,515,price_side,order_id,BTC-USDT,BUY,65000.05,0.001,6947440129078264322,,44800,79104,123904
journal,godzilla,5,1,2,1783610628846240512,0,1783610628846355712,0,1783610628846477568,1783610628846465356,516,price_side,order_id,BTC-USDT,SELL,65000.26,0.001,6947440129078264323,,115200,121856,237056
journal,godzilla,5,1,2,1783610628846528256,0,1783610628846650880,0,1783610628846773248,1783610628846770305,517,price_side,order_id,BTC-USDT,BUY,65000.07,0.001,6947440129078264324,,122624,122368,244992
journal,godzilla,5,1,2,1783610628846827776,0,1783610628846981632,0,1783610628847009280,1783610628847005378,518,price_side,order_id,BTC-USDT,SELL,65000.28,0.001,6947440129078264325,,153856,27648,181504
journal,godzilla,5,1,2,1783610628847154688,0,1783610628847220992,0,1783610628847301120,1783610628847298850,519,price_side,order_id,BTC-USDT,BUY,65000.090000000004,0.001,6947440129078264326,,66304,80128,146432
journal,godzilla,5,1,2,1783610628847426560,0,1783610628847474432,0,1783610628847493120,1783610628847489959,520,price_side,order_id,BTC-USDT,SELL,65000.299999999996,0.001,6947440129078264327,,47872,18688,66560
journal,godzilla,5,1,2,1783610628847726848,0,1783610628847787520,0,1783610628847880704,1783610628847878581,521,price_side,order_id,BTC-USDT,BUY,65000.11,0.001,6947440129078264328,,60672,93184,153856
journal,godzilla,5,1,2,1783610628848026624,0,1783610628848070400,0,1783610628848175104,1783610628848172847,522,price_side,order_id,BTC-USDT,SELL,65000.32,0.001,6947440129078264329,,43776,104704,148480
journal,godzilla,5,1,2,1783610628848326144,0,1783610628848443904,0,1783610628848454912,1783610628848453020,523,price_side,order_id,BTC-USDT,BUY,65000.130000000005,0.001,6947440129078264330,,117760,11008,128768
journal,godzilla,5,1,2,1783610628848625408,0,1783610628848741632,0,1783610628848760320,1783610628848758265,524,price_side,order_id,BTC-USDT,SELL,65000.34,0.001,6947440129078264331,,116224,18688,134912
journal,godzilla,5,1,2,1783610628848937216,0,1783610628849058560,0,1783610628849075968,1783610628849073838,525,price_side,order_id,BTC-USDT,BUY,65000.15,0.001,6947440129078264332,,121344,17408,138752
journal,godzilla,5,1,2,1783610628849226240,0,1783610628849248768,0,1783610628849330688,1783610628849328136,526,price_side,order_id,BTC-USDT,SELL,65000.36,0.001,6947440129078264333,,22528,81920,104448
journal,godzilla,5,1,2,1783610628849525504,0,1783610628849694208,0,1783610628849838080,1783610628849834545,527,price_side,order_id,BTC-USDT,BUY,65000.17,0.001,6947440129078264334,,168704,143872,312576
journal,godzilla,5,1,2,1783610628849825280,0,1783610628849913856,0,1783610628849950464,1783610628849947859,528,price_side,order_id,BTC-USDT,SELL,65000.38,0.001,6947440129078264335,,88576,36608,125184
journal,godzilla,5,1,2,1783610628850154240,0,1783610628850299904,0,1783610628850450688,1783610628850437452,529,price_side,order_id,BTC-USDT,BUY,65000.19,0.001,6947440129078264336,,145664,150784,296448
journal,godzilla,5,1,2,1783610628850425344,0,1783610628850543872,0,1783610628850562816,1783610628850560910,530,price_side,order_id,BTC-USDT,SELL,65000.4,0.001,6947440129078264337,,118528,18944,137472
journal,godzilla,5,1,2,1783610628850726400,0,1783610628850763520,0,1783610628850851840,1783610628850849250,531,price_side,order_id,BTC-USDT,BUY,65000.21,0.001,6947440129078264338,,37120,88320,125440
journal,godzilla,5,1,2,1783610628851025664,0,1783610628851134464,0,1783610628851152384,1783610628851150440,532,price_side,order_id,BTC-USDT,SELL,65000.42,0.001,6947440129078264339,,108800,17920,126720
journal,godzilla,5,1,2,1783610628851324928,0,1783610628851421440,0,1783610628851441920,1783610628851439482,533,price_side,order_id,BTC-USDT,BUY,65000.23,0.001,6947440129078264340,,96512,20480,116992
journal,godzilla,5,1,2,1783610628851624704,0,1783610628851720704,0,1783610628851738880,1783610628851737239,534,price_side,order_id,BTC-USDT,SELL,65000.439999999995,0.001,6947440129078264341,,96000,18176,114176
journal,godzilla,5,1,2,1783610628851932160,0,1783610628852035584,0,1783610628852050176,1783610628852048438,535,price_side,order_id,BTC-USDT,BUY,65000.25,0.001,6947440129078264342,,103424,14592,118016
journal,godzilla,5,1,2,1783610628852225024,0,1783610628852322560,0,1783610628852343040,1783610628852341222,536,price_side,order_id,BTC-USDT,SELL,65000.46,0.001,6947440129078264343,,97536,20480,118016
journal,godzilla,5,1,2,1783610628852524800,0,1783610628852620288,0,1783610628852641792,1783610628852639904,537,price_side,order_id,BTC-USDT,BUY,65000.270000000004,0.001,6947440129078264344,,95488,21504,116992
journal,godzilla,5,1,2,1783610628852825344,0,1783610628852919040,0,1783610628852939008,1783610628852937386,538,price_side,order_id,BTC-USDT,SELL,65000.479999999996,0.001,6947440129078264345,,93696,19968,113664
journal,godzilla,5,1,2,1783610628853125120,0,1783610628853222144,0,1783610628853238272,1783610628853236717,539,price_side,order_id,BTC-USDT,BUY,65000.29,0.001,6947440129078264346,,97024,16128,113152
journal,godzilla,5,1,2,1783610628853424896,0,1783610628853525504,0,1783610628853545728,1783610628853543889,540,price_side,order_id,BTC-USDT,SELL,65000.5,0.001,6947440129078264347,,100608,20224,120832
journal,godzilla,5,1,2,1783610628853725696,0,1783610628853818368,0,1783610628853836288,1783610628853834594,541,price_side,order_id,BTC-USDT,BUY,65000.310000000005,0.001,6947440129078264348,,92672,17920,110592
journal,godzilla,5,1,2,1783610628854024960,0,1783610628854138624,0,1783610628854262016,1783610628854253029,542,price_side,order_id,BTC-USDT,SELL,65000.52,0.001,6947440129078264349,,113664,123392,237056
journal,godzilla,5,1,2,1783610628854325760,0,1783610628854372608,0,1783610628854492928,1783610628854490572,543,price_side,order_id,BTC-USDT,BUY,65000.33,0.001,6947440129078264350,,46848,120320,167168
journal,godzilla,5,1,2,1783610628854633728,0,1783610628854730752,0,1783610628854749952,1783610628854748270,544,price_side,order_id,BTC-USDT,SELL,65000.54,0.001,6947440129078264351,,97024,19200,116224
journal,godzilla,5,1,2,1783610628854925824,0,1783610628855024896,0,1783610628855034880,1783610628855033267,545,price_side,order_id,BTC-USDT,BUY,65000.35,0.001,6947440129078264352,,99072,9984,109056
journal,godzilla,5,1,2,1783610628855225088,0,1783610628855316480,0,1783610628855336448,1783610628855334470,546,price_side,order_id,BTC-USDT,SELL,65000.56,0.001,6947440129078264353,,91392,19968,111360
journal,godzilla,5,1,2,1783610628855524864,0,1783610628855619072,0,1783610628855639552,1783610628855637823,547,price_side,order_id,BTC-USDT,BUY,65000.37,0.001,6947440129078264354,,94208,20480,114688
journal,godzilla,5,1,2,1783610628855825152,0,1783610628855921152,0,1783610628855942400,1783610628855940538,548,price_side,order_id,BTC-USDT,SELL,65000.58,0.001,6947440129078264355,,96000,21248,117248
journal,godzilla,5,1,2,1783610628856125696,0,1783610628856220672,0,1783610628856237312,1783610628856235713,549,price_side,order_id,BTC-USDT,BUY,65000.39,0.001,6947440129078264356,,94976,16640,111616
journal,godzilla,5,1,2,1783610628856424960,0,1783610628856523520,0,1783610628856544000,1783610628856542203,550,price_side,order_id,BTC-USDT,SELL,65000.6,0.001,6947440129078264357,,98560,20480,119040
journal,godzilla,5,1,2,1783610628856724992,0,1783610628856812544,0,1783610628856831232,1783610628856829649,551,price_side,order_id,BTC-USDT,BUY,65000.41,0.001,6947440129078264358,,87552,18688,106240
journal,godzilla,5,1,2,1783610628857024768,0,1783610628857121792,0,1783610628857143040,1783610628857141292,552,price_side,order_id,BTC-USDT,SELL,65000.619999999995,0.001,6947440129078264359,,97024,21248,118272
journal,godzilla,5,1,2,1783610628857326080,0,1783610628857420032,0,1783610628857437952,1783610628857436267,553,price_side,order_id,BTC-USDT,BUY,65000.43,0.001,6947440129078264360,,93952,17920,111872
journal,godzilla,5,1,2,1783610628857630976,0,1783610628857731840,0,1783610628857748736,1783610628857746764,554,price_side,order_id,BTC-USDT,SELL,65000.64,0.001,6947440129078264361,,100864,16896,117760
journal,godzilla,5,1,2,1783610628857924864,0,1783610628858061568,0,1783610628858197248,1783610628858186873,555,price_side,order_id,BTC-USDT,BUY,65000.450000000004,0.001,6947440129078264362,,136704,135680,272384
journal,godzilla,5,1,2,1783610628858225408,0,1783610628858328064,0,1783610628858429440,1783610628858426646,556,price_side,order_id,BTC-USDT,SELL,65000.659999999996,0.001,6947440129078264363,,102656,101376,204032
journal,godzilla,5,1,2,1783610628858526208,0,1783610628858635008,0,1783610628858747392,1783610628858745594,557,price_side,order_id,BTC-USDT,BUY,65000.47,0.001,6947440129078264364,,108800,112384,221184
journal,godzilla,5,1,2,1783610628858825728,0,1783610628858882816,0,1783610628858969856,1783610628858967925,558,price_side,order_id,BTC-USDT,SELL,65000.68,0.001,6947440129078264365,,57088,87040,144128
journal,godzilla,5,1,2,1783610628859125504,0,1783610628859232768,0,1783610628859350528,1783610628859348744,559,price_side,order_id,BTC-USDT,BUY,65000.49,0.001,6947440129078264366,,107264,117760,225024
journal,godzilla,5,1,2,1783610628859425792,0,1783610628859479552,0,1783610628859569664,1783610628859567113,560,price_side,order_id,BTC-USDT,SELL,65000.7,0.001,6947440129078264367,,53760,90112,143872
journal,godzilla,5,1,2,1783610628859724800,0,1783610628859918336,0,1783610628860063744,1783610628860061028,561,price_side,order_id,BTC-USDT,BUY,65000.51,0.001,6947440129078264368,,193536,145408,338944
journal,godzilla,5,1,2,1783610628860025856,0,1783610628860099328,0,1783610628860180736,1783610628860178038,562,price_side,order_id,BTC-USDT,SELL,65000.72,0.001,6947440129078264369,,73472,81408,154880
journal,godzilla,5,1,2,1783610628860326656,0,1783610628860551936,0,1783610628860721408,1783610628860714850,563,price_side,order_id,BTC-USDT,BUY,65000.53,0.001,6947440129078264370,,225280,169472,394752
journal,godzilla,5,1,2,1783610628860668672,0,1783610628860800256,0,1783610628860903168,1783610628860900158,564,price_side,order_id,BTC-USDT,SELL,65000.74,0.001,6947440129078264371,,131584,102912,234496
journal,godzilla,5,1,2,1783610628860939776,0,1783610628861127424,0,1783610628861266944,1783610628861256230,565,price_side,order_id,BTC-USDT,BUY,65000.55,0.001,6947440129078264372,,187648,139520,327168
journal,godzilla,5,1,2,1783610628861225728,0,1783610628861558272,0,1783610628861652480,1783610628861650642,566,price_side,order_id,BTC-USDT,SELL,65000.76,0.001,6947440129078264373,,332544,94208,426752
journal,godzilla,5,1,2,1783610628861524992,0,1783610628861678336,0,1783610628861738752,1783610628861736866,567,price_side,order_id,BTC-USDT,BUY,65000.57,0.001,6947440129078264374,,153344,60416,213760
journal,godzilla,5,1,2,1783610628861826560,0,1783610628861862912,0,1783610628861896192,1783610628861884350,568,price_side,order_id,BTC-USDT,SELL,65000.78,0.001,6947440129078264375,,36352,33280,69632
journal,godzilla,5,1,2,1783610628862126336,0,1783610628862277632,0,1783610628862412288,1783610628862409480,569,price_side,order_id,BTC-USDT,BUY,65000.590000000004,0.001,6947440129078264376,,151296,134656,285952
journal,godzilla,5,1,2,1783610628862425600,0,1783610628862642176,0,1783610628862778624,1783610628862775867,570,price_side,order_id,BTC-USDT,SELL,65000.799999999996,0.001,6947440129078264377,,216576,136448,353024
journal,godzilla,5,1,2,1783610628862725376,0,1783610628862868992,0,1783610628862881792,1783610628862879560,571,price_side,order_id,BTC-USDT,BUY,65000.61,0.001,6947440129078264378,,143616,12800,156416
journal,godzilla,5,1,2,1783610628863026432,0,1783610628863052800,0,1783610628863071488,1783610628863069010,572,price_side,order_id,BTC-USDT,SELL,65000.82,0.001,6947440129078264379,,26368,18688,45056
journal,godzilla,5,1,2,1783610628863335424,0,1783610628863553280,0,1783610628863704320,1783610628863702175,573,price_side,order_id,BTC-USDT,BUY,65000.630000000005,0.001,6947440129078264380,,217856,151040,368896
journal,godzilla,5,1,2,1783610628863624960,0,1783610628863735296,0,1783610628863814400,1783610628863812877,574,price_side,order_id,BTC-USDT,SELL,65000.84,0.001,6947440129078264381,,110336,79104,189440
journal,godzilla,5,1,2,1783610628863941632,0,1783610628863970048,0,1783610628863985152,1783610628863982383,575,price_side,order_id,BTC-USDT,BUY,65000.65,0.001,6947440129078264382,,28416,15104,43520
journal,godzilla,5,1,2,1783610628864226048,0,1783610628864249088,0,1783610628864333824,1783610628864331742,576,price_side,order_id,BTC-USDT,SELL,65000.86,0.001,6947440129078264383,,23040,84736,107776
journal,godzilla,5,1,2,1783610628864525056,0,1783610628864636672,0,1783610628864653312,1783610628864651227,577,price_side,order_id,BTC-USDT,BUY,65000.67,0.001,6947440129078264384,,111616,16640,128256
journal,godzilla,5,1,2,1783610628864825088,0,1783610628864935680,0,1783610628864952832,1783610628864950896,578,price_side,order_id,BTC-USDT,SELL,65000.88,0.001,6947440129078264385,,110592,17152,127744
journal,godzilla,5,1,2,1783610628865125376,0,1783610628865214464,0,1783610628865250048,1783610628865247778,579,price_side,order_id,BTC-USDT,BUY,65000.69,0.001,6947440129078264386,,89088,35584,124672
journal,godzilla,5,1,2,1783610628865425920,0,1783610628865529856,0,1783610628865541120,1783610628865539371,580,price_side,order_id,BTC-USDT,SELL,65000.9,0.001,6947440129078264387,,103936,11264,115200
journal,godzilla,5,1,2,1783610628865724928,0,1783610628866061056,0,1783610628866164480,1783610628866162460,581,price_side,order_id,BTC-USDT,BUY,65000.71,0.001,6947440129078264388,,336128,103424,439552
journal,godzilla,5,1,2,1783610628866024704,0,1783610628866091520,0,1783610628866189056,1783610628866178901,582,price_side,order_id,BTC-USDT,SELL,65000.92,0.001,6947440129078264389,,66816,97536,164352
journal,godzilla,5,1,2,1783610628866334208,0,1783610628866365696,0,1783610628866452992,1783610628866451023,583,price_side,order_id,BTC-USDT,BUY,65000.73,0.001,6947440129078264390,,31488,87296,118784
journal,godzilla,5,1,2,1783610628866626304,0,1783610628866737920,0,1783610628866753792,1783610628866751966,584,price_side,order_id,BTC-USDT,SELL,65000.939999999995,0.001,6947440129078264391,,111616,15872,127488
journal,godzilla,5,1,2,1783610628866925312,0,1783610628867040768,0,1783610628867171840,1783610628867163101,585,price_side,order_id,BTC-USDT,BUY,65000.75,0.001,6947440129078264392,,115456,131072,246528
journal,godzilla,5,1,2,1783610628867226112,0,1783610628867309312,0,1783610628867413248,1783610628867411632,586,price_side,order_id,BTC-USDT,SELL,65000.96,0.001,6947440129078264393,,83200,103936,187136
journal,godzilla,5,1,2,1783610628867525888,0,1783610628867546880,0,1783610628867563520,1783610628867561246,587,price_side,order_id,BTC-USDT,BUY,65000.770000000004,0.001,6947440129078264394,,20992,16640,37632
journal,godzilla,5,1,2,1783610628867824896,0,1783610628867926272,0,1783610628867942912,1783610628867941172,588,price_side,order_id,BTC-USDT,SELL,65000.979999999996,0.001,6947440129078264395,,101376,16640,118016
journal,godzilla,5,1,2,1783610628868124928,0,1783610628868252416,0,1783610628868371712,1783610628868369406,589,price_side,order_id,BTC-USDT,BUY,65000.79,0.001,6947440129078264396,,127488,119296,246784
journal,godzilla,5,1,2,1783610628868424704,0,1783610628868499200,0,1783610628868587776,1783610628868586104,590,price_side,order_id,BTC-USDT,SELL,65001.0,0.001,6947440129078264397,,74496,88576,163072
journal,godzilla,5,1,2,1783610628868725760,0,1783610628868829696,0,1783610628868842496,1783610628868840905,591,price_side,order_id,BTC-USDT,BUY,65000.810000000005,0.001,6947440129078264398,,103936,12800,116736
journal,godzilla,5,1,2,1783610628869031936,0,1783610628869131008,0,1783610628869148672,1783610628869146751,592,price_side,order_id,BTC-USDT,SELL,65001.02,0.001,6947440129078264399,,99072,17664,116736
journal,godzilla,5,1,2,1783610628869325568,0,1783610628869426432,0,1783610628869440256,1783610628869438648,593,price_side,order_id,BTC-USDT,BUY,65000.83,0.001,6947440129078264400,,100864,13824,114688
journal,godzilla,5,1,2,1783610628869624832,0,1783610628869725952,0,1783610628869744896,1783610628869743112,594,price_side,order_id,BTC-USDT,SELL,65001.04,0.001,6947440129078264401,,101120,18944,120064
journal,godzilla,5,1,2,1783610628869924864,0,1783610628870032896,0,1783610628870051584,1783610628870041847,595,price_side,order_id,BTC-USDT,BUY,65000.85,0.001,6947440129078264402,,108032,18688,126720
journal,godzilla,5,1,2,1783610628870226176,0,1783610628870329088,0,1783610628870341632,1783610628870339884,596,price_side,order_id,BTC-USDT,SELL,65001.06,0.001,6947440129078264403,,102912,12544,115456
journal,godzilla,5,1,2,1783610628870524928,0,1783610628870625536,0,1783610628870642176,1783610628870640251,597,price_side,order_id,BTC-USDT,BUY,65000.87,0.001,6947440129078264404,,100608,16640,117248
journal,godzilla,5,1,2,1783610628870824704,0,1783610628870926080,0,1783610628870941696,1783610628870939920,598,price_side,order_id,BTC-USDT,SELL,65001.08,0.001,6947440129078264405,,101376,15616,116992
journal,godzilla,5,1,2,1783610628871124992,0,1783610628871234048,0,1783610628871269120,1783610628871260185,599,price_side,order_id,BTC-USDT,BUY,65000.89,0.001,6947440129078264406,,109056,35072,144128
journal,godzilla,5,1,2,1783610628871425792,0,1783610628871525632,0,1783610628871538432,1783610628871536917,600,price_side,order_id,BTC-USDT,SELL,65000.1,0.001,6947440129078264407,,99840,12800,112640
journal,godzilla,5,1,2,1783610628871725312,0,1783610628871829760,0,1783610628871844864,1783610628871842476,601,price_side,order_id,BTC-USDT,BUY,64999.91,0.001,6947440129078264408,,104448,15104,119552
journal,godzilla,5,1,2,1783610628872033024,0,1783610628872173056,0,1783610628872385024,1783610628872382140,602,price_side,order_id,BTC-USDT,SELL,65000.119999999995,0.001,6947440129078264409,,140032,211968,352000
journal,godzilla,5,1,2,1783610628872327680,0,1783610628872546304,0,1783610628872812288,1783610628872807546,603,price_side,order_id,BTC-USDT,BUY,64999.93,0.001,6947440129078264410,,218624,265984,484608
journal,godzilla,5,1,2,1783610628872629760,0,1783610628872679424,0,1783610628872847616,1783610628872843978,604,price_side,order_id,BTC-USDT,SELL,65000.14,0.001,6947440129078264411,,49664,168192,217856
journal,godzilla,5,1,2,1783610628872928512,0,1783610628873055232,0,1783610628873079552,1783610628873076905,605,price_side,order_id,BTC-USDT,BUY,64999.950000000004,0.001,6947440129078264412,,126720,24320,151040
journal,godzilla,5,1,2,1783610628873224960,0,1783610628873522944,0,1783610628873653760,1783610628873650984,606,price_side,order_id,BTC-USDT,SELL,65000.159999999996,0.001,6947440129078264413,,297984,130816,428800
journal,godzilla,5,1,2,1783610628873524480,0,1783610628873614592,0,1783610628873677056,1783610628873674555,607,price_side,order_id,BTC-USDT,BUY,64999.97,0.001,6947440129078264414,,90112,62464,152576
journal,godzilla,5,1,2,1783610628873826304,0,1783610628873906688,0,1783610628874126336,1783610628874101120,608,price_side,order_id,BTC-USDT,SELL,65000.18,0.001,6947440129078264415,,80384,219648,300032
journal,godzilla,5,1,2,1783610628874131968,0,1783610628874302208,0,1783610628874449920,1783610628874445916,609,price_side,order_id,BTC-USDT,BUY,64999.99,0.001,6947440129078264416,,170240,147712,317952
journal,godzilla,5,1,2,1783610628874427136,0,1783610628874528000,0,1783610628874545408,1783610628874542881,610,price_side,order_id,BTC-USDT,SELL,65000.2,0.001,6947440129078264417,,100864,17408,118272
journal,godzilla,5,1,2,1783610628874813440,0,1783610628874937600,0,1783610628874952448,1783610628874949496,611,price_side,order_id,BTC-USDT,BUY,65000.01,0.001,6947440129078264418,,124160,14848,139008
journal,godzilla,5,1,2,1783610628875028224,0,1783610628875076352,0,1783610628875130368,1783610628875128308,612,price_side,order_id,BTC-USDT,SELL,65000.22,0.001,6947440129078264419,,48128,54016,102144
journal,godzilla,5,1,2,1783610628875325952,0,1783610628875440128,0,1783610628875456512,1783610628875454542,613,price_side,order_id,BTC-USDT,BUY,65000.03,0.001,6947440129078264420,,114176,16384,130560
journal,godzilla,5,1,2,1783610628875625472,0,1783610628875732224,0,1783610628875750144,1783610628875748013,614,price_side,order_id,BTC-USDT,SELL,65000.24,0.001,6947440129078264421,,106752,17920,124672
journal,godzilla,5,1,2,1783610628875925248,0,1783610628876039168,0,1783610628876048384,1783610628876046604,615,price_side,order_id,BTC-USDT,BUY,65000.05,0.001,6947440129078264422,,113920,9216,123136
journal,godzilla,5,1,2,1783610628876228352,0,1783610628876272640,0,1783610628876347392,1783610628876345295,616,price_side,order_id,BTC-USDT,SELL,65000.26,0.001,6947440129078264423,,44288,74752,119040
journal,godzilla,5,1,2,1783610628876525056,0,1783610628876640512,0,1783610628876774912,1783610628876772470,617,price_side,order_id,BTC-USDT,BUY,65000.07,0.001,6947440129078264424,,115456,134400,249856
journal,godzilla,5,1,2,1783610628876824832,0,1783610628876890368,0,1783610628876903680,1783610628876901933,618,price_side,order_id,BTC-USDT,SELL,65000.28,0.001,6947440129078264425,,65536,13312,78848
journal,godzilla,5,1,2,1783610628877124864,0,1783610628877219328,0,1783610628877243648,1783610628877241757,619,price_side,order_id,BTC-USDT,BUY,65000.090000000004,0.001,6947440129078264426,,94464,24320,118784
journal,godzilla,5,1,2,1783610628877424896,0,1783610628877636864,0,1783610628877775616,1783610628877772902,620,price_side,order_id,BTC-USDT,SELL,65000.299999999996,0.001,6947440129078264427,,211968,138752,350720
journal,godzilla,5,1,2,1783610628877736192,0,1783610628877809152,0,1783610628877887488,1783610628877877052,621,price_side,order_id,BTC-USDT,BUY,65000.11,0.001,6947440129078264428,,72960,78336,151296
journal,godzilla,5,1,2,1783610628878028800,0,1783610628878194944,0,1783610628878266624,1783610628878260799,622,price_side,order_id,BTC-USDT,SELL,65000.32,0.001,6947440129078264429,,166144,71680,237824
journal,godzilla,5,1,2,1783610628878330368,0,1783610628878446848,0,1783610628878524672,1783610628878519650,623,price_side,order_id,BTC-USDT,BUY,65000.130000000005,0.001,6947440129078264430,,116480,77824,194304
journal,godzilla,5,1,2,1783610628878631424,0,1783610628878699008,0,1783610628878776576,1783610628878772491,624,price_side,order_id,BTC-USDT,SELL,65000.34,0.001,6947440129078264431,,67584,77568,145152
journal,godzilla,5,1,2,1783610628878928896,0,1783610628878953728,0,1783610628879083776,1783610628879079141,625,price_side,order_id,BTC-USDT,BUY,65000.15,0.001,6947440129078264432,,24832,130048,154880
journal,godzilla,5,1,2,1783610628879228928,0,1783610628879307520,0,1783610628879347968,1783610628879345662,626,price_side,order_id,BTC-USDT,SELL,65000.36,0.001,6947440129078264433,,78592,40448,119040
journal,godzilla,5,1,2,1783610628879525376,0,1783610628879631872,0,1783610628879645696,1783610628879643828,627,price_side,order_id,BTC-USDT,BUY,65000.17,0.001,6947440129078264434,,106496,13824,120320
journal,godzilla,5,1,2,1783610628879824896,0,1783610628879928320,0,1783610628879944960,1783610628879942937,628,price_side,order_id,BTC-USDT,SELL,65000.38,0.001,6947440129078264435,,103424,16640,120064
journal,godzilla,5,1,2,1783610628880125184,0,1783610628880327936,0,1783610628880467712,1783610628880464823,629,price_side,order_id,BTC-USDT,BUY,65000.19,0.001,6947440129078264436,,202752,139776,342528
journal,godzilla,5,1,2,1783610628880442112,0,1783610628880532736,0,1783610628880570624,1783610628880567802,630,price_side,order_id,BTC-USDT,SELL,65000.4,0.001,6947440129078264437,,90624,37888,128512
journal,godzilla,5,1,2,1783610628880726016,0,1783610628880833536,0,1783610628880847616,1783610628880845278,631,price_side,order_id,BTC-USDT,BUY,65000.21,0.001,6947440129078264438,,107520,14080,121600
journal,godzilla,5,1,2,1783610628881025280,0,1783610628881127936,0,1783610628881144320,1783610628881142455,632,price_side,order_id,BTC-USDT,SELL,65000.42,0.001,6947440129078264439,,102656,16384,119040
journal,godzilla,5,1,2,1783610628881324800,0,1783610628881428224,0,1783610628881444608,1783610628881442706,633,price_side,order_id,BTC-USDT,BUY,65000.23,0.001,6947440129078264440,,103424,16384,119808
journal,godzilla,5,1,2,1783610628881624832,0,1783610628881729280,0,1783610628881746688,1783610628881744971,634,price_side,order_id,BTC-USDT,SELL,65000.439999999995,0.001,6947440129078264441,,104448,17408,121856
journal,godzilla,5,1,2,1783610628881924864,0,1783610628882039040,0,1783610628882164736,1783610628882151705,635,price_side,order_id,BTC-USDT,BUY,65000.25,0.001,6947440129078264442,,114176,125696,239872
journal,godzilla,5,1,2,1783610628882225152,0,1783610628882307328,0,1783610628882371072,1783610628882369151,636,price_side,order_id,BTC-USDT,SELL,65000.46,0.001,6947440129078264443,,82176,63744,145920
journal,godzilla,5,1,2,1783610628882525440,0,1783610628882628864,0,1783610628882641920,1783610628882640224,637,price_side,order_id,BTC-USDT,BUY,65000.270000000004,0.001,6947440129078264444,,103424,13056,116480
journal,godzilla,5,1,2,1783610628882825216,0,1783610628882928640,0,1783610628882946816,1783610628882944692,638,price_side,order_id,BTC-USDT,SELL,65000.479999999996,0.001,6947440129078264445,,103424,18176,121600
journal,godzilla,5,1,2,1783610628883126016,0,1783610628883256832,0,1783610628883387136,1783610628883384608,639,price_side,order_id,BTC-USDT,BUY,65000.29,0.001,6947440129078264446,,130816,130304,261120
journal,godzilla,5,1,2,1783610628883433984,0,1783610628883502848,0,1783610628883610368,1783610628883608424,640,price_side,order_id,BTC-USDT,SELL,65000.5,0.001,6947440129078264447,,68864,107520,176384
journal,godzilla,5,1,2,1783610628883725824,0,1783610628883833600,0,1783610628883848704,1783610628883846852,641,price_side,order_id,BTC-USDT,BUY,65000.310000000005,0.001,6947440129078264448,,107776,15104,122880
journal,godzilla,5,1,2,1783610628884025088,0,1783610628884126464,0,1783610628884142592,1783610628884140633,642,price_side,order_id,BTC-USDT,SELL,65000.52,0.001,6947440129078264449,,101376,16128,117504
journal,godzilla,5,1,2,1783610628884324864,0,1783610628884427520,0,1783610628884442880,1783610628884441041,643,price_side,order_id,BTC-USDT,BUY,65000.33,0.001,6947440129078264450,,102656,15360,118016
journal,godzilla,5,1,2,1783610628884624640,0,1783610628884719872,0,1783610628884736256,1783610628884734569,644,price_side,order_id,BTC-USDT,SELL,65000.54,0.001,6947440129078264451,,95232,16384,111616
journal,godzilla,5,1,2,1783610628884924672,0,1783610628885024768,0,1783610628885140992,1783610628885139042,645,price_side,order_id,BTC-USDT,BUY,65000.35,0.001,6947440129078264452,,100096,116224,216320
journal,godzilla,5,1,2,1783610628885225728,0,1783610628885256448,0,1783610628885354496,1783610628885352674,646,price_side,order_id,BTC-USDT,SELL,65000.56,0.001,6947440129078264453,,30720,98048,128768
journal,godzilla,5,1,2,1783610628885524992,0,1783610628885628416,0,1783610628885643776,1783610628885641872,647,price_side,order_id,BTC-USDT,BUY,65000.37,0.001,6947440129078264454,,103424,15360,118784
journal,godzilla,5,1,2,1783610628885824768,0,1783610628885926144,0,1783610628885949184,1783610628885939521,648,price_side,order_id,BTC-USDT,SELL,65000.58,0.001,6947440129078264455,,101376,23040,124416
journal,godzilla,5,1,2,1783610628886126336,0,1783610628886224896,0,1783610628886238976,1783610628886237153,649,price_side,order_id,BTC-USDT,BUY,65000.39,0.001,6947440129078264456,,98560,14080,112640
journal,godzilla,5,1,2,1783610628886431744,0,1783610628886533888,0,1783610628886550016,1783610628886548256,650,price_side,order_id,BTC-USDT,SELL,65000.6,0.001,6947440129078264457,,102144,16128,118272
journal,godzilla,5,1,2,1783610628886724864,0,1783610628886826496,0,1783610628886843392,1783610628886841616,651,price_side,order_id,BTC-USDT,BUY,65000.41,0.001,6947440129078264458,,101632,16896,118528
journal,godzilla,5,1,2,1783610628887024896,0,1783610628887126528,0,1783610628887143680,1783610628887141789,652,price_side,order_id,BTC-USDT,SELL,65000.619999999995,0.001,6947440129078264459,,101632,17152,118784
journal,godzilla,5,1,2,1783610628887324672,0,1783610628887428864,0,1783610628887444480,1783610628887442544,653,price_side,order_id,BTC-USDT,BUY,65000.43,0.001,6947440129078264460,,104192,15616,119808
journal,godzilla,5,1,2,1783610628887624704,0,1783610628887725568,0,1783610628887741696,1783610628887739863,654,price_side,order_id,BTC-USDT,SELL,65000.64,0.001,6947440129078264461,,100864,16128,116992
journal,godzilla,5,1,2,1783610628887924736,0,1783610628888036352,0,1783610628888044544,1783610628888042882,655,price_side,order_id,BTC-USDT,BUY,65000.450000000004,0.001,6947440129078264462,,111616,8192,119808
journal,godzilla,5,1,2,1783610628888224768,0,1783610628888325376,0,1783610628888341760,1783610628888339897,656,price_side,order_id,BTC-USDT,SELL,65000.659999999996,0.001,6947440129078264463,,100608,16384,116992
journal,godzilla,5,1,2,1783610628888524800,0,1783610628888626432,0,1783610628888643328,1783610628888640691,657,price_side,order_id,BTC-USDT,BUY,65000.47,0.001,6947440129078264464,,101632,16896,118528
journal,godzilla,5,1,2,1783610628888824832,0,1783610628888926976,0,1783610628888942080,1783610628888940191,658,price_side,order_id,BTC-USDT,SELL,65000.68,0.001,6947440129078264465,,102144,15104,117248
journal,godzilla,5,1,2,1783610628889131520,0,1783610628889247744,0,1783610628889360128,1783610628889357982,659,price_side,order_id,BTC-USDT,BUY,65000.49,0.001,6947440129078264466,,116224,112384,228608
journal,godzilla,5,1,2,1783610628889426176,0,1783610628889765376,0,1783610628889861376,1783610628889859605,660,price_side,order_id,BTC-USDT,SELL,65000.7,0.001,6947440129078264467,,339200,96000,435200
journal,godzilla,5,1,2,1783610628889724672,0,1783610628889853184,0,1783610628889886208,1783610628889876437,661,price_side,order_id,BTC-USDT,BUY,65000.51,0.001,6947440129078264468,,128512,33024,161536
journal,godzilla,5,1,2,1783610628890076160,0,1783610628890239232,0,1783610628890391040,1783610628890385417,662,price_side,order_id,BTC-USDT,SELL,65000.72,0.001,6947440129078264469,,163072,151808,314880
journal,godzilla,5,1,2,1783610628890328576,0,1783610628890445568,0,1783610628890476544,1783610628890474887,663,price_side,order_id,BTC-USDT,BUY,65000.53,0.001,6947440129078264470,,116992,30976,147968
journal,godzilla,5,1,2,1783610628890627328,0,1783610628890680576,0,1783610628890696448,1783610628890693520,664,price_side,order_id,BTC-USDT,SELL,65000.74,0.001,6947440129078264471,,53248,15872,69120
journal,godzilla,5,1,2,1783610628890925056,0,1783610628891039488,0,1783610628891052544,1783610628891049695,665,price_side,order_id,BTC-USDT,BUY,65000.55,0.001,6947440129078264472,,114432,13056,127488
journal,godzilla,5,1,2,1783610628891224832,0,1783610628891318016,0,1783610628891339520,1783610628891337461,666,price_side,order_id,BTC-USDT,SELL,65000.76,0.001,6947440129078264473,,93184,21504,114688
journal,godzilla,5,1,2,1783610628891525120,0,1783610628891619328,0,1783610628891638016,1783610628891636311,667,price_side,order_id,BTC-USDT,BUY,65000.57,0.001,6947440129078264474,,94208,18688,112896
journal,godzilla,5,1,2,1783610628891824896,0,1783610628891921408,0,1783610628891938304,1783610628891936579,668,price_side,order_id,BTC-USDT,SELL,65000.78,0.001,6947440129078264475,,96512,16896,113408
journal,godzilla,5,1,2,1783610628892137216,0,1783610628892235776,0,1783610628892258560,1783610628892256532,669,price_side,order_id,BTC-USDT,BUY,65000.590000000004,0.001,6947440129078264476,,98560,22784,121344
journal,godzilla,5,1,2,1783610628892425728,0,1783610628892523520,0,1783610628892541696,1783610628892539874,670,price_side,order_id,BTC-USDT,SELL,65000.799999999996,0.001,6947440129078264477,,97792,18176,115968
journal,godzilla,5,1,2,1783610628892724736,0,1783610628892820736,0,1783610628892841984,1783610628892840173,671,price_side,order_id,BTC-USDT,BUY,65000.61,0.001,6947440129078264478,,96000,21248,117248
journal,godzilla,5,1,2,1783610628893025792,0,1783610628893131520,0,1783610628893143808,1783610628893141947,672,price_side,order_id,BTC-USDT,SELL,65000.82,0.001,6947440129078264479,,105728,12288,118016
journal,godzilla,5,1,2,1783610628893324800,0,1783610628893420800,0,1783610628893442304,1783610628893440408,673,price_side,order_id,BTC-USDT,BUY,65000.630000000005,0.001,6947440129078264480,,96000,21504,117504
journal,godzilla,5,1,2,1783610628893625088,0,1783610628893720576,0,1783610628893751296,1783610628893739773,674,price_side,order_id,BTC-USDT,SELL,65000.84,0.001,6947440129078264481,,95488,30720,126208
journal,godzilla,5,1,2,1783610628893926656,0,1783610628894035456,0,1783610628894052608,1783610628894050174,675,price_side,order_id,BTC-USDT,BUY,65000.65,0.001,6947440129078264482,,108800,17152,125952
journal,godzilla,5,1,2,1783610628894226176,0,1783610628894327040,0,1783610628894341888,1783610628894340193,676,price_side,order_id,BTC-USDT,SELL,65000.86,0.001,6947440129078264483,,100864,14848,115712
journal,godzilla,5,1,2,1783610628894524928,0,1783610628894622208,0,1783610628894643712,1783610628894641880,677,price_side,order_id,BTC-USDT,BUY,65000.67,0.001,6947440129078264484,,97280,21504,118784
journal,godzilla,5,1,2,1783610628894832896,0,1783610628894929664,0,1783610628894950912,1783610628894949040,678,price_side,order_id,BTC-USDT,SELL,65000.88,0.001,6947440129078264485,,96768,21248,118016
journal,godzilla,5,1,2,1783610628895126016,0,1783610628895226624,0,1783610628895246080,1783610628895244272,679,price_side,order_id,BTC-USDT,BUY,65000.69,0.001,6947440129078264486,,100608,19456,120064
journal,godzilla,5,1,2,1783610628895426304,0,1783610628895521024,0,1783610628895538432,1783610628895536685,680,price_side,order_id,BTC-USDT,SELL,65000.9,0.001,6947440129078264487,,94720,17408,112128
journal,godzilla,5,1,2,1783610628895724800,0,1783610628895820288,0,1783610628895842048,1783610628895840184,681,price_side,order_id,BTC-USDT,BUY,65000.71,0.001,6947440129078264488,,95488,21760,117248
journal,godzilla,5,1,2,1783610628896026112,0,1783610628896280576,0,1783610628896410624,1783610628896408890,682,price_side,order_id,BTC-USDT,SELL,65000.92,0.001,6947440129078264489,,254464,130048,384512
journal,godzilla,5,1,2,1783610628896324352,0,1783610628896399616,0,1783610628896431360,1783610628896429902,683,price_side,order_id,BTC-USDT,BUY,65000.73,0.001,6947440129078264490,,75264,31744,107008
journal,godzilla,5,1,2,1783610628896626176,0,1783610628896680704,0,1783610628896740352,1783610628896738225,684,price_side,order_id,BTC-USDT,SELL,65000.939999999995,0.001,6947440129078264491,,54528,59648,114176
journal,godzilla,5,1,2,1783610628896924928,0,1783610628897103872,0,1783610628897244160,1783610628897241490,685,price_side,order_id,BTC-USDT,BUY,65000.75,0.001,6947440129078264492,,178944,140288,319232
journal,godzilla,5,1,2,1783610628897225984,0,1783610628897435136,0,1783610628897576192,1783610628897573386,686,price_side,order_id,BTC-USDT,SELL,65000.96,0.001,6947440129078264493,,209152,141056,350208
journal,godzilla,5,1,2,1783610628897526016,0,1783610628897564672,0,1783610628897610240,1783610628897598571,687,price_side,order_id,BTC-USDT,BUY,65000.770000000004,0.001,6947440129078264494,,38656,45568,84224
journal,godzilla,5,1,2,1783610628897832960,0,1783610628898034688,0,1783610628898171136,1783610628898167700,688,price_side,order_id,BTC-USDT,SELL,65000.979999999996,0.001,6947440129078264495,,201728,136448,338176
journal,godzilla,5,1,2,1783610628898125824,0,1783610628898161408,0,1783610628898194176,1783610628898191678,689,price_side,order_id,BTC-USDT,BUY,65000.79,0.001,6947440129078264496,,35584,32768,68352
journal,godzilla,5,1,2,1783610628898426368,0,1783610628898704128,0,1783610628898823424,1783610628898820748,690,price_side,order_id,BTC-USDT,SELL,65001.0,0.001,6947440129078264497,,277760,119296,397056
journal,godzilla,5,1,2,1783610628898724352,0,1783610628898790144,0,1783610628898860288,1783610628898858076,691,price_side,order_id,BTC-USDT,BUY,65000.810000000005,0.001,6947440129078264498,,65792,70144,135936
journal,godzilla,5,1,2,1783610628899025664,0,1783610628899062016,0,1783610628899076096,1783610628899073535,692,price_side,order_id,BTC-USDT,SELL,65001.02,0.001,6947440129078264499,,36352,14080,50432
journal,godzilla,5,1,2,1783610628899324928,0,1783610628899430656,0,1783610628899446528,1783610628899444760,693,price_side,order_id,BTC-USDT,BUY,65000.83,0.001,6947440129078264500,,105728,15872,121600
journal,godzilla,5,1,2,1783610628899624960,0,1783610628899729920,0,1783610628899745536,1783610628899743537,694,price_side,order_id,BTC-USDT,SELL,65001.04,0.001,6947440129078264501,,104960,15616,120576
journal,godzilla,5,1,2,1783610628899925248,0,1783610628900026880,0,1783610628900044544,1783610628900042768,695,price_side,order_id,BTC-USDT,BUY,65000.85,0.001,6947440129078264502,,101632,17664,119296
journal,godzilla,5,1,2,1783610628900226048,0,1783610628900327168,0,1783610628900340224,1783610628900338723,696,price_side,order_id,BTC-USDT,SELL,65001.06,0.001,6947440129078264503,,101120,13056,114176
journal,godzilla,5,1,2,1783610628900531968,0,1783610628900636928,0,1783610628900653824,1783610628900651918,697,price_side,order_id,BTC-USDT,BUY,65000.87,0.001,6947440129078264504,,104960,16896,121856
journal,godzilla,5,1,2,1783610628900825600,0,1783610628900923392,0,1783610628900937984,1783610628900936385,698,price_side,order_id,BTC-USDT,SELL,65001.08,0.001,6947440129078264505,,97792,14592,112384
journal,godzilla,5,1,2,1783610628901125120,0,1783610628901225984,0,1783610628901242880,1783610628901241014,699,price_side,order_id,BTC-USDT,BUY,65000.89,0.001,6947440129078264506,,100864,16896,117760
journal,godzilla,5,1,2,1783610628901424896,0,1783610628901526784,0,1783610628901543168,1783610628901541231,700,price_side,order_id,BTC-USDT,SELL,65000.1,0.001,6947440129078264507,,101888,16384,118272
journal,godzilla,5,1,2,1783610628901724928,0,1783610628901822720,0,1783610628901848064,1783610628901838942,701,price_side,order_id,BTC-USDT,BUY,64999.91,0.001,6947440129078264508,,97792,25344,123136
journal,godzilla,5,1,2,1783610628902025984,0,1783610628902127872,0,1783610628902139904,1783610628902138092,702,price_side,order_id,BTC-USDT,SELL,65000.119999999995,0.001,6947440129078264509,,101888,12032,113920
journal,godzilla,5,1,2,1783610628902324992,0,1783610628902427392,0,1783610628902444288,1783610628902442557,703,price_side,order_id,BTC-USDT,BUY,64999.93,0.001,6947440129078264510,,102400,16896,119296
journal,godzilla,5,1,2,1783610628902624768,0,1783610628902726400,0,1783610628902743296,1783610628902741436,704,price_side,order_id,BTC-USDT,SELL,65000.14,0.001,6947440129078264511,,101632,16896,118528
journal,godzilla,5,1,2,1783610628902924800,0,1783610628903034880,0,1783610628903045632,1783610628903044040,705,price_side,order_id,BTC-USDT,BUY,64999.950000000004,0.001,6947440129078264512,,110080,10752,120832
journal,godzilla,5,1,2,1783610628903224832,0,1783610628903344128,0,1783610628903463680,1783610628903460600,706,price_side,order_id,BTC-USDT,SELL,65000.159999999996,0.001,6947440129078264513,,119296,119552,238848
journal,godzilla,5,1,2,1783610628903533568,0,1783610628903572224,0,1783610628903585280,1783610628903582667,707,price_side,order_id,BTC-USDT,BUY,64999.97,0.001,6947440129078264514,,38656,13056,51712
journal,godzilla,5,1,2,1783610628903828224,0,1783610628903886080,0,1783610628903951104,1783610628903948600,708,price_side,order_id,BTC-USDT,SELL,65000.18,0.001,6947440129078264515,,57856,65024,122880
journal,godzilla,5,1,2,1783610628904125696,0,1783610628904229376,0,1783610628904243456,1783610628904241641,709,price_side,order_id,BTC-USDT,BUY,64999.99,0.001,6947440129078264516,,103680,14080,117760
journal,godzilla,5,1,2,1783610628904424960,0,1783610628904687360,0,1783610628904814848,1783610628904812965,710,price_side,order_id,BTC-USDT,SELL,65000.2,0.001,6947440129078264517,,262400,127488,389888
journal,godzilla,5,1,2,1783610628904724480,0,1783610628904761088,0,1783610628904829696,1783610628904828472,711,price_side,order_id,BTC-USDT,BUY,65000.01,0.001,6947440129078264518,,36608,68608,105216
journal,godzilla,5,1,2,1783610628905028096,0,1783610628905232896,0,1783610628905374208,1783610628905371363,712,price_side,order_id,BTC-USDT,SELL,65000.22,0.001,6947440129078264519,,204800,141312,346112
journal,godzilla,5,1,2,1783610628905325056,0,1783610628905626112,0,1783610628905732352,1783610628905729641,713,price_side,order_id,BTC-USDT,BUY,65000.03,0.001,6947440129078264520,,301056,106240,407296
journal,godzilla,5,1,2,1783610628905624832,0,1783610628905750016,0,1783610628905783040,1783610628905767810,714,price_side,order_id,BTC-USDT,SELL,65000.24,0.001,6947440129078264521,,125184,33024,158208
journal,godzilla,5,1,2,1783610628905926144,0,1783610628906092544,0,1783610628906232576,1783610628906228885,715,price_side,order_id,BTC-USDT,BUY,65000.05,0.001,6947440129078264522,,166400,140032,306432
journal,godzilla,5,1,2,1783610628906249216,0,1783610628906349312,0,1783610628906380544,1783610628906378636,716,price_side,order_id,BTC-USDT,SELL,65000.26,0.001,6947440129078264523,,100096,31232,131328
journal,godzilla,5,1,2,1783610628906525696,0,1783610628906763520,0,1783610628906963200,1783610628906959553,717,price_side,order_id,BTC-USDT,BUY,65000.07,0.001,6947440129078264524,,237824,199680,437504
journal,godzilla,5,1,2,1783610628906825472,0,1783610628906939904,0,1783610628906994176,1783610628906992469,718,price_side,order_id,BTC-USDT,SELL,65000.28,0.001,6947440129078264525,,114432,54272,168704
journal,godzilla,5,1,2,1783610628907127040,0,1783610628907169536,0,1783610628907214592,1783610628907212289,719,price_side,order_id,BTC-USDT,BUY,65000.090000000004,0.001,6947440129078264526,,42496,45056,87552
journal,godzilla,5,1,2,1783610628907425792,0,1783610628907546880,0,1783610628907670784,1783610628907668948,720,price_side,order_id,BTC-USDT,SELL,65000.299999999996,0.001,6947440129078264527,,121088,123904,244992
journal,godzilla,5,1,2,1783610628907724800,0,1783610628907821824,0,1783610628907895552,1783610628907894009,721,price_side,order_id,BTC-USDT,BUY,65000.11,0.001,6947440129078264528,,97024,73728,170752
journal,godzilla,5,1,2,1783610628908026112,0,1783610628908143104,0,1783610628908271360,1783610628908269382,722,price_side,order_id,BTC-USDT,SELL,65000.32,0.001,6947440129078264529,,116992,128256,245248
journal,godzilla,5,1,2,1783610628908324864,0,1783610628908414464,0,1783610628908481024,1783610628908479299,723,price_side,order_id,BTC-USDT,BUY,65000.130000000005,0.001,6947440129078264530,,89600,66560,156160
journal,godzilla,5,1,2,1783610628908625920,0,1783610628908720896,0,1783610628908738816,1783610628908737257,724,price_side,order_id,BTC-USDT,SELL,65000.34,0.001,6947440129078264531,,94976,17920,112896
journal,godzilla,5,1,2,1783610628908924672,0,1783610628909029888,0,1783610628909045248,1783610628909043502,725,price_side,order_id,BTC-USDT,BUY,65000.15,0.001,6947440129078264532,,105216,15360,120576
journal,godzilla,5,1,2,1783610628909240064,0,1783610628909336832,0,1783610628909358336,1783610628909356109,726,price_side,order_id,BTC-USDT,SELL,65000.36,0.001,6947440129078264533,,96768,21504,118272
journal,godzilla,5,1,2,1783610628909525760,0,1783610628909622528,0,1783610628909649408,1783610628909638069,727,price_side,order_id,BTC-USDT,BUY,65000.17,0.001,6947440129078264534,,96768,26880,123648
journal,godzilla,5,1,2,1783610628909826304,0,1783610628909921536,0,1783610628909939712,1783610628909938186,728,price_side,order_id,BTC-USDT,SELL,65000.38,0.001,6947440129078264535,,95232,18176,113408
journal,godzilla,5,1,2,1783610628910125312,0,1783610628910222080,0,1783610628910241536,1783610628910239628,729,price_side,order_id,BTC-USDT,BUY,65000.19,0.001,6947440129078264536,,96768,19456,116224
journal,godzilla,5,1,2,1783610628910424576,0,1783610628910544896,0,1783610628910662912,1783610628910660849,730,price_side,order_id,BTC-USDT,SELL,65000.4,0.001,6947440129078264537,,120320,118016,238336
journal,godzilla,5,1,2,1783610628910725120,0,1783610628910773248,0,1783610628910895360,1783610628910892842,731,price_side,order_id,BTC-USDT,BUY,65000.21,0.001,6947440129078264538,,48128,122112,170240
journal,godzilla,5,1,2,1783610628911024896,0,1783610628911123968,0,1783610628911143936,1783610628911141978,732,price_side,order_id,BTC-USDT,SELL,65000.42,0.001,6947440129078264539,,99072,19968,119040
journal,godzilla,5,1,2,1783610628911325696,0,1783610628911421184,0,1783610628911439104,1783610628911437464,733,price_side,order_id,BTC-USDT,BUY,65000.23,0.001,6947440129078264540,,95488,17920,113408
journal,godzilla,5,1,2,1783610628911624704,0,1783610628911718656,0,1783610628911736832,1783610628911735072,734,price_side,order_id,BTC-USDT,SELL,65000.439999999995,0.001,6947440129078264541,,93952,18176,112128
journal,godzilla,5,1,2,1783610628911932672,0,1783610628912032512,0,1783610628912054272,1783610628912052091,735,price_side,order_id,BTC-USDT,BUY,65000.25,0.001,6947440129078264542,,99840,21760,121600
journal,godzilla,5,1,2,1783610628912226048,0,1783610628912323072,0,1783610628912340992,1783610628912339450,736,price_side,order_id,BTC-USDT,SELL,65000.46,0.001,6947440129078264543,,97024,17920,114944
journal,godzilla,5,1,2,1783610628912524800,0,1783610628912619520,0,1783610628912641536,1783610628912639766,737,price_side,order_id,BTC-USDT,BUY,65000.270000000004,0.001,6947440129078264544,,94720,22016,116736
journal,godzilla,5,1,2,1783610628912825088,0,1783610628912920064,0,1783610628912939008,1783610628912937293,738,price_side,order_id,BTC-USDT,SELL,65000.479999999996,0.001,6947440129078264545,,94976,18944,113920
journal,godzilla,5,1,2,1783610628913125888,0,1783610628913222144,0,1783610628913240064,1783610628913238469,739,price_side,order_id,BTC-USDT,BUY,65000.29,0.001,6947440129078264546,,96256,17920,114176
journal,godzilla,5,1,2,1783610628913424896,0,1783610628913515776,0,1783610628913544448,1783610628913535445,740,price_side,order_id,BTC-USDT,SELL,65000.5,0.001,6947440129078264547,,90880,28672,119552
journal,godzilla,5,1,2,1783610628913724928,0,1783610628913819136,0,1783610628913838080,1783610628913836337,741,price_side,order_id,BTC-USDT,BUY,65000.310000000005,0.001,6947440129078264548,,94208,18944,113152
journal,godzilla,5,1,2,1783610628914026240,0,1783610628914124288,0,1783610628914142720,1783610628914140938,742,price_side,order_id,BTC-USDT,SELL,65000.52,0.001,6947440129078264549,,98048,18432,116480
journal,godzilla,5,1,2,1783610628914324736,0,1783610628914420224,0,1783610628914440704,1783610628914439012,743,price_side,order_id,BTC-USDT,BUY,65000.33,0.001,6947440129078264550,,95488,20480,115968
journal,godzilla,5,1,2,1783610628914624768,0,1783610628914720512,0,1783610628914741504,1783610628914739703,744,price_side,order_id,BTC-USDT,SELL,65000.54,0.001,6947440129078264551,,95744,20992,116736
journal,godzilla,5,1,2,1783610628914931456,0,1783610628915038208,0,1783610628915053824,1783610628915051655,745,price_side,order_id,BTC-USDT,BUY,65000.35,0.001,6947440129078264552,,106752,15616,122368
journal,godzilla,5,1,2,1783610628915225088,0,1783610628915322880,0,1783610628915343616,1783610628915341770,746,price_side,order_id,BTC-USDT,SELL,65000.56,0.001,6947440129078264553,,97792,20736,118528
journal,godzilla,5,1,2,1783610628915525888,0,1783610628915618816,0,1783610628915636992,1783610628915635377,747,price_side,order_id,BTC-USDT,BUY,65000.37,0.001,6947440129078264554,,92928,18176,111104
journal,godzilla,5,1,2,1783610628915824896,0,1783610628915921408,0,1783610628915942144,1783610628915940323,748,price_side,order_id,BTC-USDT,SELL,65000.58,0.001,6947440129078264555,,96512,20736,117248
journal,godzilla,5,1,2,1783610628916126208,0,1783610628916228352,0,1783610628916242176,1783610628916240208,749,price_side,order_id,BTC-USDT,BUY,65000.39,0.001,6947440129078264556,,102144,13824,115968
journal,godzilla,5,1,2,1783610628916425472,0,1783610628916505344,0,1783610628916545792,1783610628916543849,750,price_side,order_id,BTC-USDT,SELL,65000.6,0.001,6947440129078264557,,79872,40448,120320
journal,godzilla,5,1,2,1783610628916724736,0,1783610628916820736,0,1783610628916840704,1783610628916839059,751,price_side,order_id,BTC-USDT,BUY,65000.41,0.001,6947440129078264558,,96000,19968,115968
journal,godzilla,5,1,2,1783610628917025792,0,1783610628917123072,0,1783610628917142784,1783610628917140713,752,price_side,order_id,BTC-USDT,SELL,65000.619999999995,0.001,6947440129078264559,,97280,19712,116992
journal,godzilla,5,1,2,1783610628917324800,0,1783610628917504000,0,1783610628917636608,1783610628917624104,753,price_side,order_id,BTC-USDT,BUY,65000.43,0.001,6947440129078264560,,179200,132608,311808
journal,godzilla,5,1,2,1783610628917625344,0,1783610628917705728,0,1783610628917752320,1783610628917749751,754,price_side,order_id,BTC-USDT,SELL,65000.64,0.001,6947440129078264561,,80384,46592,126976
journal,godzilla,5,1,2,1783610628917936384,0,1783610628918044672,0,1783610628918062080,1783610628918060036,755,price_side,order_id,BTC-USDT,BUY,65000.450000000004,0.001,6947440129078264562,,108288,17408,125696
journal,godzilla,5,1,2,1783610628918226176,0,1783610628918323200,0,1783610628918341120,1783610628918339308,756,price_side,order_id,BTC-USDT,SELL,65000.659999999996,0.001,6947440129078264563,,97024,17920,114944
journal,godzilla,5,1,2,1783610628918525440,0,1783610628918627840,0,1783610628918649856,1783610628918647879,757,price_side,order_id,BTC-USDT,BUY,65000.47,0.001,6947440129078264564,,102400,22016,124416
journal,godzilla,5,1,2,1783610628918826240,0,1783610628918930432,0,1783610628918948096,1783610628918946317,758,price_side,order_id,BTC-USDT,SELL,65000.68,0.001,6947440129078264565,,104192,17664,121856
journal,godzilla,5,1,2,1783610628919125248,0,1783610628919230976,0,1783610628919253504,1783610628919251530,759,price_side,order_id,BTC-USDT,BUY,65000.49,0.001,6947440129078264566,,105728,22528,128256
journal,godzilla,5,1,2,1783610628919427840,0,1783610628919524352,0,1783610628919542784,1783610628919541043,760,price_side,order_id,BTC-USDT,SELL,65000.7,0.001,6947440129078264567,,96512,18432,114944
journal,godzilla,5,1,2,1783610628919724800,0,1783610628919820544,0,1783610628919842304,1783610628919840386,761,price_side,order_id,BTC-USDT,BUY,65000.51,0.001,6947440129078264568,,95744,21760,117504
journal,godzilla,5,1,2,1783610628920024832,0,1783610628920122368,0,1783610628920140544,1783610628920138767,762,price_side,order_id,BTC-USDT,SELL,65000.72,0.001,6947440129078264569,,97536,18176,115712
journal,godzilla,5,1,2,1783610628920324864,0,1783610628920420352,0,1783610628920437248,1783610628920435685,763,price_side,order_id,BTC-USDT,BUY,65000.53,0.001,6947440129078264570,,95488,16896,112384
journal,godzilla,5,1,2,1783610628920632320,0,1783610628920729856,0,1783610628920751104,1783610628920749004,764,price_side,order_id,BTC-USDT,SELL,65000.74,0.001,6947440129078264571,,97536,21248,118784
journal,godzilla,5,1,2,1783610628920924928,0,1783610628921026304,0,1783610628921047552,1783610628921045525,765,price_side,order_id,BTC-USDT,BUY,65000.55,0.001,6947440129078264572,,101376,21248,122624
journal,godzilla,5,1,2,1783610628921225728,0,1783610628921321728,0,1783610628921339904,1783610628921338375,766,price_side,order_id,BTC-USDT,SELL,65000.76,0.001,6947440129078264573,,96000,18176,114176
journal,godzilla,5,1,2,1783610628921524736,0,1783610628921621504,0,1783610628921648128,1783610628921639710,767,price_side,order_id,BTC-USDT,BUY,65000.57,0.001,6947440129078264574,,96768,26624,123392
journal,godzilla,5,1,2,1783610628921826560,0,1783610628921923584,0,1783610628921942272,1783610628921940705,768,price_side,order_id,BTC-USDT,SELL,65000.78,0.001,6947440129078264575,,97024,18688,115712
journal,godzilla,5,1,2,1783610628922126080,0,1783610628922217984,0,1783610628922235904,1783610628922234344,769,price_side,order_id,BTC-USDT,BUY,65000.590000000004,0.001,6947440129078264576,,91904,17920,109824
journal,godzilla,5,1,2,1783610628922424832,0,1783610628922516480,0,1783610628922537216,1783610628922535389,770,price_side,order_id,BTC-USDT,SELL,65000.799999999996,0.001,6947440129078264577,,91648,20736,112384
journal,godzilla,5,1,2,1783610628922724864,0,1783610628922820608,0,1783610628922841600,1783610628922839730,771,price_side,order_id,BTC-USDT,BUY,65000.61,0.001,6947440129078264578,,95744,20992,116736
journal,godzilla,5,1,2,1783610628923025664,0,1783610628923122176,0,1783610628923142656,1783610628923140753,772,price_side,order_id,BTC-USDT,SELL,65000.82,0.001,6947440129078264579,,96512,20480,116992
journal,godzilla,5,1,2,1783610628923324672,0,1783610628923416576,0,1783610628923434496,1783610628923432911,773,price_side,order_id,BTC-USDT,BUY,65000.630000000005,0.001,6947440129078264580,,91904,17920,109824
journal,godzilla,5,1,2,1783610628923631104,0,1783610628923726592,0,1783610628923747584,1783610628923745592,774,price_side,order_id,BTC-USDT,SELL,65000.84,0.001,6947440129078264581,,95488,20992,116480
journal,godzilla,5,1,2,1783610628923925504,0,1783610628924034048,0,1783610628924047104,1783610628924045278,775,price_side,order_id,BTC-USDT,BUY,65000.65,0.001,6947440129078264582,,108544,13056,121600
journal,godzilla,5,1,2,1783610628924225024,0,1783610628924317440,0,1783610628924338944,1783610628924337129,776,price_side,order_id,BTC-USDT,SELL,65000.86,0.001,6947440129078264583,,92416,21504,113920
journal,godzilla,5,1,2,1783610628924525056,0,1783610628924629504,0,1783610628924742656,1783610628924740529,777,price_side,order_id,BTC-USDT,BUY,65000.67,0.001,6947440129078264584,,104448,113152,217600
journal,godzilla,5,1,2,1783610628924825856,0,1783610628924849920,0,1783610628924925696,1783610628924923878,778,price_side,order_id,BTC-USDT,SELL,65000.88,0.001,6947440129078264585,,24064,75776,99840
journal,godzilla,5,1,2,1783610628925125376,0,1783610628925217024,0,1783610628925235456,1783610628925233795,779,price_side,order_id,BTC-USDT,BUY,65000.69,0.001,6947440129078264586,,91648,18432,110080
journal,godzilla,5,1,2,1783610628925424640,0,1783610628925519616,0,1783610628925547008,1783610628925538995,780,price_side,order_id,BTC-USDT,SELL,65000.9,0.001,6947440129078264587,,94976,27392,122368
journal,godzilla,5,1,2,1783610628925724928,0,1783610628925820672,0,1783610628925839872,1783610628925838186,781,price_side,order_id,BTC-USDT,BUY,65000.71,0.001,6947440129078264588,,95744,19200,114944
journal,godzilla,5,1,2,1783610628926024704,0,1783610628926121728,0,1783610628926140928,1783610628926139181,782,price_side,order_id,BTC-USDT,SELL,65000.92,0.001,6947440129078264589,,97024,19200,116224
journal,godzilla,5,1,2,1783610628926331904,0,1783610628926430464,0,1783610628926448128,1783610628926446216,783,price_side,order_id,BTC-USDT,BUY,65000.73,0.001,6947440129078264590,,98560,17664,116224
journal,godzilla,5,1,2,1783610628926625024,0,1783610628926718464,0,1783610628926739456,1783610628926737511,784,price_side,order_id,BTC-USDT,SELL,65000.939999999995,0.001,6947440129078264591,,93440,20992,114432
journal,godzilla,5,1,2,1783610628926924800,0,1783610628927028224,0,1783610628927140608,1783610628927138905,785,price_side,order_id,BTC-USDT,BUY,65000.75,0.001,6947440129078264592,,103424,112384,215808
journal,godzilla,5,1,2,1783610628927226368,0,1783610628927263488,0,1783610628927361024,1783610628927358935,786,price_side,order_id,BTC-USDT,SELL,65000.96,0.001,6947440129078264593,,37120,97536,134656
journal,godzilla,5,1,2,1783610628927525632,0,1783610628927618816,0,1783610628927639552,1783610628927637816,787,price_side,order_id,BTC-USDT,BUY,65000.770000000004,0.001,6947440129078264594,,93184,20736,113920
journal,godzilla,5,1,2,1783610628927824640,0,1783610628927916032,0,1783610628927937792,1783610628927936077,788,price_side,order_id,BTC-USDT,SELL,65000.979999999996,0.001,6947440129078264595,,91392,21760,113152
journal,godzilla,5,1,2,1783610628928125696,0,1783610628928220928,0,1783610628928239360,1783610628928237698,789,price_side,order_id,BTC-USDT,BUY,65000.79,0.001,6947440129078264596,,95232,18432,113664
journal,godzilla,5,1,2,1783610628928424704,0,1783610628928522496,0,1783610628928541952,1783610628928540067,790,price_side,order_id,BTC-USDT,SELL,65001.0,0.001,6947440129078264597,,97792,19456,117248
journal,godzilla,5,1,2,1783610628928725504,0,1783610628928987136,0,1783610628929123584,1783610628929121843,791,price_side,order_id,BTC-USDT,BUY,65000.810000000005,0.001,6947440129078264598,,261632,136448,398080
journal,godzilla,5,1,2,1783610628929024512,0,1783610628929088000,0,1783610628929160192,1783610628929157893,792,price_side,order_id,BTC-USDT,SELL,65001.02,0.001,6947440129078264599,,63488,72192,135680
journal,godzilla,5,1,2,1783610628929335552,0,1783610628929445632,0,1783610628929465088,1783610628929456407,793,price_side,order_id,BTC-USDT,BUY,65000.83,0.001,6947440129078264600,,110080,19456,129536
journal,godzilla,5,1,2,1783610628929625344,0,1783610628929927680,0,1783610628930232064,1783610628930227631,794,price_side,order_id,BTC-USDT,SELL,65001.04,0.001,6947440129078264601,,302336,304384,606720
journal,godzilla,5,1,2,1783610628929978112,0,1783610628930046208,0,1783610628930276352,1783610628930273915,795,price_side,order_id,BTC-USDT,BUY,65000.85,0.001,6947440129078264602,,68096,230144,298240
journal,godzilla,5,1,2,1783610628930228992,0,1783610628930353664,0,1783610628930389248,1783610628930386611,796,price_side,order_id,BTC-USDT,SELL,65001.06,0.001,6947440129078264603,,124672,35584,160256
journal,godzilla,5,1,2,1783610628930527744,0,1783610628930563328,0,1783610628930597376,1783610628930595661,797,price_side,order_id,BTC-USDT,BUY,65000.87,0.001,6947440129078264604,,35584,34048,69632
journal,godzilla,5,1,2,1783610628930825472,0,1783610628930839808,0,1783610628930945024,1783610628930927611,798,price_side,order_id,BTC-USDT,SELL,65001.08,0.001,6947440129078264605,,14336,105216,119552
journal,godzilla,5,1,2,1783610628931125248,0,1783610628931232768,0,1783610628931247872,1783610628931246009,799,price_side,order_id,BTC-USDT,BUY,65000.89,0.001,6947440129078264606,,107520,15104,122624
journal,godzilla,5,1,2,1783610628931425024,0,1783610628931529728,0,1783610628931542784,1783610628931541155,800,price_side,order_id,BTC-USDT,SELL,65000.1,0.001,6947440129078264607,,104704,13056,117760
journal,godzilla,5,1,2,1783610628931724800,0,1783610628931856384,0,1783610628931975680,1783610628931973046,801,price_side,order_id,BTC-USDT,BUY,64999.91,0.001,6947440129078264608,,131584,119296,250880
journal,godzilla,5,1,2,1783610628932041472,0,1783610628932121856,0,1783610628932211712,1783610628932209789,802,price_side,order_id,BTC-USDT,SELL,65000.119999999995,0.001,6947440129078264609,,80384,89856,170240
journal,godzilla,5,1,2,1783610628932326400,0,1783610628932435456,0,1783610628932453632,1783610628932451429,803,price_side,order_id,BTC-USDT,BUY,64999.93,0.001,6947440129078264610,,109056,18176,127232
journal,godzilla,5,1,2,1783610628932626176,0,1783610628932725248,0,1783610628932738816,1783610628932737194,804,price_side,order_id,BTC-USDT,SELL,65000.14,0.001,6947440129078264611,,99072,13568,112640
journal,godzilla,5,1,2,1783610628932924928,0,1783610628933040896,0,1783610628933160192,1783610628933158151,805,price_side,order_id,BTC-USDT,BUY,64999.950000000004,0.001,6947440129078264612,,115968,119296,235264
journal,godzilla,5,1,2,1783610628933225984,0,1783610628933275392,0,1783610628933408000,1783610628933376769,806,price_side,order_id,BTC-USDT,SELL,65000.159999999996,0.001,6947440129078264613,,49408,132608,182016
journal,godzilla,5,1,2,1783610628933526272,0,1783610628933625344,0,1783610628933639424,1783610628933637546,807,price_side,order_id,BTC-USDT,BUY,64999.97,0.001,6947440129078264614,,99072,14080,113152
journal,godzilla,5,1,2,1783610628933825024,0,1783610628933927168,0,1783610628933944064,1783610628933942031,808,price_side,order_id,BTC-USDT,SELL,65000.18,0.001,6947440129078264615,,102144,16896,119040
journal,godzilla,5,1,2,1783610628934125056,0,1783610628934232832,0,1783610628934247936,1783610628934246161,809,price_side,order_id,BTC-USDT,BUY,64999.99,0.001,6947440129078264616,,107776,15104,122880
journal,godzilla,5,1,2,1783610628934425088,0,1783610628934523904,0,1783610628934540544,1783610628934538687,810,price_side,order_id,BTC-USDT,SELL,65000.2,0.001,6947440129078264617,,98816,16640,115456
journal,godzilla,5,1,2,1783610628934724864,0,1783610628934825728,0,1783610628934841600,1783610628934839706,811,price_side,order_id,BTC-USDT,BUY,65000.01,0.001,6947440129078264618,,100864,15872,116736
journal,godzilla,5,1,2,1783610628935033088,0,1783610628935135488,0,1783610628935151616,1783610628935149666,812,price_side,order_id,BTC-USDT,SELL,65000.22,0.001,6947440129078264619,,102400,16128,118528
journal,godzilla,5,1,2,1783610628935325184,0,1783610628935423744,0,1783610628935439872,1783610628935438097,813,price_side,order_id,BTC-USDT,BUY,65000.03,0.001,6947440129078264620,,98560,16128,114688
journal,godzilla,5,1,2,1783610628935624960,0,1783610628935724032,0,1783610628935741440,1783610628935739501,814,price_side,order_id,BTC-USDT,SELL,65000.24,0.001,6947440129078264621,,99072,17408,116480
journal,godzilla,5,1,2,1783610628935924736,0,1783610628936031744,0,1783610628936045568,1783610628936043766,815,price_side,order_id,BTC-USDT,BUY,65000.05,0.001,6947440129078264622,,107008,13824,120832
journal,godzilla,5,1,2,1783610628936225024,0,1783610628936323840,0,1783610628936339456,1783610628936337351,816,price_side,order_id,BTC-USDT,SELL,65000.26,0.001,6947440129078264623,,98816,15616,114432
journal,godzilla,5,1,2,1783610628936525056,0,1783610628936621056,0,1783610628936637952,1783610628936635504,817,price_side,order_id,BTC-USDT,BUY,65000.07,0.001,6947440129078264624,,96000,16896,112896
journal,godzilla,5,1,2,1783610628936824832,0,1783610628936925184,0,1783610628936942592,1783610628936940662,818,price_side,order_id,BTC-USDT,SELL,65000.28,0.001,6947440129078264625,,100352,17408,117760
journal,godzilla,5,1,2,1783610628937124864,0,1783610628937227264,0,1783610628937243648,1783610628937241748,819,price_side,order_id,BTC-USDT,BUY,65000.090000000004,0.001,6947440129078264626,,102400,16384,118784
journal,godzilla,5,1,2,1783610628937424896,0,1783610628937522944,0,1783610628937549824,1783610628937538350,820,price_side,order_id,BTC-USDT,SELL,65000.299999999996,0.001,6947440129078264627,,98048,26880,124928
journal,godzilla,5,1,2,1783610628937733888,0,1783610628937832704,0,1783610628937848064,1783610628937846207,821,price_side,order_id,BTC-USDT,BUY,65000.11,0.001,6947440129078264628,,98816,15360,114176
journal,godzilla,5,1,2,1783610628938025216,0,1783610628938128896,0,1783610628938146304,1783610628938144188,822,price_side,order_id,BTC-USDT,SELL,65000.32,0.001,6947440129078264629,,103680,17408,121088
journal,godzilla,5,1,2,1783610628938326528,0,1783610628938670080,0,1783610628938763008,1783610628938760691,823,price_side,order_id,BTC-USDT,BUY,65000.130000000005,0.001,6947440129078264630,,343552,92928,436480
journal,godzilla,5,1,2,1783610628938624768,0,1783610628938823424,0,1783610628939092736,1783610628939087555,824,price_side,order_id,BTC-USDT,SELL,65000.34,0.001,6947440129078264631,,198656,269312,467968
journal,godzilla,5,1,2,1783610628938928640,0,1783610628938971648,0,1783610628939126528,1783610628939124266,825,price_side,order_id,BTC-USDT,BUY,65000.15,0.001,6947440129078264632,,43008,154880,197888
journal,godzilla,5,1,2,1783610628939229952,0,1783610628939263488,0,1783610628939341568,1783610628939337528,826,price_side,order_id,BTC-USDT,SELL,65000.36,0.001,6947440129078264633,,33536,78080,111616
journal,godzilla,5,1,2,1783610628939528192,0,1783610628939587072,0,1783610628939652608,1783610628939648918,827,price_side,order_id,BTC-USDT,BUY,65000.17,0.001,6947440129078264634,,58880,65536,124416
journal,godzilla,5,1,2,1783610628939831296,0,1783610628939983872,0,1783610628940230400,1783610628940224415,828,price_side,order_id,BTC-USDT,SELL,65000.38,0.001,6947440129078264635,,152576,246528,399104
journal,godzilla,5,1,2,1783610628940129536,0,1783610628940173824,0,1783610628940263680,1783610628940261780,829,price_side,order_id,BTC-USDT,BUY,65000.19,0.001,6947440129078264636,,44288,89856,134144
journal,godzilla,5,1,2,1783610628940429312,0,1783610628940462592,0,1783610628940545280,1783610628940540566,830,price_side,order_id,BTC-USDT,SELL,65000.4,0.001,6947440129078264637,,33280,82688,115968
journal,godzilla,5,1,2,1783610628940748800,0,1783610628941062144,0,1783610628941174016,1783610628941169726,831,price_side,order_id,BTC-USDT,BUY,65000.21,0.001,6947440129078264638,,313344,111872,425216
journal,godzilla,5,1,2,1783610628941027072,0,1783610628941159936,0,1783610628941195008,1783610628941193545,832,price_side,order_id,BTC-USDT,SELL,65000.42,0.001,6947440129078264639,,132864,35072,167936
journal,godzilla,5,1,2,1783610628941326592,0,1783610628941490432,0,1783610628941718528,1783610628941696607,833,price_side,order_id,BTC-USDT,BUY,65000.23,0.001,6947440129078264640,,163840,228096,391936
journal,godzilla,5,1,2,1783610628941628160,0,1783610628941768448,0,1783610628941831424,1783610628941829564,834,price_side,order_id,BTC-USDT,SELL,65000.439999999995,0.001,6947440129078264641,,140288,62976,203264
journal,godzilla,5,1,2,1783610628941927168,0,1783610628942111488,0,1783610628942181376,1783610628942178509,835,price_side,order_id,BTC-USDT,BUY,65000.25,0.001,6947440129078264642,,184320,69888,254208
journal,godzilla,5,1,2,1783610628942227968,0,1783610628942388224,0,1783610628942406144,1783610628942403069,836,price_side,order_id,BTC-USDT,SELL,65000.46,0.001,6947440129078264643,,160256,17920,178176
journal,godzilla,5,1,2,1783610628942526464,0,1783610628942683136,0,1783610628942816512,1783610628942813726,837,price_side,order_id,BTC-USDT,BUY,65000.270000000004,0.001,6947440129078264644,,156672,133376,290048
journal,godzilla,5,1,2,1783610628942825728,0,1783610628943109376,0,1783610628943229184,1783610628943227249,838,price_side,order_id,BTC-USDT,SELL,65000.479999999996,0.001,6947440129078264645,,283648,119808,403456
journal,godzilla,5,1,2,1783610628943124736,0,1783610628943149312,0,1783610628943243520,1783610628943242139,839,price_side,order_id,BTC-USDT,BUY,65000.29,0.001,6947440129078264646,,24576,94208,118784
journal,godzilla,5,1,2,1783610628943442176,0,1783610628943519232,0,1783610628943556864,1783610628943555110,840,price_side,order_id,BTC-USDT,SELL,65000.5,0.001,6947440129078264647,,77056,37632,114688
journal,godzilla,5,1,2,1783610628943726336,0,1783610628943835648,0,1783610628943844352,1783610628943842638,841,price_side,order_id,BTC-USDT,BUY,65000.310000000005,0.001,6947440129078264648,,109312,8704,118016
journal,godzilla,5,1,2,1783610628944024832,0,1783610628944129280,0,1783610628944145152,1783610628944143415,842,price_side,order_id,BTC-USDT,SELL,65000.52,0.001,6947440129078264649,,104448,15872,120320
journal,godzilla,5,1,2,1783610628944325120,0,1783610628944424704,0,1783610628944439296,1783610628944437406,843,price_side,order_id,BTC-USDT,BUY,65000.33,0.001,6947440129078264650,,99584,14592,114176
journal,godzilla,5,1,2,1783610628944624896,0,1783610628944731904,0,1783610628944746752,1783610628944744972,844,price_side,order_id,BTC-USDT,SELL,65000.54,0.001,6947440129078264651,,107008,14848,121856
journal,godzilla,5,1,2,1783610628944924928,0,1783610628945050880,0,1783610628945169408,1783610628945167387,845,price_side,order_id,BTC-USDT,BUY,65000.35,0.001,6947440129078264652,,125952,118528,244480
journal,godzilla,5,1,2,1783610628945225216,0,1783610628945283072,0,1783610628945493248,1783610628945380595,846,price_side,order_id,BTC-USDT,SELL,65000.56,0.001,6947440129078264653,,57856,210176,268032
journal,godzilla,5,1,2,1783610628945527040,0,1783610628945628928,0,1783610628945725696,1783610628945723728,847,price_side,order_id,BTC-USDT,BUY,65000.37,0.001,6947440129078264654,,101888,96768,198656
journal,godzilla,5,1,2,1783610628945825792,0,1783610628945938944,0,1783610628946081280,1783610628946078451,848,price_side,order_id,BTC-USDT,SELL,65000.58,0.001,6947440129078264655,,113152,142336,255488
journal,godzilla,5,1,2,1783610628946125056,0,1783610628946200832,0,1783610628946301952,1783610628946299940,849,price_side,order_id,BTC-USDT,BUY,65000.39,0.001,6947440129078264656,,75776,101120,176896
journal,godzilla,5,1,2,1783610628946437632,0,1783610628946538240,0,1783610628946554624,1783610628946552801,850,price_side,order_id,BTC-USDT,SELL,65000.6,0.001,6947440129078264657,,100608,16384,116992
journal,godzilla,5,1,2,1783610628946726656,0,1783610628946825984,0,1783610628946843392,1783610628946841629,851,price_side,order_id,BTC-USDT,BUY,65000.41,0.001,6947440129078264658,,99328,17408,116736
journal,godzilla,5,1,2,1783610628947024896,0,1783610628947124224,0,1783610628947145728,1783610628947143586,852,price_side,order_id,BTC-USDT,SELL,65000.619999999995,0.001,6947440129078264659,,99328,21504,120832
journal,godzilla,5,1,2,1783610628947326208,0,1783610628947426048,0,1783610628947449344,1783610628947446412,853,price_side,order_id,BTC-USDT,BUY,65000.43,0.001,6947440129078264660,,99840,23296,123136
journal,godzilla,5,1,2,1783610628947625984,0,1783610628947730176,0,1783610628947748352,1783610628947746291,854,price_side,order_id,BTC-USDT,SELL,65000.64,0.001,6947440129078264661,,104192,18176,122368
journal,godzilla,5,1,2,1783610628947925248,0,1783610628948037888,0,1783610628948162560,1783610628948160642,855,price_side,order_id,BTC-USDT,BUY,65000.450000000004,0.001,6947440129078264662,,112640,124672,237312
journal,godzilla,5,1,2,1783610628948225280,0,1783610628948282112,0,1783610628948392704,1783610628948390947,856,price_side,order_id,BTC-USDT,SELL,65000.659999999996,0.001,6947440129078264663,,56832,110592,167424
journal,godzilla,5,1,2,1783610628948526080,0,1783610628948627968,0,1783610628948644608,1783610628948642683,857,price_side,order_id,BTC-USDT,BUY,65000.47,0.001,6947440129078264664,,101888,16640,118528
journal,godzilla,5,1,2,1783610628948825088,0,1783610628948929280,0,1783610628948946944,1783610628948945223,858,price_side,order_id,BTC-USDT,SELL,65000.68,0.001,6947440129078264665,,104192,17664,121856
journal,godzilla,5,1,2,1783610628949125888,0,1783610628949231616,0,1783610628949259264,1783610628949249730,859,price_side,order_id,BTC-USDT,BUY,65000.49,0.001,6947440129078264666,,105728,27648,133376
journal,godzilla,5,1,2,1783610628949435904,0,1783610628949692928,0,1783610628949835520,1783610628949832397,860,price_side,order_id,BTC-USDT,SELL,65000.7,0.001,6947440129078264667,,257024,142592,399616
journal,godzilla,5,1,2,1783610628949724672,0,1783610628949851136,0,1783610628949906432,1783610628949903969,861,price_side,order_id,BTC-USDT,BUY,65000.51,0.001,6947440129078264668,,126464,55296,181760
journal,godzilla,5,1,2,1783610628950026752,0,1783610628950081792,0,1783610628950129920,1783610628950127941,862,price_side,order_id,BTC-USDT,SELL,65000.72,0.001,6947440129078264669,,55040,48128,103168
journal,godzilla,5,1,2,1783610628950325760,0,1783610628950355712,0,1783610628950453760,1783610628950452075,863,price_side,order_id,BTC-USDT,BUY,65000.53,0.001,6947440129078264670,,29952,98048,128000
journal,godzilla,5,1,2,1783610628950624768,0,1783610628950738944,0,1783610628950858496,1783610628950856689,864,price_side,order_id,BTC-USDT,SELL,65000.74,0.001,6947440129078264671,,114176,119552,233728
journal,godzilla,5,1,2,1783610628950925056,0,1783610628951026432,0,1783610628951086592,1783610628951084830,865,price_side,order_id,BTC-USDT,BUY,65000.55,0.001,6947440129078264672,,101376,60160,161536
journal,godzilla,5,1,2,1783610628951225856,0,1783610628951327744,0,1783610628951348224,1783610628951346500,866,price_side,order_id,BTC-USDT,SELL,65000.76,0.001,6947440129078264673,,101888,20480,122368
journal,godzilla,5,1,2,1783610628951526144,0,1783610628951625216,0,1783610628951645952,1783610628951644164,867,price_side,order_id,BTC-USDT,BUY,65000.57,0.001,6947440129078264674,,99072,20736,119808
journal,godzilla,5,1,2,1783610628951826176,0,1783610628951929856,0,1783610628951949312,1783610628951947453,868,price_side,order_id,BTC-USDT,SELL,65000.78,0.001,6947440129078264675,,103680,19456,123136
journal,godzilla,5,1,2,1783610628952137216,0,1783610628952241664,0,1783610628952262656,1783610628952260518,869,price_side,order_id,BTC-USDT,BUY,65000.590000000004,0.001,6947440129078264676,,104448,20992,125440
journal,godzilla,5,1,2,1783610628952426752,0,1783610628952441600,0,1783610628952463872,1783610628952460893,870,price_side,order_id,BTC-USDT,SELL,65000.799999999996,0.001,6947440129078264677,,14848,22272,37120
journal,godzilla,5,1,2,1783610628952725248,0,1783610628952909312,0,1783610628953074944,1783610628953071919,871,price_side,order_id,BTC-USDT,BUY,65000.61,0.001,6947440129078264678,,184064,165632,349696
journal,godzilla,5,1,2,1783610628953026048,0,1783610628953100032,0,1783610628953208832,1783610628953197908,872,price_side,order_id,BTC-USDT,SELL,65000.82,0.001,6947440129078264679,,73984,108800,182784
journal,godzilla,5,1,2,1783610628953349888,0,1783610628953460224,0,1783610628953518848,1783610628953516641,873,price_side,order_id,BTC-USDT,BUY,65000.630000000005,0.001,6947440129078264680,,110336,58624,168960
journal,godzilla,5,1,2,1783610628953626880,0,1783610628953702400,0,1783610628953771008,1783610628953768879,874,price_side,order_id,BTC-USDT,SELL,65000.84,0.001,6947440129078264681,,75520,68608,144128
journal,godzilla,5,1,2,1783610628953926656,0,1783610628953972992,0,1783610628954084352,1783610628954081433,875,price_side,order_id,BTC-USDT,BUY,65000.65,0.001,6947440129078264682,,46336,111360,157696
journal,godzilla,5,1,2,1783610628954228992,0,1783610628954352384,0,1783610628954488320,1783610628954485602,876,price_side,order_id,BTC-USDT,SELL,65000.86,0.001,6947440129078264683,,123392,135936,259328
journal,godzilla,5,1,2,1783610628954525184,0,1783610628954620928,0,1783610628954713344,1783610628954710950,877,price_side,order_id,BTC-USDT,BUY,65000.67,0.001,6947440129078264684,,95744,92416,188160
journal,godzilla,5,1,2,1783610628954826240,0,1783610628954849536,0,1783610628954865664,1783610628954863041,878,price_side,order_id,BTC-USDT,SELL,65000.88,0.001,6947440129078264685,,23296,16128,39424
journal,godzilla,5,1,2,1783610628955132672,0,1783610628955244288,0,1783610628955257600,1783610628955255726,879,price_side,order_id,BTC-USDT,BUY,65000.69,0.001,6947440129078264686,,111616,13312,124928
journal,godzilla,5,1,2,1783610628955425024,0,1783610628955522304,0,1783610628955535104,1783610628955533296,880,price_side,order_id,BTC-USDT,SELL,65000.9,0.001,6947440129078264687,,97280,12800,110080
journal,godzilla,5,1,2,1783610628955724800,0,1783610628955827968,0,1783610628955843584,1783610628955841736,881,price_side,order_id,BTC-USDT,BUY,65000.71,0.001,6947440129078264688,,103168,15616,118784
journal,godzilla,5,1,2,1783610628956025088,0,1783610628956130048,0,1783610628956146432,1783610628956144531,882,price_side,order_id,BTC-USDT,SELL,65000.92,0.001,6947440129078264689,,104960,16384,121344
journal,godzilla,5,1,2,1783610628956325120,0,1783610628956423424,0,1783610628956439296,1783610628956437364,883,price_side,order_id,BTC-USDT,BUY,65000.73,0.001,6947440129078264690,,98304,15872,114176
journal,godzilla,5,1,2,1783610628956624896,0,1783610628956727808,0,1783610628956743936,1783610628956741998,884,price_side,order_id,BTC-USDT,SELL,65000.939999999995,0.001,6947440129078264691,,102912,16128,119040
journal,godzilla,5,1,2,1783610628956924928,0,1783610628957033472,0,1783610628957047552,1783610628957045288,885,price_side,order_id,BTC-USDT,BUY,65000.75,0.001,6947440129078264692,,108544,14080,122624
journal,godzilla,5,1,2,1783610628957224960,0,1783610628957328384,0,1783610628957352704,1783610628957342761,886,price_side,order_id,BTC-USDT,SELL,65000.96,0.001,6947440129078264693,,103424,24320,127744
journal,godzilla,5,1,2,1783610628957526016,0,1783610628957629184,0,1783610628957642240,1783610628957640434,887,price_side,order_id,BTC-USDT,BUY,65000.770000000004,0.001,6947440129078264694,,103168,13056,116224
journal,godzilla,5,1,2,1783610628957831168,0,1783610628957936384,0,1783610628957952768,1783610628957950753,888,price_side,order_id,BTC-USDT,SELL,65000.979999999996,0.001,6947440129078264695,,105216,16384,121600
journal,godzilla,5,1,2,1783610628958125056,0,1783610628958228736,0,1783610628958245888,1783610628958243941,889,price_side,order_id,BTC-USDT,BUY,65000.79,0.001,6947440129078264696,,103680,17152,120832
journal,godzilla,5,1,2,1783610628958424576,0,1783610628958525184,0,1783610628958541056,1783610628958539228,890,price_side,order_id,BTC-USDT,SELL,65001.0,0.001,6947440129078264697,,100608,15872,116480
journal,godzilla,5,1,2,1783610628958724864,0,1783610628958827008,0,1783610628958842624,1783610628958840951,891,price_side,order_id,BTC-USDT,BUY,65000.810000000005,0.001,6947440129078264698,,102144,15616,117760
journal,godzilla,5,1,2,1783610628959024896,0,1783610628959131392,0,1783610628959148032,1783610628959146052,892,price_side,order_id,BTC-USDT,SELL,65001.02,0.001,6947440129078264699,,106496,16640,123136
journal,godzilla,5,1,2,1783610628959324928,0,1783610628959428864,0,1783610628959443968,1783610628959441456,893,price_side,order_id,BTC-USDT,BUY,65000.83,0.001,6947440129078264700,,103936,15104,119040
journal,godzilla,5,1,2,1783610628959624960,0,1783610628959732224,0,1783610628959750656,1783610628959748553,894,price_side,order_id,BTC-USDT,SELL,65001.04,0.001,6947440129078264701,,107264,18432,125696
journal,godzilla,5,1,2,1783610628959926016,0,1783610628960057344,0,1783610628960177664,1783610628960175017,895,price_side,order_id,BTC-USDT,BUY,65000.85,0.001,6947440129078264702,,131328,120320,251648
journal,godzilla,5,1,2,1783610628960225024,0,1783610628960299776,0,1783610628960399616,1783610628960397821,896,price_side,order_id,BTC-USDT,SELL,65001.06,0.001,6947440129078264703,,74752,99840,174592
journal,godzilla,5,1,2,1783610628960526080,0,1783610628960544512,0,1783610628960600576,1783610628960597384,897,price_side,order_id,BTC-USDT,BUY,65000.87,0.001,6947440129078264704,,18432,56064,74496
journal,godzilla,5,1,2,1783610628960833792,0,1783610628961015296,0,1783610628961154048,1783610628961150842,898,price_side,order_id,BTC-USDT,SELL,65001.08,0.001,6947440129078264705,,181504,138752,320256
journal,godzilla,5,1,2,1783610628961127424,0,1783610628961244672,0,1783610628961264384,1783610628961253513,899,price_side,order_id,BTC-USDT,BUY,65000.89,0.001,6947440129078264706,,117248,19712,136960
journal,godzilla,5,1,2,1783610628961427456,0,1783610628961460224,0,1783610628962033664,1783610628962027775,900,price_side,order_id,BTC-USDT,SELL,65000.1,0.001,6947440129078264707,,32768,573440,606208
journal,godzilla,5,1,2,1783610628961728768,0,1783610628961839616,0,1783610628962059520,1783610628962057859,901,price_side,order_id,BTC-USDT,BUY,64999.91,0.001,6947440129078264708,,110848,219904,330752
journal,godzilla,5,1,2,1783610628962031104,0,1783610628962130944,0,1783610628962163712,1783610628962144995,902,price_side,order_id,BTC-USDT,SELL,65000.119999999995,0.001,6947440129078264709,,99840,32768,132608
journal,godzilla,5,1,2,1783610628962327040,0,1783610628962482944,0,1783610628962622464,1783610628962619916,903,price_side,order_id,BTC-USDT,BUY,64999.93,0.001,6947440129078264710,,155904,139520,295424
journal,godzilla,5,1,2,1783610628962625536,0,1783610628962718464,0,1783610628962760704,1783610628962757897,904,price_side,order_id,BTC-USDT,SELL,65000.14,0.001,6947440129078264711,,92928,42240,135168
journal,godzilla,5,1,2,1783610628962925824,0,1783610628962947840,0,1783610628963056384,1783610628963054534,905,price_side,order_id,BTC-USDT,BUY,64999.950000000004,0.001,6947440129078264712,,22016,108544,130560
journal,godzilla,5,1,2,1783610628963225088,0,1783610628963282688,0,1783610628963346944,1783610628963345045,906,price_side,order_id,BTC-USDT,SELL,65000.159999999996,0.001,6947440129078264713,,57600,64256,121856
journal,godzilla,5,1,2,1783610628963544064,0,1783610628963651072,0,1783610628963663616,1783610628963661605,907,price_side,order_id,BTC-USDT,BUY,64999.97,0.001,6947440129078264714,,107008,12544,119552
journal,godzilla,5,1,2,1783610628963824896,0,1783610628963928832,0,1783610628963942400,1783610628963940181,908,price_side,order_id,BTC-USDT,SELL,65000.18,0.001,6947440129078264715,,103936,13568,117504
journal,godzilla,5,1,2,1783610628964124928,0,1783610628964235264,0,1783610628964248064,1783610628964245499,909,price_side,order_id,BTC-USDT,BUY,64999.99,0.001,6947440129078264716,,110336,12800,123136
journal,godzilla,5,1,2,1783610628964425728,0,1783610628964532992,0,1783610628964545280,1783610628964543355,910,price_side,order_id,BTC-USDT,SELL,65000.2,0.001,6947440129078264717,,107264,12288,119552
journal,godzilla,5,1,2,1783610628964724736,0,1783610628964829440,0,1783610628964844288,1783610628964842547,911,price_side,order_id,BTC-USDT,BUY,65000.01,0.001,6947440129078264718,,104704,14848,119552
journal,godzilla,5,1,2,1783610628965025536,0,1783610628965088000,0,1783610628965166336,1783610628965148942,912,price_side,order_id,BTC-USDT,SELL,65000.22,0.001,6947440129078264719,,62464,78336,140800
journal,godzilla,5,1,2,1783610628965325312,0,1783610628965429504,0,1783610628965444096,1783610628965442173,913,price_side,order_id,BTC-USDT,BUY,65000.03,0.001,6947440129078264720,,104192,14592,118784
journal,godzilla,5,1,2,1783610628965624832,0,1783610628965728768,0,1783610628965744384,1783610628965741752,914,price_side,order_id,BTC-USDT,SELL,65000.24,0.001,6947440129078264721,,103936,15616,119552
journal,godzilla,5,1,2,1783610628965927680,0,1783610628966109952,0,1783610628966253312,1783610628966249686,915,price_side,order_id,BTC-USDT,BUY,65000.05,0.001,6947440129078264722,,182272,143360,325632
journal,godzilla,5,1,2,1783610628966225920,0,1783610628966332672,0,1783610628966346752,1783610628966345231,916,price_side,order_id,BTC-USDT,SELL,65000.26,0.001,6947440129078264723,,106752,14080,120832
journal,godzilla,5,1,2,1783610628966612992,0,1783610628966720768,0,1783610628966849024,1783610628966846163,917,price_side,order_id,BTC-USDT,BUY,65000.07,0.001,6947440129078264724,,107776,128256,236032
journal,godzilla,5,1,2,1783610628966826240,0,1783610628966940672,0,1783610628967036672,1783610628967034469,918,price_side,order_id,BTC-USDT,SELL,65000.28,0.001,6947440129078264725,,114432,96000,210432
journal,godzilla,5,1,2,1783610628967126272,0,1783610628967157760,0,1783610628967193344,1783610628967174477,919,price_side,order_id,BTC-USDT,BUY,65000.090000000004,0.001,6947440129078264726,,31488,35584,67072
journal,godzilla,5,1,2,1783610628967425024,0,1783610628967525376,0,1783610628967545856,1783610628967544020,920,price_side,order_id,BTC-USDT,SELL,65000.299999999996,0.001,6947440129078264727,,100352,20480,120832
journal,godzilla,5,1,2,1783610628967725568,0,1783610628967830016,0,1783610628967843584,1783610628967842065,921,price_side,order_id,BTC-USDT,BUY,65000.11,0.001,6947440129078264728,,104448,13568,118016
journal,godzilla,5,1,2,1783610628968025088,0,1783610628968168448,0,1783610628968291584,1783610628968288905,922,price_side,order_id,BTC-USDT,SELL,65000.32,0.001,6947440129078264729,,143360,123136,266496
journal,godzilla,5,1,2,1783610628968324864,0,1783610628968418304,0,1783610628968499200,1783610628968497396,923,price_side,order_id,BTC-USDT,BUY,65000.130000000005,0.001,6947440129078264730,,93440,80896,174336
journal,godzilla,5,1,2,1783610628968625920,0,1783610628968726784,0,1783610628968741376,1783610628968739617,924,price_side,order_id,BTC-USDT,SELL,65000.34,0.001,6947440129078264731,,100864,14592,115456
journal,godzilla,5,1,2,1783610628968924928,0,1783610628969032960,0,1783610628969162240,1783610628969149493,925,price_side,order_id,BTC-USDT,BUY,65000.15,0.001,6947440129078264732,,108032,129280,237312
journal,godzilla,5,1,2,1783610628969234688,0,1783610628969275648,0,1783610628969379328,1783610628969377218,926,price_side,order_id,BTC-USDT,SELL,65000.36,0.001,6947440129078264733,,40960,103680,144640
journal,godzilla,5,1,2,1783610628969526016,0,1783610628969798144,0,1783610628969918976,1783610628969917128,927,price_side,order_id,BTC-USDT,BUY,65000.17,0.001,6947440129078264734,,272128,120832,392960
journal,godzilla,5,1,2,1783610628969824512,0,1783610628969884160,0,1783610628969957632,1783610628969955136,928,price_side,order_id,BTC-USDT,SELL,65000.38,0.001,6947440129078264735,,59648,73472,133120
journal,godzilla,5,1,2,1783610628970125568,0,1783610628970218240,0,1783610628970248448,1783610628970246547,929,price_side,order_id,BTC-USDT,BUY,65000.19,0.001,6947440129078264736,,92672,30208,122880
journal,godzilla,5,1,2,1783610628970425344,0,1783610628970615296,0,1783610628970765056,1783610628970761914,930,price_side,order_id,BTC-USDT,SELL,65000.4,0.001,6947440129078264737,,189952,149760,339712
journal,godzilla,5,1,2,1783610628970725376,0,1783610628970750976,0,1783610628970803456,1783610628970801231,931,price_side,order_id,BTC-USDT,BUY,65000.21,0.001,6947440129078264738,,25600,52480,78080
journal,godzilla,5,1,2,1783610628971025920,0,1783610628971130880,0,1783610628971145472,1783610628971143501,932,price_side,order_id,BTC-USDT,SELL,65000.42,0.001,6947440129078264739,,104960,14592,119552
journal,godzilla,5,1,2,1783610628971324672,0,1783610628971523072,0,1783610628971716096,1783610628971696787,933,price_side,order_id,BTC-USDT,BUY,65000.23,0.001,6947440129078264740,,198400,193024,391424
journal,godzilla,5,1,2,1783610628971624960,0,1783610628971680512,0,1783610628971741440,1783610628971739056,934,price_side,order_id,BTC-USDT,SELL,65000.439999999995,0.001,6947440129078264741,,55552,60928,116480
journal,godzilla,5,1,2,1783610628971926272,0,1783610628972080384,0,1783610628972208896,1783610628972206294,935,price_side,order_id,BTC-USDT,BUY,65000.25,0.001,6947440129078264742,,154112,128512,282624
journal,godzilla,5,1,2,1783610628972239872,0,1783610628972394496,0,1783610628972421632,1783610628972418202,936,price_side,order_id,BTC-USDT,SELL,65000.46,0.001,6947440129078264743,,154624,27136,181760
journal,godzilla,5,1,2,1783610628972527616,0,1783610628972632320,0,1783610628972668416,1783610628972666519,937,price_side,order_id,BTC-USDT,BUY,65000.270000000004,0.001,6947440129078264744,,104704,36096,140800
journal,godzilla,5,1,2,1783610628972826112,0,1783610628972965888,0,1783610628973122304,1783610628973104302,938,price_side,order_id,BTC-USDT,SELL,65000.479999999996,0.001,6947440129078264745,,139776,156416,296192
journal,godzilla,5,1,2,1783610628973126912,0,1783610628973283840,0,1783610628973407488,1783610628973404487,939,price_side,order_id,BTC-USDT,BUY,65000.29,0.001,6947440129078264746,,156928,123648,280576
journal,godzilla,5,1,2,1783610628973425920,0,1783610628973569536,0,1783610628973605376,1783610628973603317,940,price_side,order_id,BTC-USDT,SELL,65000.5,0.001,6947440129078264747,,143616,35840,179456
journal,godzilla,5,1,2,1783610628973725696,0,1783610628973806080,0,1783610628973858560,1783610628973856396,941,price_side,order_id,BTC-USDT,BUY,65000.310000000005,0.001,6947440129078264748,,80384,52480,132864
journal,godzilla,5,1,2,1783610628974025984,0,1783610628974303232,0,1783610628974451456,1783610628974446784,942,price_side,order_id,BTC-USDT,SELL,65000.52,0.001,6947440129078264749,,277248,148224,425472
journal,godzilla,5,1,2,1783610628974325760,0,1783610628974388992,0,1783610628974485760,1783610628974483126,943,price_side,order_id,BTC-USDT,BUY,65000.33,0.001,6947440129078264750,,63232,96768,160000
journal,godzilla,5,1,2,1783610628974627584,0,1783610628974678272,0,1783610628974752512,1783610628974750142,944,price_side,order_id,BTC-USDT,SELL,65000.54,0.001,6947440129078264751,,50688,74240,124928
journal,godzilla,5,1,2,1783610628974940672,0,1783610628975106048,0,1783610628975237120,1783610628975234529,945,price_side,order_id,BTC-USDT,BUY,65000.35,0.001,6947440129078264752,,165376,131072,296448
journal,godzilla,5,1,2,1783610628975225600,0,1783610628975344896,0,1783610628975359488,1783610628975356419,946,price_side,order_id,BTC-USDT,SELL,65000.56,0.001,6947440129078264753,,119296,14592,133888
journal,godzilla,5,1,2,1783610628975525376,0,1783610628975745024,0,1783610628975886336,1783610628975884392,947,price_side,order_id,BTC-USDT,BUY,65000.37,0.001,6947440129078264754,,219648,141312,360960
journal,godzilla,5,1,2,1783610628975824640,0,1783610628975903488,0,1783610628975965440,1783610628975963630,948,price_side,order_id,BTC-USDT,SELL,65000.58,0.001,6947440129078264755,,78848,61952,140800
journal,godzilla,5,1,2,1783610628976126464,0,1783610628976215808,0,1783610628976275712,1783610628976273489,949,price_side,order_id,BTC-USDT,BUY,65000.39,0.001,6947440129078264756,,89344,59904,149248
journal,godzilla,5,1,2,1783610628976426496,0,1783610628976531200,0,1783610628976544768,1783610628976543054,950,price_side,order_id,BTC-USDT,SELL,65000.6,0.001,6947440129078264757,,104704,13568,118272
journal,godzilla,5,1,2,1783610628976724736,0,1783610628976833536,0,1783610628976845824,1783610628976843968,951,price_side,order_id,BTC-USDT,BUY,65000.41,0.001,6947440129078264758,,108800,12288,121088
journal,godzilla,5,1,2,1783610628977025024,0,1783610628977128192,0,1783610628977158144,1783610628977142976,952,price_side,order_id,BTC-USDT,SELL,65000.619999999995,0.001,6947440129078264759,,103168,29952,133120
journal,godzilla,5,1,2,1783610628977326592,0,1783610628977435136,0,1783610628977448704,1783610628977446945,953,price_side,order_id,BTC-USDT,BUY,65000.43,0.001,6947440129078264760,,108544,13568,122112
journal,godzilla,5,1,2,1783610628977625344,0,1783610628977732864,0,1783610628977750272,1783610628977748249,954,price_side,order_id,BTC-USDT,SELL,65000.64,0.001,6947440129078264761,,107520,17408,124928
journal,godzilla,5,1,2,1783610628977937152,0,1783610628978047744,0,1783610628978063360,1783610628978061213,955,price_side,order_id,BTC-USDT,BUY,65000.450000000004,0.001,6947440129078264762,,110592,15616,126208
journal,godzilla,5,1,2,1783610628978225408,0,1783610628978336512,0,1783610628978353664,1783610628978351718,956,price_side,order_id,BTC-USDT,SELL,65000.659999999996,0.001,6947440129078264763,,111104,17152,128256
journal,godzilla,5,1,2,1783610628978525184,0,1783610628978630144,0,1783610628978647040,1783610628978645067,957,price_side,order_id,BTC-USDT,BUY,65000.47,0.001,6947440129078264764,,104960,16896,121856
journal,godzilla,5,1,2,1783610628978824960,0,1783610628978931200,0,1783610628978948352,1783610628978946165,958,price_side,order_id,BTC-USDT,SELL,65000.68,0.001,6947440129078264765,,106240,17152,123392
journal,godzilla,5,1,2,1783610628979125504,0,1783610628979236096,0,1783610628979252736,1783610628979250804,959,price_side,order_id,BTC-USDT,BUY,65000.49,0.001,6947440129078264766,,110592,16640,127232
journal,godzilla,5,1,2,1783610628979425024,0,1783610628979531520,0,1783610628979549184,1783610628979547386,960,price_side,order_id,BTC-USDT,SELL,65000.7,0.001,6947440129078264767,,106496,17664,124160
journal,godzilla,5,1,2,1783610628979726080,0,1783610628979835136,0,1783610628979849984,1783610628979848272,961,price_side,order_id,BTC-USDT,BUY,65000.51,0.001,6947440129078264768,,109056,14848,123904
journal,godzilla,5,1,2,1783610628980025344,0,1783610628980133632,0,1783610628980151040,1783610628980149071,962,price_side,order_id,BTC-USDT,SELL,65000.72,0.001,6947440129078264769,,108288,17408,125696
journal,godzilla,5,1,2,1783610628980325120,0,1783610628980435968,0,1783610628980452608,1783610628980450636,963,price_side,order_id,BTC-USDT,BUY,65000.53,0.001,6947440129078264770,,110848,16640,127488
journal,godzilla,5,1,2,1783610628980626944,0,1783610628980728576,0,1783610628980758784,1783610628980753969,964,price_side,order_id,BTC-USDT,SELL,65000.74,0.001,6947440129078264771,,101632,30208,131840
journal,godzilla,5,1,2,1783610628980938752,0,1783610628981086720,0,1783610628981229056,1783610628981214857,965,price_side,order_id,BTC-USDT,BUY,65000.55,0.001,6947440129078264772,,147968,142336,290304
journal,godzilla,5,1,2,1783610628981225984,0,1783610628981315328,0,1783610628981347840,1783610628981345096,966,price_side,order_id,BTC-USDT,SELL,65000.76,0.001,6947440129078264773,,89344,32512,121856
journal,godzilla,5,1,2,1783610628981526272,0,1783610628981635328,0,1783610628981652480,1783610628981650473,967,price_side,order_id,BTC-USDT,BUY,65000.57,0.001,6947440129078264774,,109056,17152,126208
journal,godzilla,5,1,2,1783610628981826048,0,1783610628981936384,0,1783610628981950976,1783610628981948926,968,price_side,order_id,BTC-USDT,SELL,65000.78,0.001,6947440129078264775,,110336,14592,124928
journal,godzilla,5,1,2,1783610628982125312,0,1783610628982234112,0,1783610628982251520,1783610628982249454,969,price_side,order_id,BTC-USDT,BUY,65000.590000000004,0.001,6947440129078264776,,108800,17408,126208
journal,godzilla,5,1,2,1783610628982426112,0,1783610628982533376,0,1783610628982547712,1783610628982546021,970,price_side,order_id,BTC-USDT,SELL,65000.799999999996,0.001,6947440129078264777,,107264,14336,121600
journal,godzilla,5,1,2,1783610628982724864,0,1783610628983293952,0,1783610628983421952,1783610628983418956,971,price_side,order_id,BTC-USDT,BUY,65000.61,0.001,6947440129078264778,,569088,128000,697088
journal,godzilla,5,1,2,1783610628983025664,0,1783610628983356928,0,1783610628983462656,1783610628983460273,972,price_side,order_id,BTC-USDT,SELL,65000.82,0.001,6947440129078264779,,331264,105728,436992
journal,godzilla,5,1,2,1783610628983324928,0,1783610628983380480,0,1783610628983483648,1783610628983481326,973,price_side,order_id,BTC-USDT,BUY,65000.630000000005,0.001,6947440129078264780,,55552,103168,158720
journal,godzilla,5,1,2,1783610628983657984,0,1783610628983722240,0,1783610628983734016,1783610628983732083,974,price_side,order_id,BTC-USDT,SELL,65000.84,0.001,6947440129078264781,,64256,11776,76032
journal,godzilla,5,1,2,1783610628983925760,0,1783610628984040192,0,1783610628984057856,1783610628984055859,975,price_side,order_id,BTC-USDT,BUY,65000.65,0.001,6947440129078264782,,114432,17664,132096
journal,godzilla,5,1,2,1783610628984225280,0,1783610628984326144,0,1783610628984347904,1783610628984345995,976,price_side,order_id,BTC-USDT,SELL,65000.86,0.001,6947440129078264783,,100864,21760,122624
journal,godzilla,5,1,2,1783610628984526080,0,1783610628984627968,0,1783610628984646144,1783610628984644313,977,price_side,order_id,BTC-USDT,BUY,65000.67,0.001,6947440129078264784,,101888,18176,120064
journal,godzilla,5,1,2,1783610628984825344,0,1783610628984928256,0,1783610628984960000,1783610628984949088,978,price_side,order_id,BTC-USDT,SELL,65000.88,0.001,6947440129078264785,,102912,31744,134656
journal,godzilla,5,1,2,1783610628985127168,0,1783610628985241088,0,1783610628985264896,1783610628985262800,979,price_side,order_id,BTC-USDT,BUY,65000.69,0.001,6947440129078264786,,113920,23808,137728
journal,godzilla,5,1,2,1783610628985426432,0,1783610628985456128,0,1783610628985479168,1783610628985476265,980,price_side,order_id,BTC-USDT,SELL,65000.9,0.001,6947440129078264787,,29696,23040,52736
journal,godzilla,5,1,2,1783610628985726720,0,1783610628985838592,0,1783610628985859584,1783610628985857437,981,price_side,order_id,BTC-USDT,BUY,65000.71,0.001,6947440129078264788,,111872,20992,132864
journal,godzilla,5,1,2,1783610628986027008,0,1783610628986047232,0,1783610628986061056,1783610628986058250,982,price_side,order_id,BTC-USDT,SELL,65000.92,0.001,6947440129078264789,,20224,13824,34048
journal,godzilla,5,1,2,1783610628986325760,0,1783610628986444032,0,1783610628986467840,1783610628986465634,983,price_side,order_id,BTC-USDT,BUY,65000.73,0.001,6947440129078264790,,118272,23808,142080
journal,godzilla,5,1,2,1783610628986638336,0,1783610628986666752,0,1783610628986691072,1783610628986688056,984,price_side,order_id,BTC-USDT,SELL,65000.939999999995,0.001,6947440129078264791,,28416,24320,52736
journal,godzilla,5,1,2,1783610628986926848,0,1783610628986952448,0,1783610628987060992,1783610628987058008,985,price_side,order_id,BTC-USDT,BUY,65000.75,0.001,6947440129078264792,,25600,108544,134144
journal,godzilla,5,1,2,1783610628987227136,0,1783610628987245056,0,1783610628987263488,1783610628987260496,986,price_side,order_id,BTC-USDT,SELL,65000.96,0.001,6947440129078264793,,17920,18432,36352
journal,godzilla,5,1,2,1783610628987526144,0,1783610628987647744,0,1783610628987672576,1783610628987670379,987,price_side,order_id,BTC-USDT,BUY,65000.770000000004,0.001,6947440129078264794,,121600,24832,146432
journal,godzilla,5,1,2,1783610628987826944,0,1783610628987866368,0,1783610628987892736,1783610628987889664,988,price_side,order_id,BTC-USDT,SELL,65000.979999999996,0.001,6947440129078264795,,39424,26368,65792
journal,godzilla,5,1,2,1783610628988126976,0,1783610628988278272,0,1783610628988414976,1783610628988411652,989,price_side,order_id,BTC-USDT,BUY,65000.79,0.001,6947440129078264796,,151296,136704,288000
journal,godzilla,5,1,2,1783610628988426240,0,1783610628988521472,0,1783610628988595712,1783610628988593752,990,price_side,order_id,BTC-USDT,SELL,65001.0,0.001,6947440129078264797,,95232,74240,169472
journal,godzilla,5,1,2,1783610628988735488,0,1783610628988755712,0,1783610628988808960,1783610628988778140,991,price_side,order_id,BTC-USDT,BUY,65000.810000000005,0.001,6947440129078264798,,20224,53248,73472
journal,godzilla,5,1,2,1783610628989026048,0,1783610628989137920,0,1783610628989161472,1783610628989159374,992,price_side,order_id,BTC-USDT,SELL,65001.02,0.001,6947440129078264799,,111872,23552,135424
journal,godzilla,5,1,2,1783610628989337088,0,1783610628989448448,0,1783610628989473536,1783610628989471370,993,price_side,order_id,BTC-USDT,BUY,65000.83,0.001,6947440129078264800,,111360,25088,136448
journal,godzilla,5,1,2,1783610628989626368,0,1783610628989657344,0,1783610628989681152,1783610628989678190,994,price_side,order_id,BTC-USDT,SELL,65001.04,0.001,6947440129078264801,,30976,23808,54784
journal,godzilla,5,1,2,1783610628989926144,0,1783610628990047488,0,1783610628990066944,1783610628990065084,995,price_side,order_id,BTC-USDT,BUY,65000.85,0.001,6947440129078264802,,121344,19456,140800
journal,godzilla,5,1,2,1783610628990226432,0,1783610628990245888,0,1783610628990269696,1783610628990266642,996,price_side,order_id,BTC-USDT,SELL,65001.06,0.001,6947440129078264803,,19456,23808,43264
journal,godzilla,5,1,2,1783610628990524928,0,1783610628990628864,0,1783610628990651648,1783610628990649521,997,price_side,order_id,BTC-USDT,BUY,65000.87,0.001,6947440129078264804,,103936,22784,126720
journal,godzilla,5,1,2,1783610628990825984,0,1783610628990978816,0,1783610628991128064,1783610628991125284,998,price_side,order_id,BTC-USDT,SELL,65001.08,0.001,6947440129078264805,,152832,149248,302080
journal,godzilla,5,1,2,1783610628991125504,0,1783610628991216384,0,1783610628991247872,1783610628991245504,999,price_side,order_id,BTC-USDT,BUY,65000.89,0.001,6947440129078264806,,90880,31488,122368
journal,godzilla,5,1,2,1783610628991426048,0,1783610628991537664,0,1783610628991549696,1783610628991548094,1000,price_side,order_id,BTC-USDT,SELL,65000.1,0.001,6947440129078264807,,111616,12032,123648
