run_id,system,depth_session_id,strategy_session_id,td_session_id,depth_gen_time_ns,depth_trigger_time_ns,order_input_gen_time_ns,order_input_trigger_time_ns,order_gen_time_ns,order_trigger_time_ns,depth_event_id,join_depth_method,join_order_method,symbol,side,price,qty,order_id,client_order_id,md_to_order_input_ns,order_report_ns,total_tick_to_trade_ns
journal,godzilla,5,1,2,1783610795962328576,0,1783610795962448896,0,1783610795962573056,1783610795962570957,101,price_side,order_id,BTC-USDT,BUY,64999.91,0.001,3847191305847373924,,120320,124160,244480
journal,godzilla,5,1,2,1783610795962628608,0,1783610795962725120,0,1783610795962807552,1783610795962805681,102,price_side,order_id,BTC-USDT,SELL,65000.119999999995,0.001,3847191305847373925,,96512,82432,178944
journal,godzilla,5,1,2,1783610795962929408,0,1783610795963115264,0,1783610795963261696,1783610795963258288,103,price_side,order_id,BTC-USDT,BUY,64999.93,0.001,3847191305847373926,,185856,146432,332288
journal,godzilla,5,1,2,1783610795963229696,0,1783610795963348480,0,1783610795963437568,1783610795963435600,104,price_side,order_id,BTC-USDT,SELL,65000.14,0.001,3847191305847373927,,118784,89088,207872
journal,godzilla,5,1,2,1783610795963584512,0,1783610795963634432,0,1783610795963704320,1783610795963702318,105,price_side,order_id,BTC-USDT,BUY,64999.950000000004,0.001,3847191305847373928,,49920,69888,119808
journal,godzilla,5,1,2,1783610795963829504,0,1783610795963869952,0,1783610795963965696,1783610795963953950,106,price_side,order_id,BTC-USDT,SELL,65000.159999999996,0.001,3847191305847373929,,40448,95744,136192
journal,godzilla,5,1,2,1783610795964129024,0,1783610795964263168,0,1783610795964392448,1783610795964389700,107,price_side,order_id,BTC-USDT,BUY,64999.97,0.001,3847191305847373930,,134144,129280,263424
journal,godzilla,5,1,2,1783610795964428544,0,1783610795964564736,0,1783610795964594432,1783610795964592679,108,price_side,order_id,BTC-USDT,SELL,65000.18,0.001,3847191305847373931,,136192,29696,165888
journal,godzilla,5,1,2,1783610795964729600,0,1783610795964794368,0,1783610795964858880,1783610795964857211,109,price_side,order_id,BTC-USDT,BUY,64999.99,0.001,3847191305847373932,,64768,64512,129280
journal,godzilla,5,1,2,1783610795965029888,0,1783610795965057280,0,1783610795965151232,1783610795965149303,110,price_side,order_id,BTC-USDT,SELL,65000.2,0.001,3847191305847373933,,27392,93952,121344
journal,godzilla,5,1,2,1783610795965328896,0,1783610795965464064,0,1783610795965592320,1783610795965589335,111,price_side,order_id,BTC-USDT,BUY,65000.01,0.001,3847191305847373934,,135168,128256,263424
journal,godzilla,5,1,2,1783610795965628928,0,1783610795965746688,0,1783610795965809664,1783610795965807529,112,price_side,order_id,BTC-USDT,SELL,65000.22,0.001,3847191305847373935,,117760,62976,180736
journal,godzilla,5,1,2,1783610795965958144,0,1783610795966116096,0,1783610795966254848,1783610795966251159,113,price_side,order_id,BTC-USDT,BUY,65000.03,0.001,3847191305847373936,,157952,138752,296704
journal,godzilla,5,1,2,1783610795966229760,0,1783610795966252800,0,1783610795966304768,1783610795966281414,114,price_side,order_id,BTC-USDT,SELL,65000.24,0.001,3847191305847373937,,23040,51968,75008
journal,godzilla,5,1,2,1783610795966558720,0,1783610795966729472,0,1783610795966885632,1783610795966882170,115,price_side,order_id,BTC-USDT,BUY,65000.05,0.001,3847191305847373938,,170752,156160,326912
journal,godzilla,5,1,2,1783610795966830592,0,1783610795966907136,0,1783610795967016960,1783610795967014240,116,price_side,order_id,BTC-USDT,SELL,65000.26,0.001,3847191305847373939,,76544,109824,186368
journal,godzilla,5,1,2,1783610795967132160,0,1783610795967188480,0,1783610795967203072,1783610795967199863,117,price_side,order_id,BTC-USDT,BUY,65000.07,0.001,3847191305847373940,,56320,14592,70912
journal,godzilla,5,1,2,1783610795967431424,0,1783610795967557376,0,1783610795967590400,1783610795967586155,118,price_side,order_id,BTC-USDT,SELL,65000.28,0.001,3847191305847373941,,125952,33024,158976
journal,godzilla,5,1,2,1783610795967729664,0,1783610795967862016,0,1783610795967911168,1783610795967891262,119,price_side,order_id,BTC-USDT,BUY,65000.090000000004,0.001,3847191305847373942,,132352,49152,181504
journal,godzilla,5,1,2,1783610795968032512,0,1783610795968385024,0,1783610795968516608,1783610795968513340,120,price_side,order_id,BTC-USDT,SELL,65000.299999999996,0.001,3847191305847373943,,352512,131584,484096
journal,godzilla,5,1,2,1783610795968329728,0,1783610795968504320,0,1783610795968536576,1783610795968534584,121,price_side,order_id,BTC-USDT,BUY,65000.11,0.001,3847191305847373944,,174592,32256,206848
journal,godzilla,5,1,2,1783610795968631040,0,1783610795968673280,0,1783610795968770816,1783610795968767467,122,price_side,order_id,BTC-USDT,SELL,65000.32,0.001,3847191305847373945,,42240,97536,139776
journal,godzilla,5,1,2,1783610795968932608,0,1783610795969064704,0,1783610795969157888,1783610795969155142,123,price_side,order_id,BTC-USDT,BUY,65000.130000000005,0.001,3847191305847373946,,132096,93184,225280
journal,godzilla,5,1,2,1783610795969244160,0,1783610795969295360,0,1783610795969360128,1783610795969356711,124,price_side,order_id,BTC-USDT,SELL,65000.34,0.001,3847191305847373947,,51200,64768,115968
journal,godzilla,5,1,2,1783610795969530624,0,1783610795969586176,0,1783610795969639936,1783610795969637538,125,price_side,order_id,BTC-USDT,BUY,65000.15,0.001,3847191305847373948,,55552,53760,109312
journal,godzilla,5,1,2,1783610795969830400,0,1783610795969951744,0,1783610795970011136,1783610795970008505,126,price_side,order_id,BTC-USDT,SELL,65000.36,0.001,3847191305847373949,,121344,59392,180736
journal,godzilla,5,1,2,1783610795970129408,0,1783610795970248960,0,1783610795970298624,1783610795970296360,127,price_side,order_id,BTC-USDT,BUY,65000.17,0.001,3847191305847373950,,119552,49664,169216
journal,godzilla,5,1,2,1783610795970429696,0,1783610795970498304,0,1783610795970568704,1783610795970566613,128,price_side,order_id,BTC-USDT,SELL,65000.38,0.001,3847191305847373951,,68608,70400,139008
journal,godzilla,5,1,2,1783610795970730496,0,1783610795970783232,0,1783610795970872576,1783610795970870368,129,price_side,order_id,BTC-USDT,BUY,65000.19,0.001,3847191305847373952,,52736,89344,142080
journal,godzilla,5,1,2,1783610795971030272,0,1783610795971182592,0,1783610795971326976,1783610795971323659,130,price_side,order_id,BTC-USDT,SELL,65000.4,0.001,3847191305847373953,,152320,144384,296704
journal,godzilla,5,1,2,1783610795971329792,0,1783610795971511296,0,1783610795971657984,1783610795971654842,131,price_side,order_id,BTC-USDT,BUY,65000.21,0.001,3847191305847373954,,181504,146688,328192
journal,godzilla,5,1,2,1783610795971630336,0,1783610795971675392,0,1783610795971767296,1783610795971753999,132,price_side,order_id,BTC-USDT,SELL,65000.42,0.001,3847191305847373955,,45056,91904,136960
journal,godzilla,5,1,2,1783610795971931392,0,1783610795972018432,0,1783610795972096768,1783610795972094101,133,price_side,order_id,BTC-USDT,BUY,65000.23,0.001,3847191305847373956,,87040,78336,165376
journal,godzilla,5,1,2,1783610795972244480,0,1783610795972402176,0,1783610795972549888,1783610795972546429,134,price_side,order_id,BTC-USDT,SELL,65000.439999999995,0.001,3847191305847373957,,157696,147712,305408
journal,godzilla,5,1,2,1783610795972529664,0,1783610795972668672,0,1783610795972691968,1783610795972688939,135,price_side,order_id,BTC-USDT,BUY,65000.25,0.001,3847191305847373958,,139008,23296,162304
journal,godzilla,5,1,2,1783610795972829184,0,1783610795972917760,0,1783610795972993024,1783610795972990484,136,price_side,order_id,BTC-USDT,SELL,65000.46,0.001,3847191305847373959,,88576,75264,163840
journal,godzilla,5,1,2,1783610795973130496,0,1783610795973197056,0,1783610795973264896,1783610795973262744,137,price_side,order_id,BTC-USDT,BUY,65000.270000000004,0.001,3847191305847373960,,66560,67840,134400
journal,godzilla,5,1,2,1783610795973429760,0,1783610795973528576,0,1783610795973552640,1783610795973550789,138,price_side,order_id,BTC-USDT,SELL,65000.479999999996,0.001,3847191305847373961,,98816,24064,122880
journal,godzilla,5,1,2,1783610795973729024,0,1783610795973902080,0,1783610795974039040,1783610795974036139,139,price_side,order_id,BTC-USDT,BUY,65000.29,0.001,3847191305847373962,,173056,136960,310016
journal,godzilla,5,1,2,1783610795974029312,0,1783610795974141696,0,1783610795974169088,1783610795974166361,140,price_side,order_id,BTC-USDT,SELL,65000.5,0.001,3847191305847373963,,112384,27392,139776
journal,godzilla,5,1,2,1783610795974331392,0,1783610795974416640,0,1783610795974463488,1783610795974460818,141,price_side,order_id,BTC-USDT,BUY,65000.310000000005,0.001,3847191305847373964,,85248,46848,132096
journal,godzilla,5,1,2,1783610795974630656,0,1783610795974805248,0,1783610795974957568,1783610795974953851,142,price_side,order_id,BTC-USDT,SELL,65000.52,0.001,3847191305847373965,,174592,152320,326912
journal,godzilla,5,1,2,1783610795974949376,0,1783610795975057920,0,1783610795975097600,1783610795975094498,143,price_side,order_id,BTC-USDT,BUY,65000.33,0.001,3847191305847373966,,108544,39680,148224
journal,godzilla,5,1,2,1783610795975230720,0,1783610795975262976,0,1783610795975303936,1783610795975301899,144,price_side,order_id,BTC-USDT,SELL,65000.54,0.001,3847191305847373967,,32256,40960,73216
journal,godzilla,5,1,2,1783610795975529472,0,1783610795975622912,0,1783610795975657472,1783610795975655254,145,price_side,order_id,BTC-USDT,BUY,65000.35,0.001,3847191305847373968,,93440,34560,128000
journal,godzilla,5,1,2,1783610795975830016,0,1783610795975977472,0,1783610795976164352,1783610795976137722,146,price_side,order_id,BTC-USDT,SELL,65000.56,0.001,3847191305847373969,,147456,186880,334336
journal,godzilla,5,1,2,1783610795976129792,0,1783610795976391168,0,1783610795976510464,1783610795976505821,147,price_side,order_id,BTC-USDT,BUY,65000.37,0.001,3847191305847373970,,261376,119296,380672
journal,godzilla,5,1,2,1783610795976432128,0,1783610795976519680,0,1783610795976536832,1783610795976535029,148,price_side,order_id,BTC-USDT,SELL,65000.58,0.001,3847191305847373971,,87552,17152,104704
journal,godzilla,5,1,2,1783610795976731648,0,1783610795976882688,0,1783610795976923904,1783610795976921225,149,price_side,order_id,BTC-USDT,BUY,65000.39,0.001,3847191305847373972,,151040,41216,192256
journal,godzilla,5,1,2,1783610795977030912,0,1783610795977049088,0,1783610795977163264,1783610795977161031,150,price_side,order_id,BTC-USDT,SELL,65000.6,0.001,3847191305847373973,,18176,114176,132352
journal,godzilla,5,1,2,1783610795977330944,0,1783610795977478656,0,1783610795977632512,1783610795977629431,151,price_side,order_id,BTC-USDT,BUY,65000.41,0.001,3847191305847373974,,147712,153856,301568
journal,godzilla,5,1,2,1783610795977629952,0,1783610795977738240,0,1783610795977775872,1783610795977772810,152,price_side,order_id,BTC-USDT,SELL,65000.619999999995,0.001,3847191305847373975,,108288,37632,145920
journal,godzilla,5,1,2,1783610795977986048,0,1783610795978028800,0,1783610795978143488,1783610795978139787,153,price_side,order_id,BTC-USDT,BUY,65000.43,0.001,3847191305847373976,,42752,114688,157440
journal,godzilla,5,1,2,1783610795978231296,0,1783610795978314752,0,1783610795978428160,1783610795978425016,154,price_side,order_id,BTC-USDT,SELL,65000.64,0.001,3847191305847373977,,83456,113408,196864
journal,godzilla,5,1,2,1783610795978531072,0,1783610795978585856,0,1783610795978633984,1783610795978631250,155,price_side,order_id,BTC-USDT,BUY,65000.450000000004,0.001,3847191305847373978,,54784,48128,102912
journal,godzilla,5,1,2,1783610795978831104,0,1783610795978875136,0,1783610795978903552,1783610795978900142,156,price_side,order_id,BTC-USDT,SELL,65000.659999999996,0.001,3847191305847373979,,44032,28416,72448
journal,godzilla,5,1,2,1783610795979131136,0,1783610795979158528,0,1783610795979176960,1783610795979173466,157,price_side,order_id,BTC-USDT,BUY,65000.47,0.001,3847191305847373980,,27392,18432,45824
journal,godzilla,5,1,2,1783610795979431168,0,1783610795979522304,0,1783610795979655168,1783610795979651514,158,price_side,order_id,BTC-USDT,SELL,65000.68,0.001,3847191305847373981,,91136,132864,224000
journal,godzilla,5,1,2,1783610795979730944,0,1783610795979782912,0,1783610795980015872,1783610795979964181,159,price_side,order_id,BTC-USDT,BUY,65000.49,0.001,3847191305847373982,,51968,232960,284928
journal,godzilla,5,1,2,1783610795980030976,0,1783610795980144896,0,1783610795980225024,1783610795980222502,160,price_side,order_id,BTC-USDT,SELL,65000.7,0.001,3847191305847373983,,113920,80128,194048
journal,godzilla,5,1,2,1783610795980330496,0,1783610795980413696,0,1783610795980427264,1783610795980424854,161,price_side,order_id,BTC-USDT,BUY,65000.51,0.001,3847191305847373984,,83200,13568,96768
journal,godzilla,5,1,2,1783610795980630272,0,1783610795980670208,0,1783610795980717568,1783610795980714231,162,price_side,order_id,BTC-USDT,SELL,65000.72,0.001,3847191305847373985,,39936,47360,87296
journal,godzilla,5,1,2,1783610795980941312,0,1783610795981073408,0,1783610795981100032,1783610795981097033,163,price_side,order_id,BTC-USDT,BUY,65000.53,0.001,3847191305847373986,,132096,26624,158720
journal,godzilla,5,1,2,1783610795981230080,0,1783610795981309696,0,1783610795981336064,1783610795981333574,164,price_side,order_id,BTC-USDT,SELL,65000.74,0.001,3847191305847373987,,79616,26368,105984
journal,godzilla,5,1,2,1783610795981530880,0,1783610795981582336,0,1783610795981683456,1783610795981680811,165,price_side,order_id,BTC-USDT,BUY,65000.55,0.001,3847191305847373988,,51456,101120,152576
journal,godzilla,5,1,2,1783610795981830400,0,1783610795981951232,0,1783610795981977600,1783610795981975157,166,price_side,order_id,BTC-USDT,SELL,65000.76,0.001,3847191305847373989,,120832,26368,147200
journal,godzilla,5,1,2,1783610795982129408,0,1783610795982182656,0,1783610795982204928,1783610795982202490,167,price_side,order_id,BTC-USDT,BUY,65000.57,0.001,3847191305847373990,,53248,22272,75520
journal,godzilla,5,1,2,1783610795982429952,0,1783610795982543872,0,1783610795982567168,1783610795982564805,168,price_side,order_id,BTC-USDT,SELL,65000.78,0.001,3847191305847373991,,113920,23296,137216
journal,godzilla,5,1,2,1783610795982729984,0,1783610795982747392,0,1783610795982770944,1783610795982768155,169,price_side,order_id,BTC-USDT,BUY,65000.590000000004,0.001,3847191305847373992,,17408,23552,40960
journal,godzilla,5,1,2,1783610795983028992,0,1783610795983144192,0,1783610795983168256,1783610795983166010,170,price_side,order_id,BTC-USDT,SELL,65000.799999999996,0.001,3847191305847373993,,115200,24064,139264
journal,godzilla,5,1,2,1783610795983329536,0,1783610795983361280,0,1783610795983385344,1783610795983382536,171,price_side,order_id,BTC-USDT,BUY,65000.61,0.001,3847191305847373994,,31744,24064,55808
journal,godzilla,5,1,2,1783610795983640064,0,1783610795983752704,0,1783610795983780864,1783610795983771033,172,price_side,order_id,BTC-USDT,SELL,65000.82,0.001,3847191305847373995,,112640,28160,140800
journal,godzilla,5,1,2,1783610795983950592,0,1783610795983971072,0,1783610795984000512,1783610795983993351,173,price_side,order_id,BTC-USDT,BUY,65000.630000000005,0.001,3847191305847373996,,20480,29440,49920
journal,godzilla,5,1,2,1783610795984230400,0,1783610795984353536,0,1783610795984365056,1783610795984362934,174,price_side,order_id,BTC-USDT,SELL,65000.84,0.001,3847191305847373997,,123136,11520,134656
journal,godzilla,5,1,2,1783610795984528896,0,1783610795984631808,0,1783610795984654336,1783610795984652366,175,price_side,order_id,BTC-USDT,BUY,65000.65,0.001,3847191305847373998,,102912,22528,125440
journal,godzilla,5,1,2,1783610795984829696,0,1783610795984934400,0,1783610795984953344,1783610795984951351,176,price_side,order_id,BTC-USDT,SELL,65000.86,0.001,3847191305847373999,,104704,18944,123648
journal,godzilla,5,1,2,1783610795985129728,0,1783610795985237248,0,1783610795985254656,1783610795985252550,177,price_side,order_id,BTC-USDT,BUY,65000.67,0.001,3847191305847374000,,107520,17408,124928
journal,godzilla,5,1,2,1783610795985428992,0,1783610795985659904,0,1783610795985811712,1783610795985808968,178,price_side,order_id,BTC-USDT,SELL,65000.88,0.001,3847191305847374001,,230912,151808,382720
journal,godzilla,5,1,2,1783610795985728768,0,1783610795985756416,0,1783610795985828096,1783610795985826552,179,price_side,order_id,BTC-USDT,BUY,65000.69,0.001,3847191305847374002,,27648,71680,99328
journal,godzilla,5,1,2,1783610795986029824,0,1783610795986093056,0,1783610795986114304,1783610795986112068,180,price_side,order_id,BTC-USDT,SELL,65000.9,0.001,3847191305847374003,,63232,21248,84480
journal,godzilla,5,1,2,1783610795986329600,0,1783610795986658304,0,1783610795986776832,1783610795986773913,181,price_side,order_id,BTC-USDT,BUY,65000.71,0.001,3847191305847374004,,328704,118528,447232
journal,godzilla,5,1,2,1783610795986636800,0,1783610795986788352,0,1783610795986878464,1783610795986875841,182,price_side,order_id,BTC-USDT,SELL,65000.92,0.001,3847191305847374005,,151552,90112,241664
journal,godzilla,5,1,2,1783610795986930432,0,1783610795986964480,0,1783610795986983424,1783610795986980678,183,price_side,order_id,BTC-USDT,BUY,65000.73,0.001,3847191305847374006,,34048,18944,52992
journal,godzilla,5,1,2,1783610795987244032,0,1783610795987264768,0,1783610795987288832,1783610795987286254,184,price_side,order_id,BTC-USDT,SELL,65000.939999999995,0.001,3847191305847374007,,20736,24064,44800
journal,godzilla,5,1,2,1783610795987528704,0,1783610795987634432,0,1783610795987664896,1783610795987654418,185,price_side,order_id,BTC-USDT,BUY,65000.75,0.001,3847191305847374008,,105728,30464,136192
journal,godzilla,5,1,2,1783610795987830272,0,1783610795987935744,0,1783610795987958016,1783610795987955684,186,price_side,order_id,BTC-USDT,SELL,65000.96,0.001,3847191305847374009,,105472,22272,127744
journal,godzilla,5,1,2,1783610795988130304,0,1783610795988145920,0,1783610795988169216,1783610795988166188,187,price_side,order_id,BTC-USDT,BUY,65000.770000000004,0.001,3847191305847374010,,15616,23296,38912
journal,godzilla,5,1,2,1783610795988429056,0,1783610795988565504,0,1783610795988702720,1783610795988699467,188,price_side,order_id,BTC-USDT,SELL,65000.979999999996,0.001,3847191305847374011,,136448,137216,273664
journal,godzilla,5,1,2,1783610795988730112,0,1783610795988832000,0,1783610795988942848,1783610795988940491,189,price_side,order_id,BTC-USDT,BUY,65000.79,0.001,3847191305847374012,,101888,110848,212736
journal,godzilla,5,1,2,1783610795989030144,0,1783610795989046528,0,1783610795989140736,1783610795989138263,190,price_side,order_id,BTC-USDT,SELL,65001.0,0.001,3847191305847374013,,16384,94208,110592
journal,godzilla,5,1,2,1783610795989340160,0,1783610795989469184,0,1783610795989609472,1783610795989606132,191,price_side,order_id,BTC-USDT,BUY,65000.810000000005,0.001,3847191305847374014,,129024,140288,269312
journal,godzilla,5,1,2,1783610795989630208,0,1783610795989715968,0,1783610795989836800,1783610795989834577,192,price_side,order_id,BTC-USDT,SELL,65001.02,0.001,3847191305847374015,,85760,120832,206592
journal,godzilla,5,1,2,1783610795989929216,0,1783610795990008320,0,1783610795990114048,1783610795990110927,193,price_side,order_id,BTC-USDT,BUY,65000.83,0.001,3847191305847374016,,79104,105728,184832
journal,godzilla,5,1,2,1783610795990230272,0,1783610795990252288,0,1783610795990276352,1783610795990273609,194,price_side,order_id,BTC-USDT,SELL,65001.04,0.001,3847191305847374017,,22016,24064,46080
journal,godzilla,5,1,2,1783610795990529024,0,1783610795990642944,0,1783610795990667008,1783610795990664761,195,price_side,order_id,BTC-USDT,BUY,65000.85,0.001,3847191305847374018,,113920,24064,137984
journal,godzilla,5,1,2,1783610795990830080,0,1783610795990855680,0,1783610795990878720,1783610795990875697,196,price_side,order_id,BTC-USDT,SELL,65001.06,0.001,3847191305847374019,,25600,23040,48640
journal,godzilla,5,1,2,1783610795991130368,0,1783610795991146240,0,1783610795991164672,1783610795991161474,197,price_side,order_id,BTC-USDT,BUY,65000.87,0.001,3847191305847374020,,15872,18432,34304
journal,godzilla,5,1,2,1783610795991428608,0,1783610795991533312,0,1783610795991555840,1783610795991553694,198,price_side,order_id,BTC-USDT,SELL,65001.08,0.001,3847191305847374021,,104704,22528,127232
journal,godzilla,5,1,2,1783610795991729408,0,1783610795991830528,0,1783610795991861760,1783610795991851146,199,price_side,order_id,BTC-USDT,BUY,65000.89,0.001,3847191305847374022,,101120,31232,132352
journal,godzilla,5,1,2,1783610795992030208,0,1783610795992134400,0,1783610795992152832,1783610795992150794,200,price_side,order_id,BTC-USDT,SELL,65000.1,0.001,3847191305847374023,,104192,18432,122624
journal,godzilla,5,1,2,1783610795992338944,0,1783610795992442880,0,1783610795992463360,1783610795992461395,201,price_side,order_id,BTC-USDT,BUY,64999.91,0.001,3847191305847374024,,103936,20480,124416
journal,godzilla,5,1,2,1783610795992630016,0,1783610795992730368,0,1783610795992749568,1783610795992747579,202,price_side,order_id,BTC-USDT,SELL,65000.119999999995,0.001,3847191305847374025,,100352,19200,119552
journal,godzilla,5,1,2,1783610795992929792,0,1783610795993045760,0,1783610795993059584,1783610795993057608,203,price_side,order_id,BTC-USDT,BUY,64999.93,0.001,3847191305847374026,,115968,13824,129792
journal,godzilla,5,1,2,1783610795993228800,0,1783610795993326592,0,1783610795993350144,1783610795993347872,204,price_side,order_id,BTC-USDT,SELL,65000.14,0.001,3847191305847374027,,97792,23552,121344
journal,godzilla,5,1,2,1783610795993529600,0,1783610795993634560,0,1783610795993653504,1783610795993651471,205,price_side,order_id,BTC-USDT,BUY,64999.950000000004,0.001,3847191305847374028,,104960,18944,123904
journal,godzilla,5,1,2,1783610795993829632,0,1783610795993933312,0,1783610795993953024,1783610795993951012,206,price_side,order_id,BTC-USDT,SELL,65000.159999999996,0.001,3847191305847374029,,103680,19712,123392
journal,godzilla,5,1,2,1783610795994129920,0,1783610795994310400,0,1783610795994452992,1783610795994450099,207,price_side,order_id,BTC-USDT,BUY,64999.97,0.001,3847191305847374030,,180480,142592,323072
journal,godzilla,5,1,2,1783610795994428928,0,1783610795994539776,0,1783610795994550016,1783610795994548259,208,price_side,order_id,BTC-USDT,SELL,65000.18,0.001,3847191305847374031,,110848,10240,121088
journal,godzilla,5,1,2,1783610795994729216,0,1783610795995192320,0,1783610795995330048,1783610795995327121,209,price_side,order_id,BTC-USDT,BUY,64999.99,0.001,3847191305847374032,,463104,137728,600832
journal,godzilla,5,1,2,1783610795995034624,0,1783610795995277824,0,1783610795995352320,1783610795995349924,210,price_side,order_id,BTC-USDT,SELL,65000.2,0.001,3847191305847374033,,243200,74496,317696
journal,godzilla,5,1,2,1783610795995329024,0,1783610795995369728,0,1783610795995428352,1783610795995426786,211,price_side,order_id,BTC-USDT,BUY,65000.01,0.001,3847191305847374034,,40704,58624,99328
journal,godzilla,5,1,2,1783610795995629824,0,1783610795995751424,0,1783610795995788032,1783610795995778942,212,price_side,order_id,BTC-USDT,SELL,65000.22,0.001,3847191305847374035,,121600,36608,158208
journal,godzilla,5,1,2,1783610795995929088,0,1783610795996022016,0,1783610795996080640,1783610795996078417,213,price_side,order_id,BTC-USDT,BUY,65000.03,0.001,3847191305847374036,,92928,58624,151552
journal,godzilla,5,1,2,1783610795996229632,0,1783610795996270336,0,1783610795996347648,1783610795996345896,214,price_side,order_id,BTC-USDT,SELL,65000.24,0.001,3847191305847374037,,40704,77312,118016
journal,godzilla,5,1,2,1783610795996528896,0,1783610795996646912,0,1783610795996770816,1783610795996768389,215,price_side,order_id,BTC-USDT,BUY,65000.05,0.001,3847191305847374038,,118016,123904,241920
journal,godzilla,5,1,2,1783610795996828672,0,1783610795996920576,0,1783610795997024256,1783610795997021334,216,price_side,order_id,BTC-USDT,SELL,65000.26,0.001,3847191305847374039,,91904,103680,195584
journal,godzilla,5,1,2,1783610795997129472,0,1783610795997145344,0,1783610795997248000,1783610795997245296,217,price_side,order_id,BTC-USDT,BUY,65000.07,0.001,3847191305847374040,,15872,102656,118528
journal,godzilla,5,1,2,1783610795997428480,0,1783610795997548800,0,1783610795997668608,1783610795997666655,218,price_side,order_id,BTC-USDT,SELL,65000.28,0.001,3847191305847374041,,120320,119808,240128
journal,godzilla,5,1,2,1783610795997728512,0,1783610795997785088,0,1783610795997863936,1783610795997862087,219,price_side,order_id,BTC-USDT,BUY,65000.090000000004,0.001,3847191305847374042,,56576,78848,135424
journal,godzilla,5,1,2,1783610795998038784,0,1783610795998152192,0,1783610795998273280,1783610795998271108,220,price_side,order_id,BTC-USDT,SELL,65000.299999999996,0.001,3847191305847374043,,113408,121088,234496
journal,godzilla,5,1,2,1783610795998328576,0,1783610795998418432,0,1783610795998526976,1783610795998506118,221,price_side,order_id,BTC-USDT,BUY,65000.11,0.001,3847191305847374044,,89856,108544,198400
journal,godzilla,5,1,2,1783610795998629120,0,1783610795998727168,0,1783610795998749696,1783610795998747716,222,price_side,order_id,BTC-USDT,SELL,65000.32,0.001,3847191305847374045,,98048,22528,120576
journal,godzilla,5,1,2,1783610795998929920,0,1783610795999035648,0,1783610795999052288,1783610795999050280,223,price_side,order_id,BTC-USDT,BUY,65000.130000000005,0.001,3847191305847374046,,105728,16640,122368
journal,godzilla,5,1,2,1783610795999228672,0,1783610795999326208,0,1783610795999348480,1783610795999346336,224,price_side,order_id,BTC-USDT,SELL,65000.34,0.001,3847191305847374047,,97536,22272,119808
journal,godzilla,5,1,2,1783610795999528448,0,1783610795999628800,0,1783610795999657216,1783610795999646854,225,price_side,order_id,BTC-USDT,BUY,65000.15,0.001,3847191305847374048,,100352,28416,128768
journal,godzilla,5,1,2,1783610795999829760,0,1783610795999926784,0,1783610795999946496,1783610795999944491,226,price_side,order_id,BTC-USDT,SELL,65000.36,0.001,3847191305847374049,,97024,19712,116736
journal,godzilla,5,1,2,1783610796000129536,0,1783610796000224768,0,1783610796000241664,1783610796000239716,227,price_side,order_id,BTC-USDT,BUY,65000.17,0.001,3847191305847374050,,95232,16896,112128
journal,godzilla,5,1,2,1783610796000428544,0,1783610796000524800,0,1783610796000543744,1783610796000541714,228,price_side,order_id,BTC-USDT,SELL,65000.38,0.001,3847191305847374051,,96256,18944,115200
journal,godzilla,5,1,2,1783610796000792576,0,1783610796000896000,0,1783610796000915968,1783610796000913620,229,price_side,order_id,BTC-USDT,BUY,65000.19,0.001,3847191305847374052,,103424,19968,123392
journal,godzilla,5,1,2,1783610796001030144,0,1783610796001113088,0,1783610796001175040,1783610796001173084,230,price_side,order_id,BTC-USDT,SELL,65000.4,0.001,3847191305847374053,,82944,61952,144896
journal,godzilla,5,1,2,1783610796001328640,0,1783610796001483264,0,1783610796001616896,1783610796001613904,231,price_side,order_id,BTC-USDT,BUY,65000.21,0.001,3847191305847374054,,154624,133632,288256
journal,godzilla,5,1,2,1783610796001629184,0,1783610796001770496,0,1783610796001894912,1783610796001892316,232,price_side,order_id,BTC-USDT,SELL,65000.42,0.001,3847191305847374055,,141312,124416,265728
journal,godzilla,5,1,2,1783610796001928704,0,1783610796002073344,0,1783610796002103808,1783610796002101678,233,price_side,order_id,BTC-USDT,BUY,65000.23,0.001,3847191305847374056,,144640,30464,175104
journal,godzilla,5,1,2,1783610796002229760,0,1783610796002283776,0,1783610796002351616,1783610796002349494,234,price_side,order_id,BTC-USDT,SELL,65000.439999999995,0.001,3847191305847374057,,54016,67840,121856
journal,godzilla,5,1,2,1783610796002528512,0,1783610796002741760,0,1783610796002879232,1783610796002876173,235,price_side,order_id,BTC-USDT,BUY,65000.25,0.001,3847191305847374058,,213248,137472,350720
journal,godzilla,5,1,2,1783610796002829056,0,1783610796002942464,0,1783610796002980864,1783610796002978824,236,price_side,order_id,BTC-USDT,SELL,65000.46,0.001,3847191305847374059,,113408,38400,151808
journal,godzilla,5,1,2,1783610796003130624,0,1783610796003194624,0,1783610796003260928,1783610796003258818,237,price_side,order_id,BTC-USDT,BUY,65000.270000000004,0.001,3847191305847374060,,64000,66304,130304
journal,godzilla,5,1,2,1783610796003428864,0,1783610796003542784,0,1783610796003565824,1783610796003552151,238,price_side,order_id,BTC-USDT,SELL,65000.479999999996,0.001,3847191305847374061,,113920,23040,136960
journal,godzilla,5,1,2,1783610796003740672,0,1783610796003856896,0,1783610796003980032,1783610796003977066,239,price_side,order_id,BTC-USDT,BUY,65000.29,0.001,3847191305847374062,,116224,123136,239360
journal,godzilla,5,1,2,1783610796004029184,0,1783610796004110848,0,1783610796004194048,1783610796004191934,240,price_side,order_id,BTC-USDT,SELL,65000.5,0.001,3847191305847374063,,81664,83200,164864
journal,godzilla,5,1,2,1783610796004329728,0,1783610796004441600,0,1783610796004455680,1783610796004453559,241,price_side,order_id,BTC-USDT,BUY,65000.310000000005,0.001,3847191305847374064,,111872,14080,125952
journal,godzilla,5,1,2,1783610796004628736,0,1783610796004739328,0,1783610796004754688,1783610796004752453,242,price_side,order_id,BTC-USDT,SELL,65000.52,0.001,3847191305847374065,,110592,15360,125952
journal,godzilla,5,1,2,1783610796004928768,0,1783610796005050880,0,1783610796005063680,1783610796005061322,243,price_side,order_id,BTC-USDT,BUY,65000.33,0.001,3847191305847374066,,122112,12800,134912
journal,godzilla,5,1,2,1783610796005228800,0,1783610796005339648,0,1783610796005472768,1783610796005470049,244,price_side,order_id,BTC-USDT,SELL,65000.54,0.001,3847191305847374067,,110848,133120,243968
journal,godzilla,5,1,2,1783610796005529344,0,1783610796005625088,0,1783610796005730048,1783610796005727030,245,price_side,order_id,BTC-USDT,BUY,65000.35,0.001,3847191305847374068,,95744,104960,200704
journal,godzilla,5,1,2,1783610796005829632,0,1783610796005877248,0,1783610796005896448,1783610796005893465,246,price_side,order_id,BTC-USDT,SELL,65000.56,0.001,3847191305847374069,,47616,19200,66816
journal,godzilla,5,1,2,1783610796006130176,0,1783610796006252544,0,1783610796006269696,1783610796006267340,247,price_side,order_id,BTC-USDT,BUY,65000.37,0.001,3847191305847374070,,122368,17152,139520
journal,godzilla,5,1,2,1783610796006430464,0,1783610796006547456,0,1783610796006563584,1783610796006561460,248,price_side,order_id,BTC-USDT,SELL,65000.58,0.001,3847191305847374071,,116992,16128,133120
journal,godzilla,5,1,2,1783610796006738688,0,1783610796006855936,0,1783610796006874112,1783610796006871861,249,price_side,order_id,BTC-USDT,BUY,65000.39,0.001,3847191305847374072,,117248,18176,135424
journal,godzilla,5,1,2,1783610796007030784,0,1783610796007139328,0,1783610796007152896,1783610796007150608,250,price_side,order_id,BTC-USDT,SELL,65000.6,0.001,3847191305847374073,,108544,13568,122112
journal,godzilla,5,1,2,1783610796007329024,0,1783610796007445760,0,1783610796007472896,1783610796007462448,251,price_side,order_id,BTC-USDT,BUY,65000.41,0.001,3847191305847374074,,116736,27136,143872
journal,godzilla,5,1,2,1783610796007631360,0,1783610796007717120,0,1783610796007772672,1783610796007769694,252,price_side,order_id,BTC-USDT,SELL,65000.619999999995,0.001,3847191305847374075,,85760,55552,141312
journal,godzilla,5,1,2,1783610796007930880,0,1783610796007983360,0,1783610796008076288,1783610796008073488,253,price_side,order_id,BTC-USDT,BUY,65000.43,0.001,3847191305847374076,,52480,92928,145408
journal,godzilla,5,1,2,1783610796008230656,0,1783610796008412160,0,1783610796008568320,1783610796008565337,254,price_side,order_id,BTC-USDT,SELL,65000.64,0.001,3847191305847374077,,181504,156160,337664
journal,godzilla,5,1,2,1783610796008529408,0,1783610796008607232,0,1783610796008679168,1783610796008677190,255,price_side,order_id,BTC-USDT,BUY,65000.450000000004,0.001,3847191305847374078,,77824,71936,149760
journal,godzilla,5,1,2,1783610796008829952,0,1783610796008973568,0,1783610796009122816,1783610796009119697,256,price_side,order_id,BTC-USDT,SELL,65000.659999999996,0.001,3847191305847374079,,143616,149248,292864
journal,godzilla,5,1,2,1783610796009129472,0,1783610796009252096,0,1783610796009290752,1783610796009288729,257,price_side,order_id,BTC-USDT,BUY,65000.47,0.001,3847191305847374080,,122624,38656,161280
journal,godzilla,5,1,2,1783610796009443584,0,1783610796009562368,0,1783610796009780480,1783610796009777039,258,price_side,order_id,BTC-USDT,SELL,65000.68,0.001,3847191305847374081,,118784,218112,336896
journal,godzilla,5,1,2,1783610796009729536,0,1783610796009921280,0,1783610796009988096,1783610796009984374,259,price_side,order_id,BTC-USDT,BUY,65000.49,0.001,3847191305847374082,,191744,66816,258560
journal,godzilla,5,1,2,1783610796010032384,0,1783610796010154240,0,1783610796010227712,1783610796010224453,260,price_side,order_id,BTC-USDT,SELL,65000.7,0.001,3847191305847374083,,121856,73472,195328
journal,godzilla,5,1,2,1783610796010330624,0,1783610796010409472,0,1783610796010423296,1783610796010420377,261,price_side,order_id,BTC-USDT,BUY,65000.51,0.001,3847191305847374084,,78848,13824,92672
journal,godzilla,5,1,2,1783610796010630144,0,1783610796010673152,0,1783610796010711040,1783610796010708167,262,price_side,order_id,BTC-USDT,SELL,65000.72,0.001,3847191305847374085,,43008,37888,80896
journal,godzilla,5,1,2,1783610796010929152,0,1783610796011060224,0,1783610796011201280,1783610796011198056,263,price_side,order_id,BTC-USDT,BUY,65000.53,0.001,3847191305847374086,,131072,141056,272128
journal,godzilla,5,1,2,1783610796011230208,0,1783610796011341824,0,1783610796011437568,1783610796011435442,264,price_side,order_id,BTC-USDT,SELL,65000.74,0.001,3847191305847374087,,111616,95744,207360
journal,godzilla,5,1,2,1783610796011529216,0,1783610796011608320,0,1783610796011737344,1783610796011699576,265,price_side,order_id,BTC-USDT,BUY,65000.55,0.001,3847191305847374088,,79104,129024,208128
journal,godzilla,5,1,2,1783610796011830784,0,1783610796011859456,0,1783610796011883264,1783610796011880189,266,price_side,order_id,BTC-USDT,SELL,65000.76,0.001,3847191305847374089,,28672,23808,52480
journal,godzilla,5,1,2,1783610796012130560,0,1783610796012160256,0,1783610796012185088,1783610796012181903,267,price_side,order_id,BTC-USDT,BUY,65000.57,0.001,3847191305847374090,,29696,24832,54528
journal,godzilla,5,1,2,1783610796012443392,0,1783610796012557312,0,1783610796012582400,1783610796012579984,268,price_side,order_id,BTC-USDT,SELL,65000.78,0.001,3847191305847374091,,113920,25088,139008
journal,godzilla,5,1,2,1783610796012730368,0,1783610796012769792,0,1783610796012795136,1783610796012792090,269,price_side,order_id,BTC-USDT,BUY,65000.590000000004,0.001,3847191305847374092,,39424,25344,64768
journal,godzilla,5,1,2,1783610796013030144,0,1783610796013138176,0,1783610796013157632,1783610796013155398,270,price_side,order_id,BTC-USDT,SELL,65000.799999999996,0.001,3847191305847374093,,108032,19456,127488
journal,godzilla,5,1,2,1783610796013329920,0,1783610796013432576,0,1783610796013451264,1783610796013449209,271,price_side,order_id,BTC-USDT,BUY,65000.61,0.001,3847191305847374094,,102656,18688,121344
journal,godzilla,5,1,2,1783610796013628416,0,1783610796013734912,0,1783610796013756928,1783610796013754716,272,price_side,order_id,BTC-USDT,SELL,65000.82,0.001,3847191305847374095,,106496,22016,128512
journal,godzilla,5,1,2,1783610796013929728,0,1783610796014049792,0,1783610796014064896,1783610796014061987,273,price_side,order_id,BTC-USDT,BUY,65000.630000000005,0.001,3847191305847374096,,120064,15104,135168
journal,godzilla,5,1,2,1783610796014228992,0,1783610796014331648,0,1783610796014353408,1783610796014351261,274,price_side,order_id,BTC-USDT,SELL,65000.84,0.001,3847191305847374097,,102656,21760,124416
journal,godzilla,5,1,2,1783610796014529792,0,1783610796014634240,0,1783610796014654208,1783610796014651833,275,price_side,order_id,BTC-USDT,BUY,65000.65,0.001,3847191305847374098,,104448,19968,124416
journal,godzilla,5,1,2,1783610796014829824,0,1783610796014933504,0,1783610796014952704,1783610796014950672,276,price_side,order_id,BTC-USDT,SELL,65000.86,0.001,3847191305847374099,,103680,19200,122880
journal,godzilla,5,1,2,1783610796015140352,0,1783610796015245824,0,1783610796015266816,1783610796015264469,277,price_side,order_id,BTC-USDT,BUY,65000.67,0.001,3847191305847374100,,105472,20992,126464
journal,godzilla,5,1,2,1783610796015430144,0,1783610796015443968,0,1783610796015478528,1783610796015465782,278,price_side,order_id,BTC-USDT,SELL,65000.88,0.001,3847191305847374101,,13824,34560,48384
journal,godzilla,5,1,2,1783610796015728896,0,1783610796015828992,0,1783610796015849984,1783610796015847927,279,price_side,order_id,BTC-USDT,BUY,65000.69,0.001,3847191305847374102,,100096,20992,121088
journal,godzilla,5,1,2,1783610796016174848,0,1783610796016249600,0,1783610796016291072,1783610796016285353,280,price_side,order_id,BTC-USDT,SELL,65000.9,0.001,3847191305847374103,,74752,41472,116224
journal,godzilla,5,1,2,1783610796016348416,0,1783610796016428800,0,1783610796016489216,1783610796016486433,281,price_side,order_id,BTC-USDT,BUY,65000.71,0.001,3847191305847374104,,80384,60416,140800
journal,godzilla,5,1,2,1783610796016630784,0,1783610796016701184,0,1783610796016732416,1783610796016729493,282,price_side,order_id,BTC-USDT,SELL,65000.92,0.001,3847191305847374105,,70400,31232,101632
journal,godzilla,5,1,2,1783610796016929536,0,1783610796017070336,0,1783610796017192960,1783610796017189874,283,price_side,order_id,BTC-USDT,BUY,65000.73,0.001,3847191305847374106,,140800,122624,263424
journal,godzilla,5,1,2,1783610796017228800,0,1783610796017312000,0,1783610796017407744,1783610796017405565,284,price_side,order_id,BTC-USDT,SELL,65000.939999999995,0.001,3847191305847374107,,83200,95744,178944
journal,godzilla,5,1,2,1783610796017529600,0,1783610796017647360,0,1783610796017660928,1783610796017658326,285,price_side,order_id,BTC-USDT,BUY,65000.75,0.001,3847191305847374108,,117760,13568,131328
journal,godzilla,5,1,2,1783610796017828608,0,1783610796017928704,0,1783610796017946368,1783610796017943704,286,price_side,order_id,BTC-USDT,SELL,65000.96,0.001,3847191305847374109,,100096,17664,117760
journal,godzilla,5,1,2,1783610796018143232,0,1783610796018241280,0,1783610796018260480,1783610796018258283,287,price_side,order_id,BTC-USDT,BUY,65000.770000000004,0.001,3847191305847374110,,98048,19200,117248
journal,godzilla,5,1,2,1783610796018429696,0,1783610796018527232,0,1783610796018545664,1783610796018543714,288,price_side,order_id,BTC-USDT,SELL,65000.979999999996,0.001,3847191305847374111,,97536,18432,115968
journal,godzilla,5,1,2,1783610796018728960,0,1783610796018840320,0,1783610796018962688,1783610796018960175,289,price_side,order_id,BTC-USDT,BUY,65000.79,0.001,3847191305847374112,,111360,122368,233728
journal,godzilla,5,1,2,1783610796019028992,0,1783610796019108352,0,1783610796019195136,1783610796019192719,290,price_side,order_id,BTC-USDT,SELL,65001.0,0.001,3847191305847374113,,79360,86784,166144
journal,godzilla,5,1,2,1783610796019329536,0,1783610796019428864,0,1783610796019460096,1783610796019446597,291,price_side,order_id,BTC-USDT,BUY,65000.810000000005,0.001,3847191305847374114,,99328,31232,130560
journal,godzilla,5,1,2,1783610796019630592,0,1783610796019727360,0,1783610796019741952,1783610796019740117,292,price_side,order_id,BTC-USDT,SELL,65001.02,0.001,3847191305847374115,,96768,14592,111360
journal,godzilla,5,1,2,1783610796019928576,0,1783610796020026112,0,1783610796020042752,1783610796020040597,293,price_side,order_id,BTC-USDT,BUY,65000.83,0.001,3847191305847374116,,97536,16640,114176
journal,godzilla,5,1,2,1783610796020228864,0,1783610796020321280,0,1783610796020342784,1783610796020340676,294,price_side,order_id,BTC-USDT,SELL,65001.04,0.001,3847191305847374117,,92416,21504,113920
journal,godzilla,5,1,2,1783610796020528384,0,1783610796020624896,0,1783610796020646400,1783610796020644427,295,price_side,order_id,BTC-USDT,BUY,65000.85,0.001,3847191305847374118,,96512,21504,118016
journal,godzilla,5,1,2,1783610796020838400,0,1783610796020933632,0,1783610796020952832,1783610796020950634,296,price_side,order_id,BTC-USDT,SELL,65001.06,0.001,3847191305847374119,,95232,19200,114432
journal,godzilla,5,1,2,1783610796021129728,0,1783610796021224192,0,1783610796021242368,1783610796021240363,297,price_side,order_id,BTC-USDT,BUY,65000.87,0.001,3847191305847374120,,94464,18176,112640
journal,godzilla,5,1,2,1783610796021428736,0,1783610796021524224,0,1783610796021546240,1783610796021544217,298,price_side,order_id,BTC-USDT,SELL,65001.08,0.001,3847191305847374121,,95488,22016,117504
journal,godzilla,5,1,2,1783610796021730304,0,1783610796021826304,0,1783610796021844480,1783610796021842535,299,price_side,order_id,BTC-USDT,BUY,65000.89,0.001,3847191305847374122,,96000,18176,114176
journal,godzilla,5,1,2,1783610796022028800,0,1783610796022129408,0,1783610796022150912,1783610796022148873,300,price_side,order_id,BTC-USDT,SELL,65000.1,0.001,3847191305847374123,,100608,21504,122112
journal,godzilla,5,1,2,1783610796022329600,0,1783610796022422016,0,1783610796022440960,1783610796022439002,301,price_side,order_id,BTC-USDT,BUY,64999.91,0.001,3847191305847374124,,92416,18944,111360
journal,godzilla,5,1,2,1783610796022628608,0,1783610796022727168,0,1783610796022748416,1783610796022746319,302,price_side,order_id,BTC-USDT,SELL,65000.119999999995,0.001,3847191305847374125,,98560,21248,119808
journal,godzilla,5,1,2,1783610796022929408,0,1783610796023033344,0,1783610796023051776,1783610796023049629,303,price_side,order_id,BTC-USDT,BUY,64999.93,0.001,3847191305847374126,,103936,18432,122368
journal,godzilla,5,1,2,1783610796023228672,0,1783610796023323648,0,1783610796023353600,1783610796023343846,304,price_side,order_id,BTC-USDT,SELL,65000.14,0.001,3847191305847374127,,94976,29952,124928
journal,godzilla,5,1,2,1783610796023529216,0,1783610796023626240,0,1783610796023640320,1783610796023638270,305,price_side,order_id,BTC-USDT,BUY,64999.950000000004,0.001,3847191305847374128,,97024,14080,111104
journal,godzilla,5,1,2,1783610796023895808,0,1783610796024024064,0,1783610796024150272,1783610796024146696,306,price_side,order_id,BTC-USDT,SELL,65000.159999999996,0.001,3847191305847374129,,128256,126208,254464
journal,godzilla,5,1,2,1783610796024129536,0,1783610796024216576,0,1783610796024239616,1783610796024236935,307,price_side,order_id,BTC-USDT,BUY,64999.97,0.001,3847191305847374130,,87040,23040,110080
journal,godzilla,5,1,2,1783610796024429824,0,1783610796024447232,0,1783610796024468736,1783610796024466027,308,price_side,order_id,BTC-USDT,SELL,65000.18,0.001,3847191305847374131,,17408,21504,38912
journal,godzilla,5,1,2,1783610796024728320,0,1783610796024816896,0,1783610796024838400,1783610796024836269,309,price_side,order_id,BTC-USDT,BUY,64999.99,0.001,3847191305847374132,,88576,21504,110080
journal,godzilla,5,1,2,1783610796025028608,0,1783610796025128192,0,1783610796025149184,1783610796025147004,310,price_side,order_id,BTC-USDT,SELL,65000.2,0.001,3847191305847374133,,99584,20992,120576
journal,godzilla,5,1,2,1783610796025329408,0,1783610796025425664,0,1783610796025443584,1783610796025441610,311,price_side,order_id,BTC-USDT,BUY,65000.01,0.001,3847191305847374134,,96256,17920,114176
journal,godzilla,5,1,2,1783610796025628672,0,1783610796025721088,0,1783610796025736192,1783610796025734235,312,price_side,order_id,BTC-USDT,SELL,65000.22,0.001,3847191305847374135,,92416,15104,107520
journal,godzilla,5,1,2,1783610796025928448,0,1783610796026028032,0,1783610796026042112,1783610796026040166,313,price_side,order_id,BTC-USDT,BUY,65000.03,0.001,3847191305847374136,,99584,14080,113664
journal,godzilla,5,1,2,1783610796026228736,0,1783610796026326016,0,1783610796026346752,1783610796026344743,314,price_side,order_id,BTC-USDT,SELL,65000.24,0.001,3847191305847374137,,97280,20736,118016
journal,godzilla,5,1,2,1783610796026537472,0,1783610796026644480,0,1783610796026658048,1783610796026655887,315,price_side,order_id,BTC-USDT,BUY,65000.05,0.001,3847191305847374138,,107008,13568,120576
journal,godzilla,5,1,2,1783610796026828544,0,1783610796026935296,0,1783610796027067392,1783610796027065109,316,price_side,order_id,BTC-USDT,SELL,65000.26,0.001,3847191305847374139,,106752,132096,238848
journal,godzilla,5,1,2,1783610796027128832,0,1783610796027192320,0,1783610796027354624,1783610796027264299,317,price_side,order_id,BTC-USDT,BUY,65000.07,0.001,3847191305847374140,,63488,162304,225792
journal,godzilla,5,1,2,1783610796027430912,0,1783610796027470080,0,1783610796027577856,1783610796027575459,318,price_side,order_id,BTC-USDT,SELL,65000.28,0.001,3847191305847374141,,39168,107776,146944
journal,godzilla,5,1,2,1783610796027728896,0,1783610796027830784,0,1783610796027846144,1783610796027843918,319,price_side,order_id,BTC-USDT,BUY,65000.090000000004,0.001,3847191305847374142,,101888,15360,117248
journal,godzilla,5,1,2,1783610796028028672,0,1783610796028132608,0,1783610796028149504,1783610796028147382,320,price_side,order_id,BTC-USDT,SELL,65000.299999999996,0.001,3847191305847374143,,103936,16896,120832
journal,godzilla,5,1,2,1783610796028328448,0,1783610796028423424,0,1783610796028442112,1783610796028439002,321,price_side,order_id,BTC-USDT,BUY,65000.11,0.001,3847191305847374144,,94976,18688,113664
journal,godzilla,5,1,2,1783610796028628736,0,1783610796028767488,0,1783610796028902144,1783610796028898809,322,price_side,order_id,BTC-USDT,SELL,65000.32,0.001,3847191305847374145,,138752,134656,273408
journal,godzilla,5,1,2,1783610796028929536,0,1783610796029048576,0,1783610796029133568,1783610796029130812,323,price_side,order_id,BTC-USDT,BUY,65000.130000000005,0.001,3847191305847374146,,119040,84992,204032
journal,godzilla,5,1,2,1783610796029255936,0,1783610796029382400,0,1783610796029498368,1783610796029495690,324,price_side,order_id,BTC-USDT,SELL,65000.34,0.001,3847191305847374147,,126464,115968,242432
journal,godzilla,5,1,2,1783610796029537536,0,1783610796029629952,0,1783610796029723136,1783610796029721179,325,price_side,order_id,BTC-USDT,BUY,65000.15,0.001,3847191305847374148,,92416,93184,185600
journal,godzilla,5,1,2,1783610796029830144,0,1783610796029876736,0,1783610796029970432,1783610796029967351,326,price_side,order_id,BTC-USDT,SELL,65000.36,0.001,3847191305847374149,,46592,93696,140288
journal,godzilla,5,1,2,1783610796030128896,0,1783610796030233344,0,1783610796030251264,1783610796030249211,327,price_side,order_id,BTC-USDT,BUY,65000.17,0.001,3847191305847374150,,104448,17920,122368
journal,godzilla,5,1,2,1783610796030430208,0,1783610796030465024,0,1783610796030554112,1783610796030552192,328,price_side,order_id,BTC-USDT,SELL,65000.38,0.001,3847191305847374151,,34816,89088,123904
journal,godzilla,5,1,2,1783610796030728448,0,1783610796030892544,0,1783610796031030528,1783610796031027812,329,price_side,order_id,BTC-USDT,BUY,65000.19,0.001,3847191305847374152,,164096,137984,302080
journal,godzilla,5,1,2,1783610796031028992,0,1783610796031145984,0,1783610796031167488,1783610796031165096,330,price_side,order_id,BTC-USDT,SELL,65000.4,0.001,3847191305847374153,,116992,21504,138496
journal,godzilla,5,1,2,1783610796031329280,0,1783610796031430144,0,1783610796031459072,1783610796031445650,331,price_side,order_id,BTC-USDT,BUY,65000.21,0.001,3847191305847374154,,100864,28928,129792
journal,godzilla,5,1,2,1783610796031629824,0,1783610796031732736,0,1783610796031750656,1783610796031748855,332,price_side,order_id,BTC-USDT,SELL,65000.42,0.001,3847191305847374155,,102912,17920,120832
journal,godzilla,5,1,2,1783610796031929600,0,1783610796032049152,0,1783610796032064000,1783610796032061837,333,price_side,order_id,BTC-USDT,BUY,65000.23,0.001,3847191305847374156,,119552,14848,134400
journal,godzilla,5,1,2,1783610796032237312,0,1783610796032346112,0,1783610796032477696,1783610796032474280,334,price_side,order_id,BTC-USDT,SELL,65000.439999999995,0.001,3847191305847374157,,108800,131584,240384
journal,godzilla,5,1,2,1783610796032529152,0,1783610796032599552,0,1783610796032713984,1783610796032711828,335,price_side,order_id,BTC-USDT,BUY,65000.25,0.001,3847191305847374158,,70400,114432,184832
journal,godzilla,5,1,2,1783610796032830208,0,1783610796032852992,0,1783610796032874752,1783610796032872044,336,price_side,order_id,BTC-USDT,SELL,65000.46,0.001,3847191305847374159,,22784,21760,44544
journal,godzilla,5,1,2,1783610796033129984,0,1783610796033232896,0,1783610796033252608,1783610796033250218,337,price_side,order_id,BTC-USDT,BUY,65000.270000000004,0.001,3847191305847374160,,102912,19712,122624
journal,godzilla,5,1,2,1783610796033430272,0,1783610796033544960,0,1783610796033565184,1783610796033563137,338,price_side,order_id,BTC-USDT,SELL,65000.479999999996,0.001,3847191305847374161,,114688,20224,134912
journal,godzilla,5,1,2,1783610796033730304,0,1783610796033745920,0,1783610796033769472,1783610796033766484,339,price_side,order_id,BTC-USDT,BUY,65000.29,0.001,3847191305847374162,,15616,23552,39168
journal,godzilla,5,1,2,1783610796034029312,0,1783610796034141696,0,1783610796034161408,1783610796034159114,340,price_side,order_id,BTC-USDT,SELL,65000.5,0.001,3847191305847374163,,112384,19712,132096
journal,godzilla,5,1,2,1783610796034328832,0,1783610796034432000,0,1783610796034451968,1783610796034449807,341,price_side,order_id,BTC-USDT,BUY,65000.310000000005,0.001,3847191305847374164,,103168,19968,123136
journal,godzilla,5,1,2,1783610796034629888,0,1783610796034730240,0,1783610796034751488,1783610796034749493,342,price_side,order_id,BTC-USDT,SELL,65000.52,0.001,3847191305847374165,,100352,21248,121600
journal,godzilla,5,1,2,1783610796034929920,0,1783610796035045120,0,1783610796035166976,1783610796035164736,343,price_side,order_id,BTC-USDT,BUY,65000.33,0.001,3847191305847374166,,115200,121856,237056
journal,godzilla,5,1,2,1783610796035257600,0,1783610796035289344,0,1783610796035450880,1783610796035438877,344,price_side,order_id,BTC-USDT,SELL,65000.54,0.001,3847191305847374167,,31744,161536,193280
journal,godzilla,5,1,2,1783610796035530240,0,1783610796035573248,0,1783610796035724800,1783610796035721667,345,price_side,order_id,BTC-USDT,BUY,65000.35,0.001,3847191305847374168,,43008,151552,194560
journal,godzilla,5,1,2,1783610796035829760,0,1783610796035932928,0,1783610796035956992,1783610796035954281,346,price_side,order_id,BTC-USDT,SELL,65000.56,0.001,3847191305847374169,,103168,24064,127232
journal,godzilla,5,1,2,1783610796036129792,0,1783610796036145920,0,1783610796036166912,1783610796036164266,347,price_side,order_id,BTC-USDT,BUY,65000.37,0.001,3847191305847374170,,16128,20992,37120
journal,godzilla,5,1,2,1783610796036428288,0,1783610796036526592,0,1783610796036548864,1783610796036546778,348,price_side,order_id,BTC-USDT,SELL,65000.58,0.001,3847191305847374171,,98304,22272,120576
journal,godzilla,5,1,2,1783610796036730624,0,1783610796036827904,0,1783610796036846336,1783610796036844431,349,price_side,order_id,BTC-USDT,BUY,65000.39,0.001,3847191305847374172,,97280,18432,115712
journal,godzilla,5,1,2,1783610796037028608,0,1783610796037127424,0,1783610796037148672,1783610796037146363,350,price_side,order_id,BTC-USDT,SELL,65000.6,0.001,3847191305847374173,,98816,21248,120064
journal,godzilla,5,1,2,1783610796037328896,0,1783610796037422592,0,1783610796037440256,1783610796037438437,351,price_side,order_id,BTC-USDT,BUY,65000.41,0.001,3847191305847374174,,93696,17664,111360
journal,godzilla,5,1,2,1783610796037628416,0,1783610796037722112,0,1783610796037742336,1783610796037740314,352,price_side,order_id,BTC-USDT,SELL,65000.619999999995,0.001,3847191305847374175,,93696,20224,113920
journal,godzilla,5,1,2,1783610796037928448,0,1783610796038042368,0,1783610796038163456,1783610796038161272,353,price_side,order_id,BTC-USDT,BUY,65000.43,0.001,3847191305847374176,,113920,121088,235008
journal,godzilla,5,1,2,1783610796038237952,0,1783610796038274816,0,1783610796038376704,1783610796038374785,354,price_side,order_id,BTC-USDT,SELL,65000.64,0.001,3847191305847374177,,36864,101888,138752
journal,godzilla,5,1,2,1783610796038528768,0,1783610796038622720,0,1783610796038640384,1783610796038638403,355,price_side,order_id,BTC-USDT,BUY,65000.450000000004,0.001,3847191305847374178,,93952,17664,111616
journal,godzilla,5,1,2,1783610796038828544,0,1783610796038929408,0,1783610796038951680,1783610796038949662,356,price_side,order_id,BTC-USDT,SELL,65000.659999999996,0.001,3847191305847374179,,100864,22272,123136
journal,godzilla,5,1,2,1783610796039129344,0,1783610796039227136,0,1783610796039252992,1783610796039243951,357,price_side,order_id,BTC-USDT,BUY,65000.47,0.001,3847191305847374180,,97792,25856,123648
journal,godzilla,5,1,2,1783610796039430144,0,1783610796039525120,0,1783610796039544576,1783610796039542506,358,price_side,order_id,BTC-USDT,SELL,65000.68,0.001,3847191305847374181,,94976,19456,114432
journal,godzilla,5,1,2,1783610796039728384,0,1783610796039825920,0,1783610796039847424,1783610796039845320,359,price_side,order_id,BTC-USDT,BUY,65000.49,0.001,3847191305847374182,,97536,21504,119040
journal,godzilla,5,1,2,1783610796040029440,0,1783610796040127232,0,1783610796040143104,1783610796040141189,360,price_side,order_id,BTC-USDT,SELL,65000.7,0.001,3847191305847374183,,97792,15872,113664
journal,godzilla,5,1,2,1783610796040328448,0,1783610796040422144,0,1783610796040443136,1783610796040441098,361,price_side,order_id,BTC-USDT,BUY,65000.51,0.001,3847191305847374184,,93696,20992,114688
journal,godzilla,5,1,2,1783610796040628480,0,1783610796040724736,0,1783610796040748032,1783610796040745921,362,price_side,order_id,BTC-USDT,SELL,65000.72,0.001,3847191305847374185,,96256,23296,119552
journal,godzilla,5,1,2,1783610796040939008,0,1783610796041267712,0,1783610796041361152,1783610796041358339,363,price_side,order_id,BTC-USDT,BUY,65000.53,0.001,3847191305847374186,,328704,93440,422144
journal,godzilla,5,1,2,1783610796041228800,0,1783610796041378048,0,1783610796041467392,1783610796041464829,364,price_side,order_id,BTC-USDT,SELL,65000.74,0.001,3847191305847374187,,149248,89344,238592
journal,godzilla,5,1,2,1783610796041530112,0,1783610796041543680,0,1783610796041558272,1783610796041555851,365,price_side,order_id,BTC-USDT,BUY,65000.55,0.001,3847191305847374188,,13568,14592,28160
journal,godzilla,5,1,2,1783610796041828608,0,1783610796041980160,0,1783610796042128896,1783610796042126350,366,price_side,order_id,BTC-USDT,SELL,65000.76,0.001,3847191305847374189,,151552,148736,300288
journal,godzilla,5,1,2,1783610796042129152,0,1783610796042207232,0,1783610796042233344,1783610796042231597,367,price_side,order_id,BTC-USDT,BUY,65000.57,0.001,3847191305847374190,,78080,26112,104192
journal,godzilla,5,1,2,1783610796042429440,0,1783610796042484992,0,1783610796042549760,1783610796042547779,368,price_side,order_id,BTC-USDT,SELL,65000.78,0.001,3847191305847374191,,55552,64768,120320
journal,godzilla,5,1,2,1783610796042729216,0,1783610796042848512,0,1783610796042973696,1783610796042970785,369,price_side,order_id,BTC-USDT,BUY,65000.590000000004,0.001,3847191305847374192,,119296,125184,244480
journal,godzilla,5,1,2,1783610796043030784,0,1783610796043255296,0,1783610796043424256,1783610796043408484,370,price_side,order_id,BTC-USDT,SELL,65000.799999999996,0.001,3847191305847374193,,224512,168960,393472
journal,godzilla,5,1,2,1783610796043328256,0,1783610796043499776,0,1783610796043508480,1783610796043506799,371,price_side,order_id,BTC-USDT,BUY,65000.61,0.001,3847191305847374194,,171520,8704,180224
journal,godzilla,5,1,2,1783610796043630336,0,1783610796043702784,0,1783610796043725312,1783610796043722585,372,price_side,order_id,BTC-USDT,SELL,65000.82,0.001,3847191305847374195,,72448,22528,94976
journal,godzilla,5,1,2,1783610796043941632,0,1783610796044174848,0,1783610796044325632,1783610796044322272,373,price_side,order_id,BTC-USDT,BUY,65000.630000000005,0.001,3847191305847374196,,233216,150784,384000
journal,godzilla,5,1,2,1783610796044228352,0,1783610796044391168,0,1783610796044415232,1783610796044412989,374,price_side,order_id,BTC-USDT,SELL,65000.84,0.001,3847191305847374197,,162816,24064,186880
journal,godzilla,5,1,2,1783610796044538880,0,1783610796044556032,0,1783610796044569856,1783610796044567338,375,price_side,order_id,BTC-USDT,BUY,65000.65,0.001,3847191305847374198,,17152,13824,30976
journal,godzilla,5,1,2,1783610796044828672,0,1783610796045035520,0,1783610796045166336,1783610796045163094,376,price_side,order_id,BTC-USDT,SELL,65000.86,0.001,3847191305847374199,,206848,130816,337664
journal,godzilla,5,1,2,1783610796045129216,0,1783610796045235456,0,1783610796045276928,1783610796045267692,377,price_side,order_id,BTC-USDT,BUY,65000.67,0.001,3847191305847374200,,106240,41472,147712
journal,godzilla,5,1,2,1783610796045430016,0,1783610796045578240,0,1783610796045722112,1783610796045719106,378,price_side,order_id,BTC-USDT,SELL,65000.88,0.001,3847191305847374201,,148224,143872,292096
journal,godzilla,5,1,2,1783610796045729792,0,1783610796045840896,0,1783610796045870848,1783610796045867876,379,price_side,order_id,BTC-USDT,BUY,65000.69,0.001,3847191305847374202,,111104,29952,141056
journal,godzilla,5,1,2,1783610796046030080,0,1783610796046098688,0,1783610796046164992,1783610796046162783,380,price_side,order_id,BTC-USDT,SELL,65000.9,0.001,3847191305847374203,,68608,66304,134912
journal,godzilla,5,1,2,1783610796046329856,0,1783610796046466048,0,1783610796046602240,1783610796046599218,381,price_side,order_id,BTC-USDT,BUY,65000.71,0.001,3847191305847374204,,136192,136192,272384
journal,godzilla,5,1,2,1783610796046637568,0,1783610796046785792,0,1783610796046819840,1783610796046817914,382,price_side,order_id,BTC-USDT,SELL,65000.92,0.001,3847191305847374205,,148224,34048,182272
journal,godzilla,5,1,2,1783610796046928896,0,1783610796047038208,0,1783610796047095552,1783610796047085779,383,price_side,order_id,BTC-USDT,BUY,65000.73,0.001,3847191305847374206,,109312,57344,166656
journal,godzilla,5,1,2,1783610796047229952,0,1783610796047272192,0,1783610796047347200,1783610796047345247,384,price_side,order_id,BTC-USDT,SELL,65000.939999999995,0.001,3847191305847374207,,42240,75008,117248
journal,godzilla,5,1,2,1783610796047528448,0,1783610796047658752,0,1783610796047783680,1783610796047780950,385,price_side,order_id,BTC-USDT,BUY,65000.75,0.001,3847191305847374208,,130304,124928,255232
journal,godzilla,5,1,2,1783610796047828736,0,1783610796047944192,0,1783610796047993856,1783610796047992038,386,price_side,order_id,BTC-USDT,SELL,65000.96,0.001,3847191305847374209,,115456,49664,165120
journal,godzilla,5,1,2,1783610796048129536,0,1783610796048177920,0,1783610796048246016,1783610796048244145,387,price_side,order_id,BTC-USDT,BUY,65000.770000000004,0.001,3847191305847374210,,48384,68096,116480
journal,godzilla,5,1,2,1783610796048428288,0,1783610796048555776,0,1783610796048679424,1783610796048676822,388,price_side,order_id,BTC-USDT,SELL,65000.979999999996,0.001,3847191305847374211,,127488,123648,251136
journal,godzilla,5,1,2,1783610796048728576,0,1783610796048858368,0,1783610796048889600,1783610796048887642,389,price_side,order_id,BTC-USDT,BUY,65000.79,0.001,3847191305847374212,,129792,31232,161024
journal,godzilla,5,1,2,1783610796049029376,0,1783610796049091584,0,1783610796049148928,1783610796049146867,390,price_side,order_id,BTC-USDT,SELL,65001.0,0.001,3847191305847374213,,62208,57344,119552
journal,godzilla,5,1,2,1783610796049328640,0,1783610796049457664,0,1783610796049577472,1783610796049574636,391,price_side,order_id,BTC-USDT,BUY,65000.810000000005,0.001,3847191305847374214,,129024,119808,248832
journal,godzilla,5,1,2,1783610796049635584,0,1783610796049757952,0,1783610796049792768,1783610796049790766,392,price_side,order_id,BTC-USDT,SELL,65001.02,0.001,3847191305847374215,,122368,34816,157184
journal,godzilla,5,1,2,1783610796049929472,0,1783610796049972992,0,1783610796050053632,1783610796050051695,393,price_side,order_id,BTC-USDT,BUY,65000.83,0.001,3847191305847374216,,43520,80640,124160
journal,godzilla,5,1,2,1783610796050229504,0,1783610796050345472,0,1783610796050472448,1783610796050470670,394,price_side,order_id,BTC-USDT,SELL,65001.04,0.001,3847191305847374217,,115968,126976,242944
journal,godzilla,5,1,2,1783610796050528512,0,1783610796050605312,0,1783610796050691328,1783610796050689369,395,price_side,order_id,BTC-USDT,BUY,65000.85,0.001,3847191305847374218,,76800,86016,162816
journal,godzilla,5,1,2,1783610796050829312,0,1783610796050932480,0,1783610796050945024,1783610796050943366,396,price_side,order_id,BTC-USDT,SELL,65001.06,0.001,3847191305847374219,,103168,12544,115712
journal,godzilla,5,1,2,1783610796051128576,0,1783610796051241728,0,1783610796051368960,1783610796051359985,397,price_side,order_id,BTC-USDT,BUY,65000.87,0.001,3847191305847374220,,113152,127232,240384
journal,godzilla,5,1,2,1783610796051428864,0,1783610796051494912,0,1783610796051611136,1783610796051594389,398,price_side,order_id,BTC-USDT,SELL,65001.08,0.001,3847191305847374221,,66048,116224,182272
journal,godzilla,5,1,2,1783610796051729408,0,1783610796051782400,0,1783610796051854848,1783610796051852971,399,price_side,order_id,BTC-USDT,BUY,65000.89,0.001,3847191305847374222,,52992,72448,125440
journal,godzilla,5,1,2,1783610796052029440,0,1783610796052235008,0,1783610796052382976,1783610796052379384,400,price_side,order_id,BTC-USDT,SELL,65000.1,0.001,3847191305847374223,,205568,147968,353536
journal,godzilla,5,1,2,1783610796052338176,0,1783610796052386816,0,1783610796052405760,1783610796052403615,401,price_side,order_id,BTC-USDT,BUY,64999.91,0.001,3847191305847374224,,48640,18944,67584
journal,godzilla,5,1,2,1783610796052629760,0,1783610796052727808,0,1783610796052749568,1783610796052747449,402,price_side,order_id,BTC-USDT,SELL,65000.119999999995,0.001,3847191305847374225,,98048,21760,119808
journal,godzilla,5,1,2,1783610796052929536,0,1783610796053032704,0,1783610796053051136,1783610796053049216,403,price_side,order_id,BTC-USDT,BUY,64999.93,0.001,3847191305847374226,,103168,18432,121600
journal,godzilla,5,1,2,1783610796053228544,0,1783610796053321728,0,1783610796053344000,1783610796053341789,404,price_side,order_id,BTC-USDT,SELL,65000.14,0.001,3847191305847374227,,93184,22272,115456
journal,godzilla,5,1,2,1783610796053528320,0,1783610796053626112,0,1783610796053645312,1783610796053643539,405,price_side,order_id,BTC-USDT,BUY,64999.950000000004,0.001,3847191305847374228,,97792,19200,116992
journal,godzilla,5,1,2,1783610796053828352,0,1783610796053925632,0,1783610796053946624,1783610796053944591,406,price_side,order_id,BTC-USDT,SELL,65000.159999999996,0.001,3847191305847374229,,97280,20992,118272
journal,godzilla,5,1,2,1783610796054129664,0,1783610796054222848,0,1783610796054242560,1783610796054240572,407,price_side,order_id,BTC-USDT,BUY,64999.97,0.001,3847191305847374230,,93184,19712,112896
journal,godzilla,5,1,2,1783610796054429184,0,1783610796054525440,0,1783610796054543360,1783610796054541560,408,price_side,order_id,BTC-USDT,SELL,65000.18,0.001,3847191305847374231,,96256,17920,114176
journal,godzilla,5,1,2,1783610796054728448,0,1783610796054822912,0,1783610796054844416,1783610796054842427,409,price_side,order_id,BTC-USDT,BUY,64999.99,0.001,3847191305847374232,,94464,21504,115968
journal,godzilla,5,1,2,1783610796055029504,0,1783610796055128064,0,1783610796055154176,1783610796055144161,410,price_side,order_id,BTC-USDT,SELL,65000.2,0.001,3847191305847374233,,98560,26112,124672
journal,godzilla,5,1,2,1783610796055335936,0,1783610796055431936,0,1783610796055450880,1783610796055448811,411,price_side,order_id,BTC-USDT,BUY,65000.01,0.001,3847191305847374234,,96000,18944,114944
journal,godzilla,5,1,2,1783610796055628800,0,1783610796055725568,0,1783610796055743744,1783610796055741937,412,price_side,order_id,BTC-USDT,SELL,65000.22,0.001,3847191305847374235,,96768,18176,114944
journal,godzilla,5,1,2,1783610796055928320,0,1783610796056030720,0,1783610796056054016,1783610796056051695,413,price_side,order_id,BTC-USDT,BUY,65000.03,0.001,3847191305847374236,,102400,23296,125696
journal,godzilla,5,1,2,1783610796056229632,0,1783610796056325888,0,1783610796056344064,1783610796056342287,414,price_side,order_id,BTC-USDT,SELL,65000.24,0.001,3847191305847374237,,96256,18176,114432
journal,godzilla,5,1,2,1783610796056528640,0,1783610796056625664,0,1783610796056644096,1783610796056642167,415,price_side,order_id,BTC-USDT,BUY,65000.05,0.001,3847191305847374238,,97024,18432,115456
journal,godzilla,5,1,2,1783610796056828416,0,1783610796056924928,0,1783610796056946176,1783610796056944139,416,price_side,order_id,BTC-USDT,SELL,65000.26,0.001,3847191305847374239,,96512,21248,117760
journal,godzilla,5,1,2,1783610796057129728,0,1783610796057228032,0,1783610796057247488,1783610796057245521,417,price_side,order_id,BTC-USDT,BUY,65000.07,0.001,3847191305847374240,,98304,19456,117760
journal,godzilla,5,1,2,1783610796057428736,0,1783610796057524480,0,1783610796057542912,1783610796057541163,418,price_side,order_id,BTC-USDT,SELL,65000.28,0.001,3847191305847374241,,95744,18432,114176
journal,godzilla,5,1,2,1783610796057728512,0,1783610796057825536,0,1783610796057846784,1783610796057844774,419,price_side,order_id,BTC-USDT,BUY,65000.090000000004,0.001,3847191305847374242,,97024,21248,118272
journal,godzilla,5,1,2,1783610796058056960,0,1783610796058155008,0,1783610796058176000,1783610796058173674,420,price_side,order_id,BTC-USDT,SELL,65000.299999999996,0.001,3847191305847374243,,98048,20992,119040
journal,godzilla,5,1,2,1783610796058329856,0,1783610796058427392,0,1783610796058445568,1783610796058443439,421,price_side,order_id,BTC-USDT,BUY,65000.11,0.001,3847191305847374244,,97536,18176,115712
journal,godzilla,5,1,2,1783610796058628864,0,1783610796058728704,0,1783610796058746880,1783610796058744783,422,price_side,order_id,BTC-USDT,SELL,65000.32,0.001,3847191305847374245,,99840,18176,118016
journal,godzilla,5,1,2,1783610796058928640,0,1783610796059028736,0,1783610796059155712,1783610796059046676,423,price_side,order_id,BTC-USDT,BUY,65000.130000000005,0.001,3847191305847374246,,100096,126976,227072
journal,godzilla,5,1,2,1783610796059230976,0,1783610796059290112,0,1783610796059387904,1783610796059385214,424,price_side,order_id,BTC-USDT,SELL,65000.34,0.001,3847191305847374247,,59136,97792,156928
journal,godzilla,5,1,2,1783610796059530240,0,1783610796059628544,0,1783610796059648000,1783610796059645819,425,price_side,order_id,BTC-USDT,BUY,65000.15,0.001,3847191305847374248,,98304,19456,117760
journal,godzilla,5,1,2,1783610796059828736,0,1783610796059925760,0,1783610796059946752,1783610796059944635,426,price_side,order_id,BTC-USDT,SELL,65000.36,0.001,3847191305847374249,,97024,20992,118016
journal,godzilla,5,1,2,1783610796060129792,0,1783610796060237568,0,1783610796060249344,1783610796060247352,427,price_side,order_id,BTC-USDT,BUY,65000.17,0.001,3847191305847374250,,107776,11776,119552
journal,godzilla,5,1,2,1783610796060428800,0,1783610796060544768,0,1783610796060669696,1783610796060667728,428,price_side,order_id,BTC-USDT,SELL,65000.38,0.001,3847191305847374251,,115968,124928,240896
journal,godzilla,5,1,2,1783610796060728832,0,1783610796060787456,0,1783610796060894720,1783610796060892627,429,price_side,order_id,BTC-USDT,BUY,65000.19,0.001,3847191305847374252,,58624,107264,165888
journal,godzilla,5,1,2,1783610796061040640,0,1783610796061149952,0,1783610796061161472,1783610796061159180,430,price_side,order_id,BTC-USDT,SELL,65000.4,0.001,3847191305847374253,,109312,11520,120832
journal,godzilla,5,1,2,1783610796061328896,0,1783610796061539840,0,1783610796061684992,1783610796061682158,431,price_side,order_id,BTC-USDT,BUY,65000.21,0.001,3847191305847374254,,210944,145152,356096
journal,godzilla,5,1,2,1783610796061628928,0,1783610796061711616,0,1783610796061796096,1783610796061794147,432,price_side,order_id,BTC-USDT,SELL,65000.42,0.001,3847191305847374255,,82688,84480,167168
journal,godzilla,5,1,2,1783610796061929216,0,1783610796061946880,0,1783610796061964800,1783610796061962105,433,price_side,order_id,BTC-USDT,BUY,65000.23,0.001,3847191305847374256,,17664,17920,35584
journal,godzilla,5,1,2,1783610796062228992,0,1783610796062353664,0,1783610796062478592,1783610796062475747,434,price_side,order_id,BTC-USDT,SELL,65000.439999999995,0.001,3847191305847374257,,124672,124928,249600
journal,godzilla,5,1,2,1783610796062528768,0,1783610796062633728,0,1783610796062697216,1783610796062695221,435,price_side,order_id,BTC-USDT,BUY,65000.25,0.001,3847191305847374258,,104960,63488,168448
journal,godzilla,5,1,2,1783610796062829312,0,1783610796062885120,0,1783610796062974976,1783610796062964890,436,price_side,order_id,BTC-USDT,SELL,65000.46,0.001,3847191305847374259,,55808,89856,145664
journal,godzilla,5,1,2,1783610796063132160,0,1783610796063167232,0,1783610796063259136,1783610796063256173,437,price_side,order_id,BTC-USDT,BUY,65000.270000000004,0.001,3847191305847374260,,35072,91904,126976
journal,godzilla,5,1,2,1783610796063428864,0,1783610796063581696,0,1783610796063708672,1783610796063705911,438,price_side,order_id,BTC-USDT,SELL,65000.479999999996,0.001,3847191305847374261,,152832,126976,279808
journal,godzilla,5,1,2,1783610796063738880,0,1783610796063856128,0,1783610796063920128,1783610796063918190,439,price_side,order_id,BTC-USDT,BUY,65000.29,0.001,3847191305847374262,,117248,64000,181248
journal,godzilla,5,1,2,1783610796064029696,0,1783610796064075520,0,1783610796064160512,1783610796064158186,440,price_side,order_id,BTC-USDT,SELL,65000.5,0.001,3847191305847374263,,45824,84992,130816
journal,godzilla,5,1,2,1783610796064329216,0,1783610796064385280,0,1783610796064448000,1783610796064446019,441,price_side,order_id,BTC-USDT,BUY,65000.310000000005,0.001,3847191305847374264,,56064,62720,118784
journal,godzilla,5,1,2,1783610796064628480,0,1783610796064766464,0,1783610796064889856,1783610796064886974,442,price_side,order_id,BTC-USDT,SELL,65000.52,0.001,3847191305847374265,,137984,123392,261376
journal,godzilla,5,1,2,1783610796064928512,0,1783610796065043712,0,1783610796065093376,1783610796065091326,443,price_side,order_id,BTC-USDT,BUY,65000.33,0.001,3847191305847374266,,115200,49664,164864
journal,godzilla,5,1,2,1783610796065230848,0,1783610796065270272,0,1783610796065360384,1783610796065358358,444,price_side,order_id,BTC-USDT,SELL,65000.54,0.001,3847191305847374267,,39424,90112,129536
journal,godzilla,5,1,2,1783610796065528576,0,1783610796065645568,0,1783610796065764608,1783610796065762466,445,price_side,order_id,BTC-USDT,BUY,65000.35,0.001,3847191305847374268,,116992,119040,236032
journal,godzilla,5,1,2,1783610796065829376,0,1783610796065904896,0,1783610796065967872,1783610796065965923,446,price_side,order_id,BTC-USDT,SELL,65000.56,0.001,3847191305847374269,,75520,62976,138496
journal,godzilla,5,1,2,1783610796066130176,0,1783610796066287104,0,1783610796066412288,1783610796066408221,447,price_side,order_id,BTC-USDT,BUY,65000.37,0.001,3847191305847374270,,156928,125184,282112
journal,godzilla,5,1,2,1783610796066429696,0,1783610796066526464,0,1783610796066571776,1783610796066569418,448,price_side,order_id,BTC-USDT,SELL,65000.58,0.001,3847191305847374271,,96768,45312,142080
journal,godzilla,5,1,2,1783610796066745856,0,1783610796066887936,0,1783610796067027968,1783610796067024113,449,price_side,order_id,BTC-USDT,BUY,65000.39,0.001,3847191305847374272,,142080,140032,282112
journal,godzilla,5,1,2,1783610796067029760,0,1783610796067156992,0,1783610796067203328,1783610796067192197,450,price_side,order_id,BTC-USDT,SELL,65000.6,0.001,3847191305847374273,,127232,46336,173568
journal,godzilla,5,1,2,1783610796067330560,0,1783610796067461888,0,1783610796067600128,1783610796067597024,451,price_side,order_id,BTC-USDT,BUY,65000.41,0.001,3847191305847374274,,131328,138240,269568
journal,godzilla,5,1,2,1783610796067629312,0,1783610796067792640,0,1783610796067816448,1783610796067814343,452,price_side,order_id,BTC-USDT,SELL,65000.619999999995,0.001,3847191305847374275,,163328,23808,187136
journal,godzilla,5,1,2,1783610796067929600,0,1783610796067971840,0,1783610796068066048,1783610796068063395,453,price_side,order_id,BTC-USDT,BUY,65000.43,0.001,3847191305847374276,,42240,94208,136448
journal,godzilla,5,1,2,1783610796068230656,0,1783610796068284160,0,1783610796068380160,1783610796068378116,454,price_side,order_id,BTC-USDT,SELL,65000.64,0.001,3847191305847374277,,53504,96000,149504
journal,godzilla,5,1,2,1783610796068530432,0,1783610796068677632,0,1783610796068819712,1783610796068816432,455,price_side,order_id,BTC-USDT,BUY,65000.450000000004,0.001,3847191305847374278,,147200,142080,289280
journal,godzilla,5,1,2,1783610796068829952,0,1783610796068986880,0,1783610796069140736,1783610796069137573,456,price_side,order_id,BTC-USDT,SELL,65000.659999999996,0.001,3847191305847374279,,156928,153856,310784
journal,godzilla,5,1,2,1783610796069130240,0,1783610796069266688,0,1783610796069288960,1783610796069286046,457,price_side,order_id,BTC-USDT,BUY,65000.47,0.001,3847191305847374280,,136448,22272,158720
journal,godzilla,5,1,2,1783610796069430272,0,1783610796069578496,0,1783610796069723648,1783610796069720350,458,price_side,order_id,BTC-USDT,SELL,65000.68,0.001,3847191305847374281,,148224,145152,293376
journal,godzilla,5,1,2,1783610796069741568,0,1783610796069909760,0,1783610796070064640,1783610796070061477,459,price_side,order_id,BTC-USDT,BUY,65000.49,0.001,3847191305847374282,,168192,154880,323072
journal,godzilla,5,1,2,1783610796070029824,0,1783610796070080000,0,1783610796070177792,1783610796070175724,460,price_side,order_id,BTC-USDT,SELL,65000.7,0.001,3847191305847374283,,50176,97792,147968
journal,godzilla,5,1,2,1783610796070330368,0,1783610796070371584,0,1783610796070468608,1783610796070466263,461,price_side,order_id,BTC-USDT,BUY,65000.51,0.001,3847191305847374284,,41216,97024,138240
journal,godzilla,5,1,2,1783610796070630144,0,1783610796070750464,0,1783610796070877696,1783610796070874707,462,price_side,order_id,BTC-USDT,SELL,65000.72,0.001,3847191305847374285,,120320,127232,247552
journal,godzilla,5,1,2,1783610796070929152,0,1783610796071027200,0,1783610796071174144,1783610796071140007,463,price_side,order_id,BTC-USDT,BUY,65000.53,0.001,3847191305847374286,,98048,146944,244992
journal,godzilla,5,1,2,1783610796071230464,0,1783610796071308032,0,1783610796071414528,1783610796071412382,464,price_side,order_id,BTC-USDT,SELL,65000.74,0.001,3847191305847374287,,77568,106496,184064
journal,godzilla,5,1,2,1783610796071530496,0,1783610796071559936,0,1783610796071575296,1783610796071572548,465,price_side,order_id,BTC-USDT,BUY,65000.55,0.001,3847191305847374288,,29440,15360,44800
journal,godzilla,5,1,2,1783610796071830528,0,1783610796071942144,0,1783610796071953664,1783610796071951728,466,price_side,order_id,BTC-USDT,SELL,65000.76,0.001,3847191305847374289,,111616,11520,123136
journal,godzilla,5,1,2,1783610796072129024,0,1783610796072279552,0,1783610796072405760,1783610796072402876,467,price_side,order_id,BTC-USDT,BUY,65000.57,0.001,3847191305847374290,,150528,126208,276736
journal,godzilla,5,1,2,1783610796072440576,0,1783610796072530688,0,1783610796072615680,1783610796072613551,468,price_side,order_id,BTC-USDT,SELL,65000.78,0.001,3847191305847374291,,90112,84992,175104
journal,godzilla,5,1,2,1783610796072729856,0,1783610796072830208,0,1783610796072848640,1783610796072846560,469,price_side,order_id,BTC-USDT,BUY,65000.590000000004,0.001,3847191305847374292,,100352,18432,118784
journal,godzilla,5,1,2,1783610796073029376,0,1783610796073130752,0,1783610796073147392,1783610796073145204,470,price_side,order_id,BTC-USDT,SELL,65000.799999999996,0.001,3847191305847374293,,101376,16640,118016
journal,godzilla,5,1,2,1783610796073328384,0,1783610796073508096,0,1783610796073641728,1783610796073638457,471,price_side,order_id,BTC-USDT,BUY,65000.61,0.001,3847191305847374294,,179712,133632,313344
journal,godzilla,5,1,2,1783610796073629184,0,1783610796073724416,0,1783610796073751808,1783610796073749120,472,price_side,order_id,BTC-USDT,SELL,65000.82,0.001,3847191305847374295,,95232,27392,122624
journal,godzilla,5,1,2,1783610796073929728,0,1783610796074051584,0,1783610796074068480,1783610796074066279,473,price_side,order_id,BTC-USDT,BUY,65000.630000000005,0.001,3847191305847374296,,121856,16896,138752
journal,godzilla,5,1,2,1783610796074230784,0,1783610796074355712,0,1783610796074486528,1783610796074482599,474,price_side,order_id,BTC-USDT,SELL,65000.84,0.001,3847191305847374297,,124928,130816,255744
journal,godzilla,5,1,2,1783610796074529280,0,1783610796074722560,0,1783610796074868992,1783610796074865482,475,price_side,order_id,BTC-USDT,BUY,65000.65,0.001,3847191305847374298,,193280,146432,339712
journal,godzilla,5,1,2,1783610796074829568,0,1783610796074868992,0,1783610796074917888,1783610796074889599,476,price_side,order_id,BTC-USDT,SELL,65000.86,0.001,3847191305847374299,,39424,48896,88320
journal,godzilla,5,1,2,1783610796075132416,0,1783610796075253504,0,1783610796075389696,1783610796075385447,477,price_side,order_id,BTC-USDT,BUY,65000.67,0.001,3847191305847374300,,121088,136192,257280
journal,godzilla,5,1,2,1783610796075447808,0,1783610796075545344,0,1783610796075651584,1783610796075649261,478,price_side,order_id,BTC-USDT,SELL,65000.88,0.001,3847191305847374301,,97536,106240,203776
journal,godzilla,5,1,2,1783610796075730176,0,1783610796075922432,0,1783610796076084224,1783610796076080924,479,price_side,order_id,BTC-USDT,BUY,65000.69,0.001,3847191305847374302,,192256,161792,354048
journal,godzilla,5,1,2,1783610796076029696,0,1783610796076089600,0,1783610796076108800,1783610796076105852,480,price_side,order_id,BTC-USDT,SELL,65000.9,0.001,3847191305847374303,,59904,19200,79104
journal,godzilla,5,1,2,1783610796076330496,0,1783610796076382976,0,1783610796076476160,1783610796076472837,481,price_side,order_id,BTC-USDT,BUY,65000.71,0.001,3847191305847374304,,52480,93184,145664
journal,godzilla,5,1,2,1783610796076630016,0,1783610796076682240,0,1783610796076760064,1783610796076756451,482,price_side,order_id,BTC-USDT,SELL,65000.92,0.001,3847191305847374305,,52224,77824,130048
journal,godzilla,5,1,2,1783610796076931584,0,1783610796077121792,0,1783610796077270272,1783610796077266461,483,price_side,order_id,BTC-USDT,BUY,65000.73,0.001,3847191305847374306,,190208,148480,338688
journal,godzilla,5,1,2,1783610796077230336,0,1783610796077361408,0,1783610796077376768,1783610796077374487,484,price_side,order_id,BTC-USDT,SELL,65000.939999999995,0.001,3847191305847374307,,131072,15360,146432
journal,godzilla,5,1,2,1783610796077530112,0,1783610796077555968,0,1783610796077573632,1783610796077570628,485,price_side,order_id,BTC-USDT,BUY,65000.75,0.001,3847191305847374308,,25856,17664,43520
journal,godzilla,5,1,2,1783610796077829888,0,1783610796077871104,0,1783610796077890560,1783610796077887468,486,price_side,order_id,BTC-USDT,SELL,65000.96,0.001,3847191305847374309,,41216,19456,60672
journal,godzilla,5,1,2,1783610796078149632,0,1783610796078269440,0,1783610796078285568,1783610796078283183,487,price_side,order_id,BTC-USDT,BUY,65000.770000000004,0.001,3847191305847374310,,119808,16128,135936
journal,godzilla,5,1,2,1783610796078430720,0,1783610796078548480,0,1783610796078563584,1783610796078561233,488,price_side,order_id,BTC-USDT,SELL,65000.979999999996,0.001,3847191305847374311,,117760,15104,132864
journal,godzilla,5,1,2,1783610796078728960,0,1783610796078842624,0,1783610796078872064,1783610796078858985,489,price_side,order_id,BTC-USDT,BUY,65000.79,0.001,3847191305847374312,,113664,29440,143104
journal,godzilla,5,1,2,1783610796079030272,0,1783610796079080192,0,1783610796079097088,1783610796079093866,490,price_side,order_id,BTC-USDT,SELL,65001.0,0.001,3847191305847374313,,49920,16896,66816
journal,godzilla,5,1,2,1783610796079329792,0,1783610796079446272,0,1783610796079461120,1783610796079458820,491,price_side,order_id,BTC-USDT,BUY,65000.810000000005,0.001,3847191305847374314,,116480,14848,131328
journal,godzilla,5,1,2,1783610796079629056,0,1783610796079743232,0,1783610796079760640,1783610796079758175,492,price_side,order_id,BTC-USDT,SELL,65001.02,0.001,3847191305847374315,,114176,17408,131584
journal,godzilla,5,1,2,1783610796079929088,0,1783610796080055552,0,1783610796080073216,1783610796080070917,493,price_side,order_id,BTC-USDT,BUY,65000.83,0.001,3847191305847374316,,126464,17664,144128
journal,godzilla,5,1,2,1783610796080230400,0,1783610796080344832,0,1783610796080358144,1783610796080356073,494,price_side,order_id,BTC-USDT,SELL,65001.04,0.001,3847191305847374317,,114432,13312,127744
journal,godzilla,5,1,2,1783610796080528896,0,1783610796080667392,0,1783610796080795392,1783610796080792318,495,price_side,order_id,BTC-USDT,BUY,65000.85,0.001,3847191305847374318,,138496,128000,266496
journal,godzilla,5,1,2,1783610796080828928,0,1783610796080912128,0,1783610796081022720,1783610796081020216,496,price_side,order_id,BTC-USDT,SELL,65001.06,0.001,3847191305847374319,,83200,110592,193792
journal,godzilla,5,1,2,1783610796081139712,0,1783610796081163264,0,1783610796081181440,1783610796081178395,497,price_side,order_id,BTC-USDT,BUY,65000.87,0.001,3847191305847374320,,23552,18176,41728
journal,godzilla,5,1,2,1783610796081430016,0,1783610796081537024,0,1783610796081551616,1783610796081549316,498,price_side,order_id,BTC-USDT,SELL,65001.08,0.001,3847191305847374321,,107008,14592,121600
journal,godzilla,5,1,2,1783610796081728512,0,1783610796081838336,0,1783610796081855232,1783610796081853091,499,price_side,order_id,BTC-USDT,BUY,65000.89,0.001,3847191305847374322,,109824,16896,126720
journal,godzilla,5,1,2,1783610796082028800,0,1783610796082132736,0,1783610796082149888,1783610796082147740,500,price_side,order_id,BTC-USDT,SELL,65000.1,0.001,3847191305847374323,,103936,17152,121088
journal,godzilla,5,1,2,1783610796082328832,0,1783610796082439168,0,1783610796082451712,1783610796082449965,501,price_side,order_id,BTC-USDT,BUY,64999.91,0.001,3847191305847374324,,110336,12544,122880
journal,godzilla,5,1,2,1783610796082628608,0,1783610796082730496,0,1783610796082753792,1783610796082744201,502,price_side,order_id,BTC-USDT,SELL,65000.119999999995,0.001,3847191305847374325,,101888,23296,125184
journal,godzilla,5,1,2,1783610796082929664,0,1783610796083035904,0,1783610796083052544,1783610796083050263,503,price_side,order_id,BTC-USDT,BUY,64999.93,0.001,3847191305847374326,,106240,16640,122880
journal,godzilla,5,1,2,1783610796083228928,0,1783610796083329024,0,1783610796083342080,1783610796083340236,504,price_side,order_id,BTC-USDT,SELL,65000.14,0.001,3847191305847374327,,100096,13056,113152
journal,godzilla,5,1,2,1783610796083528448,0,1783610796083632128,0,1783610796083648000,1783610796083645973,505,price_side,order_id,BTC-USDT,BUY,64999.950000000004,0.001,3847191305847374328,,103680,15872,119552
journal,godzilla,5,1,2,1783610796083835392,0,1783610796083940608,0,1783610796083957248,1783610796083955085,506,price_side,order_id,BTC-USDT,SELL,65000.159999999996,0.001,3847191305847374329,,105216,16640,121856
journal,godzilla,5,1,2,1783610796084128768,0,1783610796084232448,0,1783610796084248832,1783610796084246568,507,price_side,order_id,BTC-USDT,BUY,64999.97,0.001,3847191305847374330,,103680,16384,120064
journal,godzilla,5,1,2,1783610796084428544,0,1783610796084530944,0,1783610796084550656,1783610796084548710,508,price_side,order_id,BTC-USDT,SELL,65000.18,0.001,3847191305847374331,,102400,19712,122112
journal,godzilla,5,1,2,1783610796084728576,0,1783610796084824576,0,1783610796084840448,1783610796084838557,509,price_side,order_id,BTC-USDT,BUY,64999.99,0.001,3847191305847374332,,96000,15872,111872
journal,godzilla,5,1,2,1783610796085028608,0,1783610796085127680,0,1783610796085148928,1783610796085146831,510,price_side,order_id,BTC-USDT,SELL,65000.2,0.001,3847191305847374333,,99072,21248,120320
journal,godzilla,5,1,2,1783610796085329920,0,1783610796085507584,0,1783610796085652736,1783610796085649567,511,price_side,order_id,BTC-USDT,BUY,65000.01,0.001,3847191305847374334,,177664,145152,322816
journal,godzilla,5,1,2,1783610796085628928,0,1783610796085768448,0,1783610796085832192,1783610796085830355,512,price_side,order_id,BTC-USDT,SELL,65000.22,0.001,3847191305847374335,,139520,63744,203264
journal,godzilla,5,1,2,1783610796085929728,0,1783610796085958400,0,1783610796086000384,1783610796085977547,513,price_side,order_id,BTC-USDT,BUY,65000.03,0.001,3847191305847374336,,28672,41984,70656
journal,godzilla,5,1,2,1783610796086228480,0,1783610796086333184,0,1783610796086349056,1783610796086346910,514,price_side,order_id,BTC-USDT,SELL,65000.24,0.001,3847191305847374337,,104704,15872,120576
journal,godzilla,5,1,2,1783610796086528512,0,1783610796086626816,0,1783610796086647040,1783610796086645095,515,price_side,order_id,BTC-USDT,BUY,65000.05,0.001,3847191305847374338,,98304,20224,118528
journal,godzilla,5,1,2,1783610796086836992,0,1783610796086933248,0,1783610796086960896,1783610796086950640,516,price_side,order_id,BTC-USDT,SELL,65000.26,0.001,3847191305847374339,,96256,27648,123904
journal,godzilla,5,1,2,1783610796087130368,0,1783610796087234560,0,1783610796087255552,1783610796087253332,517,price_side,order_id,BTC-USDT,BUY,65000.07,0.001,3847191305847374340,,104192,20992,125184
journal,godzilla,5,1,2,1783610796087430144,0,1783610796087553024,0,1783610796087680512,1783610796087677252,518,price_side,order_id,BTC-USDT,SELL,65000.28,0.001,3847191305847374341,,122880,127488,250368
journal,godzilla,5,1,2,1783610796087729152,0,1783610796087799296,0,1783610796087910912,1783610796087908297,519,price_side,order_id,BTC-USDT,BUY,65000.090000000004,0.001,3847191305847374342,,70144,111616,181760
journal,godzilla,5,1,2,1783610796088030464,0,1783610796088051200,0,1783610796088089600,1783610796088071122,520,price_side,order_id,BTC-USDT,SELL,65000.299999999996,0.001,3847191305847374343,,20736,38400,59136
journal,godzilla,5,1,2,1783610796088329216,0,1783610796088442624,0,1783610796088465920,1783610796088463504,521,price_side,order_id,BTC-USDT,BUY,65000.11,0.001,3847191305847374344,,113408,23296,136704
journal,godzilla,5,1,2,1783610796088630272,0,1783610796088647424,0,1783610796088665088,1783610796088662098,522,price_side,order_id,BTC-USDT,SELL,65000.32,0.001,3847191305847374345,,17152,17664,34816
journal,godzilla,5,1,2,1783610796088929024,0,1783610796089051904,0,1783610796089074944,1783610796089072733,523,price_side,order_id,BTC-USDT,BUY,65000.130000000005,0.001,3847191305847374346,,122880,23040,145920
journal,godzilla,5,1,2,1783610796089230080,0,1783610796089267968,0,1783610796089288192,1783610796089285600,524,price_side,order_id,BTC-USDT,SELL,65000.34,0.001,3847191305847374347,,37888,20224,58112
journal,godzilla,5,1,2,1783610796089536768,0,1783610796089641984,0,1783610796089665024,1783610796089662560,525,price_side,order_id,BTC-USDT,BUY,65000.15,0.001,3847191305847374348,,105216,23040,128256
journal,godzilla,5,1,2,1783610796089829888,0,1783610796089934080,0,1783610796089956352,1783610796089954264,526,price_side,order_id,BTC-USDT,SELL,65000.36,0.001,3847191305847374349,,104192,22272,126464
journal,godzilla,5,1,2,1783610796090130176,0,1783610796090152960,0,1783610796090171136,1783610796090168508,527,price_side,order_id,BTC-USDT,BUY,65000.17,0.001,3847191305847374350,,22784,18176,40960
journal,godzilla,5,1,2,1783610796090428416,0,1783610796090527232,0,1783610796090548480,1783610796090546681,528,price_side,order_id,BTC-USDT,SELL,65000.38,0.001,3847191305847374351,,98816,21248,120064
journal,godzilla,5,1,2,1783610796090729472,0,1783610796090827264,0,1783610796090853632,1783610796090844187,529,price_side,order_id,BTC-USDT,BUY,65000.19,0.001,3847191305847374352,,97792,26368,124160
journal,godzilla,5,1,2,1783610796091030528,0,1783610796091127040,0,1783610796091144448,1783610796091142456,530,price_side,order_id,BTC-USDT,SELL,65000.4,0.001,3847191305847374353,,96512,17408,113920
journal,godzilla,5,1,2,1783610796091328512,0,1783610796091422720,0,1783610796091444224,1783610796091442254,531,price_side,order_id,BTC-USDT,BUY,65000.21,0.001,3847191305847374354,,94208,21504,115712
journal,godzilla,5,1,2,1783610796091629312,0,1783610796091723776,0,1783610796091742976,1783610796091741124,532,price_side,order_id,BTC-USDT,SELL,65000.42,0.001,3847191305847374355,,94464,19200,113664
journal,godzilla,5,1,2,1783610796091928320,0,1783610796092035072,0,1783610796092046848,1783610796092044763,533,price_side,order_id,BTC-USDT,BUY,65000.23,0.001,3847191305847374356,,106752,11776,118528
journal,godzilla,5,1,2,1783610796092228352,0,1783610796092326400,0,1783610796092347648,1783610796092345729,534,price_side,order_id,BTC-USDT,SELL,65000.439999999995,0.001,3847191305847374357,,98048,21248,119296
journal,godzilla,5,1,2,1783610796092535808,0,1783610796092631552,0,1783610796092651008,1783610796092649008,535,price_side,order_id,BTC-USDT,BUY,65000.25,0.001,3847191305847374358,,95744,19456,115200
journal,godzilla,5,1,2,1783610796092829440,0,1783610796092966400,0,1783610796093104640,1783610796093101724,536,price_side,order_id,BTC-USDT,SELL,65000.46,0.001,3847191305847374359,,136960,138240,275200
journal,godzilla,5,1,2,1783610796093129728,0,1783610796093231872,0,1783610796093328640,1783610796093325890,537,price_side,order_id,BTC-USDT,BUY,65000.270000000004,0.001,3847191305847374360,,102144,96768,198912
journal,godzilla,5,1,2,1783610796093429504,0,1783610796093458176,0,1783610796093472768,1783610796093470209,538,price_side,order_id,BTC-USDT,SELL,65000.479999999996,0.001,3847191305847374361,,28672,14592,43264
journal,godzilla,5,1,2,1783610796093728256,0,1783610796094013952,0,1783610796094158080,1783610796094155142,539,price_side,order_id,BTC-USDT,BUY,65000.29,0.001,3847191305847374362,,285696,144128,429824
journal,godzilla,5,1,2,1783610796094028032,0,1783610796094169344,0,1783610796094196992,1783610796094195522,540,price_side,order_id,BTC-USDT,SELL,65000.5,0.001,3847191305847374363,,141312,27648,168960
journal,godzilla,5,1,2,1783610796094329856,0,1783610796094417152,0,1783610796094431488,1783610796094429670,541,price_side,order_id,BTC-USDT,BUY,65000.310000000005,0.001,3847191305847374364,,87296,14336,101632
journal,godzilla,5,1,2,1783610796094629376,0,1783610796094747648,0,1783610796094875904,1783610796094863400,542,price_side,order_id,BTC-USDT,SELL,65000.52,0.001,3847191305847374365,,118272,128256,246528
journal,godzilla,5,1,2,1783610796094928896,0,1783610796095022336,0,1783610796095110144,1783610796095108144,543,price_side,order_id,BTC-USDT,BUY,65000.33,0.001,3847191305847374366,,93440,87808,181248
journal,godzilla,5,1,2,1783610796095238400,0,1783610796095340800,0,1783610796095354112,1783610796095352105,544,price_side,order_id,BTC-USDT,SELL,65000.54,0.001,3847191305847374367,,102400,13312,115712
journal,godzilla,5,1,2,1783610796095528960,0,1783610796095632896,0,1783610796095649024,1783610796095646787,545,price_side,order_id,BTC-USDT,BUY,65000.35,0.001,3847191305847374368,,103936,16128,120064
journal,godzilla,5,1,2,1783610796095828480,0,1783610796095932416,0,1783610796095950336,1783610796095948153,546,price_side,order_id,BTC-USDT,SELL,65000.56,0.001,3847191305847374369,,103936,17920,121856
journal,godzilla,5,1,2,1783610796096128512,0,1783610796096348416,0,1783610796096487424,1783610796096483947,547,price_side,order_id,BTC-USDT,BUY,65000.37,0.001,3847191305847374370,,219904,139008,358912
journal,godzilla,5,1,2,1783610796096429312,0,1783610796096476928,0,1783610796096508928,1783610796096507342,548,price_side,order_id,BTC-USDT,SELL,65000.58,0.001,3847191305847374371,,47616,32000,79616
journal,godzilla,5,1,2,1783610796096729600,0,1783610796096861184,0,1783610796096989440,1783610796096986628,549,price_side,order_id,BTC-USDT,BUY,65000.39,0.001,3847191305847374372,,131584,128256,259840
journal,godzilla,5,1,2,1783610796097028864,0,1783610796097121792,0,1783610796097210112,1783610796097208170,550,price_side,order_id,BTC-USDT,SELL,65000.6,0.001,3847191305847374373,,92928,88320,181248
journal,godzilla,5,1,2,1783610796097329664,0,1783610796097399552,0,1783610796097450752,1783610796097448711,551,price_side,order_id,BTC-USDT,BUY,65000.41,0.001,3847191305847374374,,69888,51200,121088
journal,godzilla,5,1,2,1783610796097629440,0,1783610796097730048,0,1783610796097750016,1783610796097747893,552,price_side,order_id,BTC-USDT,SELL,65000.619999999995,0.001,3847191305847374375,,100608,19968,120576
journal,godzilla,5,1,2,1783610796097929216,0,1783610796098050048,0,1783610796098169856,1783610796098167999,553,price_side,order_id,BTC-USDT,BUY,65000.43,0.001,3847191305847374376,,120832,119808,240640
journal,godzilla,5,1,2,1783610796098241536,0,1783610796098328576,0,1783610796098382592,1783610796098380686,554,price_side,order_id,BTC-USDT,SELL,65000.64,0.001,3847191305847374377,,87040,54016,141056
journal,godzilla,5,1,2,1783610796098530304,0,1783610796098643456,0,1783610796098771968,1783610796098760533,555,price_side,order_id,BTC-USDT,BUY,65000.450000000004,0.001,3847191305847374378,,113152,128512,241664
journal,godzilla,5,1,2,1783610796098828800,0,1783610796099016448,0,1783610796099154688,1783610796099151826,556,price_side,order_id,BTC-USDT,SELL,65000.659999999996,0.001,3847191305847374379,,187648,138240,325888
journal,godzilla,5,1,2,1783610796099129600,0,1783610796099245312,0,1783610796099347968,1783610796099345547,557,price_side,order_id,BTC-USDT,BUY,65000.47,0.001,3847191305847374380,,115712,102656,218368
journal,godzilla,5,1,2,1783610796099429376,0,1783610796099497984,0,1783610796099563520,1783610796099561634,558,price_side,order_id,BTC-USDT,SELL,65000.68,0.001,3847191305847374381,,68608,65536,134144
journal,godzilla,5,1,2,1783610796099728384,0,1783610796099783168,0,1783610796099846144,1783610796099844086,559,price_side,order_id,BTC-USDT,BUY,65000.49,0.001,3847191305847374382,,54784,62976,117760
journal,godzilla,5,1,2,1783610796100028416,0,1783610796100185344,0,1783610796100318976,1783610796100316125,560,price_side,order_id,BTC-USDT,SELL,65000.7,0.001,3847191305847374383,,156928,133632,290560
journal,godzilla,5,1,2,1783610796100328960,0,1783610796100441088,0,1783610796100458752,1783610796100456033,561,price_side,order_id,BTC-USDT,BUY,65000.51,0.001,3847191305847374384,,112128,17664,129792
journal,godzilla,5,1,2,1783610796100628480,0,1783610796100734208,0,1783610796100748544,1783610796100746629,562,price_side,order_id,BTC-USDT,SELL,65000.72,0.001,3847191305847374385,,105728,14336,120064
journal,godzilla,5,1,2,1783610796100928512,0,1783610796101044736,0,1783610796101057792,1783610796101055414,563,price_side,order_id,BTC-USDT,BUY,65000.53,0.001,3847191305847374386,,116224,13056,129280
journal,godzilla,5,1,2,1783610796101235712,0,1783610796101339136,0,1783610796101353984,1783610796101351857,564,price_side,order_id,BTC-USDT,SELL,65000.74,0.001,3847191305847374387,,103424,14848,118272
journal,godzilla,5,1,2,1783610796101528832,0,1783610796101776384,0,1783610796101925120,1783610796101917389,565,price_side,order_id,BTC-USDT,BUY,65000.55,0.001,3847191305847374388,,247552,148736,396288
journal,godzilla,5,1,2,1783610796101827840,0,1783610796101943552,0,1783610796102166016,1783610796102161598,566,price_side,order_id,BTC-USDT,SELL,65000.76,0.001,3847191305847374389,,115712,222464,338176
journal,godzilla,5,1,2,1783610796102134272,0,1783610796102301696,0,1783610796102348032,1783610796102344584,567,price_side,order_id,BTC-USDT,BUY,65000.57,0.001,3847191305847374390,,167424,46336,213760
journal,godzilla,5,1,2,1783610796102451200,0,1783610796102571264,0,1783610796102706176,1783610796102683056,568,price_side,order_id,BTC-USDT,SELL,65000.78,0.001,3847191305847374391,,120064,134912,254976
journal,godzilla,5,1,2,1783610796102734080,0,1783610796102822656,0,1783610796102906368,1783610796102900896,569,price_side,order_id,BTC-USDT,BUY,65000.590000000004,0.001,3847191305847374392,,88576,83712,172288
journal,godzilla,5,1,2,1783610796103034112,0,1783610796103089152,0,1783610796103170048,1783610796103166936,570,price_side,order_id,BTC-USDT,SELL,65000.799999999996,0.001,3847191305847374393,,55040,80896,135936
journal,godzilla,5,1,2,1783610796103330816,0,1783610796103398400,0,1783610796103447296,1783610796103445357,571,price_side,order_id,BTC-USDT,BUY,65000.61,0.001,3847191305847374394,,67584,48896,116480
journal,godzilla,5,1,2,1783610796103628800,0,1783610796103811072,0,1783610796103960832,1783610796103957689,572,price_side,order_id,BTC-USDT,SELL,65000.82,0.001,3847191305847374395,,182272,149760,332032
journal,godzilla,5,1,2,1783610796103949824,0,1783610796104109312,0,1783610796104242944,1783610796104239987,573,price_side,order_id,BTC-USDT,BUY,65000.630000000005,0.001,3847191305847374396,,159488,133632,293120
journal,godzilla,5,1,2,1783610796104229888,0,1783610796104469760,0,1783610796104622336,1783610796104620192,574,price_side,order_id,BTC-USDT,SELL,65000.84,0.001,3847191305847374397,,239872,152576,392448
journal,godzilla,5,1,2,1783610796104528640,0,1783610796104599296,0,1783610796104647680,1783610796104646124,575,price_side,order_id,BTC-USDT,BUY,65000.65,0.001,3847191305847374398,,70656,48384,119040
journal,godzilla,5,1,2,1783610796104832256,0,1783610796104977408,0,1783610796105061376,1783610796105055133,576,price_side,order_id,BTC-USDT,SELL,65000.86,0.001,3847191305847374399,,145152,83968,229120
journal,godzilla,5,1,2,1783610796105133056,0,1783610796105262592,0,1783610796105349376,1783610796105343207,577,price_side,order_id,BTC-USDT,BUY,65000.67,0.001,3847191305847374400,,129536,86784,216320
journal,godzilla,5,1,2,1783610796105434368,0,1783610796105646336,0,1783610796105798144,1783610796105792802,578,price_side,order_id,BTC-USDT,SELL,65000.88,0.001,3847191305847374401,,211968,151808,363776
journal,godzilla,5,1,2,1783610796105735424,0,1783610796106059776,0,1783610796106166784,1783610796106163639,579,price_side,order_id,BTC-USDT,BUY,65000.69,0.001,3847191305847374402,,324352,107008,431360
journal,godzilla,5,1,2,1783610796106031872,0,1783610796106167552,0,1783610796106191104,1783610796106189713,580,price_side,order_id,BTC-USDT,SELL,65000.9,0.001,3847191305847374403,,135680,23552,159232
journal,godzilla,5,1,2,1783610796106330624,0,1783610796106355968,0,1783610796106382592,1783610796106379922,581,price_side,order_id,BTC-USDT,BUY,65000.71,0.001,3847191305847374404,,25344,26624,51968
journal,godzilla,5,1,2,1783610796106629888,0,1783610796106698240,0,1783610796106773248,1783610796106752699,582,price_side,order_id,BTC-USDT,SELL,65000.92,0.001,3847191305847374405,,68352,75008,143360
journal,godzilla,5,1,2,1783610796106942208,0,1783610796107067136,0,1783610796107080192,1783610796107078002,583,price_side,order_id,BTC-USDT,BUY,65000.73,0.001,3847191305847374406,,124928,13056,137984
journal,godzilla,5,1,2,1783610796107229184,0,1783610796107340032,0,1783610796107355392,1783610796107353200,584,price_side,order_id,BTC-USDT,SELL,65000.939999999995,0.001,3847191305847374407,,110848,15360,126208
journal,godzilla,5,1,2,1783610796107529216,0,1783610796107838464,0,1783610796107947520,1783610796107944032,585,price_side,order_id,BTC-USDT,BUY,65000.75,0.001,3847191305847374408,,309248,109056,418304
journal,godzilla,5,1,2,1783610796107828224,0,1783610796107907072,0,1783610796107988992,1783610796107986587,586,price_side,order_id,BTC-USDT,SELL,65000.96,0.001,3847191305847374409,,78848,81920,160768
journal,godzilla,5,1,2,1783610796108145408,0,1783610796108169216,0,1783610796108264704,1783610796108262540,587,price_side,order_id,BTC-USDT,BUY,65000.770000000004,0.001,3847191305847374410,,23808,95488,119296
journal,godzilla,5,1,2,1783610796108429824,0,1783610796108535296,0,1783610796108549376,1783610796108547314,588,price_side,order_id,BTC-USDT,SELL,65000.979999999996,0.001,3847191305847374411,,105472,14080,119552
journal,godzilla,5,1,2,1783610796108728832,0,1783610796108860672,0,1783610796108992768,1783610796108989672,589,price_side,order_id,BTC-USDT,BUY,65000.79,0.001,3847191305847374412,,131840,132096,263936
journal,godzilla,5,1,2,1783610796109028864,0,1783610796109121536,0,1783610796109176832,1783610796109175012,590,price_side,order_id,BTC-USDT,SELL,65001.0,0.001,3847191305847374413,,92672,55296,147968
journal,godzilla,5,1,2,1783610796109329408,0,1783610796109443584,0,1783610796109496064,1783610796109493142,591,price_side,order_id,BTC-USDT,BUY,65000.810000000005,0.001,3847191305847374414,,114176,52480,166656
journal,godzilla,5,1,2,1783610796109646848,0,1783610796109677568,0,1783610796109776384,1783610796109773783,592,price_side,order_id,BTC-USDT,SELL,65001.02,0.001,3847191305847374415,,30720,98816,129536
journal,godzilla,5,1,2,1783610796109929472,0,1783610796110118400,0,1783610796110263296,1783610796110260241,593,price_side,order_id,BTC-USDT,BUY,65000.83,0.001,3847191305847374416,,188928,144896,333824
journal,godzilla,5,1,2,1783610796110229504,0,1783610796110358016,0,1783610796110375168,1783610796110373205,594,price_side,order_id,BTC-USDT,SELL,65001.04,0.001,3847191305847374417,,128512,17152,145664
journal,godzilla,5,1,2,1783610796110530048,0,1783610796110569984,0,1783610796110713344,1783610796110679740,595,price_side,order_id,BTC-USDT,BUY,65000.85,0.001,3847191305847374418,,39936,143360,183296
journal,godzilla,5,1,2,1783610796110830336,0,1783610796110936064,0,1783610796110955776,1783610796110953818,596,price_side,order_id,BTC-USDT,SELL,65001.06,0.001,3847191305847374419,,105728,19712,125440
journal,godzilla,5,1,2,1783610796111129344,0,1783610796111229440,0,1783610796111252224,1783610796111250172,597,price_side,order_id,BTC-USDT,BUY,65000.87,0.001,3847191305847374420,,100096,22784,122880
journal,godzilla,5,1,2,1783610796111429888,0,1783610796111534592,0,1783610796111554816,1783610796111552944,598,price_side,order_id,BTC-USDT,SELL,65001.08,0.001,3847191305847374421,,104704,20224,124928
journal,godzilla,5,1,2,1783610796111729920,0,1783610796111832064,0,1783610796111853056,1783610796111851174,599,price_side,order_id,BTC-USDT,BUY,65000.89,0.001,3847191305847374422,,102144,20992,123136
journal,godzilla,5,1,2,1783610796112030208,0,1783610796112131840,0,1783610796112152320,1783610796112150328,600,price_side,order_id,BTC-USDT,SELL,65000.1,0.001,3847191305847374423,,101632,20480,122112
journal,godzilla,5,1,2,1783610796112329984,0,1783610796112433152,0,1783610796112452608,1783610796112450667,601,price_side,order_id,BTC-USDT,BUY,64999.91,0.001,3847191305847374424,,103168,19456,122624
journal,godzilla,5,1,2,1783610796112641280,0,1783610796112759808,0,1783610796112892160,1783610796112889018,602,price_side,order_id,BTC-USDT,SELL,65000.119999999995,0.001,3847191305847374425,,118528,132352,250880
journal,godzilla,5,1,2,1783610796112929024,0,1783610796113033472,0,1783610796113123328,1783610796113120828,603,price_side,order_id,BTC-USDT,BUY,64999.93,0.001,3847191305847374426,,104448,89856,194304
journal,godzilla,5,1,2,1783610796113229824,0,1783610796113270528,0,1783610796113286400,1783610796113283558,604,price_side,order_id,BTC-USDT,SELL,65000.14,0.001,3847191305847374427,,40704,15872,56576
journal,godzilla,5,1,2,1783610796113529600,0,1783610796113644800,0,1783610796113657600,1783610796113655639,605,price_side,order_id,BTC-USDT,BUY,64999.950000000004,0.001,3847191305847374428,,115200,12800,128000
journal,godzilla,5,1,2,1783610796113828608,0,1783610796113931520,0,1783610796113947904,1783610796113945864,606,price_side,order_id,BTC-USDT,SELL,65000.159999999996,0.001,3847191305847374429,,102912,16384,119296
journal,godzilla,5,1,2,1783610796114128640,0,1783610796114239488,0,1783610796114249984,1783610796114247899,607,price_side,order_id,BTC-USDT,BUY,64999.97,0.001,3847191305847374430,,110848,10496,121344
journal,godzilla,5,1,2,1783610796114428416,0,1783610796114532608,0,1783610796114658560,1783610796114649080,608,price_side,order_id,BTC-USDT,SELL,65000.18,0.001,3847191305847374431,,104192,125952,230144
journal,godzilla,5,1,2,1783610796114729472,0,1783610796114777600,0,1783610796114881536,1783610796114879482,609,price_side,order_id,BTC-USDT,BUY,64999.99,0.001,3847191305847374432,,48128,103936,152064
journal,godzilla,5,1,2,1783610796115029504,0,1783610796115133696,0,1783610796115149312,1783610796115147217,610,price_side,order_id,BTC-USDT,SELL,65000.2,0.001,3847191305847374433,,104192,15616,119808
journal,godzilla,5,1,2,1783610796115393024,0,1783610796115505920,0,1783610796115522560,1783610796115519829,611,price_side,order_id,BTC-USDT,BUY,65000.01,0.001,3847191305847374434,,112896,16640,129536
journal,godzilla,5,1,2,1783610796115629824,0,1783610796115716608,0,1783610796115746816,1783610796115744424,612,price_side,order_id,BTC-USDT,SELL,65000.22,0.001,3847191305847374435,,86784,30208,116992
journal,godzilla,5,1,2,1783610796115928832,0,1783610796116032512,0,1783610796116049920,1783610796116047833,613,price_side,order_id,BTC-USDT,BUY,65000.03,0.001,3847191305847374436,,103680,17408,121088
journal,godzilla,5,1,2,1783610796116229376,0,1783610796116725504,0,1783610796116872704,1783610796116868741,614,price_side,order_id,BTC-USDT,SELL,65000.24,0.001,3847191305847374437,,496128,147200,643328
journal,godzilla,5,1,2,1783610796116533760,0,1783610796116758016,0,1783610796116894720,1783610796116893157,615,price_side,order_id,BTC-USDT,BUY,65000.05,0.001,3847191305847374438,,224256,136704,360960
journal,godzilla,5,1,2,1783610796116830464,0,1783610796116847872,0,1783610796116908032,1783610796116906770,616,price_side,order_id,BTC-USDT,SELL,65000.26,0.001,3847191305847374439,,17408,60160,77568
journal,godzilla,5,1,2,1783610796117129984,0,1783610796117200128,0,1783610796117286912,1783610796117284710,617,price_side,order_id,BTC-USDT,BUY,65000.07,0.001,3847191305847374440,,70144,86784,156928
journal,godzilla,5,1,2,1783610796117428480,0,1783610796117530112,0,1783610796117546496,1783610796117544468,618,price_side,order_id,BTC-USDT,SELL,65000.28,0.001,3847191305847374441,,101632,16384,118016
journal,godzilla,5,1,2,1783610796117728512,0,1783610796117867776,0,1783610796118005248,1783610796118002160,619,price_side,order_id,BTC-USDT,BUY,65000.090000000004,0.001,3847191305847374442,,139264,137472,276736
journal,godzilla,5,1,2,1783610796118029056,0,1783610796118128896,0,1783610796118217216,1783610796118215441,620,price_side,order_id,BTC-USDT,SELL,65000.299999999996,0.001,3847191305847374443,,99840,88320,188160
journal,godzilla,5,1,2,1783610796118346496,0,1783610796118441216,0,1783610796118468864,1783610796118457878,621,price_side,order_id,BTC-USDT,BUY,65000.11,0.001,3847191305847374444,,94720,27648,122368
journal,godzilla,5,1,2,1783610796118630656,0,1783610796118743808,0,1783610796118865920,1783610796118863295,622,price_side,order_id,BTC-USDT,SELL,65000.32,0.001,3847191305847374445,,113152,122112,235264
journal,godzilla,5,1,2,1783610796118928896,0,1783610796118987264,0,1783610796119093504,1783610796119091265,623,price_side,order_id,BTC-USDT,BUY,65000.130000000005,0.001,3847191305847374446,,58368,106240,164608
journal,godzilla,5,1,2,1783610796119229696,0,1783610796119324160,0,1783610796119342848,1783610796119340822,624,price_side,order_id,BTC-USDT,SELL,65000.34,0.001,3847191305847374447,,94464,18688,113152
journal,godzilla,5,1,2,1783610796119528448,0,1783610796119629056,0,1783610796119644160,1783610796119642135,625,price_side,order_id,BTC-USDT,BUY,65000.15,0.001,3847191305847374448,,100608,15104,115712
journal,godzilla,5,1,2,1783610796119828224,0,1783610796119926528,0,1783610796119949056,1783610796119946989,626,price_side,order_id,BTC-USDT,SELL,65000.36,0.001,3847191305847374449,,98304,22528,120832
journal,godzilla,5,1,2,1783610796120129536,0,1783610796120230144,0,1783610796120247552,1783610796120245509,627,price_side,order_id,BTC-USDT,BUY,65000.17,0.001,3847191305847374450,,100608,17408,118016
journal,godzilla,5,1,2,1783610796120428288,0,1783610796120521984,0,1783610796120543488,1783610796120541497,628,price_side,order_id,BTC-USDT,SELL,65000.38,0.001,3847191305847374451,,93696,21504,115200
journal,godzilla,5,1,2,1783610796120728320,0,1783610796120826368,0,1783610796120843776,1783610796120841883,629,price_side,order_id,BTC-USDT,BUY,65000.19,0.001,3847191305847374452,,98048,17408,115456
journal,godzilla,5,1,2,1783610796121037312,0,1783610796121408768,0,1783610796121455104,1783610796121452581,630,price_side,order_id,BTC-USDT,SELL,65000.4,0.001,3847191305847374453,,371456,46336,417792
journal,godzilla,5,1,2,1783610796121328128,0,1783610796121491712,0,1783610796121563648,1783610796121561175,631,price_side,order_id,BTC-USDT,BUY,65000.21,0.001,3847191305847374454,,163584,71936,235520
journal,godzilla,5,1,2,1783610796121636352,0,1783610796121666560,0,1783610796121790720,1783610796121788071,632,price_side,order_id,BTC-USDT,SELL,65000.42,0.001,3847191305847374455,,30208,124160,154368
journal,godzilla,5,1,2,1783610796121928448,0,1783610796122039808,0,1783610796122053120,1783610796122049996,633,price_side,order_id,BTC-USDT,BUY,65000.23,0.001,3847191305847374456,,111360,13312,124672
journal,godzilla,5,1,2,1783610796122228480,0,1783610796122334464,0,1783610796122352384,1783610796122349452,634,price_side,order_id,BTC-USDT,SELL,65000.439999999995,0.001,3847191305847374457,,105984,17920,123904
journal,godzilla,5,1,2,1783610796122528256,0,1783610796122633728,0,1783610796122658304,1783610796122647520,635,price_side,order_id,BTC-USDT,BUY,65000.25,0.001,3847191305847374458,,105472,24576,130048
journal,godzilla,5,1,2,1783610796122829824,0,1783610796122948864,0,1783610796123070208,1783610796123067733,636,price_side,order_id,BTC-USDT,SELL,65000.46,0.001,3847191305847374459,,119040,121344,240384
journal,godzilla,5,1,2,1783610796123129088,0,1783610796123206400,0,1783610796123294464,1783610796123292567,637,price_side,order_id,BTC-USDT,BUY,65000.270000000004,0.001,3847191305847374460,,77312,88064,165376
journal,godzilla,5,1,2,1783610796123429632,0,1783610796123532800,0,1783610796123546112,1783610796123544274,638,price_side,order_id,BTC-USDT,SELL,65000.479999999996,0.001,3847191305847374461,,103168,13312,116480
journal,godzilla,5,1,2,1783610796123728640,0,1783610796123824896,0,1783610796123841280,1783610796123839314,639,price_side,order_id,BTC-USDT,BUY,65000.29,0.001,3847191305847374462,,96256,16384,112640
journal,godzilla,5,1,2,1783610796124036352,0,1783610796124139776,0,1783610796124254464,1783610796124252003,640,price_side,order_id,BTC-USDT,SELL,65000.5,0.001,3847191305847374463,,103424,114688,218112
journal,godzilla,5,1,2,1783610796124329472,0,1783610796124374784,0,1783610796124480000,1783610796124477875,641,price_side,order_id,BTC-USDT,BUY,65000.310000000005,0.001,3847191305847374464,,45312,105216,150528
journal,godzilla,5,1,2,1783610796124628992,0,1783610796124731904,0,1783610796124748544,1783610796124746549,642,price_side,order_id,BTC-USDT,SELL,65000.52,0.001,3847191305847374465,,102912,16640,119552
journal,godzilla,5,1,2,1783610796124928768,0,1783610796125038336,0,1783610796125048064,1783610796125046130,643,price_side,order_id,BTC-USDT,BUY,65000.33,0.001,3847191305847374466,,109568,9728,119296
journal,godzilla,5,1,2,1783610796125228288,0,1783610796125330176,0,1783610796125345280,1783610796125343387,644,price_side,order_id,BTC-USDT,SELL,65000.54,0.001,3847191305847374467,,101888,15104,116992
journal,godzilla,5,1,2,1783610796125528320,0,1783610796125627392,0,1783610796125643520,1783610796125641493,645,price_side,order_id,BTC-USDT,BUY,65000.35,0.001,3847191305847374468,,99072,16128,115200
journal,godzilla,5,1,2,1783610796125828352,0,1783610796125936384,0,1783610796126064640,1783610796126062457,646,price_side,order_id,BTC-USDT,SELL,65000.56,0.001,3847191305847374469,,108032,128256,236288
journal,godzilla,5,1,2,1783610796126128896,0,1783610796126185984,0,1783610796126284032,1783610796126282045,647,price_side,order_id,BTC-USDT,BUY,65000.37,0.001,3847191305847374470,,57088,98048,155136
journal,godzilla,5,1,2,1783610796126429696,0,1783610796126532096,0,1783610796126552832,1783610796126543213,648,price_side,order_id,BTC-USDT,SELL,65000.58,0.001,3847191305847374471,,102400,20736,123136
journal,godzilla,5,1,2,1783610796126729472,0,1783610796126828544,0,1783610796126840832,1783610796126838880,649,price_side,order_id,BTC-USDT,BUY,65000.39,0.001,3847191305847374472,,99072,12288,111360
journal,godzilla,5,1,2,1783610796127035392,0,1783610796127142144,0,1783610796127157760,1783610796127155333,650,price_side,order_id,BTC-USDT,SELL,65000.6,0.001,3847191305847374473,,106752,15616,122368
journal,godzilla,5,1,2,1783610796127328768,0,1783610796127499776,0,1783610796127626240,1783610796127623599,651,price_side,order_id,BTC-USDT,BUY,65000.41,0.001,3847191305847374474,,171008,126464,297472
journal,godzilla,5,1,2,1783610796127628800,0,1783610796127739648,0,1783610796127780096,1783610796127778448,652,price_side,order_id,BTC-USDT,SELL,65000.619999999995,0.001,3847191305847374475,,110848,40448,151296
journal,godzilla,5,1,2,1783610796127929600,0,1783610796128086272,0,1783610796128224000,1783610796128221271,653,price_side,order_id,BTC-USDT,BUY,65000.43,0.001,3847191305847374476,,156672,137728,294400
journal,godzilla,5,1,2,1783610796128229120,0,1783610796128366336,0,1783610796128375040,1783610796128373181,654,price_side,order_id,BTC-USDT,SELL,65000.64,0.001,3847191305847374477,,137216,8704,145920
journal,godzilla,5,1,2,1783610796128528640,0,1783610796128595456,0,1783610796128647424,1783610796128645389,655,price_side,order_id,BTC-USDT,BUY,65000.450000000004,0.001,3847191305847374478,,66816,51968,118784
journal,godzilla,5,1,2,1783610796128828416,0,1783610796128951296,0,1783610796129083392,1783610796129080574,656,price_side,order_id,BTC-USDT,SELL,65000.659999999996,0.001,3847191305847374479,,122880,132096,254976
journal,godzilla,5,1,2,1783610796129128704,0,1783610796129220608,0,1783610796129301248,1783610796129299371,657,price_side,order_id,BTC-USDT,BUY,65000.47,0.001,3847191305847374480,,91904,80640,172544
journal,godzilla,5,1,2,1783610796129429504,0,1783610796129450496,0,1783610796129530880,1783610796129528114,658,price_side,order_id,BTC-USDT,SELL,65000.68,0.001,3847191305847374481,,20992,80384,101376
journal,godzilla,5,1,2,1783610796129739264,0,1783610796129800448,0,1783610796129867264,1783610796129864721,659,price_side,order_id,BTC-USDT,BUY,65000.49,0.001,3847191305847374482,,61184,66816,128000
journal,godzilla,5,1,2,1783610796130029824,0,1783610796130118656,0,1783610796130148352,1783610796130146179,660,price_side,order_id,BTC-USDT,SELL,65000.7,0.001,3847191305847374483,,88832,29696,118528
journal,godzilla,5,1,2,1783610796130328576,0,1783610796130457856,0,1783610796130589184,1783610796130575640,661,price_side,order_id,BTC-USDT,BUY,65000.51,0.001,3847191305847374484,,129280,131328,260608
journal,godzilla,5,1,2,1783610796130628864,0,1783610796130729216,0,1783610796130795264,1783610796130793249,662,price_side,order_id,BTC-USDT,SELL,65000.72,0.001,3847191305847374485,,100352,66048,166400
journal,godzilla,5,1,2,1783610796130929408,0,1783610796130948864,0,1783610796131039488,1783610796131036555,663,price_side,order_id,BTC-USDT,BUY,65000.53,0.001,3847191305847374486,,19456,90624,110080
journal,godzilla,5,1,2,1783610796131229184,0,1783610796131353088,0,1783610796131474176,1783610796131471973,664,price_side,order_id,BTC-USDT,SELL,65000.74,0.001,3847191305847374487,,123904,121088,244992
journal,godzilla,5,1,2,1783610796131528704,0,1783610796131624192,0,1783610796131704064,1783610796131701504,665,price_side,order_id,BTC-USDT,BUY,65000.55,0.001,3847191305847374488,,95488,79872,175360
journal,godzilla,5,1,2,1783610796131829504,0,1783610796131859968,0,1783610796131952128,1783610796131949211,666,price_side,order_id,BTC-USDT,SELL,65000.76,0.001,3847191305847374489,,30464,92160,122624
journal,godzilla,5,1,2,1783610796132129280,0,1783610796132242432,0,1783610796132361728,1783610796132359638,667,price_side,order_id,BTC-USDT,BUY,65000.57,0.001,3847191305847374490,,113152,119296,232448
journal,godzilla,5,1,2,1783610796132429568,0,1783610796132492032,0,1783610796132570368,1783610796132568427,668,price_side,order_id,BTC-USDT,SELL,65000.78,0.001,3847191305847374491,,62464,78336,140800
journal,godzilla,5,1,2,1783610796132739072,0,1783610796132854784,0,1783610796132971520,1783610796132969173,669,price_side,order_id,BTC-USDT,BUY,65000.590000000004,0.001,3847191305847374492,,115712,116736,232448
journal,godzilla,5,1,2,1783610796133029120,0,1783610796133113856,0,1783610796133206016,1783610796133203654,670,price_side,order_id,BTC-USDT,SELL,65000.799999999996,0.001,3847191305847374493,,84736,92160,176896
journal,godzilla,5,1,2,1783610796133329408,0,1783610796133485824,0,1783610796133618432,1783610796133615488,671,price_side,order_id,BTC-USDT,BUY,65000.61,0.001,3847191305847374494,,156416,132608,289024
journal,godzilla,5,1,2,1783610796133629184,0,1783610796133803008,0,1783610796133934336,1783610796133931851,672,price_side,order_id,BTC-USDT,SELL,65000.82,0.001,3847191305847374495,,173824,131328,305152
journal,godzilla,5,1,2,1783610796133928960,0,1783610796134054912,0,1783610796134088704,1783610796134086623,673,price_side,order_id,BTC-USDT,BUY,65000.630000000005,0.001,3847191305847374496,,125952,33792,159744
journal,godzilla,5,1,2,1783610796134229760,0,1783610796134279936,0,1783610796134373632,1783610796134357672,674,price_side,order_id,BTC-USDT,SELL,65000.84,0.001,3847191305847374497,,50176,93696,143872
journal,godzilla,5,1,2,1783610796134529024,0,1783610796134661632,0,1783610796134783488,1783610796134780660,675,price_side,order_id,BTC-USDT,BUY,65000.65,0.001,3847191305847374498,,132608,121856,254464
journal,godzilla,5,1,2,1783610796134828544,0,1783610796134952448,0,1783610796135006976,1783610796135004595,676,price_side,order_id,BTC-USDT,SELL,65000.86,0.001,3847191305847374499,,123904,54528,178432
journal,godzilla,5,1,2,1783610796135129088,0,1783610796135203840,0,1783610796135266560,1783610796135263994,677,price_side,order_id,BTC-USDT,BUY,65000.67,0.001,3847191305847374500,,74752,62720,137472
journal,godzilla,5,1,2,1783610796135442176,0,1783610796135574528,0,1783610796135701248,1783610796135698002,678,price_side,order_id,BTC-USDT,SELL,65000.88,0.001,3847191305847374501,,132352,126720,259072
journal,godzilla,5,1,2,1783610796135729408,0,1783610796135872256,0,1783610796135900416,1783610796135898361,679,price_side,order_id,BTC-USDT,BUY,65000.69,0.001,3847191305847374502,,142848,28160,171008
journal,godzilla,5,1,2,1783610796136028672,0,1783610796136128000,0,1783610796136173824,1783610796136171607,680,price_side,order_id,BTC-USDT,SELL,65000.9,0.001,3847191305847374503,,99328,45824,145152
journal,godzilla,5,1,2,1783610796136329472,0,1783610796136459776,0,1783610796136583168,1783610796136580330,681,price_side,order_id,BTC-USDT,BUY,65000.71,0.001,3847191305847374504,,130304,123392,253696
journal,godzilla,5,1,2,1783610796136628480,0,1783610796136758784,0,1783610796136782336,1783610796136780367,682,price_side,order_id,BTC-USDT,SELL,65000.92,0.001,3847191305847374505,,130304,23552,153856
journal,godzilla,5,1,2,1783610796136929792,0,1783610796137046016,0,1783610796137192960,1783610796137187888,683,price_side,order_id,BTC-USDT,BUY,65000.73,0.001,3847191305847374506,,116224,146944,263168
journal,godzilla,5,1,2,1783610796137228544,0,1783610796137432064,0,1783610796137571072,1783610796137568231,684,price_side,order_id,BTC-USDT,SELL,65000.939999999995,0.001,3847191305847374507,,203520,139008,342528
journal,godzilla,5,1,2,1783610796137529856,0,1783610796137554176,0,1783610796137601024,1783610796137598856,685,price_side,order_id,BTC-USDT,BUY,65000.75,0.001,3847191305847374508,,24320,46848,71168
journal,godzilla,5,1,2,1783610796137830400,0,1783610796137848832,0,1783610796137868032,1783610796137865297,686,price_side,order_id,BTC-USDT,SELL,65000.96,0.001,3847191305847374509,,18432,19200,37632
journal,godzilla,5,1,2,1783610796138129408,0,1783610796138249728,0,1783610796138287104,1783610796138264682,687,price_side,order_id,BTC-USDT,BUY,65000.770000000004,0.001,3847191305847374510,,120320,37376,157696
journal,godzilla,5,1,2,1783610796138441216,0,1783610796138459648,0,1783610796138480640,1783610796138477662,688,price_side,order_id,BTC-USDT,SELL,65000.979999999996,0.001,3847191305847374511,,18432,20992,39424
journal,godzilla,5,1,2,1783610796138729216,0,1783610796138841088,0,1783610796138979584,1783610796138975261,689,price_side,order_id,BTC-USDT,BUY,65000.79,0.001,3847191305847374512,,111872,138496,250368
journal,godzilla,5,1,2,1783610796139029504,0,1783610796139155712,0,1783610796139270144,1783610796139267133,690,price_side,order_id,BTC-USDT,SELL,65001.0,0.001,3847191305847374513,,126208,114432,240640
journal,godzilla,5,1,2,1783610796139330304,0,1783610796139421696,0,1783610796139434496,1783610796139432371,691,price_side,order_id,BTC-USDT,BUY,65000.810000000005,0.001,3847191305847374514,,91392,12800,104192
journal,godzilla,5,1,2,1783610796139629312,0,1783610796139748864,0,1783610796139767552,1783610796139765110,692,price_side,order_id,BTC-USDT,SELL,65001.02,0.001,3847191305847374515,,119552,18688,138240
journal,godzilla,5,1,2,1783610796139929344,0,1783610796140052992,0,1783610796140073472,1783610796140071286,693,price_side,order_id,BTC-USDT,BUY,65000.83,0.001,3847191305847374516,,123648,20480,144128
journal,godzilla,5,1,2,1783610796140229376,0,1783610796140345600,0,1783610796140366336,1783610796140363979,694,price_side,order_id,BTC-USDT,SELL,65001.04,0.001,3847191305847374517,,116224,20736,136960
journal,godzilla,5,1,2,1783610796140529408,0,1783610796140642304,0,1783610796140666624,1783610796140664263,695,price_side,order_id,BTC-USDT,BUY,65000.85,0.001,3847191305847374518,,112896,24320,137216
journal,godzilla,5,1,2,1783610796140830208,0,1783610796140958208,0,1783610796141008128,1783610796141003523,696,price_side,order_id,BTC-USDT,SELL,65001.06,0.001,3847191305847374519,,128000,49920,177920
journal,godzilla,5,1,2,1783610796141153792,0,1783610796141315584,0,1783610796141337856,1783610796141334834,697,price_side,order_id,BTC-USDT,BUY,65000.87,0.001,3847191305847374520,,161792,22272,184064
journal,godzilla,5,1,2,1783610796141430528,0,1783610796141492480,0,1783610796141504768,1783610796141502465,698,price_side,order_id,BTC-USDT,SELL,65001.08,0.001,3847191305847374521,,61952,12288,74240
journal,godzilla,5,1,2,1783610796141729792,0,1783610796141747712,0,1783610796141852928,1783610796141849694,699,price_side,order_id,BTC-USDT,BUY,65000.89,0.001,3847191305847374522,,17920,105216,123136
journal,godzilla,5,1,2,1783610796142029312,0,1783610796142171392,0,1783610796142316032,1783610796142312757,700,price_side,order_id,BTC-USDT,SELL,65000.1,0.001,3847191305847374523,,142080,144640,286720
journal,godzilla,5,1,2,1783610796142329856,0,1783610796142446080,0,1783610796142507008,1783610796142493352,701,price_side,order_id,BTC-USDT,BUY,64999.91,0.001,3847191305847374524,,116224,60928,177152
journal,godzilla,5,1,2,1783610796142629632,0,1783610796142698752,0,1783610796142803456,1783610796142800260,702,price_side,order_id,BTC-USDT,SELL,65000.119999999995,0.001,3847191305847374525,,69120,104704,173824
journal,godzilla,5,1,2,1783610796142930432,0,1783610796143007488,0,1783610796143083264,1783610796143078555,703,price_side,order_id,BTC-USDT,BUY,64999.93,0.001,3847191305847374526,,77056,75776,152832
journal,godzilla,5,1,2,1783610796143232256,0,1783610796143374848,0,1783610796143529728,1783610796143525619,704,price_side,order_id,BTC-USDT,SELL,65000.14,0.001,3847191305847374527,,142592,154880,297472
journal,godzilla,5,1,2,1783610796143530240,0,1783610796143697920,0,1783610796143855872,1783610796143852654,705,price_side,order_id,BTC-USDT,BUY,64999.950000000004,0.001,3847191305847374528,,167680,157952,325632
journal,godzilla,5,1,2,1783610796143830528,0,1783610796143986432,0,1783610796144110336,1783610796144106753,706,price_side,order_id,BTC-USDT,SELL,65000.159999999996,0.001,3847191305847374529,,155904,123904,279808
journal,godzilla,5,1,2,1783610796144147456,0,1783610796144188928,0,1783610796144204544,1783610796144201579,707,price_side,order_id,BTC-USDT,BUY,64999.97,0.001,3847191305847374530,,41472,15616,57088
journal,godzilla,5,1,2,1783610796144430592,0,1783610796144462080,0,1783610796144480512,1783610796144477291,708,price_side,order_id,BTC-USDT,SELL,65000.18,0.001,3847191305847374531,,31488,18432,49920
journal,godzilla,5,1,2,1783610796144730880,0,1783610796144784640,0,1783610796144807680,1783610796144805302,709,price_side,order_id,BTC-USDT,BUY,64999.99,0.001,3847191305847374532,,53760,23040,76800
journal,godzilla,5,1,2,1783610796145030656,0,1783610796145062144,0,1783610796145111808,1783610796145108515,710,price_side,order_id,BTC-USDT,SELL,65000.2,0.001,3847191305847374533,,31488,49664,81152
journal,godzilla,5,1,2,1783610796145330176,0,1783610796145446144,0,1783610796145467904,1783610796145465716,711,price_side,order_id,BTC-USDT,BUY,65000.01,0.001,3847191305847374534,,115968,21760,137728
journal,godzilla,5,1,2,1783610796145630208,0,1783610796145647360,0,1783610796145671168,1783610796145668563,712,price_side,order_id,BTC-USDT,SELL,65000.22,0.001,3847191305847374535,,17152,23808,40960
journal,godzilla,5,1,2,1783610796145928960,0,1783610796146513920,0,1783610796146648832,1783610796146646187,713,price_side,order_id,BTC-USDT,BUY,65000.03,0.001,3847191305847374536,,584960,134912,719872
journal,godzilla,5,1,2,1783610796146228736,0,1783610796146540032,0,1783610796146681088,1783610796146667755,714,price_side,order_id,BTC-USDT,SELL,65000.24,0.001,3847191305847374537,,311296,141056,452352
journal,godzilla,5,1,2,1783610796146528768,0,1783610796146563072,0,1783610796146697216,1783610796146695629,715,price_side,order_id,BTC-USDT,BUY,65000.05,0.001,3847191305847374538,,34304,134144,168448
journal,godzilla,5,1,2,1783610796146839296,0,1783610796146921472,0,1783610796147326720,1783610796147319880,716,price_side,order_id,BTC-USDT,SELL,65000.26,0.001,3847191305847374539,,82176,405248,487424
journal,godzilla,5,1,2,1783610796147139584,0,1783610796147508224,0,1783610796147592448,1783610796147587898,717,price_side,order_id,BTC-USDT,BUY,65000.07,0.001,3847191305847374540,,368640,84224,452864
journal,godzilla,5,1,2,1783610796147433984,0,1783610796147723264,0,1783610796147768320,1783610796147765203,718,price_side,order_id,BTC-USDT,SELL,65000.28,0.001,3847191305847374541,,289280,45056,334336
journal,godzilla,5,1,2,1783610796147730944,0,1783610796147838976,0,1783610796147867904,1783610796147865391,719,price_side,order_id,BTC-USDT,BUY,65000.090000000004,0.001,3847191305847374542,,108032,28928,136960
journal,godzilla,5,1,2,1783610796148030720,0,1783610796148099584,0,1783610796148136960,1783610796148134658,720,price_side,order_id,BTC-USDT,SELL,65000.299999999996,0.001,3847191305847374543,,68864,37376,106240
journal,godzilla,5,1,2,1783610796148330240,0,1783610796148450560,0,1783610796148467200,1783610796148463986,721,price_side,order_id,BTC-USDT,BUY,65000.11,0.001,3847191305847374544,,120320,16640,136960
journal,godzilla,5,1,2,1783610796148628736,0,1783610796148812032,0,1783610796148966400,1783610796148963568,722,price_side,order_id,BTC-USDT,SELL,65000.32,0.001,3847191305847374545,,183296,154368,337664
journal,godzilla,5,1,2,1783610796148929024,0,1783610796148993792,0,1783610796149091072,1783610796149088309,723,price_side,order_id,BTC-USDT,BUY,65000.130000000005,0.001,3847191305847374546,,64768,97280,162048
journal,godzilla,5,1,2,1783610796149230336,0,1783610796149337344,0,1783610796149390848,1783610796149388646,724,price_side,order_id,BTC-USDT,SELL,65000.34,0.001,3847191305847374547,,107008,53504,160512
journal,godzilla,5,1,2,1783610796149530112,0,1783610796149553152,0,1783610796149573120,1783610796149570422,725,price_side,order_id,BTC-USDT,BUY,65000.15,0.001,3847191305847374548,,23040,19968,43008
journal,godzilla,5,1,2,1783610796149847040,0,1783610796149954560,0,1783610796149977088,1783610796149974873,726,price_side,order_id,BTC-USDT,SELL,65000.36,0.001,3847191305847374549,,107520,22528,130048
journal,godzilla,5,1,2,1783610796150129920,0,1783610796150164736,0,1783610796150196992,1783610796150180260,727,price_side,order_id,BTC-USDT,BUY,65000.17,0.001,3847191305847374550,,34816,32256,67072
journal,godzilla,5,1,2,1783610796150429184,0,1783610796150636288,0,1783610796150650112,1783610796150647183,728,price_side,order_id,BTC-USDT,SELL,65000.38,0.001,3847191305847374551,,207104,13824,220928
journal,godzilla,5,1,2,1783610796150728960,0,1783610796150809856,0,1783610796150832384,1783610796150830236,729,price_side,order_id,BTC-USDT,BUY,65000.19,0.001,3847191305847374552,,80896,22528,103424
journal,godzilla,5,1,2,1783610796151030272,0,1783610796151162112,0,1783610796151287296,1783610796151284044,730,price_side,order_id,BTC-USDT,SELL,65000.4,0.001,3847191305847374553,,131840,125184,257024
journal,godzilla,5,1,2,1783610796151329024,0,1783610796151412224,0,1783610796151515136,1783610796151512754,731,price_side,order_id,BTC-USDT,BUY,65000.21,0.001,3847191305847374554,,83200,102912,186112
journal,godzilla,5,1,2,1783610796151629824,0,1783610796151651584,0,1783610796151691008,1783610796151671938,732,price_side,order_id,BTC-USDT,SELL,65000.42,0.001,3847191305847374555,,21760,39424,61184
journal,godzilla,5,1,2,1783610796151930112,0,1783610796151980032,0,1783610796152083200,1783610796152080564,733,price_side,order_id,BTC-USDT,BUY,65000.23,0.001,3847191305847374556,,49920,103168,153088
journal,godzilla,5,1,2,1783610796152230144,0,1783610796152283648,0,1783610796152367872,1783610796152365912,734,price_side,order_id,BTC-USDT,SELL,65000.439999999995,0.001,3847191305847374557,,53504,84224,137728
journal,godzilla,5,1,2,1783610796152541440,0,1783610796152646912,0,1783610796152666368,1783610796152664102,735,price_side,order_id,BTC-USDT,BUY,65000.25,0.001,3847191305847374558,,105472,19456,124928
journal,godzilla,5,1,2,1783610796152829952,0,1783610796153009664,0,1783610796153139200,1783610796153136318,736,price_side,order_id,BTC-USDT,SELL,65000.46,0.001,3847191305847374559,,179712,129536,309248
journal,godzilla,5,1,2,1783610796153129216,0,1783610796153216000,0,1783610796153255936,1783610796153253286,737,price_side,order_id,BTC-USDT,BUY,65000.270000000004,0.001,3847191305847374560,,86784,39936,126720
journal,godzilla,5,1,2,1783610796153430016,0,1783610796153443840,0,1783610796153467136,1783610796153464481,738,price_side,order_id,BTC-USDT,SELL,65000.479999999996,0.001,3847191305847374561,,13824,23296,37120
journal,godzilla,5,1,2,1783610796153728768,0,1783610796153834496,0,1783610796153857024,1783610796153854657,739,price_side,order_id,BTC-USDT,BUY,65000.29,0.001,3847191305847374562,,105728,22528,128256
journal,godzilla,5,1,2,1783610796154029824,0,1783610796154048000,0,1783610796154072832,1783610796154058427,740,price_side,order_id,BTC-USDT,SELL,65000.5,0.001,3847191305847374563,,18176,24832,43008
journal,godzilla,5,1,2,1783610796154329088,0,1783610796154432000,0,1783610796154454784,1783610796154452326,741,price_side,order_id,BTC-USDT,BUY,65000.310000000005,0.001,3847191305847374564,,102912,22784,125696
journal,godzilla,5,1,2,1783610796154629632,0,1783610796154733312,0,1783610796154753280,1783610796154751399,742,price_side,order_id,BTC-USDT,SELL,65000.52,0.001,3847191305847374565,,103680,19968,123648
journal,godzilla,5,1,2,1783610796154929920,0,1783610796155036672,0,1783610796155055104,1783610796155052809,743,price_side,order_id,BTC-USDT,BUY,65000.33,0.001,3847191305847374566,,106752,18432,125184
journal,godzilla,5,1,2,1783610796155228928,0,1783610796155332864,0,1783610796155355904,1783610796155353691,744,price_side,order_id,BTC-USDT,SELL,65000.54,0.001,3847191305847374567,,103936,23040,126976
journal,godzilla,5,1,2,1783610796155538944,0,1783610796155639552,0,1783610796155660288,1783610796155658222,745,price_side,order_id,BTC-USDT,BUY,65000.35,0.001,3847191305847374568,,100608,20736,121344
journal,godzilla,5,1,2,1783610796155830016,0,1783610796155935744,0,1783610796155957248,1783610796155955077,746,price_side,order_id,BTC-USDT,SELL,65000.56,0.001,3847191305847374569,,105728,21504,127232
journal,godzilla,5,1,2,1783610796156130048,0,1783610796156147200,0,1783610796156169472,1783610796156166696,747,price_side,order_id,BTC-USDT,BUY,65000.37,0.001,3847191305847374570,,17152,22272,39424
journal,godzilla,5,1,2,1783610796156428800,0,1783610796156529920,0,1783610796156552192,1783610796156550116,748,price_side,order_id,BTC-USDT,SELL,65000.58,0.001,3847191305847374571,,101120,22272,123392
journal,godzilla,5,1,2,1783610796156729344,0,1783610796156833024,0,1783610796156852480,1783610796156850576,749,price_side,order_id,BTC-USDT,BUY,65000.39,0.001,3847191305847374572,,103680,19456,123136
journal,godzilla,5,1,2,1783610796157030144,0,1783610796157133824,0,1783610796157153280,1783610796157151307,750,price_side,order_id,BTC-USDT,SELL,65000.6,0.001,3847191305847374573,,103680,19456,123136
journal,godzilla,5,1,2,1783610796157330176,0,1783610796157434112,0,1783610796157453056,1783610796157451099,751,price_side,order_id,BTC-USDT,BUY,65000.41,0.001,3847191305847374574,,103936,18944,122880
journal,godzilla,5,1,2,1783610796157629952,0,1783610796157732864,0,1783610796157751808,1783610796157749959,752,price_side,order_id,BTC-USDT,SELL,65000.619999999995,0.001,3847191305847374575,,102912,18944,121856
journal,godzilla,5,1,2,1783610796157930496,0,1783610796158134528,0,1783610796158288384,1783610796158274531,753,price_side,order_id,BTC-USDT,BUY,65000.43,0.001,3847191305847374576,,204032,153856,357888
journal,godzilla,5,1,2,1783610796158229504,0,1783610796158254080,0,1783610796158316800,1783610796158315045,754,price_side,order_id,BTC-USDT,SELL,65000.64,0.001,3847191305847374577,,24576,62720,87296
journal,godzilla,5,1,2,1783610796158538496,0,1783610796158553856,0,1783610796158660608,1783610796158657697,755,price_side,order_id,BTC-USDT,BUY,65000.450000000004,0.001,3847191305847374578,,15360,106752,122112
journal,godzilla,5,1,2,1783610796158828800,0,1783610796158927872,0,1783610796158950144,1783610796158948012,756,price_side,order_id,BTC-USDT,SELL,65000.659999999996,0.001,3847191305847374579,,99072,22272,121344
journal,godzilla,5,1,2,1783610796159129600,0,1783610796159227136,0,1783610796159244544,1783610796159242651,757,price_side,order_id,BTC-USDT,BUY,65000.47,0.001,3847191305847374580,,97536,17408,114944
journal,godzilla,5,1,2,1783610796159428608,0,1783610796159526400,0,1783610796159547648,1783610796159545674,758,price_side,order_id,BTC-USDT,SELL,65000.68,0.001,3847191305847374581,,97792,21248,119040
journal,godzilla,5,1,2,1783610796159729664,0,1783610796159823872,0,1783610796159842048,1783610796159840243,759,price_side,order_id,BTC-USDT,BUY,65000.49,0.001,3847191305847374582,,94208,18176,112384
journal,godzilla,5,1,2,1783610796160028928,0,1783610796160124160,0,1783610796160145408,1783610796160143282,760,price_side,order_id,BTC-USDT,SELL,65000.7,0.001,3847191305847374583,,95232,21248,116480
journal,godzilla,5,1,2,1783610796160329216,0,1783610796160423936,0,1783610796160443136,1783610796160441304,761,price_side,order_id,BTC-USDT,BUY,65000.51,0.001,3847191305847374584,,94720,19200,113920
journal,godzilla,5,1,2,1783610796160628480,0,1783610796160982784,0,1783610796161059584,1783610796161057015,762,price_side,order_id,BTC-USDT,SELL,65000.72,0.001,3847191305847374585,,354304,76800,431104
journal,godzilla,5,1,2,1783610796160927744,0,1783610796161068800,0,1783610796161076736,1783610796161075277,763,price_side,order_id,BTC-USDT,BUY,65000.53,0.001,3847191305847374586,,141056,7936,148992
journal,godzilla,5,1,2,1783610796161240576,0,1783610796161324288,0,1783610796161340160,1783610796161336508,764,price_side,order_id,BTC-USDT,SELL,65000.74,0.001,3847191305847374587,,83712,15872,99584
journal,godzilla,5,1,2,1783610796161532416,0,1783610796161586432,0,1783610796161697024,1783610796161691780,765,price_side,order_id,BTC-USDT,BUY,65000.55,0.001,3847191305847374588,,54016,110592,164608
journal,godzilla,5,1,2,1783610796161833984,0,1783610796161939456,0,1783610796162025728,1783610796162019612,766,price_side,order_id,BTC-USDT,SELL,65000.76,0.001,3847191305847374589,,105472,86272,191744
journal,godzilla,5,1,2,1783610796162134016,0,1783610796162199040,0,1783610796162301184,1783610796162268112,767,price_side,order_id,BTC-USDT,BUY,65000.57,0.001,3847191305847374590,,65024,102144,167168
journal,godzilla,5,1,2,1783610796162430208,0,1783610796162485248,0,1783610796162557184,1783610796162555158,768,price_side,order_id,BTC-USDT,SELL,65000.78,0.001,3847191305847374591,,55040,71936,126976
journal,godzilla,5,1,2,1783610796162728704,0,1783610796162784512,0,1783610796162846720,1783610796162844689,769,price_side,order_id,BTC-USDT,BUY,65000.590000000004,0.001,3847191305847374592,,55808,62208,118016
journal,godzilla,5,1,2,1783610796163028736,0,1783610796163300864,0,1783610796163426560,1783610796163423752,770,price_side,order_id,BTC-USDT,SELL,65000.799999999996,0.001,3847191305847374593,,272128,125696,397824
journal,godzilla,5,1,2,1783610796163328256,0,1783610796163376384,0,1783610796163465472,1783610796163463207,771,price_side,order_id,BTC-USDT,BUY,65000.61,0.001,3847191305847374594,,48128,89088,137216
journal,godzilla,5,1,2,1783610796163629568,0,1783610796163672832,0,1783610796163770368,1783610796163768261,772,price_side,order_id,BTC-USDT,SELL,65000.82,0.001,3847191305847374595,,43264,97536,140800
journal,godzilla,5,1,2,1783610796163928576,0,1783610796164062464,0,1783610796164186112,1783610796164183040,773,price_side,order_id,BTC-USDT,BUY,65000.630000000005,0.001,3847191305847374596,,133888,123648,257536
journal,godzilla,5,1,2,1783610796164242176,0,1783610796164334080,0,1783610796164410368,1783610796164407631,774,price_side,order_id,BTC-USDT,SELL,65000.84,0.001,3847191305847374597,,91904,76288,168192
journal,godzilla,5,1,2,1783610796164529664,0,1783610796164548864,0,1783610796164650496,1783610796164647789,775,price_side,order_id,BTC-USDT,BUY,65000.65,0.001,3847191305847374598,,19200,101632,120832
journal,godzilla,5,1,2,1783610796164828416,0,1783610796164988928,0,1783610796165128704,1783610796165126213,776,price_side,order_id,BTC-USDT,SELL,65000.86,0.001,3847191305847374599,,160512,139776,300288
journal,godzilla,5,1,2,1783610796165128704,0,1783610796165254144,0,1783610796165270272,1783610796165267050,777,price_side,order_id,BTC-USDT,BUY,65000.67,0.001,3847191305847374600,,125440,16128,141568
journal,godzilla,5,1,2,1783610796165429248,0,1783610796165542912,0,1783610796165666048,1783610796165663404,778,price_side,order_id,BTC-USDT,SELL,65000.88,0.001,3847191305847374601,,113664,123136,236800
journal,godzilla,5,1,2,1783610796165728512,0,1783610796165820672,0,1783610796165901056,1783610796165898994,779,price_side,order_id,BTC-USDT,BUY,65000.69,0.001,3847191305847374602,,92160,80384,172544
journal,godzilla,5,1,2,1783610796166030336,0,1783610796166052608,0,1783610796166142464,1783610796166128772,780,price_side,order_id,BTC-USDT,SELL,65000.9,0.001,3847191305847374603,,22272,89856,112128
journal,godzilla,5,1,2,1783610796166329856,0,1783610796166503680,0,1783610796166657280,1783610796166654374,781,price_side,order_id,BTC-USDT,BUY,65000.71,0.001,3847191305847374604,,173824,153600,327424
journal,godzilla,5,1,2,1783610796166629376,0,1783610796166682624,0,1783610796166750208,1783610796166747829,782,price_side,order_id,BTC-USDT,SELL,65000.92,0.001,3847191305847374605,,53248,67584,120832
journal,godzilla,5,1,2,1783610796166950144,0,1783610796167013376,0,1783610796167087104,1783610796167084292,783,price_side,order_id,BTC-USDT,BUY,65000.73,0.001,3847191305847374606,,63232,73728,136960
journal,godzilla,5,1,2,1783610796167230464,0,1783610796167292672,0,1783610796167370752,1783610796167366957,784,price_side,order_id,BTC-USDT,SELL,65000.939999999995,0.001,3847191305847374607,,62208,78080,140288
journal,godzilla,5,1,2,1783610796167531520,0,1783610796167581440,0,1783610796167682048,1783610796167679226,785,price_side,order_id,BTC-USDT,BUY,65000.75,0.001,3847191305847374608,,49920,100608,150528
journal,godzilla,5,1,2,1783610796167831296,0,1783610796168005632,0,1783610796168166400,1783610796168162585,786,price_side,order_id,BTC-USDT,SELL,65000.96,0.001,3847191305847374609,,174336,160768,335104
journal,godzilla,5,1,2,1783610796168130048,0,1783610796168186624,0,1783610796168272384,1783610796168270193,787,price_side,order_id,BTC-USDT,BUY,65000.770000000004,0.001,3847191305847374610,,56576,85760,142336
journal,godzilla,5,1,2,1783610796168430848,0,1783610796168540928,0,1783610796168620032,1783610796168616616,788,price_side,order_id,BTC-USDT,SELL,65000.979999999996,0.001,3847191305847374611,,110080,79104,189184
journal,godzilla,5,1,2,1783610796168731136,0,1783610796168776960,0,1783610796168871680,1783610796168869526,789,price_side,order_id,BTC-USDT,BUY,65000.79,0.001,3847191305847374612,,45824,94720,140544
journal,godzilla,5,1,2,1783610796169030912,0,1783610796169189120,0,1783610796169329408,1783610796169326452,790,price_side,order_id,BTC-USDT,SELL,65001.0,0.001,3847191305847374613,,158208,140288,298496
journal,godzilla,5,1,2,1783610796169329664,0,1783610796169496832,0,1783610796169637632,1783610796169634649,791,price_side,order_id,BTC-USDT,BUY,65000.810000000005,0.001,3847191305847374614,,167168,140800,307968
journal,godzilla,5,1,2,1783610796169629952,0,1783610796169763328,0,1783610796169785856,1783610796169783157,792,price_side,order_id,BTC-USDT,SELL,65001.02,0.001,3847191305847374615,,133376,22528,155904
journal,godzilla,5,1,2,1783610796169944320,0,1783610796170110208,0,1783610796170256640,1783610796170242714,793,price_side,order_id,BTC-USDT,BUY,65000.83,0.001,3847191305847374616,,165888,146432,312320
journal,godzilla,5,1,2,1783610796170229504,0,1783610796170379264,0,1783610796170441984,1783610796170439780,794,price_side,order_id,BTC-USDT,SELL,65001.04,0.001,3847191305847374617,,149760,62720,212480
journal,godzilla,5,1,2,1783610796170530304,0,1783610796170642944,0,1783610796170686976,1783610796170684102,795,price_side,order_id,BTC-USDT,BUY,65000.85,0.001,3847191305847374618,,112640,44032,156672
journal,godzilla,5,1,2,1783610796170830080,0,1783610796170882048,0,1783610796170965248,1783610796170963125,796,price_side,order_id,BTC-USDT,SELL,65001.06,0.001,3847191305847374619,,51968,83200,135168
journal,godzilla,5,1,2,1783610796171131392,0,1783610796171264768,0,1783610796171400448,1783610796171396679,797,price_side,order_id,BTC-USDT,BUY,65000.87,0.001,3847191305847374620,,133376,135680,269056
journal,godzilla,5,1,2,1783610796171429376,0,1783610796171540992,0,1783610796171627264,1783610796171623959,798,price_side,order_id,BTC-USDT,SELL,65001.08,0.001,3847191305847374621,,111616,86272,197888
journal,godzilla,5,1,2,1783610796171765248,0,1783610796171882496,0,1783610796171895808,1783610796171892917,799,price_side,order_id,BTC-USDT,BUY,65000.89,0.001,3847191305847374622,,117248,13312,130560
journal,godzilla,5,1,2,1783610796172030208,0,1783610796172144384,0,1783610796172155904,1783610796172153506,800,price_side,order_id,BTC-USDT,SELL,65000.1,0.001,3847191305847374623,,114176,11520,125696
journal,godzilla,5,1,2,1783610796172328960,0,1783610796172469760,0,1783610796172663808,1783610796172660697,801,price_side,order_id,BTC-USDT,BUY,64999.91,0.001,3847191305847374624,,140800,194048,334848
journal,godzilla,5,1,2,1783610796172645376,0,1783610796172865024,0,1783610796173017344,1783610796173014837,802,price_side,order_id,BTC-USDT,SELL,65000.119999999995,0.001,3847191305847374625,,219648,152320,371968
journal,godzilla,5,1,2,1783610796172928512,0,1783610796173014528,0,1783610796173033472,1783610796173032030,803,price_side,order_id,BTC-USDT,BUY,64999.93,0.001,3847191305847374626,,86016,18944,104960
journal,godzilla,5,1,2,1783610796173229824,0,1783610796173429760,0,1783610796173577728,1783610796173574606,804,price_side,order_id,BTC-USDT,SELL,65000.14,0.001,3847191305847374627,,199936,147968,347904
journal,godzilla,5,1,2,1783610796173529600,0,1783610796173677824,0,1783610796173690368,1783610796173688515,805,price_side,order_id,BTC-USDT,BUY,64999.950000000004,0.001,3847191305847374628,,148224,12544,160768
journal,godzilla,5,1,2,1783610796173829888,0,1783610796173903104,0,1783610796173940480,1783610796173925579,806,price_side,order_id,BTC-USDT,SELL,65000.159999999996,0.001,3847191305847374629,,73216,37376,110592
journal,godzilla,5,1,2,1783610796174130432,0,1783610796174189568,0,1783610796174307584,1783610796174303519,807,price_side,order_id,BTC-USDT,BUY,64999.97,0.001,3847191305847374630,,59136,118016,177152
journal,godzilla,5,1,2,1783610796174432000,0,1783610796174473984,0,1783610796174576640,1783610796174573161,808,price_side,order_id,BTC-USDT,SELL,65000.18,0.001,3847191305847374631,,41984,102656,144640
journal,godzilla,5,1,2,1783610796174732288,0,1783610796175279872,0,1783610796175441152,1783610796175438822,809,price_side,order_id,BTC-USDT,BUY,64999.99,0.001,3847191305847374632,,547584,161280,708864
journal,godzilla,5,1,2,1783610796175030784,0,1783610796175328000,0,1783610796175459584,1783610796175458037,810,price_side,order_id,BTC-USDT,SELL,65000.2,0.001,3847191305847374633,,297216,131584,428800
journal,godzilla,5,1,2,1783610796175328256,0,1783610796175350528,0,1783610796175473408,1783610796175472113,811,price_side,order_id,BTC-USDT,BUY,65000.01,0.001,3847191305847374634,,22272,122880,145152
journal,godzilla,5,1,2,1783610796175662080,0,1783610796175798784,0,1783610796175846144,1783610796175843384,812,price_side,order_id,BTC-USDT,SELL,65000.22,0.001,3847191305847374635,,136704,47360,184064
journal,godzilla,5,1,2,1783610796175930368,0,1783610796175971328,0,1783610796176028928,1783610796176025708,813,price_side,order_id,BTC-USDT,BUY,65000.03,0.001,3847191305847374636,,40960,57600,98560
journal,godzilla,5,1,2,1783610796176230400,0,1783610796176254720,0,1783610796176363520,1783610796176359903,814,price_side,order_id,BTC-USDT,SELL,65000.24,0.001,3847191305847374637,,24320,108800,133120
journal,godzilla,5,1,2,1783610796176529920,0,1783610796176615168,0,1783610796176713728,1783610796176709701,815,price_side,order_id,BTC-USDT,BUY,65000.05,0.001,3847191305847374638,,85248,98560,183808
journal,godzilla,5,1,2,1783610796176832512,0,1783610796177064192,0,1783610796177251840,1783610796177247804,816,price_side,order_id,BTC-USDT,SELL,65000.26,0.001,3847191305847374639,,231680,187648,419328
journal,godzilla,5,1,2,1783610796177130240,0,1783610796177246208,0,1783610796177284096,1783610796177281066,817,price_side,order_id,BTC-USDT,BUY,65000.07,0.001,3847191305847374640,,115968,37888,153856
journal,godzilla,5,1,2,1783610796177431040,0,1783610796177495808,0,1783610796177619712,1783610796177617542,818,price_side,order_id,BTC-USDT,SELL,65000.28,0.001,3847191305847374641,,64768,123904,188672
journal,godzilla,5,1,2,1783610796177729536,0,1783610796177806592,0,1783610796177917696,1783610796177914910,819,price_side,order_id,BTC-USDT,BUY,65000.090000000004,0.001,3847191305847374642,,77056,111104,188160
journal,godzilla,5,1,2,1783610796178030336,0,1783610796178117376,0,1783610796178163968,1783610796178138322,820,price_side,order_id,BTC-USDT,SELL,65000.299999999996,0.001,3847191305847374643,,87040,46592,133632
journal,godzilla,5,1,2,1783610796178346496,0,1783610796178483968,0,1783610796178511360,1783610796178508876,821,price_side,order_id,BTC-USDT,BUY,65000.11,0.001,3847191305847374644,,137472,27392,164864
journal,godzilla,5,1,2,1783610796178631680,0,1783610796178652416,0,1783610796178769920,1783610796178766541,822,price_side,order_id,BTC-USDT,SELL,65000.32,0.001,3847191305847374645,,20736,117504,138240
journal,godzilla,5,1,2,1783610796178931456,0,1783610796179078144,0,1783610796179101184,1783610796179098375,823,price_side,order_id,BTC-USDT,BUY,65000.130000000005,0.001,3847191305847374646,,146688,23040,169728
journal,godzilla,5,1,2,1783610796179230976,0,1783610796179292160,0,1783610796179407360,1783610796179404602,824,price_side,order_id,BTC-USDT,SELL,65000.34,0.001,3847191305847374647,,61184,115200,176384
journal,godzilla,5,1,2,1783610796179531008,0,1783610796179572736,0,1783610796179602432,1783610796179598448,825,price_side,order_id,BTC-USDT,BUY,65000.15,0.001,3847191305847374648,,41728,29696,71424
journal,godzilla,5,1,2,1783610796179831040,0,1783610796179860224,0,1783610796179952128,1783610796179949605,826,price_side,order_id,BTC-USDT,SELL,65000.36,0.001,3847191305847374649,,29184,91904,121088
journal,godzilla,5,1,2,1783610796180130560,0,1783610796180254464,0,1783610796180281088,1783610796180278427,827,price_side,order_id,BTC-USDT,BUY,65000.17,0.001,3847191305847374650,,123904,26624,150528
journal,godzilla,5,1,2,1783610796180429568,0,1783610796180511232,0,1783610796180527360,1783610796180524981,828,price_side,order_id,BTC-USDT,SELL,65000.38,0.001,3847191305847374651,,81664,16128,97792
journal,godzilla,5,1,2,1783610796180730624,0,1783610796180914688,0,1783610796181091840,1783610796181088573,829,price_side,order_id,BTC-USDT,BUY,65000.19,0.001,3847191305847374652,,184064,177152,361216
journal,godzilla,5,1,2,1783610796181029888,0,1783610796181118464,0,1783610796181219584,1783610796181217243,830,price_side,order_id,BTC-USDT,SELL,65000.4,0.001,3847191305847374653,,88576,101120,189696
journal,godzilla,5,1,2,1783610796181360128,0,1783610796181441280,0,1783610796181460224,1783610796181457717,831,price_side,order_id,BTC-USDT,BUY,65000.21,0.001,3847191305847374654,,81152,18944,100096
journal,godzilla,5,1,2,1783610796181630464,0,1783610796181707008,0,1783610796181807616,1783610796181805321,832,price_side,order_id,BTC-USDT,SELL,65000.42,0.001,3847191305847374655,,76544,100608,177152
journal,godzilla,5,1,2,1783610796181930240,0,1783610796181958656,0,1783610796182016512,1783610796181979265,833,price_side,order_id,BTC-USDT,BUY,65000.23,0.001,3847191305847374656,,28416,57856,86272
journal,godzilla,5,1,2,1783610796182230528,0,1783610796182339328,0,1783610796182358784,1783610796182356652,834,price_side,order_id,BTC-USDT,SELL,65000.439999999995,0.001,3847191305847374657,,108800,19456,128256
journal,godzilla,5,1,2,1783610796182530560,0,1783610796182641664,0,1783610796182665984,1783610796182663584,835,price_side,order_id,BTC-USDT,BUY,65000.25,0.001,3847191305847374658,,111104,24320,135424
journal,godzilla,5,1,2,1783610796182830336,0,1783610796182854912,0,1783610796182879744,1783610796182876699,836,price_side,order_id,BTC-USDT,SELL,65000.46,0.001,3847191305847374659,,24576,24832,49408
journal,godzilla,5,1,2,1783610796183130112,0,1783610796183367936,0,1783610796183529216,1783610796183526861,837,price_side,order_id,BTC-USDT,BUY,65000.270000000004,0.001,3847191305847374660,,237824,161280,399104
journal,godzilla,5,1,2,1783610796183428352,0,1783610796183518464,0,1783610796183545600,1783610796183544244,838,price_side,order_id,BTC-USDT,SELL,65000.479999999996,0.001,3847191305847374661,,90112,27136,117248
journal,godzilla,5,1,2,1783610796183729920,0,1783610796183765248,0,1783610796183848704,1783610796183846704,839,price_side,order_id,BTC-USDT,BUY,65000.29,0.001,3847191305847374662,,35328,83456,118784
journal,godzilla,5,1,2,1783610796184036864,0,1783610796184084736,0,1783610796184175872,1783610796184173578,840,price_side,order_id,BTC-USDT,SELL,65000.5,0.001,3847191305847374663,,47872,91136,139008
journal,godzilla,5,1,2,1783610796184330240,0,1783610796184444672,0,1783610796184456192,1783610796184454168,841,price_side,order_id,BTC-USDT,BUY,65000.310000000005,0.001,3847191305847374664,,114432,11520,125952
journal,godzilla,5,1,2,1783610796184628992,0,1783610796184668160,0,1783610796184769280,1783610796184767194,842,price_side,order_id,BTC-USDT,SELL,65000.52,0.001,3847191305847374665,,39168,101120,140288
journal,godzilla,5,1,2,1783610796184928768,0,1783610796185049344,0,1783610796185174528,1783610796185172271,843,price_side,order_id,BTC-USDT,BUY,65000.33,0.001,3847191305847374666,,120576,125184,245760
journal,godzilla,5,1,2,1783610796185230336,0,1783610796185514752,0,1783610796185645312,1783610796185642806,844,price_side,order_id,BTC-USDT,SELL,65000.54,0.001,3847191305847374667,,284416,130560,414976
journal,godzilla,5,1,2,1783610796185528576,0,1783610796185602560,0,1783610796185687040,1783610796185684531,845,price_side,order_id,BTC-USDT,BUY,65000.35,0.001,3847191305847374668,,73984,84480,158464
journal,godzilla,5,1,2,1783610796185829888,0,1783610796185977344,0,1783610796186199808,1783610796186113655,846,price_side,order_id,BTC-USDT,SELL,65000.56,0.001,3847191305847374669,,147456,222464,369920
journal,godzilla,5,1,2,1783610796186129408,0,1783610796186266880,0,1783610796186355712,1783610796186353677,847,price_side,order_id,BTC-USDT,BUY,65000.37,0.001,3847191305847374670,,137472,88832,226304
journal,godzilla,5,1,2,1783610796186430464,0,1783610796186467328,0,1783610796186518016,1783610796186515005,848,price_side,order_id,BTC-USDT,SELL,65000.58,0.001,3847191305847374671,,36864,50688,87552
journal,godzilla,5,1,2,1783610796186729728,0,1783610796186835968,0,1783610796186847744,1783610796186845793,849,price_side,order_id,BTC-USDT,BUY,65000.39,0.001,3847191305847374672,,106240,11776,118016
journal,godzilla,5,1,2,1783610796187037184,0,1783610796187144448,0,1783610796187160320,1783610796187158026,850,price_side,order_id,BTC-USDT,SELL,65000.6,0.001,3847191305847374673,,107264,15872,123136
journal,godzilla,5,1,2,1783610796187329024,0,1783610796187440128,0,1783610796187458304,1783610796187455958,851,price_side,order_id,BTC-USDT,BUY,65000.41,0.001,3847191305847374674,,111104,18176,129280
journal,godzilla,5,1,2,1783610796187628800,0,1783610796187738624,0,1783610796187756288,1783610796187754160,852,price_side,order_id,BTC-USDT,SELL,65000.619999999995,0.001,3847191305847374675,,109824,17664,127488
journal,godzilla,5,1,2,1783610796187928576,0,1783610796188051200,0,1783610796188063232,1783610796188060740,853,price_side,order_id,BTC-USDT,BUY,65000.43,0.001,3847191305847374676,,122624,12032,134656
journal,godzilla,5,1,2,1783610796188228864,0,1783610796188336640,0,1783610796188355072,1783610796188352748,854,price_side,order_id,BTC-USDT,SELL,65000.64,0.001,3847191305847374677,,107776,18432,126208
journal,godzilla,5,1,2,1783610796188529152,0,1783610796188647424,0,1783610796188664832,1783610796188662488,855,price_side,order_id,BTC-USDT,BUY,65000.450000000004,0.001,3847191305847374678,,118272,17408,135680
journal,godzilla,5,1,2,1783610796188829952,0,1783610796188945920,0,1783610796188963840,1783610796188961397,856,price_side,order_id,BTC-USDT,SELL,65000.659999999996,0.001,3847191305847374679,,115968,17920,133888
journal,godzilla,5,1,2,1783610796189131008,0,1783610796189245184,0,1783610796189263104,1783610796189260682,857,price_side,order_id,BTC-USDT,BUY,65000.47,0.001,3847191305847374680,,114176,17920,132096
journal,godzilla,5,1,2,1783610796189429248,0,1783610796189544704,0,1783610796189561344,1783610796189558940,858,price_side,order_id,BTC-USDT,SELL,65000.68,0.001,3847191305847374681,,115456,16640,132096
journal,godzilla,5,1,2,1783610796189729024,0,1783610796189845760,0,1783610796189872640,1783610796189861598,859,price_side,order_id,BTC-USDT,BUY,65000.49,0.001,3847191305847374682,,116736,26880,143616
journal,godzilla,5,1,2,1783610796190040320,0,1783610796190069760,0,1783610796190088960,1783610796190085664,860,price_side,order_id,BTC-USDT,SELL,65000.7,0.001,3847191305847374683,,29440,19200,48640
journal,godzilla,5,1,2,1783610796190330368,0,1783610796190449920,0,1783610796190469376,1783610796190465902,861,price_side,order_id,BTC-USDT,BUY,65000.51,0.001,3847191305847374684,,119552,19456,139008
journal,godzilla,5,1,2,1783610796190630400,0,1783610796190651392,0,1783610796190668800,1783610796190665888,862,price_side,order_id,BTC-USDT,SELL,65000.72,0.001,3847191305847374685,,20992,17408,38400
journal,godzilla,5,1,2,1783610796190928896,0,1783610796191057408,0,1783610796191075328,1783610796191072485,863,price_side,order_id,BTC-USDT,BUY,65000.53,0.001,3847191305847374686,,128512,17920,146432
journal,godzilla,5,1,2,1783610796191228928,0,1783610796191344640,0,1783610796191358976,1783610796191356933,864,price_side,order_id,BTC-USDT,SELL,65000.74,0.001,3847191305847374687,,115712,14336,130048
journal,godzilla,5,1,2,1783610796191528960,0,1783610796191626240,0,1783610796191642880,1783610796191640564,865,price_side,order_id,BTC-USDT,BUY,65000.55,0.001,3847191305847374688,,97280,16640,113920
journal,godzilla,5,1,2,1783610796191828736,0,1783610796191939840,0,1783610796191955968,1783610796191953894,866,price_side,order_id,BTC-USDT,SELL,65000.76,0.001,3847191305847374689,,111104,16128,127232
journal,godzilla,5,1,2,1783610796192128768,0,1783610796192380672,0,1783610796192532224,1783610796192530051,867,price_side,order_id,BTC-USDT,BUY,65000.57,0.001,3847191305847374690,,251904,151552,403456
journal,godzilla,5,1,2,1783610796192428032,0,1783610796192466432,0,1783610796192550400,1783610796192548962,868,price_side,order_id,BTC-USDT,SELL,65000.78,0.001,3847191305847374691,,38400,83968,122368
journal,godzilla,5,1,2,1783610796192754688,0,1783610796192880896,0,1783610796193030400,1783610796193026718,869,price_side,order_id,BTC-USDT,BUY,65000.590000000004,0.001,3847191305847374692,,126208,149504,275712
journal,godzilla,5,1,2,1783610796193029632,0,1783610796193126656,0,1783610796193158144,1783610796193155430,870,price_side,order_id,BTC-USDT,SELL,65000.799999999996,0.001,3847191305847374693,,97024,31488,128512
journal,godzilla,5,1,2,1783610796193330176,0,1783610796193367808,0,1783610796193460736,1783610796193458480,871,price_side,order_id,BTC-USDT,BUY,65000.61,0.001,3847191305847374694,,37632,92928,130560
journal,godzilla,5,1,2,1783610796193628928,0,1783610796193740288,0,1783610796193761536,1783610796193750848,872,price_side,order_id,BTC-USDT,SELL,65000.82,0.001,3847191305847374695,,111360,21248,132608
journal,godzilla,5,1,2,1783610796193929984,0,1783610796194047744,0,1783610796194061312,1783610796194059395,873,price_side,order_id,BTC-USDT,BUY,65000.630000000005,0.001,3847191305847374696,,117760,13568,131328
journal,godzilla,5,1,2,1783610796194228736,0,1783610796194327040,0,1783610796194344448,1783610796194342211,874,price_side,order_id,BTC-USDT,SELL,65000.84,0.001,3847191305847374697,,98304,17408,115712
journal,godzilla,5,1,2,1783610796194528512,0,1783610796194631936,0,1783610796194648064,1783610796194645903,875,price_side,order_id,BTC-USDT,BUY,65000.65,0.001,3847191305847374698,,103424,16128,119552
journal,godzilla,5,1,2,1783610796194828544,0,1783610796194946304,0,1783610796195075840,1783610796195073439,876,price_side,order_id,BTC-USDT,SELL,65000.86,0.001,3847191305847374699,,117760,129536,247296
journal,godzilla,5,1,2,1783610796195128832,0,1783610796195358208,0,1783610796195516672,1783610796195514704,877,price_side,order_id,BTC-USDT,BUY,65000.67,0.001,3847191305847374700,,229376,158464,387840
journal,godzilla,5,1,2,1783610796195428096,0,1783610796195479808,0,1783610796195535104,1783610796195533627,878,price_side,order_id,BTC-USDT,SELL,65000.88,0.001,3847191305847374701,,51712,55296,107008
journal,godzilla,5,1,2,1783610796195738880,0,1783610796195776768,0,1783610796195842816,1783610796195840815,879,price_side,order_id,BTC-USDT,BUY,65000.69,0.001,3847191305847374702,,37888,66048,103936
journal,godzilla,5,1,2,1783610796196028928,0,1783610796196087552,0,1783610796196154112,1783610796196151945,880,price_side,order_id,BTC-USDT,SELL,65000.9,0.001,3847191305847374703,,58624,66560,125184
journal,godzilla,5,1,2,1783610796196328704,0,1783610796196641280,0,1783610796196749312,1783610796196746869,881,price_side,order_id,BTC-USDT,BUY,65000.71,0.001,3847191305847374704,,312576,108032,420608
journal,godzilla,5,1,2,1783610796196628224,0,1783610796196732928,0,1783610796196768768,1783610796196767502,882,price_side,order_id,BTC-USDT,SELL,65000.92,0.001,3847191305847374705,,104704,35840,140544
journal,godzilla,5,1,2,1783610796196929536,0,1783610796197025536,0,1783610796197071104,1783610796197069206,883,price_side,order_id,BTC-USDT,BUY,65000.73,0.001,3847191305847374706,,96000,45568,141568
journal,godzilla,5,1,2,1783610796197229568,0,1783610796197360128,0,1783610796197488128,1783610796197485415,884,price_side,order_id,BTC-USDT,SELL,65000.939999999995,0.001,3847191305847374707,,130560,128000,258560
journal,godzilla,5,1,2,1783610796197528576,0,1783610796197634048,0,1783610796197699328,1783610796197697531,885,price_side,order_id,BTC-USDT,BUY,65000.75,0.001,3847191305847374708,,105472,65280,170752
journal,godzilla,5,1,2,1783610796197829632,0,1783610796197847552,0,1783610796197969664,1783610796197952821,886,price_side,order_id,BTC-USDT,SELL,65000.96,0.001,3847191305847374709,,17920,122112,140032
journal,godzilla,5,1,2,1783610796198129408,0,1783610796198249216,0,1783610796198371072,1783610796198368889,887,price_side,order_id,BTC-USDT,BUY,65000.770000000004,0.001,3847191305847374710,,119808,121856,241664
journal,godzilla,5,1,2,1783610796198439168,0,1783610796198511104,0,1783610796198586112,1783610796198583851,888,price_side,order_id,BTC-USDT,SELL,65000.979999999996,0.001,3847191305847374711,,71936,75008,146944
journal,godzilla,5,1,2,1783610796198729728,0,1783610796198885632,0,1783610796199029504,1783610796199027053,889,price_side,order_id,BTC-USDT,BUY,65000.79,0.001,3847191305847374712,,155904,143872,299776
journal,godzilla,5,1,2,1783610796199029504,0,1783610796199119616,0,1783610796199148288,1783610796199145773,890,price_side,order_id,BTC-USDT,SELL,65001.0,0.001,3847191305847374713,,90112,28672,118784
journal,godzilla,5,1,2,1783610796199329536,0,1783610796199468544,0,1783610796199595264,1783610796199592420,891,price_side,order_id,BTC-USDT,BUY,65000.810000000005,0.001,3847191305847374714,,139008,126720,265728
journal,godzilla,5,1,2,1783610796199628544,0,1783610796199770368,0,1783610796199796992,1783610796199795088,892,price_side,order_id,BTC-USDT,SELL,65001.02,0.001,3847191305847374715,,141824,26624,168448
journal,godzilla,5,1,2,1783610796199929088,0,1783610796199990272,0,1783610796200054272,1783610796200052020,893,price_side,order_id,BTC-USDT,BUY,65000.83,0.001,3847191305847374716,,61184,64000,125184
journal,godzilla,5,1,2,1783610796200228608,0,1783610796200362240,0,1783610796200489472,1783610796200486831,894,price_side,order_id,BTC-USDT,SELL,65001.04,0.001,3847191305847374717,,133632,127232,260864
journal,godzilla,5,1,2,1783610796200528640,0,1783610796200692480,0,1783610796200817152,1783610796200814312,895,price_side,order_id,BTC-USDT,BUY,65000.85,0.001,3847191305847374718,,163840,124672,288512
journal,godzilla,5,1,2,1783610796200829440,0,1783610796200968192,0,1783610796201105664,1783610796201102637,896,price_side,order_id,BTC-USDT,SELL,65001.06,0.001,3847191305847374719,,138752,137472,276224
journal,godzilla,5,1,2,1783610796201131264,0,1783610796201368320,0,1783610796201514752,1783610796201512682,897,price_side,order_id,BTC-USDT,BUY,65000.87,0.001,3847191305847374720,,237056,146432,383488
journal,godzilla,5,1,2,1783610796201438208,0,1783610796201588224,0,1783610796201617408,1783610796201615510,898,price_side,order_id,BTC-USDT,SELL,65001.08,0.001,3847191305847374721,,150016,29184,179200
journal,godzilla,5,1,2,1783610796201758208,0,1783610796201833728,0,1783610796201946880,1783610796201917843,899,price_side,order_id,BTC-USDT,BUY,65000.89,0.001,3847191305847374722,,75520,113152,188672
journal,godzilla,5,1,2,1783610796202029568,0,1783610796202096384,0,1783610796202177536,1783610796202175496,900,price_side,order_id,BTC-USDT,SELL,65000.1,0.001,3847191305847374723,,66816,81152,147968
journal,godzilla,5,1,2,1783610796202329856,0,1783610796202464000,0,1783610796202587392,1783610796202584665,901,price_side,order_id,BTC-USDT,BUY,64999.91,0.001,3847191305847374724,,134144,123392,257536
journal,godzilla,5,1,2,1783610796202628608,0,1783610796202756352,0,1783610796202789120,1783610796202787249,902,price_side,order_id,BTC-USDT,SELL,65000.119999999995,0.001,3847191305847374725,,127744,32768,160512
journal,godzilla,5,1,2,1783610796202929408,0,1783610796203011072,0,1783610796203051776,1783610796203049163,903,price_side,order_id,BTC-USDT,BUY,64999.93,0.001,3847191305847374726,,81664,40704,122368
journal,godzilla,5,1,2,1783610796203229696,0,1783610796203334912,0,1783610796203346176,1783610796203344316,904,price_side,order_id,BTC-USDT,SELL,65000.14,0.001,3847191305847374727,,105216,11264,116480
journal,godzilla,5,1,2,1783610796203528448,0,1783610796203633408,0,1783610796203647232,1783610796203645196,905,price_side,order_id,BTC-USDT,BUY,64999.950000000004,0.001,3847191305847374728,,104960,13824,118784
journal,godzilla,5,1,2,1783610796203828480,0,1783610796203935232,0,1783610796203949824,1783610796203947715,906,price_side,order_id,BTC-USDT,SELL,65000.159999999996,0.001,3847191305847374729,,106752,14592,121344
journal,godzilla,5,1,2,1783610796204140800,0,1783610796204246784,0,1783610796204260352,1783610796204257952,907,price_side,order_id,BTC-USDT,BUY,64999.97,0.001,3847191305847374730,,105984,13568,119552
journal,godzilla,5,1,2,1783610796204430336,0,1783610796204564992,0,1783610796204693760,1783610796204690174,908,price_side,order_id,BTC-USDT,SELL,65000.18,0.001,3847191305847374731,,134656,128768,263424
journal,godzilla,5,1,2,1783610796204730112,0,1783610796204857344,0,1783610796204927744,1783610796204924566,909,price_side,order_id,BTC-USDT,BUY,64999.99,0.001,3847191305847374732,,127232,70400,197632
journal,godzilla,5,1,2,1783610796205030144,0,1783610796205082112,0,1783610796205186048,1783610796205183293,910,price_side,order_id,BTC-USDT,SELL,65000.2,0.001,3847191305847374733,,51968,103936,155904
journal,godzilla,5,1,2,1783610796205330176,0,1783610796205443840,0,1783610796205560576,1783610796205557968,911,price_side,order_id,BTC-USDT,BUY,65000.01,0.001,3847191305847374734,,113664,116736,230400
journal,godzilla,5,1,2,1783610796205648128,0,1783610796205686272,0,1783610796205825280,1783610796205782165,912,price_side,order_id,BTC-USDT,SELL,65000.22,0.001,3847191305847374735,,38144,139008,177152
journal,godzilla,5,1,2,1783610796205930240,0,1783610796206048512,0,1783610796206177280,1783610796206173543,913,price_side,order_id,BTC-USDT,BUY,65000.03,0.001,3847191305847374736,,118272,128768,247040
journal,godzilla,5,1,2,1783610796206229504,0,1783610796206313472,0,1783610796206424320,1783610796206421365,914,price_side,order_id,BTC-USDT,SELL,65000.24,0.001,3847191305847374737,,83968,110848,194816
journal,godzilla,5,1,2,1783610796206531072,0,1783610796206639872,0,1783610796206759168,1783610796206756895,915,price_side,order_id,BTC-USDT,BUY,65000.05,0.001,3847191305847374738,,108800,119296,228096
journal,godzilla,5,1,2,1783610796206830080,0,1783610796207218944,0,1783610796207349504,1783610796207346353,916,price_side,order_id,BTC-USDT,SELL,65000.26,0.001,3847191305847374739,,388864,130560,519424
journal,godzilla,5,1,2,1783610796207207680,0,1783610796207328512,0,1783610796207366144,1783610796207364833,917,price_side,order_id,BTC-USDT,BUY,65000.07,0.001,3847191305847374740,,120832,37632,158464
journal,godzilla,5,1,2,1783610796207430400,0,1783610796207542528,0,1783610796207675392,1783610796207671640,918,price_side,order_id,BTC-USDT,SELL,65000.28,0.001,3847191305847374741,,112128,132864,244992
journal,godzilla,5,1,2,1783610796207731200,0,1783610796207903488,0,1783610796207969280,1783610796207967114,919,price_side,order_id,BTC-USDT,BUY,65000.090000000004,0.001,3847191305847374742,,172288,65792,238080
journal,godzilla,5,1,2,1783610796208030464,0,1783610796208106496,0,1783610796208134144,1783610796208131054,920,price_side,order_id,BTC-USDT,SELL,65000.299999999996,0.001,3847191305847374743,,76032,27648,103680
journal,godzilla,5,1,2,1783610796208351488,0,1783610796208390656,0,1783610796208506624,1783610796208503654,921,price_side,order_id,BTC-USDT,BUY,65000.11,0.001,3847191305847374744,,39168,115968,155136
journal,godzilla,5,1,2,1783610796208630272,0,1783610796208656128,0,1783610796208674048,1783610796208671477,922,price_side,order_id,BTC-USDT,SELL,65000.32,0.001,3847191305847374745,,25856,17920,43776
journal,godzilla,5,1,2,1783610796208930304,0,1783610796209059072,0,1783610796209072384,1783610796209069943,923,price_side,order_id,BTC-USDT,BUY,65000.130000000005,0.001,3847191305847374746,,128768,13312,142080
journal,godzilla,5,1,2,1783610796209229312,0,1783610796209336576,0,1783610796209353984,1783610796209351742,924,price_side,order_id,BTC-USDT,SELL,65000.34,0.001,3847191305847374747,,107264,17408,124672
journal,godzilla,5,1,2,1783610796209528832,0,1783610796209638400,0,1783610796209667840,1783610796209653584,925,price_side,order_id,BTC-USDT,BUY,65000.15,0.001,3847191305847374748,,109568,29440,139008
journal,godzilla,5,1,2,1783610796209840128,0,1783610796210126848,0,1783610796210283520,1783610796210279116,926,price_side,order_id,BTC-USDT,SELL,65000.36,0.001,3847191305847374749,,286720,156672,443392
journal,godzilla,5,1,2,1783610796210129664,0,1783610796210150144,0,1783610796210338304,1783610796210335341,927,price_side,order_id,BTC-USDT,BUY,65000.17,0.001,3847191305847374750,,20480,188160,208640
journal,godzilla,5,1,2,1783610796210431232,0,1783610796210463232,0,1783610796210483968,1783610796210480699,928,price_side,order_id,BTC-USDT,SELL,65000.38,0.001,3847191305847374751,,32000,20736,52736
journal,godzilla,5,1,2,1783610796210749952,0,1783610796210777600,0,1783610796210796800,1783610796210794493,929,price_side,order_id,BTC-USDT,BUY,65000.19,0.001,3847191305847374752,,27648,19200,46848
journal,godzilla,5,1,2,1783610796211030016,0,1783610796211066624,0,1783610796211086336,1783610796211083111,930,price_side,order_id,BTC-USDT,SELL,65000.4,0.001,3847191305847374753,,36608,19712,56320
journal,godzilla,5,1,2,1783610796211330048,0,1783610796211449088,0,1783610796211464704,1783610796211462435,931,price_side,order_id,BTC-USDT,BUY,65000.21,0.001,3847191305847374754,,119040,15616,134656
journal,godzilla,5,1,2,1783610796211629056,0,1783610796211745536,0,1783610796211762944,1783610796211760653,932,price_side,order_id,BTC-USDT,SELL,65000.42,0.001,3847191305847374755,,116480,17408,133888
journal,godzilla,5,1,2,1783610796211928832,0,1783610796212056832,0,1783610796212069120,1783610796212066677,933,price_side,order_id,BTC-USDT,BUY,65000.23,0.001,3847191305847374756,,128000,12288,140288
journal,godzilla,5,1,2,1783610796212229120,0,1783610796212347392,0,1783610796212361216,1783610796212359018,934,price_side,order_id,BTC-USDT,SELL,65000.439999999995,0.001,3847191305847374757,,118272,13824,132096
journal,godzilla,5,1,2,1783610796212528896,0,1783610796212649728,0,1783610796212667136,1783610796212664729,935,price_side,order_id,BTC-USDT,BUY,65000.25,0.001,3847191305847374758,,120832,17408,138240
journal,godzilla,5,1,2,1783610796212841728,0,1783610796212956416,0,1783610796212971264,1783610796212968914,936,price_side,order_id,BTC-USDT,SELL,65000.46,0.001,3847191305847374759,,114688,14848,129536
journal,godzilla,5,1,2,1783610796213130496,0,1783610796213246208,0,1783610796213261056,1783610796213258678,937,price_side,order_id,BTC-USDT,BUY,65000.270000000004,0.001,3847191305847374760,,115712,14848,130560
journal,godzilla,5,1,2,1783610796213428736,0,1783610796213538560,0,1783610796213566976,1783610796213555213,938,price_side,order_id,BTC-USDT,SELL,65000.479999999996,0.001,3847191305847374761,,109824,28416,138240
journal,godzilla,5,1,2,1783610796213730048,0,1783610796213940992,0,1783610796214099712,1783610796214096344,939,price_side,order_id,BTC-USDT,BUY,65000.29,0.001,3847191305847374762,,210944,158720,369664
journal,godzilla,5,1,2,1783610796214028544,0,1783610796214261760,0,1783610796214408704,1783610796214406789,940,price_side,order_id,BTC-USDT,SELL,65000.5,0.001,3847191305847374763,,233216,146944,380160
journal,godzilla,5,1,2,1783610796214329088,0,1783610796214344448,0,1783610796214426880,1783610796214425255,941,price_side,order_id,BTC-USDT,BUY,65000.310000000005,0.001,3847191305847374764,,15360,82432,97792
journal,godzilla,5,1,2,1783610796214628864,0,1783610796214721280,0,1783610796214791168,1783610796214788861,942,price_side,order_id,BTC-USDT,SELL,65000.52,0.001,3847191305847374765,,92416,69888,162304
journal,godzilla,5,1,2,1783610796214929664,0,1783610796215047936,0,1783610796215064576,1783610796215062470,943,price_side,order_id,BTC-USDT,BUY,65000.33,0.001,3847191305847374766,,118272,16640,134912
journal,godzilla,5,1,2,1783610796215228928,0,1783610796215330560,0,1783610796215354112,1783610796215351701,944,price_side,order_id,BTC-USDT,SELL,65000.54,0.001,3847191305847374767,,101632,23552,125184
journal,godzilla,5,1,2,1783610796215539712,0,1783610796215641344,0,1783610796215662336,1783610796215660235,945,price_side,order_id,BTC-USDT,BUY,65000.35,0.001,3847191305847374768,,101632,20992,122624
journal,godzilla,5,1,2,1783610796215830016,0,1783610796215935232,0,1783610796215954432,1783610796215952367,946,price_side,order_id,BTC-USDT,SELL,65000.56,0.001,3847191305847374769,,105216,19200,124416
journal,godzilla,5,1,2,1783610796216129024,0,1783610796216232704,0,1783610796216254976,1783610796216252551,947,price_side,order_id,BTC-USDT,BUY,65000.37,0.001,3847191305847374770,,103680,22272,125952
journal,godzilla,5,1,2,1783610796216429312,0,1783610796216579840,0,1783610796216766976,1783610796216761879,948,price_side,order_id,BTC-USDT,SELL,65000.58,0.001,3847191305847374771,,150528,187136,337664
journal,godzilla,5,1,2,1783610796216738816,0,1783610796216899584,0,1783610796217097216,1783610796217093283,949,price_side,order_id,BTC-USDT,BUY,65000.39,0.001,3847191305847374772,,160768,197632,358400
journal,godzilla,5,1,2,1783610796217081088,0,1783610796217289728,0,1783610796217495040,1783610796217492713,950,price_side,order_id,BTC-USDT,SELL,65000.6,0.001,3847191305847374773,,208640,205312,413952
journal,godzilla,5,1,2,1783610796217328640,0,1783610796217365248,0,1783610796217513216,1783610796217511897,951,price_side,order_id,BTC-USDT,BUY,65000.41,0.001,3847191305847374774,,36608,147968,184576
journal,godzilla,5,1,2,1783610796217629696,0,1783610796217750784,0,1783610796217909248,1783610796217889110,952,price_side,order_id,BTC-USDT,SELL,65000.619999999995,0.001,3847191305847374775,,121088,158464,279552
journal,godzilla,5,1,2,1783610796217929472,0,1783610796218134016,0,1783610796218200832,1783610796218198071,953,price_side,order_id,BTC-USDT,BUY,65000.43,0.001,3847191305847374776,,204544,66816,271360
journal,godzilla,5,1,2,1783610796218270976,0,1783610796218286080,0,1783610796218369280,1783610796218367226,954,price_side,order_id,BTC-USDT,SELL,65000.64,0.001,3847191305847374777,,15104,83200,98304
journal,godzilla,5,1,2,1783610796218539008,0,1783610796218554624,0,1783610796218579968,1783610796218577234,955,price_side,order_id,BTC-USDT,BUY,65000.450000000004,0.001,3847191305847374778,,15616,25344,40960
journal,godzilla,5,1,2,1783610796218829056,0,1783610796218938112,0,1783610796218953216,1783610796218950750,956,price_side,order_id,BTC-USDT,SELL,65000.659999999996,0.001,3847191305847374779,,109056,15104,124160
journal,godzilla,5,1,2,1783610796219128576,0,1783610796219228672,0,1783610796219248896,1783610796219246751,957,price_side,order_id,BTC-USDT,BUY,65000.47,0.001,3847191305847374780,,100096,20224,120320
journal,godzilla,5,1,2,1783610796219429632,0,1783610796219523072,0,1783610796219541760,1783610796219539903,958,price_side,order_id,BTC-USDT,SELL,65000.68,0.001,3847191305847374781,,93440,18688,112128
journal,godzilla,5,1,2,1783610796219728640,0,1783610796219821056,0,1783610796219842816,1783610796219840705,959,price_side,order_id,BTC-USDT,BUY,65000.49,0.001,3847191305847374782,,92416,21760,114176
journal,godzilla,5,1,2,1783610796220029696,0,1783610796220128000,0,1783610796220146688,1783610796220144621,960,price_side,order_id,BTC-USDT,SELL,65000.7,0.001,3847191305847374783,,98304,18688,116992
journal,godzilla,5,1,2,1783610796220328448,0,1783610796220422656,0,1783610796220440064,1783610796220438352,961,price_side,order_id,BTC-USDT,BUY,65000.51,0.001,3847191305847374784,,94208,17408,111616
journal,godzilla,5,1,2,1783610796220628480,0,1783610796220719360,0,1783610796220741632,1783610796220739626,962,price_side,order_id,BTC-USDT,SELL,65000.72,0.001,3847191305847374785,,90880,22272,113152
journal,godzilla,5,1,2,1783610796220928256,0,1783610796221028352,0,1783610796221047040,1783610796221044966,963,price_side,order_id,BTC-USDT,BUY,65000.53,0.001,3847191305847374786,,100096,18688,118784
journal,godzilla,5,1,2,1783610796221228544,0,1783610796221325824,0,1783610796221346816,1783610796221344877,964,price_side,order_id,BTC-USDT,SELL,65000.74,0.001,3847191305847374787,,97280,20992,118272
journal,godzilla,5,1,2,1783610796221538048,0,1783610796221646592,0,1783610796221771008,1783610796221760591,965,price_side,order_id,BTC-USDT,BUY,65000.55,0.001,3847191305847374788,,108544,124416,232960
journal,godzilla,5,1,2,1783610796221828864,0,1783610796221899008,0,1783610796221999872,1783610796221993235,966,price_side,order_id,BTC-USDT,SELL,65000.76,0.001,3847191305847374789,,70144,100864,171008
journal,godzilla,5,1,2,1783610796222129664,0,1783610796222228992,0,1783610796222246656,1783610796222244683,967,price_side,order_id,BTC-USDT,BUY,65000.57,0.001,3847191305847374790,,99328,17664,116992
journal,godzilla,5,1,2,1783610796222428672,0,1783610796222525952,0,1783610796222547456,1783610796222545452,968,price_side,order_id,BTC-USDT,SELL,65000.78,0.001,3847191305847374791,,97280,21504,118784
journal,godzilla,5,1,2,1783610796222728448,0,1783610796222828288,0,1783610796222848512,1783610796222846609,969,price_side,order_id,BTC-USDT,BUY,65000.590000000004,0.001,3847191305847374792,,99840,20224,120064
journal,godzilla,5,1,2,1783610796223029504,0,1783610796223127040,0,1783610796223146752,1783610796223144782,970,price_side,order_id,BTC-USDT,SELL,65000.799999999996,0.001,3847191305847374793,,97536,19712,117248
journal,godzilla,5,1,2,1783610796223328512,0,1783610796223424768,0,1783610796223442432,1783610796223440725,971,price_side,order_id,BTC-USDT,BUY,65000.61,0.001,3847191305847374794,,96256,17664,113920
journal,godzilla,5,1,2,1783610796223628544,0,1783610796223724800,0,1783610796223743744,1783610796223741825,972,price_side,order_id,BTC-USDT,SELL,65000.82,0.001,3847191305847374795,,96256,18944,115200
journal,godzilla,5,1,2,1783610796223928320,0,1783610796224032256,0,1783610796224056576,1783610796224054356,973,price_side,order_id,BTC-USDT,BUY,65000.630000000005,0.001,3847191305847374796,,103936,24320,128256
journal,godzilla,5,1,2,1783610796224237056,0,1783610796224334848,0,1783610796224353792,1783610796224351635,974,price_side,order_id,BTC-USDT,SELL,65000.84,0.001,3847191305847374797,,97792,18944,116736
journal,godzilla,5,1,2,1783610796224529408,0,1783610796224622848,0,1783610796224642304,1783610796224640389,975,price_side,order_id,BTC-USDT,BUY,65000.65,0.001,3847191305847374798,,93440,19456,112896
journal,godzilla,5,1,2,1783610796224828416,0,1783610796224924160,0,1783610796224946176,1783610796224944112,976,price_side,order_id,BTC-USDT,SELL,65000.86,0.001,3847191305847374799,,95744,22016,117760
journal,godzilla,5,1,2,1783610796225129472,0,1783610796225228800,0,1783610796225248000,1783610796225246110,977,price_side,order_id,BTC-USDT,BUY,65000.67,0.001,3847191305847374800,,99328,19200,118528
journal,godzilla,5,1,2,1783610796225428480,0,1783610796225523200,0,1783610796225552384,1783610796225543345,978,price_side,order_id,BTC-USDT,SELL,65000.88,0.001,3847191305847374801,,94720,29184,123904
journal,godzilla,5,1,2,1783610796225729792,0,1783610796225823744,0,1783610796225843200,1783610796225841270,979,price_side,order_id,BTC-USDT,BUY,65000.69,0.001,3847191305847374802,,93952,19456,113408
journal,godzilla,5,1,2,1783610796226028544,0,1783610796226124800,0,1783610796226146048,1783610796226144040,980,price_side,order_id,BTC-USDT,SELL,65000.9,0.001,3847191305847374803,,96256,21248,117504
journal,godzilla,5,1,2,1783610796226329088,0,1783610796226425344,0,1783610796226443776,1783610796226441814,981,price_side,order_id,BTC-USDT,BUY,65000.71,0.001,3847191305847374804,,96256,18432,114688
journal,godzilla,5,1,2,1783610796226628352,0,1783610796226723328,0,1783610796226742016,1783610796226740059,982,price_side,order_id,BTC-USDT,SELL,65000.92,0.001,3847191305847374805,,94976,18688,113664
journal,godzilla,5,1,2,1783610796226928384,0,1783610796227032832,0,1783610796227054336,1783610796227052302,983,price_side,order_id,BTC-USDT,BUY,65000.73,0.001,3847191305847374806,,104448,21504,125952
journal,godzilla,5,1,2,1783610796227238400,0,1783610796227331584,0,1783610796227351808,1783610796227349780,984,price_side,order_id,BTC-USDT,SELL,65000.939999999995,0.001,3847191305847374807,,93184,20224,113408
journal,godzilla,5,1,2,1783610796227528448,0,1783610796227621632,0,1783610796227643904,1783610796227641683,985,price_side,order_id,BTC-USDT,BUY,65000.75,0.001,3847191305847374808,,93184,22272,115456
journal,godzilla,5,1,2,1783610796227828480,0,1783610796227926016,0,1783610796227947008,1783610796227944860,986,price_side,order_id,BTC-USDT,SELL,65000.96,0.001,3847191305847374809,,97536,20992,118528
journal,godzilla,5,1,2,1783610796228129536,0,1783610796228227072,0,1783610796228244992,1783610796228243032,987,price_side,order_id,BTC-USDT,BUY,65000.770000000004,0.001,3847191305847374810,,97536,17920,115456
journal,godzilla,5,1,2,1783610796228428544,0,1783610796228539904,0,1783610796228660224,1783610796228658184,988,price_side,order_id,BTC-USDT,SELL,65000.979999999996,0.001,3847191305847374811,,111360,120320,231680
journal,godzilla,5,1,2,1783610796228729344,0,1783610796228987392,0,1783610796229119232,1783610796229116694,989,price_side,order_id,BTC-USDT,BUY,65000.79,0.001,3847191305847374812,,258048,131840,389888
journal,godzilla,5,1,2,1783610796229028352,0,1783610796229059840,0,1783610796229134080,1783610796229132622,990,price_side,order_id,BTC-USDT,SELL,65001.0,0.001,3847191305847374813,,31488,74240,105728
journal,godzilla,5,1,2,1783610796229329408,0,1783610796229352960,0,1783610796229436416,1783610796229408268,991,price_side,order_id,BTC-USDT,BUY,65000.810000000005,0.001,3847191305847374814,,23552,83456,107008
journal,godzilla,5,1,2,1783610796229629184,0,1783610796229914624,0,1783610796230028032,1783610796230024147,992,price_side,order_id,BTC-USDT,SELL,65001.02,0.001,3847191305847374815,,285440,113408,398848
journal,godzilla,5,1,2,1783610796229935616,0,1783610796230040320,0,1783610796230052864,1783610796230050281,993,price_side,order_id,BTC-USDT,BUY,65000.83,0.001,3847191305847374816,,104704,12544,117248
journal,godzilla,5,1,2,1783610796230229504,0,1783610796230431744,0,1783610796230571264,1783610796230568675,994,price_side,order_id,BTC-USDT,SELL,65001.04,0.001,3847191305847374817,,202240,139520,341760
journal,godzilla,5,1,2,1783610796230529024,0,1783610796230580480,0,1783610796230598400,1783610796230595897,995,price_side,order_id,BTC-USDT,BUY,65000.85,0.001,3847191305847374818,,51456,17920,69376
journal,godzilla,5,1,2,1783610796230829568,0,1783610796230967808,0,1783610796231109632,1783610796231106607,996,price_side,order_id,BTC-USDT,SELL,65001.06,0.001,3847191305847374819,,138240,141824,280064
journal,godzilla,5,1,2,1783610796231129344,0,1783610796231235328,0,1783610796231320064,1783610796231317665,997,price_side,order_id,BTC-USDT,BUY,65000.87,0.001,3847191305847374820,,105984,84736,190720
journal,godzilla,5,1,2,1783610796231429632,0,1783610796231529216,0,1783610796231544832,1783610796231542913,998,price_side,order_id,BTC-USDT,SELL,65001.08,0.001,3847191305847374821,,99584,15616,115200
journal,godzilla,5,1,2,1783610796231728384,0,1783610796231827456,0,1783610796231846912,1783610796231844810,999,price_side,order_id,BTC-USDT,BUY,65000.89,0.001,3847191305847374822,,99072,19456,118528
journal,godzilla,5,1,2,1783610796232029184,0,1783610796232132352,0,1783610796232146432,1783610796232144316,1000,price_side,order_id,BTC-USDT,SELL,65000.1,0.001,3847191305847374823,,103168,14080,117248
