source,dest,trigger_time,gen_time,msg_type,msg_name,data.account_id,data.exchange_id,data.instrument_type,data.order_id,data.order_type,data.position_side,data.price,data.raw_address,data.reduce_only,data.side,data.source_id,data.stop_price,data.strategy_id,data.symbol,data.time_condition,data.volume
2837957847,4194834854,0,1783610754627835459,201,order_input,benchmark,mock,InstrumentType.Spot,866585320701886464,OrderType.Limit,Direction.Long,64999.91,524731216,False,Side.Buy,,64999.91,1653898000,BTC-USDT,TimeCondition.GTC,0.001
2837957847,4194834854,0,1783610754627869317,201,order_input,benchmark,mock,InstrumentType.Spot,866585320701886465,OrderType.Limit,Direction.Long,65000.119999999995,524731600,False,Side.Sell,,65000.119999999995,1653898000,BTC-USDT,TimeCondition.GTC,0.001
2837957847,4194834854,0,1783610754627892155,201,order_input,benchmark,mock,InstrumentType.Spot,866585320701886466,OrderType.Limit,Direction.Long,64999.93,524732864,False,Side.Buy,,64999.93,1653898000,BTC-USDT,TimeCondition.GTC,0.001
2837957847,4194834854,0,1783610754627913011,201,order_input,benchmark,mock,InstrumentType.Spot,866585320701886467,OrderType.Limit,Direction.Long,65000.14,524734256,False,Side.Sell,,65000.14,1653898000,BTC-USDT,TimeCondition.GTC,0.001
2837957847,4194834854,0,1783610754627933484,201,order_input,benchmark,mock,InstrumentType.Spot,866585320701886468,OrderType.Limit,Direction.Long,64999.950000000004,524735792,False,Side.Buy,,64999.950000000004,1653898000,BTC-USDT,TimeCondition.GTC,0.001
2837957847,4194834854,0,1783610754628162571,201,order_input,benchmark,mock,InstrumentType.Spot,866585320701886469,OrderType.Limit,Direction.Long,65000.159999999996,524737360,False,Side.Sell,,65000.159999999996,1653898000,BTC-USDT,TimeCondition.GTC,0.001
2837957847,4194834854,0,1783610754628459869,201,order_input,benchmark,mock,InstrumentType.Spot,866585320701886470,OrderType.Limit,Direction.Long,64999.97,524738896,False,Side.Buy,,64999.97,1653898000,BTC-USDT,TimeCondition.GTC,0.001
2837957847,4194834854,0,1783610754628846439,201,order_input,benchmark,mock,InstrumentType.Spot,866585320701886471,OrderType.Limit,Direction.Long,65000.18,524740432,False,Side.Sell,,65000.18,1653898000,BTC-USDT,TimeCondition.GTC,0.001
2837957847,4194834854,0,1783610754629300949,201,order_input,benchmark,mock,InstrumentType.Spot,866585320701886472,OrderType.Limit,Direction.Long,64999.99,524741968,False,Side.Buy,,64999.99,1653898000,BTC-USDT,TimeCondition.GTC,0.001
2837957847,4194834854,0,1783610754629620186,201,order_input,benchmark,mock,InstrumentType.Spot,866585320701886473,OrderType.Limit,Direction.Long,65000.2,524743504,False,Side.Sell,,65000.2,1653898000,BTC-USDT,TimeCondition.GTC,0.001
2837957847,4194834854,0,1783610754629670049,201,order_input,benchmark,mock,InstrumentType.Spot,866585320701886474,OrderType.Limit,Direction.Long,65000.01,524745040,False,Side.Buy,,65000.01,1653898000,BTC-USDT,TimeCondition.GTC,0.001
2837957847,4194834854,0,1783610754629963111,201,order_input,benchmark,mock,InstrumentType.Spot,866585320701886475,OrderType.Limit,Direction.Long,65000.22,524746576,False,Side.Sell,,65000.22,1653898000,BTC-USDT,TimeCondition.GTC,0.001
2837957847,4194834854,0,1783610754630356994,201,order_input,benchmark,mock,InstrumentType.Spot,866585320701886476,OrderType.Limit,Direction.Long,65000.03,524748112,False,Side.Buy,,65000.03,1653898000,BTC-USDT,TimeCondition.GTC,0.001
2837957847,4194834854,0,1783610754630559993,201,order_input,benchmark,mock,InstrumentType.Spot,866585320701886477,OrderType.Limit,Direction.Long,65000.24,524749648,False,Side.Sell,,65000.24,1653898000,BTC-USDT,TimeCondition.GTC,0.001
2837957847,4194834854,0,1783610754630943452,201,order_input,benchmark,mock,InstrumentType.Spot,866585320701886478,OrderType.Limit,Direction.Long,65000.05,524751184,False,Side.Buy,,65000.05,1653898000,BTC-USDT,TimeCondition.GTC,0.001
2837957847,4194834854,0,1783610754631175631,201,order_input,benchmark,mock,InstrumentType.Spot,866585320701886479,OrderType.Limit,Direction.Long,65000.26,524752720,False,Side.Sell,,65000.26,1653898000,BTC-USDT,TimeCondition.GTC,0.001
2837957847,4194834854,0,1783610754631460459,201,order_input,benchmark,mock,InstrumentType.Spot,866585320701886480,OrderType.Limit,Direction.Long,65000.07,524754256,False,Side.Buy,,65000.07,1653898000,BTC-USDT,TimeCondition.GTC,0.001
2837957847,4194834854,0,1783610754631866740,201,order_input,benchmark,mock,InstrumentType.Spot,866585320701886481,OrderType.Limit,Direction.Long,65000.28,524755792,False,Side.Sell,,65000.28,1653898000,BTC-USDT,TimeCondition.GTC,0.001
2837957847,4194834854,0,1783610754632176012,201,order_input,benchmark,mock,InstrumentType.Spot,866585320701886482,OrderType.Limit,Direction.Long,65000.090000000004,523165104,False,Side.Buy,,65000.090000000004,1653898000,BTC-USDT,TimeCondition.GTC,0.001
2837957847,4194834854,0,1783610754632462575,201,order_input,benchmark,mock,InstrumentType.Spot,866585320701886483,OrderType.Limit,Direction.Long,65000.299999999996,523166640,False,Side.Sell,,65000.299999999996,1653898000,BTC-USDT,TimeCondition.GTC,0.001
2837957847,4194834854,0,1783610754632688637,201,order_input,benchmark,mock,InstrumentType.Spot,866585320701886484,OrderType.Limit,Direction.Long,65000.11,523168176,False,Side.Buy,,65000.11,1653898000,BTC-USDT,TimeCondition.GTC,0.001
2837957847,4194834854,0,1783610754632960731,201,order_input,benchmark,mock,InstrumentType.Spot,866585320701886485,OrderType.Limit,Direction.Long,65000.32,523169712,False,Side.Sell,,65000.32,1653898000,BTC-USDT,TimeCondition.GTC,0.001
2837957847,4194834854,0,1783610754633310309,201,order_input,benchmark,mock,InstrumentType.Spot,866585320701886486,OrderType.Limit,Direction.Long,65000.130000000005,523171248,False,Side.Buy,,65000.130000000005,1653898000,BTC-USDT,TimeCondition.GTC,0.001
2837957847,4194834854,0,1783610754634041616,201,order_input,benchmark,mock,InstrumentType.Spot,866585320701886487,OrderType.Limit,Direction.Long,65000.34,523172784,False,Side.Sell,,65000.34,1653898000,BTC-USDT,TimeCondition.GTC,0.001
2837957847,4194834854,0,1783610754634130142,201,order_input,benchmark,mock,InstrumentType.Spot,866585320701886488,OrderType.Limit,Direction.Long,65000.15,523174288,False,Side.Buy,,65000.15,1653898000,BTC-USDT,TimeCondition.GTC,0.001
2837957847,4194834854,0,1783610754634166739,201,order_input,benchmark,mock,InstrumentType.Spot,866585320701886489,OrderType.Limit,Direction.Long,65000.36,523175856,False,Side.Sell,,65000.36,1653898000,BTC-USDT,TimeCondition.GTC,0.001
2837957847,4194834854,0,1783610754634460995,201,order_input,benchmark,mock,InstrumentType.Spot,866585320701886490,OrderType.Limit,Direction.Long,65000.17,523177392,False,Side.Buy,,65000.17,1653898000,BTC-USDT,TimeCondition.GTC,0.001
2837957847,4194834854,0,1783610754634783008,201,order_input,benchmark,mock,InstrumentType.Spot,866585320701886491,OrderType.Limit,Direction.Long,65000.38,523178928,False,Side.Sell,,65000.38,1653898000,BTC-USDT,TimeCondition.GTC,0.001
2837957847,4194834854,0,1783610754635192733,201,order_input,benchmark,mock,InstrumentType.Spot,866585320701886492,OrderType.Limit,Direction.Long,65000.19,523180464,False,Side.Buy,,65000.19,1653898000,BTC-USDT,TimeCondition.GTC,0.001
2837957847,4194834854,0,1783610754635382084,201,order_input,benchmark,mock,InstrumentType.Spot,866585320701886493,OrderType.Limit,Direction.Long,65000.4,523182000,False,Side.Sell,,65000.4,1653898000,BTC-USDT,TimeCondition.GTC,0.001
2837957847,4194834854,0,1783610754635720594,201,order_input,benchmark,mock,InstrumentType.Spot,866585320701886494,OrderType.Limit,Direction.Long,65000.21,523183536,False,Side.Buy,,65000.21,1653898000,BTC-USDT,TimeCondition.GTC,0.001
2837957847,4194834854,0,1783610754635989601,201,order_input,benchmark,mock,InstrumentType.Spot,866585320701886495,OrderType.Limit,Direction.Long,65000.42,523185072,False,Side.Sell,,65000.42,1653898000,BTC-USDT,TimeCondition.GTC,0.001
2837957847,4194834854,0,1783610754636417279,201,order_input,benchmark,mock,InstrumentType.Spot,866585320701886496,OrderType.Limit,Direction.Long,65000.23,523186608,False,Side.Buy,,65000.23,1653898000,BTC-USDT,TimeCondition.GTC,0.001
2837957847,4194834854,0,1783610754636648080,201,order_input,benchmark,mock,InstrumentType.Spot,866585320701886497,OrderType.Limit,Direction.Long,65000.439999999995,523188144,False,Side.Sell,,65000.439999999995,1653898000,BTC-USDT,TimeCondition.GTC,0.001
2837957847,4194834854,0,1783610754636869692,201,order_input,benchmark,mock,InstrumentType.Spot,866585320701886498,OrderType.Limit,Direction.Long,65000.25,523189680,False,Side.Buy,,65000.25,1653898000,BTC-USDT,TimeCondition.GTC,0.001
2837957847,4194834854,0,1783610754637212270,201,order_input,benchmark,mock,InstrumentType.Spot,866585320701886499,OrderType.Limit,Direction.Long,65000.46,523191216,False,Side.Sell,,65000.46,1653898000,BTC-USDT,TimeCondition.GTC,0.001
2837957847,4194834854,0,1783610754637565293,201,order_input,benchmark,mock,InstrumentType.Spot,866585320701886500,OrderType.Limit,Direction.Long,65000.270000000004,523192752,False,Side.Buy,,65000.270000000004,1653898000,BTC-USDT,TimeCondition.GTC,0.001
2837957847,4194834854,0,1783610754637800498,201,order_input,benchmark,mock,InstrumentType.Spot,866585320701886501,OrderType.Limit,Direction.Long,65000.479999999996,523194288,False,Side.Sell,,65000.479999999996,1653898000,BTC-USDT,TimeCondition.GTC,0.001
2837957847,4194834854,0,1783610754638117314,201,order_input,benchmark,mock,InstrumentType.Spot,866585320701886502,OrderType.Limit,Direction.Long,65000.29,523195824,False,Side.Buy,,65000.29,1653898000,BTC-USDT,TimeCondition.GTC,0.001
2837957847,4194834854,0,1783610754638372533,201,order_input,benchmark,mock,InstrumentType.Spot,866585320701886503,OrderType.Limit,Direction.Long,65000.5,523197360,False,Side.Sell,,65000.5,1653898000,BTC-USDT,TimeCondition.GTC,0.001
2837957847,4194834854,0,1783610754638754075,201,order_input,benchmark,mock,InstrumentType.Spot,866585320701886504,OrderType.Limit,Direction.Long,65000.310000000005,523198896,False,Side.Buy,,65000.310000000005,1653898000,BTC-USDT,TimeCondition.GTC,0.001
2837957847,4194834854,0,1783610754638965856,201,order_input,benchmark,mock,InstrumentType.Spot,866585320701886505,OrderType.Limit,Direction.Long,65000.52,523200432,False,Side.Sell,,65000.52,1653898000,BTC-USDT,TimeCondition.GTC,0.001
2837957847,4194834854,0,1783610754639357981,201,order_input,benchmark,mock,InstrumentType.Spot,866585320701886506,OrderType.Limit,Direction.Long,65000.33,523201968,False,Side.Buy,,65000.33,1653898000,BTC-USDT,TimeCondition.GTC,0.001
2837957847,4194834854,0,1783610754639572913,201,order_input,benchmark,mock,InstrumentType.Spot,866585320701886507,OrderType.Limit,Direction.Long,65000.54,523203504,False,Side.Sell,,65000.54,1653898000,BTC-USDT,TimeCondition.GTC,0.001
2837957847,4194834854,0,1783610754640078106,201,order_input,benchmark,mock,InstrumentType.Spot,866585320701886508,OrderType.Limit,Direction.Long,65000.35,523205040,False,Side.Buy,,65000.35,1653898000,BTC-USDT,TimeCondition.GTC,0.001
2837957847,4194834854,0,1783610754640194916,201,order_input,benchmark,mock,InstrumentType.Spot,866585320701886509,OrderType.Limit,Direction.Long,65000.56,523269264,False,Side.Sell,,65000.56,1653898000,BTC-USDT,TimeCondition.GTC,0.001
2837957847,4194834854,0,1783610754640512937,201,order_input,benchmark,mock,InstrumentType.Spot,866585320701886510,OrderType.Limit,Direction.Long,65000.37,523270800,False,Side.Buy,,65000.37,1653898000,BTC-USDT,TimeCondition.GTC,0.001
2837957847,4194834854,0,1783610754640847508,201,order_input,benchmark,mock,InstrumentType.Spot,866585320701886511,OrderType.Limit,Direction.Long,65000.58,523272336,False,Side.Sell,,65000.58,1653898000,BTC-USDT,TimeCondition.GTC,0.001
2837957847,4194834854,0,1783610754641174087,201,order_input,benchmark,mock,InstrumentType.Spot,866585320701886512,OrderType.Limit,Direction.Long,65000.39,523273872,False,Side.Buy,,65000.39,1653898000,BTC-USDT,TimeCondition.GTC,0.001
2837957847,4194834854,0,1783610754641657072,201,order_input,benchmark,mock,InstrumentType.Spot,866585320701886513,OrderType.Limit,Direction.Long,65000.6,523275408,False,Side.Sell,,65000.6,1653898000,BTC-USDT,TimeCondition.GTC,0.001
2837957847,4194834854,0,1783610754641755004,201,order_input,benchmark,mock,InstrumentType.Spot,866585320701886514,OrderType.Limit,Direction.Long,65000.41,523276912,False,Side.Buy,,65000.41,1653898000,BTC-USDT,TimeCondition.GTC,0.001
2837957847,4194834854,0,1783610754642020700,201,order_input,benchmark,mock,InstrumentType.Spot,866585320701886515,OrderType.Limit,Direction.Long,65000.619999999995,523278480,False,Side.Sell,,65000.619999999995,1653898000,BTC-USDT,TimeCondition.GTC,0.001
2837957847,4194834854,0,1783610754642308253,201,order_input,benchmark,mock,InstrumentType.Spot,866585320701886516,OrderType.Limit,Direction.Long,65000.43,523280016,False,Side.Buy,,65000.43,1653898000,BTC-USDT,TimeCondition.GTC,0.001
2837957847,4194834854,0,1783610754642650253,201,order_input,benchmark,mock,InstrumentType.Spot,866585320701886517,OrderType.Limit,Direction.Long,65000.64,523281552,False,Side.Sell,,65000.64,1653898000,BTC-USDT,TimeCondition.GTC,0.001
2837957847,4194834854,0,1783610754642857675,201,order_input,benchmark,mock,InstrumentType.Spot,866585320701886518,OrderType.Limit,Direction.Long,65000.450000000004,523283088,False,Side.Buy,,65000.450000000004,1653898000,BTC-USDT,TimeCondition.GTC,0.001
2837957847,4194834854,0,1783610754643247151,201,order_input,benchmark,mock,InstrumentType.Spot,866585320701886519,OrderType.Limit,Direction.Long,65000.659999999996,523284624,False,Side.Sell,,65000.659999999996,1653898000,BTC-USDT,TimeCondition.GTC,0.001
2837957847,4194834854,0,1783610754643550299,201,order_input,benchmark,mock,InstrumentType.Spot,866585320701886520,OrderType.Limit,Direction.Long,65000.47,523286160,False,Side.Buy,,65000.47,1653898000,BTC-USDT,TimeCondition.GTC,0.001
2837957847,4194834854,0,1783610754643864963,201,order_input,benchmark,mock,InstrumentType.Spot,866585320701886521,OrderType.Limit,Direction.Long,65000.68,523287696,False,Side.Sell,,65000.68,1653898000,BTC-USDT,TimeCondition.GTC,0.001
2837957847,4194834854,0,1783610754644078852,201,order_input,benchmark,mock,InstrumentType.Spot,866585320701886522,OrderType.Limit,Direction.Long,65000.49,523289232,False,Side.Buy,,65000.49,1653898000,BTC-USDT,TimeCondition.GTC,0.001
2837957847,4194834854,0,1783610754644450912,201,order_input,benchmark,mock,InstrumentType.Spot,866585320701886523,OrderType.Limit,Direction.Long,65000.7,523290768,False,Side.Sell,,65000.7,1653898000,BTC-USDT,TimeCondition.GTC,0.001
2837957847,4194834854,0,1783610754644748361,201,order_input,benchmark,mock,InstrumentType.Spot,866585320701886524,OrderType.Limit,Direction.Long,65000.51,523292304,False,Side.Buy,,65000.51,1653898000,BTC-USDT,TimeCondition.GTC,0.001
2837957847,4194834854,0,1783610754645061773,201,order_input,benchmark,mock,InstrumentType.Spot,866585320701886525,OrderType.Limit,Direction.Long,65000.72,523293840,False,Side.Sell,,65000.72,1653898000,BTC-USDT,TimeCondition.GTC,0.001
2837957847,4194834854,0,1783610754645266029,201,order_input,benchmark,mock,InstrumentType.Spot,866585320701886526,OrderType.Limit,Direction.Long,65000.53,523295376,False,Side.Buy,,65000.53,1653898000,BTC-USDT,TimeCondition.GTC,0.001
2837957847,4194834854,0,1783610754645650394,201,order_input,benchmark,mock,InstrumentType.Spot,866585320701886527,OrderType.Limit,Direction.Long,65000.74,523296912,False,Side.Sell,,65000.74,1653898000,BTC-USDT,TimeCondition.GTC,0.001
2837957847,4194834854,0,1783610754645950930,201,order_input,benchmark,mock,InstrumentType.Spot,866585320701886528,OrderType.Limit,Direction.Long,65000.55,523298448,False,Side.Buy,,65000.55,1653898000,BTC-USDT,TimeCondition.GTC,0.001
2837957847,4194834854,0,1783610754646179068,201,order_input,benchmark,mock,InstrumentType.Spot,866585320701886529,OrderType.Limit,Direction.Long,65000.76,523299984,False,Side.Sell,,65000.76,1653898000,BTC-USDT,TimeCondition.GTC,0.001
2837957847,4194834854,0,1783610754646521835,201,order_input,benchmark,mock,InstrumentType.Spot,866585320701886530,OrderType.Limit,Direction.Long,65000.57,523301520,False,Side.Buy,,65000.57,1653898000,BTC-USDT,TimeCondition.GTC,0.001
2837957847,4194834854,0,1783610754647229311,201,order_input,benchmark,mock,InstrumentType.Spot,866585320701886531,OrderType.Limit,Direction.Long,65000.78,523303056,False,Side.Sell,,65000.78,1653898000,BTC-USDT,TimeCondition.GTC,0.001
2837957847,4194834854,0,1783610754647332564,201,order_input,benchmark,mock,InstrumentType.Spot,866585320701886532,OrderType.Limit,Direction.Long,65000.590000000004,523304560,False,Side.Buy,,65000.590000000004,1653898000,BTC-USDT,TimeCondition.GTC,0.001
2837957847,4194834854,0,1783610754647382151,201,order_input,benchmark,mock,InstrumentType.Spot,866585320701886533,OrderType.Limit,Direction.Long,65000.799999999996,523306128,False,Side.Sell,,65000.799999999996,1653898000,BTC-USDT,TimeCondition.GTC,0.001
2837957847,4194834854,0,1783610754647765765,201,order_input,benchmark,mock,InstrumentType.Spot,866585320701886534,OrderType.Limit,Direction.Long,65000.61,523307664,False,Side.Buy,,65000.61,1653898000,BTC-USDT,TimeCondition.GTC,0.001
2837957847,4194834854,0,1783610754648162914,201,order_input,benchmark,mock,InstrumentType.Spot,866585320701886535,OrderType.Limit,Direction.Long,65000.82,523309200,False,Side.Sell,,65000.82,1653898000,BTC-USDT,TimeCondition.GTC,0.001
2837957847,4194834854,0,1783610754648314004,201,order_input,benchmark,mock,InstrumentType.Spot,866585320701886536,OrderType.Limit,Direction.Long,65000.630000000005,523310736,False,Side.Buy,,65000.630000000005,1653898000,BTC-USDT,TimeCondition.GTC,0.001
2837957847,4194834854,0,1783610754648756508,201,order_input,benchmark,mock,InstrumentType.Spot,866585320701886537,OrderType.Limit,Direction.Long,65000.84,523312272,False,Side.Sell,,65000.84,1653898000,BTC-USDT,TimeCondition.GTC,0.001
2837957847,4194834854,0,1783610754648878048,201,order_input,benchmark,mock,InstrumentType.Spot,866585320701886538,OrderType.Limit,Direction.Long,65000.65,523313808,False,Side.Buy,,65000.65,1653898000,BTC-USDT,TimeCondition.GTC,0.001
2837957847,4194834854,0,1783610754649516575,201,order_input,benchmark,mock,InstrumentType.Spot,866585320701886539,OrderType.Limit,Direction.Long,65000.86,523315344,False,Side.Sell,,65000.86,1653898000,BTC-USDT,TimeCondition.GTC,0.001
2837957847,4194834854,0,1783610754649542897,201,order_input,benchmark,mock,InstrumentType.Spot,866585320701886540,OrderType.Limit,Direction.Long,65000.67,523316848,False,Side.Buy,,65000.67,1653898000,BTC-USDT,TimeCondition.GTC,0.001
2837957847,4194834854,0,1783610754649842610,201,order_input,benchmark,mock,InstrumentType.Spot,866585320701886541,OrderType.Limit,Direction.Long,65000.88,523319168,False,Side.Sell,,65000.88,1653898000,BTC-USDT,TimeCondition.GTC,0.001
2837957847,4194834854,0,1783610754650094173,201,order_input,benchmark,mock,InstrumentType.Spot,866585320701886542,OrderType.Limit,Direction.Long,65000.69,523320704,False,Side.Buy,,65000.69,1653898000,BTC-USDT,TimeCondition.GTC,0.001
2837957847,4194834854,0,1783610754650394686,201,order_input,benchmark,mock,InstrumentType.Spot,866585320701886543,OrderType.Limit,Direction.Long,65000.9,523322240,False,Side.Sell,,65000.9,1653898000,BTC-USDT,TimeCondition.GTC,0.001
2837957847,4194834854,0,1783610754650680685,201,order_input,benchmark,mock,InstrumentType.Spot,866585320701886544,OrderType.Limit,Direction.Long,65000.71,523323776,False,Side.Buy,,65000.71,1653898000,BTC-USDT,TimeCondition.GTC,0.001
2837957847,4194834854,0,1783610754651321285,201,order_input,benchmark,mock,InstrumentType.Spot,866585320701886545,OrderType.Limit,Direction.Long,65000.92,523325312,False,Side.Sell,,65000.92,1653898000,BTC-USDT,TimeCondition.GTC,0.001
2837957847,4194834854,0,1783610754651475781,201,order_input,benchmark,mock,InstrumentType.Spot,866585320701886546,OrderType.Limit,Direction.Long,65000.73,523326848,False,Side.Buy,,65000.73,1653898000,BTC-USDT,TimeCondition.GTC,0.001
2837957847,4194834854,0,1783610754651569569,201,order_input,benchmark,mock,InstrumentType.Spot,866585320701886547,OrderType.Limit,Direction.Long,65000.939999999995,523328384,False,Side.Sell,,65000.939999999995,1653898000,BTC-USDT,TimeCondition.GTC,0.001
2837957847,4194834854,0,1783610754651889040,201,order_input,benchmark,mock,InstrumentType.Spot,866585320701886548,OrderType.Limit,Direction.Long,65000.75,523329920,False,Side.Buy,,65000.75,1653898000,BTC-USDT,TimeCondition.GTC,0.001
2837957847,4194834854,0,1783610754652310524,201,order_input,benchmark,mock,InstrumentType.Spot,866585320701886549,OrderType.Limit,Direction.Long,65000.96,523331456,False,Side.Sell,,65000.96,1653898000,BTC-USDT,TimeCondition.GTC,0.001
2837957847,4194834854,0,1783610754652596913,201,order_input,benchmark,mock,InstrumentType.Spot,866585320701886550,OrderType.Limit,Direction.Long,65000.770000000004,523332992,False,Side.Buy,,65000.770000000004,1653898000,BTC-USDT,TimeCondition.GTC,0.001
2837957847,4194834854,0,1783610754652790414,201,order_input,benchmark,mock,InstrumentType.Spot,866585320701886551,OrderType.Limit,Direction.Long,65000.979999999996,523334528,False,Side.Sell,,65000.979999999996,1653898000,BTC-USDT,TimeCondition.GTC,0.001
2837957847,4194834854,0,1783610754653146086,201,order_input,benchmark,mock,InstrumentType.Spot,866585320701886552,OrderType.Limit,Direction.Long,65000.79,523336064,False,Side.Buy,,65000.79,1653898000,BTC-USDT,TimeCondition.GTC,0.001
2837957847,4194834854,0,1783610754653378796,201,order_input,benchmark,mock,InstrumentType.Spot,866585320701886553,OrderType.Limit,Direction.Long,65001.0,523337600,False,Side.Sell,,65001.0,1653898000,BTC-USDT,TimeCondition.GTC,0.001
2837957847,4194834854,0,1783610754653713887,201,order_input,benchmark,mock,InstrumentType.Spot,866585320701886554,OrderType.Limit,Direction.Long,65000.810000000005,523339136,False,Side.Buy,,65000.810000000005,1653898000,BTC-USDT,TimeCondition.GTC,0.001
2837957847,4194834854,0,1783610754653982256,201,order_input,benchmark,mock,InstrumentType.Spot,866585320701886555,OrderType.Limit,Direction.Long,65001.02,523340672,False,Side.Sell,,65001.02,1653898000,BTC-USDT,TimeCondition.GTC,0.001
2837957847,4194834854,0,1783610754654297455,201,order_input,benchmark,mock,InstrumentType.Spot,866585320701886556,OrderType.Limit,Direction.Long,65000.83,523342208,False,Side.Buy,,65000.83,1653898000,BTC-USDT,TimeCondition.GTC,0.001
2837957847,4194834854,0,1783610754654672005,201,order_input,benchmark,mock,InstrumentType.Spot,866585320701886557,OrderType.Limit,Direction.Long,65001.04,523205232,False,Side.Sell,,65001.04,1653898000,BTC-USDT,TimeCondition.GTC,0.001
2837957847,4194834854,0,1783610754654904054,201,order_input,benchmark,mock,InstrumentType.Spot,866585320701886558,OrderType.Limit,Direction.Long,65000.85,523345968,False,Side.Buy,,65000.85,1653898000,BTC-USDT,TimeCondition.GTC,0.001
2837957847,4194834854,0,1783610754655304887,201,order_input,benchmark,mock,InstrumentType.Spot,866585320701886559,OrderType.Limit,Direction.Long,65001.06,523347504,False,Side.Sell,,65001.06,1653898000,BTC-USDT,TimeCondition.GTC,0.001
2837957847,4194834854,0,1783610754655566585,201,order_input,benchmark,mock,InstrumentType.Spot,866585320701886560,OrderType.Limit,Direction.Long,65000.87,523349040,False,Side.Buy,,65000.87,1653898000,BTC-USDT,TimeCondition.GTC,0.001
2837957847,4194834854,0,1783610754655924773,201,order_input,benchmark,mock,InstrumentType.Spot,866585320701886561,OrderType.Limit,Direction.Long,65001.08,523318784,False,Side.Sell,,65001.08,1653898000,BTC-USDT,TimeCondition.GTC,0.001
2837957847,4194834854,0,1783610754656078789,201,order_input,benchmark,mock,InstrumentType.Spot,866585320701886562,OrderType.Limit,Direction.Long,65000.89,525006448,False,Side.Buy,,65000.89,1653898000,BTC-USDT,TimeCondition.GTC,0.001
2837957847,4194834854,0,1783610754656411242,201,order_input,benchmark,mock,InstrumentType.Spot,866585320701886563,OrderType.Limit,Direction.Long,65000.1,525007984,False,Side.Sell,,65000.1,1653898000,BTC-USDT,TimeCondition.GTC,0.001
2837957847,4194834854,0,1783610754656786949,201,order_input,benchmark,mock,InstrumentType.Spot,866585320701886564,OrderType.Limit,Direction.Long,64999.91,525009520,False,Side.Buy,,64999.91,1653898000,BTC-USDT,TimeCondition.GTC,0.001
2837957847,4194834854,0,1783610754657141844,201,order_input,benchmark,mock,InstrumentType.Spot,866585320701886565,OrderType.Limit,Direction.Long,65000.119999999995,525011056,False,Side.Sell,,65000.119999999995,1653898000,BTC-USDT,TimeCondition.GTC,0.001
2837957847,4194834854,0,1783610754657315369,201,order_input,benchmark,mock,InstrumentType.Spot,866585320701886566,OrderType.Limit,Direction.Long,64999.93,525012592,False,Side.Buy,,64999.93,1653898000,BTC-USDT,TimeCondition.GTC,0.001
2837957847,4194834854,0,1783610754657601959,201,order_input,benchmark,mock,InstrumentType.Spot,866585320701886567,OrderType.Limit,Direction.Long,65000.14,525014128,False,Side.Sell,,65000.14,1653898000,BTC-USDT,TimeCondition.GTC,0.001
2837957847,4194834854,0,1783610754658005134,201,order_input,benchmark,mock,InstrumentType.Spot,866585320701886568,OrderType.Limit,Direction.Long,64999.950000000004,525015664,False,Side.Buy,,64999.950000000004,1653898000,BTC-USDT,TimeCondition.GTC,0.001
2837957847,4194834854,0,1783610754658270260,201,order_input,benchmark,mock,InstrumentType.Spot,866585320701886569,OrderType.Limit,Direction.Long,65000.159999999996,525017200,False,Side.Sell,,65000.159999999996,1653898000,BTC-USDT,TimeCondition.GTC,0.001
2837957847,4194834854,0,1783610754658502961,201,order_input,benchmark,mock,InstrumentType.Spot,866585320701886570,OrderType.Limit,Direction.Long,64999.97,525018736,False,Side.Buy,,64999.97,1653898000,BTC-USDT,TimeCondition.GTC,0.001
2837957847,4194834854,0,1783610754658886617,201,order_input,benchmark,mock,InstrumentType.Spot,866585320701886571,OrderType.Limit,Direction.Long,65000.18,525020272,False,Side.Sell,,65000.18,1653898000,BTC-USDT,TimeCondition.GTC,0.001
2837957847,4194834854,0,1783610754659300598,201,order_input,benchmark,mock,InstrumentType.Spot,866585320701886572,OrderType.Limit,Direction.Long,64999.99,525021808,False,Side.Buy,,64999.99,1653898000,BTC-USDT,TimeCondition.GTC,0.001
2837957847,4194834854,0,1783610754659399198,201,order_input,benchmark,mock,InstrumentType.Spot,866585320701886573,OrderType.Limit,Direction.Long,65000.2,525024384,False,Side.Sell,,65000.2,1653898000,BTC-USDT,TimeCondition.GTC,0.001
2837957847,4194834854,0,1783610754659681101,201,order_input,benchmark,mock,InstrumentType.Spot,866585320701886574,OrderType.Limit,Direction.Long,65000.01,525025920,False,Side.Buy,,65000.01,1653898000,BTC-USDT,TimeCondition.GTC,0.001
2837957847,4194834854,0,1783610754660041358,201,order_input,benchmark,mock,InstrumentType.Spot,866585320701886575,OrderType.Limit,Direction.Long,65000.22,525027456,False,Side.Sell,,65000.22,1653898000,BTC-USDT,TimeCondition.GTC,0.001
2837957847,4194834854,0,1783610754660290990,201,order_input,benchmark,mock,InstrumentType.Spot,866585320701886576,OrderType.Limit,Direction.Long,65000.03,525028992,False,Side.Buy,,65000.03,1653898000,BTC-USDT,TimeCondition.GTC,0.001
2837957847,4194834854,0,1783610754660733615,201,order_input,benchmark,mock,InstrumentType.Spot,866585320701886577,OrderType.Limit,Direction.Long,65000.24,525030528,False,Side.Sell,,65000.24,1653898000,BTC-USDT,TimeCondition.GTC,0.001
2837957847,4194834854,0,1783610754660917892,201,order_input,benchmark,mock,InstrumentType.Spot,866585320701886578,OrderType.Limit,Direction.Long,65000.05,525032064,False,Side.Buy,,65000.05,1653898000,BTC-USDT,TimeCondition.GTC,0.001
2837957847,4194834854,0,1783610754661217512,201,order_input,benchmark,mock,InstrumentType.Spot,866585320701886579,OrderType.Limit,Direction.Long,65000.26,525033600,False,Side.Sell,,65000.26,1653898000,BTC-USDT,TimeCondition.GTC,0.001
2837957847,4194834854,0,1783610754661557176,201,order_input,benchmark,mock,InstrumentType.Spot,866585320701886580,OrderType.Limit,Direction.Long,65000.07,525035136,False,Side.Buy,,65000.07,1653898000,BTC-USDT,TimeCondition.GTC,0.001
2837957847,4194834854,0,1783610754662433091,201,order_input,benchmark,mock,InstrumentType.Spot,866585320701886581,OrderType.Limit,Direction.Long,65000.28,525036672,False,Side.Sell,,65000.28,1653898000,BTC-USDT,TimeCondition.GTC,0.001
2837957847,4194834854,0,1783610754662595365,201,order_input,benchmark,mock,InstrumentType.Spot,866585320701886582,OrderType.Limit,Direction.Long,65000.090000000004,525038208,False,Side.Buy,,65000.090000000004,1653898000,BTC-USDT,TimeCondition.GTC,0.001
2837957847,4194834854,0,1783610754662628227,201,order_input,benchmark,mock,InstrumentType.Spot,866585320701886583,OrderType.Limit,Direction.Long,65000.299999999996,525039712,False,Side.Sell,,65000.299999999996,1653898000,BTC-USDT,TimeCondition.GTC,0.001
2837957847,4194834854,0,1783610754662680337,201,order_input,benchmark,mock,InstrumentType.Spot,866585320701886584,OrderType.Limit,Direction.Long,65000.11,525041280,False,Side.Buy,,65000.11,1653898000,BTC-USDT,TimeCondition.GTC,0.001
2837957847,4194834854,0,1783610754663012004,201,order_input,benchmark,mock,InstrumentType.Spot,866585320701886585,OrderType.Limit,Direction.Long,65000.32,525042816,False,Side.Sell,,65000.32,1653898000,BTC-USDT,TimeCondition.GTC,0.001
2837957847,4194834854,0,1783610754663320636,201,order_input,benchmark,mock,InstrumentType.Spot,866585320701886586,OrderType.Limit,Direction.Long,65000.130000000005,525044352,False,Side.Buy,,65000.130000000005,1653898000,BTC-USDT,TimeCondition.GTC,0.001
2837957847,4194834854,0,1783610754663588219,201,order_input,benchmark,mock,InstrumentType.Spot,866585320701886587,OrderType.Limit,Direction.Long,65000.34,525045888,False,Side.Sell,,65000.34,1653898000,BTC-USDT,TimeCondition.GTC,0.001
2837957847,4194834854,0,1783610754663871869,201,order_input,benchmark,mock,InstrumentType.Spot,866585320701886588,OrderType.Limit,Direction.Long,65000.15,525047424,False,Side.Buy,,65000.15,1653898000,BTC-USDT,TimeCondition.GTC,0.001
2837957847,4194834854,0,1783610754664172641,201,order_input,benchmark,mock,InstrumentType.Spot,866585320701886589,OrderType.Limit,Direction.Long,65000.36,525048960,False,Side.Sell,,65000.36,1653898000,BTC-USDT,TimeCondition.GTC,0.001
2837957847,4194834854,0,1783610754664488324,201,order_input,benchmark,mock,InstrumentType.Spot,866585320701886590,OrderType.Limit,Direction.Long,65000.17,525050496,False,Side.Buy,,65000.17,1653898000,BTC-USDT,TimeCondition.GTC,0.001
2837957847,4194834854,0,1783610754664801390,201,order_input,benchmark,mock,InstrumentType.Spot,866585320701886591,OrderType.Limit,Direction.Long,65000.38,525052032,False,Side.Sell,,65000.38,1653898000,BTC-USDT,TimeCondition.GTC,0.001
2837957847,4194834854,0,1783610754665095630,201,order_input,benchmark,mock,InstrumentType.Spot,866585320701886592,OrderType.Limit,Direction.Long,65000.19,525053568,False,Side.Buy,,65000.19,1653898000,BTC-USDT,TimeCondition.GTC,0.001
2837957847,4194834854,0,1783610754665446193,201,order_input,benchmark,mock,InstrumentType.Spot,866585320701886593,OrderType.Limit,Direction.Long,65000.4,525023344,False,Side.Sell,,65000.4,1653898000,BTC-USDT,TimeCondition.GTC,0.001
2837957847,4194834854,0,1783610754665674778,201,order_input,benchmark,mock,InstrumentType.Spot,866585320701886594,OrderType.Limit,Direction.Long,65000.21,525056800,False,Side.Buy,,65000.21,1653898000,BTC-USDT,TimeCondition.GTC,0.001
2837957847,4194834854,0,1783610754666008891,201,order_input,benchmark,mock,InstrumentType.Spot,866585320701886595,OrderType.Limit,Direction.Long,65000.42,525058336,False,Side.Sell,,65000.42,1653898000,BTC-USDT,TimeCondition.GTC,0.001
2837957847,4194834854,0,1783610754666324615,201,order_input,benchmark,mock,InstrumentType.Spot,866585320701886596,OrderType.Limit,Direction.Long,65000.23,525059872,False,Side.Buy,,65000.23,1653898000,BTC-USDT,TimeCondition.GTC,0.001
2837957847,4194834854,0,1783610754666668579,201,order_input,benchmark,mock,InstrumentType.Spot,866585320701886597,OrderType.Limit,Direction.Long,65000.439999999995,525061408,False,Side.Sell,,65000.439999999995,1653898000,BTC-USDT,TimeCondition.GTC,0.001
2837957847,4194834854,0,1783610754666906127,201,order_input,benchmark,mock,InstrumentType.Spot,866585320701886598,OrderType.Limit,Direction.Long,65000.25,525062944,False,Side.Buy,,65000.25,1653898000,BTC-USDT,TimeCondition.GTC,0.001
2837957847,4194834854,0,1783610754667214886,201,order_input,benchmark,mock,InstrumentType.Spot,866585320701886599,OrderType.Limit,Direction.Long,65000.46,525064480,False,Side.Sell,,65000.46,1653898000,BTC-USDT,TimeCondition.GTC,0.001
2837957847,4194834854,0,1783610754667499458,201,order_input,benchmark,mock,InstrumentType.Spot,866585320701886600,OrderType.Limit,Direction.Long,65000.270000000004,525066016,False,Side.Buy,,65000.270000000004,1653898000,BTC-USDT,TimeCondition.GTC,0.001
2837957847,4194834854,0,1783610754667880937,201,order_input,benchmark,mock,InstrumentType.Spot,866585320701886601,OrderType.Limit,Direction.Long,65000.479999999996,525067552,False,Side.Sell,,65000.479999999996,1653898000,BTC-USDT,TimeCondition.GTC,0.001
2837957847,4194834854,0,1783610754668169440,201,order_input,benchmark,mock,InstrumentType.Spot,866585320701886602,OrderType.Limit,Direction.Long,65000.29,525069088,False,Side.Buy,,65000.29,1653898000,BTC-USDT,TimeCondition.GTC,0.001
2837957847,4194834854,0,1783610754668369227,201,order_input,benchmark,mock,InstrumentType.Spot,866585320701886603,OrderType.Limit,Direction.Long,65000.5,525070624,False,Side.Sell,,65000.5,1653898000,BTC-USDT,TimeCondition.GTC,0.001
2837957847,4194834854,0,1783610754668710485,201,order_input,benchmark,mock,InstrumentType.Spot,866585320701886604,OrderType.Limit,Direction.Long,65000.310000000005,525072160,False,Side.Buy,,65000.310000000005,1653898000,BTC-USDT,TimeCondition.GTC,0.001
2837957847,4194834854,0,1783610754668983359,201,order_input,benchmark,mock,InstrumentType.Spot,866585320701886605,OrderType.Limit,Direction.Long,65000.52,525073696,False,Side.Sell,,65000.52,1653898000,BTC-USDT,TimeCondition.GTC,0.001
2837957847,4194834854,0,1783610754669284673,201,order_input,benchmark,mock,InstrumentType.Spot,866585320701886606,OrderType.Limit,Direction.Long,65000.33,525075232,False,Side.Buy,,65000.33,1653898000,BTC-USDT,TimeCondition.GTC,0.001
2837957847,4194834854,0,1783610754669587643,201,order_input,benchmark,mock,InstrumentType.Spot,866585320701886607,OrderType.Limit,Direction.Long,65000.54,525076768,False,Side.Sell,,65000.54,1653898000,BTC-USDT,TimeCondition.GTC,0.001
2837957847,4194834854,0,1783610754669961110,201,order_input,benchmark,mock,InstrumentType.Spot,866585320701886608,OrderType.Limit,Direction.Long,65000.35,525078304,False,Side.Buy,,65000.35,1653898000,BTC-USDT,TimeCondition.GTC,0.001
2837957847,4194834854,0,1783610754670263556,201,order_input,benchmark,mock,InstrumentType.Spot,866585320701886609,OrderType.Limit,Direction.Long,65000.56,525079840,False,Side.Sell,,65000.56,1653898000,BTC-USDT,TimeCondition.GTC,0.001
2837957847,4194834854,0,1783610754670477791,201,order_input,benchmark,mock,InstrumentType.Spot,866585320701886610,OrderType.Limit,Direction.Long,65000.37,525081376,False,Side.Buy,,65000.37,1653898000,BTC-USDT,TimeCondition.GTC,0.001
2837957847,4194834854,0,1783610754670861081,201,order_input,benchmark,mock,InstrumentType.Spot,866585320701886611,OrderType.Limit,Direction.Long,65000.58,525082912,False,Side.Sell,,65000.58,1653898000,BTC-USDT,TimeCondition.GTC,0.001
2837957847,4194834854,0,1783610754671079610,201,order_input,benchmark,mock,InstrumentType.Spot,866585320701886612,OrderType.Limit,Direction.Long,65000.39,525084448,False,Side.Buy,,65000.39,1653898000,BTC-USDT,TimeCondition.GTC,0.001
2837957847,4194834854,0,1783610754671464235,201,order_input,benchmark,mock,InstrumentType.Spot,866585320701886613,OrderType.Limit,Direction.Long,65000.6,525055104,False,Side.Sell,,65000.6,1653898000,BTC-USDT,TimeCondition.GTC,0.001
2837957847,4194834854,0,1783610754671758069,201,order_input,benchmark,mock,InstrumentType.Spot,866585320701886614,OrderType.Limit,Direction.Long,65000.41,525087712,False,Side.Buy,,65000.41,1653898000,BTC-USDT,TimeCondition.GTC,0.001
2837957847,4194834854,0,1783610754672064919,201,order_input,benchmark,mock,InstrumentType.Spot,866585320701886615,OrderType.Limit,Direction.Long,65000.619999999995,525089248,False,Side.Sell,,65000.619999999995,1653898000,BTC-USDT,TimeCondition.GTC,0.001
2837957847,4194834854,0,1783610754672363353,201,order_input,benchmark,mock,InstrumentType.Spot,866585320701886616,OrderType.Limit,Direction.Long,65000.43,525090784,False,Side.Buy,,65000.43,1653898000,BTC-USDT,TimeCondition.GTC,0.001
2837957847,4194834854,0,1783610754672649383,201,order_input,benchmark,mock,InstrumentType.Spot,866585320701886617,OrderType.Limit,Direction.Long,65000.64,525092320,False,Side.Sell,,65000.64,1653898000,BTC-USDT,TimeCondition.GTC,0.001
2837957847,4194834854,0,1783610754672951943,201,order_input,benchmark,mock,InstrumentType.Spot,866585320701886618,OrderType.Limit,Direction.Long,65000.450000000004,525093856,False,Side.Buy,,65000.450000000004,1653898000,BTC-USDT,TimeCondition.GTC,0.001
2837957847,4194834854,0,1783610754673262752,201,order_input,benchmark,mock,InstrumentType.Spot,866585320701886619,OrderType.Limit,Direction.Long,65000.659999999996,525095392,False,Side.Sell,,65000.659999999996,1653898000,BTC-USDT,TimeCondition.GTC,0.001
2837957847,4194834854,0,1783610754673565381,201,order_input,benchmark,mock,InstrumentType.Spot,866585320701886620,OrderType.Limit,Direction.Long,65000.47,525096928,False,Side.Buy,,65000.47,1653898000,BTC-USDT,TimeCondition.GTC,0.001
2837957847,4194834854,0,1783610754673777263,201,order_input,benchmark,mock,InstrumentType.Spot,866585320701886621,OrderType.Limit,Direction.Long,65000.68,525098464,False,Side.Sell,,65000.68,1653898000,BTC-USDT,TimeCondition.GTC,0.001
2837957847,4194834854,0,1783610754674159791,201,order_input,benchmark,mock,InstrumentType.Spot,866585320701886622,OrderType.Limit,Direction.Long,65000.49,525100000,False,Side.Buy,,65000.49,1653898000,BTC-USDT,TimeCondition.GTC,0.001
2837957847,4194834854,0,1783610754674436232,201,order_input,benchmark,mock,InstrumentType.Spot,866585320701886623,OrderType.Limit,Direction.Long,65000.7,525101536,False,Side.Sell,,65000.7,1653898000,BTC-USDT,TimeCondition.GTC,0.001
2837957847,4194834854,0,1783610754674942819,201,order_input,benchmark,mock,InstrumentType.Spot,866585320701886624,OrderType.Limit,Direction.Long,65000.51,525103072,False,Side.Buy,,65000.51,1653898000,BTC-USDT,TimeCondition.GTC,0.001
2837957847,4194834854,0,1783610754675055730,201,order_input,benchmark,mock,InstrumentType.Spot,866585320701886625,OrderType.Limit,Direction.Long,65000.72,525104576,False,Side.Sell,,65000.72,1653898000,BTC-USDT,TimeCondition.GTC,0.001
2837957847,4194834854,0,1783610754675309130,201,order_input,benchmark,mock,InstrumentType.Spot,866585320701886626,OrderType.Limit,Direction.Long,65000.53,525106144,False,Side.Buy,,65000.53,1653898000,BTC-USDT,TimeCondition.GTC,0.001
2837957847,4194834854,0,1783610754675626258,201,order_input,benchmark,mock,InstrumentType.Spot,866585320701886627,OrderType.Limit,Direction.Long,65000.74,525107680,False,Side.Sell,,65000.74,1653898000,BTC-USDT,TimeCondition.GTC,0.001
2837957847,4194834854,0,1783610754675921922,201,order_input,benchmark,mock,InstrumentType.Spot,866585320701886628,OrderType.Limit,Direction.Long,65000.55,525109216,False,Side.Buy,,65000.55,1653898000,BTC-USDT,TimeCondition.GTC,0.001
2837957847,4194834854,0,1783610754676182540,201,order_input,benchmark,mock,InstrumentType.Spot,866585320701886629,OrderType.Limit,Direction.Long,65000.76,525110752,False,Side.Sell,,65000.76,1653898000,BTC-USDT,TimeCondition.GTC,0.001
2837957847,4194834854,0,1783610754676563305,201,order_input,benchmark,mock,InstrumentType.Spot,866585320701886630,OrderType.Limit,Direction.Long,65000.57,525112288,False,Side.Buy,,65000.57,1653898000,BTC-USDT,TimeCondition.GTC,0.001
2837957847,4194834854,0,1783610754676782445,201,order_input,benchmark,mock,InstrumentType.Spot,866585320701886631,OrderType.Limit,Direction.Long,65000.78,525113824,False,Side.Sell,,65000.78,1653898000,BTC-USDT,TimeCondition.GTC,0.001
2837957847,4194834854,0,1783610754677085872,201,order_input,benchmark,mock,InstrumentType.Spot,866585320701886632,OrderType.Limit,Direction.Long,65000.590000000004,525115360,False,Side.Buy,,65000.590000000004,1653898000,BTC-USDT,TimeCondition.GTC,0.001
2837957847,4194834854,0,1783610754677374554,201,order_input,benchmark,mock,InstrumentType.Spot,866585320701886633,OrderType.Limit,Direction.Long,65000.799999999996,525116896,False,Side.Sell,,65000.799999999996,1653898000,BTC-USDT,TimeCondition.GTC,0.001
2837957847,4194834854,0,1783610754677668087,201,order_input,benchmark,mock,InstrumentType.Spot,866585320701886634,OrderType.Limit,Direction.Long,65000.61,525118432,False,Side.Buy,,65000.61,1653898000,BTC-USDT,TimeCondition.GTC,0.001
2837957847,4194834854,0,1783610754678104275,201,order_input,benchmark,mock,InstrumentType.Spot,866585320701886635,OrderType.Limit,Direction.Long,65000.82,525119968,False,Side.Sell,,65000.82,1653898000,BTC-USDT,TimeCondition.GTC,0.001
2837957847,4194834854,0,1783610754678339222,201,order_input,benchmark,mock,InstrumentType.Spot,866585320701886636,OrderType.Limit,Direction.Long,65000.630000000005,525121504,False,Side.Buy,,65000.630000000005,1653898000,BTC-USDT,TimeCondition.GTC,0.001
2837957847,4194834854,0,1783610754678596426,201,order_input,benchmark,mock,InstrumentType.Spot,866585320701886637,OrderType.Limit,Direction.Long,65000.84,525085984,False,Side.Sell,,65000.84,1653898000,BTC-USDT,TimeCondition.GTC,0.001
2837957847,4194834854,0,1783610754678876298,201,order_input,benchmark,mock,InstrumentType.Spot,866585320701886638,OrderType.Limit,Direction.Long,65000.65,525124800,False,Side.Buy,,65000.65,1653898000,BTC-USDT,TimeCondition.GTC,0.001
2837957847,4194834854,0,1783610754679193672,201,order_input,benchmark,mock,InstrumentType.Spot,866585320701886639,OrderType.Limit,Direction.Long,65000.86,525126336,False,Side.Sell,,65000.86,1653898000,BTC-USDT,TimeCondition.GTC,0.001
2837957847,4194834854,0,1783610754679469172,201,order_input,benchmark,mock,InstrumentType.Spot,866585320701886640,OrderType.Limit,Direction.Long,65000.67,525127872,False,Side.Buy,,65000.67,1653898000,BTC-USDT,TimeCondition.GTC,0.001
2837957847,4194834854,0,1783610754679862573,201,order_input,benchmark,mock,InstrumentType.Spot,866585320701886641,OrderType.Limit,Direction.Long,65000.88,525129408,False,Side.Sell,,65000.88,1653898000,BTC-USDT,TimeCondition.GTC,0.001
2837957847,4194834854,0,1783610754680174172,201,order_input,benchmark,mock,InstrumentType.Spot,866585320701886642,OrderType.Limit,Direction.Long,65000.69,525130944,False,Side.Buy,,65000.69,1653898000,BTC-USDT,TimeCondition.GTC,0.001
2837957847,4194834854,0,1783610754680436891,201,order_input,benchmark,mock,InstrumentType.Spot,866585320701886643,OrderType.Limit,Direction.Long,65000.9,525132480,False,Side.Sell,,65000.9,1653898000,BTC-USDT,TimeCondition.GTC,0.001
2837957847,4194834854,0,1783610754680717026,201,order_input,benchmark,mock,InstrumentType.Spot,866585320701886644,OrderType.Limit,Direction.Long,65000.71,525134016,False,Side.Buy,,65000.71,1653898000,BTC-USDT,TimeCondition.GTC,0.001
2837957847,4194834854,0,1783610754681087484,201,order_input,benchmark,mock,InstrumentType.Spot,866585320701886645,OrderType.Limit,Direction.Long,65000.92,525135552,False,Side.Sell,,65000.92,1653898000,BTC-USDT,TimeCondition.GTC,0.001
2837957847,4194834854,0,1783610754681281696,201,order_input,benchmark,mock,InstrumentType.Spot,866585320701886646,OrderType.Limit,Direction.Long,65000.73,525137088,False,Side.Buy,,65000.73,1653898000,BTC-USDT,TimeCondition.GTC,0.001
2837957847,4194834854,0,1783610754681700364,201,order_input,benchmark,mock,InstrumentType.Spot,866585320701886647,OrderType.Limit,Direction.Long,65000.939999999995,525138624,False,Side.Sell,,65000.939999999995,1653898000,BTC-USDT,TimeCondition.GTC,0.001
2837957847,4194834854,0,1783610754681956351,201,order_input,benchmark,mock,InstrumentType.Spot,866585320701886648,OrderType.Limit,Direction.Long,65000.75,525140160,False,Side.Buy,,65000.75,1653898000,BTC-USDT,TimeCondition.GTC,0.001
2837957847,4194834854,0,1783610754682169678,201,order_input,benchmark,mock,InstrumentType.Spot,866585320701886649,OrderType.Limit,Direction.Long,65000.96,525141696,False,Side.Sell,,65000.96,1653898000,BTC-USDT,TimeCondition.GTC,0.001
2837957847,4194834854,0,1783610754682480540,201,order_input,benchmark,mock,InstrumentType.Spot,866585320701886650,OrderType.Limit,Direction.Long,65000.770000000004,525143232,False,Side.Buy,,65000.770000000004,1653898000,BTC-USDT,TimeCondition.GTC,0.001
2837957847,4194834854,0,1783610754682880439,201,order_input,benchmark,mock,InstrumentType.Spot,866585320701886651,OrderType.Limit,Direction.Long,65000.979999999996,525144768,False,Side.Sell,,65000.979999999996,1653898000,BTC-USDT,TimeCondition.GTC,0.001
2837957847,4194834854,0,1783610754683131676,201,order_input,benchmark,mock,InstrumentType.Spot,866585320701886652,OrderType.Limit,Direction.Long,65000.79,525146304,False,Side.Buy,,65000.79,1653898000,BTC-USDT,TimeCondition.GTC,0.001
2837957847,4194834854,0,1783610754683442251,201,order_input,benchmark,mock,InstrumentType.Spot,866585320701886653,OrderType.Limit,Direction.Long,65001.0,525147840,False,Side.Sell,,65001.0,1653898000,BTC-USDT,TimeCondition.GTC,0.001
2837957847,4194834854,0,1783610754683748838,201,order_input,benchmark,mock,InstrumentType.Spot,866585320701886654,OrderType.Limit,Direction.Long,65000.810000000005,525149376,False,Side.Buy,,65000.810000000005,1653898000,BTC-USDT,TimeCondition.GTC,0.001
2837957847,4194834854,0,1783610754684046686,201,order_input,benchmark,mock,InstrumentType.Spot,866585320701886655,OrderType.Limit,Direction.Long,65001.02,525150912,False,Side.Sell,,65001.02,1653898000,BTC-USDT,TimeCondition.GTC,0.001
2837957847,4194834854,0,1783610754684542830,201,order_input,benchmark,mock,InstrumentType.Spot,866585320701886656,OrderType.Limit,Direction.Long,65000.83,525152448,False,Side.Buy,,65000.83,1653898000,BTC-USDT,TimeCondition.GTC,0.001
2837957847,4194834854,0,1783610754684653149,201,order_input,benchmark,mock,InstrumentType.Spot,866585320701886657,OrderType.Limit,Direction.Long,65001.04,525153952,False,Side.Sell,,65001.04,1653898000,BTC-USDT,TimeCondition.GTC,0.001
2837957847,4194834854,0,1783610754684907537,201,order_input,benchmark,mock,InstrumentType.Spot,866585320701886658,OrderType.Limit,Direction.Long,65000.85,525155520,False,Side.Buy,,65000.85,1653898000,BTC-USDT,TimeCondition.GTC,0.001
2837957847,4194834854,0,1783610754685241788,201,order_input,benchmark,mock,InstrumentType.Spot,866585320701886659,OrderType.Limit,Direction.Long,65001.06,525157056,False,Side.Sell,,65001.06,1653898000,BTC-USDT,TimeCondition.GTC,0.001
2837957847,4194834854,0,1783610754685540000,201,order_input,benchmark,mock,InstrumentType.Spot,866585320701886660,OrderType.Limit,Direction.Long,65000.87,525158592,False,Side.Buy,,65000.87,1653898000,BTC-USDT,TimeCondition.GTC,0.001
2837957847,4194834854,0,1783610754685836823,201,order_input,benchmark,mock,InstrumentType.Spot,866585320701886661,OrderType.Limit,Direction.Long,65001.08,525160128,False,Side.Sell,,65001.08,1653898000,BTC-USDT,TimeCondition.GTC,0.001
2837957847,4194834854,0,1783610754686139752,201,order_input,benchmark,mock,InstrumentType.Spot,866585320701886662,OrderType.Limit,Direction.Long,65000.89,525161664,False,Side.Buy,,65000.89,1653898000,BTC-USDT,TimeCondition.GTC,0.001
2837957847,4194834854,0,1783610754686440710,201,order_input,benchmark,mock,InstrumentType.Spot,866585320701886663,OrderType.Limit,Direction.Long,65000.1,525163200,False,Side.Sell,,65000.1,1653898000,BTC-USDT,TimeCondition.GTC,0.001
2837957847,4194834854,0,1783610754686742806,201,order_input,benchmark,mock,InstrumentType.Spot,866585320701886664,OrderType.Limit,Direction.Long,64999.91,525164736,False,Side.Buy,,64999.91,1653898000,BTC-USDT,TimeCondition.GTC,0.001
2837957847,4194834854,0,1783610754687047870,201,order_input,benchmark,mock,InstrumentType.Spot,866585320701886665,OrderType.Limit,Direction.Long,65000.119999999995,525123040,False,Side.Sell,,65000.119999999995,1653898000,BTC-USDT,TimeCondition.GTC,0.001
2837957847,4194834854,0,1783610754687340667,201,order_input,benchmark,mock,InstrumentType.Spot,866585320701886666,OrderType.Limit,Direction.Long,64999.93,525168112,False,Side.Buy,,64999.93,1653898000,BTC-USDT,TimeCondition.GTC,0.001
2837957847,4194834854,0,1783610754687638326,201,order_input,benchmark,mock,InstrumentType.Spot,866585320701886667,OrderType.Limit,Direction.Long,65000.14,525169600,False,Side.Sell,,65000.14,1653898000,BTC-USDT,TimeCondition.GTC,0.001
2837957847,4194834854,0,1783610754687942933,201,order_input,benchmark,mock,InstrumentType.Spot,866585320701886668,OrderType.Limit,Direction.Long,64999.950000000004,525171136,False,Side.Buy,,64999.950000000004,1653898000,BTC-USDT,TimeCondition.GTC,0.001
2837957847,4194834854,0,1783610754688240629,201,order_input,benchmark,mock,InstrumentType.Spot,866585320701886669,OrderType.Limit,Direction.Long,65000.159999999996,525172672,False,Side.Sell,,65000.159999999996,1653898000,BTC-USDT,TimeCondition.GTC,0.001
2837957847,4194834854,0,1783610754688539664,201,order_input,benchmark,mock,InstrumentType.Spot,866585320701886670,OrderType.Limit,Direction.Long,64999.97,525174208,False,Side.Buy,,64999.97,1653898000,BTC-USDT,TimeCondition.GTC,0.001
2837957847,4194834854,0,1783610754688840397,201,order_input,benchmark,mock,InstrumentType.Spot,866585320701886671,OrderType.Limit,Direction.Long,65000.18,525175744,False,Side.Sell,,65000.18,1653898000,BTC-USDT,TimeCondition.GTC,0.001
2837957847,4194834854,0,1783610754689140593,201,order_input,benchmark,mock,InstrumentType.Spot,866585320701886672,OrderType.Limit,Direction.Long,64999.99,525177280,False,Side.Buy,,64999.99,1653898000,BTC-USDT,TimeCondition.GTC,0.001
2837957847,4194834854,0,1783610754689446829,201,order_input,benchmark,mock,InstrumentType.Spot,866585320701886673,OrderType.Limit,Direction.Long,65000.2,525178816,False,Side.Sell,,65000.2,1653898000,BTC-USDT,TimeCondition.GTC,0.001
2837957847,4194834854,0,1783610754689743210,201,order_input,benchmark,mock,InstrumentType.Spot,866585320701886674,OrderType.Limit,Direction.Long,65000.01,525180352,False,Side.Buy,,65000.01,1653898000,BTC-USDT,TimeCondition.GTC,0.001
2837957847,4194834854,0,1783610754690071161,201,order_input,benchmark,mock,InstrumentType.Spot,866585320701886675,OrderType.Limit,Direction.Long,65000.22,525181888,False,Side.Sell,,65000.22,1653898000,BTC-USDT,TimeCondition.GTC,0.001
2837957847,4194834854,0,1783610754690320468,201,order_input,benchmark,mock,InstrumentType.Spot,866585320701886676,OrderType.Limit,Direction.Long,65000.03,525183424,False,Side.Buy,,65000.03,1653898000,BTC-USDT,TimeCondition.GTC,0.001
2837957847,4194834854,0,1783610754690577233,201,order_input,benchmark,mock,InstrumentType.Spot,866585320701886677,OrderType.Limit,Direction.Long,65000.24,525184960,False,Side.Sell,,65000.24,1653898000,BTC-USDT,TimeCondition.GTC,0.001
2837957847,4194834854,0,1783610754690945357,201,order_input,benchmark,mock,InstrumentType.Spot,866585320701886678,OrderType.Limit,Direction.Long,65000.05,525186496,False,Side.Buy,,65000.05,1653898000,BTC-USDT,TimeCondition.GTC,0.001
2837957847,4194834854,0,1783610754691253977,201,order_input,benchmark,mock,InstrumentType.Spot,866585320701886679,OrderType.Limit,Direction.Long,65000.26,525188032,False,Side.Sell,,65000.26,1653898000,BTC-USDT,TimeCondition.GTC,0.001
2837957847,4194834854,0,1783610754691553747,201,order_input,benchmark,mock,InstrumentType.Spot,866585320701886680,OrderType.Limit,Direction.Long,65000.07,525189568,False,Side.Buy,,65000.07,1653898000,BTC-USDT,TimeCondition.GTC,0.001
2837957847,4194834854,0,1783610754691847070,201,order_input,benchmark,mock,InstrumentType.Spot,866585320701886681,OrderType.Limit,Direction.Long,65000.28,525191104,False,Side.Sell,,65000.28,1653898000,BTC-USDT,TimeCondition.GTC,0.001
2837957847,4194834854,0,1783610754692261798,201,order_input,benchmark,mock,InstrumentType.Spot,866585320701886682,OrderType.Limit,Direction.Long,65000.090000000004,525192640,False,Side.Buy,,65000.090000000004,1653898000,BTC-USDT,TimeCondition.GTC,0.001
2837957847,4194834854,0,1783610754692516453,201,order_input,benchmark,mock,InstrumentType.Spot,866585320701886683,OrderType.Limit,Direction.Long,65000.299999999996,525194176,False,Side.Sell,,65000.299999999996,1653898000,BTC-USDT,TimeCondition.GTC,0.001
2837957847,4194834854,0,1783610754692704800,201,order_input,benchmark,mock,InstrumentType.Spot,866585320701886684,OrderType.Limit,Direction.Long,65000.11,525195712,False,Side.Buy,,65000.11,1653898000,BTC-USDT,TimeCondition.GTC,0.001
2837957847,4194834854,0,1783610754692988586,201,order_input,benchmark,mock,InstrumentType.Spot,866585320701886685,OrderType.Limit,Direction.Long,65000.32,525197248,False,Side.Sell,,65000.32,1653898000,BTC-USDT,TimeCondition.GTC,0.001
2837957847,4194834854,0,1783610754693279487,201,order_input,benchmark,mock,InstrumentType.Spot,866585320701886686,OrderType.Limit,Direction.Long,65000.130000000005,525198784,False,Side.Buy,,65000.130000000005,1653898000,BTC-USDT,TimeCondition.GTC,0.001
2837957847,4194834854,0,1783610754693667828,201,order_input,benchmark,mock,InstrumentType.Spot,866585320701886687,OrderType.Limit,Direction.Long,65000.34,525200320,False,Side.Sell,,65000.34,1653898000,BTC-USDT,TimeCondition.GTC,0.001
2837957847,4194834854,0,1783610754693960163,201,order_input,benchmark,mock,InstrumentType.Spot,866585320701886688,OrderType.Limit,Direction.Long,65000.15,525201856,False,Side.Buy,,65000.15,1653898000,BTC-USDT,TimeCondition.GTC,0.001
2837957847,4194834854,0,1783610754694196916,201,order_input,benchmark,mock,InstrumentType.Spot,866585320701886689,OrderType.Limit,Direction.Long,65000.36,525203392,False,Side.Sell,,65000.36,1653898000,BTC-USDT,TimeCondition.GTC,0.001
2837957847,4194834854,0,1783610754694561830,201,order_input,benchmark,mock,InstrumentType.Spot,866585320701886690,OrderType.Limit,Direction.Long,65000.17,525204928,False,Side.Buy,,65000.17,1653898000,BTC-USDT,TimeCondition.GTC,0.001
2837957847,4194834854,0,1783610754694851331,201,order_input,benchmark,mock,InstrumentType.Spot,866585320701886691,OrderType.Limit,Direction.Long,65000.38,525206464,False,Side.Sell,,65000.38,1653898000,BTC-USDT,TimeCondition.GTC,0.001
2837957847,4194834854,0,1783610754695240665,201,order_input,benchmark,mock,InstrumentType.Spot,866585320701886692,OrderType.Limit,Direction.Long,65000.19,525208000,False,Side.Buy,,65000.19,1653898000,BTC-USDT,TimeCondition.GTC,0.001
2837957847,4194834854,0,1783610754695387459,201,order_input,benchmark,mock,InstrumentType.Spot,866585320701886693,OrderType.Limit,Direction.Long,65000.4,525209536,False,Side.Sell,,65000.4,1653898000,BTC-USDT,TimeCondition.GTC,0.001
2837957847,4194834854,0,1783610754695766593,201,order_input,benchmark,mock,InstrumentType.Spot,866585320701886694,OrderType.Limit,Direction.Long,65000.21,525211072,False,Side.Buy,,65000.21,1653898000,BTC-USDT,TimeCondition.GTC,0.001
2837957847,4194834854,0,1783610754696044011,201,order_input,benchmark,mock,InstrumentType.Spot,866585320701886695,OrderType.Limit,Direction.Long,65000.42,525212608,False,Side.Sell,,65000.42,1653898000,BTC-USDT,TimeCondition.GTC,0.001
2837957847,4194834854,0,1783610754696266440,201,order_input,benchmark,mock,InstrumentType.Spot,866585320701886696,OrderType.Limit,Direction.Long,65000.23,525214144,False,Side.Buy,,65000.23,1653898000,BTC-USDT,TimeCondition.GTC,0.001
2837957847,4194834854,0,1783610754696648914,201,order_input,benchmark,mock,InstrumentType.Spot,866585320701886697,OrderType.Limit,Direction.Long,65000.439999999995,525166272,False,Side.Sell,,65000.439999999995,1653898000,BTC-USDT,TimeCondition.GTC,0.001
2837957847,4194834854,0,1783610754696948127,201,order_input,benchmark,mock,InstrumentType.Spot,866585320701886698,OrderType.Limit,Direction.Long,65000.25,525167808,False,Side.Buy,,65000.25,1653898000,BTC-USDT,TimeCondition.GTC,0.001
2837957847,4194834854,0,1783610754697265798,201,order_input,benchmark,mock,InstrumentType.Spot,866585320701886699,OrderType.Limit,Direction.Long,65000.46,525219040,False,Side.Sell,,65000.46,1653898000,BTC-USDT,TimeCondition.GTC,0.001
2837957847,4194834854,0,1783610754697525569,201,order_input,benchmark,mock,InstrumentType.Spot,866585320701886700,OrderType.Limit,Direction.Long,65000.270000000004,525220576,False,Side.Buy,,65000.270000000004,1653898000,BTC-USDT,TimeCondition.GTC,0.001
2837957847,4194834854,0,1783610754697852220,201,order_input,benchmark,mock,InstrumentType.Spot,866585320701886701,OrderType.Limit,Direction.Long,65000.479999999996,525222112,False,Side.Sell,,65000.479999999996,1653898000,BTC-USDT,TimeCondition.GTC,0.001
2837957847,4194834854,0,1783610754698168152,201,order_input,benchmark,mock,InstrumentType.Spot,866585320701886702,OrderType.Limit,Direction.Long,65000.29,525223648,False,Side.Buy,,65000.29,1653898000,BTC-USDT,TimeCondition.GTC,0.001
2837957847,4194834854,0,1783610754698454547,201,order_input,benchmark,mock,InstrumentType.Spot,866585320701886703,OrderType.Limit,Direction.Long,65000.5,525225184,False,Side.Sell,,65000.5,1653898000,BTC-USDT,TimeCondition.GTC,0.001
2837957847,4194834854,0,1783610754698753483,201,order_input,benchmark,mock,InstrumentType.Spot,866585320701886704,OrderType.Limit,Direction.Long,65000.310000000005,525226720,False,Side.Buy,,65000.310000000005,1653898000,BTC-USDT,TimeCondition.GTC,0.001
2837957847,4194834854,0,1783610754699051937,201,order_input,benchmark,mock,InstrumentType.Spot,866585320701886705,OrderType.Limit,Direction.Long,65000.52,525228256,False,Side.Sell,,65000.52,1653898000,BTC-USDT,TimeCondition.GTC,0.001
2837957847,4194834854,0,1783610754699335422,201,order_input,benchmark,mock,InstrumentType.Spot,866585320701886706,OrderType.Limit,Direction.Long,65000.33,525229792,False,Side.Buy,,65000.33,1653898000,BTC-USDT,TimeCondition.GTC,0.001
2837957847,4194834854,0,1783610754699616393,201,order_input,benchmark,mock,InstrumentType.Spot,866585320701886707,OrderType.Limit,Direction.Long,65000.54,525231328,False,Side.Sell,,65000.54,1653898000,BTC-USDT,TimeCondition.GTC,0.001
2837957847,4194834854,0,1783610754699962886,201,order_input,benchmark,mock,InstrumentType.Spot,866585320701886708,OrderType.Limit,Direction.Long,65000.35,525232864,False,Side.Buy,,65000.35,1653898000,BTC-USDT,TimeCondition.GTC,0.001
2837957847,4194834854,0,1783610754700168688,201,order_input,benchmark,mock,InstrumentType.Spot,866585320701886709,OrderType.Limit,Direction.Long,65000.56,525234400,False,Side.Sell,,65000.56,1653898000,BTC-USDT,TimeCondition.GTC,0.001
2837957847,4194834854,0,1783610754700552219,201,order_input,benchmark,mock,InstrumentType.Spot,866585320701886710,OrderType.Limit,Direction.Long,65000.37,525235936,False,Side.Buy,,65000.37,1653898000,BTC-USDT,TimeCondition.GTC,0.001
2837957847,4194834854,0,1783610754700851251,201,order_input,benchmark,mock,InstrumentType.Spot,866585320701886711,OrderType.Limit,Direction.Long,65000.58,525237472,False,Side.Sell,,65000.58,1653898000,BTC-USDT,TimeCondition.GTC,0.001
2837957847,4194834854,0,1783610754701164084,201,order_input,benchmark,mock,InstrumentType.Spot,866585320701886712,OrderType.Limit,Direction.Long,65000.39,525239008,False,Side.Buy,,65000.39,1653898000,BTC-USDT,TimeCondition.GTC,0.001
2837957847,4194834854,0,1783610754701446871,201,order_input,benchmark,mock,InstrumentType.Spot,866585320701886713,OrderType.Limit,Direction.Long,65000.6,525240544,False,Side.Sell,,65000.6,1653898000,BTC-USDT,TimeCondition.GTC,0.001
2837957847,4194834854,0,1783610754701751474,201,order_input,benchmark,mock,InstrumentType.Spot,866585320701886714,OrderType.Limit,Direction.Long,65000.41,525242080,False,Side.Buy,,65000.41,1653898000,BTC-USDT,TimeCondition.GTC,0.001
2837957847,4194834854,0,1783610754702062616,201,order_input,benchmark,mock,InstrumentType.Spot,866585320701886715,OrderType.Limit,Direction.Long,65000.619999999995,525243616,False,Side.Sell,,65000.619999999995,1653898000,BTC-USDT,TimeCondition.GTC,0.001
2837957847,4194834854,0,1783610754702340835,201,order_input,benchmark,mock,InstrumentType.Spot,866585320701886716,OrderType.Limit,Direction.Long,65000.43,525245152,False,Side.Buy,,65000.43,1653898000,BTC-USDT,TimeCondition.GTC,0.001
2837957847,4194834854,0,1783610754702645496,201,order_input,benchmark,mock,InstrumentType.Spot,866585320701886717,OrderType.Limit,Direction.Long,65000.64,525246688,False,Side.Sell,,65000.64,1653898000,BTC-USDT,TimeCondition.GTC,0.001
2837957847,4194834854,0,1783610754702942924,201,order_input,benchmark,mock,InstrumentType.Spot,866585320701886718,OrderType.Limit,Direction.Long,65000.450000000004,525248224,False,Side.Buy,,65000.450000000004,1653898000,BTC-USDT,TimeCondition.GTC,0.001
2837957847,4194834854,0,1783610754703244919,201,order_input,benchmark,mock,InstrumentType.Spot,866585320701886719,OrderType.Limit,Direction.Long,65000.659999999996,525249760,False,Side.Sell,,65000.659999999996,1653898000,BTC-USDT,TimeCondition.GTC,0.001
2837957847,4194834854,0,1783610754703545069,201,order_input,benchmark,mock,InstrumentType.Spot,866585320701886720,OrderType.Limit,Direction.Long,65000.47,525251296,False,Side.Buy,,65000.47,1653898000,BTC-USDT,TimeCondition.GTC,0.001
2837957847,4194834854,0,1783610754703849047,201,order_input,benchmark,mock,InstrumentType.Spot,866585320701886721,OrderType.Limit,Direction.Long,65000.68,525252832,False,Side.Sell,,65000.68,1653898000,BTC-USDT,TimeCondition.GTC,0.001
2837957847,4194834854,0,1783610754704154784,201,order_input,benchmark,mock,InstrumentType.Spot,866585320701886722,OrderType.Limit,Direction.Long,65000.49,525254368,False,Side.Buy,,65000.49,1653898000,BTC-USDT,TimeCondition.GTC,0.001
2837957847,4194834854,0,1783610754704388581,201,order_input,benchmark,mock,InstrumentType.Spot,866585320701886723,OrderType.Limit,Direction.Long,65000.7,525255904,False,Side.Sell,,65000.7,1653898000,BTC-USDT,TimeCondition.GTC,0.001
2837957847,4194834854,0,1783610754704740469,201,order_input,benchmark,mock,InstrumentType.Spot,866585320701886724,OrderType.Limit,Direction.Long,65000.51,525257440,False,Side.Buy,,65000.51,1653898000,BTC-USDT,TimeCondition.GTC,0.001
2837957847,4194834854,0,1783610754705053214,201,order_input,benchmark,mock,InstrumentType.Spot,866585320701886725,OrderType.Limit,Direction.Long,65000.72,525258976,False,Side.Sell,,65000.72,1653898000,BTC-USDT,TimeCondition.GTC,0.001
2837957847,4194834854,0,1783610754705343826,201,order_input,benchmark,mock,InstrumentType.Spot,866585320701886726,OrderType.Limit,Direction.Long,65000.53,525260512,False,Side.Buy,,65000.53,1653898000,BTC-USDT,TimeCondition.GTC,0.001
2837957847,4194834854,0,1783610754705640071,201,order_input,benchmark,mock,InstrumentType.Spot,866585320701886727,OrderType.Limit,Direction.Long,65000.74,525262048,False,Side.Sell,,65000.74,1653898000,BTC-USDT,TimeCondition.GTC,0.001
2837957847,4194834854,0,1783610754705943128,201,order_input,benchmark,mock,InstrumentType.Spot,866585320701886728,OrderType.Limit,Direction.Long,65000.55,525263584,False,Side.Buy,,65000.55,1653898000,BTC-USDT,TimeCondition.GTC,0.001
2837957847,4194834854,0,1783610754706234697,201,order_input,benchmark,mock,InstrumentType.Spot,866585320701886729,OrderType.Limit,Direction.Long,65000.76,525265120,False,Side.Sell,,65000.76,1653898000,BTC-USDT,TimeCondition.GTC,0.001
2837957847,4194834854,0,1783610754706551780,201,order_input,benchmark,mock,InstrumentType.Spot,866585320701886730,OrderType.Limit,Direction.Long,65000.57,525266656,False,Side.Buy,,65000.57,1653898000,BTC-USDT,TimeCondition.GTC,0.001
2837957847,4194834854,0,1783610754706880716,201,order_input,benchmark,mock,InstrumentType.Spot,866585320701886731,OrderType.Limit,Direction.Long,65000.78,525268192,False,Side.Sell,,65000.78,1653898000,BTC-USDT,TimeCondition.GTC,0.001
2837957847,4194834854,0,1783610754707143517,201,order_input,benchmark,mock,InstrumentType.Spot,866585320701886732,OrderType.Limit,Direction.Long,65000.590000000004,525269728,False,Side.Buy,,65000.590000000004,1653898000,BTC-USDT,TimeCondition.GTC,0.001
2837957847,4194834854,0,1783610754707446009,201,order_input,benchmark,mock,InstrumentType.Spot,866585320701886733,OrderType.Limit,Direction.Long,65000.799999999996,525215680,False,Side.Sell,,65000.799999999996,1653898000,BTC-USDT,TimeCondition.GTC,0.001
2837957847,4194834854,0,1783610754707908925,201,order_input,benchmark,mock,InstrumentType.Spot,866585320701886734,OrderType.Limit,Direction.Long,65000.61,525217216,False,Side.Buy,,65000.61,1653898000,BTC-USDT,TimeCondition.GTC,0.001
2837957847,4194834854,0,1783610754708020519,201,order_input,benchmark,mock,InstrumentType.Spot,866585320701886735,OrderType.Limit,Direction.Long,65000.82,525274672,False,Side.Sell,,65000.82,1653898000,BTC-USDT,TimeCondition.GTC,0.001
2837957847,4194834854,0,1783610754708542538,201,order_input,benchmark,mock,InstrumentType.Spot,866585320701886736,OrderType.Limit,Direction.Long,65000.630000000005,525276208,False,Side.Buy,,65000.630000000005,1653898000,BTC-USDT,TimeCondition.GTC,0.001
2837957847,4194834854,0,1783610754708590941,201,order_input,benchmark,mock,InstrumentType.Spot,866585320701886737,OrderType.Limit,Direction.Long,65000.84,525277744,False,Side.Sell,,65000.84,1653898000,BTC-USDT,TimeCondition.GTC,0.001
2837957847,4194834854,0,1783610754708869589,201,order_input,benchmark,mock,InstrumentType.Spot,866585320701886738,OrderType.Limit,Direction.Long,65000.65,525279280,False,Side.Buy,,65000.65,1653898000,BTC-USDT,TimeCondition.GTC,0.001
2837957847,4194834854,0,1783610754709248197,201,order_input,benchmark,mock,InstrumentType.Spot,866585320701886739,OrderType.Limit,Direction.Long,65000.86,525280816,False,Side.Sell,,65000.86,1653898000,BTC-USDT,TimeCondition.GTC,0.001
2837957847,4194834854,0,1783610754709556688,201,order_input,benchmark,mock,InstrumentType.Spot,866585320701886740,OrderType.Limit,Direction.Long,65000.67,525282352,False,Side.Buy,,65000.67,1653898000,BTC-USDT,TimeCondition.GTC,0.001
2837957847,4194834854,0,1783610754709840918,201,order_input,benchmark,mock,InstrumentType.Spot,866585320701886741,OrderType.Limit,Direction.Long,65000.88,525283888,False,Side.Sell,,65000.88,1653898000,BTC-USDT,TimeCondition.GTC,0.001
2837957847,4194834854,0,1783610754710139078,201,order_input,benchmark,mock,InstrumentType.Spot,866585320701886742,OrderType.Limit,Direction.Long,65000.69,525285424,False,Side.Buy,,65000.69,1653898000,BTC-USDT,TimeCondition.GTC,0.001
2837957847,4194834854,0,1783610754710446351,201,order_input,benchmark,mock,InstrumentType.Spot,866585320701886743,OrderType.Limit,Direction.Long,65000.9,525286960,False,Side.Sell,,65000.9,1653898000,BTC-USDT,TimeCondition.GTC,0.001
2837957847,4194834854,0,1783610754710739586,201,order_input,benchmark,mock,InstrumentType.Spot,866585320701886744,OrderType.Limit,Direction.Long,65000.71,525288496,False,Side.Buy,,65000.71,1653898000,BTC-USDT,TimeCondition.GTC,0.001
2837957847,4194834854,0,1783610754711051182,201,order_input,benchmark,mock,InstrumentType.Spot,866585320701886745,OrderType.Limit,Direction.Long,65000.92,525290032,False,Side.Sell,,65000.92,1653898000,BTC-USDT,TimeCondition.GTC,0.001
2837957847,4194834854,0,1783610754711359370,201,order_input,benchmark,mock,InstrumentType.Spot,866585320701886746,OrderType.Limit,Direction.Long,65000.73,525291568,False,Side.Buy,,65000.73,1653898000,BTC-USDT,TimeCondition.GTC,0.001
2837957847,4194834854,0,1783610754711581149,201,order_input,benchmark,mock,InstrumentType.Spot,866585320701886747,OrderType.Limit,Direction.Long,65000.939999999995,525293104,False,Side.Sell,,65000.939999999995,1653898000,BTC-USDT,TimeCondition.GTC,0.001
2837957847,4194834854,0,1783610754711938879,201,order_input,benchmark,mock,InstrumentType.Spot,866585320701886748,OrderType.Limit,Direction.Long,65000.75,525294640,False,Side.Buy,,65000.75,1653898000,BTC-USDT,TimeCondition.GTC,0.001
2837957847,4194834854,0,1783610754712238318,201,order_input,benchmark,mock,InstrumentType.Spot,866585320701886749,OrderType.Limit,Direction.Long,65000.96,525296176,False,Side.Sell,,65000.96,1653898000,BTC-USDT,TimeCondition.GTC,0.001
2837957847,4194834854,0,1783610754712548164,201,order_input,benchmark,mock,InstrumentType.Spot,866585320701886750,OrderType.Limit,Direction.Long,65000.770000000004,525297712,False,Side.Buy,,65000.770000000004,1653898000,BTC-USDT,TimeCondition.GTC,0.001
2837957847,4194834854,0,1783610754712842472,201,order_input,benchmark,mock,InstrumentType.Spot,866585320701886751,OrderType.Limit,Direction.Long,65000.979999999996,525299248,False,Side.Sell,,65000.979999999996,1653898000,BTC-USDT,TimeCondition.GTC,0.001
2837957847,4194834854,0,1783610754713286588,201,order_input,benchmark,mock,InstrumentType.Spot,866585320701886752,OrderType.Limit,Direction.Long,65000.79,525300784,False,Side.Buy,,65000.79,1653898000,BTC-USDT,TimeCondition.GTC,0.001
2837957847,4194834854,0,1783610754713417856,201,order_input,benchmark,mock,InstrumentType.Spot,866585320701886753,OrderType.Limit,Direction.Long,65001.0,525302320,False,Side.Sell,,65001.0,1653898000,BTC-USDT,TimeCondition.GTC,0.001
2837957847,4194834854,0,1783610754713742479,201,order_input,benchmark,mock,InstrumentType.Spot,866585320701886754,OrderType.Limit,Direction.Long,65000.810000000005,525303856,False,Side.Buy,,65000.810000000005,1653898000,BTC-USDT,TimeCondition.GTC,0.001
2837957847,4194834854,0,1783610754714059319,201,order_input,benchmark,mock,InstrumentType.Spot,866585320701886755,OrderType.Limit,Direction.Long,65001.02,525305392,False,Side.Sell,,65001.02,1653898000,BTC-USDT,TimeCondition.GTC,0.001
2837957847,4194834854,0,1783610754714346427,201,order_input,benchmark,mock,InstrumentType.Spot,866585320701886756,OrderType.Limit,Direction.Long,65000.83,525306928,False,Side.Buy,,65000.83,1653898000,BTC-USDT,TimeCondition.GTC,0.001
2837957847,4194834854,0,1783610754714645581,201,order_input,benchmark,mock,InstrumentType.Spot,866585320701886757,OrderType.Limit,Direction.Long,65001.04,525308464,False,Side.Sell,,65001.04,1653898000,BTC-USDT,TimeCondition.GTC,0.001
2837957847,4194834854,0,1783610754714978103,201,order_input,benchmark,mock,InstrumentType.Spot,866585320701886758,OrderType.Limit,Direction.Long,65000.85,525310000,False,Side.Buy,,65000.85,1653898000,BTC-USDT,TimeCondition.GTC,0.001
2837957847,4194834854,0,1783610754715247691,201,order_input,benchmark,mock,InstrumentType.Spot,866585320701886759,OrderType.Limit,Direction.Long,65001.06,525311536,False,Side.Sell,,65001.06,1653898000,BTC-USDT,TimeCondition.GTC,0.001
2837957847,4194834854,0,1783610754715476929,201,order_input,benchmark,mock,InstrumentType.Spot,866585320701886760,OrderType.Limit,Direction.Long,65000.87,525313072,False,Side.Buy,,65000.87,1653898000,BTC-USDT,TimeCondition.GTC,0.001
2837957847,4194834854,0,1783610754715845393,201,order_input,benchmark,mock,InstrumentType.Spot,866585320701886761,OrderType.Limit,Direction.Long,65001.08,525314608,False,Side.Sell,,65001.08,1653898000,BTC-USDT,TimeCondition.GTC,0.001
2837957847,4194834854,0,1783610754716146738,201,order_input,benchmark,mock,InstrumentType.Spot,866585320701886762,OrderType.Limit,Direction.Long,65000.89,525316144,False,Side.Buy,,65000.89,1653898000,BTC-USDT,TimeCondition.GTC,0.001
2837957847,4194834854,0,1783610754716446744,201,order_input,benchmark,mock,InstrumentType.Spot,866585320701886763,OrderType.Limit,Direction.Long,65000.1,525317680,False,Side.Sell,,65000.1,1653898000,BTC-USDT,TimeCondition.GTC,0.001
2837957847,4194834854,0,1783610754716746270,201,order_input,benchmark,mock,InstrumentType.Spot,866585320701886764,OrderType.Limit,Direction.Long,64999.91,525319216,False,Side.Buy,,64999.91,1653898000,BTC-USDT,TimeCondition.GTC,0.001
2837957847,4194834854,0,1783610754717061773,201,order_input,benchmark,mock,InstrumentType.Spot,866585320701886765,OrderType.Limit,Direction.Long,65000.119999999995,525320752,False,Side.Sell,,65000.119999999995,1653898000,BTC-USDT,TimeCondition.GTC,0.001
2837957847,4194834854,0,1783610754717325580,201,order_input,benchmark,mock,InstrumentType.Spot,866585320701886766,OrderType.Limit,Direction.Long,64999.93,525322288,False,Side.Buy,,64999.93,1653898000,BTC-USDT,TimeCondition.GTC,0.001
2837957847,4194834854,0,1783610754717650521,201,order_input,benchmark,mock,InstrumentType.Spot,866585320701886767,OrderType.Limit,Direction.Long,65000.14,525323824,False,Side.Sell,,65000.14,1653898000,BTC-USDT,TimeCondition.GTC,0.001
2837957847,4194834854,0,1783610754717949163,201,order_input,benchmark,mock,InstrumentType.Spot,866585320701886768,OrderType.Limit,Direction.Long,64999.950000000004,525325360,False,Side.Buy,,64999.950000000004,1653898000,BTC-USDT,TimeCondition.GTC,0.001
2837957847,4194834854,0,1783610754718401233,201,order_input,benchmark,mock,InstrumentType.Spot,866585320701886769,OrderType.Limit,Direction.Long,65000.159999999996,525326896,False,Side.Sell,,65000.159999999996,1653898000,BTC-USDT,TimeCondition.GTC,0.001
2837957847,4194834854,0,1783610754718530278,201,order_input,benchmark,mock,InstrumentType.Spot,866585320701886770,OrderType.Limit,Direction.Long,64999.97,525328432,False,Side.Buy,,64999.97,1653898000,BTC-USDT,TimeCondition.GTC,0.001
2837957847,4194834854,0,1783610754718816776,201,order_input,benchmark,mock,InstrumentType.Spot,866585320701886771,OrderType.Limit,Direction.Long,65000.18,525329968,False,Side.Sell,,65000.18,1653898000,BTC-USDT,TimeCondition.GTC,0.001
2837957847,4194834854,0,1783610754719150464,201,order_input,benchmark,mock,InstrumentType.Spot,866585320701886772,OrderType.Limit,Direction.Long,64999.99,525331504,False,Side.Buy,,64999.99,1653898000,BTC-USDT,TimeCondition.GTC,0.001
2837957847,4194834854,0,1783610754719446756,201,order_input,benchmark,mock,InstrumentType.Spot,866585320701886773,OrderType.Limit,Direction.Long,65000.2,525271264,False,Side.Sell,,65000.2,1653898000,BTC-USDT,TimeCondition.GTC,0.001
2837957847,4194834854,0,1783610754719748153,201,order_input,benchmark,mock,InstrumentType.Spot,866585320701886774,OrderType.Limit,Direction.Long,65000.01,525272800,False,Side.Buy,,65000.01,1653898000,BTC-USDT,TimeCondition.GTC,0.001
2837957847,4194834854,0,1783610754720057380,201,order_input,benchmark,mock,InstrumentType.Spot,866585320701886775,OrderType.Limit,Direction.Long,65000.22,525273552,False,Side.Sell,,65000.22,1653898000,BTC-USDT,TimeCondition.GTC,0.001
2837957847,4194834854,0,1783610754720347685,201,order_input,benchmark,mock,InstrumentType.Spot,866585320701886776,OrderType.Limit,Direction.Long,65000.03,525338000,False,Side.Buy,,65000.03,1653898000,BTC-USDT,TimeCondition.GTC,0.001
2837957847,4194834854,0,1783610754720646145,201,order_input,benchmark,mock,InstrumentType.Spot,866585320701886777,OrderType.Limit,Direction.Long,65000.24,525339536,False,Side.Sell,,65000.24,1653898000,BTC-USDT,TimeCondition.GTC,0.001
2837957847,4194834854,0,1783610754720948026,201,order_input,benchmark,mock,InstrumentType.Spot,866585320701886778,OrderType.Limit,Direction.Long,65000.05,525341072,False,Side.Buy,,65000.05,1653898000,BTC-USDT,TimeCondition.GTC,0.001
2837957847,4194834854,0,1783610754721273534,201,order_input,benchmark,mock,InstrumentType.Spot,866585320701886779,OrderType.Limit,Direction.Long,65000.26,525342608,False,Side.Sell,,65000.26,1653898000,BTC-USDT,TimeCondition.GTC,0.001
2837957847,4194834854,0,1783610754721528550,201,order_input,benchmark,mock,InstrumentType.Spot,866585320701886780,OrderType.Limit,Direction.Long,65000.07,525344144,False,Side.Buy,,65000.07,1653898000,BTC-USDT,TimeCondition.GTC,0.001
2837957847,4194834854,0,1783610754721834010,201,order_input,benchmark,mock,InstrumentType.Spot,866585320701886781,OrderType.Limit,Direction.Long,65000.28,525345680,False,Side.Sell,,65000.28,1653898000,BTC-USDT,TimeCondition.GTC,0.001
2837957847,4194834854,0,1783610754722071706,201,order_input,benchmark,mock,InstrumentType.Spot,866585320701886782,OrderType.Limit,Direction.Long,65000.090000000004,525347216,False,Side.Buy,,65000.090000000004,1653898000,BTC-USDT,TimeCondition.GTC,0.001
2837957847,4194834854,0,1783610754722443702,201,order_input,benchmark,mock,InstrumentType.Spot,866585320701886783,OrderType.Limit,Direction.Long,65000.299999999996,525348752,False,Side.Sell,,65000.299999999996,1653898000,BTC-USDT,TimeCondition.GTC,0.001
2837957847,4194834854,0,1783610754722738947,201,order_input,benchmark,mock,InstrumentType.Spot,866585320701886784,OrderType.Limit,Direction.Long,65000.11,525350288,False,Side.Buy,,65000.11,1653898000,BTC-USDT,TimeCondition.GTC,0.001
2837957847,4194834854,0,1783610754723054124,201,order_input,benchmark,mock,InstrumentType.Spot,866585320701886785,OrderType.Limit,Direction.Long,65000.32,525351824,False,Side.Sell,,65000.32,1653898000,BTC-USDT,TimeCondition.GTC,0.001
2837957847,4194834854,0,1783610754723345395,201,order_input,benchmark,mock,InstrumentType.Spot,866585320701886786,OrderType.Limit,Direction.Long,65000.130000000005,525353360,False,Side.Buy,,65000.130000000005,1653898000,BTC-USDT,TimeCondition.GTC,0.001
2837957847,4194834854,0,1783610754723644327,201,order_input,benchmark,mock,InstrumentType.Spot,866585320701886787,OrderType.Limit,Direction.Long,65000.34,525354896,False,Side.Sell,,65000.34,1653898000,BTC-USDT,TimeCondition.GTC,0.001
2837957847,4194834854,0,1783610754723954808,201,order_input,benchmark,mock,InstrumentType.Spot,866585320701886788,OrderType.Limit,Direction.Long,65000.15,525356432,False,Side.Buy,,65000.15,1653898000,BTC-USDT,TimeCondition.GTC,0.001
2837957847,4194834854,0,1783610754724241121,201,order_input,benchmark,mock,InstrumentType.Spot,866585320701886789,OrderType.Limit,Direction.Long,65000.36,525357968,False,Side.Sell,,65000.36,1653898000,BTC-USDT,TimeCondition.GTC,0.001
2837957847,4194834854,0,1783610754724538367,201,order_input,benchmark,mock,InstrumentType.Spot,866585320701886790,OrderType.Limit,Direction.Long,65000.17,525359504,False,Side.Buy,,65000.17,1653898000,BTC-USDT,TimeCondition.GTC,0.001
2837957847,4194834854,0,1783610754724843946,201,order_input,benchmark,mock,InstrumentType.Spot,866585320701886791,OrderType.Limit,Direction.Long,65000.38,525361040,False,Side.Sell,,65000.38,1653898000,BTC-USDT,TimeCondition.GTC,0.001
2837957847,4194834854,0,1783610754725074488,201,order_input,benchmark,mock,InstrumentType.Spot,866585320701886792,OrderType.Limit,Direction.Long,65000.19,525362576,False,Side.Buy,,65000.19,1653898000,BTC-USDT,TimeCondition.GTC,0.001
2837957847,4194834854,0,1783610754725462047,201,order_input,benchmark,mock,InstrumentType.Spot,866585320701886793,OrderType.Limit,Direction.Long,65000.4,525364112,False,Side.Sell,,65000.4,1653898000,BTC-USDT,TimeCondition.GTC,0.001
2837957847,4194834854,0,1783610754725699945,201,order_input,benchmark,mock,InstrumentType.Spot,866585320701886794,OrderType.Limit,Direction.Long,65000.21,525365648,False,Side.Buy,,65000.21,1653898000,BTC-USDT,TimeCondition.GTC,0.001
2837957847,4194834854,0,1783610754726055743,201,order_input,benchmark,mock,InstrumentType.Spot,866585320701886795,OrderType.Limit,Direction.Long,65000.42,525367184,False,Side.Sell,,65000.42,1653898000,BTC-USDT,TimeCondition.GTC,0.001
2837957847,4194834854,0,1783610754726345549,201,order_input,benchmark,mock,InstrumentType.Spot,866585320701886796,OrderType.Limit,Direction.Long,65000.23,525368720,False,Side.Buy,,65000.23,1653898000,BTC-USDT,TimeCondition.GTC,0.001
2837957847,4194834854,0,1783610754726655275,201,order_input,benchmark,mock,InstrumentType.Spot,866585320701886797,OrderType.Limit,Direction.Long,65000.439999999995,525370256,False,Side.Sell,,65000.439999999995,1653898000,BTC-USDT,TimeCondition.GTC,0.001
2837957847,4194834854,0,1783610754726944844,201,order_input,benchmark,mock,InstrumentType.Spot,866585320701886798,OrderType.Limit,Direction.Long,65000.25,525371792,False,Side.Buy,,65000.25,1653898000,BTC-USDT,TimeCondition.GTC,0.001
2837957847,4194834854,0,1783610754727241186,201,order_input,benchmark,mock,InstrumentType.Spot,866585320701886799,OrderType.Limit,Direction.Long,65000.46,525373328,False,Side.Sell,,65000.46,1653898000,BTC-USDT,TimeCondition.GTC,0.001
2837957847,4194834854,0,1783610754727536263,201,order_input,benchmark,mock,InstrumentType.Spot,866585320701886800,OrderType.Limit,Direction.Long,65000.270000000004,525374864,False,Side.Buy,,65000.270000000004,1653898000,BTC-USDT,TimeCondition.GTC,0.001
2837957847,4194834854,0,1783610754727837247,201,order_input,benchmark,mock,InstrumentType.Spot,866585320701886801,OrderType.Limit,Direction.Long,65000.479999999996,525376400,False,Side.Sell,,65000.479999999996,1653898000,BTC-USDT,TimeCondition.GTC,0.001
2837957847,4194834854,0,1783610754728141282,201,order_input,benchmark,mock,InstrumentType.Spot,866585320701886802,OrderType.Limit,Direction.Long,65000.29,525377936,False,Side.Buy,,65000.29,1653898000,BTC-USDT,TimeCondition.GTC,0.001
2837957847,4194834854,0,1783610754728439430,201,order_input,benchmark,mock,InstrumentType.Spot,866585320701886803,OrderType.Limit,Direction.Long,65000.5,525379472,False,Side.Sell,,65000.5,1653898000,BTC-USDT,TimeCondition.GTC,0.001
2837957847,4194834854,0,1783610754728748994,201,order_input,benchmark,mock,InstrumentType.Spot,866585320701886804,OrderType.Limit,Direction.Long,65000.310000000005,525381008,False,Side.Buy,,65000.310000000005,1653898000,BTC-USDT,TimeCondition.GTC,0.001
2837957847,4194834854,0,1783610754729020857,201,order_input,benchmark,mock,InstrumentType.Spot,866585320701886805,OrderType.Limit,Direction.Long,65000.52,525382544,False,Side.Sell,,65000.52,1653898000,BTC-USDT,TimeCondition.GTC,0.001
2837957847,4194834854,0,1783610754729338813,201,order_input,benchmark,mock,InstrumentType.Spot,866585320701886806,OrderType.Limit,Direction.Long,65000.33,525384080,False,Side.Buy,,65000.33,1653898000,BTC-USDT,TimeCondition.GTC,0.001
2837957847,4194834854,0,1783610754729645130,201,order_input,benchmark,mock,InstrumentType.Spot,866585320701886807,OrderType.Limit,Direction.Long,65000.54,525385616,False,Side.Sell,,65000.54,1653898000,BTC-USDT,TimeCondition.GTC,0.001
2837957847,4194834854,0,1783610754729932429,201,order_input,benchmark,mock,InstrumentType.Spot,866585320701886808,OrderType.Limit,Direction.Long,65000.35,525387152,False,Side.Buy,,65000.35,1653898000,BTC-USDT,TimeCondition.GTC,0.001
2837957847,4194834854,0,1783610754730233084,201,order_input,benchmark,mock,InstrumentType.Spot,866585320701886809,OrderType.Limit,Direction.Long,65000.56,525388688,False,Side.Sell,,65000.56,1653898000,BTC-USDT,TimeCondition.GTC,0.001
2837957847,4194834854,0,1783610754730534563,201,order_input,benchmark,mock,InstrumentType.Spot,866585320701886810,OrderType.Limit,Direction.Long,65000.37,525390224,False,Side.Buy,,65000.37,1653898000,BTC-USDT,TimeCondition.GTC,0.001
2837957847,4194834854,0,1783610754730831617,201,order_input,benchmark,mock,InstrumentType.Spot,866585320701886811,OrderType.Limit,Direction.Long,65000.58,525391760,False,Side.Sell,,65000.58,1653898000,BTC-USDT,TimeCondition.GTC,0.001
2837957847,4194834854,0,1783610754731131698,201,order_input,benchmark,mock,InstrumentType.Spot,866585320701886812,OrderType.Limit,Direction.Long,65000.39,525393296,False,Side.Buy,,65000.39,1653898000,BTC-USDT,TimeCondition.GTC,0.001
2837957847,4194834854,0,1783610754731434020,201,order_input,benchmark,mock,InstrumentType.Spot,866585320701886813,OrderType.Limit,Direction.Long,65000.6,525394832,False,Side.Sell,,65000.6,1653898000,BTC-USDT,TimeCondition.GTC,0.001
2837957847,4194834854,0,1783610754731734897,201,order_input,benchmark,mock,InstrumentType.Spot,866585320701886814,OrderType.Limit,Direction.Long,65000.41,525396368,False,Side.Buy,,65000.41,1653898000,BTC-USDT,TimeCondition.GTC,0.001
2837957847,4194834854,0,1783610754732048655,201,order_input,benchmark,mock,InstrumentType.Spot,866585320701886815,OrderType.Limit,Direction.Long,65000.619999999995,525397904,False,Side.Sell,,65000.619999999995,1653898000,BTC-USDT,TimeCondition.GTC,0.001
2837957847,4194834854,0,1783610754732358046,201,order_input,benchmark,mock,InstrumentType.Spot,866585320701886816,OrderType.Limit,Direction.Long,65000.43,525399440,False,Side.Buy,,65000.43,1653898000,BTC-USDT,TimeCondition.GTC,0.001
2837957847,4194834854,0,1783610754732581347,201,order_input,benchmark,mock,InstrumentType.Spot,866585320701886817,OrderType.Limit,Direction.Long,65000.64,525333040,False,Side.Sell,,65000.64,1653898000,BTC-USDT,TimeCondition.GTC,0.001
2837957847,4194834854,0,1783610754732940269,201,order_input,benchmark,mock,InstrumentType.Spot,866585320701886818,OrderType.Limit,Direction.Long,65000.450000000004,525334576,False,Side.Buy,,65000.450000000004,1653898000,BTC-USDT,TimeCondition.GTC,0.001
2837957847,4194834854,0,1783610754733237666,201,order_input,benchmark,mock,InstrumentType.Spot,866585320701886819,OrderType.Limit,Direction.Long,65000.659999999996,525404448,False,Side.Sell,,65000.659999999996,1653898000,BTC-USDT,TimeCondition.GTC,0.001
2837957847,4194834854,0,1783610754733539243,201,order_input,benchmark,mock,InstrumentType.Spot,866585320701886820,OrderType.Limit,Direction.Long,65000.47,525405984,False,Side.Buy,,65000.47,1653898000,BTC-USDT,TimeCondition.GTC,0.001
2837957847,4194834854,0,1783610754733837472,201,order_input,benchmark,mock,InstrumentType.Spot,866585320701886821,OrderType.Limit,Direction.Long,65000.68,525407520,False,Side.Sell,,65000.68,1653898000,BTC-USDT,TimeCondition.GTC,0.001
2837957847,4194834854,0,1783610754734140911,201,order_input,benchmark,mock,InstrumentType.Spot,866585320701886822,OrderType.Limit,Direction.Long,65000.49,525409056,False,Side.Buy,,65000.49,1653898000,BTC-USDT,TimeCondition.GTC,0.001
2837957847,4194834854,0,1783610754734440248,201,order_input,benchmark,mock,InstrumentType.Spot,866585320701886823,OrderType.Limit,Direction.Long,65000.7,525410592,False,Side.Sell,,65000.7,1653898000,BTC-USDT,TimeCondition.GTC,0.001
2837957847,4194834854,0,1783610754734740182,201,order_input,benchmark,mock,InstrumentType.Spot,866585320701886824,OrderType.Limit,Direction.Long,65000.51,525412128,False,Side.Buy,,65000.51,1653898000,BTC-USDT,TimeCondition.GTC,0.001
2837957847,4194834854,0,1783610754735051308,201,order_input,benchmark,mock,InstrumentType.Spot,866585320701886825,OrderType.Limit,Direction.Long,65000.72,525413664,False,Side.Sell,,65000.72,1653898000,BTC-USDT,TimeCondition.GTC,0.001
2837957847,4194834854,0,1783610754735346366,201,order_input,benchmark,mock,InstrumentType.Spot,866585320701886826,OrderType.Limit,Direction.Long,65000.53,525415200,False,Side.Buy,,65000.53,1653898000,BTC-USDT,TimeCondition.GTC,0.001
2837957847,4194834854,0,1783610754735640134,201,order_input,benchmark,mock,InstrumentType.Spot,866585320701886827,OrderType.Limit,Direction.Long,65000.74,525416736,False,Side.Sell,,65000.74,1653898000,BTC-USDT,TimeCondition.GTC,0.001
2837957847,4194834854,0,1783610754735939259,201,order_input,benchmark,mock,InstrumentType.Spot,866585320701886828,OrderType.Limit,Direction.Long,65000.55,525418272,False,Side.Buy,,65000.55,1653898000,BTC-USDT,TimeCondition.GTC,0.001
2837957847,4194834854,0,1783610754736239131,201,order_input,benchmark,mock,InstrumentType.Spot,866585320701886829,OrderType.Limit,Direction.Long,65000.76,525419808,False,Side.Sell,,65000.76,1653898000,BTC-USDT,TimeCondition.GTC,0.001
2837957847,4194834854,0,1783610754736539455,201,order_input,benchmark,mock,InstrumentType.Spot,866585320701886830,OrderType.Limit,Direction.Long,65000.57,525421344,False,Side.Buy,,65000.57,1653898000,BTC-USDT,TimeCondition.GTC,0.001
2837957847,4194834854,0,1783610754736839992,201,order_input,benchmark,mock,InstrumentType.Spot,866585320701886831,OrderType.Limit,Direction.Long,65000.78,525422880,False,Side.Sell,,65000.78,1653898000,BTC-USDT,TimeCondition.GTC,0.001
2837957847,4194834854,0,1783610754737199145,201,order_input,benchmark,mock,InstrumentType.Spot,866585320701886832,OrderType.Limit,Direction.Long,65000.590000000004,525424416,False,Side.Buy,,65000.590000000004,1653898000,BTC-USDT,TimeCondition.GTC,0.001
2837957847,4194834854,0,1783610754737419945,201,order_input,benchmark,mock,InstrumentType.Spot,866585320701886833,OrderType.Limit,Direction.Long,65000.799999999996,525425952,False,Side.Sell,,65000.799999999996,1653898000,BTC-USDT,TimeCondition.GTC,0.001
2837957847,4194834854,0,1783610754737738271,201,order_input,benchmark,mock,InstrumentType.Spot,866585320701886834,OrderType.Limit,Direction.Long,65000.61,525427488,False,Side.Buy,,65000.61,1653898000,BTC-USDT,TimeCondition.GTC,0.001
2837957847,4194834854,0,1783610754738059801,201,order_input,benchmark,mock,InstrumentType.Spot,866585320701886835,OrderType.Limit,Direction.Long,65000.82,525429024,False,Side.Sell,,65000.82,1653898000,BTC-USDT,TimeCondition.GTC,0.001
2837957847,4194834854,0,1783610754738281986,201,order_input,benchmark,mock,InstrumentType.Spot,866585320701886836,OrderType.Limit,Direction.Long,65000.630000000005,525430560,False,Side.Buy,,65000.630000000005,1653898000,BTC-USDT,TimeCondition.GTC,0.001
2837957847,4194834854,0,1783610754738635631,201,order_input,benchmark,mock,InstrumentType.Spot,866585320701886837,OrderType.Limit,Direction.Long,65000.84,525432096,False,Side.Sell,,65000.84,1653898000,BTC-USDT,TimeCondition.GTC,0.001
2837957847,4194834854,0,1783610754738938332,201,order_input,benchmark,mock,InstrumentType.Spot,866585320701886838,OrderType.Limit,Direction.Long,65000.65,525433632,False,Side.Buy,,65000.65,1653898000,BTC-USDT,TimeCondition.GTC,0.001
2837957847,4194834854,0,1783610754739240192,201,order_input,benchmark,mock,InstrumentType.Spot,866585320701886839,OrderType.Limit,Direction.Long,65000.86,525435168,False,Side.Sell,,65000.86,1653898000,BTC-USDT,TimeCondition.GTC,0.001
2837957847,4194834854,0,1783610754739555216,201,order_input,benchmark,mock,InstrumentType.Spot,866585320701886840,OrderType.Limit,Direction.Long,65000.67,525436704,False,Side.Buy,,65000.67,1653898000,BTC-USDT,TimeCondition.GTC,0.001
2837957847,4194834854,0,1783610754739795219,201,order_input,benchmark,mock,InstrumentType.Spot,866585320701886841,OrderType.Limit,Direction.Long,65000.88,525438240,False,Side.Sell,,65000.88,1653898000,BTC-USDT,TimeCondition.GTC,0.001
2837957847,4194834854,0,1783610754740166917,201,order_input,benchmark,mock,InstrumentType.Spot,866585320701886842,OrderType.Limit,Direction.Long,65000.69,525439776,False,Side.Buy,,65000.69,1653898000,BTC-USDT,TimeCondition.GTC,0.001
2837957847,4194834854,0,1783610754740642838,201,order_input,benchmark,mock,InstrumentType.Spot,866585320701886843,OrderType.Limit,Direction.Long,65000.9,525441312,False,Side.Sell,,65000.9,1653898000,BTC-USDT,TimeCondition.GTC,0.001
2837957847,4194834854,0,1783610754740715013,201,order_input,benchmark,mock,InstrumentType.Spot,866585320701886844,OrderType.Limit,Direction.Long,65000.71,525442816,False,Side.Buy,,65000.71,1653898000,BTC-USDT,TimeCondition.GTC,0.001
2837957847,4194834854,0,1783610754741206058,201,order_input,benchmark,mock,InstrumentType.Spot,866585320701886845,OrderType.Limit,Direction.Long,65000.92,525444384,False,Side.Sell,,65000.92,1653898000,BTC-USDT,TimeCondition.GTC,0.001
2837957847,4194834854,0,1783610754741486353,201,order_input,benchmark,mock,InstrumentType.Spot,866585320701886846,OrderType.Limit,Direction.Long,65000.73,525445920,False,Side.Buy,,65000.73,1653898000,BTC-USDT,TimeCondition.GTC,0.001
2837957847,4194834854,0,1783610754741647724,201,order_input,benchmark,mock,InstrumentType.Spot,866585320701886847,OrderType.Limit,Direction.Long,65000.939999999995,525447456,False,Side.Sell,,65000.939999999995,1653898000,BTC-USDT,TimeCondition.GTC,0.001
2837957847,4194834854,0,1783610754741866512,201,order_input,benchmark,mock,InstrumentType.Spot,866585320701886848,OrderType.Limit,Direction.Long,65000.75,525448992,False,Side.Buy,,65000.75,1653898000,BTC-USDT,TimeCondition.GTC,0.001
2837957847,4194834854,0,1783610754742236418,201,order_input,benchmark,mock,InstrumentType.Spot,866585320701886849,OrderType.Limit,Direction.Long,65000.96,525450528,False,Side.Sell,,65000.96,1653898000,BTC-USDT,TimeCondition.GTC,0.001
2837957847,4194834854,0,1783610754742534067,201,order_input,benchmark,mock,InstrumentType.Spot,866585320701886850,OrderType.Limit,Direction.Long,65000.770000000004,525452064,False,Side.Buy,,65000.770000000004,1653898000,BTC-USDT,TimeCondition.GTC,0.001
2837957847,4194834854,0,1783610754742832969,201,order_input,benchmark,mock,InstrumentType.Spot,866585320701886851,OrderType.Limit,Direction.Long,65000.979999999996,525453600,False,Side.Sell,,65000.979999999996,1653898000,BTC-USDT,TimeCondition.GTC,0.001
2837957847,4194834854,0,1783610754743134240,201,order_input,benchmark,mock,InstrumentType.Spot,866585320701886852,OrderType.Limit,Direction.Long,65000.79,525455136,False,Side.Buy,,65000.79,1653898000,BTC-USDT,TimeCondition.GTC,0.001
2837957847,4194834854,0,1783610754743432890,201,order_input,benchmark,mock,InstrumentType.Spot,866585320701886853,OrderType.Limit,Direction.Long,65001.0,525456672,False,Side.Sell,,65001.0,1653898000,BTC-USDT,TimeCondition.GTC,0.001
2837957847,4194834854,0,1783610754743729458,201,order_input,benchmark,mock,InstrumentType.Spot,866585320701886854,OrderType.Limit,Direction.Long,65000.810000000005,525458208,False,Side.Buy,,65000.810000000005,1653898000,BTC-USDT,TimeCondition.GTC,0.001
2837957847,4194834854,0,1783610754744049555,201,order_input,benchmark,mock,InstrumentType.Spot,866585320701886855,OrderType.Limit,Direction.Long,65001.02,525459744,False,Side.Sell,,65001.02,1653898000,BTC-USDT,TimeCondition.GTC,0.001
2837957847,4194834854,0,1783610754744335739,201,order_input,benchmark,mock,InstrumentType.Spot,866585320701886856,OrderType.Limit,Direction.Long,65000.83,525461280,False,Side.Buy,,65000.83,1653898000,BTC-USDT,TimeCondition.GTC,0.001
2837957847,4194834854,0,1783610754744632948,201,order_input,benchmark,mock,InstrumentType.Spot,866585320701886857,OrderType.Limit,Direction.Long,65001.04,525462816,False,Side.Sell,,65001.04,1653898000,BTC-USDT,TimeCondition.GTC,0.001
2837957847,4194834854,0,1783610754744933698,201,order_input,benchmark,mock,InstrumentType.Spot,866585320701886858,OrderType.Limit,Direction.Long,65000.85,525464352,False,Side.Buy,,65000.85,1653898000,BTC-USDT,TimeCondition.GTC,0.001
2837957847,4194834854,0,1783610754745231813,201,order_input,benchmark,mock,InstrumentType.Spot,866585320701886859,OrderType.Limit,Direction.Long,65001.06,525465888,False,Side.Sell,,65001.06,1653898000,BTC-USDT,TimeCondition.GTC,0.001
2837957847,4194834854,0,1783610754745532150,201,order_input,benchmark,mock,InstrumentType.Spot,866585320701886860,OrderType.Limit,Direction.Long,65000.87,525467424,False,Side.Buy,,65000.87,1653898000,BTC-USDT,TimeCondition.GTC,0.001
2837957847,4194834854,0,1783610754745831238,201,order_input,benchmark,mock,InstrumentType.Spot,866585320701886861,OrderType.Limit,Direction.Long,65001.08,525468960,False,Side.Sell,,65001.08,1653898000,BTC-USDT,TimeCondition.GTC,0.001
2837957847,4194834854,0,1783610754746141324,201,order_input,benchmark,mock,InstrumentType.Spot,866585320701886862,OrderType.Limit,Direction.Long,65000.89,525470496,False,Side.Buy,,65000.89,1653898000,BTC-USDT,TimeCondition.GTC,0.001
2837957847,4194834854,0,1783610754746444690,201,order_input,benchmark,mock,InstrumentType.Spot,866585320701886863,OrderType.Limit,Direction.Long,65000.1,525472032,False,Side.Sell,,65000.1,1653898000,BTC-USDT,TimeCondition.GTC,0.001
2837957847,4194834854,0,1783610754746797794,201,order_input,benchmark,mock,InstrumentType.Spot,866585320701886864,OrderType.Limit,Direction.Long,64999.91,525473568,False,Side.Buy,,64999.91,1653898000,BTC-USDT,TimeCondition.GTC,0.001
2837957847,4194834854,0,1783610754747046608,201,order_input,benchmark,mock,InstrumentType.Spot,866585320701886865,OrderType.Limit,Direction.Long,65000.119999999995,525400976,False,Side.Sell,,65000.119999999995,1653898000,BTC-USDT,TimeCondition.GTC,0.001
2837957847,4194834854,0,1783610754747291737,201,order_input,benchmark,mock,InstrumentType.Spot,866585320701886866,OrderType.Limit,Direction.Long,64999.93,525402512,False,Side.Buy,,64999.93,1653898000,BTC-USDT,TimeCondition.GTC,0.001
2837957847,4194834854,0,1783610754747630353,201,order_input,benchmark,mock,InstrumentType.Spot,866585320701886867,OrderType.Limit,Direction.Long,65000.14,525478736,False,Side.Sell,,65000.14,1653898000,BTC-USDT,TimeCondition.GTC,0.001
2837957847,4194834854,0,1783610754747939895,201,order_input,benchmark,mock,InstrumentType.Spot,866585320701886868,OrderType.Limit,Direction.Long,64999.950000000004,525480160,False,Side.Buy,,64999.950000000004,1653898000,BTC-USDT,TimeCondition.GTC,0.001
2837957847,4194834854,0,1783610754748242744,201,order_input,benchmark,mock,InstrumentType.Spot,866585320701886869,OrderType.Limit,Direction.Long,65000.159999999996,525481696,False,Side.Sell,,65000.159999999996,1653898000,BTC-USDT,TimeCondition.GTC,0.001
2837957847,4194834854,0,1783610754748561899,201,order_input,benchmark,mock,InstrumentType.Spot,866585320701886870,OrderType.Limit,Direction.Long,64999.97,525483232,False,Side.Buy,,64999.97,1653898000,BTC-USDT,TimeCondition.GTC,0.001
2837957847,4194834854,0,1783610754748930498,201,order_input,benchmark,mock,InstrumentType.Spot,866585320701886871,OrderType.Limit,Direction.Long,65000.18,525484768,False,Side.Sell,,65000.18,1653898000,BTC-USDT,TimeCondition.GTC,0.001
2837957847,4194834854,0,1783610754749158648,201,order_input,benchmark,mock,InstrumentType.Spot,866585320701886872,OrderType.Limit,Direction.Long,64999.99,525486304,False,Side.Buy,,64999.99,1653898000,BTC-USDT,TimeCondition.GTC,0.001
2837957847,4194834854,0,1783610754749401996,201,order_input,benchmark,mock,InstrumentType.Spot,866585320701886873,OrderType.Limit,Direction.Long,65000.2,525487840,False,Side.Sell,,65000.2,1653898000,BTC-USDT,TimeCondition.GTC,0.001
2837957847,4194834854,0,1783610754749791792,201,order_input,benchmark,mock,InstrumentType.Spot,866585320701886874,OrderType.Limit,Direction.Long,65000.01,525489376,False,Side.Buy,,65000.01,1653898000,BTC-USDT,TimeCondition.GTC,0.001
2837957847,4194834854,0,1783610754750056517,201,order_input,benchmark,mock,InstrumentType.Spot,866585320701886875,OrderType.Limit,Direction.Long,65000.22,525490912,False,Side.Sell,,65000.22,1653898000,BTC-USDT,TimeCondition.GTC,0.001
2837957847,4194834854,0,1783610754750350062,201,order_input,benchmark,mock,InstrumentType.Spot,866585320701886876,OrderType.Limit,Direction.Long,65000.03,525492448,False,Side.Buy,,65000.03,1653898000,BTC-USDT,TimeCondition.GTC,0.001
2837957847,4194834854,0,1783610754750587777,201,order_input,benchmark,mock,InstrumentType.Spot,866585320701886877,OrderType.Limit,Direction.Long,65000.24,525493984,False,Side.Sell,,65000.24,1653898000,BTC-USDT,TimeCondition.GTC,0.001
2837957847,4194834854,0,1783610754751024858,201,order_input,benchmark,mock,InstrumentType.Spot,866585320701886878,OrderType.Limit,Direction.Long,65000.05,525495520,False,Side.Buy,,65000.05,1653898000,BTC-USDT,TimeCondition.GTC,0.001
2837957847,4194834854,0,1783610754751304200,201,order_input,benchmark,mock,InstrumentType.Spot,866585320701886879,OrderType.Limit,Direction.Long,65000.26,525497056,False,Side.Sell,,65000.26,1653898000,BTC-USDT,TimeCondition.GTC,0.001
2837957847,4194834854,0,1783610754751642552,201,order_input,benchmark,mock,InstrumentType.Spot,866585320701886880,OrderType.Limit,Direction.Long,65000.07,525498592,False,Side.Buy,,65000.07,1653898000,BTC-USDT,TimeCondition.GTC,0.001
2837957847,4194834854,0,1783610754751807835,201,order_input,benchmark,mock,InstrumentType.Spot,866585320701886881,OrderType.Limit,Direction.Long,65000.28,525500128,False,Side.Sell,,65000.28,1653898000,BTC-USDT,TimeCondition.GTC,0.001
2837957847,4194834854,0,1783610754752162101,201,order_input,benchmark,mock,InstrumentType.Spot,866585320701886882,OrderType.Limit,Direction.Long,65000.090000000004,525501664,False,Side.Buy,,65000.090000000004,1653898000,BTC-USDT,TimeCondition.GTC,0.001
2837957847,4194834854,0,1783610754752409837,201,order_input,benchmark,mock,InstrumentType.Spot,866585320701886883,OrderType.Limit,Direction.Long,65000.299999999996,525503200,False,Side.Sell,,65000.299999999996,1653898000,BTC-USDT,TimeCondition.GTC,0.001
2837957847,4194834854,0,1783610754752797124,201,order_input,benchmark,mock,InstrumentType.Spot,866585320701886884,OrderType.Limit,Direction.Long,65000.11,525504736,False,Side.Buy,,65000.11,1653898000,BTC-USDT,TimeCondition.GTC,0.001
2837957847,4194834854,0,1783610754753053852,201,order_input,benchmark,mock,InstrumentType.Spot,866585320701886885,OrderType.Limit,Direction.Long,65000.32,525506272,False,Side.Sell,,65000.32,1653898000,BTC-USDT,TimeCondition.GTC,0.001
2837957847,4194834854,0,1783610754753267387,201,order_input,benchmark,mock,InstrumentType.Spot,866585320701886886,OrderType.Limit,Direction.Long,65000.130000000005,525507808,False,Side.Buy,,65000.130000000005,1653898000,BTC-USDT,TimeCondition.GTC,0.001
2837957847,4194834854,0,1783610754753631589,201,order_input,benchmark,mock,InstrumentType.Spot,866585320701886887,OrderType.Limit,Direction.Long,65000.34,525509344,False,Side.Sell,,65000.34,1653898000,BTC-USDT,TimeCondition.GTC,0.001
2837957847,4194834854,0,1783610754753980055,201,order_input,benchmark,mock,InstrumentType.Spot,866585320701886888,OrderType.Limit,Direction.Long,65000.15,525510880,False,Side.Buy,,65000.15,1653898000,BTC-USDT,TimeCondition.GTC,0.001
2837957847,4194834854,0,1783610754754286199,201,order_input,benchmark,mock,InstrumentType.Spot,866585320701886889,OrderType.Limit,Direction.Long,65000.36,525512416,False,Side.Sell,,65000.36,1653898000,BTC-USDT,TimeCondition.GTC,0.001
2837957847,4194834854,0,1783610754754503257,201,order_input,benchmark,mock,InstrumentType.Spot,866585320701886890,OrderType.Limit,Direction.Long,65000.17,525513952,False,Side.Buy,,65000.17,1653898000,BTC-USDT,TimeCondition.GTC,0.001
2837957847,4194834854,0,1783610754754881819,201,order_input,benchmark,mock,InstrumentType.Spot,866585320701886891,OrderType.Limit,Direction.Long,65000.38,525515488,False,Side.Sell,,65000.38,1653898000,BTC-USDT,TimeCondition.GTC,0.001
2837957847,4194834854,0,1783610754755187110,201,order_input,benchmark,mock,InstrumentType.Spot,866585320701886892,OrderType.Limit,Direction.Long,65000.19,525517024,False,Side.Buy,,65000.19,1653898000,BTC-USDT,TimeCondition.GTC,0.001
2837957847,4194834854,0,1783610754755420826,201,order_input,benchmark,mock,InstrumentType.Spot,866585320701886893,OrderType.Limit,Direction.Long,65000.4,525518560,False,Side.Sell,,65000.4,1653898000,BTC-USDT,TimeCondition.GTC,0.001
2837957847,4194834854,0,1783610754755781214,201,order_input,benchmark,mock,InstrumentType.Spot,866585320701886894,OrderType.Limit,Direction.Long,65000.21,525520096,False,Side.Buy,,65000.21,1653898000,BTC-USDT,TimeCondition.GTC,0.001
2837957847,4194834854,0,1783610754756089725,201,order_input,benchmark,mock,InstrumentType.Spot,866585320701886895,OrderType.Limit,Direction.Long,65000.42,525521632,False,Side.Sell,,65000.42,1653898000,BTC-USDT,TimeCondition.GTC,0.001
2837957847,4194834854,0,1783610754756301708,201,order_input,benchmark,mock,InstrumentType.Spot,866585320701886896,OrderType.Limit,Direction.Long,65000.23,525523168,False,Side.Buy,,65000.23,1653898000,BTC-USDT,TimeCondition.GTC,0.001
2837957847,4194834854,0,1783610754756681008,201,order_input,benchmark,mock,InstrumentType.Spot,866585320701886897,OrderType.Limit,Direction.Long,65000.439999999995,525524704,False,Side.Sell,,65000.439999999995,1653898000,BTC-USDT,TimeCondition.GTC,0.001
2837957847,4194834854,0,1783610754756945782,201,order_input,benchmark,mock,InstrumentType.Spot,866585320701886898,OrderType.Limit,Direction.Long,65000.25,525526240,False,Side.Buy,,65000.25,1653898000,BTC-USDT,TimeCondition.GTC,0.001
2837957847,4194834854,0,1783610754757230598,201,order_input,benchmark,mock,InstrumentType.Spot,866585320701886899,OrderType.Limit,Direction.Long,65000.46,525527776,False,Side.Sell,,65000.46,1653898000,BTC-USDT,TimeCondition.GTC,0.001
2837957847,4194834854,0,1783610754757505678,201,order_input,benchmark,mock,InstrumentType.Spot,866585320701886900,OrderType.Limit,Direction.Long,65000.270000000004,525529312,False,Side.Buy,,65000.270000000004,1653898000,BTC-USDT,TimeCondition.GTC,0.001
2837957847,4194834854,0,1783610754757878727,201,order_input,benchmark,mock,InstrumentType.Spot,866585320701886901,OrderType.Limit,Direction.Long,65000.479999999996,525530848,False,Side.Sell,,65000.479999999996,1653898000,BTC-USDT,TimeCondition.GTC,0.001
2837957847,4194834854,0,1783610754758198728,201,order_input,benchmark,mock,InstrumentType.Spot,866585320701886902,OrderType.Limit,Direction.Long,65000.29,525532384,False,Side.Buy,,65000.29,1653898000,BTC-USDT,TimeCondition.GTC,0.001
2837957847,4194834854,0,1783610754758448487,201,order_input,benchmark,mock,InstrumentType.Spot,866585320701886903,OrderType.Limit,Direction.Long,65000.5,525533920,False,Side.Sell,,65000.5,1653898000,BTC-USDT,TimeCondition.GTC,0.001
2837957847,4194834854,0,1783610754758780160,201,order_input,benchmark,mock,InstrumentType.Spot,866585320701886904,OrderType.Limit,Direction.Long,65000.310000000005,525535456,False,Side.Buy,,65000.310000000005,1653898000,BTC-USDT,TimeCondition.GTC,0.001
2837957847,4194834854,0,1783610754759086128,201,order_input,benchmark,mock,InstrumentType.Spot,866585320701886905,OrderType.Limit,Direction.Long,65000.52,525536992,False,Side.Sell,,65000.52,1653898000,BTC-USDT,TimeCondition.GTC,0.001
2837957847,4194834854,0,1783610754759399034,201,order_input,benchmark,mock,InstrumentType.Spot,866585320701886906,OrderType.Limit,Direction.Long,65000.33,525538528,False,Side.Buy,,65000.33,1653898000,BTC-USDT,TimeCondition.GTC,0.001
2837957847,4194834854,0,1783610754759673089,201,order_input,benchmark,mock,InstrumentType.Spot,866585320701886907,OrderType.Limit,Direction.Long,65000.54,525540064,False,Side.Sell,,65000.54,1653898000,BTC-USDT,TimeCondition.GTC,0.001
2837957847,4194834854,0,1783610754759911362,201,order_input,benchmark,mock,InstrumentType.Spot,866585320701886908,OrderType.Limit,Direction.Long,65000.35,525541600,False,Side.Buy,,65000.35,1653898000,BTC-USDT,TimeCondition.GTC,0.001
2837957847,4194834854,0,1783610754760270780,201,order_input,benchmark,mock,InstrumentType.Spot,866585320701886909,OrderType.Limit,Direction.Long,65000.56,525543136,False,Side.Sell,,65000.56,1653898000,BTC-USDT,TimeCondition.GTC,0.001
2837957847,4194834854,0,1783610754760586632,201,order_input,benchmark,mock,InstrumentType.Spot,866585320701886910,OrderType.Limit,Direction.Long,65000.37,525544672,False,Side.Buy,,65000.37,1653898000,BTC-USDT,TimeCondition.GTC,0.001
2837957847,4194834854,0,1783610754760800998,201,order_input,benchmark,mock,InstrumentType.Spot,866585320701886911,OrderType.Limit,Direction.Long,65000.58,525546208,False,Side.Sell,,65000.58,1653898000,BTC-USDT,TimeCondition.GTC,0.001
2837957847,4194834854,0,1783610754761182664,201,order_input,benchmark,mock,InstrumentType.Spot,866585320701886912,OrderType.Limit,Direction.Long,65000.39,525547744,False,Side.Buy,,65000.39,1653898000,BTC-USDT,TimeCondition.GTC,0.001
2837957847,4194834854,0,1783610754761475430,201,order_input,benchmark,mock,InstrumentType.Spot,866585320701886913,OrderType.Limit,Direction.Long,65000.6,525549280,False,Side.Sell,,65000.6,1653898000,BTC-USDT,TimeCondition.GTC,0.001
2837957847,4194834854,0,1783610754761696216,201,order_input,benchmark,mock,InstrumentType.Spot,866585320701886914,OrderType.Limit,Direction.Long,65000.41,525550816,False,Side.Buy,,65000.41,1653898000,BTC-USDT,TimeCondition.GTC,0.001
2837957847,4194834854,0,1783610754762336208,201,order_input,benchmark,mock,InstrumentType.Spot,866585320701886915,OrderType.Limit,Direction.Long,65000.619999999995,525552352,False,Side.Sell,,65000.619999999995,1653898000,BTC-USDT,TimeCondition.GTC,0.001
2837957847,4194834854,0,1783610754762468260,201,order_input,benchmark,mock,InstrumentType.Spot,866585320701886916,OrderType.Limit,Direction.Long,65000.43,525553856,False,Side.Buy,,65000.43,1653898000,BTC-USDT,TimeCondition.GTC,0.001
2837957847,4194834854,0,1783610754762651231,201,order_input,benchmark,mock,InstrumentType.Spot,866585320701886917,OrderType.Limit,Direction.Long,65000.64,525555424,False,Side.Sell,,65000.64,1653898000,BTC-USDT,TimeCondition.GTC,0.001
2837957847,4194834854,0,1783610754762906907,201,order_input,benchmark,mock,InstrumentType.Spot,866585320701886918,OrderType.Limit,Direction.Long,65000.450000000004,525556960,False,Side.Buy,,65000.450000000004,1653898000,BTC-USDT,TimeCondition.GTC,0.001
2837957847,4194834854,0,1783610754763188151,201,order_input,benchmark,mock,InstrumentType.Spot,866585320701886919,OrderType.Limit,Direction.Long,65000.659999999996,525558496,False,Side.Sell,,65000.659999999996,1653898000,BTC-USDT,TimeCondition.GTC,0.001
2837957847,4194834854,0,1783610754763541002,201,order_input,benchmark,mock,InstrumentType.Spot,866585320701886920,OrderType.Limit,Direction.Long,65000.47,525560032,False,Side.Buy,,65000.47,1653898000,BTC-USDT,TimeCondition.GTC,0.001
2837957847,4194834854,0,1783610754763852309,201,order_input,benchmark,mock,InstrumentType.Spot,866585320701886921,OrderType.Limit,Direction.Long,65000.68,525475104,False,Side.Sell,,65000.68,1653898000,BTC-USDT,TimeCondition.GTC,0.001
2837957847,4194834854,0,1783610754764174838,201,order_input,benchmark,mock,InstrumentType.Spot,866585320701886922,OrderType.Limit,Direction.Long,65000.49,525476640,False,Side.Buy,,65000.49,1653898000,BTC-USDT,TimeCondition.GTC,0.001
2837957847,4194834854,0,1783610754764426626,201,order_input,benchmark,mock,InstrumentType.Spot,866585320701886923,OrderType.Limit,Direction.Long,65000.7,525478176,False,Side.Sell,,65000.7,1653898000,BTC-USDT,TimeCondition.GTC,0.001
2837957847,4194834854,0,1783610754764747598,201,order_input,benchmark,mock,InstrumentType.Spot,866585320701886924,OrderType.Limit,Direction.Long,65000.51,525566688,False,Side.Buy,,65000.51,1653898000,BTC-USDT,TimeCondition.GTC,0.001
2837957847,4194834854,0,1783610754765066809,201,order_input,benchmark,mock,InstrumentType.Spot,866585320701886925,OrderType.Limit,Direction.Long,65000.72,525568224,False,Side.Sell,,65000.72,1653898000,BTC-USDT,TimeCondition.GTC,0.001
2837957847,4194834854,0,1783610754765346823,201,order_input,benchmark,mock,InstrumentType.Spot,866585320701886926,OrderType.Limit,Direction.Long,65000.53,525569760,False,Side.Buy,,65000.53,1653898000,BTC-USDT,TimeCondition.GTC,0.001
2837957847,4194834854,0,1783610754765652771,201,order_input,benchmark,mock,InstrumentType.Spot,866585320701886927,OrderType.Limit,Direction.Long,65000.74,525571296,False,Side.Sell,,65000.74,1653898000,BTC-USDT,TimeCondition.GTC,0.001
2837957847,4194834854,0,1783610754765951183,201,order_input,benchmark,mock,InstrumentType.Spot,866585320701886928,OrderType.Limit,Direction.Long,65000.55,525572832,False,Side.Buy,,65000.55,1653898000,BTC-USDT,TimeCondition.GTC,0.001
2837957847,4194834854,0,1783610754766200029,201,order_input,benchmark,mock,InstrumentType.Spot,866585320701886929,OrderType.Limit,Direction.Long,65000.76,525574368,False,Side.Sell,,65000.76,1653898000,BTC-USDT,TimeCondition.GTC,0.001
2837957847,4194834854,0,1783610754766545083,201,order_input,benchmark,mock,InstrumentType.Spot,866585320701886930,OrderType.Limit,Direction.Long,65000.57,525575904,False,Side.Buy,,65000.57,1653898000,BTC-USDT,TimeCondition.GTC,0.001
2837957847,4194834854,0,1783610754766854766,201,order_input,benchmark,mock,InstrumentType.Spot,866585320701886931,OrderType.Limit,Direction.Long,65000.78,525577440,False,Side.Sell,,65000.78,1653898000,BTC-USDT,TimeCondition.GTC,0.001
2837957847,4194834854,0,1783610754767142561,201,order_input,benchmark,mock,InstrumentType.Spot,866585320701886932,OrderType.Limit,Direction.Long,65000.590000000004,525578976,False,Side.Buy,,65000.590000000004,1653898000,BTC-USDT,TimeCondition.GTC,0.001
2837957847,4194834854,0,1783610754767447213,201,order_input,benchmark,mock,InstrumentType.Spot,866585320701886933,OrderType.Limit,Direction.Long,65000.799999999996,525580512,False,Side.Sell,,65000.799999999996,1653898000,BTC-USDT,TimeCondition.GTC,0.001
2837957847,4194834854,0,1783610754767764823,201,order_input,benchmark,mock,InstrumentType.Spot,866585320701886934,OrderType.Limit,Direction.Long,65000.61,525582048,False,Side.Buy,,65000.61,1653898000,BTC-USDT,TimeCondition.GTC,0.001
2837957847,4194834854,0,1783610754768012932,201,order_input,benchmark,mock,InstrumentType.Spot,866585320701886935,OrderType.Limit,Direction.Long,65000.82,525583584,False,Side.Sell,,65000.82,1653898000,BTC-USDT,TimeCondition.GTC,0.001
2837957847,4194834854,0,1783610754768347020,201,order_input,benchmark,mock,InstrumentType.Spot,866585320701886936,OrderType.Limit,Direction.Long,65000.630000000005,525585120,False,Side.Buy,,65000.630000000005,1653898000,BTC-USDT,TimeCondition.GTC,0.001
2837957847,4194834854,0,1783610754768645891,201,order_input,benchmark,mock,InstrumentType.Spot,866585320701886937,OrderType.Limit,Direction.Long,65000.84,525586656,False,Side.Sell,,65000.84,1653898000,BTC-USDT,TimeCondition.GTC,0.001
2837957847,4194834854,0,1783610754768943865,201,order_input,benchmark,mock,InstrumentType.Spot,866585320701886938,OrderType.Limit,Direction.Long,65000.65,525588192,False,Side.Buy,,65000.65,1653898000,BTC-USDT,TimeCondition.GTC,0.001
2837957847,4194834854,0,1783610754769244885,201,order_input,benchmark,mock,InstrumentType.Spot,866585320701886939,OrderType.Limit,Direction.Long,65000.86,525589728,False,Side.Sell,,65000.86,1653898000,BTC-USDT,TimeCondition.GTC,0.001
2837957847,4194834854,0,1783610754769544176,201,order_input,benchmark,mock,InstrumentType.Spot,866585320701886940,OrderType.Limit,Direction.Long,65000.67,525591264,False,Side.Buy,,65000.67,1653898000,BTC-USDT,TimeCondition.GTC,0.001
2837957847,4194834854,0,1783610754769858079,201,order_input,benchmark,mock,InstrumentType.Spot,866585320701886941,OrderType.Limit,Direction.Long,65000.88,525592800,False,Side.Sell,,65000.88,1653898000,BTC-USDT,TimeCondition.GTC,0.001
2837957847,4194834854,0,1783610754770144535,201,order_input,benchmark,mock,InstrumentType.Spot,866585320701886942,OrderType.Limit,Direction.Long,65000.69,525594336,False,Side.Buy,,65000.69,1653898000,BTC-USDT,TimeCondition.GTC,0.001
2837957847,4194834854,0,1783610754770442918,201,order_input,benchmark,mock,InstrumentType.Spot,866585320701886943,OrderType.Limit,Direction.Long,65000.9,525595872,False,Side.Sell,,65000.9,1653898000,BTC-USDT,TimeCondition.GTC,0.001
2837957847,4194834854,0,1783610754770744500,201,order_input,benchmark,mock,InstrumentType.Spot,866585320701886944,OrderType.Limit,Direction.Long,65000.71,525597408,False,Side.Buy,,65000.71,1653898000,BTC-USDT,TimeCondition.GTC,0.001
2837957847,4194834854,0,1783610754771050602,201,order_input,benchmark,mock,InstrumentType.Spot,866585320701886945,OrderType.Limit,Direction.Long,65000.92,525598944,False,Side.Sell,,65000.92,1653898000,BTC-USDT,TimeCondition.GTC,0.001
2837957847,4194834854,0,1783610754771340183,201,order_input,benchmark,mock,InstrumentType.Spot,866585320701886946,OrderType.Limit,Direction.Long,65000.73,525600480,False,Side.Buy,,65000.73,1653898000,BTC-USDT,TimeCondition.GTC,0.001
2837957847,4194834854,0,1783610754771645353,201,order_input,benchmark,mock,InstrumentType.Spot,866585320701886947,OrderType.Limit,Direction.Long,65000.939999999995,525602016,False,Side.Sell,,65000.939999999995,1653898000,BTC-USDT,TimeCondition.GTC,0.001
2837957847,4194834854,0,1783610754771944229,201,order_input,benchmark,mock,InstrumentType.Spot,866585320701886948,OrderType.Limit,Direction.Long,65000.75,525603552,False,Side.Buy,,65000.75,1653898000,BTC-USDT,TimeCondition.GTC,0.001
2837957847,4194834854,0,1783610754772243169,201,order_input,benchmark,mock,InstrumentType.Spot,866585320701886949,OrderType.Limit,Direction.Long,65000.96,525605088,False,Side.Sell,,65000.96,1653898000,BTC-USDT,TimeCondition.GTC,0.001
2837957847,4194834854,0,1783610754772554406,201,order_input,benchmark,mock,InstrumentType.Spot,866585320701886950,OrderType.Limit,Direction.Long,65000.770000000004,525606624,False,Side.Buy,,65000.770000000004,1653898000,BTC-USDT,TimeCondition.GTC,0.001
2837957847,4194834854,0,1783610754772844666,201,order_input,benchmark,mock,InstrumentType.Spot,866585320701886951,OrderType.Limit,Direction.Long,65000.979999999996,525608160,False,Side.Sell,,65000.979999999996,1653898000,BTC-USDT,TimeCondition.GTC,0.001
2837957847,4194834854,0,1783610754773148609,201,order_input,benchmark,mock,InstrumentType.Spot,866585320701886952,OrderType.Limit,Direction.Long,65000.79,525609696,False,Side.Buy,,65000.79,1653898000,BTC-USDT,TimeCondition.GTC,0.001
2837957847,4194834854,0,1783610754773478957,201,order_input,benchmark,mock,InstrumentType.Spot,866585320701886953,OrderType.Limit,Direction.Long,65001.0,525611232,False,Side.Sell,,65001.0,1653898000,BTC-USDT,TimeCondition.GTC,0.001
2837957847,4194834854,0,1783610754773876365,201,order_input,benchmark,mock,InstrumentType.Spot,866585320701886954,OrderType.Limit,Direction.Long,65000.810000000005,525612768,False,Side.Buy,,65000.810000000005,1653898000,BTC-USDT,TimeCondition.GTC,0.001
2837957847,4194834854,0,1783610754773991521,201,order_input,benchmark,mock,InstrumentType.Spot,866585320701886955,OrderType.Limit,Direction.Long,65001.02,525614304,False,Side.Sell,,65001.02,1653898000,BTC-USDT,TimeCondition.GTC,0.001
2837957847,4194834854,0,1783610754774277774,201,order_input,benchmark,mock,InstrumentType.Spot,866585320701886956,OrderType.Limit,Direction.Long,65000.83,525615840,False,Side.Buy,,65000.83,1653898000,BTC-USDT,TimeCondition.GTC,0.001
2837957847,4194834854,0,1783610754774666847,201,order_input,benchmark,mock,InstrumentType.Spot,866585320701886957,OrderType.Limit,Direction.Long,65001.04,525617376,False,Side.Sell,,65001.04,1653898000,BTC-USDT,TimeCondition.GTC,0.001
2837957847,4194834854,0,1783610754775012144,201,order_input,benchmark,mock,InstrumentType.Spot,866585320701886958,OrderType.Limit,Direction.Long,65000.85,525618912,False,Side.Buy,,65000.85,1653898000,BTC-USDT,TimeCondition.GTC,0.001
2837957847,4194834854,0,1783610754775256097,201,order_input,benchmark,mock,InstrumentType.Spot,866585320701886959,OrderType.Limit,Direction.Long,65001.06,525620448,False,Side.Sell,,65001.06,1653898000,BTC-USDT,TimeCondition.GTC,0.001
2837957847,4194834854,0,1783610754775561216,201,order_input,benchmark,mock,InstrumentType.Spot,866585320701886960,OrderType.Limit,Direction.Long,65000.87,525621984,False,Side.Buy,,65000.87,1653898000,BTC-USDT,TimeCondition.GTC,0.001
2837957847,4194834854,0,1783610754775853910,201,order_input,benchmark,mock,InstrumentType.Spot,866585320701886961,OrderType.Limit,Direction.Long,65001.08,525623520,False,Side.Sell,,65001.08,1653898000,BTC-USDT,TimeCondition.GTC,0.001
2837957847,4194834854,0,1783610754776157694,201,order_input,benchmark,mock,InstrumentType.Spot,866585320701886962,OrderType.Limit,Direction.Long,65000.89,525625056,False,Side.Buy,,65000.89,1653898000,BTC-USDT,TimeCondition.GTC,0.001
2837957847,4194834854,0,1783610754776452332,201,order_input,benchmark,mock,InstrumentType.Spot,866585320701886963,OrderType.Limit,Direction.Long,65000.1,525626592,False,Side.Sell,,65000.1,1653898000,BTC-USDT,TimeCondition.GTC,0.001
2837957847,4194834854,0,1783610754776672969,201,order_input,benchmark,mock,InstrumentType.Spot,866585320701886964,OrderType.Limit,Direction.Long,64999.91,525628128,False,Side.Buy,,64999.91,1653898000,BTC-USDT,TimeCondition.GTC,0.001
2837957847,4194834854,0,1783610754777062676,201,order_input,benchmark,mock,InstrumentType.Spot,866585320701886965,OrderType.Limit,Direction.Long,65000.119999999995,525629664,False,Side.Sell,,65000.119999999995,1653898000,BTC-USDT,TimeCondition.GTC,0.001
2837957847,4194834854,0,1783610754777359363,201,order_input,benchmark,mock,InstrumentType.Spot,866585320701886966,OrderType.Limit,Direction.Long,64999.93,525631200,False,Side.Buy,,64999.93,1653898000,BTC-USDT,TimeCondition.GTC,0.001
2837957847,4194834854,0,1783610754777666645,201,order_input,benchmark,mock,InstrumentType.Spot,866585320701886967,OrderType.Limit,Direction.Long,65000.14,525632736,False,Side.Sell,,65000.14,1653898000,BTC-USDT,TimeCondition.GTC,0.001
2837957847,4194834854,0,1783610754777921548,201,order_input,benchmark,mock,InstrumentType.Spot,866585320701886968,OrderType.Limit,Direction.Long,64999.950000000004,525634272,False,Side.Buy,,64999.950000000004,1653898000,BTC-USDT,TimeCondition.GTC,0.001
2837957847,4194834854,0,1783610754778184483,201,order_input,benchmark,mock,InstrumentType.Spot,866585320701886969,OrderType.Limit,Direction.Long,65000.159999999996,525635808,False,Side.Sell,,65000.159999999996,1653898000,BTC-USDT,TimeCondition.GTC,0.001
2837957847,4194834854,0,1783610754778554481,201,order_input,benchmark,mock,InstrumentType.Spot,866585320701886970,OrderType.Limit,Direction.Long,64999.97,525637344,False,Side.Buy,,64999.97,1653898000,BTC-USDT,TimeCondition.GTC,0.001
2837957847,4194834854,0,1783610754778850429,201,order_input,benchmark,mock,InstrumentType.Spot,866585320701886971,OrderType.Limit,Direction.Long,65000.18,525638880,False,Side.Sell,,65000.18,1653898000,BTC-USDT,TimeCondition.GTC,0.001
2837957847,4194834854,0,1783610754779147058,201,order_input,benchmark,mock,InstrumentType.Spot,866585320701886972,OrderType.Limit,Direction.Long,64999.99,525640416,False,Side.Buy,,64999.99,1653898000,BTC-USDT,TimeCondition.GTC,0.001
2837957847,4194834854,0,1783610754779446062,201,order_input,benchmark,mock,InstrumentType.Spot,866585320701886973,OrderType.Limit,Direction.Long,65000.2,525641952,False,Side.Sell,,65000.2,1653898000,BTC-USDT,TimeCondition.GTC,0.001
2837957847,4194834854,0,1783610754779744669,201,order_input,benchmark,mock,InstrumentType.Spot,866585320701886974,OrderType.Limit,Direction.Long,65000.01,525643488,False,Side.Buy,,65000.01,1653898000,BTC-USDT,TimeCondition.GTC,0.001
2837957847,4194834854,0,1783610754780060969,201,order_input,benchmark,mock,InstrumentType.Spot,866585320701886975,OrderType.Limit,Direction.Long,65000.22,525645024,False,Side.Sell,,65000.22,1653898000,BTC-USDT,TimeCondition.GTC,0.001
2837957847,4194834854,0,1783610754780357675,201,order_input,benchmark,mock,InstrumentType.Spot,866585320701886976,OrderType.Limit,Direction.Long,65000.03,525646560,False,Side.Buy,,65000.03,1653898000,BTC-USDT,TimeCondition.GTC,0.001
2837957847,4194834854,0,1783610754780781539,201,order_input,benchmark,mock,InstrumentType.Spot,866585320701886977,OrderType.Limit,Direction.Long,65000.24,525648096,False,Side.Sell,,65000.24,1653898000,BTC-USDT,TimeCondition.GTC,0.001
2837957847,4194834854,0,1783610754780895664,201,order_input,benchmark,mock,InstrumentType.Spot,866585320701886978,OrderType.Limit,Direction.Long,65000.05,525649632,False,Side.Buy,,65000.05,1653898000,BTC-USDT,TimeCondition.GTC,0.001
2837957847,4194834854,0,1783610754781262599,201,order_input,benchmark,mock,InstrumentType.Spot,866585320701886979,OrderType.Limit,Direction.Long,65000.26,525651168,False,Side.Sell,,65000.26,1653898000,BTC-USDT,TimeCondition.GTC,0.001
2837957847,4194834854,0,1783610754781684311,201,order_input,benchmark,mock,InstrumentType.Spot,866585320701886980,OrderType.Limit,Direction.Long,65000.07,525652704,False,Side.Buy,,65000.07,1653898000,BTC-USDT,TimeCondition.GTC,0.001
2837957847,4194834854,0,1783610754782078393,201,order_input,benchmark,mock,InstrumentType.Spot,866585320701886981,OrderType.Limit,Direction.Long,65000.28,525654240,False,Side.Sell,,65000.28,1653898000,BTC-USDT,TimeCondition.GTC,0.001
2837957847,4194834854,0,1783610754782244335,201,order_input,benchmark,mock,InstrumentType.Spot,866585320701886982,OrderType.Limit,Direction.Long,65000.090000000004,525655776,False,Side.Buy,,65000.090000000004,1653898000,BTC-USDT,TimeCondition.GTC,0.001
2837957847,4194834854,0,1783610754782473744,201,order_input,benchmark,mock,InstrumentType.Spot,866585320701886983,OrderType.Limit,Direction.Long,65000.299999999996,525657312,False,Side.Sell,,65000.299999999996,1653898000,BTC-USDT,TimeCondition.GTC,0.001
2837957847,4194834854,0,1783610754782665484,201,order_input,benchmark,mock,InstrumentType.Spot,866585320701886984,OrderType.Limit,Direction.Long,65000.11,525658848,False,Side.Buy,,65000.11,1653898000,BTC-USDT,TimeCondition.GTC,0.001
2837957847,4194834854,0,1783610754783056805,201,order_input,benchmark,mock,InstrumentType.Spot,866585320701886985,OrderType.Limit,Direction.Long,65000.32,525561568,False,Side.Sell,,65000.32,1653898000,BTC-USDT,TimeCondition.GTC,0.001
2837957847,4194834854,0,1783610754783347360,201,order_input,benchmark,mock,InstrumentType.Spot,866585320701886986,OrderType.Limit,Direction.Long,65000.130000000005,525563104,False,Side.Buy,,65000.130000000005,1653898000,BTC-USDT,TimeCondition.GTC,0.001
2837957847,4194834854,0,1783610754783644321,201,order_input,benchmark,mock,InstrumentType.Spot,866585320701886987,OrderType.Limit,Direction.Long,65000.34,525564640,False,Side.Sell,,65000.34,1653898000,BTC-USDT,TimeCondition.GTC,0.001
2837957847,4194834854,0,1783610754783962222,201,order_input,benchmark,mock,InstrumentType.Spot,866585320701886988,OrderType.Limit,Direction.Long,65000.15,525665584,False,Side.Buy,,65000.15,1653898000,BTC-USDT,TimeCondition.GTC,0.001
2837957847,4194834854,0,1783610754784248101,201,order_input,benchmark,mock,InstrumentType.Spot,866585320701886989,OrderType.Limit,Direction.Long,65000.36,525667120,False,Side.Sell,,65000.36,1653898000,BTC-USDT,TimeCondition.GTC,0.001
2837957847,4194834854,0,1783610754784764824,201,order_input,benchmark,mock,InstrumentType.Spot,866585320701886990,OrderType.Limit,Direction.Long,65000.17,525668656,False,Side.Buy,,65000.17,1653898000,BTC-USDT,TimeCondition.GTC,0.001
2837957847,4194834854,0,1783610754784812854,201,order_input,benchmark,mock,InstrumentType.Spot,866585320701886991,OrderType.Limit,Direction.Long,65000.38,525670160,False,Side.Sell,,65000.38,1653898000,BTC-USDT,TimeCondition.GTC,0.001
2837957847,4194834854,0,1783610754785057567,201,order_input,benchmark,mock,InstrumentType.Spot,866585320701886992,OrderType.Limit,Direction.Long,65000.19,525671728,False,Side.Buy,,65000.19,1653898000,BTC-USDT,TimeCondition.GTC,0.001
2837957847,4194834854,0,1783610754785440805,201,order_input,benchmark,mock,InstrumentType.Spot,866585320701886993,OrderType.Limit,Direction.Long,65000.4,525673264,False,Side.Sell,,65000.4,1653898000,BTC-USDT,TimeCondition.GTC,0.001
2837957847,4194834854,0,1783610754785737409,201,order_input,benchmark,mock,InstrumentType.Spot,866585320701886994,OrderType.Limit,Direction.Long,65000.21,525674800,False,Side.Buy,,65000.21,1653898000,BTC-USDT,TimeCondition.GTC,0.001
2837957847,4194834854,0,1783610754786047930,201,order_input,benchmark,mock,InstrumentType.Spot,866585320701886995,OrderType.Limit,Direction.Long,65000.42,525676336,False,Side.Sell,,65000.42,1653898000,BTC-USDT,TimeCondition.GTC,0.001
2837957847,4194834854,0,1783610754786340168,201,order_input,benchmark,mock,InstrumentType.Spot,866585320701886996,OrderType.Limit,Direction.Long,65000.23,525677872,False,Side.Buy,,65000.23,1653898000,BTC-USDT,TimeCondition.GTC,0.001
2837957847,4194834854,0,1783610754786641138,201,order_input,benchmark,mock,InstrumentType.Spot,866585320701886997,OrderType.Limit,Direction.Long,65000.439999999995,525679408,False,Side.Sell,,65000.439999999995,1653898000,BTC-USDT,TimeCondition.GTC,0.001
2837957847,4194834854,0,1783610754786949741,201,order_input,benchmark,mock,InstrumentType.Spot,866585320701886998,OrderType.Limit,Direction.Long,65000.25,525680944,False,Side.Buy,,65000.25,1653898000,BTC-USDT,TimeCondition.GTC,0.001
2837957847,4194834854,0,1783610754787242744,201,order_input,benchmark,mock,InstrumentType.Spot,866585320701886999,OrderType.Limit,Direction.Long,65000.46,525682480,False,Side.Sell,,65000.46,1653898000,BTC-USDT,TimeCondition.GTC,0.001
2837957847,4194834854,0,1783610754787539679,201,order_input,benchmark,mock,InstrumentType.Spot,866585320701887000,OrderType.Limit,Direction.Long,65000.270000000004,525684016,False,Side.Buy,,65000.270000000004,1653898000,BTC-USDT,TimeCondition.GTC,0.001
2837957847,4194834854,0,1783610754787846775,201,order_input,benchmark,mock,InstrumentType.Spot,866585320701887001,OrderType.Limit,Direction.Long,65000.479999999996,525685552,False,Side.Sell,,65000.479999999996,1653898000,BTC-USDT,TimeCondition.GTC,0.001
2837957847,4194834854,0,1783610754788152370,201,order_input,benchmark,mock,InstrumentType.Spot,866585320701887002,OrderType.Limit,Direction.Long,65000.29,525687088,False,Side.Buy,,65000.29,1653898000,BTC-USDT,TimeCondition.GTC,0.001
2837957847,4194834854,0,1783610754788441334,201,order_input,benchmark,mock,InstrumentType.Spot,866585320701887003,OrderType.Limit,Direction.Long,65000.5,525688624,False,Side.Sell,,65000.5,1653898000,BTC-USDT,TimeCondition.GTC,0.001
2837957847,4194834854,0,1783610754788742439,201,order_input,benchmark,mock,InstrumentType.Spot,866585320701887004,OrderType.Limit,Direction.Long,65000.310000000005,525690160,False,Side.Buy,,65000.310000000005,1653898000,BTC-USDT,TimeCondition.GTC,0.001
2837957847,4194834854,0,1783610754789077576,201,order_input,benchmark,mock,InstrumentType.Spot,866585320701887005,OrderType.Limit,Direction.Long,65000.52,525691696,False,Side.Sell,,65000.52,1653898000,BTC-USDT,TimeCondition.GTC,0.001
2837957847,4194834854,0,1783610754789340514,201,order_input,benchmark,mock,InstrumentType.Spot,866585320701887006,OrderType.Limit,Direction.Long,65000.33,525693232,False,Side.Buy,,65000.33,1653898000,BTC-USDT,TimeCondition.GTC,0.001
2837957847,4194834854,0,1783610754789659079,201,order_input,benchmark,mock,InstrumentType.Spot,866585320701887007,OrderType.Limit,Direction.Long,65000.54,525694768,False,Side.Sell,,65000.54,1653898000,BTC-USDT,TimeCondition.GTC,0.001
2837957847,4194834854,0,1783610754789943329,201,order_input,benchmark,mock,InstrumentType.Spot,866585320701887008,OrderType.Limit,Direction.Long,65000.35,525696304,False,Side.Buy,,65000.35,1653898000,BTC-USDT,TimeCondition.GTC,0.001
2837957847,4194834854,0,1783610754790246995,201,order_input,benchmark,mock,InstrumentType.Spot,866585320701887009,OrderType.Limit,Direction.Long,65000.56,525697840,False,Side.Sell,,65000.56,1653898000,BTC-USDT,TimeCondition.GTC,0.001
2837957847,4194834854,0,1783610754790640151,201,order_input,benchmark,mock,InstrumentType.Spot,866585320701887010,OrderType.Limit,Direction.Long,65000.37,525699376,False,Side.Buy,,65000.37,1653898000,BTC-USDT,TimeCondition.GTC,0.001
2837957847,4194834854,0,1783610754790819393,201,order_input,benchmark,mock,InstrumentType.Spot,866585320701887011,OrderType.Limit,Direction.Long,65000.58,525700912,False,Side.Sell,,65000.58,1653898000,BTC-USDT,TimeCondition.GTC,0.001
2837957847,4194834854,0,1783610754791083254,201,order_input,benchmark,mock,InstrumentType.Spot,866585320701887012,OrderType.Limit,Direction.Long,65000.39,525702448,False,Side.Buy,,65000.39,1653898000,BTC-USDT,TimeCondition.GTC,0.001
2837957847,4194834854,0,1783610754791442557,201,order_input,benchmark,mock,InstrumentType.Spot,866585320701887013,OrderType.Limit,Direction.Long,65000.6,525703984,False,Side.Sell,,65000.6,1653898000,BTC-USDT,TimeCondition.GTC,0.001
2837957847,4194834854,0,1783610754791741148,201,order_input,benchmark,mock,InstrumentType.Spot,866585320701887014,OrderType.Limit,Direction.Long,65000.41,525705520,False,Side.Buy,,65000.41,1653898000,BTC-USDT,TimeCondition.GTC,0.001
2837957847,4194834854,0,1783610754792052905,201,order_input,benchmark,mock,InstrumentType.Spot,866585320701887015,OrderType.Limit,Direction.Long,65000.619999999995,525707056,False,Side.Sell,,65000.619999999995,1653898000,BTC-USDT,TimeCondition.GTC,0.001
2837957847,4194834854,0,1783610754792340973,201,order_input,benchmark,mock,InstrumentType.Spot,866585320701887016,OrderType.Limit,Direction.Long,65000.43,525708592,False,Side.Buy,,65000.43,1653898000,BTC-USDT,TimeCondition.GTC,0.001
2837957847,4194834854,0,1783610754792648718,201,order_input,benchmark,mock,InstrumentType.Spot,866585320701887017,OrderType.Limit,Direction.Long,65000.64,525710128,False,Side.Sell,,65000.64,1653898000,BTC-USDT,TimeCondition.GTC,0.001
2837957847,4194834854,0,1783610754792938734,201,order_input,benchmark,mock,InstrumentType.Spot,866585320701887018,OrderType.Limit,Direction.Long,65000.450000000004,525711664,False,Side.Buy,,65000.450000000004,1653898000,BTC-USDT,TimeCondition.GTC,0.001
2837957847,4194834854,0,1783610754793241745,201,order_input,benchmark,mock,InstrumentType.Spot,866585320701887019,OrderType.Limit,Direction.Long,65000.659999999996,525713200,False,Side.Sell,,65000.659999999996,1653898000,BTC-USDT,TimeCondition.GTC,0.001
2837957847,4194834854,0,1783610754793539292,201,order_input,benchmark,mock,InstrumentType.Spot,866585320701887020,OrderType.Limit,Direction.Long,65000.47,525714736,False,Side.Buy,,65000.47,1653898000,BTC-USDT,TimeCondition.GTC,0.001
2837957847,4194834854,0,1783610754793838795,201,order_input,benchmark,mock,InstrumentType.Spot,866585320701887021,OrderType.Limit,Direction.Long,65000.68,525716272,False,Side.Sell,,65000.68,1653898000,BTC-USDT,TimeCondition.GTC,0.001
2837957847,4194834854,0,1783610754794140181,201,order_input,benchmark,mock,InstrumentType.Spot,866585320701887022,OrderType.Limit,Direction.Long,65000.49,525717808,False,Side.Buy,,65000.49,1653898000,BTC-USDT,TimeCondition.GTC,0.001
2837957847,4194834854,0,1783610754794429845,201,order_input,benchmark,mock,InstrumentType.Spot,866585320701887023,OrderType.Limit,Direction.Long,65000.7,525719344,False,Side.Sell,,65000.7,1653898000,BTC-USDT,TimeCondition.GTC,0.001
2837957847,4194834854,0,1783610754794734515,201,order_input,benchmark,mock,InstrumentType.Spot,866585320701887024,OrderType.Limit,Direction.Long,65000.51,525720880,False,Side.Buy,,65000.51,1653898000,BTC-USDT,TimeCondition.GTC,0.001
2837957847,4194834854,0,1783610754795050968,201,order_input,benchmark,mock,InstrumentType.Spot,866585320701887025,OrderType.Limit,Direction.Long,65000.72,525722416,False,Side.Sell,,65000.72,1653898000,BTC-USDT,TimeCondition.GTC,0.001
2837957847,4194834854,0,1783610754795341116,201,order_input,benchmark,mock,InstrumentType.Spot,866585320701887026,OrderType.Limit,Direction.Long,65000.53,525723952,False,Side.Buy,,65000.53,1653898000,BTC-USDT,TimeCondition.GTC,0.001
2837957847,4194834854,0,1783610754795695197,201,order_input,benchmark,mock,InstrumentType.Spot,866585320701887027,OrderType.Limit,Direction.Long,65000.74,525725488,False,Side.Sell,,65000.74,1653898000,BTC-USDT,TimeCondition.GTC,0.001
2837957847,4194834854,0,1783610754796096453,201,order_input,benchmark,mock,InstrumentType.Spot,866585320701887028,OrderType.Limit,Direction.Long,65000.55,525727024,False,Side.Buy,,65000.55,1653898000,BTC-USDT,TimeCondition.GTC,0.001
2837957847,4194834854,0,1783610754796201401,201,order_input,benchmark,mock,InstrumentType.Spot,866585320701887029,OrderType.Limit,Direction.Long,65000.76,525728560,False,Side.Sell,,65000.76,1653898000,BTC-USDT,TimeCondition.GTC,0.001
2837957847,4194834854,0,1783610754796473206,201,order_input,benchmark,mock,InstrumentType.Spot,866585320701887030,OrderType.Limit,Direction.Long,65000.57,525730096,False,Side.Buy,,65000.57,1653898000,BTC-USDT,TimeCondition.GTC,0.001
2837957847,4194834854,0,1783610754796846951,201,order_input,benchmark,mock,InstrumentType.Spot,866585320701887031,OrderType.Limit,Direction.Long,65000.78,525731632,False,Side.Sell,,65000.78,1653898000,BTC-USDT,TimeCondition.GTC,0.001
2837957847,4194834854,0,1783610754797150704,201,order_input,benchmark,mock,InstrumentType.Spot,866585320701887032,OrderType.Limit,Direction.Long,65000.590000000004,525733168,False,Side.Buy,,65000.590000000004,1653898000,BTC-USDT,TimeCondition.GTC,0.001
2837957847,4194834854,0,1783610754797448959,201,order_input,benchmark,mock,InstrumentType.Spot,866585320701887033,OrderType.Limit,Direction.Long,65000.799999999996,525734704,False,Side.Sell,,65000.799999999996,1653898000,BTC-USDT,TimeCondition.GTC,0.001
2837957847,4194834854,0,1783610754797744311,201,order_input,benchmark,mock,InstrumentType.Spot,866585320701887034,OrderType.Limit,Direction.Long,65000.61,525736240,False,Side.Buy,,65000.61,1653898000,BTC-USDT,TimeCondition.GTC,0.001
2837957847,4194834854,0,1783610754798062396,201,order_input,benchmark,mock,InstrumentType.Spot,866585320701887035,OrderType.Limit,Direction.Long,65000.82,525737776,False,Side.Sell,,65000.82,1653898000,BTC-USDT,TimeCondition.GTC,0.001
2837957847,4194834854,0,1783610754798365005,201,order_input,benchmark,mock,InstrumentType.Spot,866585320701887036,OrderType.Limit,Direction.Long,65000.630000000005,525739312,False,Side.Buy,,65000.630000000005,1653898000,BTC-USDT,TimeCondition.GTC,0.001
2837957847,4194834854,0,1783610754798653582,201,order_input,benchmark,mock,InstrumentType.Spot,866585320701887037,OrderType.Limit,Direction.Long,65000.84,525740848,False,Side.Sell,,65000.84,1653898000,BTC-USDT,TimeCondition.GTC,0.001
2837957847,4194834854,0,1783610754798943307,201,order_input,benchmark,mock,InstrumentType.Spot,866585320701887038,OrderType.Limit,Direction.Long,65000.65,525742384,False,Side.Buy,,65000.65,1653898000,BTC-USDT,TimeCondition.GTC,0.001
2837957847,4194834854,0,1783610754799246356,201,order_input,benchmark,mock,InstrumentType.Spot,866585320701887039,OrderType.Limit,Direction.Long,65000.86,525743920,False,Side.Sell,,65000.86,1653898000,BTC-USDT,TimeCondition.GTC,0.001
2837957847,4194834854,0,1783610754799545083,201,order_input,benchmark,mock,InstrumentType.Spot,866585320701887040,OrderType.Limit,Direction.Long,65000.67,525745456,False,Side.Buy,,65000.67,1653898000,BTC-USDT,TimeCondition.GTC,0.001
2837957847,4194834854,0,1783610754799839807,201,order_input,benchmark,mock,InstrumentType.Spot,866585320701887041,OrderType.Limit,Direction.Long,65000.88,525746992,False,Side.Sell,,65000.88,1653898000,BTC-USDT,TimeCondition.GTC,0.001
2837957847,4194834854,0,1783610754800149391,201,order_input,benchmark,mock,InstrumentType.Spot,866585320701887042,OrderType.Limit,Direction.Long,65000.69,525748528,False,Side.Buy,,65000.69,1653898000,BTC-USDT,TimeCondition.GTC,0.001
2837957847,4194834854,0,1783610754800447563,201,order_input,benchmark,mock,InstrumentType.Spot,866585320701887043,OrderType.Limit,Direction.Long,65000.9,525750064,False,Side.Sell,,65000.9,1653898000,BTC-USDT,TimeCondition.GTC,0.001
2837957847,4194834854,0,1783610754800790398,201,order_input,benchmark,mock,InstrumentType.Spot,866585320701887044,OrderType.Limit,Direction.Long,65000.71,525751600,False,Side.Buy,,65000.71,1653898000,BTC-USDT,TimeCondition.GTC,0.001
2837957847,4194834854,0,1783610754801033685,201,order_input,benchmark,mock,InstrumentType.Spot,866585320701887045,OrderType.Limit,Direction.Long,65000.92,525753136,False,Side.Sell,,65000.92,1653898000,BTC-USDT,TimeCondition.GTC,0.001
2837957847,4194834854,0,1783610754801375655,201,order_input,benchmark,mock,InstrumentType.Spot,866585320701887046,OrderType.Limit,Direction.Long,65000.73,525754672,False,Side.Buy,,65000.73,1653898000,BTC-USDT,TimeCondition.GTC,0.001
2837957847,4194834854,0,1783610754801557097,201,order_input,benchmark,mock,InstrumentType.Spot,866585320701887047,OrderType.Limit,Direction.Long,65000.939999999995,525756208,False,Side.Sell,,65000.939999999995,1653898000,BTC-USDT,TimeCondition.GTC,0.001
2837957847,4194834854,0,1783610754801940403,201,order_input,benchmark,mock,InstrumentType.Spot,866585320701887048,OrderType.Limit,Direction.Long,65000.75,525757744,False,Side.Buy,,65000.75,1653898000,BTC-USDT,TimeCondition.GTC,0.001
2837957847,4194834854,0,1783610754802243194,201,order_input,benchmark,mock,InstrumentType.Spot,866585320701887049,OrderType.Limit,Direction.Long,65000.96,525759280,False,Side.Sell,,65000.96,1653898000,BTC-USDT,TimeCondition.GTC,0.001
2837957847,4194834854,0,1783610754802539700,201,order_input,benchmark,mock,InstrumentType.Spot,866585320701887050,OrderType.Limit,Direction.Long,65000.770000000004,525760816,False,Side.Buy,,65000.770000000004,1653898000,BTC-USDT,TimeCondition.GTC,0.001
2837957847,4194834854,0,1783610754802840416,201,order_input,benchmark,mock,InstrumentType.Spot,866585320701887051,OrderType.Limit,Direction.Long,65000.979999999996,525762352,False,Side.Sell,,65000.979999999996,1653898000,BTC-USDT,TimeCondition.GTC,0.001
2837957847,4194834854,0,1783610754803160209,201,order_input,benchmark,mock,InstrumentType.Spot,866585320701887052,OrderType.Limit,Direction.Long,65000.79,525763888,False,Side.Buy,,65000.79,1653898000,BTC-USDT,TimeCondition.GTC,0.001
2837957847,4194834854,0,1783610754803387987,201,order_input,benchmark,mock,InstrumentType.Spot,866585320701887053,OrderType.Limit,Direction.Long,65001.0,525765424,False,Side.Sell,,65001.0,1653898000,BTC-USDT,TimeCondition.GTC,0.001
2837957847,4194834854,0,1783610754803735568,201,order_input,benchmark,mock,InstrumentType.Spot,866585320701887054,OrderType.Limit,Direction.Long,65000.810000000005,525766960,False,Side.Buy,,65000.810000000005,1653898000,BTC-USDT,TimeCondition.GTC,0.001
2837957847,4194834854,0,1783610754804059083,201,order_input,benchmark,mock,InstrumentType.Spot,866585320701887055,OrderType.Limit,Direction.Long,65001.02,525768496,False,Side.Sell,,65001.02,1653898000,BTC-USDT,TimeCondition.GTC,0.001
2837957847,4194834854,0,1783610754804339786,201,order_input,benchmark,mock,InstrumentType.Spot,866585320701887056,OrderType.Limit,Direction.Long,65000.83,525770032,False,Side.Buy,,65000.83,1653898000,BTC-USDT,TimeCondition.GTC,0.001
2837957847,4194834854,0,1783610754804634326,201,order_input,benchmark,mock,InstrumentType.Spot,866585320701887057,OrderType.Limit,Direction.Long,65001.04,525660384,False,Side.Sell,,65001.04,1653898000,BTC-USDT,TimeCondition.GTC,0.001
2837957847,4194834854,0,1783610754804934313,201,order_input,benchmark,mock,InstrumentType.Spot,866585320701887058,OrderType.Limit,Direction.Long,65000.85,525661920,False,Side.Buy,,65000.85,1653898000,BTC-USDT,TimeCondition.GTC,0.001
2837957847,4194834854,0,1783610754805247369,201,order_input,benchmark,mock,InstrumentType.Spot,866585320701887059,OrderType.Limit,Direction.Long,65001.06,525663456,False,Side.Sell,,65001.06,1653898000,BTC-USDT,TimeCondition.GTC,0.001
2837957847,4194834854,0,1783610754805540604,201,order_input,benchmark,mock,InstrumentType.Spot,866585320701887060,OrderType.Limit,Direction.Long,65000.87,525776928,False,Side.Buy,,65000.87,1653898000,BTC-USDT,TimeCondition.GTC,0.001
2837957847,4194834854,0,1783610754805836683,201,order_input,benchmark,mock,InstrumentType.Spot,866585320701887061,OrderType.Limit,Direction.Long,65001.08,525778352,False,Side.Sell,,65001.08,1653898000,BTC-USDT,TimeCondition.GTC,0.001
2837957847,4194834854,0,1783610754806140585,201,order_input,benchmark,mock,InstrumentType.Spot,866585320701887062,OrderType.Limit,Direction.Long,65000.89,525779888,False,Side.Buy,,65000.89,1653898000,BTC-USDT,TimeCondition.GTC,0.001
2837957847,4194834854,0,1783610754806439397,201,order_input,benchmark,mock,InstrumentType.Spot,866585320701887063,OrderType.Limit,Direction.Long,65000.1,525781424,False,Side.Sell,,65000.1,1653898000,BTC-USDT,TimeCondition.GTC,0.001
2837957847,4194834854,0,1783610754806740733,201,order_input,benchmark,mock,InstrumentType.Spot,866585320701887064,OrderType.Limit,Direction.Long,64999.91,525782960,False,Side.Buy,,64999.91,1653898000,BTC-USDT,TimeCondition.GTC,0.001
2837957847,4194834854,0,1783610754807041836,201,order_input,benchmark,mock,InstrumentType.Spot,866585320701887065,OrderType.Limit,Direction.Long,65000.119999999995,525784496,False,Side.Sell,,65000.119999999995,1653898000,BTC-USDT,TimeCondition.GTC,0.001
2837957847,4194834854,0,1783610754807322447,201,order_input,benchmark,mock,InstrumentType.Spot,866585320701887066,OrderType.Limit,Direction.Long,64999.93,525786032,False,Side.Buy,,64999.93,1653898000,BTC-USDT,TimeCondition.GTC,0.001
2837957847,4194834854,0,1783610754807649421,201,order_input,benchmark,mock,InstrumentType.Spot,866585320701887067,OrderType.Limit,Direction.Long,65000.14,525787568,False,Side.Sell,,65000.14,1653898000,BTC-USDT,TimeCondition.GTC,0.001
2837957847,4194834854,0,1783610754807948972,201,order_input,benchmark,mock,InstrumentType.Spot,866585320701887068,OrderType.Limit,Direction.Long,64999.950000000004,525789104,False,Side.Buy,,64999.950000000004,1653898000,BTC-USDT,TimeCondition.GTC,0.001
2837957847,4194834854,0,1783610754808332023,201,order_input,benchmark,mock,InstrumentType.Spot,866585320701887069,OrderType.Limit,Direction.Long,65000.159999999996,525790640,False,Side.Sell,,65000.159999999996,1653898000,BTC-USDT,TimeCondition.GTC,0.001
2837957847,4194834854,0,1783610754808614686,201,order_input,benchmark,mock,InstrumentType.Spot,866585320701887070,OrderType.Limit,Direction.Long,64999.97,525792176,False,Side.Buy,,64999.97,1653898000,BTC-USDT,TimeCondition.GTC,0.001
2837957847,4194834854,0,1783610754808781211,201,order_input,benchmark,mock,InstrumentType.Spot,866585320701887071,OrderType.Limit,Direction.Long,65000.18,525793712,False,Side.Sell,,65000.18,1653898000,BTC-USDT,TimeCondition.GTC,0.001
2837957847,4194834854,0,1783610754809066999,201,order_input,benchmark,mock,InstrumentType.Spot,866585320701887072,OrderType.Limit,Direction.Long,64999.99,525795248,False,Side.Buy,,64999.99,1653898000,BTC-USDT,TimeCondition.GTC,0.001
2837957847,4194834854,0,1783610754809447142,201,order_input,benchmark,mock,InstrumentType.Spot,866585320701887073,OrderType.Limit,Direction.Long,65000.2,525796784,False,Side.Sell,,65000.2,1653898000,BTC-USDT,TimeCondition.GTC,0.001
2837957847,4194834854,0,1783610754809818173,201,order_input,benchmark,mock,InstrumentType.Spot,866585320701887074,OrderType.Limit,Direction.Long,65000.01,525798320,False,Side.Buy,,65000.01,1653898000,BTC-USDT,TimeCondition.GTC,0.001
2837957847,4194834854,0,1783610754809979390,201,order_input,benchmark,mock,InstrumentType.Spot,866585320701887075,OrderType.Limit,Direction.Long,65000.22,525799856,False,Side.Sell,,65000.22,1653898000,BTC-USDT,TimeCondition.GTC,0.001
2837957847,4194834854,0,1783610754810345825,201,order_input,benchmark,mock,InstrumentType.Spot,866585320701887076,OrderType.Limit,Direction.Long,65000.03,525801392,False,Side.Buy,,65000.03,1653898000,BTC-USDT,TimeCondition.GTC,0.001
2837957847,4194834854,0,1783610754810644495,201,order_input,benchmark,mock,InstrumentType.Spot,866585320701887077,OrderType.Limit,Direction.Long,65000.24,525802928,False,Side.Sell,,65000.24,1653898000,BTC-USDT,TimeCondition.GTC,0.001
2837957847,4194834854,0,1783610754810945771,201,order_input,benchmark,mock,InstrumentType.Spot,866585320701887078,OrderType.Limit,Direction.Long,65000.05,525804464,False,Side.Buy,,65000.05,1653898000,BTC-USDT,TimeCondition.GTC,0.001
2837957847,4194834854,0,1783610754811244845,201,order_input,benchmark,mock,InstrumentType.Spot,866585320701887079,OrderType.Limit,Direction.Long,65000.26,525806000,False,Side.Sell,,65000.26,1653898000,BTC-USDT,TimeCondition.GTC,0.001
2837957847,4194834854,0,1783610754811544128,201,order_input,benchmark,mock,InstrumentType.Spot,866585320701887080,OrderType.Limit,Direction.Long,65000.07,525807536,False,Side.Buy,,65000.07,1653898000,BTC-USDT,TimeCondition.GTC,0.001
2837957847,4194834854,0,1783610754811844015,201,order_input,benchmark,mock,InstrumentType.Spot,866585320701887081,OrderType.Limit,Direction.Long,65000.28,525809072,False,Side.Sell,,65000.28,1653898000,BTC-USDT,TimeCondition.GTC,0.001
2837957847,4194834854,0,1783610754812143160,201,order_input,benchmark,mock,InstrumentType.Spot,866585320701887082,OrderType.Limit,Direction.Long,65000.090000000004,525810608,False,Side.Buy,,65000.090000000004,1653898000,BTC-USDT,TimeCondition.GTC,0.001
2837957847,4194834854,0,1783610754812440260,201,order_input,benchmark,mock,InstrumentType.Spot,866585320701887083,OrderType.Limit,Direction.Long,65000.299999999996,525812144,False,Side.Sell,,65000.299999999996,1653898000,BTC-USDT,TimeCondition.GTC,0.001
2837957847,4194834854,0,1783610754812749332,201,order_input,benchmark,mock,InstrumentType.Spot,866585320701887084,OrderType.Limit,Direction.Long,65000.11,525813680,False,Side.Buy,,65000.11,1653898000,BTC-USDT,TimeCondition.GTC,0.001
2837957847,4194834854,0,1783610754813053454,201,order_input,benchmark,mock,InstrumentType.Spot,866585320701887085,OrderType.Limit,Direction.Long,65000.32,525815216,False,Side.Sell,,65000.32,1653898000,BTC-USDT,TimeCondition.GTC,0.001
2837957847,4194834854,0,1783610754813345371,201,order_input,benchmark,mock,InstrumentType.Spot,866585320701887086,OrderType.Limit,Direction.Long,65000.130000000005,525816752,False,Side.Buy,,65000.130000000005,1653898000,BTC-USDT,TimeCondition.GTC,0.001
2837957847,4194834854,0,1783610754813642902,201,order_input,benchmark,mock,InstrumentType.Spot,866585320701887087,OrderType.Limit,Direction.Long,65000.34,525818288,False,Side.Sell,,65000.34,1653898000,BTC-USDT,TimeCondition.GTC,0.001
2837957847,4194834854,0,1783610754813928279,201,order_input,benchmark,mock,InstrumentType.Spot,866585320701887088,OrderType.Limit,Direction.Long,65000.15,525819824,False,Side.Buy,,65000.15,1653898000,BTC-USDT,TimeCondition.GTC,0.001
2837957847,4194834854,0,1783610754814248443,201,order_input,benchmark,mock,InstrumentType.Spot,866585320701887089,OrderType.Limit,Direction.Long,65000.36,525821360,False,Side.Sell,,65000.36,1653898000,BTC-USDT,TimeCondition.GTC,0.001
2837957847,4194834854,0,1783610754814504828,201,order_input,benchmark,mock,InstrumentType.Spot,866585320701887090,OrderType.Limit,Direction.Long,65000.17,525822896,False,Side.Buy,,65000.17,1653898000,BTC-USDT,TimeCondition.GTC,0.001
2837957847,4194834854,0,1783610754814777093,201,order_input,benchmark,mock,InstrumentType.Spot,866585320701887091,OrderType.Limit,Direction.Long,65000.38,525824432,False,Side.Sell,,65000.38,1653898000,BTC-USDT,TimeCondition.GTC,0.001
2837957847,4194834854,0,1783610754815273063,201,order_input,benchmark,mock,InstrumentType.Spot,866585320701887092,OrderType.Limit,Direction.Long,65000.19,525825968,False,Side.Buy,,65000.19,1653898000,BTC-USDT,TimeCondition.GTC,0.001
2837957847,4194834854,0,1783610754815590402,201,order_input,benchmark,mock,InstrumentType.Spot,866585320701887093,OrderType.Limit,Direction.Long,65000.4,525827504,False,Side.Sell,,65000.4,1653898000,BTC-USDT,TimeCondition.GTC,0.001
2837957847,4194834854,0,1783610754815661116,201,order_input,benchmark,mock,InstrumentType.Spot,866585320701887094,OrderType.Limit,Direction.Long,65000.21,525829040,False,Side.Buy,,65000.21,1653898000,BTC-USDT,TimeCondition.GTC,0.001
2837957847,4194834854,0,1783610754816066566,201,order_input,benchmark,mock,InstrumentType.Spot,866585320701887095,OrderType.Limit,Direction.Long,65000.42,525830576,False,Side.Sell,,65000.42,1653898000,BTC-USDT,TimeCondition.GTC,0.001
2837957847,4194834854,0,1783610754816358418,201,order_input,benchmark,mock,InstrumentType.Spot,866585320701887096,OrderType.Limit,Direction.Long,65000.23,525832112,False,Side.Buy,,65000.23,1653898000,BTC-USDT,TimeCondition.GTC,0.001
2837957847,4194834854,0,1783610754816658019,201,order_input,benchmark,mock,InstrumentType.Spot,866585320701887097,OrderType.Limit,Direction.Long,65000.439999999995,525833648,False,Side.Sell,,65000.439999999995,1653898000,BTC-USDT,TimeCondition.GTC,0.001
2837957847,4194834854,0,1783610754816905519,201,order_input,benchmark,mock,InstrumentType.Spot,866585320701887098,OrderType.Limit,Direction.Long,65000.25,525835184,False,Side.Buy,,65000.25,1653898000,BTC-USDT,TimeCondition.GTC,0.001
2837957847,4194834854,0,1783610754817216852,201,order_input,benchmark,mock,InstrumentType.Spot,866585320701887099,OrderType.Limit,Direction.Long,65000.46,525836720,False,Side.Sell,,65000.46,1653898000,BTC-USDT,TimeCondition.GTC,0.001
2837957847,4194834854,0,1783610754817553459,201,order_input,benchmark,mock,InstrumentType.Spot,866585320701887100,OrderType.Limit,Direction.Long,65000.270000000004,525838256,False,Side.Buy,,65000.270000000004,1653898000,BTC-USDT,TimeCondition.GTC,0.001
2837957847,4194834854,0,1783610754817851185,201,order_input,benchmark,mock,InstrumentType.Spot,866585320701887101,OrderType.Limit,Direction.Long,65000.479999999996,525839792,False,Side.Sell,,65000.479999999996,1653898000,BTC-USDT,TimeCondition.GTC,0.001
2837957847,4194834854,0,1783610754818214837,201,order_input,benchmark,mock,InstrumentType.Spot,866585320701887102,OrderType.Limit,Direction.Long,65000.29,525841328,False,Side.Buy,,65000.29,1653898000,BTC-USDT,TimeCondition.GTC,0.001
2837957847,4194834854,0,1783610754818500268,201,order_input,benchmark,mock,InstrumentType.Spot,866585320701887103,OrderType.Limit,Direction.Long,65000.5,525842864,False,Side.Sell,,65000.5,1653898000,BTC-USDT,TimeCondition.GTC,0.001
2837957847,4194834854,0,1783610754818748775,201,order_input,benchmark,mock,InstrumentType.Spot,866585320701887104,OrderType.Limit,Direction.Long,65000.310000000005,525844400,False,Side.Buy,,65000.310000000005,1653898000,BTC-USDT,TimeCondition.GTC,0.001
2837957847,4194834854,0,1783610754819101384,201,order_input,benchmark,mock,InstrumentType.Spot,866585320701887105,OrderType.Limit,Direction.Long,65000.52,525845936,False,Side.Sell,,65000.52,1653898000,BTC-USDT,TimeCondition.GTC,0.001
2837957847,4194834854,0,1783610754819353230,201,order_input,benchmark,mock,InstrumentType.Spot,866585320701887106,OrderType.Limit,Direction.Long,65000.33,525847472,False,Side.Buy,,65000.33,1653898000,BTC-USDT,TimeCondition.GTC,0.001
2837957847,4194834854,0,1783610754819652013,201,order_input,benchmark,mock,InstrumentType.Spot,866585320701887107,OrderType.Limit,Direction.Long,65000.54,525849008,False,Side.Sell,,65000.54,1653898000,BTC-USDT,TimeCondition.GTC,0.001
2837957847,4194834854,0,1783610754819951110,201,order_input,benchmark,mock,InstrumentType.Spot,866585320701887108,OrderType.Limit,Direction.Long,65000.35,525850544,False,Side.Buy,,65000.35,1653898000,BTC-USDT,TimeCondition.GTC,0.001
2837957847,4194834854,0,1783610754820252619,201,order_input,benchmark,mock,InstrumentType.Spot,866585320701887109,OrderType.Limit,Direction.Long,65000.56,525852080,False,Side.Sell,,65000.56,1653898000,BTC-USDT,TimeCondition.GTC,0.001
2837957847,4194834854,0,1783610754820551548,201,order_input,benchmark,mock,InstrumentType.Spot,866585320701887110,OrderType.Limit,Direction.Long,65000.37,525853616,False,Side.Buy,,65000.37,1653898000,BTC-USDT,TimeCondition.GTC,0.001
2837957847,4194834854,0,1783610754820853866,201,order_input,benchmark,mock,InstrumentType.Spot,866585320701887111,OrderType.Limit,Direction.Long,65000.58,525855152,False,Side.Sell,,65000.58,1653898000,BTC-USDT,TimeCondition.GTC,0.001
2837957847,4194834854,0,1783610754821146774,201,order_input,benchmark,mock,InstrumentType.Spot,866585320701887112,OrderType.Limit,Direction.Long,65000.39,525856688,False,Side.Buy,,65000.39,1653898000,BTC-USDT,TimeCondition.GTC,0.001
2837957847,4194834854,0,1783610754821457364,201,order_input,benchmark,mock,InstrumentType.Spot,866585320701887113,OrderType.Limit,Direction.Long,65000.6,525858224,False,Side.Sell,,65000.6,1653898000,BTC-USDT,TimeCondition.GTC,0.001
2837957847,4194834854,0,1783610754821751949,201,order_input,benchmark,mock,InstrumentType.Spot,866585320701887114,OrderType.Limit,Direction.Long,65000.41,525859760,False,Side.Buy,,65000.41,1653898000,BTC-USDT,TimeCondition.GTC,0.001
2837957847,4194834854,0,1783610754821988790,201,order_input,benchmark,mock,InstrumentType.Spot,866585320701887115,OrderType.Limit,Direction.Long,65000.619999999995,525861296,False,Side.Sell,,65000.619999999995,1653898000,BTC-USDT,TimeCondition.GTC,0.001
2837957847,4194834854,0,1783610754822344971,201,order_input,benchmark,mock,InstrumentType.Spot,866585320701887116,OrderType.Limit,Direction.Long,65000.43,525862832,False,Side.Buy,,65000.43,1653898000,BTC-USDT,TimeCondition.GTC,0.001
2837957847,4194834854,0,1783610754822646478,201,order_input,benchmark,mock,InstrumentType.Spot,866585320701887117,OrderType.Limit,Direction.Long,65000.64,525864368,False,Side.Sell,,65000.64,1653898000,BTC-USDT,TimeCondition.GTC,0.001
2837957847,4194834854,0,1783610754822943905,201,order_input,benchmark,mock,InstrumentType.Spot,866585320701887118,OrderType.Limit,Direction.Long,65000.450000000004,525865904,False,Side.Buy,,65000.450000000004,1653898000,BTC-USDT,TimeCondition.GTC,0.001
2837957847,4194834854,0,1783610754823245216,201,order_input,benchmark,mock,InstrumentType.Spot,866585320701887119,OrderType.Limit,Direction.Long,65000.659999999996,525867440,False,Side.Sell,,65000.659999999996,1653898000,BTC-USDT,TimeCondition.GTC,0.001
2837957847,4194834854,0,1783610754823539482,201,order_input,benchmark,mock,InstrumentType.Spot,866585320701887120,OrderType.Limit,Direction.Long,65000.47,525868976,False,Side.Buy,,65000.47,1653898000,BTC-USDT,TimeCondition.GTC,0.001
2837957847,4194834854,0,1783610754823839074,201,order_input,benchmark,mock,InstrumentType.Spot,866585320701887121,OrderType.Limit,Direction.Long,65000.68,525870512,False,Side.Sell,,65000.68,1653898000,BTC-USDT,TimeCondition.GTC,0.001
2837957847,4194834854,0,1783610754824169654,201,order_input,benchmark,mock,InstrumentType.Spot,866585320701887122,OrderType.Limit,Direction.Long,65000.49,525872048,False,Side.Buy,,65000.49,1653898000,BTC-USDT,TimeCondition.GTC,0.001
2837957847,4194834854,0,1783610754824421843,201,order_input,benchmark,mock,InstrumentType.Spot,866585320701887123,OrderType.Limit,Direction.Long,65000.7,525873584,False,Side.Sell,,65000.7,1653898000,BTC-USDT,TimeCondition.GTC,0.001
2837957847,4194834854,0,1783610754824743474,201,order_input,benchmark,mock,InstrumentType.Spot,866585320701887124,OrderType.Limit,Direction.Long,65000.51,525875120,False,Side.Buy,,65000.51,1653898000,BTC-USDT,TimeCondition.GTC,0.001
2837957847,4194834854,0,1783610754825053809,201,order_input,benchmark,mock,InstrumentType.Spot,866585320701887125,OrderType.Limit,Direction.Long,65000.72,525876656,False,Side.Sell,,65000.72,1653898000,BTC-USDT,TimeCondition.GTC,0.001
2837957847,4194834854,0,1783610754825343653,201,order_input,benchmark,mock,InstrumentType.Spot,866585320701887126,OrderType.Limit,Direction.Long,65000.53,525878192,False,Side.Buy,,65000.53,1653898000,BTC-USDT,TimeCondition.GTC,0.001
2837957847,4194834854,0,1783610754825644777,201,order_input,benchmark,mock,InstrumentType.Spot,866585320701887127,OrderType.Limit,Direction.Long,65000.74,525879728,False,Side.Sell,,65000.74,1653898000,BTC-USDT,TimeCondition.GTC,0.001
2837957847,4194834854,0,1783610754825948332,201,order_input,benchmark,mock,InstrumentType.Spot,866585320701887128,OrderType.Limit,Direction.Long,65000.55,525881264,False,Side.Buy,,65000.55,1653898000,BTC-USDT,TimeCondition.GTC,0.001
2837957847,4194834854,0,1783610754826246244,201,order_input,benchmark,mock,InstrumentType.Spot,866585320701887129,OrderType.Limit,Direction.Long,65000.76,525882800,False,Side.Sell,,65000.76,1653898000,BTC-USDT,TimeCondition.GTC,0.001
2837957847,4194834854,0,1783610754826544713,201,order_input,benchmark,mock,InstrumentType.Spot,866585320701887130,OrderType.Limit,Direction.Long,65000.57,525884336,False,Side.Buy,,65000.57,1653898000,BTC-USDT,TimeCondition.GTC,0.001
2837957847,4194834854,0,1783610754826841516,201,order_input,benchmark,mock,InstrumentType.Spot,866585320701887131,OrderType.Limit,Direction.Long,65000.78,525885872,False,Side.Sell,,65000.78,1653898000,BTC-USDT,TimeCondition.GTC,0.001
2837957847,4194834854,0,1783610754827154332,201,order_input,benchmark,mock,InstrumentType.Spot,866585320701887132,OrderType.Limit,Direction.Long,65000.590000000004,525887408,False,Side.Buy,,65000.590000000004,1653898000,BTC-USDT,TimeCondition.GTC,0.001
2837957847,4194834854,0,1783610754827444540,201,order_input,benchmark,mock,InstrumentType.Spot,866585320701887133,OrderType.Limit,Direction.Long,65000.799999999996,525888944,False,Side.Sell,,65000.799999999996,1653898000,BTC-USDT,TimeCondition.GTC,0.001
2837957847,4194834854,0,1783610754827740904,201,order_input,benchmark,mock,InstrumentType.Spot,866585320701887134,OrderType.Limit,Direction.Long,65000.61,525890480,False,Side.Buy,,65000.61,1653898000,BTC-USDT,TimeCondition.GTC,0.001
2837957847,4194834854,0,1783610754828048793,201,order_input,benchmark,mock,InstrumentType.Spot,866585320701887135,OrderType.Limit,Direction.Long,65000.82,525892016,False,Side.Sell,,65000.82,1653898000,BTC-USDT,TimeCondition.GTC,0.001
2837957847,4194834854,0,1783610754828345300,201,order_input,benchmark,mock,InstrumentType.Spot,866585320701887136,OrderType.Limit,Direction.Long,65000.630000000005,525893552,False,Side.Buy,,65000.630000000005,1653898000,BTC-USDT,TimeCondition.GTC,0.001
2837957847,4194834854,0,1783610754828799182,201,order_input,benchmark,mock,InstrumentType.Spot,866585320701887137,OrderType.Limit,Direction.Long,65000.84,525771568,False,Side.Sell,,65000.84,1653898000,BTC-USDT,TimeCondition.GTC,0.001
2837957847,4194834854,0,1783610754828878147,201,order_input,benchmark,mock,InstrumentType.Spot,866585320701887138,OrderType.Limit,Direction.Long,65000.65,525773104,False,Side.Buy,,65000.65,1653898000,BTC-USDT,TimeCondition.GTC,0.001
2837957847,4194834854,0,1783610754829252487,201,order_input,benchmark,mock,InstrumentType.Spot,866585320701887139,OrderType.Limit,Direction.Long,65000.86,525774640,False,Side.Sell,,65000.86,1653898000,BTC-USDT,TimeCondition.GTC,0.001
2837957847,4194834854,0,1783610754829495314,201,order_input,benchmark,mock,InstrumentType.Spot,866585320701887140,OrderType.Limit,Direction.Long,65000.67,525776176,False,Side.Buy,,65000.67,1653898000,BTC-USDT,TimeCondition.GTC,0.001
2837957847,4194834854,0,1783610754829864950,201,order_input,benchmark,mock,InstrumentType.Spot,866585320701887141,OrderType.Limit,Direction.Long,65000.88,525901936,False,Side.Sell,,65000.88,1653898000,BTC-USDT,TimeCondition.GTC,0.001
2837957847,4194834854,0,1783610754830147263,201,order_input,benchmark,mock,InstrumentType.Spot,866585320701887142,OrderType.Limit,Direction.Long,65000.69,525903472,False,Side.Buy,,65000.69,1653898000,BTC-USDT,TimeCondition.GTC,0.001
2837957847,4194834854,0,1783610754830421760,201,order_input,benchmark,mock,InstrumentType.Spot,866585320701887143,OrderType.Limit,Direction.Long,65000.9,525905008,False,Side.Sell,,65000.9,1653898000,BTC-USDT,TimeCondition.GTC,0.001
2837957847,4194834854,0,1783610754830685444,201,order_input,benchmark,mock,InstrumentType.Spot,866585320701887144,OrderType.Limit,Direction.Long,65000.71,525906544,False,Side.Buy,,65000.71,1653898000,BTC-USDT,TimeCondition.GTC,0.001
2837957847,4194834854,0,1783610754831009106,201,order_input,benchmark,mock,InstrumentType.Spot,866585320701887145,OrderType.Limit,Direction.Long,65000.92,525908080,False,Side.Sell,,65000.92,1653898000,BTC-USDT,TimeCondition.GTC,0.001
2837957847,4194834854,0,1783610754831369215,201,order_input,benchmark,mock,InstrumentType.Spot,866585320701887146,OrderType.Limit,Direction.Long,65000.73,525909616,False,Side.Buy,,65000.73,1653898000,BTC-USDT,TimeCondition.GTC,0.001
2837957847,4194834854,0,1783610754831608827,201,order_input,benchmark,mock,InstrumentType.Spot,866585320701887147,OrderType.Limit,Direction.Long,65000.939999999995,525911152,False,Side.Sell,,65000.939999999995,1653898000,BTC-USDT,TimeCondition.GTC,0.001
2837957847,4194834854,0,1783610754831947066,201,order_input,benchmark,mock,InstrumentType.Spot,866585320701887148,OrderType.Limit,Direction.Long,65000.75,525912688,False,Side.Buy,,65000.75,1653898000,BTC-USDT,TimeCondition.GTC,0.001
2837957847,4194834854,0,1783610754832157710,201,order_input,benchmark,mock,InstrumentType.Spot,866585320701887149,OrderType.Limit,Direction.Long,65000.96,525914224,False,Side.Sell,,65000.96,1653898000,BTC-USDT,TimeCondition.GTC,0.001
2837957847,4194834854,0,1783610754832547802,201,order_input,benchmark,mock,InstrumentType.Spot,866585320701887150,OrderType.Limit,Direction.Long,65000.770000000004,525915760,False,Side.Buy,,65000.770000000004,1653898000,BTC-USDT,TimeCondition.GTC,0.001
2837957847,4194834854,0,1783610754832861412,201,order_input,benchmark,mock,InstrumentType.Spot,866585320701887151,OrderType.Limit,Direction.Long,65000.979999999996,525917296,False,Side.Sell,,65000.979999999996,1653898000,BTC-USDT,TimeCondition.GTC,0.001
2837957847,4194834854,0,1783610754833058777,201,order_input,benchmark,mock,InstrumentType.Spot,866585320701887152,OrderType.Limit,Direction.Long,65000.79,525918832,False,Side.Buy,,65000.79,1653898000,BTC-USDT,TimeCondition.GTC,0.001
2837957847,4194834854,0,1783610754833447448,201,order_input,benchmark,mock,InstrumentType.Spot,866585320701887153,OrderType.Limit,Direction.Long,65001.0,525920368,False,Side.Sell,,65001.0,1653898000,BTC-USDT,TimeCondition.GTC,0.001
2837957847,4194834854,0,1783610754833746012,201,order_input,benchmark,mock,InstrumentType.Spot,866585320701887154,OrderType.Limit,Direction.Long,65000.810000000005,525921904,False,Side.Buy,,65000.810000000005,1653898000,BTC-USDT,TimeCondition.GTC,0.001
2837957847,4194834854,0,1783610754834049558,201,order_input,benchmark,mock,InstrumentType.Spot,866585320701887155,OrderType.Limit,Direction.Long,65001.02,525923440,False,Side.Sell,,65001.02,1653898000,BTC-USDT,TimeCondition.GTC,0.001
2837957847,4194834854,0,1783610754834341157,201,order_input,benchmark,mock,InstrumentType.Spot,866585320701887156,OrderType.Limit,Direction.Long,65000.83,525924976,False,Side.Buy,,65000.83,1653898000,BTC-USDT,TimeCondition.GTC,0.001
2837957847,4194834854,0,1783610754834637175,201,order_input,benchmark,mock,InstrumentType.Spot,866585320701887157,OrderType.Limit,Direction.Long,65001.04,525926512,False,Side.Sell,,65001.04,1653898000,BTC-USDT,TimeCondition.GTC,0.001
2837957847,4194834854,0,1783610754834936659,201,order_input,benchmark,mock,InstrumentType.Spot,866585320701887158,OrderType.Limit,Direction.Long,65000.85,525928048,False,Side.Buy,,65000.85,1653898000,BTC-USDT,TimeCondition.GTC,0.001
2837957847,4194834854,0,1783610754835239575,201,order_input,benchmark,mock,InstrumentType.Spot,866585320701887159,OrderType.Limit,Direction.Long,65001.06,525929584,False,Side.Sell,,65001.06,1653898000,BTC-USDT,TimeCondition.GTC,0.001
2837957847,4194834854,0,1783610754835541436,201,order_input,benchmark,mock,InstrumentType.Spot,866585320701887160,OrderType.Limit,Direction.Long,65000.87,525931120,False,Side.Buy,,65000.87,1653898000,BTC-USDT,TimeCondition.GTC,0.001
2837957847,4194834854,0,1783610754835836985,201,order_input,benchmark,mock,InstrumentType.Spot,866585320701887161,OrderType.Limit,Direction.Long,65001.08,525932656,False,Side.Sell,,65001.08,1653898000,BTC-USDT,TimeCondition.GTC,0.001
2837957847,4194834854,0,1783610754836144308,201,order_input,benchmark,mock,InstrumentType.Spot,866585320701887162,OrderType.Limit,Direction.Long,65000.89,525934192,False,Side.Buy,,65000.89,1653898000,BTC-USDT,TimeCondition.GTC,0.001
2837957847,4194834854,0,1783610754836440338,201,order_input,benchmark,mock,InstrumentType.Spot,866585320701887163,OrderType.Limit,Direction.Long,65000.1,525935728,False,Side.Sell,,65000.1,1653898000,BTC-USDT,TimeCondition.GTC,0.001
2837957847,4194834854,0,1783610754836734143,201,order_input,benchmark,mock,InstrumentType.Spot,866585320701887164,OrderType.Limit,Direction.Long,64999.91,525937264,False,Side.Buy,,64999.91,1653898000,BTC-USDT,TimeCondition.GTC,0.001
2837957847,4194834854,0,1783610754837047403,201,order_input,benchmark,mock,InstrumentType.Spot,866585320701887165,OrderType.Limit,Direction.Long,65000.119999999995,525938800,False,Side.Sell,,65000.119999999995,1653898000,BTC-USDT,TimeCondition.GTC,0.001
2837957847,4194834854,0,1783610754837339654,201,order_input,benchmark,mock,InstrumentType.Spot,866585320701887166,OrderType.Limit,Direction.Long,64999.93,525940336,False,Side.Buy,,64999.93,1653898000,BTC-USDT,TimeCondition.GTC,0.001
2837957847,4194834854,0,1783610754837637141,201,order_input,benchmark,mock,InstrumentType.Spot,866585320701887167,OrderType.Limit,Direction.Long,65000.14,525941872,False,Side.Sell,,65000.14,1653898000,BTC-USDT,TimeCondition.GTC,0.001
2837957847,4194834854,0,1783610754837942859,201,order_input,benchmark,mock,InstrumentType.Spot,866585320701887168,OrderType.Limit,Direction.Long,64999.950000000004,525943408,False,Side.Buy,,64999.950000000004,1653898000,BTC-USDT,TimeCondition.GTC,0.001
2837957847,4194834854,0,1783610754838252232,201,order_input,benchmark,mock,InstrumentType.Spot,866585320701887169,OrderType.Limit,Direction.Long,65000.159999999996,525944944,False,Side.Sell,,65000.159999999996,1653898000,BTC-USDT,TimeCondition.GTC,0.001
2837957847,4194834854,0,1783610754838476410,201,order_input,benchmark,mock,InstrumentType.Spot,866585320701887170,OrderType.Limit,Direction.Long,64999.97,525946480,False,Side.Buy,,64999.97,1653898000,BTC-USDT,TimeCondition.GTC,0.001
2837957847,4194834854,0,1783610754838839418,201,order_input,benchmark,mock,InstrumentType.Spot,866585320701887171,OrderType.Limit,Direction.Long,65000.18,525948016,False,Side.Sell,,65000.18,1653898000,BTC-USDT,TimeCondition.GTC,0.001
2837957847,4194834854,0,1783610754839144158,201,order_input,benchmark,mock,InstrumentType.Spot,866585320701887172,OrderType.Limit,Direction.Long,64999.99,525949552,False,Side.Buy,,64999.99,1653898000,BTC-USDT,TimeCondition.GTC,0.001
2837957847,4194834854,0,1783610754839440422,201,order_input,benchmark,mock,InstrumentType.Spot,866585320701887173,OrderType.Limit,Direction.Long,65000.2,525951088,False,Side.Sell,,65000.2,1653898000,BTC-USDT,TimeCondition.GTC,0.001
2837957847,4194834854,0,1783610754839738808,201,order_input,benchmark,mock,InstrumentType.Spot,866585320701887174,OrderType.Limit,Direction.Long,65000.01,525952624,False,Side.Buy,,65000.01,1653898000,BTC-USDT,TimeCondition.GTC,0.001
2837957847,4194834854,0,1783610754840170984,201,order_input,benchmark,mock,InstrumentType.Spot,866585320701887175,OrderType.Limit,Direction.Long,65000.22,525954160,False,Side.Sell,,65000.22,1653898000,BTC-USDT,TimeCondition.GTC,0.001
2837957847,4194834854,0,1783610754840279983,201,order_input,benchmark,mock,InstrumentType.Spot,866585320701887176,OrderType.Limit,Direction.Long,65000.03,525955696,False,Side.Buy,,65000.03,1653898000,BTC-USDT,TimeCondition.GTC,0.001
2837957847,4194834854,0,1783610754840599011,201,order_input,benchmark,mock,InstrumentType.Spot,866585320701887177,OrderType.Limit,Direction.Long,65000.24,525957232,False,Side.Sell,,65000.24,1653898000,BTC-USDT,TimeCondition.GTC,0.001
2837957847,4194834854,0,1783610754840957061,201,order_input,benchmark,mock,InstrumentType.Spot,866585320701887178,OrderType.Limit,Direction.Long,65000.05,525958768,False,Side.Buy,,65000.05,1653898000,BTC-USDT,TimeCondition.GTC,0.001
2837957847,4194834854,0,1783610754841279536,201,order_input,benchmark,mock,InstrumentType.Spot,866585320701887179,OrderType.Limit,Direction.Long,65000.26,525960304,False,Side.Sell,,65000.26,1653898000,BTC-USDT,TimeCondition.GTC,0.001
2837957847,4194834854,0,1783610754841531812,201,order_input,benchmark,mock,InstrumentType.Spot,866585320701887180,OrderType.Limit,Direction.Long,65000.07,525961840,False,Side.Buy,,65000.07,1653898000,BTC-USDT,TimeCondition.GTC,0.001
2837957847,4194834854,0,1783610754841776831,201,order_input,benchmark,mock,InstrumentType.Spot,866585320701887181,OrderType.Limit,Direction.Long,65000.28,525963376,False,Side.Sell,,65000.28,1653898000,BTC-USDT,TimeCondition.GTC,0.001
2837957847,4194834854,0,1783610754842142822,201,order_input,benchmark,mock,InstrumentType.Spot,866585320701887182,OrderType.Limit,Direction.Long,65000.090000000004,525964912,False,Side.Buy,,65000.090000000004,1653898000,BTC-USDT,TimeCondition.GTC,0.001
2837957847,4194834854,0,1783610754842442190,201,order_input,benchmark,mock,InstrumentType.Spot,866585320701887183,OrderType.Limit,Direction.Long,65000.299999999996,525966448,False,Side.Sell,,65000.299999999996,1653898000,BTC-USDT,TimeCondition.GTC,0.001
2837957847,4194834854,0,1783610754842738161,201,order_input,benchmark,mock,InstrumentType.Spot,866585320701887184,OrderType.Limit,Direction.Long,65000.11,525967984,False,Side.Buy,,65000.11,1653898000,BTC-USDT,TimeCondition.GTC,0.001
2837957847,4194834854,0,1783610754843048941,201,order_input,benchmark,mock,InstrumentType.Spot,866585320701887185,OrderType.Limit,Direction.Long,65000.32,525969520,False,Side.Sell,,65000.32,1653898000,BTC-USDT,TimeCondition.GTC,0.001
2837957847,4194834854,0,1783610754843339930,201,order_input,benchmark,mock,InstrumentType.Spot,866585320701887186,OrderType.Limit,Direction.Long,65000.130000000005,525971056,False,Side.Buy,,65000.130000000005,1653898000,BTC-USDT,TimeCondition.GTC,0.001
2837957847,4194834854,0,1783610754843638350,201,order_input,benchmark,mock,InstrumentType.Spot,866585320701887187,OrderType.Limit,Direction.Long,65000.34,525972592,False,Side.Sell,,65000.34,1653898000,BTC-USDT,TimeCondition.GTC,0.001
2837957847,4194834854,0,1783610754843943529,201,order_input,benchmark,mock,InstrumentType.Spot,866585320701887188,OrderType.Limit,Direction.Long,65000.15,525974128,False,Side.Buy,,65000.15,1653898000,BTC-USDT,TimeCondition.GTC,0.001
2837957847,4194834854,0,1783610754844255911,201,order_input,benchmark,mock,InstrumentType.Spot,866585320701887189,OrderType.Limit,Direction.Long,65000.36,525975664,False,Side.Sell,,65000.36,1653898000,BTC-USDT,TimeCondition.GTC,0.001
2837957847,4194834854,0,1783610754844541883,201,order_input,benchmark,mock,InstrumentType.Spot,866585320701887190,OrderType.Limit,Direction.Long,65000.17,525977200,False,Side.Buy,,65000.17,1653898000,BTC-USDT,TimeCondition.GTC,0.001
2837957847,4194834854,0,1783610754844839341,201,order_input,benchmark,mock,InstrumentType.Spot,866585320701887191,OrderType.Limit,Direction.Long,65000.38,525978736,False,Side.Sell,,65000.38,1653898000,BTC-USDT,TimeCondition.GTC,0.001
2837957847,4194834854,0,1783610754845140756,201,order_input,benchmark,mock,InstrumentType.Spot,866585320701887192,OrderType.Limit,Direction.Long,65000.19,525980272,False,Side.Buy,,65000.19,1653898000,BTC-USDT,TimeCondition.GTC,0.001
2837957847,4194834854,0,1783610754845453744,201,order_input,benchmark,mock,InstrumentType.Spot,866585320701887193,OrderType.Limit,Direction.Long,65000.4,525981808,False,Side.Sell,,65000.4,1653898000,BTC-USDT,TimeCondition.GTC,0.001
2837957847,4194834854,0,1783610754845675321,201,order_input,benchmark,mock,InstrumentType.Spot,866585320701887194,OrderType.Limit,Direction.Long,65000.21,525983344,False,Side.Buy,,65000.21,1653898000,BTC-USDT,TimeCondition.GTC,0.001
2837957847,4194834854,0,1783610754846324678,201,order_input,benchmark,mock,InstrumentType.Spot,866585320701887195,OrderType.Limit,Direction.Long,65000.42,525984880,False,Side.Sell,,65000.42,1653898000,BTC-USDT,TimeCondition.GTC,0.001
2837957847,4194834854,0,1783610754846386415,201,order_input,benchmark,mock,InstrumentType.Spot,866585320701887196,OrderType.Limit,Direction.Long,65000.23,525986416,False,Side.Buy,,65000.23,1653898000,BTC-USDT,TimeCondition.GTC,0.001
2837957847,4194834854,0,1783610754846602839,201,order_input,benchmark,mock,InstrumentType.Spot,866585320701887197,OrderType.Limit,Direction.Long,65000.439999999995,525987952,False,Side.Sell,,65000.439999999995,1653898000,BTC-USDT,TimeCondition.GTC,0.001
2837957847,4194834854,0,1783610754846867716,201,order_input,benchmark,mock,InstrumentType.Spot,866585320701887198,OrderType.Limit,Direction.Long,65000.25,525989488,False,Side.Buy,,65000.25,1653898000,BTC-USDT,TimeCondition.GTC,0.001
2837957847,4194834854,0,1783610754847247020,201,order_input,benchmark,mock,InstrumentType.Spot,866585320701887199,OrderType.Limit,Direction.Long,65000.46,525991024,False,Side.Sell,,65000.46,1653898000,BTC-USDT,TimeCondition.GTC,0.001
2837957847,4194834854,0,1783610754847709049,201,order_input,benchmark,mock,InstrumentType.Spot,866585320701887200,OrderType.Limit,Direction.Long,65000.270000000004,525992560,False,Side.Buy,,65000.270000000004,1653898000,BTC-USDT,TimeCondition.GTC,0.001
2837957847,4194834854,0,1783610754847860081,201,order_input,benchmark,mock,InstrumentType.Spot,866585320701887201,OrderType.Limit,Direction.Long,65000.479999999996,525994096,False,Side.Sell,,65000.479999999996,1653898000,BTC-USDT,TimeCondition.GTC,0.001
2837957847,4194834854,0,1783610754848102276,201,order_input,benchmark,mock,InstrumentType.Spot,866585320701887202,OrderType.Limit,Direction.Long,65000.29,525995632,False,Side.Buy,,65000.29,1653898000,BTC-USDT,TimeCondition.GTC,0.001
2837957847,4194834854,0,1783610754848438797,201,order_input,benchmark,mock,InstrumentType.Spot,866585320701887203,OrderType.Limit,Direction.Long,65000.5,525997168,False,Side.Sell,,65000.5,1653898000,BTC-USDT,TimeCondition.GTC,0.001
2837957847,4194834854,0,1783610754848738636,201,order_input,benchmark,mock,InstrumentType.Spot,866585320701887204,OrderType.Limit,Direction.Long,65000.310000000005,525998704,False,Side.Buy,,65000.310000000005,1653898000,BTC-USDT,TimeCondition.GTC,0.001
2837957847,4194834854,0,1783610754849044345,201,order_input,benchmark,mock,InstrumentType.Spot,866585320701887205,OrderType.Limit,Direction.Long,65000.52,526000240,False,Side.Sell,,65000.52,1653898000,BTC-USDT,TimeCondition.GTC,0.001
2837957847,4194834854,0,1783610754849331098,201,order_input,benchmark,mock,InstrumentType.Spot,866585320701887206,OrderType.Limit,Direction.Long,65000.33,526001776,False,Side.Buy,,65000.33,1653898000,BTC-USDT,TimeCondition.GTC,0.001
2837957847,4194834854,0,1783610754849644034,201,order_input,benchmark,mock,InstrumentType.Spot,866585320701887207,OrderType.Limit,Direction.Long,65000.54,526003312,False,Side.Sell,,65000.54,1653898000,BTC-USDT,TimeCondition.GTC,0.001
2837957847,4194834854,0,1783610754849863388,201,order_input,benchmark,mock,InstrumentType.Spot,866585320701887208,OrderType.Limit,Direction.Long,65000.35,526004848,False,Side.Buy,,65000.35,1653898000,BTC-USDT,TimeCondition.GTC,0.001
2837957847,4194834854,0,1783610754850360139,201,order_input,benchmark,mock,InstrumentType.Spot,866585320701887209,OrderType.Limit,Direction.Long,65000.56,526006384,False,Side.Sell,,65000.56,1653898000,BTC-USDT,TimeCondition.GTC,0.001
2837957847,4194834854,0,1783610754850626082,201,order_input,benchmark,mock,InstrumentType.Spot,866585320701887210,OrderType.Limit,Direction.Long,65000.37,526007920,False,Side.Buy,,65000.37,1653898000,BTC-USDT,TimeCondition.GTC,0.001
2837957847,4194834854,0,1783610754850899526,201,order_input,benchmark,mock,InstrumentType.Spot,866585320701887211,OrderType.Limit,Direction.Long,65000.58,526009456,False,Side.Sell,,65000.58,1653898000,BTC-USDT,TimeCondition.GTC,0.001
2837957847,4194834854,0,1783610754851213324,201,order_input,benchmark,mock,InstrumentType.Spot,866585320701887212,OrderType.Limit,Direction.Long,65000.39,526010992,False,Side.Buy,,65000.39,1653898000,BTC-USDT,TimeCondition.GTC,0.001
2837957847,4194834854,0,1783610754851485743,201,order_input,benchmark,mock,InstrumentType.Spot,866585320701887213,OrderType.Limit,Direction.Long,65000.6,526012528,False,Side.Sell,,65000.6,1653898000,BTC-USDT,TimeCondition.GTC,0.001
2837957847,4194834854,0,1783610754851659888,201,order_input,benchmark,mock,InstrumentType.Spot,866585320701887214,OrderType.Limit,Direction.Long,65000.41,526014064,False,Side.Buy,,65000.41,1653898000,BTC-USDT,TimeCondition.GTC,0.001
2837957847,4194834854,0,1783610754851957683,201,order_input,benchmark,mock,InstrumentType.Spot,866585320701887215,OrderType.Limit,Direction.Long,65000.619999999995,526015600,False,Side.Sell,,65000.619999999995,1653898000,BTC-USDT,TimeCondition.GTC,0.001
2837957847,4194834854,0,1783610754852595951,201,order_input,benchmark,mock,InstrumentType.Spot,866585320701887216,OrderType.Limit,Direction.Long,65000.43,526017136,False,Side.Buy,,65000.43,1653898000,BTC-USDT,TimeCondition.GTC,0.001
2837957847,4194834854,0,1783610754852751038,201,order_input,benchmark,mock,InstrumentType.Spot,866585320701887217,OrderType.Limit,Direction.Long,65000.64,526018672,False,Side.Sell,,65000.64,1653898000,BTC-USDT,TimeCondition.GTC,0.001
2837957847,4194834854,0,1783610754853047442,201,order_input,benchmark,mock,InstrumentType.Spot,866585320701887218,OrderType.Limit,Direction.Long,65000.450000000004,526020208,False,Side.Buy,,65000.450000000004,1653898000,BTC-USDT,TimeCondition.GTC,0.001
2837957847,4194834854,0,1783610754853183747,201,order_input,benchmark,mock,InstrumentType.Spot,866585320701887219,OrderType.Limit,Direction.Long,65000.659999999996,526021744,False,Side.Sell,,65000.659999999996,1653898000,BTC-USDT,TimeCondition.GTC,0.001
2837957847,4194834854,0,1783610754853569371,201,order_input,benchmark,mock,InstrumentType.Spot,866585320701887220,OrderType.Limit,Direction.Long,65000.47,526023280,False,Side.Buy,,65000.47,1653898000,BTC-USDT,TimeCondition.GTC,0.001
2837957847,4194834854,0,1783610754853947942,201,order_input,benchmark,mock,InstrumentType.Spot,866585320701887221,OrderType.Limit,Direction.Long,65000.68,526024816,False,Side.Sell,,65000.68,1653898000,BTC-USDT,TimeCondition.GTC,0.001
2837957847,4194834854,0,1783610754854131192,201,order_input,benchmark,mock,InstrumentType.Spot,866585320701887222,OrderType.Limit,Direction.Long,65000.49,526026352,False,Side.Buy,,65000.49,1653898000,BTC-USDT,TimeCondition.GTC,0.001
2837957847,4194834854,0,1783610754854409987,201,order_input,benchmark,mock,InstrumentType.Spot,866585320701887223,OrderType.Limit,Direction.Long,65000.7,526027888,False,Side.Sell,,65000.7,1653898000,BTC-USDT,TimeCondition.GTC,0.001
2837957847,4194834854,0,1783610754854768622,201,order_input,benchmark,mock,InstrumentType.Spot,866585320701887224,OrderType.Limit,Direction.Long,65000.51,526029424,False,Side.Buy,,65000.51,1653898000,BTC-USDT,TimeCondition.GTC,0.001
2837957847,4194834854,0,1783610754854986024,201,order_input,benchmark,mock,InstrumentType.Spot,866585320701887225,OrderType.Limit,Direction.Long,65000.72,525895088,False,Side.Sell,,65000.72,1653898000,BTC-USDT,TimeCondition.GTC,0.001
2837957847,4194834854,0,1783610754855363586,201,order_input,benchmark,mock,InstrumentType.Spot,866585320701887226,OrderType.Limit,Direction.Long,65000.53,525896624,False,Side.Buy,,65000.53,1653898000,BTC-USDT,TimeCondition.GTC,0.001
2837957847,4194834854,0,1783610754855579687,201,order_input,benchmark,mock,InstrumentType.Spot,866585320701887227,OrderType.Limit,Direction.Long,65000.74,525898160,False,Side.Sell,,65000.74,1653898000,BTC-USDT,TimeCondition.GTC,0.001
2837957847,4194834854,0,1783610754855956724,201,order_input,benchmark,mock,InstrumentType.Spot,866585320701887228,OrderType.Limit,Direction.Long,65000.55,525899696,False,Side.Buy,,65000.55,1653898000,BTC-USDT,TimeCondition.GTC,0.001
2837957847,4194834854,0,1783610754856182898,201,order_input,benchmark,mock,InstrumentType.Spot,866585320701887229,OrderType.Limit,Direction.Long,65000.76,526037904,False,Side.Sell,,65000.76,1653898000,BTC-USDT,TimeCondition.GTC,0.001
2837957847,4194834854,0,1783610754856555881,201,order_input,benchmark,mock,InstrumentType.Spot,866585320701887230,OrderType.Limit,Direction.Long,65000.57,526039440,False,Side.Buy,,65000.57,1653898000,BTC-USDT,TimeCondition.GTC,0.001
2837957847,4194834854,0,1783610754856765227,201,order_input,benchmark,mock,InstrumentType.Spot,866585320701887231,OrderType.Limit,Direction.Long,65000.78,526040976,False,Side.Sell,,65000.78,1653898000,BTC-USDT,TimeCondition.GTC,0.001
2837957847,4194834854,0,1783610754857146497,201,order_input,benchmark,mock,InstrumentType.Spot,866585320701887232,OrderType.Limit,Direction.Long,65000.590000000004,526042512,False,Side.Buy,,65000.590000000004,1653898000,BTC-USDT,TimeCondition.GTC,0.001
2837957847,4194834854,0,1783610754857446158,201,order_input,benchmark,mock,InstrumentType.Spot,866585320701887233,OrderType.Limit,Direction.Long,65000.799999999996,526044048,False,Side.Sell,,65000.799999999996,1653898000,BTC-USDT,TimeCondition.GTC,0.001
2837957847,4194834854,0,1783610754857742821,201,order_input,benchmark,mock,InstrumentType.Spot,866585320701887234,OrderType.Limit,Direction.Long,65000.61,526045584,False,Side.Buy,,65000.61,1653898000,BTC-USDT,TimeCondition.GTC,0.001
2837957847,4194834854,0,1783610754858056298,201,order_input,benchmark,mock,InstrumentType.Spot,866585320701887235,OrderType.Limit,Direction.Long,65000.82,526047120,False,Side.Sell,,65000.82,1653898000,BTC-USDT,TimeCondition.GTC,0.001
2837957847,4194834854,0,1783610754858339968,201,order_input,benchmark,mock,InstrumentType.Spot,866585320701887236,OrderType.Limit,Direction.Long,65000.630000000005,526048656,False,Side.Buy,,65000.630000000005,1653898000,BTC-USDT,TimeCondition.GTC,0.001
2837957847,4194834854,0,1783610754858642034,201,order_input,benchmark,mock,InstrumentType.Spot,866585320701887237,OrderType.Limit,Direction.Long,65000.84,526050192,False,Side.Sell,,65000.84,1653898000,BTC-USDT,TimeCondition.GTC,0.001
2837957847,4194834854,0,1783610754858938032,201,order_input,benchmark,mock,InstrumentType.Spot,866585320701887238,OrderType.Limit,Direction.Long,65000.65,526051728,False,Side.Buy,,65000.65,1653898000,BTC-USDT,TimeCondition.GTC,0.001
2837957847,4194834854,0,1783610754859240696,201,order_input,benchmark,mock,InstrumentType.Spot,866585320701887239,OrderType.Limit,Direction.Long,65000.86,526053264,False,Side.Sell,,65000.86,1653898000,BTC-USDT,TimeCondition.GTC,0.001
2837957847,4194834854,0,1783610754859556937,201,order_input,benchmark,mock,InstrumentType.Spot,866585320701887240,OrderType.Limit,Direction.Long,65000.67,526054800,False,Side.Buy,,65000.67,1653898000,BTC-USDT,TimeCondition.GTC,0.001
2837957847,4194834854,0,1783610754859784880,201,order_input,benchmark,mock,InstrumentType.Spot,866585320701887241,OrderType.Limit,Direction.Long,65000.88,526056336,False,Side.Sell,,65000.88,1653898000,BTC-USDT,TimeCondition.GTC,0.001
2837957847,4194834854,0,1783610754860141971,201,order_input,benchmark,mock,InstrumentType.Spot,866585320701887242,OrderType.Limit,Direction.Long,65000.69,526057872,False,Side.Buy,,65000.69,1653898000,BTC-USDT,TimeCondition.GTC,0.001
2837957847,4194834854,0,1783610754860439153,201,order_input,benchmark,mock,InstrumentType.Spot,866585320701887243,OrderType.Limit,Direction.Long,65000.9,526059408,False,Side.Sell,,65000.9,1653898000,BTC-USDT,TimeCondition.GTC,0.001
2837957847,4194834854,0,1783610754860738200,201,order_input,benchmark,mock,InstrumentType.Spot,866585320701887244,OrderType.Limit,Direction.Long,65000.71,526060944,False,Side.Buy,,65000.71,1653898000,BTC-USDT,TimeCondition.GTC,0.001
2837957847,4194834854,0,1783610754861051675,201,order_input,benchmark,mock,InstrumentType.Spot,866585320701887245,OrderType.Limit,Direction.Long,65000.92,526062480,False,Side.Sell,,65000.92,1653898000,BTC-USDT,TimeCondition.GTC,0.001
2837957847,4194834854,0,1783610754861347166,201,order_input,benchmark,mock,InstrumentType.Spot,866585320701887246,OrderType.Limit,Direction.Long,65000.73,526064016,False,Side.Buy,,65000.73,1653898000,BTC-USDT,TimeCondition.GTC,0.001
2837957847,4194834854,0,1783610754861638253,201,order_input,benchmark,mock,InstrumentType.Spot,866585320701887247,OrderType.Limit,Direction.Long,65000.939999999995,526065552,False,Side.Sell,,65000.939999999995,1653898000,BTC-USDT,TimeCondition.GTC,0.001
2837957847,4194834854,0,1783610754861938703,201,order_input,benchmark,mock,InstrumentType.Spot,866585320701887248,OrderType.Limit,Direction.Long,65000.75,526067088,False,Side.Buy,,65000.75,1653898000,BTC-USDT,TimeCondition.GTC,0.001
2837957847,4194834854,0,1783610754862342624,201,order_input,benchmark,mock,InstrumentType.Spot,866585320701887249,OrderType.Limit,Direction.Long,65000.96,526068624,False,Side.Sell,,65000.96,1653898000,BTC-USDT,TimeCondition.GTC,0.001
2837957847,4194834854,0,1783610754862660070,201,order_input,benchmark,mock,InstrumentType.Spot,866585320701887250,OrderType.Limit,Direction.Long,65000.770000000004,526070160,False,Side.Buy,,65000.770000000004,1653898000,BTC-USDT,TimeCondition.GTC,0.001
2837957847,4194834854,0,1783610754863010413,201,order_input,benchmark,mock,InstrumentType.Spot,866585320701887251,OrderType.Limit,Direction.Long,65000.979999999996,526071696,False,Side.Sell,,65000.979999999996,1653898000,BTC-USDT,TimeCondition.GTC,0.001
2837957847,4194834854,0,1783610754863075659,201,order_input,benchmark,mock,InstrumentType.Spot,866585320701887252,OrderType.Limit,Direction.Long,65000.79,526073232,False,Side.Buy,,65000.79,1653898000,BTC-USDT,TimeCondition.GTC,0.001
2837957847,4194834854,0,1783610754863381465,201,order_input,benchmark,mock,InstrumentType.Spot,866585320701887253,OrderType.Limit,Direction.Long,65001.0,526074768,False,Side.Sell,,65001.0,1653898000,BTC-USDT,TimeCondition.GTC,0.001
2837957847,4194834854,0,1783610754863743490,201,order_input,benchmark,mock,InstrumentType.Spot,866585320701887254,OrderType.Limit,Direction.Long,65000.810000000005,526076304,False,Side.Buy,,65000.810000000005,1653898000,BTC-USDT,TimeCondition.GTC,0.001
2837957847,4194834854,0,1783610754864052666,201,order_input,benchmark,mock,InstrumentType.Spot,866585320701887255,OrderType.Limit,Direction.Long,65001.02,526077840,False,Side.Sell,,65001.02,1653898000,BTC-USDT,TimeCondition.GTC,0.001
2837957847,4194834854,0,1783610754864354024,201,order_input,benchmark,mock,InstrumentType.Spot,866585320701887256,OrderType.Limit,Direction.Long,65000.83,526079376,False,Side.Buy,,65000.83,1653898000,BTC-USDT,TimeCondition.GTC,0.001
2837957847,4194834854,0,1783610754864641185,201,order_input,benchmark,mock,InstrumentType.Spot,866585320701887257,OrderType.Limit,Direction.Long,65001.04,526080912,False,Side.Sell,,65001.04,1653898000,BTC-USDT,TimeCondition.GTC,0.001
2837957847,4194834854,0,1783610754864940065,201,order_input,benchmark,mock,InstrumentType.Spot,866585320701887258,OrderType.Limit,Direction.Long,65000.85,526082448,False,Side.Buy,,65000.85,1653898000,BTC-USDT,TimeCondition.GTC,0.001
2837957847,4194834854,0,1783610754865236804,201,order_input,benchmark,mock,InstrumentType.Spot,866585320701887259,OrderType.Limit,Direction.Long,65001.06,526083984,False,Side.Sell,,65001.06,1653898000,BTC-USDT,TimeCondition.GTC,0.001
2837957847,4194834854,0,1783610754865538343,201,order_input,benchmark,mock,InstrumentType.Spot,866585320701887260,OrderType.Limit,Direction.Long,65000.87,526085520,False,Side.Buy,,65000.87,1653898000,BTC-USDT,TimeCondition.GTC,0.001
2837957847,4194834854,0,1783610754865840876,201,order_input,benchmark,mock,InstrumentType.Spot,866585320701887261,OrderType.Limit,Direction.Long,65001.08,526087056,False,Side.Sell,,65001.08,1653898000,BTC-USDT,TimeCondition.GTC,0.001
2837957847,4194834854,0,1783610754866143933,201,order_input,benchmark,mock,InstrumentType.Spot,866585320701887262,OrderType.Limit,Direction.Long,65000.89,526088592,False,Side.Buy,,65000.89,1653898000,BTC-USDT,TimeCondition.GTC,0.001
2837957847,4194834854,0,1783610754866434174,201,order_input,benchmark,mock,InstrumentType.Spot,866585320701887263,OrderType.Limit,Direction.Long,65000.1,526090128,False,Side.Sell,,65000.1,1653898000,BTC-USDT,TimeCondition.GTC,0.001
2837957847,4194834854,0,1783610754866756594,201,order_input,benchmark,mock,InstrumentType.Spot,866585320701887264,OrderType.Limit,Direction.Long,64999.91,526091664,False,Side.Buy,,64999.91,1653898000,BTC-USDT,TimeCondition.GTC,0.001
2837957847,4194834854,0,1783610754866979130,201,order_input,benchmark,mock,InstrumentType.Spot,866585320701887265,OrderType.Limit,Direction.Long,65000.119999999995,526093200,False,Side.Sell,,65000.119999999995,1653898000,BTC-USDT,TimeCondition.GTC,0.001
2837957847,4194834854,0,1783610754867338714,201,order_input,benchmark,mock,InstrumentType.Spot,866585320701887266,OrderType.Limit,Direction.Long,64999.93,526094736,False,Side.Buy,,64999.93,1653898000,BTC-USDT,TimeCondition.GTC,0.001
2837957847,4194834854,0,1783610754867640736,201,order_input,benchmark,mock,InstrumentType.Spot,866585320701887267,OrderType.Limit,Direction.Long,65000.14,526096272,False,Side.Sell,,65000.14,1653898000,BTC-USDT,TimeCondition.GTC,0.001
2837957847,4194834854,0,1783610754867924483,201,order_input,benchmark,mock,InstrumentType.Spot,866585320701887268,OrderType.Limit,Direction.Long,64999.950000000004,526097808,False,Side.Buy,,64999.950000000004,1653898000,BTC-USDT,TimeCondition.GTC,0.001
2837957847,4194834854,0,1783610754868238762,201,order_input,benchmark,mock,InstrumentType.Spot,866585320701887269,OrderType.Limit,Direction.Long,65000.159999999996,526099344,False,Side.Sell,,65000.159999999996,1653898000,BTC-USDT,TimeCondition.GTC,0.001
2837957847,4194834854,0,1783610754868542409,201,order_input,benchmark,mock,InstrumentType.Spot,866585320701887270,OrderType.Limit,Direction.Long,64999.97,526100880,False,Side.Buy,,64999.97,1653898000,BTC-USDT,TimeCondition.GTC,0.001
2837957847,4194834854,0,1783610754868839548,201,order_input,benchmark,mock,InstrumentType.Spot,866585320701887271,OrderType.Limit,Direction.Long,65000.18,526102416,False,Side.Sell,,65000.18,1653898000,BTC-USDT,TimeCondition.GTC,0.001
2837957847,4194834854,0,1783610754869140999,201,order_input,benchmark,mock,InstrumentType.Spot,866585320701887272,OrderType.Limit,Direction.Long,64999.99,526103952,False,Side.Buy,,64999.99,1653898000,BTC-USDT,TimeCondition.GTC,0.001
2837957847,4194834854,0,1783610754869436748,201,order_input,benchmark,mock,InstrumentType.Spot,866585320701887273,OrderType.Limit,Direction.Long,65000.2,526105488,False,Side.Sell,,65000.2,1653898000,BTC-USDT,TimeCondition.GTC,0.001
2837957847,4194834854,0,1783610754869738761,201,order_input,benchmark,mock,InstrumentType.Spot,866585320701887274,OrderType.Limit,Direction.Long,65000.01,526107024,False,Side.Buy,,65000.01,1653898000,BTC-USDT,TimeCondition.GTC,0.001
2837957847,4194834854,0,1783610754870054420,201,order_input,benchmark,mock,InstrumentType.Spot,866585320701887275,OrderType.Limit,Direction.Long,65000.22,526108560,False,Side.Sell,,65000.22,1653898000,BTC-USDT,TimeCondition.GTC,0.001
2837957847,4194834854,0,1783610754870341016,201,order_input,benchmark,mock,InstrumentType.Spot,866585320701887276,OrderType.Limit,Direction.Long,65000.03,526110096,False,Side.Buy,,65000.03,1653898000,BTC-USDT,TimeCondition.GTC,0.001
2837957847,4194834854,0,1783610754870638006,201,order_input,benchmark,mock,InstrumentType.Spot,866585320701887277,OrderType.Limit,Direction.Long,65000.24,526111632,False,Side.Sell,,65000.24,1653898000,BTC-USDT,TimeCondition.GTC,0.001
2837957847,4194834854,0,1783610754870938607,201,order_input,benchmark,mock,InstrumentType.Spot,866585320701887278,OrderType.Limit,Direction.Long,65000.05,526113168,False,Side.Buy,,65000.05,1653898000,BTC-USDT,TimeCondition.GTC,0.001
2837957847,4194834854,0,1783610754871252938,201,order_input,benchmark,mock,InstrumentType.Spot,866585320701887279,OrderType.Limit,Direction.Long,65000.26,526114704,False,Side.Sell,,65000.26,1653898000,BTC-USDT,TimeCondition.GTC,0.001
2837957847,4194834854,0,1783610754871486034,201,order_input,benchmark,mock,InstrumentType.Spot,866585320701887280,OrderType.Limit,Direction.Long,65000.07,526116240,False,Side.Buy,,65000.07,1653898000,BTC-USDT,TimeCondition.GTC,0.001
2837957847,4194834854,0,1783610754871839682,201,order_input,benchmark,mock,InstrumentType.Spot,866585320701887281,OrderType.Limit,Direction.Long,65000.28,526117776,False,Side.Sell,,65000.28,1653898000,BTC-USDT,TimeCondition.GTC,0.001
2837957847,4194834854,0,1783610754872141981,201,order_input,benchmark,mock,InstrumentType.Spot,866585320701887282,OrderType.Limit,Direction.Long,65000.090000000004,526119312,False,Side.Buy,,65000.090000000004,1653898000,BTC-USDT,TimeCondition.GTC,0.001
2837957847,4194834854,0,1783610754872435014,201,order_input,benchmark,mock,InstrumentType.Spot,866585320701887283,OrderType.Limit,Direction.Long,65000.299999999996,526120848,False,Side.Sell,,65000.299999999996,1653898000,BTC-USDT,TimeCondition.GTC,0.001
2837957847,4194834854,0,1783610754872745217,201,order_input,benchmark,mock,InstrumentType.Spot,866585320701887284,OrderType.Limit,Direction.Long,65000.11,526122384,False,Side.Buy,,65000.11,1653898000,BTC-USDT,TimeCondition.GTC,0.001
2837957847,4194834854,0,1783610754873049208,201,order_input,benchmark,mock,InstrumentType.Spot,866585320701887285,OrderType.Limit,Direction.Long,65000.32,526123920,False,Side.Sell,,65000.32,1653898000,BTC-USDT,TimeCondition.GTC,0.001
2837957847,4194834854,0,1783610754873497921,201,order_input,benchmark,mock,InstrumentType.Spot,866585320701887286,OrderType.Limit,Direction.Long,65000.130000000005,526125456,False,Side.Buy,,65000.130000000005,1653898000,BTC-USDT,TimeCondition.GTC,0.001
2837957847,4194834854,0,1783610754873644250,201,order_input,benchmark,mock,InstrumentType.Spot,866585320701887287,OrderType.Limit,Direction.Long,65000.34,526126992,False,Side.Sell,,65000.34,1653898000,BTC-USDT,TimeCondition.GTC,0.001
2837957847,4194834854,0,1783610754873891188,201,order_input,benchmark,mock,InstrumentType.Spot,866585320701887288,OrderType.Limit,Direction.Long,65000.15,526128528,False,Side.Buy,,65000.15,1653898000,BTC-USDT,TimeCondition.GTC,0.001
2837957847,4194834854,0,1783610754874244038,201,order_input,benchmark,mock,InstrumentType.Spot,866585320701887289,OrderType.Limit,Direction.Long,65000.36,526130064,False,Side.Sell,,65000.36,1653898000,BTC-USDT,TimeCondition.GTC,0.001
2837957847,4194834854,0,1783610754874546190,201,order_input,benchmark,mock,InstrumentType.Spot,866585320701887290,OrderType.Limit,Direction.Long,65000.17,526131600,False,Side.Buy,,65000.17,1653898000,BTC-USDT,TimeCondition.GTC,0.001
2837957847,4194834854,0,1783610754874846058,201,order_input,benchmark,mock,InstrumentType.Spot,866585320701887291,OrderType.Limit,Direction.Long,65000.38,526133136,False,Side.Sell,,65000.38,1653898000,BTC-USDT,TimeCondition.GTC,0.001
2837957847,4194834854,0,1783610754875257489,201,order_input,benchmark,mock,InstrumentType.Spot,866585320701887292,OrderType.Limit,Direction.Long,65000.19,526134672,False,Side.Buy,,65000.19,1653898000,BTC-USDT,TimeCondition.GTC,0.001
2837957847,4194834854,0,1783610754875395431,201,order_input,benchmark,mock,InstrumentType.Spot,866585320701887293,OrderType.Limit,Direction.Long,65000.4,526136208,False,Side.Sell,,65000.4,1653898000,BTC-USDT,TimeCondition.GTC,0.001
2837957847,4194834854,0,1783610754875753511,201,order_input,benchmark,mock,InstrumentType.Spot,866585320701887294,OrderType.Limit,Direction.Long,65000.21,526137744,False,Side.Buy,,65000.21,1653898000,BTC-USDT,TimeCondition.GTC,0.001
2837957847,4194834854,0,1783610754876053627,201,order_input,benchmark,mock,InstrumentType.Spot,866585320701887295,OrderType.Limit,Direction.Long,65000.42,526139280,False,Side.Sell,,65000.42,1653898000,BTC-USDT,TimeCondition.GTC,0.001
2837957847,4194834854,0,1783610754876340102,201,order_input,benchmark,mock,InstrumentType.Spot,866585320701887296,OrderType.Limit,Direction.Long,65000.23,526140816,False,Side.Buy,,65000.23,1653898000,BTC-USDT,TimeCondition.GTC,0.001
2837957847,4194834854,0,1783610754876638093,201,order_input,benchmark,mock,InstrumentType.Spot,866585320701887297,OrderType.Limit,Direction.Long,65000.439999999995,526142352,False,Side.Sell,,65000.439999999995,1653898000,BTC-USDT,TimeCondition.GTC,0.001
2837957847,4194834854,0,1783610754876941750,201,order_input,benchmark,mock,InstrumentType.Spot,866585320701887298,OrderType.Limit,Direction.Long,65000.25,526143888,False,Side.Buy,,65000.25,1653898000,BTC-USDT,TimeCondition.GTC,0.001
2837957847,4194834854,0,1783610754877246730,201,order_input,benchmark,mock,InstrumentType.Spot,866585320701887299,OrderType.Limit,Direction.Long,65000.46,526145424,False,Side.Sell,,65000.46,1653898000,BTC-USDT,TimeCondition.GTC,0.001
2837957847,4194834854,0,1783610754877544695,201,order_input,benchmark,mock,InstrumentType.Spot,866585320701887300,OrderType.Limit,Direction.Long,65000.270000000004,526146960,False,Side.Buy,,65000.270000000004,1653898000,BTC-USDT,TimeCondition.GTC,0.001
2837957847,4194834854,0,1783610754877845049,201,order_input,benchmark,mock,InstrumentType.Spot,866585320701887301,OrderType.Limit,Direction.Long,65000.479999999996,526148496,False,Side.Sell,,65000.479999999996,1653898000,BTC-USDT,TimeCondition.GTC,0.001
2837957847,4194834854,0,1783610754878149280,201,order_input,benchmark,mock,InstrumentType.Spot,866585320701887302,OrderType.Limit,Direction.Long,65000.29,526150032,False,Side.Buy,,65000.29,1653898000,BTC-USDT,TimeCondition.GTC,0.001
2837957847,4194834854,0,1783610754878462096,201,order_input,benchmark,mock,InstrumentType.Spot,866585320701887303,OrderType.Limit,Direction.Long,65000.5,526151568,False,Side.Sell,,65000.5,1653898000,BTC-USDT,TimeCondition.GTC,0.001
2837957847,4194834854,0,1783610754878745705,201,order_input,benchmark,mock,InstrumentType.Spot,866585320701887304,OrderType.Limit,Direction.Long,65000.310000000005,526153104,False,Side.Buy,,65000.310000000005,1653898000,BTC-USDT,TimeCondition.GTC,0.001
2837957847,4194834854,0,1783610754879058032,201,order_input,benchmark,mock,InstrumentType.Spot,866585320701887305,OrderType.Limit,Direction.Long,65000.52,526154640,False,Side.Sell,,65000.52,1653898000,BTC-USDT,TimeCondition.GTC,0.001
2837957847,4194834854,0,1783610754879336190,201,order_input,benchmark,mock,InstrumentType.Spot,866585320701887306,OrderType.Limit,Direction.Long,65000.33,526156176,False,Side.Buy,,65000.33,1653898000,BTC-USDT,TimeCondition.GTC,0.001
2837957847,4194834854,0,1783610754879637477,201,order_input,benchmark,mock,InstrumentType.Spot,866585320701887307,OrderType.Limit,Direction.Long,65000.54,526157712,False,Side.Sell,,65000.54,1653898000,BTC-USDT,TimeCondition.GTC,0.001
2837957847,4194834854,0,1783610754879938466,201,order_input,benchmark,mock,InstrumentType.Spot,866585320701887308,OrderType.Limit,Direction.Long,65000.35,526159248,False,Side.Buy,,65000.35,1653898000,BTC-USDT,TimeCondition.GTC,0.001
2837957847,4194834854,0,1783610754880239770,201,order_input,benchmark,mock,InstrumentType.Spot,866585320701887309,OrderType.Limit,Direction.Long,65000.56,526160784,False,Side.Sell,,65000.56,1653898000,BTC-USDT,TimeCondition.GTC,0.001
2837957847,4194834854,0,1783610754880480904,201,order_input,benchmark,mock,InstrumentType.Spot,866585320701887310,OrderType.Limit,Direction.Long,65000.37,526162320,False,Side.Buy,,65000.37,1653898000,BTC-USDT,TimeCondition.GTC,0.001
2837957847,4194834854,0,1783610754880874649,201,order_input,benchmark,mock,InstrumentType.Spot,866585320701887311,OrderType.Limit,Direction.Long,65000.58,526163856,False,Side.Sell,,65000.58,1653898000,BTC-USDT,TimeCondition.GTC,0.001
2837957847,4194834854,0,1783610754881141615,201,order_input,benchmark,mock,InstrumentType.Spot,866585320701887312,OrderType.Limit,Direction.Long,65000.39,526165392,False,Side.Buy,,65000.39,1653898000,BTC-USDT,TimeCondition.GTC,0.001
2837957847,4194834854,0,1783610754881454646,201,order_input,benchmark,mock,InstrumentType.Spot,866585320701887313,OrderType.Limit,Direction.Long,65000.6,526166928,False,Side.Sell,,65000.6,1653898000,BTC-USDT,TimeCondition.GTC,0.001
2837957847,4194834854,0,1783610754881741429,201,order_input,benchmark,mock,InstrumentType.Spot,866585320701887314,OrderType.Limit,Direction.Long,65000.41,526168464,False,Side.Buy,,65000.41,1653898000,BTC-USDT,TimeCondition.GTC,0.001
2837957847,4194834854,0,1783610754882243929,201,order_input,benchmark,mock,InstrumentType.Spot,866585320701887315,OrderType.Limit,Direction.Long,65000.619999999995,526170000,False,Side.Sell,,65000.619999999995,1653898000,BTC-USDT,TimeCondition.GTC,0.001
2837957847,4194834854,0,1783610754882346560,201,order_input,benchmark,mock,InstrumentType.Spot,866585320701887316,OrderType.Limit,Direction.Long,65000.43,526171504,False,Side.Buy,,65000.43,1653898000,BTC-USDT,TimeCondition.GTC,0.001
2837957847,4194834854,0,1783610754883090366,201,order_input,benchmark,mock,InstrumentType.Spot,866585320701887317,OrderType.Limit,Direction.Long,65000.64,526173072,False,Side.Sell,,65000.64,1653898000,BTC-USDT,TimeCondition.GTC,0.001
2837957847,4194834854,0,1783610754883131125,201,order_input,benchmark,mock,InstrumentType.Spot,866585320701887318,OrderType.Limit,Direction.Long,65000.450000000004,526174576,False,Side.Buy,,65000.450000000004,1653898000,BTC-USDT,TimeCondition.GTC,0.001
2837957847,4194834854,0,1783610754883152413,201,order_input,benchmark,mock,InstrumentType.Spot,866585320701887319,OrderType.Limit,Direction.Long,65000.659999999996,526176144,False,Side.Sell,,65000.659999999996,1653898000,BTC-USDT,TimeCondition.GTC,0.001
2837957847,4194834854,0,1783610754883464711,201,order_input,benchmark,mock,InstrumentType.Spot,866585320701887320,OrderType.Limit,Direction.Long,65000.47,526177680,False,Side.Buy,,65000.47,1653898000,BTC-USDT,TimeCondition.GTC,0.001
2837957847,4194834854,0,1783610754883840536,201,order_input,benchmark,mock,InstrumentType.Spot,866585320701887321,OrderType.Limit,Direction.Long,65000.68,526179216,False,Side.Sell,,65000.68,1653898000,BTC-USDT,TimeCondition.GTC,0.001
2837957847,4194834854,0,1783610754884142330,201,order_input,benchmark,mock,InstrumentType.Spot,866585320701887322,OrderType.Limit,Direction.Long,65000.49,526180752,False,Side.Buy,,65000.49,1653898000,BTC-USDT,TimeCondition.GTC,0.001
2837957847,4194834854,0,1783610754884580220,201,order_input,benchmark,mock,InstrumentType.Spot,866585320701887323,OrderType.Limit,Direction.Long,65000.7,526182288,False,Side.Sell,,65000.7,1653898000,BTC-USDT,TimeCondition.GTC,0.001
2837957847,4194834854,0,1783610754884791665,201,order_input,benchmark,mock,InstrumentType.Spot,866585320701887324,OrderType.Limit,Direction.Long,65000.51,526183824,False,Side.Buy,,65000.51,1653898000,BTC-USDT,TimeCondition.GTC,0.001
2837957847,4194834854,0,1783610754885031970,201,order_input,benchmark,mock,InstrumentType.Spot,866585320701887325,OrderType.Limit,Direction.Long,65000.72,526030960,False,Side.Sell,,65000.72,1653898000,BTC-USDT,TimeCondition.GTC,0.001
2837957847,4194834854,0,1783610754885343259,201,order_input,benchmark,mock,InstrumentType.Spot,866585320701887326,OrderType.Limit,Direction.Long,65000.53,526032496,False,Side.Buy,,65000.53,1653898000,BTC-USDT,TimeCondition.GTC,0.001
2837957847,4194834854,0,1783610754885638762,201,order_input,benchmark,mock,InstrumentType.Spot,866585320701887327,OrderType.Limit,Direction.Long,65000.74,526034032,False,Side.Sell,,65000.74,1653898000,BTC-USDT,TimeCondition.GTC,0.001
2837957847,4194834854,0,1783610754885939674,201,order_input,benchmark,mock,InstrumentType.Spot,866585320701887328,OrderType.Limit,Direction.Long,65000.55,526035568,False,Side.Buy,,65000.55,1653898000,BTC-USDT,TimeCondition.GTC,0.001
2837957847,4194834854,0,1783610754886239617,201,order_input,benchmark,mock,InstrumentType.Spot,866585320701887329,OrderType.Limit,Direction.Long,65000.76,526037104,False,Side.Sell,,65000.76,1653898000,BTC-USDT,TimeCondition.GTC,0.001
2837957847,4194834854,0,1783610754886537442,201,order_input,benchmark,mock,InstrumentType.Spot,866585320701887330,OrderType.Limit,Direction.Long,65000.57,526193936,False,Side.Buy,,65000.57,1653898000,BTC-USDT,TimeCondition.GTC,0.001
2837957847,4194834854,0,1783610754886837755,201,order_input,benchmark,mock,InstrumentType.Spot,866585320701887331,OrderType.Limit,Direction.Long,65000.78,526195472,False,Side.Sell,,65000.78,1653898000,BTC-USDT,TimeCondition.GTC,0.001
2837957847,4194834854,0,1783610754887151434,201,order_input,benchmark,mock,InstrumentType.Spot,866585320701887332,OrderType.Limit,Direction.Long,65000.590000000004,526197008,False,Side.Buy,,65000.590000000004,1653898000,BTC-USDT,TimeCondition.GTC,0.001
2837957847,4194834854,0,1783610754887436883,201,order_input,benchmark,mock,InstrumentType.Spot,866585320701887333,OrderType.Limit,Direction.Long,65000.799999999996,526198544,False,Side.Sell,,65000.799999999996,1653898000,BTC-USDT,TimeCondition.GTC,0.001
2837957847,4194834854,0,1783610754887754540,201,order_input,benchmark,mock,InstrumentType.Spot,866585320701887334,OrderType.Limit,Direction.Long,65000.61,526200080,False,Side.Buy,,65000.61,1653898000,BTC-USDT,TimeCondition.GTC,0.001
2837957847,4194834854,0,1783610754887987272,201,order_input,benchmark,mock,InstrumentType.Spot,866585320701887335,OrderType.Limit,Direction.Long,65000.82,526201616,False,Side.Sell,,65000.82,1653898000,BTC-USDT,TimeCondition.GTC,0.001
2837957847,4194834854,0,1783610754888349010,201,order_input,benchmark,mock,InstrumentType.Spot,866585320701887336,OrderType.Limit,Direction.Long,65000.630000000005,526203152,False,Side.Buy,,65000.630000000005,1653898000,BTC-USDT,TimeCondition.GTC,0.001
2837957847,4194834854,0,1783610754888646364,201,order_input,benchmark,mock,InstrumentType.Spot,866585320701887337,OrderType.Limit,Direction.Long,65000.84,526204688,False,Side.Sell,,65000.84,1653898000,BTC-USDT,TimeCondition.GTC,0.001
2837957847,4194834854,0,1783610754888949487,201,order_input,benchmark,mock,InstrumentType.Spot,866585320701887338,OrderType.Limit,Direction.Long,65000.65,526206224,False,Side.Buy,,65000.65,1653898000,BTC-USDT,TimeCondition.GTC,0.001
2837957847,4194834854,0,1783610754889248211,201,order_input,benchmark,mock,InstrumentType.Spot,866585320701887339,OrderType.Limit,Direction.Long,65000.86,526207760,False,Side.Sell,,65000.86,1653898000,BTC-USDT,TimeCondition.GTC,0.001
2837957847,4194834854,0,1783610754889546430,201,order_input,benchmark,mock,InstrumentType.Spot,866585320701887340,OrderType.Limit,Direction.Long,65000.67,526209296,False,Side.Buy,,65000.67,1653898000,BTC-USDT,TimeCondition.GTC,0.001
2837957847,4194834854,0,1783610754889844970,201,order_input,benchmark,mock,InstrumentType.Spot,866585320701887341,OrderType.Limit,Direction.Long,65000.88,526210832,False,Side.Sell,,65000.88,1653898000,BTC-USDT,TimeCondition.GTC,0.001
2837957847,4194834854,0,1783610754890153528,201,order_input,benchmark,mock,InstrumentType.Spot,866585320701887342,OrderType.Limit,Direction.Long,65000.69,526212368,False,Side.Buy,,65000.69,1653898000,BTC-USDT,TimeCondition.GTC,0.001
2837957847,4194834854,0,1783610754890447934,201,order_input,benchmark,mock,InstrumentType.Spot,866585320701887343,OrderType.Limit,Direction.Long,65000.9,526213904,False,Side.Sell,,65000.9,1653898000,BTC-USDT,TimeCondition.GTC,0.001
2837957847,4194834854,0,1783610754890744658,201,order_input,benchmark,mock,InstrumentType.Spot,866585320701887344,OrderType.Limit,Direction.Long,65000.71,526215440,False,Side.Buy,,65000.71,1653898000,BTC-USDT,TimeCondition.GTC,0.001
2837957847,4194834854,0,1783610754891051460,201,order_input,benchmark,mock,InstrumentType.Spot,866585320701887345,OrderType.Limit,Direction.Long,65000.92,526216976,False,Side.Sell,,65000.92,1653898000,BTC-USDT,TimeCondition.GTC,0.001
2837957847,4194834854,0,1783610754891347731,201,order_input,benchmark,mock,InstrumentType.Spot,866585320701887346,OrderType.Limit,Direction.Long,65000.73,526218512,False,Side.Buy,,65000.73,1653898000,BTC-USDT,TimeCondition.GTC,0.001
2837957847,4194834854,0,1783610754891643262,201,order_input,benchmark,mock,InstrumentType.Spot,866585320701887347,OrderType.Limit,Direction.Long,65000.939999999995,526220048,False,Side.Sell,,65000.939999999995,1653898000,BTC-USDT,TimeCondition.GTC,0.001
2837957847,4194834854,0,1783610754891943231,201,order_input,benchmark,mock,InstrumentType.Spot,866585320701887348,OrderType.Limit,Direction.Long,65000.75,526221584,False,Side.Buy,,65000.75,1653898000,BTC-USDT,TimeCondition.GTC,0.001
2837957847,4194834854,0,1783610754892244066,201,order_input,benchmark,mock,InstrumentType.Spot,866585320701887349,OrderType.Limit,Direction.Long,65000.96,526223120,False,Side.Sell,,65000.96,1653898000,BTC-USDT,TimeCondition.GTC,0.001
2837957847,4194834854,0,1783610754892542905,201,order_input,benchmark,mock,InstrumentType.Spot,866585320701887350,OrderType.Limit,Direction.Long,65000.770000000004,526224656,False,Side.Buy,,65000.770000000004,1653898000,BTC-USDT,TimeCondition.GTC,0.001
2837957847,4194834854,0,1783610754892854689,201,order_input,benchmark,mock,InstrumentType.Spot,866585320701887351,OrderType.Limit,Direction.Long,65000.979999999996,526226192,False,Side.Sell,,65000.979999999996,1653898000,BTC-USDT,TimeCondition.GTC,0.001
2837957847,4194834854,0,1783610754893146503,201,order_input,benchmark,mock,InstrumentType.Spot,866585320701887352,OrderType.Limit,Direction.Long,65000.79,526227728,False,Side.Buy,,65000.79,1653898000,BTC-USDT,TimeCondition.GTC,0.001
2837957847,4194834854,0,1783610754893444302,201,order_input,benchmark,mock,InstrumentType.Spot,866585320701887353,OrderType.Limit,Direction.Long,65001.0,526229264,False,Side.Sell,,65001.0,1653898000,BTC-USDT,TimeCondition.GTC,0.001
2837957847,4194834854,0,1783610754893742980,201,order_input,benchmark,mock,InstrumentType.Spot,866585320701887354,OrderType.Limit,Direction.Long,65000.810000000005,526230800,False,Side.Buy,,65000.810000000005,1653898000,BTC-USDT,TimeCondition.GTC,0.001
2837957847,4194834854,0,1783610754894051021,201,order_input,benchmark,mock,InstrumentType.Spot,866585320701887355,OrderType.Limit,Direction.Long,65001.02,526232336,False,Side.Sell,,65001.02,1653898000,BTC-USDT,TimeCondition.GTC,0.001
2837957847,4194834854,0,1783610754894342846,201,order_input,benchmark,mock,InstrumentType.Spot,866585320701887356,OrderType.Limit,Direction.Long,65000.83,526233872,False,Side.Buy,,65000.83,1653898000,BTC-USDT,TimeCondition.GTC,0.001
2837957847,4194834854,0,1783610754894644036,201,order_input,benchmark,mock,InstrumentType.Spot,866585320701887357,OrderType.Limit,Direction.Long,65001.04,526235408,False,Side.Sell,,65001.04,1653898000,BTC-USDT,TimeCondition.GTC,0.001
2837957847,4194834854,0,1783610754894949233,201,order_input,benchmark,mock,InstrumentType.Spot,866585320701887358,OrderType.Limit,Direction.Long,65000.85,526236944,False,Side.Buy,,65000.85,1653898000,BTC-USDT,TimeCondition.GTC,0.001
2837957847,4194834854,0,1783610754895194317,201,order_input,benchmark,mock,InstrumentType.Spot,866585320701887359,OrderType.Limit,Direction.Long,65001.06,526238480,False,Side.Sell,,65001.06,1653898000,BTC-USDT,TimeCondition.GTC,0.001
2837957847,4194834854,0,1783610754895678902,201,order_input,benchmark,mock,InstrumentType.Spot,866585320701887360,OrderType.Limit,Direction.Long,65000.87,526240016,False,Side.Buy,,65000.87,1653898000,BTC-USDT,TimeCondition.GTC,0.001
2837957847,4194834854,0,1783610754895893556,201,order_input,benchmark,mock,InstrumentType.Spot,866585320701887361,OrderType.Limit,Direction.Long,65001.08,526241552,False,Side.Sell,,65001.08,1653898000,BTC-USDT,TimeCondition.GTC,0.001
2837957847,4194834854,0,1783610754896197333,201,order_input,benchmark,mock,InstrumentType.Spot,866585320701887362,OrderType.Limit,Direction.Long,65000.89,526243088,False,Side.Buy,,65000.89,1653898000,BTC-USDT,TimeCondition.GTC,0.001
2837957847,4194834854,0,1783610754896525546,201,order_input,benchmark,mock,InstrumentType.Spot,866585320701887363,OrderType.Limit,Direction.Long,65000.1,526244624,False,Side.Sell,,65000.1,1653898000,BTC-USDT,TimeCondition.GTC,0.001
2837957847,4194834854,0,1783610754896809836,201,order_input,benchmark,mock,InstrumentType.Spot,866585320701887364,OrderType.Limit,Direction.Long,64999.91,526246160,False,Side.Buy,,64999.91,1653898000,BTC-USDT,TimeCondition.GTC,0.001
2837957847,4194834854,0,1783610754897157424,201,order_input,benchmark,mock,InstrumentType.Spot,866585320701887365,OrderType.Limit,Direction.Long,65000.119999999995,526247696,False,Side.Sell,,65000.119999999995,1653898000,BTC-USDT,TimeCondition.GTC,0.001
2837957847,4194834854,0,1783610754897288218,201,order_input,benchmark,mock,InstrumentType.Spot,866585320701887366,OrderType.Limit,Direction.Long,64999.93,526249232,False,Side.Buy,,64999.93,1653898000,BTC-USDT,TimeCondition.GTC,0.001
2837957847,4194834854,0,1783610754897648172,201,order_input,benchmark,mock,InstrumentType.Spot,866585320701887367,OrderType.Limit,Direction.Long,65000.14,526250768,False,Side.Sell,,65000.14,1653898000,BTC-USDT,TimeCondition.GTC,0.001
2837957847,4194834854,0,1783610754897943945,201,order_input,benchmark,mock,InstrumentType.Spot,866585320701887368,OrderType.Limit,Direction.Long,64999.950000000004,526252304,False,Side.Buy,,64999.950000000004,1653898000,BTC-USDT,TimeCondition.GTC,0.001
2837957847,4194834854,0,1783610754898245382,201,order_input,benchmark,mock,InstrumentType.Spot,866585320701887369,OrderType.Limit,Direction.Long,65000.159999999996,526253840,False,Side.Sell,,65000.159999999996,1653898000,BTC-USDT,TimeCondition.GTC,0.001
2837957847,4194834854,0,1783610754898557854,201,order_input,benchmark,mock,InstrumentType.Spot,866585320701887370,OrderType.Limit,Direction.Long,64999.97,526255376,False,Side.Buy,,64999.97,1653898000,BTC-USDT,TimeCondition.GTC,0.001
2837957847,4194834854,0,1783610754898844777,201,order_input,benchmark,mock,InstrumentType.Spot,866585320701887371,OrderType.Limit,Direction.Long,65000.18,526256912,False,Side.Sell,,65000.18,1653898000,BTC-USDT,TimeCondition.GTC,0.001
2837957847,4194834854,0,1783610754899142039,201,order_input,benchmark,mock,InstrumentType.Spot,866585320701887372,OrderType.Limit,Direction.Long,64999.99,526258448,False,Side.Buy,,64999.99,1653898000,BTC-USDT,TimeCondition.GTC,0.001
2837957847,4194834854,0,1783610754899444948,201,order_input,benchmark,mock,InstrumentType.Spot,866585320701887373,OrderType.Limit,Direction.Long,65000.2,526259984,False,Side.Sell,,65000.2,1653898000,BTC-USDT,TimeCondition.GTC,0.001
2837957847,4194834854,0,1783610754899747038,201,order_input,benchmark,mock,InstrumentType.Spot,866585320701887374,OrderType.Limit,Direction.Long,65000.01,526261520,False,Side.Buy,,65000.01,1653898000,BTC-USDT,TimeCondition.GTC,0.001
2837957847,4194834854,0,1783610754900052382,201,order_input,benchmark,mock,InstrumentType.Spot,866585320701887375,OrderType.Limit,Direction.Long,65000.22,526263056,False,Side.Sell,,65000.22,1653898000,BTC-USDT,TimeCondition.GTC,0.001
2837957847,4194834854,0,1783610754900341435,201,order_input,benchmark,mock,InstrumentType.Spot,866585320701887376,OrderType.Limit,Direction.Long,65000.03,526264592,False,Side.Buy,,65000.03,1653898000,BTC-USDT,TimeCondition.GTC,0.001
2837957847,4194834854,0,1783610754900644719,201,order_input,benchmark,mock,InstrumentType.Spot,866585320701887377,OrderType.Limit,Direction.Long,65000.24,526266128,False,Side.Sell,,65000.24,1653898000,BTC-USDT,TimeCondition.GTC,0.001
2837957847,4194834854,0,1783610754900944506,201,order_input,benchmark,mock,InstrumentType.Spot,866585320701887378,OrderType.Limit,Direction.Long,65000.05,526267664,False,Side.Buy,,65000.05,1653898000,BTC-USDT,TimeCondition.GTC,0.001
2837957847,4194834854,0,1783610754901243914,201,order_input,benchmark,mock,InstrumentType.Spot,866585320701887379,OrderType.Limit,Direction.Long,65000.26,526269200,False,Side.Sell,,65000.26,1653898000,BTC-USDT,TimeCondition.GTC,0.001
2837957847,4194834854,0,1783610754901628843,201,order_input,benchmark,mock,InstrumentType.Spot,866585320701887380,OrderType.Limit,Direction.Long,65000.07,526270736,False,Side.Buy,,65000.07,1653898000,BTC-USDT,TimeCondition.GTC,0.001
2837957847,4194834854,0,1783610754901837549,201,order_input,benchmark,mock,InstrumentType.Spot,866585320701887381,OrderType.Limit,Direction.Long,65000.28,526272272,False,Side.Sell,,65000.28,1653898000,BTC-USDT,TimeCondition.GTC,0.001
2837957847,4194834854,0,1783610754902146080,201,order_input,benchmark,mock,InstrumentType.Spot,866585320701887382,OrderType.Limit,Direction.Long,65000.090000000004,526273808,False,Side.Buy,,65000.090000000004,1653898000,BTC-USDT,TimeCondition.GTC,0.001
2837957847,4194834854,0,1783610754902444121,201,order_input,benchmark,mock,InstrumentType.Spot,866585320701887383,OrderType.Limit,Direction.Long,65000.299999999996,526275344,False,Side.Sell,,65000.299999999996,1653898000,BTC-USDT,TimeCondition.GTC,0.001
2837957847,4194834854,0,1783610754902745258,201,order_input,benchmark,mock,InstrumentType.Spot,866585320701887384,OrderType.Limit,Direction.Long,65000.11,526276880,False,Side.Buy,,65000.11,1653898000,BTC-USDT,TimeCondition.GTC,0.001
2837957847,4194834854,0,1783610754902964827,201,order_input,benchmark,mock,InstrumentType.Spot,866585320701887385,OrderType.Limit,Direction.Long,65000.32,526278416,False,Side.Sell,,65000.32,1653898000,BTC-USDT,TimeCondition.GTC,0.001
2837957847,4194834854,0,1783610754903335663,201,order_input,benchmark,mock,InstrumentType.Spot,866585320701887386,OrderType.Limit,Direction.Long,65000.130000000005,526279952,False,Side.Buy,,65000.130000000005,1653898000,BTC-USDT,TimeCondition.GTC,0.001
2837957847,4194834854,0,1783610754903633013,201,order_input,benchmark,mock,InstrumentType.Spot,866585320701887387,OrderType.Limit,Direction.Long,65000.34,526281488,False,Side.Sell,,65000.34,1653898000,BTC-USDT,TimeCondition.GTC,0.001
2837957847,4194834854,0,1783610754903936612,201,order_input,benchmark,mock,InstrumentType.Spot,866585320701887388,OrderType.Limit,Direction.Long,65000.15,526283024,False,Side.Buy,,65000.15,1653898000,BTC-USDT,TimeCondition.GTC,0.001
2837957847,4194834854,0,1783610754904245037,201,order_input,benchmark,mock,InstrumentType.Spot,866585320701887389,OrderType.Limit,Direction.Long,65000.36,526284560,False,Side.Sell,,65000.36,1653898000,BTC-USDT,TimeCondition.GTC,0.001
2837957847,4194834854,0,1783610754904539033,201,order_input,benchmark,mock,InstrumentType.Spot,866585320701887390,OrderType.Limit,Direction.Long,65000.17,526286096,False,Side.Buy,,65000.17,1653898000,BTC-USDT,TimeCondition.GTC,0.001
2837957847,4194834854,0,1783610754904837405,201,order_input,benchmark,mock,InstrumentType.Spot,866585320701887391,OrderType.Limit,Direction.Long,65000.38,526287632,False,Side.Sell,,65000.38,1653898000,BTC-USDT,TimeCondition.GTC,0.001
2837957847,4194834854,0,1783610754905140856,201,order_input,benchmark,mock,InstrumentType.Spot,866585320701887392,OrderType.Limit,Direction.Long,65000.19,526289168,False,Side.Buy,,65000.19,1653898000,BTC-USDT,TimeCondition.GTC,0.001
2837957847,4194834854,0,1783610754905438419,201,order_input,benchmark,mock,InstrumentType.Spot,866585320701887393,OrderType.Limit,Direction.Long,65000.4,526290704,False,Side.Sell,,65000.4,1653898000,BTC-USDT,TimeCondition.GTC,0.001
2837957847,4194834854,0,1783610754905736543,201,order_input,benchmark,mock,InstrumentType.Spot,866585320701887394,OrderType.Limit,Direction.Long,65000.21,526292240,False,Side.Buy,,65000.21,1653898000,BTC-USDT,TimeCondition.GTC,0.001
2837957847,4194834854,0,1783610754906043161,201,order_input,benchmark,mock,InstrumentType.Spot,866585320701887395,OrderType.Limit,Direction.Long,65000.42,526293776,False,Side.Sell,,65000.42,1653898000,BTC-USDT,TimeCondition.GTC,0.001
2837957847,4194834854,0,1783610754906335819,201,order_input,benchmark,mock,InstrumentType.Spot,866585320701887396,OrderType.Limit,Direction.Long,65000.23,526295312,False,Side.Buy,,65000.23,1653898000,BTC-USDT,TimeCondition.GTC,0.001
2837957847,4194834854,0,1783610754906645436,201,order_input,benchmark,mock,InstrumentType.Spot,866585320701887397,OrderType.Limit,Direction.Long,65000.439999999995,526296848,False,Side.Sell,,65000.439999999995,1653898000,BTC-USDT,TimeCondition.GTC,0.001
2837957847,4194834854,0,1783610754906938867,201,order_input,benchmark,mock,InstrumentType.Spot,866585320701887398,OrderType.Limit,Direction.Long,65000.25,526298384,False,Side.Buy,,65000.25,1653898000,BTC-USDT,TimeCondition.GTC,0.001
2837957847,4194834854,0,1783610754907248505,201,order_input,benchmark,mock,InstrumentType.Spot,866585320701887399,OrderType.Limit,Direction.Long,65000.46,526299920,False,Side.Sell,,65000.46,1653898000,BTC-USDT,TimeCondition.GTC,0.001
2837957847,4194834854,0,1783610754907535964,201,order_input,benchmark,mock,InstrumentType.Spot,866585320701887400,OrderType.Limit,Direction.Long,65000.270000000004,526301456,False,Side.Buy,,65000.270000000004,1653898000,BTC-USDT,TimeCondition.GTC,0.001
2837957847,4194834854,0,1783610754908182461,201,order_input,benchmark,mock,InstrumentType.Spot,866585320701887401,OrderType.Limit,Direction.Long,65000.479999999996,526302992,False,Side.Sell,,65000.479999999996,1653898000,BTC-USDT,TimeCondition.GTC,0.001
2837957847,4194834854,0,1783610754908237504,201,order_input,benchmark,mock,InstrumentType.Spot,866585320701887402,OrderType.Limit,Direction.Long,65000.29,526304496,False,Side.Buy,,65000.29,1653898000,BTC-USDT,TimeCondition.GTC,0.001
2837957847,4194834854,0,1783610754908395834,201,order_input,benchmark,mock,InstrumentType.Spot,866585320701887403,OrderType.Limit,Direction.Long,65000.5,526306064,False,Side.Sell,,65000.5,1653898000,BTC-USDT,TimeCondition.GTC,0.001
2837957847,4194834854,0,1783610754908734214,201,order_input,benchmark,mock,InstrumentType.Spot,866585320701887404,OrderType.Limit,Direction.Long,65000.310000000005,526307600,False,Side.Buy,,65000.310000000005,1653898000,BTC-USDT,TimeCondition.GTC,0.001
2837957847,4194834854,0,1783610754909055188,201,order_input,benchmark,mock,InstrumentType.Spot,866585320701887405,OrderType.Limit,Direction.Long,65000.52,526309136,False,Side.Sell,,65000.52,1653898000,BTC-USDT,TimeCondition.GTC,0.001
2837957847,4194834854,0,1783610754909274823,201,order_input,benchmark,mock,InstrumentType.Spot,866585320701887406,OrderType.Limit,Direction.Long,65000.33,526310672,False,Side.Buy,,65000.33,1653898000,BTC-USDT,TimeCondition.GTC,0.001
2837957847,4194834854,0,1783610754909633685,201,order_input,benchmark,mock,InstrumentType.Spot,866585320701887407,OrderType.Limit,Direction.Long,65000.54,526312208,False,Side.Sell,,65000.54,1653898000,BTC-USDT,TimeCondition.GTC,0.001
2837957847,4194834854,0,1783610754909943624,201,order_input,benchmark,mock,InstrumentType.Spot,866585320701887408,OrderType.Limit,Direction.Long,65000.35,526313744,False,Side.Buy,,65000.35,1653898000,BTC-USDT,TimeCondition.GTC,0.001
2837957847,4194834854,0,1783610754910232106,201,order_input,benchmark,mock,InstrumentType.Spot,866585320701887409,OrderType.Limit,Direction.Long,65000.56,526315280,False,Side.Sell,,65000.56,1653898000,BTC-USDT,TimeCondition.GTC,0.001
2837957847,4194834854,0,1783610754910532494,201,order_input,benchmark,mock,InstrumentType.Spot,866585320701887410,OrderType.Limit,Direction.Long,65000.37,526316816,False,Side.Buy,,65000.37,1653898000,BTC-USDT,TimeCondition.GTC,0.001
2837957847,4194834854,0,1783610754910833358,201,order_input,benchmark,mock,InstrumentType.Spot,866585320701887411,OrderType.Limit,Direction.Long,65000.58,526318352,False,Side.Sell,,65000.58,1653898000,BTC-USDT,TimeCondition.GTC,0.001
2837957847,4194834854,0,1783610754911129957,201,order_input,benchmark,mock,InstrumentType.Spot,866585320701887412,OrderType.Limit,Direction.Long,65000.39,526319888,False,Side.Buy,,65000.39,1653898000,BTC-USDT,TimeCondition.GTC,0.001
2837957847,4194834854,0,1783610754911429842,201,order_input,benchmark,mock,InstrumentType.Spot,866585320701887413,OrderType.Limit,Direction.Long,65000.6,526321424,False,Side.Sell,,65000.6,1653898000,BTC-USDT,TimeCondition.GTC,0.001
2837957847,4194834854,0,1783610754911733429,201,order_input,benchmark,mock,InstrumentType.Spot,866585320701887414,OrderType.Limit,Direction.Long,65000.41,526322960,False,Side.Buy,,65000.41,1653898000,BTC-USDT,TimeCondition.GTC,0.001
2837957847,4194834854,0,1783610754912040489,201,order_input,benchmark,mock,InstrumentType.Spot,866585320701887415,OrderType.Limit,Direction.Long,65000.619999999995,526324496,False,Side.Sell,,65000.619999999995,1653898000,BTC-USDT,TimeCondition.GTC,0.001
2837957847,4194834854,0,1783610754912333309,201,order_input,benchmark,mock,InstrumentType.Spot,866585320701887416,OrderType.Limit,Direction.Long,65000.43,526326032,False,Side.Buy,,65000.43,1653898000,BTC-USDT,TimeCondition.GTC,0.001
2837957847,4194834854,0,1783610754912632188,201,order_input,benchmark,mock,InstrumentType.Spot,866585320701887417,OrderType.Limit,Direction.Long,65000.64,526327568,False,Side.Sell,,65000.64,1653898000,BTC-USDT,TimeCondition.GTC,0.001
2837957847,4194834854,0,1783610754912938633,201,order_input,benchmark,mock,InstrumentType.Spot,866585320701887418,OrderType.Limit,Direction.Long,65000.450000000004,526329104,False,Side.Buy,,65000.450000000004,1653898000,BTC-USDT,TimeCondition.GTC,0.001
2837957847,4194834854,0,1783610754913233117,201,order_input,benchmark,mock,InstrumentType.Spot,866585320701887419,OrderType.Limit,Direction.Long,65000.659999999996,526330640,False,Side.Sell,,65000.659999999996,1653898000,BTC-USDT,TimeCondition.GTC,0.001
2837957847,4194834854,0,1783610754913533816,201,order_input,benchmark,mock,InstrumentType.Spot,866585320701887420,OrderType.Limit,Direction.Long,65000.47,526332176,False,Side.Buy,,65000.47,1653898000,BTC-USDT,TimeCondition.GTC,0.001
2837957847,4194834854,0,1783610754913831857,201,order_input,benchmark,mock,InstrumentType.Spot,866585320701887421,OrderType.Limit,Direction.Long,65000.68,526333712,False,Side.Sell,,65000.68,1653898000,BTC-USDT,TimeCondition.GTC,0.001
2837957847,4194834854,0,1783610754914134097,201,order_input,benchmark,mock,InstrumentType.Spot,866585320701887422,OrderType.Limit,Direction.Long,65000.49,526335248,False,Side.Buy,,65000.49,1653898000,BTC-USDT,TimeCondition.GTC,0.001
2837957847,4194834854,0,1783610754914437450,201,order_input,benchmark,mock,InstrumentType.Spot,866585320701887423,OrderType.Limit,Direction.Long,65000.7,526336784,False,Side.Sell,,65000.7,1653898000,BTC-USDT,TimeCondition.GTC,0.001
2837957847,4194834854,0,1783610754914741398,201,order_input,benchmark,mock,InstrumentType.Spot,866585320701887424,OrderType.Limit,Direction.Long,65000.51,526338320,False,Side.Buy,,65000.51,1653898000,BTC-USDT,TimeCondition.GTC,0.001
2837957847,4194834854,0,1783610754915042351,201,order_input,benchmark,mock,InstrumentType.Spot,866585320701887425,OrderType.Limit,Direction.Long,65000.72,526339856,False,Side.Sell,,65000.72,1653898000,BTC-USDT,TimeCondition.GTC,0.001
2837957847,4194834854,0,1783610754915333483,201,order_input,benchmark,mock,InstrumentType.Spot,866585320701887426,OrderType.Limit,Direction.Long,65000.53,526341392,False,Side.Buy,,65000.53,1653898000,BTC-USDT,TimeCondition.GTC,0.001
2837957847,4194834854,0,1783610754915663965,201,order_input,benchmark,mock,InstrumentType.Spot,866585320701887427,OrderType.Limit,Direction.Long,65000.74,526342928,False,Side.Sell,,65000.74,1653898000,BTC-USDT,TimeCondition.GTC,0.001
2837957847,4194834854,0,1783610754916017504,201,order_input,benchmark,mock,InstrumentType.Spot,866585320701887428,OrderType.Limit,Direction.Long,65000.55,526344464,False,Side.Buy,,65000.55,1653898000,BTC-USDT,TimeCondition.GTC,0.001
2837957847,4194834854,0,1783610754916227840,201,order_input,benchmark,mock,InstrumentType.Spot,866585320701887429,OrderType.Limit,Direction.Long,65000.76,526346000,False,Side.Sell,,65000.76,1653898000,BTC-USDT,TimeCondition.GTC,0.001
2837957847,4194834854,0,1783610754916637354,201,order_input,benchmark,mock,InstrumentType.Spot,866585320701887430,OrderType.Limit,Direction.Long,65000.57,526347536,False,Side.Buy,,65000.57,1653898000,BTC-USDT,TimeCondition.GTC,0.001
2837957847,4194834854,0,1783610754916938677,201,order_input,benchmark,mock,InstrumentType.Spot,866585320701887431,OrderType.Limit,Direction.Long,65000.78,526349072,False,Side.Sell,,65000.78,1653898000,BTC-USDT,TimeCondition.GTC,0.001
2837957847,4194834854,0,1783610754917096249,201,order_input,benchmark,mock,InstrumentType.Spot,866585320701887432,OrderType.Limit,Direction.Long,65000.590000000004,526350608,False,Side.Buy,,65000.590000000004,1653898000,BTC-USDT,TimeCondition.GTC,0.001
2837957847,4194834854,0,1783610754917440804,201,order_input,benchmark,mock,InstrumentType.Spot,866585320701887433,OrderType.Limit,Direction.Long,65000.799999999996,526352144,False,Side.Sell,,65000.799999999996,1653898000,BTC-USDT,TimeCondition.GTC,0.001
2837957847,4194834854,0,1783610754917745830,201,order_input,benchmark,mock,InstrumentType.Spot,866585320701887434,OrderType.Limit,Direction.Long,65000.61,526353680,False,Side.Buy,,65000.61,1653898000,BTC-USDT,TimeCondition.GTC,0.001
2837957847,4194834854,0,1783610754918180293,201,order_input,benchmark,mock,InstrumentType.Spot,866585320701887435,OrderType.Limit,Direction.Long,65000.82,526355216,False,Side.Sell,,65000.82,1653898000,BTC-USDT,TimeCondition.GTC,0.001
2837957847,4194834854,0,1783610754918442815,201,order_input,benchmark,mock,InstrumentType.Spot,866585320701887436,OrderType.Limit,Direction.Long,65000.630000000005,526356752,False,Side.Buy,,65000.630000000005,1653898000,BTC-USDT,TimeCondition.GTC,0.001
2837957847,4194834854,0,1783610754918765139,201,order_input,benchmark,mock,InstrumentType.Spot,866585320701887437,OrderType.Limit,Direction.Long,65000.84,526185360,False,Side.Sell,,65000.84,1653898000,BTC-USDT,TimeCondition.GTC,0.001
2837957847,4194834854,0,1783610754918916080,201,order_input,benchmark,mock,InstrumentType.Spot,866585320701887438,OrderType.Limit,Direction.Long,65000.65,526186896,False,Side.Buy,,65000.65,1653898000,BTC-USDT,TimeCondition.GTC,0.001
2837957847,4194834854,0,1783610754919236408,201,order_input,benchmark,mock,InstrumentType.Spot,866585320701887439,OrderType.Limit,Direction.Long,65000.86,526188432,False,Side.Sell,,65000.86,1653898000,BTC-USDT,TimeCondition.GTC,0.001
2837957847,4194834854,0,1783610754919533291,201,order_input,benchmark,mock,InstrumentType.Spot,866585320701887440,OrderType.Limit,Direction.Long,65000.67,526189968,False,Side.Buy,,65000.67,1653898000,BTC-USDT,TimeCondition.GTC,0.001
2837957847,4194834854,0,1783610754919829208,201,order_input,benchmark,mock,InstrumentType.Spot,866585320701887441,OrderType.Limit,Direction.Long,65000.88,526191504,False,Side.Sell,,65000.88,1653898000,BTC-USDT,TimeCondition.GTC,0.001
2837957847,4194834854,0,1783610754920129895,201,order_input,benchmark,mock,InstrumentType.Spot,866585320701887442,OrderType.Limit,Direction.Long,65000.69,526367072,False,Side.Buy,,65000.69,1653898000,BTC-USDT,TimeCondition.GTC,0.001
2837957847,4194834854,0,1783610754920433043,201,order_input,benchmark,mock,InstrumentType.Spot,866585320701887443,OrderType.Limit,Direction.Long,65000.9,526368528,False,Side.Sell,,65000.9,1653898000,BTC-USDT,TimeCondition.GTC,0.001
2837957847,4194834854,0,1783610754920740993,201,order_input,benchmark,mock,InstrumentType.Spot,866585320701887444,OrderType.Limit,Direction.Long,65000.71,526370064,False,Side.Buy,,65000.71,1653898000,BTC-USDT,TimeCondition.GTC,0.001
2837957847,4194834854,0,1783610754921043672,201,order_input,benchmark,mock,InstrumentType.Spot,866585320701887445,OrderType.Limit,Direction.Long,65000.92,526371600,False,Side.Sell,,65000.92,1653898000,BTC-USDT,TimeCondition.GTC,0.001
2837957847,4194834854,0,1783610754921332242,201,order_input,benchmark,mock,InstrumentType.Spot,866585320701887446,OrderType.Limit,Direction.Long,65000.73,526373136,False,Side.Buy,,65000.73,1653898000,BTC-USDT,TimeCondition.GTC,0.001
2837957847,4194834854,0,1783610754921642423,201,order_input,benchmark,mock,InstrumentType.Spot,866585320701887447,OrderType.Limit,Direction.Long,65000.939999999995,526374672,False,Side.Sell,,65000.939999999995,1653898000,BTC-USDT,TimeCondition.GTC,0.001
2837957847,4194834854,0,1783610754921934224,201,order_input,benchmark,mock,InstrumentType.Spot,866585320701887448,OrderType.Limit,Direction.Long,65000.75,526376208,False,Side.Buy,,65000.75,1653898000,BTC-USDT,TimeCondition.GTC,0.001
2837957847,4194834854,0,1783610754922231015,201,order_input,benchmark,mock,InstrumentType.Spot,866585320701887449,OrderType.Limit,Direction.Long,65000.96,526377744,False,Side.Sell,,65000.96,1653898000,BTC-USDT,TimeCondition.GTC,0.001
2837957847,4194834854,0,1783610754922529186,201,order_input,benchmark,mock,InstrumentType.Spot,866585320701887450,OrderType.Limit,Direction.Long,65000.770000000004,526379280,False,Side.Buy,,65000.770000000004,1653898000,BTC-USDT,TimeCondition.GTC,0.001
2837957847,4194834854,0,1783610754922832900,201,order_input,benchmark,mock,InstrumentType.Spot,866585320701887451,OrderType.Limit,Direction.Long,65000.979999999996,526380816,False,Side.Sell,,65000.979999999996,1653898000,BTC-USDT,TimeCondition.GTC,0.001
2837957847,4194834854,0,1783610754923155673,201,order_input,benchmark,mock,InstrumentType.Spot,866585320701887452,OrderType.Limit,Direction.Long,65000.79,526382352,False,Side.Buy,,65000.79,1653898000,BTC-USDT,TimeCondition.GTC,0.001
2837957847,4194834854,0,1783610754923371330,201,order_input,benchmark,mock,InstrumentType.Spot,866585320701887453,OrderType.Limit,Direction.Long,65001.0,526383888,False,Side.Sell,,65001.0,1653898000,BTC-USDT,TimeCondition.GTC,0.001
2837957847,4194834854,0,1783610754923732675,201,order_input,benchmark,mock,InstrumentType.Spot,866585320701887454,OrderType.Limit,Direction.Long,65000.810000000005,526385424,False,Side.Buy,,65000.810000000005,1653898000,BTC-USDT,TimeCondition.GTC,0.001
2837957847,4194834854,0,1783610754924044107,201,order_input,benchmark,mock,InstrumentType.Spot,866585320701887455,OrderType.Limit,Direction.Long,65001.02,526386960,False,Side.Sell,,65001.02,1653898000,BTC-USDT,TimeCondition.GTC,0.001
2837957847,4194834854,0,1783610754924339985,201,order_input,benchmark,mock,InstrumentType.Spot,866585320701887456,OrderType.Limit,Direction.Long,65000.83,526388496,False,Side.Buy,,65000.83,1653898000,BTC-USDT,TimeCondition.GTC,0.001
2837957847,4194834854,0,1783610754924629743,201,order_input,benchmark,mock,InstrumentType.Spot,866585320701887457,OrderType.Limit,Direction.Long,65001.04,526390032,False,Side.Sell,,65001.04,1653898000,BTC-USDT,TimeCondition.GTC,0.001
2837957847,4194834854,0,1783610754924929255,201,order_input,benchmark,mock,InstrumentType.Spot,866585320701887458,OrderType.Limit,Direction.Long,65000.85,526391568,False,Side.Buy,,65000.85,1653898000,BTC-USDT,TimeCondition.GTC,0.001
2837957847,4194834854,0,1783610754925231072,201,order_input,benchmark,mock,InstrumentType.Spot,866585320701887459,OrderType.Limit,Direction.Long,65001.06,526393104,False,Side.Sell,,65001.06,1653898000,BTC-USDT,TimeCondition.GTC,0.001
2837957847,4194834854,0,1783610754925533521,201,order_input,benchmark,mock,InstrumentType.Spot,866585320701887460,OrderType.Limit,Direction.Long,65000.87,526394640,False,Side.Buy,,65000.87,1653898000,BTC-USDT,TimeCondition.GTC,0.001
2837957847,4194834854,0,1783610754925832629,201,order_input,benchmark,mock,InstrumentType.Spot,866585320701887461,OrderType.Limit,Direction.Long,65001.08,526396176,False,Side.Sell,,65001.08,1653898000,BTC-USDT,TimeCondition.GTC,0.001
2837957847,4194834854,0,1783610754926131432,201,order_input,benchmark,mock,InstrumentType.Spot,866585320701887462,OrderType.Limit,Direction.Long,65000.89,526397712,False,Side.Buy,,65000.89,1653898000,BTC-USDT,TimeCondition.GTC,0.001
2837957847,4194834854,0,1783610754926432715,201,order_input,benchmark,mock,InstrumentType.Spot,866585320701887463,OrderType.Limit,Direction.Long,65000.1,526399248,False,Side.Sell,,65000.1,1653898000,BTC-USDT,TimeCondition.GTC,0.001
