source,dest,trigger_time,gen_time,msg_type,msg_name,data.account_id,data.active,data.avg_price,data.close_pnl,data.error_code,data.ex_order_id,data.exchange_id,data.fee,data.fee_currency,data.insert_time,data.instrument_type,data.order_id,data.order_type,data.position_side,data.price,data.raw_address,data.side,data.source_id,data.status,data.stop_price,data.strategy_id,data.symbol,data.time_condition,data.update_time,data.volume,data.volume_left,data.volume_traded
4194834854,2837957847,1783610754627916229,1783610754627943814,203,order,benchmark,True,0.0,0.0,,,mock,0.0,,1783610754627916229,InstrumentType.Spot,866585320701886464,OrderType.Limit,Direction.Long,64999.91,520838304,Side.Buy,,OrderStatus.Submitted,64999.91,1653898000,BTC-USDT,TimeCondition.GTC,1783610754627916229,0.001,0.001,0.0
4194834854,2837957847,1783610754627987099,1783610754627989164,203,order,benchmark,True,0.0,0.0,,,mock,0.0,,1783610754627987099,InstrumentType.Spot,866585320701886465,OrderType.Limit,Direction.Long,65000.119999999995,519389440,Side.Sell,,OrderStatus.Submitted,65000.119999999995,1653898000,BTC-USDT,TimeCondition.GTC,1783610754627987099,0.001,0.001,0.0
4194834854,2837957847,1783610754628017563,1783610754628019111,203,order,benchmark,True,0.0,0.0,,,mock,0.0,,1783610754628017563,InstrumentType.Spot,866585320701886466,OrderType.Limit,Direction.Long,64999.93,515740688,Side.Buy,,OrderStatus.Submitted,64999.93,1653898000,BTC-USDT,TimeCondition.GTC,1783610754628017563,0.001,0.001,0.0
4194834854,2837957847,1783610754628031351,1783610754628033511,203,order,benchmark,True,0.0,0.0,,,mock,0.0,,1783610754628031351,InstrumentType.Spot,866585320701886467,OrderType.Limit,Direction.Long,65000.14,512440928,Side.Sell,,OrderStatus.Submitted,65000.14,1653898000,BTC-USDT,TimeCondition.GTC,1783610754628031351,0.001,0.001,0.0
4194834854,2837957847,1783610754628050991,1783610754628053197,203,order,benchmark,True,0.0,0.0,,,mock,0.0,,1783610754628050991,InstrumentType.Spot,866585320701886468,OrderType.Limit,Direction.Long,64999.950000000004,507710672,Side.Buy,,OrderStatus.Submitted,64999.950000000004,1653898000,BTC-USDT,TimeCondition.GTC,1783610754628050991,0.001,0.001,0.0
4194834854,2837957847,1783610754628201778,1783610754628204417,203,order,benchmark,True,0.0,0.0,,,mock,0.0,,1783610754628201778,InstrumentType.Spot,866585320701886469,OrderType.Limit,Direction.Long,65000.159999999996,509223248,Side.Sell,,OrderStatus.Submitted,65000.159999999996,1653898000,BTC-USDT,TimeCondition.GTC,1783610754628201778,0.001,0.001,0.0
4194834854,2837957847,1783610754628488368,1783610754628491186,203,order,benchmark,True,0.0,0.0,,,mock,0.0,,1783610754628488368,InstrumentType.Spot,866585320701886470,OrderType.Limit,Direction.Long,64999.97,526409840,Side.Buy,,OrderStatus.Submitted,64999.97,1653898000,BTC-USDT,TimeCondition.GTC,1783610754628488368,0.001,0.001,0.0
4194834854,2837957847,1783610754628892876,1783610754628895702,203,order,benchmark,True,0.0,0.0,,,mock,0.0,,1783610754628892876,InstrumentType.Spot,866585320701886471,OrderType.Limit,Direction.Long,65000.18,526411616,Side.Sell,,OrderStatus.Submitted,65000.18,1653898000,BTC-USDT,TimeCondition.GTC,1783610754628892876,0.001,0.001,0.0
4194834854,2837957847,1783610754629510818,1783610754629517176,203,order,benchmark,True,0.0,0.0,,,mock,0.0,,1783610754629510818,InstrumentType.Spot,866585320701886472,OrderType.Limit,Direction.Long,64999.99,526413392,Side.Buy,,OrderStatus.Submitted,64999.99,1653898000,BTC-USDT,TimeCondition.GTC,1783610754629510818,0.001,0.001,0.0
4194834854,2837957847,1783610754629632768,1783610754629635811,203,order,benchmark,True,0.0,0.0,,,mock,0.0,,1783610754629632768,InstrumentType.Spot,866585320701886473,OrderType.Limit,Direction.Long,65000.2,526415168,Side.Sell,,OrderStatus.Submitted,65000.2,1653898000,BTC-USDT,TimeCondition.GTC,1783610754629632768,0.001,0.001,0.0
4194834854,2837957847,1783610754629744304,1783610754629746365,203,order,benchmark,True,0.0,0.0,,,mock,0.0,,1783610754629744304,InstrumentType.Spot,866585320701886474,OrderType.Limit,Direction.Long,65000.01,526416944,Side.Buy,,OrderStatus.Submitted,65000.01,1653898000,BTC-USDT,TimeCondition.GTC,1783610754629744304,0.001,0.001,0.0
4194834854,2837957847,1783610754630080383,1783610754630083756,203,order,benchmark,True,0.0,0.0,,,mock,0.0,,1783610754630080383,InstrumentType.Spot,866585320701886475,OrderType.Limit,Direction.Long,65000.22,526418720,Side.Sell,,OrderStatus.Submitted,65000.22,1653898000,BTC-USDT,TimeCondition.GTC,1783610754630080383,0.001,0.001,0.0
4194834854,2837957847,1783610754630377126,1783610754630379466,203,order,benchmark,True,0.0,0.0,,,mock,0.0,,1783610754630377126,InstrumentType.Spot,866585320701886476,OrderType.Limit,Direction.Long,65000.03,526420496,Side.Buy,,OrderStatus.Submitted,65000.03,1653898000,BTC-USDT,TimeCondition.GTC,1783610754630377126,0.001,0.001,0.0
4194834854,2837957847,1783610754630580278,1783610754630696234,203,order,benchmark,True,0.0,0.0,,,mock,0.0,,1783610754630580278,InstrumentType.Spot,866585320701886477,OrderType.Limit,Direction.Long,65000.24,526422272,Side.Sell,,OrderStatus.Submitted,65000.24,1653898000,BTC-USDT,TimeCondition.GTC,1783610754630580278,0.001,0.001,0.0
4194834854,2837957847,1783610754630965609,1783610754630968333,203,order,benchmark,True,0.0,0.0,,,mock,0.0,,1783610754630965609,InstrumentType.Spot,866585320701886478,OrderType.Limit,Direction.Long,65000.05,526424048,Side.Buy,,OrderStatus.Submitted,65000.05,1653898000,BTC-USDT,TimeCondition.GTC,1783610754630965609,0.001,0.001,0.0
4194834854,2837957847,1783610754631189272,1783610754631192425,203,order,benchmark,True,0.0,0.0,,,mock,0.0,,1783610754631189272,InstrumentType.Spot,866585320701886479,OrderType.Limit,Direction.Long,65000.26,526425824,Side.Sell,,OrderStatus.Submitted,65000.26,1653898000,BTC-USDT,TimeCondition.GTC,1783610754631189272,0.001,0.001,0.0
4194834854,2837957847,1783610754631479889,1783610754631482989,203,order,benchmark,True,0.0,0.0,,,mock,0.0,,1783610754631479889,InstrumentType.Spot,866585320701886480,OrderType.Limit,Direction.Long,65000.07,526427600,Side.Buy,,OrderStatus.Submitted,65000.07,1653898000,BTC-USDT,TimeCondition.GTC,1783610754631479889,0.001,0.001,0.0
4194834854,2837957847,1783610754631880233,1783610754631883835,203,order,benchmark,True,0.0,0.0,,,mock,0.0,,1783610754631880233,InstrumentType.Spot,866585320701886481,OrderType.Limit,Direction.Long,65000.28,526429376,Side.Sell,,OrderStatus.Submitted,65000.28,1653898000,BTC-USDT,TimeCondition.GTC,1783610754631880233,0.001,0.001,0.0
4194834854,2837957847,1783610754632195459,1783610754632198101,203,order,benchmark,True,0.0,0.0,,,mock,0.0,,1783610754632195459,InstrumentType.Spot,866585320701886482,OrderType.Limit,Direction.Long,65000.090000000004,526431152,Side.Buy,,OrderStatus.Submitted,65000.090000000004,1653898000,BTC-USDT,TimeCondition.GTC,1783610754632195459,0.001,0.001,0.0
4194834854,2837957847,1783610754632481219,1783610754632483592,203,order,benchmark,True,0.0,0.0,,,mock,0.0,,1783610754632481219,InstrumentType.Spot,866585320701886483,OrderType.Limit,Direction.Long,65000.299999999996,526432928,Side.Sell,,OrderStatus.Submitted,65000.299999999996,1653898000,BTC-USDT,TimeCondition.GTC,1783610754632481219,0.001,0.001,0.0
4194834854,2837957847,1783610754632711671,1783610754632714690,203,order,benchmark,True,0.0,0.0,,,mock,0.0,,1783610754632711671,InstrumentType.Spot,866585320701886484,OrderType.Limit,Direction.Long,65000.11,526434704,Side.Buy,,OrderStatus.Submitted,65000.11,1653898000,BTC-USDT,TimeCondition.GTC,1783610754632711671,0.001,0.001,0.0
4194834854,2837957847,1783610754632977756,1783610754632981144,203,order,benchmark,True,0.0,0.0,,,mock,0.0,,1783610754632977756,InstrumentType.Spot,866585320701886485,OrderType.Limit,Direction.Long,65000.32,526436480,Side.Sell,,OrderStatus.Submitted,65000.32,1653898000,BTC-USDT,TimeCondition.GTC,1783610754632977756,0.001,0.001,0.0
4194834854,2837957847,1783610754633327580,1783610754633330265,203,order,benchmark,True,0.0,0.0,,,mock,0.0,,1783610754633327580,InstrumentType.Spot,866585320701886486,OrderType.Limit,Direction.Long,65000.130000000005,526438256,Side.Buy,,OrderStatus.Submitted,65000.130000000005,1653898000,BTC-USDT,TimeCondition.GTC,1783610754633327580,0.001,0.001,0.0
4194834854,2837957847,1783610754634235894,1783610754634247950,203,order,benchmark,True,0.0,0.0,,,mock,0.0,,1783610754634235894,InstrumentType.Spot,866585320701886487,OrderType.Limit,Direction.Long,65000.34,526440032,Side.Sell,,OrderStatus.Submitted,65000.34,1653898000,BTC-USDT,TimeCondition.GTC,1783610754634235894,0.001,0.001,0.0
4194834854,2837957847,1783610754634268414,1783610754634270380,203,order,benchmark,True,0.0,0.0,,,mock,0.0,,1783610754634268414,InstrumentType.Spot,866585320701886488,OrderType.Limit,Direction.Long,65000.15,526441776,Side.Buy,,OrderStatus.Submitted,65000.15,1653898000,BTC-USDT,TimeCondition.GTC,1783610754634268414,0.001,0.001,0.0
4194834854,2837957847,1783610754634286748,1783610754634288449,203,order,benchmark,True,0.0,0.0,,,mock,0.0,,1783610754634286748,InstrumentType.Spot,866585320701886489,OrderType.Limit,Direction.Long,65000.36,526443552,Side.Sell,,OrderStatus.Submitted,65000.36,1653898000,BTC-USDT,TimeCondition.GTC,1783610754634286748,0.001,0.001,0.0
4194834854,2837957847,1783610754634530192,1783610754634549351,203,order,benchmark,True,0.0,0.0,,,mock,0.0,,1783610754634530192,InstrumentType.Spot,866585320701886490,OrderType.Limit,Direction.Long,65000.17,526445360,Side.Buy,,OrderStatus.Submitted,65000.17,1653898000,BTC-USDT,TimeCondition.GTC,1783610754634530192,0.001,0.001,0.0
4194834854,2837957847,1783610754634799063,1783610754634802512,203,order,benchmark,True,0.0,0.0,,,mock,0.0,,1783610754634799063,InstrumentType.Spot,866585320701886491,OrderType.Limit,Direction.Long,65000.38,526447136,Side.Sell,,OrderStatus.Submitted,65000.38,1653898000,BTC-USDT,TimeCondition.GTC,1783610754634799063,0.001,0.001,0.0
4194834854,2837957847,1783610754635224581,1783610754635227290,203,order,benchmark,True,0.0,0.0,,,mock,0.0,,1783610754635224581,InstrumentType.Spot,866585320701886492,OrderType.Limit,Direction.Long,65000.19,526448912,Side.Buy,,OrderStatus.Submitted,65000.19,1653898000,BTC-USDT,TimeCondition.GTC,1783610754635224581,0.001,0.001,0.0
4194834854,2837957847,1783610754635480481,1783610754635482869,203,order,benchmark,True,0.0,0.0,,,mock,0.0,,1783610754635480481,InstrumentType.Spot,866585320701886493,OrderType.Limit,Direction.Long,65000.4,526450688,Side.Sell,,OrderStatus.Submitted,65000.4,1653898000,BTC-USDT,TimeCondition.GTC,1783610754635480481,0.001,0.001,0.0
4194834854,2837957847,1783610754635744638,1783610754635748028,203,order,benchmark,True,0.0,0.0,,,mock,0.0,,1783610754635744638,InstrumentType.Spot,866585320701886494,OrderType.Limit,Direction.Long,65000.21,526452464,Side.Buy,,OrderStatus.Submitted,65000.21,1653898000,BTC-USDT,TimeCondition.GTC,1783610754635744638,0.001,0.001,0.0
4194834854,2837957847,1783610754636023917,1783610754636027200,203,order,benchmark,True,0.0,0.0,,,mock,0.0,,1783610754636023917,InstrumentType.Spot,866585320701886495,OrderType.Limit,Direction.Long,65000.42,526454240,Side.Sell,,OrderStatus.Submitted,65000.42,1653898000,BTC-USDT,TimeCondition.GTC,1783610754636023917,0.001,0.001,0.0
4194834854,2837957847,1783610754636595208,1783610754636601259,203,order,benchmark,True,0.0,0.0,,,mock,0.0,,1783610754636595208,InstrumentType.Spot,866585320701886496,OrderType.Limit,Direction.Long,65000.23,526456016,Side.Buy,,OrderStatus.Submitted,65000.23,1653898000,BTC-USDT,TimeCondition.GTC,1783610754636595208,0.001,0.001,0.0
4194834854,2837957847,1783610754636711633,1783610754636714016,203,order,benchmark,True,0.0,0.0,,,mock,0.0,,1783610754636711633,InstrumentType.Spot,866585320701886497,OrderType.Limit,Direction.Long,65000.439999999995,526457792,Side.Sell,,OrderStatus.Submitted,65000.439999999995,1653898000,BTC-USDT,TimeCondition.GTC,1783610754636711633,0.001,0.001,0.0
4194834854,2837957847,1783610754636889103,1783610754636892134,203,order,benchmark,True,0.0,0.0,,,mock,0.0,,1783610754636889103,InstrumentType.Spot,866585320701886498,OrderType.Limit,Direction.Long,65000.25,526459568,Side.Buy,,OrderStatus.Submitted,65000.25,1653898000,BTC-USDT,TimeCondition.GTC,1783610754636889103,0.001,0.001,0.0
4194834854,2837957847,1783610754637312382,1783610754637315020,203,order,benchmark,True,0.0,0.0,,,mock,0.0,,1783610754637312382,InstrumentType.Spot,866585320701886499,OrderType.Limit,Direction.Long,65000.46,526461344,Side.Sell,,OrderStatus.Submitted,65000.46,1653898000,BTC-USDT,TimeCondition.GTC,1783610754637312382,0.001,0.001,0.0
4194834854,2837957847,1783610754637584353,1783610754637586663,203,order,benchmark,True,0.0,0.0,,,mock,0.0,,1783610754637584353,InstrumentType.Spot,866585320701886500,OrderType.Limit,Direction.Long,65000.270000000004,526463120,Side.Buy,,OrderStatus.Submitted,65000.270000000004,1653898000,BTC-USDT,TimeCondition.GTC,1783610754637584353,0.001,0.001,0.0
4194834854,2837957847,1783610754637906877,1783610754637909217,203,order,benchmark,True,0.0,0.0,,,mock,0.0,,1783610754637906877,InstrumentType.Spot,866585320701886501,OrderType.Limit,Direction.Long,65000.479999999996,526464896,Side.Sell,,OrderStatus.Submitted,65000.479999999996,1653898000,BTC-USDT,TimeCondition.GTC,1783610754637906877,0.001,0.001,0.0
4194834854,2837957847,1783610754638227116,1783610754638229644,203,order,benchmark,True,0.0,0.0,,,mock,0.0,,1783610754638227116,InstrumentType.Spot,866585320701886502,OrderType.Limit,Direction.Long,65000.29,526466672,Side.Buy,,OrderStatus.Submitted,65000.29,1653898000,BTC-USDT,TimeCondition.GTC,1783610754638227116,0.001,0.001,0.0
4194834854,2837957847,1783610754638394545,1783610754638426317,203,order,benchmark,True,0.0,0.0,,,mock,0.0,,1783610754638394545,InstrumentType.Spot,866585320701886503,OrderType.Limit,Direction.Long,65000.5,526468448,Side.Sell,,OrderStatus.Submitted,65000.5,1653898000,BTC-USDT,TimeCondition.GTC,1783610754638394545,0.001,0.001,0.0
4194834854,2837957847,1783610754638774391,1783610754638776638,203,order,benchmark,True,0.0,0.0,,,mock,0.0,,1783610754638774391,InstrumentType.Spot,866585320701886504,OrderType.Limit,Direction.Long,65000.310000000005,526470224,Side.Buy,,OrderStatus.Submitted,65000.310000000005,1653898000,BTC-USDT,TimeCondition.GTC,1783610754638774391,0.001,0.001,0.0
4194834854,2837957847,1783610754638985815,1783610754638988862,203,order,benchmark,True,0.0,0.0,,,mock,0.0,,1783610754638985815,InstrumentType.Spot,866585320701886505,OrderType.Limit,Direction.Long,65000.52,526472000,Side.Sell,,OrderStatus.Submitted,65000.52,1653898000,BTC-USDT,TimeCondition.GTC,1783610754638985815,0.001,0.001,0.0
4194834854,2837957847,1783610754639379981,1783610754639382431,203,order,benchmark,True,0.0,0.0,,,mock,0.0,,1783610754639379981,InstrumentType.Spot,866585320701886506,OrderType.Limit,Direction.Long,65000.33,526473776,Side.Buy,,OrderStatus.Submitted,65000.33,1653898000,BTC-USDT,TimeCondition.GTC,1783610754639379981,0.001,0.001,0.0
4194834854,2837957847,1783610754639592265,1783610754639595341,203,order,benchmark,True,0.0,0.0,,,mock,0.0,,1783610754639592265,InstrumentType.Spot,866585320701886507,OrderType.Limit,Direction.Long,65000.54,526475552,Side.Sell,,OrderStatus.Submitted,65000.54,1653898000,BTC-USDT,TimeCondition.GTC,1783610754639592265,0.001,0.001,0.0
4194834854,2837957847,1783610754640232537,1783610754640235523,203,order,benchmark,True,0.0,0.0,,,mock,0.0,,1783610754640232537,InstrumentType.Spot,866585320701886508,OrderType.Limit,Direction.Long,65000.35,526477328,Side.Buy,,OrderStatus.Submitted,65000.35,1653898000,BTC-USDT,TimeCondition.GTC,1783610754640232537,0.001,0.001,0.0
4194834854,2837957847,1783610754640252455,1783610754640254075,203,order,benchmark,True,0.0,0.0,,,mock,0.0,,1783610754640252455,InstrumentType.Spot,866585320701886509,OrderType.Limit,Direction.Long,65000.56,526479072,Side.Sell,,OrderStatus.Submitted,65000.56,1653898000,BTC-USDT,TimeCondition.GTC,1783610754640252455,0.001,0.001,0.0
4194834854,2837957847,1783610754640535898,1783610754640538651,203,order,benchmark,True,0.0,0.0,,,mock,0.0,,1783610754640535898,InstrumentType.Spot,866585320701886510,OrderType.Limit,Direction.Long,65000.37,524758112,Side.Buy,,OrderStatus.Submitted,65000.37,1653898000,BTC-USDT,TimeCondition.GTC,1783610754640535898,0.001,0.001,0.0
4194834854,2837957847,1783610754640888299,1783610754640890834,203,order,benchmark,True,0.0,0.0,,,mock,0.0,,1783610754640888299,InstrumentType.Spot,866585320701886511,OrderType.Limit,Direction.Long,65000.58,524759888,Side.Sell,,OrderStatus.Submitted,65000.58,1653898000,BTC-USDT,TimeCondition.GTC,1783610754640888299,0.001,0.001,0.0
4194834854,2837957847,1783610754641311131,1783610754641314166,203,order,benchmark,True,0.0,0.0,,,mock,0.0,,1783610754641311131,InstrumentType.Spot,866585320701886512,OrderType.Limit,Direction.Long,65000.39,524761664,Side.Buy,,OrderStatus.Submitted,65000.39,1653898000,BTC-USDT,TimeCondition.GTC,1783610754641311131,0.001,0.001,0.0
4194834854,2837957847,1783610754641773907,1783610754641777661,203,order,benchmark,True,0.0,0.0,,,mock,0.0,,1783610754641773907,InstrumentType.Spot,866585320701886513,OrderType.Limit,Direction.Long,65000.6,524763440,Side.Sell,,OrderStatus.Submitted,65000.6,1653898000,BTC-USDT,TimeCondition.GTC,1783610754641773907,0.001,0.001,0.0
4194834854,2837957847,1783610754641825393,1783610754641828060,203,order,benchmark,True,0.0,0.0,,,mock,0.0,,1783610754641825393,InstrumentType.Spot,866585320701886514,OrderType.Limit,Direction.Long,65000.41,524765184,Side.Buy,,OrderStatus.Submitted,65000.41,1653898000,BTC-USDT,TimeCondition.GTC,1783610754641825393,0.001,0.001,0.0
4194834854,2837957847,1783610754642071217,1783610754642074246,203,order,benchmark,True,0.0,0.0,,,mock,0.0,,1783610754642071217,InstrumentType.Spot,866585320701886515,OrderType.Limit,Direction.Long,65000.619999999995,524766992,Side.Sell,,OrderStatus.Submitted,65000.619999999995,1653898000,BTC-USDT,TimeCondition.GTC,1783610754642071217,0.001,0.001,0.0
4194834854,2837957847,1783610754642405384,1783610754642422278,203,order,benchmark,True,0.0,0.0,,,mock,0.0,,1783610754642405384,InstrumentType.Spot,866585320701886516,OrderType.Limit,Direction.Long,65000.43,524768768,Side.Buy,,OrderStatus.Submitted,65000.43,1653898000,BTC-USDT,TimeCondition.GTC,1783610754642405384,0.001,0.001,0.0
4194834854,2837957847,1783610754642670880,1783610754642673109,203,order,benchmark,True,0.0,0.0,,,mock,0.0,,1783610754642670880,InstrumentType.Spot,866585320701886517,OrderType.Limit,Direction.Long,65000.64,524770544,Side.Sell,,OrderStatus.Submitted,65000.64,1653898000,BTC-USDT,TimeCondition.GTC,1783610754642670880,0.001,0.001,0.0
4194834854,2837957847,1783610754642878157,1783610754642880965,203,order,benchmark,True,0.0,0.0,,,mock,0.0,,1783610754642878157,InstrumentType.Spot,866585320701886518,OrderType.Limit,Direction.Long,65000.450000000004,524772320,Side.Buy,,OrderStatus.Submitted,65000.450000000004,1653898000,BTC-USDT,TimeCondition.GTC,1783610754642878157,0.001,0.001,0.0
4194834854,2837957847,1783610754643267728,1783610754643270011,203,order,benchmark,True,0.0,0.0,,,mock,0.0,,1783610754643267728,InstrumentType.Spot,866585320701886519,OrderType.Limit,Direction.Long,65000.659999999996,524774096,Side.Sell,,OrderStatus.Submitted,65000.659999999996,1653898000,BTC-USDT,TimeCondition.GTC,1783610754643267728,0.001,0.001,0.0
4194834854,2837957847,1783610754643571038,1783610754643573219,203,order,benchmark,True,0.0,0.0,,,mock,0.0,,1783610754643571038,InstrumentType.Spot,866585320701886520,OrderType.Limit,Direction.Long,65000.47,524775872,Side.Buy,,OrderStatus.Submitted,65000.47,1653898000,BTC-USDT,TimeCondition.GTC,1783610754643571038,0.001,0.001,0.0
4194834854,2837957847,1783610754643882442,1783610754643884681,203,order,benchmark,True,0.0,0.0,,,mock,0.0,,1783610754643882442,InstrumentType.Spot,866585320701886521,OrderType.Limit,Direction.Long,65000.68,524777648,Side.Sell,,OrderStatus.Submitted,65000.68,1653898000,BTC-USDT,TimeCondition.GTC,1783610754643882442,0.001,0.001,0.0
4194834854,2837957847,1783610754644092380,1783610754644095393,203,order,benchmark,True,0.0,0.0,,,mock,0.0,,1783610754644092380,InstrumentType.Spot,866585320701886522,OrderType.Limit,Direction.Long,65000.49,524779424,Side.Buy,,OrderStatus.Submitted,65000.49,1653898000,BTC-USDT,TimeCondition.GTC,1783610754644092380,0.001,0.001,0.0
4194834854,2837957847,1783610754644468347,1783610754644470505,203,order,benchmark,True,0.0,0.0,,,mock,0.0,,1783610754644468347,InstrumentType.Spot,866585320701886523,OrderType.Limit,Direction.Long,65000.7,524781200,Side.Sell,,OrderStatus.Submitted,65000.7,1653898000,BTC-USDT,TimeCondition.GTC,1783610754644468347,0.001,0.001,0.0
4194834854,2837957847,1783610754644767046,1783610754644769083,203,order,benchmark,True,0.0,0.0,,,mock,0.0,,1783610754644767046,InstrumentType.Spot,866585320701886524,OrderType.Limit,Direction.Long,65000.51,524782976,Side.Buy,,OrderStatus.Submitted,65000.51,1653898000,BTC-USDT,TimeCondition.GTC,1783610754644767046,0.001,0.001,0.0
4194834854,2837957847,1783610754645083019,1783610754645085304,203,order,benchmark,True,0.0,0.0,,,mock,0.0,,1783610754645083019,InstrumentType.Spot,866585320701886525,OrderType.Limit,Direction.Long,65000.72,524784752,Side.Sell,,OrderStatus.Submitted,65000.72,1653898000,BTC-USDT,TimeCondition.GTC,1783610754645083019,0.001,0.001,0.0
4194834854,2837957847,1783610754645288056,1783610754645290920,203,order,benchmark,True,0.0,0.0,,,mock,0.0,,1783610754645288056,InstrumentType.Spot,866585320701886526,OrderType.Limit,Direction.Long,65000.53,524786528,Side.Buy,,OrderStatus.Submitted,65000.53,1653898000,BTC-USDT,TimeCondition.GTC,1783610754645288056,0.001,0.001,0.0
4194834854,2837957847,1783610754645667929,1783610754645670039,203,order,benchmark,True,0.0,0.0,,,mock,0.0,,1783610754645667929,InstrumentType.Spot,866585320701886527,OrderType.Limit,Direction.Long,65000.74,524788304,Side.Sell,,OrderStatus.Submitted,65000.74,1653898000,BTC-USDT,TimeCondition.GTC,1783610754645667929,0.001,0.001,0.0
4194834854,2837957847,1783610754645972407,1783610754645974533,203,order,benchmark,True,0.0,0.0,,,mock,0.0,,1783610754645972407,InstrumentType.Spot,866585320701886528,OrderType.Limit,Direction.Long,65000.55,524790080,Side.Buy,,OrderStatus.Submitted,65000.55,1653898000,BTC-USDT,TimeCondition.GTC,1783610754645972407,0.001,0.001,0.0
4194834854,2837957847,1783610754646199917,1783610754646215438,203,order,benchmark,True,0.0,0.0,,,mock,0.0,,1783610754646199917,InstrumentType.Spot,866585320701886529,OrderType.Limit,Direction.Long,65000.76,524791856,Side.Sell,,OrderStatus.Submitted,65000.76,1653898000,BTC-USDT,TimeCondition.GTC,1783610754646199917,0.001,0.001,0.0
4194834854,2837957847,1783610754646591790,1783610754646594435,203,order,benchmark,True,0.0,0.0,,,mock,0.0,,1783610754646591790,InstrumentType.Spot,866585320701886530,OrderType.Limit,Direction.Long,65000.57,524793632,Side.Buy,,OrderStatus.Submitted,65000.57,1653898000,BTC-USDT,TimeCondition.GTC,1783610754646591790,0.001,0.001,0.0
4194834854,2837957847,1783610754647505460,1783610754647513442,203,order,benchmark,True,0.0,0.0,,,mock,0.0,,1783610754647505460,InstrumentType.Spot,866585320701886531,OrderType.Limit,Direction.Long,65000.78,524795408,Side.Sell,,OrderStatus.Submitted,65000.78,1653898000,BTC-USDT,TimeCondition.GTC,1783610754647505460,0.001,0.001,0.0
4194834854,2837957847,1783610754647544624,1783610754647547090,203,order,benchmark,True,0.0,0.0,,,mock,0.0,,1783610754647544624,InstrumentType.Spot,866585320701886532,OrderType.Limit,Direction.Long,65000.590000000004,524797152,Side.Buy,,OrderStatus.Submitted,65000.590000000004,1653898000,BTC-USDT,TimeCondition.GTC,1783610754647544624,0.001,0.001,0.0
4194834854,2837957847,1783610754647570503,1783610754647572886,203,order,benchmark,True,0.0,0.0,,,mock,0.0,,1783610754647570503,InstrumentType.Spot,866585320701886533,OrderType.Limit,Direction.Long,65000.799999999996,524798928,Side.Sell,,OrderStatus.Submitted,65000.799999999996,1653898000,BTC-USDT,TimeCondition.GTC,1783610754647570503,0.001,0.001,0.0
4194834854,2837957847,1783610754647899236,1783610754647906243,203,order,benchmark,True,0.0,0.0,,,mock,0.0,,1783610754647899236,InstrumentType.Spot,866585320701886534,OrderType.Limit,Direction.Long,65000.61,524800736,Side.Buy,,OrderStatus.Submitted,65000.61,1653898000,BTC-USDT,TimeCondition.GTC,1783610754647899236,0.001,0.001,0.0
4194834854,2837957847,1783610754648316981,1783610754648323838,203,order,benchmark,True,0.0,0.0,,,mock,0.0,,1783610754648316981,InstrumentType.Spot,866585320701886535,OrderType.Limit,Direction.Long,65000.82,524802512,Side.Sell,,OrderStatus.Submitted,65000.82,1653898000,BTC-USDT,TimeCondition.GTC,1783610754648316981,0.001,0.001,0.0
4194834854,2837957847,1783610754648344345,1783610754648346190,203,order,benchmark,True,0.0,0.0,,,mock,0.0,,1783610754648344345,InstrumentType.Spot,866585320701886536,OrderType.Limit,Direction.Long,65000.630000000005,524804256,Side.Buy,,OrderStatus.Submitted,65000.630000000005,1653898000,BTC-USDT,TimeCondition.GTC,1783610754648344345,0.001,0.001,0.0
4194834854,2837957847,1783610754648901344,1783610754648903818,203,order,benchmark,True,0.0,0.0,,,mock,0.0,,1783610754648901344,InstrumentType.Spot,866585320701886537,OrderType.Limit,Direction.Long,65000.84,524806064,Side.Sell,,OrderStatus.Submitted,65000.84,1653898000,BTC-USDT,TimeCondition.GTC,1783610754648901344,0.001,0.001,0.0
4194834854,2837957847,1783610754648920326,1783610754648921663,203,order,benchmark,True,0.0,0.0,,,mock,0.0,,1783610754648920326,InstrumentType.Spot,866585320701886538,OrderType.Limit,Direction.Long,65000.65,524807808,Side.Buy,,OrderStatus.Submitted,65000.65,1653898000,BTC-USDT,TimeCondition.GTC,1783610754648920326,0.001,0.001,0.0
4194834854,2837957847,1783610754649605057,1783610754649607782,203,order,benchmark,True,0.0,0.0,,,mock,0.0,,1783610754649605057,InstrumentType.Spot,866585320701886539,OrderType.Limit,Direction.Long,65000.86,524809616,Side.Sell,,OrderStatus.Submitted,65000.86,1653898000,BTC-USDT,TimeCondition.GTC,1783610754649605057,0.001,0.001,0.0
4194834854,2837957847,1783610754649648344,1783610754649650622,203,order,benchmark,True,0.0,0.0,,,mock,0.0,,1783610754649648344,InstrumentType.Spot,866585320701886540,OrderType.Limit,Direction.Long,65000.67,524811360,Side.Buy,,OrderStatus.Submitted,65000.67,1653898000,BTC-USDT,TimeCondition.GTC,1783610754649648344,0.001,0.001,0.0
4194834854,2837957847,1783610754649878867,1783610754649896295,203,order,benchmark,True,0.0,0.0,,,mock,0.0,,1783610754649878867,InstrumentType.Spot,866585320701886541,OrderType.Limit,Direction.Long,65000.88,524813920,Side.Sell,,OrderStatus.Submitted,65000.88,1653898000,BTC-USDT,TimeCondition.GTC,1783610754649878867,0.001,0.001,0.0
4194834854,2837957847,1783610754650195654,1783610754650202762,203,order,benchmark,True,0.0,0.0,,,mock,0.0,,1783610754650195654,InstrumentType.Spot,866585320701886542,OrderType.Limit,Direction.Long,65000.69,524815696,Side.Buy,,OrderStatus.Submitted,65000.69,1653898000,BTC-USDT,TimeCondition.GTC,1783610754650195654,0.001,0.001,0.0
4194834854,2837957847,1783610754650535555,1783610754650558419,203,order,benchmark,True,0.0,0.0,,,mock,0.0,,1783610754650535555,InstrumentType.Spot,866585320701886543,OrderType.Limit,Direction.Long,65000.9,524817472,Side.Sell,,OrderStatus.Submitted,65000.9,1653898000,BTC-USDT,TimeCondition.GTC,1783610754650535555,0.001,0.001,0.0
4194834854,2837957847,1783610754650775616,1783610754650781832,203,order,benchmark,True,0.0,0.0,,,mock,0.0,,1783610754650775616,InstrumentType.Spot,866585320701886544,OrderType.Limit,Direction.Long,65000.71,524819248,Side.Buy,,OrderStatus.Submitted,65000.71,1653898000,BTC-USDT,TimeCondition.GTC,1783610754650775616,0.001,0.001,0.0
4194834854,2837957847,1783610754651391234,1783610754651395708,203,order,benchmark,True,0.0,0.0,,,mock,0.0,,1783610754651391234,InstrumentType.Spot,866585320701886545,OrderType.Limit,Direction.Long,65000.92,524821024,Side.Sell,,OrderStatus.Submitted,65000.92,1653898000,BTC-USDT,TimeCondition.GTC,1783610754651391234,0.001,0.001,0.0
4194834854,2837957847,1783610754651502015,1783610754651504806,203,order,benchmark,True,0.0,0.0,,,mock,0.0,,1783610754651502015,InstrumentType.Spot,866585320701886546,OrderType.Limit,Direction.Long,65000.73,524822800,Side.Buy,,OrderStatus.Submitted,65000.73,1653898000,BTC-USDT,TimeCondition.GTC,1783610754651502015,0.001,0.001,0.0
4194834854,2837957847,1783610754651670253,1783610754651673112,203,order,benchmark,True,0.0,0.0,,,mock,0.0,,1783610754651670253,InstrumentType.Spot,866585320701886547,OrderType.Limit,Direction.Long,65000.939999999995,524824576,Side.Sell,,OrderStatus.Submitted,65000.939999999995,1653898000,BTC-USDT,TimeCondition.GTC,1783610754651670253,0.001,0.001,0.0
4194834854,2837957847,1783610754651899829,1783610754651902768,203,order,benchmark,True,0.0,0.0,,,mock,0.0,,1783610754651899829,InstrumentType.Spot,866585320701886548,OrderType.Limit,Direction.Long,65000.75,524826352,Side.Buy,,OrderStatus.Submitted,65000.75,1653898000,BTC-USDT,TimeCondition.GTC,1783610754651899829,0.001,0.001,0.0
4194834854,2837957847,1783610754652442174,1783610754652445449,203,order,benchmark,True,0.0,0.0,,,mock,0.0,,1783610754652442174,InstrumentType.Spot,866585320701886549,OrderType.Limit,Direction.Long,65000.96,524828128,Side.Sell,,OrderStatus.Submitted,65000.96,1653898000,BTC-USDT,TimeCondition.GTC,1783610754652442174,0.001,0.001,0.0
4194834854,2837957847,1783610754652617284,1783610754652619706,203,order,benchmark,True,0.0,0.0,,,mock,0.0,,1783610754652617284,InstrumentType.Spot,866585320701886550,OrderType.Limit,Direction.Long,65000.770000000004,524829904,Side.Buy,,OrderStatus.Submitted,65000.770000000004,1653898000,BTC-USDT,TimeCondition.GTC,1783610754652617284,0.001,0.001,0.0
4194834854,2837957847,1783610754652886253,1783610754652888472,203,order,benchmark,True,0.0,0.0,,,mock,0.0,,1783610754652886253,InstrumentType.Spot,866585320701886551,OrderType.Limit,Direction.Long,65000.979999999996,524831680,Side.Sell,,OrderStatus.Submitted,65000.979999999996,1653898000,BTC-USDT,TimeCondition.GTC,1783610754652886253,0.001,0.001,0.0
4194834854,2837957847,1783610754653172019,1783610754653174223,203,order,benchmark,True,0.0,0.0,,,mock,0.0,,1783610754653172019,InstrumentType.Spot,866585320701886552,OrderType.Limit,Direction.Long,65000.79,524833456,Side.Buy,,OrderStatus.Submitted,65000.79,1653898000,BTC-USDT,TimeCondition.GTC,1783610754653172019,0.001,0.001,0.0
4194834854,2837957847,1783610754653487884,1783610754653490404,203,order,benchmark,True,0.0,0.0,,,mock,0.0,,1783610754653487884,InstrumentType.Spot,866585320701886553,OrderType.Limit,Direction.Long,65001.0,524835232,Side.Sell,,OrderStatus.Submitted,65001.0,1653898000,BTC-USDT,TimeCondition.GTC,1783610754653487884,0.001,0.001,0.0
4194834854,2837957847,1783610754653782381,1783610754653785226,203,order,benchmark,True,0.0,0.0,,,mock,0.0,,1783610754653782381,InstrumentType.Spot,866585320701886554,OrderType.Limit,Direction.Long,65000.810000000005,524837008,Side.Buy,,OrderStatus.Submitted,65000.810000000005,1653898000,BTC-USDT,TimeCondition.GTC,1783610754653782381,0.001,0.001,0.0
4194834854,2837957847,1783610754654106750,1783610754654109583,203,order,benchmark,True,0.0,0.0,,,mock,0.0,,1783610754654106750,InstrumentType.Spot,866585320701886555,OrderType.Limit,Direction.Long,65001.02,524838784,Side.Sell,,OrderStatus.Submitted,65001.02,1653898000,BTC-USDT,TimeCondition.GTC,1783610754654106750,0.001,0.001,0.0
4194834854,2837957847,1783610754654403622,1783610754654450281,203,order,benchmark,True,0.0,0.0,,,mock,0.0,,1783610754654403622,InstrumentType.Spot,866585320701886556,OrderType.Limit,Direction.Long,65000.83,526647168,Side.Buy,,OrderStatus.Submitted,65000.83,1653898000,BTC-USDT,TimeCondition.GTC,1783610754654403622,0.001,0.001,0.0
4194834854,2837957847,1783610754654700691,1783610754654703739,203,order,benchmark,True,0.0,0.0,,,mock,0.0,,1783610754654700691,InstrumentType.Spot,866585320701886557,OrderType.Limit,Direction.Long,65001.04,524813168,Side.Sell,,OrderStatus.Submitted,65001.04,1653898000,BTC-USDT,TimeCondition.GTC,1783610754654700691,0.001,0.001,0.0
4194834854,2837957847,1783610754654968922,1783610754654971939,203,order,benchmark,True,0.0,0.0,,,mock,0.0,,1783610754654968922,InstrumentType.Spot,866585320701886558,OrderType.Limit,Direction.Long,65000.85,526650864,Side.Buy,,OrderStatus.Submitted,65000.85,1653898000,BTC-USDT,TimeCondition.GTC,1783610754654968922,0.001,0.001,0.0
4194834854,2837957847,1783610754655441513,1783610754655444521,203,order,benchmark,True,0.0,0.0,,,mock,0.0,,1783610754655441513,InstrumentType.Spot,866585320701886559,OrderType.Limit,Direction.Long,65001.06,526652640,Side.Sell,,OrderStatus.Submitted,65001.06,1653898000,BTC-USDT,TimeCondition.GTC,1783610754655441513,0.001,0.001,0.0
4194834854,2837957847,1783610754655609072,1783610754655610900,203,order,benchmark,True,0.0,0.0,,,mock,0.0,,1783610754655609072,InstrumentType.Spot,866585320701886560,OrderType.Limit,Direction.Long,65000.87,526654416,Side.Buy,,OrderStatus.Submitted,65000.87,1653898000,BTC-USDT,TimeCondition.GTC,1783610754655609072,0.001,0.001,0.0
4194834854,2837957847,1783610754656074699,1783610754656077915,203,order,benchmark,True,0.0,0.0,,,mock,0.0,,1783610754656074699,InstrumentType.Spot,866585320701886561,OrderType.Limit,Direction.Long,65001.08,526656192,Side.Sell,,OrderStatus.Submitted,65001.08,1653898000,BTC-USDT,TimeCondition.GTC,1783610754656074699,0.001,0.001,0.0
4194834854,2837957847,1783610754656099525,1783610754656102124,203,order,benchmark,True,0.0,0.0,,,mock,0.0,,1783610754656099525,InstrumentType.Spot,866585320701886562,OrderType.Limit,Direction.Long,65000.89,526657968,Side.Buy,,OrderStatus.Submitted,65000.89,1653898000,BTC-USDT,TimeCondition.GTC,1783610754656099525,0.001,0.001,0.0
4194834854,2837957847,1783610754656475337,1783610754656477538,203,order,benchmark,True,0.0,0.0,,,mock,0.0,,1783610754656475337,InstrumentType.Spot,866585320701886563,OrderType.Limit,Direction.Long,65000.1,526659744,Side.Sell,,OrderStatus.Submitted,65000.1,1653898000,BTC-USDT,TimeCondition.GTC,1783610754656475337,0.001,0.001,0.0
4194834854,2837957847,1783610754656924086,1783610754656927355,203,order,benchmark,True,0.0,0.0,,,mock,0.0,,1783610754656924086,InstrumentType.Spot,866585320701886564,OrderType.Limit,Direction.Long,64999.91,526661520,Side.Buy,,OrderStatus.Submitted,64999.91,1653898000,BTC-USDT,TimeCondition.GTC,1783610754656924086,0.001,0.001,0.0
4194834854,2837957847,1783610754657289761,1783610754657292771,203,order,benchmark,True,0.0,0.0,,,mock,0.0,,1783610754657289761,InstrumentType.Spot,866585320701886565,OrderType.Limit,Direction.Long,65000.119999999995,526663296,Side.Sell,,OrderStatus.Submitted,65000.119999999995,1653898000,BTC-USDT,TimeCondition.GTC,1783610754657289761,0.001,0.001,0.0
4194834854,2837957847,1783610754657405829,1783610754657407884,203,order,benchmark,True,0.0,0.0,,,mock,0.0,,1783610754657405829,InstrumentType.Spot,866585320701886566,OrderType.Limit,Direction.Long,64999.93,526665072,Side.Buy,,OrderStatus.Submitted,64999.93,1653898000,BTC-USDT,TimeCondition.GTC,1783610754657405829,0.001,0.001,0.0
4194834854,2837957847,1783610754657683493,1783610754657685805,203,order,benchmark,True,0.0,0.0,,,mock,0.0,,1783610754657683493,InstrumentType.Spot,866585320701886567,OrderType.Limit,Direction.Long,65000.14,526666848,Side.Sell,,OrderStatus.Submitted,65000.14,1653898000,BTC-USDT,TimeCondition.GTC,1783610754657683493,0.001,0.001,0.0
4194834854,2837957847,1783610754658141391,1783610754658144642,203,order,benchmark,True,0.0,0.0,,,mock,0.0,,1783610754658141391,InstrumentType.Spot,866585320701886568,OrderType.Limit,Direction.Long,64999.950000000004,526668624,Side.Buy,,OrderStatus.Submitted,64999.950000000004,1653898000,BTC-USDT,TimeCondition.GTC,1783610754658141391,0.001,0.001,0.0
4194834854,2837957847,1783610754658306248,1783610754658317483,203,order,benchmark,True,0.0,0.0,,,mock,0.0,,1783610754658306248,InstrumentType.Spot,866585320701886569,OrderType.Limit,Direction.Long,65000.159999999996,526670400,Side.Sell,,OrderStatus.Submitted,65000.159999999996,1653898000,BTC-USDT,TimeCondition.GTC,1783610754658306248,0.001,0.001,0.0
4194834854,2837957847,1783610754658573652,1783610754658575671,203,order,benchmark,True,0.0,0.0,,,mock,0.0,,1783610754658573652,InstrumentType.Spot,866585320701886570,OrderType.Limit,Direction.Long,64999.97,526672176,Side.Buy,,OrderStatus.Submitted,64999.97,1653898000,BTC-USDT,TimeCondition.GTC,1783610754658573652,0.001,0.001,0.0
4194834854,2837957847,1783610754659025651,1783610754659028575,203,order,benchmark,True,0.0,0.0,,,mock,0.0,,1783610754659025651,InstrumentType.Spot,866585320701886571,OrderType.Limit,Direction.Long,65000.18,526673952,Side.Sell,,OrderStatus.Submitted,65000.18,1653898000,BTC-USDT,TimeCondition.GTC,1783610754659025651,0.001,0.001,0.0
4194834854,2837957847,1783610754659448992,1783610754659451155,203,order,benchmark,True,0.0,0.0,,,mock,0.0,,1783610754659448992,InstrumentType.Spot,866585320701886572,OrderType.Limit,Direction.Long,64999.99,526675728,Side.Buy,,OrderStatus.Submitted,64999.99,1653898000,BTC-USDT,TimeCondition.GTC,1783610754659448992,0.001,0.001,0.0
4194834854,2837957847,1783610754659469707,1783610754659471128,203,order,benchmark,True,0.0,0.0,,,mock,0.0,,1783610754659469707,InstrumentType.Spot,866585320701886573,OrderType.Limit,Direction.Long,65000.2,526678512,Side.Sell,,OrderStatus.Submitted,65000.2,1653898000,BTC-USDT,TimeCondition.GTC,1783610754659469707,0.001,0.001,0.0
4194834854,2837957847,1783610754659691754,1783610754659694629,203,order,benchmark,True,0.0,0.0,,,mock,0.0,,1783610754659691754,InstrumentType.Spot,866585320701886574,OrderType.Limit,Direction.Long,65000.01,526680320,Side.Buy,,OrderStatus.Submitted,65000.01,1653898000,BTC-USDT,TimeCondition.GTC,1783610754659691754,0.001,0.001,0.0
4194834854,2837957847,1783610754660096972,1783610754660099286,203,order,benchmark,True,0.0,0.0,,,mock,0.0,,1783610754660096972,InstrumentType.Spot,866585320701886575,OrderType.Limit,Direction.Long,65000.22,526682096,Side.Sell,,OrderStatus.Submitted,65000.22,1653898000,BTC-USDT,TimeCondition.GTC,1783610754660096972,0.001,0.001,0.0
4194834854,2837957847,1783610754660381221,1783610754660383807,203,order,benchmark,True,0.0,0.0,,,mock,0.0,,1783610754660381221,InstrumentType.Spot,866585320701886576,OrderType.Limit,Direction.Long,65000.03,526683872,Side.Buy,,OrderStatus.Submitted,65000.03,1653898000,BTC-USDT,TimeCondition.GTC,1783610754660381221,0.001,0.001,0.0
4194834854,2837957847,1783610754660898758,1783610754660903405,203,order,benchmark,True,0.0,0.0,,,mock,0.0,,1783610754660898758,InstrumentType.Spot,866585320701886577,OrderType.Limit,Direction.Long,65000.24,526685648,Side.Sell,,OrderStatus.Submitted,65000.24,1653898000,BTC-USDT,TimeCondition.GTC,1783610754660898758,0.001,0.001,0.0
4194834854,2837957847,1783610754660933505,1783610754660936872,203,order,benchmark,True,0.0,0.0,,,mock,0.0,,1783610754660933505,InstrumentType.Spot,866585320701886578,OrderType.Limit,Direction.Long,65000.05,526687424,Side.Buy,,OrderStatus.Submitted,65000.05,1653898000,BTC-USDT,TimeCondition.GTC,1783610754660933505,0.001,0.001,0.0
4194834854,2837957847,1783610754661295920,1783610754661298183,203,order,benchmark,True,0.0,0.0,,,mock,0.0,,1783610754661295920,InstrumentType.Spot,866585320701886579,OrderType.Limit,Direction.Long,65000.26,526689200,Side.Sell,,OrderStatus.Submitted,65000.26,1653898000,BTC-USDT,TimeCondition.GTC,1783610754661295920,0.001,0.001,0.0
4194834854,2837957847,1783610754661570506,1783610754661572653,203,order,benchmark,True,0.0,0.0,,,mock,0.0,,1783610754661570506,InstrumentType.Spot,866585320701886580,OrderType.Limit,Direction.Long,65000.07,526690976,Side.Buy,,OrderStatus.Submitted,65000.07,1653898000,BTC-USDT,TimeCondition.GTC,1783610754661570506,0.001,0.001,0.0
4194834854,2837957847,1783610754662503128,1783610754662509141,203,order,benchmark,True,0.0,0.0,,,mock,0.0,,1783610754662503128,InstrumentType.Spot,866585320701886581,OrderType.Limit,Direction.Long,65000.28,526692752,Side.Sell,,OrderStatus.Submitted,65000.28,1653898000,BTC-USDT,TimeCondition.GTC,1783610754662503128,0.001,0.001,0.0
4194834854,2837957847,1783610754662619681,1783610754662676828,203,order,benchmark,True,0.0,0.0,,,mock,0.0,,1783610754662619681,InstrumentType.Spot,866585320701886582,OrderType.Limit,Direction.Long,65000.090000000004,526694528,Side.Buy,,OrderStatus.Submitted,65000.090000000004,1653898000,BTC-USDT,TimeCondition.GTC,1783610754662619681,0.001,0.001,0.0
4194834854,2837957847,1783610754662706807,1783610754662710202,203,order,benchmark,True,0.0,0.0,,,mock,0.0,,1783610754662706807,InstrumentType.Spot,866585320701886583,OrderType.Limit,Direction.Long,65000.299999999996,526696304,Side.Sell,,OrderStatus.Submitted,65000.299999999996,1653898000,BTC-USDT,TimeCondition.GTC,1783610754662706807,0.001,0.001,0.0
4194834854,2837957847,1783610754662732078,1783610754662734884,203,order,benchmark,True,0.0,0.0,,,mock,0.0,,1783610754662732078,InstrumentType.Spot,866585320701886584,OrderType.Limit,Direction.Long,65000.11,526698048,Side.Buy,,OrderStatus.Submitted,65000.11,1653898000,BTC-USDT,TimeCondition.GTC,1783610754662732078,0.001,0.001,0.0
4194834854,2837957847,1783610754663148085,1783610754663151118,203,order,benchmark,True,0.0,0.0,,,mock,0.0,,1783610754663148085,InstrumentType.Spot,866585320701886585,OrderType.Limit,Direction.Long,65000.32,526699856,Side.Sell,,OrderStatus.Submitted,65000.32,1653898000,BTC-USDT,TimeCondition.GTC,1783610754663148085,0.001,0.001,0.0
4194834854,2837957847,1783610754663343586,1783610754663346149,203,order,benchmark,True,0.0,0.0,,,mock,0.0,,1783610754663343586,InstrumentType.Spot,866585320701886586,OrderType.Limit,Direction.Long,65000.130000000005,526701632,Side.Buy,,OrderStatus.Submitted,65000.130000000005,1653898000,BTC-USDT,TimeCondition.GTC,1783610754663343586,0.001,0.001,0.0
4194834854,2837957847,1783610754663610369,1783610754663614081,203,order,benchmark,True,0.0,0.0,,,mock,0.0,,1783610754663610369,InstrumentType.Spot,866585320701886587,OrderType.Limit,Direction.Long,65000.34,526703408,Side.Sell,,OrderStatus.Submitted,65000.34,1653898000,BTC-USDT,TimeCondition.GTC,1783610754663610369,0.001,0.001,0.0
4194834854,2837957847,1783610754663895478,1783610754663898724,203,order,benchmark,True,0.0,0.0,,,mock,0.0,,1783610754663895478,InstrumentType.Spot,866585320701886588,OrderType.Limit,Direction.Long,65000.15,526705184,Side.Buy,,OrderStatus.Submitted,65000.15,1653898000,BTC-USDT,TimeCondition.GTC,1783610754663895478,0.001,0.001,0.0
4194834854,2837957847,1783610754664310928,1783610754664313950,203,order,benchmark,True,0.0,0.0,,,mock,0.0,,1783610754664310928,InstrumentType.Spot,866585320701886589,OrderType.Limit,Direction.Long,65000.36,526706960,Side.Sell,,OrderStatus.Submitted,65000.36,1653898000,BTC-USDT,TimeCondition.GTC,1783610754664310928,0.001,0.001,0.0
4194834854,2837957847,1783610754664514157,1783610754664517810,203,order,benchmark,True,0.0,0.0,,,mock,0.0,,1783610754664514157,InstrumentType.Spot,866585320701886590,OrderType.Limit,Direction.Long,65000.17,526708736,Side.Buy,,OrderStatus.Submitted,65000.17,1653898000,BTC-USDT,TimeCondition.GTC,1783610754664514157,0.001,0.001,0.0
4194834854,2837957847,1783610754664824117,1783610754664826863,203,order,benchmark,True,0.0,0.0,,,mock,0.0,,1783610754664824117,InstrumentType.Spot,866585320701886591,OrderType.Limit,Direction.Long,65000.38,526710512,Side.Sell,,OrderStatus.Submitted,65000.38,1653898000,BTC-USDT,TimeCondition.GTC,1783610754664824117,0.001,0.001,0.0
4194834854,2837957847,1783610754665121780,1783610754665125271,203,order,benchmark,True,0.0,0.0,,,mock,0.0,,1783610754665121780,InstrumentType.Spot,866585320701886592,OrderType.Limit,Direction.Long,65000.19,526712288,Side.Buy,,OrderStatus.Submitted,65000.19,1653898000,BTC-USDT,TimeCondition.GTC,1783610754665121780,0.001,0.001,0.0
4194834854,2837957847,1783610754665456170,1783610754665458914,203,order,benchmark,True,0.0,0.0,,,mock,0.0,,1783610754665456170,InstrumentType.Spot,866585320701886593,OrderType.Limit,Direction.Long,65000.4,526677504,Side.Sell,,OrderStatus.Submitted,65000.4,1653898000,BTC-USDT,TimeCondition.GTC,1783610754665456170,0.001,0.001,0.0
4194834854,2837957847,1783610754665698627,1783610754665702569,203,order,benchmark,True,0.0,0.0,,,mock,0.0,,1783610754665698627,InstrumentType.Spot,866585320701886594,OrderType.Limit,Direction.Long,65000.21,526716016,Side.Buy,,OrderStatus.Submitted,65000.21,1653898000,BTC-USDT,TimeCondition.GTC,1783610754665698627,0.001,0.001,0.0
4194834854,2837957847,1783610754666026256,1783610754666049381,203,order,benchmark,True,0.0,0.0,,,mock,0.0,,1783610754666026256,InstrumentType.Spot,866585320701886595,OrderType.Limit,Direction.Long,65000.42,526717776,Side.Sell,,OrderStatus.Submitted,65000.42,1653898000,BTC-USDT,TimeCondition.GTC,1783610754666026256,0.001,0.001,0.0
4194834854,2837957847,1783610754666348765,1783610754666352222,203,order,benchmark,True,0.0,0.0,,,mock,0.0,,1783610754666348765,InstrumentType.Spot,866585320701886596,OrderType.Limit,Direction.Long,65000.23,526719552,Side.Buy,,OrderStatus.Submitted,65000.23,1653898000,BTC-USDT,TimeCondition.GTC,1783610754666348765,0.001,0.001,0.0
4194834854,2837957847,1783610754666793131,1783610754666797492,203,order,benchmark,True,0.0,0.0,,,mock,0.0,,1783610754666793131,InstrumentType.Spot,866585320701886597,OrderType.Limit,Direction.Long,65000.439999999995,526721328,Side.Sell,,OrderStatus.Submitted,65000.439999999995,1653898000,BTC-USDT,TimeCondition.GTC,1783610754666793131,0.001,0.001,0.0
4194834854,2837957847,1783610754667015071,1783610754667019242,203,order,benchmark,True,0.0,0.0,,,mock,0.0,,1783610754667015071,InstrumentType.Spot,866585320701886598,OrderType.Limit,Direction.Long,65000.25,526723104,Side.Buy,,OrderStatus.Submitted,65000.25,1653898000,BTC-USDT,TimeCondition.GTC,1783610754667015071,0.001,0.001,0.0
4194834854,2837957847,1783610754667237934,1783610754667241719,203,order,benchmark,True,0.0,0.0,,,mock,0.0,,1783610754667237934,InstrumentType.Spot,866585320701886599,OrderType.Limit,Direction.Long,65000.46,526724880,Side.Sell,,OrderStatus.Submitted,65000.46,1653898000,BTC-USDT,TimeCondition.GTC,1783610754667237934,0.001,0.001,0.0
4194834854,2837957847,1783610754667527605,1783610754667530782,203,order,benchmark,True,0.0,0.0,,,mock,0.0,,1783610754667527605,InstrumentType.Spot,866585320701886600,OrderType.Limit,Direction.Long,65000.270000000004,526726656,Side.Buy,,OrderStatus.Submitted,65000.270000000004,1653898000,BTC-USDT,TimeCondition.GTC,1783610754667527605,0.001,0.001,0.0
4194834854,2837957847,1783610754667902757,1783610754667905248,203,order,benchmark,True,0.0,0.0,,,mock,0.0,,1783610754667902757,InstrumentType.Spot,866585320701886601,OrderType.Limit,Direction.Long,65000.479999999996,526728432,Side.Sell,,OrderStatus.Submitted,65000.479999999996,1653898000,BTC-USDT,TimeCondition.GTC,1783610754667902757,0.001,0.001,0.0
4194834854,2837957847,1783610754668251683,1783610754668254600,203,order,benchmark,True,0.0,0.0,,,mock,0.0,,1783610754668251683,InstrumentType.Spot,866585320701886602,OrderType.Limit,Direction.Long,65000.29,526730208,Side.Buy,,OrderStatus.Submitted,65000.29,1653898000,BTC-USDT,TimeCondition.GTC,1783610754668251683,0.001,0.001,0.0
4194834854,2837957847,1783610754668476631,1783610754668479138,203,order,benchmark,True,0.0,0.0,,,mock,0.0,,1783610754668476631,InstrumentType.Spot,866585320701886603,OrderType.Limit,Direction.Long,65000.5,526731984,Side.Sell,,OrderStatus.Submitted,65000.5,1653898000,BTC-USDT,TimeCondition.GTC,1783610754668476631,0.001,0.001,0.0
4194834854,2837957847,1783610754668756497,1783610754668759948,203,order,benchmark,True,0.0,0.0,,,mock,0.0,,1783610754668756497,InstrumentType.Spot,866585320701886604,OrderType.Limit,Direction.Long,65000.310000000005,526733760,Side.Buy,,OrderStatus.Submitted,65000.310000000005,1653898000,BTC-USDT,TimeCondition.GTC,1783610754668756497,0.001,0.001,0.0
4194834854,2837957847,1783610754669006783,1783610754669010424,203,order,benchmark,True,0.0,0.0,,,mock,0.0,,1783610754669006783,InstrumentType.Spot,866585320701886605,OrderType.Limit,Direction.Long,65000.52,526735536,Side.Sell,,OrderStatus.Submitted,65000.52,1653898000,BTC-USDT,TimeCondition.GTC,1783610754669006783,0.001,0.001,0.0
4194834854,2837957847,1783610754669302430,1783610754669306049,203,order,benchmark,True,0.0,0.0,,,mock,0.0,,1783610754669302430,InstrumentType.Spot,866585320701886606,OrderType.Limit,Direction.Long,65000.33,526737312,Side.Buy,,OrderStatus.Submitted,65000.33,1653898000,BTC-USDT,TimeCondition.GTC,1783610754669302430,0.001,0.001,0.0
4194834854,2837957847,1783610754669689410,1783610754669691836,203,order,benchmark,True,0.0,0.0,,,mock,0.0,,1783610754669689410,InstrumentType.Spot,866585320701886607,OrderType.Limit,Direction.Long,65000.54,526739088,Side.Sell,,OrderStatus.Submitted,65000.54,1653898000,BTC-USDT,TimeCondition.GTC,1783610754669689410,0.001,0.001,0.0
4194834854,2837957847,1783610754669977022,1783610754669979332,203,order,benchmark,True,0.0,0.0,,,mock,0.0,,1783610754669977022,InstrumentType.Spot,866585320701886608,OrderType.Limit,Direction.Long,65000.35,526740864,Side.Buy,,OrderStatus.Submitted,65000.35,1653898000,BTC-USDT,TimeCondition.GTC,1783610754669977022,0.001,0.001,0.0
4194834854,2837957847,1783610754670278909,1783610754670289554,203,order,benchmark,True,0.0,0.0,,,mock,0.0,,1783610754670278909,InstrumentType.Spot,866585320701886609,OrderType.Limit,Direction.Long,65000.56,526742640,Side.Sell,,OrderStatus.Submitted,65000.56,1653898000,BTC-USDT,TimeCondition.GTC,1783610754670278909,0.001,0.001,0.0
4194834854,2837957847,1783610754670493215,1783610754670496267,203,order,benchmark,True,0.0,0.0,,,mock,0.0,,1783610754670493215,InstrumentType.Spot,866585320701886610,OrderType.Limit,Direction.Long,65000.37,526744416,Side.Buy,,OrderStatus.Submitted,65000.37,1653898000,BTC-USDT,TimeCondition.GTC,1783610754670493215,0.001,0.001,0.0
4194834854,2837957847,1783610754670878236,1783610754670880710,203,order,benchmark,True,0.0,0.0,,,mock,0.0,,1783610754670878236,InstrumentType.Spot,866585320701886611,OrderType.Limit,Direction.Long,65000.58,526746192,Side.Sell,,OrderStatus.Submitted,65000.58,1653898000,BTC-USDT,TimeCondition.GTC,1783610754670878236,0.001,0.001,0.0
4194834854,2837957847,1783610754671093351,1783610754671096365,203,order,benchmark,True,0.0,0.0,,,mock,0.0,,1783610754671093351,InstrumentType.Spot,866585320701886612,OrderType.Limit,Direction.Long,65000.39,526747968,Side.Buy,,OrderStatus.Submitted,65000.39,1653898000,BTC-USDT,TimeCondition.GTC,1783610754671093351,0.001,0.001,0.0
4194834854,2837957847,1783610754671476754,1783610754671480150,203,order,benchmark,True,0.0,0.0,,,mock,0.0,,1783610754671476754,InstrumentType.Spot,866585320701886613,OrderType.Limit,Direction.Long,65000.6,526714064,Side.Sell,,OrderStatus.Submitted,65000.6,1653898000,BTC-USDT,TimeCondition.GTC,1783610754671476754,0.001,0.001,0.0
4194834854,2837957847,1783610754671773547,1783610754671775975,203,order,benchmark,True,0.0,0.0,,,mock,0.0,,1783610754671773547,InstrumentType.Spot,866585320701886614,OrderType.Limit,Direction.Long,65000.41,526751888,Side.Buy,,OrderStatus.Submitted,65000.41,1653898000,BTC-USDT,TimeCondition.GTC,1783610754671773547,0.001,0.001,0.0
4194834854,2837957847,1783610754672080517,1783610754672082812,203,order,benchmark,True,0.0,0.0,,,mock,0.0,,1783610754672080517,InstrumentType.Spot,866585320701886615,OrderType.Limit,Direction.Long,65000.619999999995,526753488,Side.Sell,,OrderStatus.Submitted,65000.619999999995,1653898000,BTC-USDT,TimeCondition.GTC,1783610754672080517,0.001,0.001,0.0
4194834854,2837957847,1783610754672375050,1783610754672377225,203,order,benchmark,True,0.0,0.0,,,mock,0.0,,1783610754672375050,InstrumentType.Spot,866585320701886616,OrderType.Limit,Direction.Long,65000.43,526755264,Side.Buy,,OrderStatus.Submitted,65000.43,1653898000,BTC-USDT,TimeCondition.GTC,1783610754672375050,0.001,0.001,0.0
4194834854,2837957847,1783610754672663980,1783610754672666252,203,order,benchmark,True,0.0,0.0,,,mock,0.0,,1783610754672663980,InstrumentType.Spot,866585320701886617,OrderType.Limit,Direction.Long,65000.64,526757040,Side.Sell,,OrderStatus.Submitted,65000.64,1653898000,BTC-USDT,TimeCondition.GTC,1783610754672663980,0.001,0.001,0.0
4194834854,2837957847,1783610754672966966,1783610754672969250,203,order,benchmark,True,0.0,0.0,,,mock,0.0,,1783610754672966966,InstrumentType.Spot,866585320701886618,OrderType.Limit,Direction.Long,65000.450000000004,526758816,Side.Buy,,OrderStatus.Submitted,65000.450000000004,1653898000,BTC-USDT,TimeCondition.GTC,1783610754672966966,0.001,0.001,0.0
4194834854,2837957847,1783610754673391100,1783610754673394420,203,order,benchmark,True,0.0,0.0,,,mock,0.0,,1783610754673391100,InstrumentType.Spot,866585320701886619,OrderType.Limit,Direction.Long,65000.659999999996,526760592,Side.Sell,,OrderStatus.Submitted,65000.659999999996,1653898000,BTC-USDT,TimeCondition.GTC,1783610754673391100,0.001,0.001,0.0
4194834854,2837957847,1783610754673610290,1783610754673612445,203,order,benchmark,True,0.0,0.0,,,mock,0.0,,1783610754673610290,InstrumentType.Spot,866585320701886620,OrderType.Limit,Direction.Long,65000.47,526762368,Side.Buy,,OrderStatus.Submitted,65000.47,1653898000,BTC-USDT,TimeCondition.GTC,1783610754673610290,0.001,0.001,0.0
4194834854,2837957847,1783610754673793791,1783610754673796530,203,order,benchmark,True,0.0,0.0,,,mock,0.0,,1783610754673793791,InstrumentType.Spot,866585320701886621,OrderType.Limit,Direction.Long,65000.68,526764144,Side.Sell,,OrderStatus.Submitted,65000.68,1653898000,BTC-USDT,TimeCondition.GTC,1783610754673793791,0.001,0.001,0.0
4194834854,2837957847,1783610754674286275,1783610754674299604,203,order,benchmark,True,0.0,0.0,,,mock,0.0,,1783610754674286275,InstrumentType.Spot,866585320701886622,OrderType.Limit,Direction.Long,65000.49,526765920,Side.Buy,,OrderStatus.Submitted,65000.49,1653898000,BTC-USDT,TimeCondition.GTC,1783610754674286275,0.001,0.001,0.0
4194834854,2837957847,1783610754674531494,1783610754674550367,203,order,benchmark,True,0.0,0.0,,,mock,0.0,,1783610754674531494,InstrumentType.Spot,866585320701886623,OrderType.Limit,Direction.Long,65000.7,526767696,Side.Sell,,OrderStatus.Submitted,65000.7,1653898000,BTC-USDT,TimeCondition.GTC,1783610754674531494,0.001,0.001,0.0
4194834854,2837957847,1783610754675091665,1783610754675095378,203,order,benchmark,True,0.0,0.0,,,mock,0.0,,1783610754675091665,InstrumentType.Spot,866585320701886624,OrderType.Limit,Direction.Long,65000.51,526769472,Side.Buy,,OrderStatus.Submitted,65000.51,1653898000,BTC-USDT,TimeCondition.GTC,1783610754675091665,0.001,0.001,0.0
4194834854,2837957847,1783610754675115267,1783610754675117666,203,order,benchmark,True,0.0,0.0,,,mock,0.0,,1783610754675115267,InstrumentType.Spot,866585320701886625,OrderType.Limit,Direction.Long,65000.72,526771216,Side.Sell,,OrderStatus.Submitted,65000.72,1653898000,BTC-USDT,TimeCondition.GTC,1783610754675115267,0.001,0.001,0.0
4194834854,2837957847,1783610754675362587,1783610754675365848,203,order,benchmark,True,0.0,0.0,,,mock,0.0,,1783610754675362587,InstrumentType.Spot,866585320701886626,OrderType.Limit,Direction.Long,65000.53,526773024,Side.Buy,,OrderStatus.Submitted,65000.53,1653898000,BTC-USDT,TimeCondition.GTC,1783610754675362587,0.001,0.001,0.0
4194834854,2837957847,1783610754675643629,1783610754675646369,203,order,benchmark,True,0.0,0.0,,,mock,0.0,,1783610754675643629,InstrumentType.Spot,866585320701886627,OrderType.Limit,Direction.Long,65000.74,526774800,Side.Sell,,OrderStatus.Submitted,65000.74,1653898000,BTC-USDT,TimeCondition.GTC,1783610754675643629,0.001,0.001,0.0
4194834854,2837957847,1783610754675994122,1783610754676004771,203,order,benchmark,True,0.0,0.0,,,mock,0.0,,1783610754675994122,InstrumentType.Spot,866585320701886628,OrderType.Limit,Direction.Long,65000.55,526776576,Side.Buy,,OrderStatus.Submitted,65000.55,1653898000,BTC-USDT,TimeCondition.GTC,1783610754675994122,0.001,0.001,0.0
4194834854,2837957847,1783610754676196397,1783610754676199431,203,order,benchmark,True,0.0,0.0,,,mock,0.0,,1783610754676196397,InstrumentType.Spot,866585320701886629,OrderType.Limit,Direction.Long,65000.76,526778352,Side.Sell,,OrderStatus.Submitted,65000.76,1653898000,BTC-USDT,TimeCondition.GTC,1783610754676196397,0.001,0.001,0.0
4194834854,2837957847,1783610754676580753,1783610754676584115,203,order,benchmark,True,0.0,0.0,,,mock,0.0,,1783610754676580753,InstrumentType.Spot,866585320701886630,OrderType.Limit,Direction.Long,65000.57,526780128,Side.Buy,,OrderStatus.Submitted,65000.57,1653898000,BTC-USDT,TimeCondition.GTC,1783610754676580753,0.001,0.001,0.0
4194834854,2837957847,1783610754676799093,1783610754676802385,203,order,benchmark,True,0.0,0.0,,,mock,0.0,,1783610754676799093,InstrumentType.Spot,866585320701886631,OrderType.Limit,Direction.Long,65000.78,526781904,Side.Sell,,OrderStatus.Submitted,65000.78,1653898000,BTC-USDT,TimeCondition.GTC,1783610754676799093,0.001,0.001,0.0
4194834854,2837957847,1783610754677097512,1783610754677100876,203,order,benchmark,True,0.0,0.0,,,mock,0.0,,1783610754677097512,InstrumentType.Spot,866585320701886632,OrderType.Limit,Direction.Long,65000.590000000004,526783680,Side.Buy,,OrderStatus.Submitted,65000.590000000004,1653898000,BTC-USDT,TimeCondition.GTC,1783610754677097512,0.001,0.001,0.0
4194834854,2837957847,1783610754677392397,1783610754677395787,203,order,benchmark,True,0.0,0.0,,,mock,0.0,,1783610754677392397,InstrumentType.Spot,866585320701886633,OrderType.Limit,Direction.Long,65000.799999999996,526785456,Side.Sell,,OrderStatus.Submitted,65000.799999999996,1653898000,BTC-USDT,TimeCondition.GTC,1783610754677392397,0.001,0.001,0.0
4194834854,2837957847,1783610754677687370,1783610754677690811,203,order,benchmark,True,0.0,0.0,,,mock,0.0,,1783610754677687370,InstrumentType.Spot,866585320701886634,OrderType.Limit,Direction.Long,65000.61,526787232,Side.Buy,,OrderStatus.Submitted,65000.61,1653898000,BTC-USDT,TimeCondition.GTC,1783610754677687370,0.001,0.001,0.0
4194834854,2837957847,1783610754678121930,1783610754678136587,203,order,benchmark,True,0.0,0.0,,,mock,0.0,,1783610754678121930,InstrumentType.Spot,866585320701886635,OrderType.Limit,Direction.Long,65000.82,526789008,Side.Sell,,OrderStatus.Submitted,65000.82,1653898000,BTC-USDT,TimeCondition.GTC,1783610754678121930,0.001,0.001,0.0
4194834854,2837957847,1783610754678353315,1783610754678356008,203,order,benchmark,True,0.0,0.0,,,mock,0.0,,1783610754678353315,InstrumentType.Spot,866585320701886636,OrderType.Limit,Direction.Long,65000.630000000005,526790784,Side.Buy,,OrderStatus.Submitted,65000.630000000005,1653898000,BTC-USDT,TimeCondition.GTC,1783610754678353315,0.001,0.001,0.0
4194834854,2837957847,1783610754678692182,1783610754678694638,203,order,benchmark,True,0.0,0.0,,,mock,0.0,,1783610754678692182,InstrumentType.Spot,866585320701886637,OrderType.Limit,Direction.Long,65000.84,526749744,Side.Sell,,OrderStatus.Submitted,65000.84,1653898000,BTC-USDT,TimeCondition.GTC,1783610754678692182,0.001,0.001,0.0
4194834854,2837957847,1783610754678892993,1783610754678896431,203,order,benchmark,True,0.0,0.0,,,mock,0.0,,1783610754678892993,InstrumentType.Spot,866585320701886638,OrderType.Limit,Direction.Long,65000.65,526750736,Side.Buy,,OrderStatus.Submitted,65000.65,1653898000,BTC-USDT,TimeCondition.GTC,1783610754678892993,0.001,0.001,0.0
4194834854,2837957847,1783610754679208764,1783610754679212303,203,order,benchmark,True,0.0,0.0,,,mock,0.0,,1783610754679208764,InstrumentType.Spot,866585320701886639,OrderType.Limit,Direction.Long,65000.86,526796336,Side.Sell,,OrderStatus.Submitted,65000.86,1653898000,BTC-USDT,TimeCondition.GTC,1783610754679208764,0.001,0.001,0.0
4194834854,2837957847,1783610754679558614,1783610754679561002,203,order,benchmark,True,0.0,0.0,,,mock,0.0,,1783610754679558614,InstrumentType.Spot,866585320701886640,OrderType.Limit,Direction.Long,65000.67,526798112,Side.Buy,,OrderStatus.Submitted,65000.67,1653898000,BTC-USDT,TimeCondition.GTC,1783610754679558614,0.001,0.001,0.0
4194834854,2837957847,1783610754679875298,1783610754679877383,203,order,benchmark,True,0.0,0.0,,,mock,0.0,,1783610754679875298,InstrumentType.Spot,866585320701886641,OrderType.Limit,Direction.Long,65000.88,526799888,Side.Sell,,OrderStatus.Submitted,65000.88,1653898000,BTC-USDT,TimeCondition.GTC,1783610754679875298,0.001,0.001,0.0
4194834854,2837957847,1783610754680311904,1783610754680315348,203,order,benchmark,True,0.0,0.0,,,mock,0.0,,1783610754680311904,InstrumentType.Spot,866585320701886642,OrderType.Limit,Direction.Long,65000.69,526801664,Side.Buy,,OrderStatus.Submitted,65000.69,1653898000,BTC-USDT,TimeCondition.GTC,1783610754680311904,0.001,0.001,0.0
4194834854,2837957847,1783610754680556564,1783610754680558809,203,order,benchmark,True,0.0,0.0,,,mock,0.0,,1783610754680556564,InstrumentType.Spot,866585320701886643,OrderType.Limit,Direction.Long,65000.9,526803440,Side.Sell,,OrderStatus.Submitted,65000.9,1653898000,BTC-USDT,TimeCondition.GTC,1783610754680556564,0.001,0.001,0.0
4194834854,2837957847,1783610754680735251,1783610754680737507,203,order,benchmark,True,0.0,0.0,,,mock,0.0,,1783610754680735251,InstrumentType.Spot,866585320701886644,OrderType.Limit,Direction.Long,65000.71,526805216,Side.Buy,,OrderStatus.Submitted,65000.71,1653898000,BTC-USDT,TimeCondition.GTC,1783610754680735251,0.001,0.001,0.0
4194834854,2837957847,1783610754681104272,1783610754681106851,203,order,benchmark,True,0.0,0.0,,,mock,0.0,,1783610754681104272,InstrumentType.Spot,866585320701886645,OrderType.Limit,Direction.Long,65000.92,526806992,Side.Sell,,OrderStatus.Submitted,65000.92,1653898000,BTC-USDT,TimeCondition.GTC,1783610754681104272,0.001,0.001,0.0
4194834854,2837957847,1783610754681299120,1783610754681302036,203,order,benchmark,True,0.0,0.0,,,mock,0.0,,1783610754681299120,InstrumentType.Spot,866585320701886646,OrderType.Limit,Direction.Long,65000.73,526808768,Side.Buy,,OrderStatus.Submitted,65000.73,1653898000,BTC-USDT,TimeCondition.GTC,1783610754681299120,0.001,0.001,0.0
4194834854,2837957847,1783610754681837131,1783610754681840042,203,order,benchmark,True,0.0,0.0,,,mock,0.0,,1783610754681837131,InstrumentType.Spot,866585320701886647,OrderType.Limit,Direction.Long,65000.939999999995,526810544,Side.Sell,,OrderStatus.Submitted,65000.939999999995,1653898000,BTC-USDT,TimeCondition.GTC,1783610754681837131,0.001,0.001,0.0
4194834854,2837957847,1783610754681986919,1783610754682003956,203,order,benchmark,True,0.0,0.0,,,mock,0.0,,1783610754681986919,InstrumentType.Spot,866585320701886648,OrderType.Limit,Direction.Long,65000.75,526812320,Side.Buy,,OrderStatus.Submitted,65000.75,1653898000,BTC-USDT,TimeCondition.GTC,1783610754681986919,0.001,0.001,0.0
4194834854,2837957847,1783610754682183880,1783610754682186819,203,order,benchmark,True,0.0,0.0,,,mock,0.0,,1783610754682183880,InstrumentType.Spot,866585320701886649,OrderType.Limit,Direction.Long,65000.96,526814096,Side.Sell,,OrderStatus.Submitted,65000.96,1653898000,BTC-USDT,TimeCondition.GTC,1783610754682183880,0.001,0.001,0.0
4194834854,2837957847,1783610754682576498,1783610754682578561,203,order,benchmark,True,0.0,0.0,,,mock,0.0,,1783610754682576498,InstrumentType.Spot,866585320701886650,OrderType.Limit,Direction.Long,65000.770000000004,526815872,Side.Buy,,OrderStatus.Submitted,65000.770000000004,1653898000,BTC-USDT,TimeCondition.GTC,1783610754682576498,0.001,0.001,0.0
4194834854,2837957847,1783610754683002944,1783610754683006001,203,order,benchmark,True,0.0,0.0,,,mock,0.0,,1783610754683002944,InstrumentType.Spot,866585320701886651,OrderType.Limit,Direction.Long,65000.979999999996,526817648,Side.Sell,,OrderStatus.Submitted,65000.979999999996,1653898000,BTC-USDT,TimeCondition.GTC,1783610754683002944,0.001,0.001,0.0
4194834854,2837957847,1783610754683213678,1783610754683215538,203,order,benchmark,True,0.0,0.0,,,mock,0.0,,1783610754683213678,InstrumentType.Spot,866585320701886652,OrderType.Limit,Direction.Long,65000.79,526819424,Side.Buy,,OrderStatus.Submitted,65000.79,1653898000,BTC-USDT,TimeCondition.GTC,1783610754683213678,0.001,0.001,0.0
4194834854,2837957847,1783610754683457860,1783610754683459839,203,order,benchmark,True,0.0,0.0,,,mock,0.0,,1783610754683457860,InstrumentType.Spot,866585320701886653,OrderType.Limit,Direction.Long,65001.0,526821200,Side.Sell,,OrderStatus.Submitted,65001.0,1653898000,BTC-USDT,TimeCondition.GTC,1783610754683457860,0.001,0.001,0.0
4194834854,2837957847,1783610754683769214,1783610754683771545,203,order,benchmark,True,0.0,0.0,,,mock,0.0,,1783610754683769214,InstrumentType.Spot,866585320701886654,OrderType.Limit,Direction.Long,65000.810000000005,526822976,Side.Buy,,OrderStatus.Submitted,65000.810000000005,1653898000,BTC-USDT,TimeCondition.GTC,1783610754683769214,0.001,0.001,0.0
4194834854,2837957847,1783610754684063939,1783610754684065872,203,order,benchmark,True,0.0,0.0,,,mock,0.0,,1783610754684063939,InstrumentType.Spot,866585320701886655,OrderType.Limit,Direction.Long,65001.02,526824752,Side.Sell,,OrderStatus.Submitted,65001.02,1653898000,BTC-USDT,TimeCondition.GTC,1783610754684063939,0.001,0.001,0.0
4194834854,2837957847,1783610754684658458,1783610754684677141,203,order,benchmark,True,0.0,0.0,,,mock,0.0,,1783610754684658458,InstrumentType.Spot,866585320701886656,OrderType.Limit,Direction.Long,65000.83,526826528,Side.Buy,,OrderStatus.Submitted,65000.83,1653898000,BTC-USDT,TimeCondition.GTC,1783610754684658458,0.001,0.001,0.0
4194834854,2837957847,1783610754684698387,1783610754684700570,203,order,benchmark,True,0.0,0.0,,,mock,0.0,,1783610754684698387,InstrumentType.Spot,866585320701886657,OrderType.Limit,Direction.Long,65001.04,526828272,Side.Sell,,OrderStatus.Submitted,65001.04,1653898000,BTC-USDT,TimeCondition.GTC,1783610754684698387,0.001,0.001,0.0
4194834854,2837957847,1783610754684927914,1783610754684930132,203,order,benchmark,True,0.0,0.0,,,mock,0.0,,1783610754684927914,InstrumentType.Spot,866585320701886658,OrderType.Limit,Direction.Long,65000.85,526830080,Side.Buy,,OrderStatus.Submitted,65000.85,1653898000,BTC-USDT,TimeCondition.GTC,1783610754684927914,0.001,0.001,0.0
4194834854,2837957847,1783610754685258711,1783610754685260611,203,order,benchmark,True,0.0,0.0,,,mock,0.0,,1783610754685258711,InstrumentType.Spot,866585320701886659,OrderType.Limit,Direction.Long,65001.06,526831856,Side.Sell,,OrderStatus.Submitted,65001.06,1653898000,BTC-USDT,TimeCondition.GTC,1783610754685258711,0.001,0.001,0.0
4194834854,2837957847,1783610754685560908,1783610754685562924,203,order,benchmark,True,0.0,0.0,,,mock,0.0,,1783610754685560908,InstrumentType.Spot,866585320701886660,OrderType.Limit,Direction.Long,65000.87,526833632,Side.Buy,,OrderStatus.Submitted,65000.87,1653898000,BTC-USDT,TimeCondition.GTC,1783610754685560908,0.001,0.001,0.0
4194834854,2837957847,1783610754685857137,1783610754685859148,203,order,benchmark,True,0.0,0.0,,,mock,0.0,,1783610754685857137,InstrumentType.Spot,866585320701886661,OrderType.Limit,Direction.Long,65001.08,526835408,Side.Sell,,OrderStatus.Submitted,65001.08,1653898000,BTC-USDT,TimeCondition.GTC,1783610754685857137,0.001,0.001,0.0
4194834854,2837957847,1783610754686156494,1783610754686167369,203,order,benchmark,True,0.0,0.0,,,mock,0.0,,1783610754686156494,InstrumentType.Spot,866585320701886662,OrderType.Limit,Direction.Long,65000.89,526837184,Side.Buy,,OrderStatus.Submitted,65000.89,1653898000,BTC-USDT,TimeCondition.GTC,1783610754686156494,0.001,0.001,0.0
4194834854,2837957847,1783610754686457627,1783610754686459536,203,order,benchmark,True,0.0,0.0,,,mock,0.0,,1783610754686457627,InstrumentType.Spot,866585320701886663,OrderType.Limit,Direction.Long,65000.1,526838960,Side.Sell,,OrderStatus.Submitted,65000.1,1653898000,BTC-USDT,TimeCondition.GTC,1783610754686457627,0.001,0.001,0.0
4194834854,2837957847,1783610754686762190,1783610754686764476,203,order,benchmark,True,0.0,0.0,,,mock,0.0,,1783610754686762190,InstrumentType.Spot,866585320701886664,OrderType.Limit,Direction.Long,64999.91,526840736,Side.Buy,,OrderStatus.Submitted,64999.91,1653898000,BTC-USDT,TimeCondition.GTC,1783610754686762190,0.001,0.001,0.0
4194834854,2837957847,1783610754687064847,1783610754687066807,203,order,benchmark,True,0.0,0.0,,,mock,0.0,,1783610754687064847,InstrumentType.Spot,866585320701886665,OrderType.Limit,Direction.Long,65000.119999999995,526792560,Side.Sell,,OrderStatus.Submitted,65000.119999999995,1653898000,BTC-USDT,TimeCondition.GTC,1783610754687064847,0.001,0.001,0.0
4194834854,2837957847,1783610754687356804,1783610754687358738,203,order,benchmark,True,0.0,0.0,,,mock,0.0,,1783610754687356804,InstrumentType.Spot,866585320701886666,OrderType.Limit,Direction.Long,64999.93,526793552,Side.Buy,,OrderStatus.Submitted,64999.93,1653898000,BTC-USDT,TimeCondition.GTC,1783610754687356804,0.001,0.001,0.0
4194834854,2837957847,1783610754687654999,1783610754687656890,203,order,benchmark,True,0.0,0.0,,,mock,0.0,,1783610754687654999,InstrumentType.Spot,866585320701886667,OrderType.Limit,Direction.Long,65000.14,526846320,Side.Sell,,OrderStatus.Submitted,65000.14,1653898000,BTC-USDT,TimeCondition.GTC,1783610754687654999,0.001,0.001,0.0
4194834854,2837957847,1783610754687960184,1783610754687962269,203,order,benchmark,True,0.0,0.0,,,mock,0.0,,1783610754687960184,InstrumentType.Spot,866585320701886668,OrderType.Limit,Direction.Long,64999.950000000004,526848096,Side.Buy,,OrderStatus.Submitted,64999.950000000004,1653898000,BTC-USDT,TimeCondition.GTC,1783610754687960184,0.001,0.001,0.0
4194834854,2837957847,1783610754688257712,1783610754688259622,203,order,benchmark,True,0.0,0.0,,,mock,0.0,,1783610754688257712,InstrumentType.Spot,866585320701886669,OrderType.Limit,Direction.Long,65000.159999999996,526849872,Side.Sell,,OrderStatus.Submitted,65000.159999999996,1653898000,BTC-USDT,TimeCondition.GTC,1783610754688257712,0.001,0.001,0.0
4194834854,2837957847,1783610754688558757,1783610754688560801,203,order,benchmark,True,0.0,0.0,,,mock,0.0,,1783610754688558757,InstrumentType.Spot,866585320701886670,OrderType.Limit,Direction.Long,64999.97,526851648,Side.Buy,,OrderStatus.Submitted,64999.97,1653898000,BTC-USDT,TimeCondition.GTC,1783610754688558757,0.001,0.001,0.0
4194834854,2837957847,1783610754688857760,1783610754688859644,203,order,benchmark,True,0.0,0.0,,,mock,0.0,,1783610754688857760,InstrumentType.Spot,866585320701886671,OrderType.Limit,Direction.Long,65000.18,526853424,Side.Sell,,OrderStatus.Submitted,65000.18,1653898000,BTC-USDT,TimeCondition.GTC,1783610754688857760,0.001,0.001,0.0
4194834854,2837957847,1783610754689157196,1783610754689159317,203,order,benchmark,True,0.0,0.0,,,mock,0.0,,1783610754689157196,InstrumentType.Spot,866585320701886672,OrderType.Limit,Direction.Long,64999.99,526855200,Side.Buy,,OrderStatus.Submitted,64999.99,1653898000,BTC-USDT,TimeCondition.GTC,1783610754689157196,0.001,0.001,0.0
4194834854,2837957847,1783610754689463835,1783610754689465997,203,order,benchmark,True,0.0,0.0,,,mock,0.0,,1783610754689463835,InstrumentType.Spot,866585320701886673,OrderType.Limit,Direction.Long,65000.2,526856976,Side.Sell,,OrderStatus.Submitted,65000.2,1653898000,BTC-USDT,TimeCondition.GTC,1783610754689463835,0.001,0.001,0.0
4194834854,2837957847,1783610754689757964,1783610754689759859,203,order,benchmark,True,0.0,0.0,,,mock,0.0,,1783610754689757964,InstrumentType.Spot,866585320701886674,OrderType.Limit,Direction.Long,65000.01,526858752,Side.Buy,,OrderStatus.Submitted,65000.01,1653898000,BTC-USDT,TimeCondition.GTC,1783610754689757964,0.001,0.001,0.0
4194834854,2837957847,1783610754690188778,1783610754690200383,203,order,benchmark,True,0.0,0.0,,,mock,0.0,,1783610754690188778,InstrumentType.Spot,866585320701886675,OrderType.Limit,Direction.Long,65000.22,526860528,Side.Sell,,OrderStatus.Submitted,65000.22,1653898000,BTC-USDT,TimeCondition.GTC,1783610754690188778,0.001,0.001,0.0
4194834854,2837957847,1783610754690426422,1783610754690428622,203,order,benchmark,True,0.0,0.0,,,mock,0.0,,1783610754690426422,InstrumentType.Spot,866585320701886676,OrderType.Limit,Direction.Long,65000.03,526862304,Side.Buy,,OrderStatus.Submitted,65000.03,1653898000,BTC-USDT,TimeCondition.GTC,1783610754690426422,0.001,0.001,0.0
4194834854,2837957847,1783610754690668872,1783610754690671172,203,order,benchmark,True,0.0,0.0,,,mock,0.0,,1783610754690668872,InstrumentType.Spot,866585320701886677,OrderType.Limit,Direction.Long,65000.24,526864080,Side.Sell,,OrderStatus.Submitted,65000.24,1653898000,BTC-USDT,TimeCondition.GTC,1783610754690668872,0.001,0.001,0.0
4194834854,2837957847,1783610754690962040,1783610754690964149,203,order,benchmark,True,0.0,0.0,,,mock,0.0,,1783610754690962040,InstrumentType.Spot,866585320701886678,OrderType.Limit,Direction.Long,65000.05,526865856,Side.Buy,,OrderStatus.Submitted,65000.05,1653898000,BTC-USDT,TimeCondition.GTC,1783610754690962040,0.001,0.001,0.0
4194834854,2837957847,1783610754691265518,1783610754691267714,203,order,benchmark,True,0.0,0.0,,,mock,0.0,,1783610754691265518,InstrumentType.Spot,866585320701886679,OrderType.Limit,Direction.Long,65000.26,526867632,Side.Sell,,OrderStatus.Submitted,65000.26,1653898000,BTC-USDT,TimeCondition.GTC,1783610754691265518,0.001,0.001,0.0
4194834854,2837957847,1783610754691570408,1783610754691573104,203,order,benchmark,True,0.0,0.0,,,mock,0.0,,1783610754691570408,InstrumentType.Spot,866585320701886680,OrderType.Limit,Direction.Long,65000.07,526869408,Side.Buy,,OrderStatus.Submitted,65000.07,1653898000,BTC-USDT,TimeCondition.GTC,1783610754691570408,0.001,0.001,0.0
4194834854,2837957847,1783610754691864372,1783610754691866329,203,order,benchmark,True,0.0,0.0,,,mock,0.0,,1783610754691864372,InstrumentType.Spot,866585320701886681,OrderType.Limit,Direction.Long,65000.28,526871184,Side.Sell,,OrderStatus.Submitted,65000.28,1653898000,BTC-USDT,TimeCondition.GTC,1783610754691864372,0.001,0.001,0.0
4194834854,2837957847,1783610754692408857,1783610754692411993,203,order,benchmark,True,0.0,0.0,,,mock,0.0,,1783610754692408857,InstrumentType.Spot,866585320701886682,OrderType.Limit,Direction.Long,65000.090000000004,526872960,Side.Buy,,OrderStatus.Submitted,65000.090000000004,1653898000,BTC-USDT,TimeCondition.GTC,1783610754692408857,0.001,0.001,0.0
4194834854,2837957847,1783610754692603101,1783610754692605839,203,order,benchmark,True,0.0,0.0,,,mock,0.0,,1783610754692603101,InstrumentType.Spot,866585320701886683,OrderType.Limit,Direction.Long,65000.299999999996,526874736,Side.Sell,,OrderStatus.Submitted,65000.299999999996,1653898000,BTC-USDT,TimeCondition.GTC,1783610754692603101,0.001,0.001,0.0
4194834854,2837957847,1783610754692803486,1783610754692806384,203,order,benchmark,True,0.0,0.0,,,mock,0.0,,1783610754692803486,InstrumentType.Spot,866585320701886684,OrderType.Limit,Direction.Long,65000.11,526876512,Side.Buy,,OrderStatus.Submitted,65000.11,1653898000,BTC-USDT,TimeCondition.GTC,1783610754692803486,0.001,0.001,0.0
4194834854,2837957847,1783610754693118361,1783610754693120896,203,order,benchmark,True,0.0,0.0,,,mock,0.0,,1783610754693118361,InstrumentType.Spot,866585320701886685,OrderType.Limit,Direction.Long,65000.32,526878288,Side.Sell,,OrderStatus.Submitted,65000.32,1653898000,BTC-USDT,TimeCondition.GTC,1783610754693118361,0.001,0.001,0.0
4194834854,2837957847,1783610754693292725,1783610754693295870,203,order,benchmark,True,0.0,0.0,,,mock,0.0,,1783610754693292725,InstrumentType.Spot,866585320701886686,OrderType.Limit,Direction.Long,65000.130000000005,526880064,Side.Buy,,OrderStatus.Submitted,65000.130000000005,1653898000,BTC-USDT,TimeCondition.GTC,1783610754693292725,0.001,0.001,0.0
4194834854,2837957847,1783610754693679336,1783610754693681606,203,order,benchmark,True,0.0,0.0,,,mock,0.0,,1783610754693679336,InstrumentType.Spot,866585320701886687,OrderType.Limit,Direction.Long,65000.34,526881840,Side.Sell,,OrderStatus.Submitted,65000.34,1653898000,BTC-USDT,TimeCondition.GTC,1783610754693679336,0.001,0.001,0.0
4194834854,2837957847,1783610754693973128,1783610754693984348,203,order,benchmark,True,0.0,0.0,,,mock,0.0,,1783610754693973128,InstrumentType.Spot,866585320701886688,OrderType.Limit,Direction.Long,65000.15,526883616,Side.Buy,,OrderStatus.Submitted,65000.15,1653898000,BTC-USDT,TimeCondition.GTC,1783610754693973128,0.001,0.001,0.0
4194834854,2837957847,1783610754694213125,1783610754694216093,203,order,benchmark,True,0.0,0.0,,,mock,0.0,,1783610754694213125,InstrumentType.Spot,866585320701886689,OrderType.Limit,Direction.Long,65000.36,526885392,Side.Sell,,OrderStatus.Submitted,65000.36,1653898000,BTC-USDT,TimeCondition.GTC,1783610754694213125,0.001,0.001,0.0
4194834854,2837957847,1783610754694574734,1783610754694577014,203,order,benchmark,True,0.0,0.0,,,mock,0.0,,1783610754694574734,InstrumentType.Spot,866585320701886690,OrderType.Limit,Direction.Long,65000.17,526887168,Side.Buy,,OrderStatus.Submitted,65000.17,1653898000,BTC-USDT,TimeCondition.GTC,1783610754694574734,0.001,0.001,0.0
4194834854,2837957847,1783610754694866741,1783610754694868883,203,order,benchmark,True,0.0,0.0,,,mock,0.0,,1783610754694866741,InstrumentType.Spot,866585320701886691,OrderType.Limit,Direction.Long,65000.38,526888944,Side.Sell,,OrderStatus.Submitted,65000.38,1653898000,BTC-USDT,TimeCondition.GTC,1783610754694866741,0.001,0.001,0.0
4194834854,2837957847,1783610754695254606,1783610754695257231,203,order,benchmark,True,0.0,0.0,,,mock,0.0,,1783610754695254606,InstrumentType.Spot,866585320701886692,OrderType.Limit,Direction.Long,65000.19,526890720,Side.Buy,,OrderStatus.Submitted,65000.19,1653898000,BTC-USDT,TimeCondition.GTC,1783610754695254606,0.001,0.001,0.0
4194834854,2837957847,1783610754695497274,1783610754695499845,203,order,benchmark,True,0.0,0.0,,,mock,0.0,,1783610754695497274,InstrumentType.Spot,866585320701886693,OrderType.Limit,Direction.Long,65000.4,526892496,Side.Sell,,OrderStatus.Submitted,65000.4,1653898000,BTC-USDT,TimeCondition.GTC,1783610754695497274,0.001,0.001,0.0
4194834854,2837957847,1783610754695896259,1783610754695899243,203,order,benchmark,True,0.0,0.0,,,mock,0.0,,1783610754695896259,InstrumentType.Spot,866585320701886694,OrderType.Limit,Direction.Long,65000.21,526894272,Side.Buy,,OrderStatus.Submitted,65000.21,1653898000,BTC-USDT,TimeCondition.GTC,1783610754695896259,0.001,0.001,0.0
4194834854,2837957847,1783610754696131279,1783610754696133744,203,order,benchmark,True,0.0,0.0,,,mock,0.0,,1783610754696131279,InstrumentType.Spot,866585320701886695,OrderType.Limit,Direction.Long,65000.42,526896048,Side.Sell,,OrderStatus.Submitted,65000.42,1653898000,BTC-USDT,TimeCondition.GTC,1783610754696131279,0.001,0.001,0.0
4194834854,2837957847,1783610754696278958,1783610754696281618,203,order,benchmark,True,0.0,0.0,,,mock,0.0,,1783610754696278958,InstrumentType.Spot,866585320701886696,OrderType.Limit,Direction.Long,65000.23,526897824,Side.Buy,,OrderStatus.Submitted,65000.23,1653898000,BTC-USDT,TimeCondition.GTC,1783610754696278958,0.001,0.001,0.0
4194834854,2837957847,1783610754696662688,1783610754696664723,203,order,benchmark,True,0.0,0.0,,,mock,0.0,,1783610754696662688,InstrumentType.Spot,866585320701886697,OrderType.Limit,Direction.Long,65000.439999999995,526842512,Side.Sell,,OrderStatus.Submitted,65000.439999999995,1653898000,BTC-USDT,TimeCondition.GTC,1783610754696662688,0.001,0.001,0.0
4194834854,2837957847,1783610754696961089,1783610754696963068,203,order,benchmark,True,0.0,0.0,,,mock,0.0,,1783610754696961089,InstrumentType.Spot,866585320701886698,OrderType.Limit,Direction.Long,65000.25,526901728,Side.Buy,,OrderStatus.Submitted,65000.25,1653898000,BTC-USDT,TimeCondition.GTC,1783610754696961089,0.001,0.001,0.0
4194834854,2837957847,1783610754697384347,1783610754697386500,203,order,benchmark,True,0.0,0.0,,,mock,0.0,,1783610754697384347,InstrumentType.Spot,866585320701886699,OrderType.Limit,Direction.Long,65000.46,526903440,Side.Sell,,OrderStatus.Submitted,65000.46,1653898000,BTC-USDT,TimeCondition.GTC,1783610754697384347,0.001,0.001,0.0
4194834854,2837957847,1783610754697614399,1783610754697617030,203,order,benchmark,True,0.0,0.0,,,mock,0.0,,1783610754697614399,InstrumentType.Spot,866585320701886700,OrderType.Limit,Direction.Long,65000.270000000004,526905216,Side.Buy,,OrderStatus.Submitted,65000.270000000004,1653898000,BTC-USDT,TimeCondition.GTC,1783610754697614399,0.001,0.001,0.0
4194834854,2837957847,1783610754697862963,1783610754697876266,203,order,benchmark,True,0.0,0.0,,,mock,0.0,,1783610754697862963,InstrumentType.Spot,866585320701886701,OrderType.Limit,Direction.Long,65000.479999999996,526906992,Side.Sell,,OrderStatus.Submitted,65000.479999999996,1653898000,BTC-USDT,TimeCondition.GTC,1783610754697862963,0.001,0.001,0.0
4194834854,2837957847,1783610754698185330,1783610754698187771,203,order,benchmark,True,0.0,0.0,,,mock,0.0,,1783610754698185330,InstrumentType.Spot,866585320701886702,OrderType.Limit,Direction.Long,65000.29,526908768,Side.Buy,,OrderStatus.Submitted,65000.29,1653898000,BTC-USDT,TimeCondition.GTC,1783610754698185330,0.001,0.001,0.0
4194834854,2837957847,1783610754698470006,1783610754698472385,203,order,benchmark,True,0.0,0.0,,,mock,0.0,,1783610754698470006,InstrumentType.Spot,866585320701886703,OrderType.Limit,Direction.Long,65000.5,526910544,Side.Sell,,OrderStatus.Submitted,65000.5,1653898000,BTC-USDT,TimeCondition.GTC,1783610754698470006,0.001,0.001,0.0
4194834854,2837957847,1783610754698766181,1783610754698768240,203,order,benchmark,True,0.0,0.0,,,mock,0.0,,1783610754698766181,InstrumentType.Spot,866585320701886704,OrderType.Limit,Direction.Long,65000.310000000005,526912320,Side.Buy,,OrderStatus.Submitted,65000.310000000005,1653898000,BTC-USDT,TimeCondition.GTC,1783610754698766181,0.001,0.001,0.0
4194834854,2837957847,1783610754699185092,1783610754699187466,203,order,benchmark,True,0.0,0.0,,,mock,0.0,,1783610754699185092,InstrumentType.Spot,866585320701886705,OrderType.Limit,Direction.Long,65000.52,526914096,Side.Sell,,OrderStatus.Submitted,65000.52,1653898000,BTC-USDT,TimeCondition.GTC,1783610754699185092,0.001,0.001,0.0
4194834854,2837957847,1783610754699455624,1783610754699458695,203,order,benchmark,True,0.0,0.0,,,mock,0.0,,1783610754699455624,InstrumentType.Spot,866585320701886706,OrderType.Limit,Direction.Long,65000.33,526915872,Side.Buy,,OrderStatus.Submitted,65000.33,1653898000,BTC-USDT,TimeCondition.GTC,1783610754699455624,0.001,0.001,0.0
4194834854,2837957847,1783610754699716457,1783610754699718931,203,order,benchmark,True,0.0,0.0,,,mock,0.0,,1783610754699716457,InstrumentType.Spot,866585320701886707,OrderType.Limit,Direction.Long,65000.54,526917648,Side.Sell,,OrderStatus.Submitted,65000.54,1653898000,BTC-USDT,TimeCondition.GTC,1783610754699716457,0.001,0.001,0.0
4194834854,2837957847,1783610754699980565,1783610754699982925,203,order,benchmark,True,0.0,0.0,,,mock,0.0,,1783610754699980565,InstrumentType.Spot,866585320701886708,OrderType.Limit,Direction.Long,65000.35,526919424,Side.Buy,,OrderStatus.Submitted,65000.35,1653898000,BTC-USDT,TimeCondition.GTC,1783610754699980565,0.001,0.001,0.0
4194834854,2837957847,1783610754700183616,1783610754700186415,203,order,benchmark,True,0.0,0.0,,,mock,0.0,,1783610754700183616,InstrumentType.Spot,866585320701886709,OrderType.Limit,Direction.Long,65000.56,526921200,Side.Sell,,OrderStatus.Submitted,65000.56,1653898000,BTC-USDT,TimeCondition.GTC,1783610754700183616,0.001,0.001,0.0
4194834854,2837957847,1783610754700564144,1783610754700566151,203,order,benchmark,True,0.0,0.0,,,mock,0.0,,1783610754700564144,InstrumentType.Spot,866585320701886710,OrderType.Limit,Direction.Long,65000.37,526922976,Side.Buy,,OrderStatus.Submitted,65000.37,1653898000,BTC-USDT,TimeCondition.GTC,1783610754700564144,0.001,0.001,0.0
4194834854,2837957847,1783610754700867264,1783610754700869446,203,order,benchmark,True,0.0,0.0,,,mock,0.0,,1783610754700867264,InstrumentType.Spot,866585320701886711,OrderType.Limit,Direction.Long,65000.58,526924752,Side.Sell,,OrderStatus.Submitted,65000.58,1653898000,BTC-USDT,TimeCondition.GTC,1783610754700867264,0.001,0.001,0.0
4194834854,2837957847,1783610754701177186,1783610754701179625,203,order,benchmark,True,0.0,0.0,,,mock,0.0,,1783610754701177186,InstrumentType.Spot,866585320701886712,OrderType.Limit,Direction.Long,65000.39,526926528,Side.Buy,,OrderStatus.Submitted,65000.39,1653898000,BTC-USDT,TimeCondition.GTC,1783610754701177186,0.001,0.001,0.0
4194834854,2837957847,1783610754701463158,1783610754701465468,203,order,benchmark,True,0.0,0.0,,,mock,0.0,,1783610754701463158,InstrumentType.Spot,866585320701886713,OrderType.Limit,Direction.Long,65000.6,526928304,Side.Sell,,OrderStatus.Submitted,65000.6,1653898000,BTC-USDT,TimeCondition.GTC,1783610754701463158,0.001,0.001,0.0
4194834854,2837957847,1783610754701764559,1783610754701773990,203,order,benchmark,True,0.0,0.0,,,mock,0.0,,1783610754701764559,InstrumentType.Spot,866585320701886714,OrderType.Limit,Direction.Long,65000.41,526930080,Side.Buy,,OrderStatus.Submitted,65000.41,1653898000,BTC-USDT,TimeCondition.GTC,1783610754701764559,0.001,0.001,0.0
4194834854,2837957847,1783610754702079629,1783610754702084650,203,order,benchmark,True,0.0,0.0,,,mock,0.0,,1783610754702079629,InstrumentType.Spot,866585320701886715,OrderType.Limit,Direction.Long,65000.619999999995,526931856,Side.Sell,,OrderStatus.Submitted,65000.619999999995,1653898000,BTC-USDT,TimeCondition.GTC,1783610754702079629,0.001,0.001,0.0
4194834854,2837957847,1783610754702352810,1783610754702354784,203,order,benchmark,True,0.0,0.0,,,mock,0.0,,1783610754702352810,InstrumentType.Spot,866585320701886716,OrderType.Limit,Direction.Long,65000.43,526933632,Side.Buy,,OrderStatus.Submitted,65000.43,1653898000,BTC-USDT,TimeCondition.GTC,1783610754702352810,0.001,0.001,0.0
4194834854,2837957847,1783610754702660594,1783610754702662575,203,order,benchmark,True,0.0,0.0,,,mock,0.0,,1783610754702660594,InstrumentType.Spot,866585320701886717,OrderType.Limit,Direction.Long,65000.64,526935408,Side.Sell,,OrderStatus.Submitted,65000.64,1653898000,BTC-USDT,TimeCondition.GTC,1783610754702660594,0.001,0.001,0.0
4194834854,2837957847,1783610754702958882,1783610754702960905,203,order,benchmark,True,0.0,0.0,,,mock,0.0,,1783610754702958882,InstrumentType.Spot,866585320701886718,OrderType.Limit,Direction.Long,65000.450000000004,526937184,Side.Buy,,OrderStatus.Submitted,65000.450000000004,1653898000,BTC-USDT,TimeCondition.GTC,1783610754702958882,0.001,0.001,0.0
4194834854,2837957847,1783610754703257263,1783610754703259112,203,order,benchmark,True,0.0,0.0,,,mock,0.0,,1783610754703257263,InstrumentType.Spot,866585320701886719,OrderType.Limit,Direction.Long,65000.659999999996,526938960,Side.Sell,,OrderStatus.Submitted,65000.659999999996,1653898000,BTC-USDT,TimeCondition.GTC,1783610754703257263,0.001,0.001,0.0
4194834854,2837957847,1783610754703560888,1783610754703562950,203,order,benchmark,True,0.0,0.0,,,mock,0.0,,1783610754703560888,InstrumentType.Spot,866585320701886720,OrderType.Limit,Direction.Long,65000.47,526940736,Side.Buy,,OrderStatus.Submitted,65000.47,1653898000,BTC-USDT,TimeCondition.GTC,1783610754703560888,0.001,0.001,0.0
4194834854,2837957847,1783610754703864213,1783610754703866378,203,order,benchmark,True,0.0,0.0,,,mock,0.0,,1783610754703864213,InstrumentType.Spot,866585320701886721,OrderType.Limit,Direction.Long,65000.68,526942512,Side.Sell,,OrderStatus.Submitted,65000.68,1653898000,BTC-USDT,TimeCondition.GTC,1783610754703864213,0.001,0.001,0.0
4194834854,2837957847,1783610754704268699,1783610754704270777,203,order,benchmark,True,0.0,0.0,,,mock,0.0,,1783610754704268699,InstrumentType.Spot,866585320701886722,OrderType.Limit,Direction.Long,65000.49,526944288,Side.Buy,,OrderStatus.Submitted,65000.49,1653898000,BTC-USDT,TimeCondition.GTC,1783610754704268699,0.001,0.001,0.0
4194834854,2837957847,1783610754704506039,1783610754704508769,203,order,benchmark,True,0.0,0.0,,,mock,0.0,,1783610754704506039,InstrumentType.Spot,866585320701886723,OrderType.Limit,Direction.Long,65000.7,526946064,Side.Sell,,OrderStatus.Submitted,65000.7,1653898000,BTC-USDT,TimeCondition.GTC,1783610754704506039,0.001,0.001,0.0
4194834854,2837957847,1783610754704755503,1783610754704757526,203,order,benchmark,True,0.0,0.0,,,mock,0.0,,1783610754704755503,InstrumentType.Spot,866585320701886724,OrderType.Limit,Direction.Long,65000.51,526947840,Side.Buy,,OrderStatus.Submitted,65000.51,1653898000,BTC-USDT,TimeCondition.GTC,1783610754704755503,0.001,0.001,0.0
4194834854,2837957847,1783610754705066151,1783610754705067980,203,order,benchmark,True,0.0,0.0,,,mock,0.0,,1783610754705066151,InstrumentType.Spot,866585320701886725,OrderType.Limit,Direction.Long,65000.72,526949616,Side.Sell,,OrderStatus.Submitted,65000.72,1653898000,BTC-USDT,TimeCondition.GTC,1783610754705066151,0.001,0.001,0.0
4194834854,2837957847,1783610754705358513,1783610754705360502,203,order,benchmark,True,0.0,0.0,,,mock,0.0,,1783610754705358513,InstrumentType.Spot,866585320701886726,OrderType.Limit,Direction.Long,65000.53,526951392,Side.Buy,,OrderStatus.Submitted,65000.53,1653898000,BTC-USDT,TimeCondition.GTC,1783610754705358513,0.001,0.001,0.0
4194834854,2837957847,1783610754705655636,1783610754705657621,203,order,benchmark,True,0.0,0.0,,,mock,0.0,,1783610754705655636,InstrumentType.Spot,866585320701886727,OrderType.Limit,Direction.Long,65000.74,526953168,Side.Sell,,OrderStatus.Submitted,65000.74,1653898000,BTC-USDT,TimeCondition.GTC,1783610754705655636,0.001,0.001,0.0
4194834854,2837957847,1783610754705955696,1783610754705964978,203,order,benchmark,True,0.0,0.0,,,mock,0.0,,1783610754705955696,InstrumentType.Spot,866585320701886728,OrderType.Limit,Direction.Long,65000.55,526954944,Side.Buy,,OrderStatus.Submitted,65000.55,1653898000,BTC-USDT,TimeCondition.GTC,1783610754705955696,0.001,0.001,0.0
4194834854,2837957847,1783610754706247220,1783610754706249118,203,order,benchmark,True,0.0,0.0,,,mock,0.0,,1783610754706247220,InstrumentType.Spot,866585320701886729,OrderType.Limit,Direction.Long,65000.76,526956720,Side.Sell,,OrderStatus.Submitted,65000.76,1653898000,BTC-USDT,TimeCondition.GTC,1783610754706247220,0.001,0.001,0.0
4194834854,2837957847,1783610754706566014,1783610754706569037,203,order,benchmark,True,0.0,0.0,,,mock,0.0,,1783610754706566014,InstrumentType.Spot,866585320701886730,OrderType.Limit,Direction.Long,65000.57,526958496,Side.Buy,,OrderStatus.Submitted,65000.57,1653898000,BTC-USDT,TimeCondition.GTC,1783610754706566014,0.001,0.001,0.0
4194834854,2837957847,1783610754707009539,1783610754707012463,203,order,benchmark,True,0.0,0.0,,,mock,0.0,,1783610754707009539,InstrumentType.Spot,866585320701886731,OrderType.Limit,Direction.Long,65000.78,526960272,Side.Sell,,OrderStatus.Submitted,65000.78,1653898000,BTC-USDT,TimeCondition.GTC,1783610754707009539,0.001,0.001,0.0
4194834854,2837957847,1783610754707224327,1783610754707226930,203,order,benchmark,True,0.0,0.0,,,mock,0.0,,1783610754707224327,InstrumentType.Spot,866585320701886732,OrderType.Limit,Direction.Long,65000.590000000004,526962048,Side.Buy,,OrderStatus.Submitted,65000.590000000004,1653898000,BTC-USDT,TimeCondition.GTC,1783610754707224327,0.001,0.001,0.0
4194834854,2837957847,1783610754707462206,1783610754707464869,203,order,benchmark,True,0.0,0.0,,,mock,0.0,,1783610754707462206,InstrumentType.Spot,866585320701886733,OrderType.Limit,Direction.Long,65000.799999999996,526899600,Side.Sell,,OrderStatus.Submitted,65000.799999999996,1653898000,BTC-USDT,TimeCondition.GTC,1783610754707462206,0.001,0.001,0.0
4194834854,2837957847,1783610754708071023,1783610754708077812,203,order,benchmark,True,0.0,0.0,,,mock,0.0,,1783610754708071023,InstrumentType.Spot,866585320701886734,OrderType.Limit,Direction.Long,65000.61,526901376,Side.Buy,,OrderStatus.Submitted,65000.61,1653898000,BTC-USDT,TimeCondition.GTC,1783610754708071023,0.001,0.001,0.0
4194834854,2837957847,1783610754708096519,1783610754708098008,203,order,benchmark,True,0.0,0.0,,,mock,0.0,,1783610754708096519,InstrumentType.Spot,866585320701886735,OrderType.Limit,Direction.Long,65000.82,526967664,Side.Sell,,OrderStatus.Submitted,65000.82,1653898000,BTC-USDT,TimeCondition.GTC,1783610754708096519,0.001,0.001,0.0
4194834854,2837957847,1783610754708656545,1783610754708676727,203,order,benchmark,True,0.0,0.0,,,mock,0.0,,1783610754708656545,InstrumentType.Spot,866585320701886736,OrderType.Limit,Direction.Long,65000.630000000005,526969472,Side.Buy,,OrderStatus.Submitted,65000.630000000005,1653898000,BTC-USDT,TimeCondition.GTC,1783610754708656545,0.001,0.001,0.0
4194834854,2837957847,1783610754708698924,1783610754708701257,203,order,benchmark,True,0.0,0.0,,,mock,0.0,,1783610754708698924,InstrumentType.Spot,866585320701886737,OrderType.Limit,Direction.Long,65000.84,526971216,Side.Sell,,OrderStatus.Submitted,65000.84,1653898000,BTC-USDT,TimeCondition.GTC,1783610754708698924,0.001,0.001,0.0
4194834854,2837957847,1783610754708906081,1783610754708908957,203,order,benchmark,True,0.0,0.0,,,mock,0.0,,1783610754708906081,InstrumentType.Spot,866585320701886738,OrderType.Limit,Direction.Long,65000.65,526973024,Side.Buy,,OrderStatus.Submitted,65000.65,1653898000,BTC-USDT,TimeCondition.GTC,1783610754708906081,0.001,0.001,0.0
4194834854,2837957847,1783610754709264776,1783610754709266964,203,order,benchmark,True,0.0,0.0,,,mock,0.0,,1783610754709264776,InstrumentType.Spot,866585320701886739,OrderType.Limit,Direction.Long,65000.86,526974800,Side.Sell,,OrderStatus.Submitted,65000.86,1653898000,BTC-USDT,TimeCondition.GTC,1783610754709264776,0.001,0.001,0.0
4194834854,2837957847,1783610754709573448,1783610754709575576,203,order,benchmark,True,0.0,0.0,,,mock,0.0,,1783610754709573448,InstrumentType.Spot,866585320701886740,OrderType.Limit,Direction.Long,65000.67,526976576,Side.Buy,,OrderStatus.Submitted,65000.67,1653898000,BTC-USDT,TimeCondition.GTC,1783610754709573448,0.001,0.001,0.0
4194834854,2837957847,1783610754709861708,1783610754709874041,203,order,benchmark,True,0.0,0.0,,,mock,0.0,,1783610754709861708,InstrumentType.Spot,866585320701886741,OrderType.Limit,Direction.Long,65000.88,526978352,Side.Sell,,OrderStatus.Submitted,65000.88,1653898000,BTC-USDT,TimeCondition.GTC,1783610754709861708,0.001,0.001,0.0
4194834854,2837957847,1783610754710155422,1783610754710157583,203,order,benchmark,True,0.0,0.0,,,mock,0.0,,1783610754710155422,InstrumentType.Spot,866585320701886742,OrderType.Limit,Direction.Long,65000.69,526980128,Side.Buy,,OrderStatus.Submitted,65000.69,1653898000,BTC-USDT,TimeCondition.GTC,1783610754710155422,0.001,0.001,0.0
4194834854,2837957847,1783610754710462391,1783610754710464465,203,order,benchmark,True,0.0,0.0,,,mock,0.0,,1783610754710462391,InstrumentType.Spot,866585320701886743,OrderType.Limit,Direction.Long,65000.9,526981904,Side.Sell,,OrderStatus.Submitted,65000.9,1653898000,BTC-USDT,TimeCondition.GTC,1783610754710462391,0.001,0.001,0.0
4194834854,2837957847,1783610754710755752,1783610754710757720,203,order,benchmark,True,0.0,0.0,,,mock,0.0,,1783610754710755752,InstrumentType.Spot,866585320701886744,OrderType.Limit,Direction.Long,65000.71,526983680,Side.Buy,,OrderStatus.Submitted,65000.71,1653898000,BTC-USDT,TimeCondition.GTC,1783610754710755752,0.001,0.001,0.0
4194834854,2837957847,1783610754711065239,1783610754711067231,203,order,benchmark,True,0.0,0.0,,,mock,0.0,,1783610754711065239,InstrumentType.Spot,866585320701886745,OrderType.Limit,Direction.Long,65000.92,526985456,Side.Sell,,OrderStatus.Submitted,65000.92,1653898000,BTC-USDT,TimeCondition.GTC,1783610754711065239,0.001,0.001,0.0
4194834854,2837957847,1783610754711470098,1783610754711472344,203,order,benchmark,True,0.0,0.0,,,mock,0.0,,1783610754711470098,InstrumentType.Spot,866585320701886746,OrderType.Limit,Direction.Long,65000.73,526987232,Side.Buy,,OrderStatus.Submitted,65000.73,1653898000,BTC-USDT,TimeCondition.GTC,1783610754711470098,0.001,0.001,0.0
4194834854,2837957847,1783610754711711010,1783610754711728291,203,order,benchmark,True,0.0,0.0,,,mock,0.0,,1783610754711711010,InstrumentType.Spot,866585320701886747,OrderType.Limit,Direction.Long,65000.939999999995,526989008,Side.Sell,,OrderStatus.Submitted,65000.939999999995,1653898000,BTC-USDT,TimeCondition.GTC,1783610754711711010,0.001,0.001,0.0
4194834854,2837957847,1783610754711956008,1783610754711957873,203,order,benchmark,True,0.0,0.0,,,mock,0.0,,1783610754711956008,InstrumentType.Spot,866585320701886748,OrderType.Limit,Direction.Long,65000.75,526990784,Side.Buy,,OrderStatus.Submitted,65000.75,1653898000,BTC-USDT,TimeCondition.GTC,1783610754711956008,0.001,0.001,0.0
4194834854,2837957847,1783610754712258092,1783610754712260152,203,order,benchmark,True,0.0,0.0,,,mock,0.0,,1783610754712258092,InstrumentType.Spot,866585320701886749,OrderType.Limit,Direction.Long,65000.96,526992560,Side.Sell,,OrderStatus.Submitted,65000.96,1653898000,BTC-USDT,TimeCondition.GTC,1783610754712258092,0.001,0.001,0.0
4194834854,2837957847,1783610754712565171,1783610754712567353,203,order,benchmark,True,0.0,0.0,,,mock,0.0,,1783610754712565171,InstrumentType.Spot,866585320701886750,OrderType.Limit,Direction.Long,65000.770000000004,526994336,Side.Buy,,OrderStatus.Submitted,65000.770000000004,1653898000,BTC-USDT,TimeCondition.GTC,1783610754712565171,0.001,0.001,0.0
4194834854,2837957847,1783610754712856059,1783610754712857848,203,order,benchmark,True,0.0,0.0,,,mock,0.0,,1783610754712856059,InstrumentType.Spot,866585320701886751,OrderType.Limit,Direction.Long,65000.979999999996,526996112,Side.Sell,,OrderStatus.Submitted,65000.979999999996,1653898000,BTC-USDT,TimeCondition.GTC,1783610754712856059,0.001,0.001,0.0
4194834854,2837957847,1783610754713427557,1783610754713429785,203,order,benchmark,True,0.0,0.0,,,mock,0.0,,1783610754713427557,InstrumentType.Spot,866585320701886752,OrderType.Limit,Direction.Long,65000.79,526997888,Side.Buy,,OrderStatus.Submitted,65000.79,1653898000,BTC-USDT,TimeCondition.GTC,1783610754713427557,0.001,0.001,0.0
4194834854,2837957847,1783610754713443347,1783610754713444671,203,order,benchmark,True,0.0,0.0,,,mock,0.0,,1783610754713443347,InstrumentType.Spot,866585320701886753,OrderType.Limit,Direction.Long,65001.0,526999632,Side.Sell,,OrderStatus.Submitted,65001.0,1653898000,BTC-USDT,TimeCondition.GTC,1783610754713443347,0.001,0.001,0.0
4194834854,2837957847,1783610754713756120,1783610754713766058,203,order,benchmark,True,0.0,0.0,,,mock,0.0,,1783610754713756120,InstrumentType.Spot,866585320701886754,OrderType.Limit,Direction.Long,65000.810000000005,527001440,Side.Buy,,OrderStatus.Submitted,65000.810000000005,1653898000,BTC-USDT,TimeCondition.GTC,1783610754713756120,0.001,0.001,0.0
4194834854,2837957847,1783610754714074518,1783610754714077669,203,order,benchmark,True,0.0,0.0,,,mock,0.0,,1783610754714074518,InstrumentType.Spot,866585320701886755,OrderType.Limit,Direction.Long,65001.02,527003216,Side.Sell,,OrderStatus.Submitted,65001.02,1653898000,BTC-USDT,TimeCondition.GTC,1783610754714074518,0.001,0.001,0.0
4194834854,2837957847,1783610754714357062,1783610754714358905,203,order,benchmark,True,0.0,0.0,,,mock,0.0,,1783610754714357062,InstrumentType.Spot,866585320701886756,OrderType.Limit,Direction.Long,65000.83,527004992,Side.Buy,,OrderStatus.Submitted,65000.83,1653898000,BTC-USDT,TimeCondition.GTC,1783610754714357062,0.001,0.001,0.0
4194834854,2837957847,1783610754714659975,1783610754714662058,203,order,benchmark,True,0.0,0.0,,,mock,0.0,,1783610754714659975,InstrumentType.Spot,866585320701886757,OrderType.Limit,Direction.Long,65001.04,527006768,Side.Sell,,OrderStatus.Submitted,65001.04,1653898000,BTC-USDT,TimeCondition.GTC,1783610754714659975,0.001,0.001,0.0
4194834854,2837957847,1783610754715116986,1783610754715119879,203,order,benchmark,True,0.0,0.0,,,mock,0.0,,1783610754715116986,InstrumentType.Spot,866585320701886758,OrderType.Limit,Direction.Long,65000.85,527008544,Side.Buy,,OrderStatus.Submitted,65000.85,1653898000,BTC-USDT,TimeCondition.GTC,1783610754715116986,0.001,0.001,0.0
4194834854,2837957847,1783610754715325916,1783610754715328127,203,order,benchmark,True,0.0,0.0,,,mock,0.0,,1783610754715325916,InstrumentType.Spot,866585320701886759,OrderType.Limit,Direction.Long,65001.06,527010320,Side.Sell,,OrderStatus.Submitted,65001.06,1653898000,BTC-USDT,TimeCondition.GTC,1783610754715325916,0.001,0.001,0.0
4194834854,2837957847,1783610754715567300,1783610754715569332,203,order,benchmark,True,0.0,0.0,,,mock,0.0,,1783610754715567300,InstrumentType.Spot,866585320701886760,OrderType.Limit,Direction.Long,65000.87,527012096,Side.Buy,,OrderStatus.Submitted,65000.87,1653898000,BTC-USDT,TimeCondition.GTC,1783610754715567300,0.001,0.001,0.0
4194834854,2837957847,1783610754715859596,1783610754715861813,203,order,benchmark,True,0.0,0.0,,,mock,0.0,,1783610754715859596,InstrumentType.Spot,866585320701886761,OrderType.Limit,Direction.Long,65001.08,527013872,Side.Sell,,OrderStatus.Submitted,65001.08,1653898000,BTC-USDT,TimeCondition.GTC,1783610754715859596,0.001,0.001,0.0
4194834854,2837957847,1783610754716161806,1783610754716163947,203,order,benchmark,True,0.0,0.0,,,mock,0.0,,1783610754716161806,InstrumentType.Spot,866585320701886762,OrderType.Limit,Direction.Long,65000.89,527015648,Side.Buy,,OrderStatus.Submitted,65000.89,1653898000,BTC-USDT,TimeCondition.GTC,1783610754716161806,0.001,0.001,0.0
4194834854,2837957847,1783610754716459398,1783610754716462109,203,order,benchmark,True,0.0,0.0,,,mock,0.0,,1783610754716459398,InstrumentType.Spot,866585320701886763,OrderType.Limit,Direction.Long,65000.1,527017424,Side.Sell,,OrderStatus.Submitted,65000.1,1653898000,BTC-USDT,TimeCondition.GTC,1783610754716459398,0.001,0.001,0.0
4194834854,2837957847,1783610754716760343,1783610754716762433,203,order,benchmark,True,0.0,0.0,,,mock,0.0,,1783610754716760343,InstrumentType.Spot,866585320701886764,OrderType.Limit,Direction.Long,64999.91,527019200,Side.Buy,,OrderStatus.Submitted,64999.91,1653898000,BTC-USDT,TimeCondition.GTC,1783610754716760343,0.001,0.001,0.0
4194834854,2837957847,1783610754717181113,1783610754717183677,203,order,benchmark,True,0.0,0.0,,,mock,0.0,,1783610754717181113,InstrumentType.Spot,866585320701886765,OrderType.Limit,Direction.Long,65000.119999999995,527020976,Side.Sell,,OrderStatus.Submitted,65000.119999999995,1653898000,BTC-USDT,TimeCondition.GTC,1783610754717181113,0.001,0.001,0.0
4194834854,2837957847,1783610754717412559,1783610754717415791,203,order,benchmark,True,0.0,0.0,,,mock,0.0,,1783610754717412559,InstrumentType.Spot,866585320701886766,OrderType.Limit,Direction.Long,64999.93,527022752,Side.Buy,,OrderStatus.Submitted,64999.93,1653898000,BTC-USDT,TimeCondition.GTC,1783610754717412559,0.001,0.001,0.0
4194834854,2837957847,1783610754717662794,1783610754717685710,203,order,benchmark,True,0.0,0.0,,,mock,0.0,,1783610754717662794,InstrumentType.Spot,866585320701886767,OrderType.Limit,Direction.Long,65000.14,527024528,Side.Sell,,OrderStatus.Submitted,65000.14,1653898000,BTC-USDT,TimeCondition.GTC,1783610754717662794,0.001,0.001,0.0
4194834854,2837957847,1783610754717959002,1783610754717961049,203,order,benchmark,True,0.0,0.0,,,mock,0.0,,1783610754717959002,InstrumentType.Spot,866585320701886768,OrderType.Limit,Direction.Long,64999.950000000004,527026304,Side.Buy,,OrderStatus.Submitted,64999.950000000004,1653898000,BTC-USDT,TimeCondition.GTC,1783610754717959002,0.001,0.001,0.0
4194834854,2837957847,1783610754718549861,1783610754718552653,203,order,benchmark,True,0.0,0.0,,,mock,0.0,,1783610754718549861,InstrumentType.Spot,866585320701886769,OrderType.Limit,Direction.Long,65000.159999999996,527028080,Side.Sell,,OrderStatus.Submitted,65000.159999999996,1653898000,BTC-USDT,TimeCondition.GTC,1783610754718549861,0.001,0.001,0.0
4194834854,2837957847,1783610754718569428,1783610754718570883,203,order,benchmark,True,0.0,0.0,,,mock,0.0,,1783610754718569428,InstrumentType.Spot,866585320701886770,OrderType.Limit,Direction.Long,64999.97,527029824,Side.Buy,,OrderStatus.Submitted,64999.97,1653898000,BTC-USDT,TimeCondition.GTC,1783610754718569428,0.001,0.001,0.0
4194834854,2837957847,1783610754718824606,1783610754718826722,203,order,benchmark,True,0.0,0.0,,,mock,0.0,,1783610754718824606,InstrumentType.Spot,866585320701886771,OrderType.Limit,Direction.Long,65000.18,527031632,Side.Sell,,OrderStatus.Submitted,65000.18,1653898000,BTC-USDT,TimeCondition.GTC,1783610754718824606,0.001,0.001,0.0
4194834854,2837957847,1783610754719167135,1783610754719169139,203,order,benchmark,True,0.0,0.0,,,mock,0.0,,1783610754719167135,InstrumentType.Spot,866585320701886772,OrderType.Limit,Direction.Long,64999.99,527033408,Side.Buy,,OrderStatus.Submitted,64999.99,1653898000,BTC-USDT,TimeCondition.GTC,1783610754719167135,0.001,0.001,0.0
4194834854,2837957847,1783610754719464594,1783610754719466601,203,order,benchmark,True,0.0,0.0,,,mock,0.0,,1783610754719464594,InstrumentType.Spot,866585320701886773,OrderType.Limit,Direction.Long,65000.2,526963824,Side.Sell,,OrderStatus.Submitted,65000.2,1653898000,BTC-USDT,TimeCondition.GTC,1783610754719464594,0.001,0.001,0.0
4194834854,2837957847,1783610754719765148,1783610754719767176,203,order,benchmark,True,0.0,0.0,,,mock,0.0,,1783610754719765148,InstrumentType.Spot,866585320701886774,OrderType.Limit,Direction.Long,65000.01,526965600,Side.Buy,,OrderStatus.Submitted,65000.01,1653898000,BTC-USDT,TimeCondition.GTC,1783610754719765148,0.001,0.001,0.0
4194834854,2837957847,1783610754720074673,1783610754720076846,203,order,benchmark,True,0.0,0.0,,,mock,0.0,,1783610754720074673,InstrumentType.Spot,866585320701886775,OrderType.Limit,Direction.Long,65000.22,527039088,Side.Sell,,OrderStatus.Submitted,65000.22,1653898000,BTC-USDT,TimeCondition.GTC,1783610754720074673,0.001,0.001,0.0
4194834854,2837957847,1783610754720366767,1783610754720369601,203,order,benchmark,True,0.0,0.0,,,mock,0.0,,1783610754720366767,InstrumentType.Spot,866585320701886776,OrderType.Limit,Direction.Long,65000.03,527040864,Side.Buy,,OrderStatus.Submitted,65000.03,1653898000,BTC-USDT,TimeCondition.GTC,1783610754720366767,0.001,0.001,0.0
4194834854,2837957847,1783610754720662708,1783610754720664480,203,order,benchmark,True,0.0,0.0,,,mock,0.0,,1783610754720662708,InstrumentType.Spot,866585320701886777,OrderType.Limit,Direction.Long,65000.24,527042640,Side.Sell,,OrderStatus.Submitted,65000.24,1653898000,BTC-USDT,TimeCondition.GTC,1783610754720662708,0.001,0.001,0.0
4194834854,2837957847,1783610754720965488,1783610754720967445,203,order,benchmark,True,0.0,0.0,,,mock,0.0,,1783610754720965488,InstrumentType.Spot,866585320701886778,OrderType.Limit,Direction.Long,65000.05,527044416,Side.Buy,,OrderStatus.Submitted,65000.05,1653898000,BTC-USDT,TimeCondition.GTC,1783610754720965488,0.001,0.001,0.0
4194834854,2837957847,1783610754721396576,1783610754721399231,203,order,benchmark,True,0.0,0.0,,,mock,0.0,,1783610754721396576,InstrumentType.Spot,866585320701886779,OrderType.Limit,Direction.Long,65000.26,527046192,Side.Sell,,OrderStatus.Submitted,65000.26,1653898000,BTC-USDT,TimeCondition.GTC,1783610754721396576,0.001,0.001,0.0
4194834854,2837957847,1783610754721609211,1783610754721708808,203,order,benchmark,True,0.0,0.0,,,mock,0.0,,1783610754721609211,InstrumentType.Spot,866585320701886780,OrderType.Limit,Direction.Long,65000.07,527047968,Side.Buy,,OrderStatus.Submitted,65000.07,1653898000,BTC-USDT,TimeCondition.GTC,1783610754721609211,0.001,0.001,0.0
4194834854,2837957847,1783610754721916553,1783610754721918651,203,order,benchmark,True,0.0,0.0,,,mock,0.0,,1783610754721916553,InstrumentType.Spot,866585320701886781,OrderType.Limit,Direction.Long,65000.28,527049744,Side.Sell,,OrderStatus.Submitted,65000.28,1653898000,BTC-USDT,TimeCondition.GTC,1783610754721916553,0.001,0.001,0.0
4194834854,2837957847,1783610754722085398,1783610754722088021,203,order,benchmark,True,0.0,0.0,,,mock,0.0,,1783610754722085398,InstrumentType.Spot,866585320701886782,OrderType.Limit,Direction.Long,65000.090000000004,527051520,Side.Buy,,OrderStatus.Submitted,65000.090000000004,1653898000,BTC-USDT,TimeCondition.GTC,1783610754722085398,0.001,0.001,0.0
4194834854,2837957847,1783610754722459181,1783610754722461214,203,order,benchmark,True,0.0,0.0,,,mock,0.0,,1783610754722459181,InstrumentType.Spot,866585320701886783,OrderType.Limit,Direction.Long,65000.299999999996,527053296,Side.Sell,,OrderStatus.Submitted,65000.299999999996,1653898000,BTC-USDT,TimeCondition.GTC,1783610754722459181,0.001,0.001,0.0
4194834854,2837957847,1783610754722753415,1783610754722755461,203,order,benchmark,True,0.0,0.0,,,mock,0.0,,1783610754722753415,InstrumentType.Spot,866585320701886784,OrderType.Limit,Direction.Long,65000.11,527055072,Side.Buy,,OrderStatus.Submitted,65000.11,1653898000,BTC-USDT,TimeCondition.GTC,1783610754722753415,0.001,0.001,0.0
4194834854,2837957847,1783610754723068646,1783610754723070712,203,order,benchmark,True,0.0,0.0,,,mock,0.0,,1783610754723068646,InstrumentType.Spot,866585320701886785,OrderType.Limit,Direction.Long,65000.32,527056848,Side.Sell,,OrderStatus.Submitted,65000.32,1653898000,BTC-USDT,TimeCondition.GTC,1783610754723068646,0.001,0.001,0.0
4194834854,2837957847,1783610754723359703,1783610754723361737,203,order,benchmark,True,0.0,0.0,,,mock,0.0,,1783610754723359703,InstrumentType.Spot,866585320701886786,OrderType.Limit,Direction.Long,65000.130000000005,527058624,Side.Buy,,OrderStatus.Submitted,65000.130000000005,1653898000,BTC-USDT,TimeCondition.GTC,1783610754723359703,0.001,0.001,0.0
4194834854,2837957847,1783610754723659787,1783610754723661779,203,order,benchmark,True,0.0,0.0,,,mock,0.0,,1783610754723659787,InstrumentType.Spot,866585320701886787,OrderType.Limit,Direction.Long,65000.34,527060400,Side.Sell,,OrderStatus.Submitted,65000.34,1653898000,BTC-USDT,TimeCondition.GTC,1783610754723659787,0.001,0.001,0.0
4194834854,2837957847,1783610754723965712,1783610754723967802,203,order,benchmark,True,0.0,0.0,,,mock,0.0,,1783610754723965712,InstrumentType.Spot,866585320701886788,OrderType.Limit,Direction.Long,65000.15,527062176,Side.Buy,,OrderStatus.Submitted,65000.15,1653898000,BTC-USDT,TimeCondition.GTC,1783610754723965712,0.001,0.001,0.0
4194834854,2837957847,1783610754724255231,1783610754724257279,203,order,benchmark,True,0.0,0.0,,,mock,0.0,,1783610754724255231,InstrumentType.Spot,866585320701886789,OrderType.Limit,Direction.Long,65000.36,527063952,Side.Sell,,OrderStatus.Submitted,65000.36,1653898000,BTC-USDT,TimeCondition.GTC,1783610754724255231,0.001,0.001,0.0
4194834854,2837957847,1783610754724553128,1783610754724555258,203,order,benchmark,True,0.0,0.0,,,mock,0.0,,1783610754724553128,InstrumentType.Spot,866585320701886790,OrderType.Limit,Direction.Long,65000.17,527065728,Side.Buy,,OrderStatus.Submitted,65000.17,1653898000,BTC-USDT,TimeCondition.GTC,1783610754724553128,0.001,0.001,0.0
4194834854,2837957847,1783610754724949251,1783610754724951187,203,order,benchmark,True,0.0,0.0,,,mock,0.0,,1783610754724949251,InstrumentType.Spot,866585320701886791,OrderType.Limit,Direction.Long,65000.38,527067504,Side.Sell,,OrderStatus.Submitted,65000.38,1653898000,BTC-USDT,TimeCondition.GTC,1783610754724949251,0.001,0.001,0.0
4194834854,2837957847,1783610754725159930,1783610754725162994,203,order,benchmark,True,0.0,0.0,,,mock,0.0,,1783610754725159930,InstrumentType.Spot,866585320701886792,OrderType.Limit,Direction.Long,65000.19,527069280,Side.Buy,,OrderStatus.Submitted,65000.19,1653898000,BTC-USDT,TimeCondition.GTC,1783610754725159930,0.001,0.001,0.0
4194834854,2837957847,1783610754725580017,1783610754725582350,203,order,benchmark,True,0.0,0.0,,,mock,0.0,,1783610754725580017,InstrumentType.Spot,866585320701886793,OrderType.Limit,Direction.Long,65000.4,527071056,Side.Sell,,OrderStatus.Submitted,65000.4,1653898000,BTC-USDT,TimeCondition.GTC,1783610754725580017,0.001,0.001,0.0
4194834854,2837957847,1783610754725801463,1783610754725828793,203,order,benchmark,True,0.0,0.0,,,mock,0.0,,1783610754725801463,InstrumentType.Spot,866585320701886794,OrderType.Limit,Direction.Long,65000.21,527072832,Side.Buy,,OrderStatus.Submitted,65000.21,1653898000,BTC-USDT,TimeCondition.GTC,1783610754725801463,0.001,0.001,0.0
4194834854,2837957847,1783610754726068568,1783610754726070522,203,order,benchmark,True,0.0,0.0,,,mock,0.0,,1783610754726068568,InstrumentType.Spot,866585320701886795,OrderType.Limit,Direction.Long,65000.42,527074608,Side.Sell,,OrderStatus.Submitted,65000.42,1653898000,BTC-USDT,TimeCondition.GTC,1783610754726068568,0.001,0.001,0.0
4194834854,2837957847,1783610754726359889,1783610754726361938,203,order,benchmark,True,0.0,0.0,,,mock,0.0,,1783610754726359889,InstrumentType.Spot,866585320701886796,OrderType.Limit,Direction.Long,65000.23,527076384,Side.Buy,,OrderStatus.Submitted,65000.23,1653898000,BTC-USDT,TimeCondition.GTC,1783610754726359889,0.001,0.001,0.0
4194834854,2837957847,1783610754726669397,1783610754726671565,203,order,benchmark,True,0.0,0.0,,,mock,0.0,,1783610754726669397,InstrumentType.Spot,866585320701886797,OrderType.Limit,Direction.Long,65000.439999999995,527078160,Side.Sell,,OrderStatus.Submitted,65000.439999999995,1653898000,BTC-USDT,TimeCondition.GTC,1783610754726669397,0.001,0.001,0.0
4194834854,2837957847,1783610754726959970,1783610754726962061,203,order,benchmark,True,0.0,0.0,,,mock,0.0,,1783610754726959970,InstrumentType.Spot,866585320701886798,OrderType.Limit,Direction.Long,65000.25,527079936,Side.Buy,,OrderStatus.Submitted,65000.25,1653898000,BTC-USDT,TimeCondition.GTC,1783610754726959970,0.001,0.001,0.0
4194834854,2837957847,1783610754727256598,1783610754727258588,203,order,benchmark,True,0.0,0.0,,,mock,0.0,,1783610754727256598,InstrumentType.Spot,866585320701886799,OrderType.Limit,Direction.Long,65000.46,527081712,Side.Sell,,OrderStatus.Submitted,65000.46,1653898000,BTC-USDT,TimeCondition.GTC,1783610754727256598,0.001,0.001,0.0
4194834854,2837957847,1783610754727555675,1783610754727557775,203,order,benchmark,True,0.0,0.0,,,mock,0.0,,1783610754727555675,InstrumentType.Spot,866585320701886800,OrderType.Limit,Direction.Long,65000.270000000004,527083488,Side.Buy,,OrderStatus.Submitted,65000.270000000004,1653898000,BTC-USDT,TimeCondition.GTC,1783610754727555675,0.001,0.001,0.0
4194834854,2837957847,1783610754727854186,1783610754727856038,203,order,benchmark,True,0.0,0.0,,,mock,0.0,,1783610754727854186,InstrumentType.Spot,866585320701886801,OrderType.Limit,Direction.Long,65000.479999999996,527085264,Side.Sell,,OrderStatus.Submitted,65000.479999999996,1653898000,BTC-USDT,TimeCondition.GTC,1783610754727854186,0.001,0.001,0.0
4194834854,2837957847,1783610754728161421,1783610754728163551,203,order,benchmark,True,0.0,0.0,,,mock,0.0,,1783610754728161421,InstrumentType.Spot,866585320701886802,OrderType.Limit,Direction.Long,65000.29,527087040,Side.Buy,,OrderStatus.Submitted,65000.29,1653898000,BTC-USDT,TimeCondition.GTC,1783610754728161421,0.001,0.001,0.0
4194834854,2837957847,1783610754728456267,1783610754728458130,203,order,benchmark,True,0.0,0.0,,,mock,0.0,,1783610754728456267,InstrumentType.Spot,866585320701886803,OrderType.Limit,Direction.Long,65000.5,527088816,Side.Sell,,OrderStatus.Submitted,65000.5,1653898000,BTC-USDT,TimeCondition.GTC,1783610754728456267,0.001,0.001,0.0
4194834854,2837957847,1783610754728867839,1783610754728870212,203,order,benchmark,True,0.0,0.0,,,mock,0.0,,1783610754728867839,InstrumentType.Spot,866585320701886804,OrderType.Limit,Direction.Long,65000.310000000005,527090592,Side.Buy,,OrderStatus.Submitted,65000.310000000005,1653898000,BTC-USDT,TimeCondition.GTC,1783610754728867839,0.001,0.001,0.0
4194834854,2837957847,1783610754729092640,1783610754729094674,203,order,benchmark,True,0.0,0.0,,,mock,0.0,,1783610754729092640,InstrumentType.Spot,866585320701886805,OrderType.Limit,Direction.Long,65000.52,527092368,Side.Sell,,OrderStatus.Submitted,65000.52,1653898000,BTC-USDT,TimeCondition.GTC,1783610754729092640,0.001,0.001,0.0
4194834854,2837957847,1783610754729352422,1783610754729354253,203,order,benchmark,True,0.0,0.0,,,mock,0.0,,1783610754729352422,InstrumentType.Spot,866585320701886806,OrderType.Limit,Direction.Long,65000.33,527094144,Side.Buy,,OrderStatus.Submitted,65000.33,1653898000,BTC-USDT,TimeCondition.GTC,1783610754729352422,0.001,0.001,0.0
4194834854,2837957847,1783610754729663565,1783610754729672291,203,order,benchmark,True,0.0,0.0,,,mock,0.0,,1783610754729663565,InstrumentType.Spot,866585320701886807,OrderType.Limit,Direction.Long,65000.54,527095920,Side.Sell,,OrderStatus.Submitted,65000.54,1653898000,BTC-USDT,TimeCondition.GTC,1783610754729663565,0.001,0.001,0.0
4194834854,2837957847,1783610754729949341,1783610754729951159,203,order,benchmark,True,0.0,0.0,,,mock,0.0,,1783610754729949341,InstrumentType.Spot,866585320701886808,OrderType.Limit,Direction.Long,65000.35,527097696,Side.Buy,,OrderStatus.Submitted,65000.35,1653898000,BTC-USDT,TimeCondition.GTC,1783610754729949341,0.001,0.001,0.0
4194834854,2837957847,1783610754730248183,1783610754730249998,203,order,benchmark,True,0.0,0.0,,,mock,0.0,,1783610754730248183,InstrumentType.Spot,866585320701886809,OrderType.Limit,Direction.Long,65000.56,527099472,Side.Sell,,OrderStatus.Submitted,65000.56,1653898000,BTC-USDT,TimeCondition.GTC,1783610754730248183,0.001,0.001,0.0
4194834854,2837957847,1783610754730552251,1783610754730554228,203,order,benchmark,True,0.0,0.0,,,mock,0.0,,1783610754730552251,InstrumentType.Spot,866585320701886810,OrderType.Limit,Direction.Long,65000.37,527101248,Side.Buy,,OrderStatus.Submitted,65000.37,1653898000,BTC-USDT,TimeCondition.GTC,1783610754730552251,0.001,0.001,0.0
4194834854,2837957847,1783610754730849932,1783610754730851838,203,order,benchmark,True,0.0,0.0,,,mock,0.0,,1783610754730849932,InstrumentType.Spot,866585320701886811,OrderType.Limit,Direction.Long,65000.58,527103024,Side.Sell,,OrderStatus.Submitted,65000.58,1653898000,BTC-USDT,TimeCondition.GTC,1783610754730849932,0.001,0.001,0.0
4194834854,2837957847,1783610754731149560,1783610754731151502,203,order,benchmark,True,0.0,0.0,,,mock,0.0,,1783610754731149560,InstrumentType.Spot,866585320701886812,OrderType.Limit,Direction.Long,65000.39,527104800,Side.Buy,,OrderStatus.Submitted,65000.39,1653898000,BTC-USDT,TimeCondition.GTC,1783610754731149560,0.001,0.001,0.0
4194834854,2837957847,1783610754731449725,1783610754731451558,203,order,benchmark,True,0.0,0.0,,,mock,0.0,,1783610754731449725,InstrumentType.Spot,866585320701886813,OrderType.Limit,Direction.Long,65000.6,527106576,Side.Sell,,OrderStatus.Submitted,65000.6,1653898000,BTC-USDT,TimeCondition.GTC,1783610754731449725,0.001,0.001,0.0
4194834854,2837957847,1783610754731753640,1783610754731755697,203,order,benchmark,True,0.0,0.0,,,mock,0.0,,1783610754731753640,InstrumentType.Spot,866585320701886814,OrderType.Limit,Direction.Long,65000.41,527108352,Side.Buy,,OrderStatus.Submitted,65000.41,1653898000,BTC-USDT,TimeCondition.GTC,1783610754731753640,0.001,0.001,0.0
4194834854,2837957847,1783610754732067456,1783610754732069680,203,order,benchmark,True,0.0,0.0,,,mock,0.0,,1783610754732067456,InstrumentType.Spot,866585320701886815,OrderType.Limit,Direction.Long,65000.619999999995,527110128,Side.Sell,,OrderStatus.Submitted,65000.619999999995,1653898000,BTC-USDT,TimeCondition.GTC,1783610754732067456,0.001,0.001,0.0
4194834854,2837957847,1783610754732466494,1783610754732468700,203,order,benchmark,True,0.0,0.0,,,mock,0.0,,1783610754732466494,InstrumentType.Spot,866585320701886816,OrderType.Limit,Direction.Long,65000.43,527111904,Side.Buy,,OrderStatus.Submitted,65000.43,1653898000,BTC-USDT,TimeCondition.GTC,1783610754732466494,0.001,0.001,0.0
4194834854,2837957847,1783610754732683063,1783610754732685286,203,order,benchmark,True,0.0,0.0,,,mock,0.0,,1783610754732683063,InstrumentType.Spot,866585320701886817,OrderType.Limit,Direction.Long,65000.64,527035184,Side.Sell,,OrderStatus.Submitted,65000.64,1653898000,BTC-USDT,TimeCondition.GTC,1783610754732683063,0.001,0.001,0.0
4194834854,2837957847,1783610754732958889,1783610754732961079,203,order,benchmark,True,0.0,0.0,,,mock,0.0,,1783610754732958889,InstrumentType.Spot,866585320701886818,OrderType.Limit,Direction.Long,65000.450000000004,527036960,Side.Buy,,OrderStatus.Submitted,65000.450000000004,1653898000,BTC-USDT,TimeCondition.GTC,1783610754732958889,0.001,0.001,0.0
4194834854,2837957847,1783610754733255009,1783610754733256980,203,order,benchmark,True,0.0,0.0,,,mock,0.0,,1783610754733255009,InstrumentType.Spot,866585320701886819,OrderType.Limit,Direction.Long,65000.659999999996,527117648,Side.Sell,,OrderStatus.Submitted,65000.659999999996,1653898000,BTC-USDT,TimeCondition.GTC,1783610754733255009,0.001,0.001,0.0
4194834854,2837957847,1783610754733559855,1783610754733568912,203,order,benchmark,True,0.0,0.0,,,mock,0.0,,1783610754733559855,InstrumentType.Spot,866585320701886820,OrderType.Limit,Direction.Long,65000.47,527119392,Side.Buy,,OrderStatus.Submitted,65000.47,1653898000,BTC-USDT,TimeCondition.GTC,1783610754733559855,0.001,0.001,0.0
4194834854,2837957847,1783610754733857792,1783610754733859938,203,order,benchmark,True,0.0,0.0,,,mock,0.0,,1783610754733857792,InstrumentType.Spot,866585320701886821,OrderType.Limit,Direction.Long,65000.68,527121168,Side.Sell,,OrderStatus.Submitted,65000.68,1653898000,BTC-USDT,TimeCondition.GTC,1783610754733857792,0.001,0.001,0.0
4194834854,2837957847,1783610754734157624,1783610754734159516,203,order,benchmark,True,0.0,0.0,,,mock,0.0,,1783610754734157624,InstrumentType.Spot,866585320701886822,OrderType.Limit,Direction.Long,65000.49,527122944,Side.Buy,,OrderStatus.Submitted,65000.49,1653898000,BTC-USDT,TimeCondition.GTC,1783610754734157624,0.001,0.001,0.0
4194834854,2837957847,1783610754734456405,1783610754734458270,203,order,benchmark,True,0.0,0.0,,,mock,0.0,,1783610754734456405,InstrumentType.Spot,866585320701886823,OrderType.Limit,Direction.Long,65000.7,527124720,Side.Sell,,OrderStatus.Submitted,65000.7,1653898000,BTC-USDT,TimeCondition.GTC,1783610754734456405,0.001,0.001,0.0
4194834854,2837957847,1783610754734758446,1783610754734760594,203,order,benchmark,True,0.0,0.0,,,mock,0.0,,1783610754734758446,InstrumentType.Spot,866585320701886824,OrderType.Limit,Direction.Long,65000.51,527126496,Side.Buy,,OrderStatus.Submitted,65000.51,1653898000,BTC-USDT,TimeCondition.GTC,1783610754734758446,0.001,0.001,0.0
4194834854,2837957847,1783610754735066379,1783610754735068552,203,order,benchmark,True,0.0,0.0,,,mock,0.0,,1783610754735066379,InstrumentType.Spot,866585320701886825,OrderType.Limit,Direction.Long,65000.72,527128272,Side.Sell,,OrderStatus.Submitted,65000.72,1653898000,BTC-USDT,TimeCondition.GTC,1783610754735066379,0.001,0.001,0.0
4194834854,2837957847,1783610754735366350,1783610754735368660,203,order,benchmark,True,0.0,0.0,,,mock,0.0,,1783610754735366350,InstrumentType.Spot,866585320701886826,OrderType.Limit,Direction.Long,65000.53,527130048,Side.Buy,,OrderStatus.Submitted,65000.53,1653898000,BTC-USDT,TimeCondition.GTC,1783610754735366350,0.001,0.001,0.0
4194834854,2837957847,1783610754735658171,1783610754735660158,203,order,benchmark,True,0.0,0.0,,,mock,0.0,,1783610754735658171,InstrumentType.Spot,866585320701886827,OrderType.Limit,Direction.Long,65000.74,527131824,Side.Sell,,OrderStatus.Submitted,65000.74,1653898000,BTC-USDT,TimeCondition.GTC,1783610754735658171,0.001,0.001,0.0
4194834854,2837957847,1783610754735959230,1783610754735961344,203,order,benchmark,True,0.0,0.0,,,mock,0.0,,1783610754735959230,InstrumentType.Spot,866585320701886828,OrderType.Limit,Direction.Long,65000.55,527133600,Side.Buy,,OrderStatus.Submitted,65000.55,1653898000,BTC-USDT,TimeCondition.GTC,1783610754735959230,0.001,0.001,0.0
4194834854,2837957847,1783610754736256762,1783610754736258637,203,order,benchmark,True,0.0,0.0,,,mock,0.0,,1783610754736256762,InstrumentType.Spot,866585320701886829,OrderType.Limit,Direction.Long,65000.76,527135376,Side.Sell,,OrderStatus.Submitted,65000.76,1653898000,BTC-USDT,TimeCondition.GTC,1783610754736256762,0.001,0.001,0.0
4194834854,2837957847,1783610754736558612,1783610754736560740,203,order,benchmark,True,0.0,0.0,,,mock,0.0,,1783610754736558612,InstrumentType.Spot,866585320701886830,OrderType.Limit,Direction.Long,65000.57,527137152,Side.Buy,,OrderStatus.Submitted,65000.57,1653898000,BTC-USDT,TimeCondition.GTC,1783610754736558612,0.001,0.001,0.0
4194834854,2837957847,1783610754736855386,1783610754736857285,203,order,benchmark,True,0.0,0.0,,,mock,0.0,,1783610754736855386,InstrumentType.Spot,866585320701886831,OrderType.Limit,Direction.Long,65000.78,527138928,Side.Sell,,OrderStatus.Submitted,65000.78,1653898000,BTC-USDT,TimeCondition.GTC,1783610754736855386,0.001,0.001,0.0
4194834854,2837957847,1783610754737322625,1783610754737325281,203,order,benchmark,True,0.0,0.0,,,mock,0.0,,1783610754737322625,InstrumentType.Spot,866585320701886832,OrderType.Limit,Direction.Long,65000.590000000004,527140704,Side.Buy,,OrderStatus.Submitted,65000.590000000004,1653898000,BTC-USDT,TimeCondition.GTC,1783610754737322625,0.001,0.001,0.0
4194834854,2837957847,1783610754737519155,1783610754737544019,203,order,benchmark,True,0.0,0.0,,,mock,0.0,,1783610754737519155,InstrumentType.Spot,866585320701886833,OrderType.Limit,Direction.Long,65000.799999999996,527142480,Side.Sell,,OrderStatus.Submitted,65000.799999999996,1653898000,BTC-USDT,TimeCondition.GTC,1783610754737519155,0.001,0.001,0.0
4194834854,2837957847,1783610754737750348,1783610754737752129,203,order,benchmark,True,0.0,0.0,,,mock,0.0,,1783610754737750348,InstrumentType.Spot,866585320701886834,OrderType.Limit,Direction.Long,65000.61,527144256,Side.Buy,,OrderStatus.Submitted,65000.61,1653898000,BTC-USDT,TimeCondition.GTC,1783610754737750348,0.001,0.001,0.0
4194834854,2837957847,1783610754738170893,1783610754738172801,203,order,benchmark,True,0.0,0.0,,,mock,0.0,,1783610754738170893,InstrumentType.Spot,866585320701886835,OrderType.Limit,Direction.Long,65000.82,527146032,Side.Sell,,OrderStatus.Submitted,65000.82,1653898000,BTC-USDT,TimeCondition.GTC,1783610754738170893,0.001,0.001,0.0
4194834854,2837957847,1783610754738363866,1783610754738366296,203,order,benchmark,True,0.0,0.0,,,mock,0.0,,1783610754738363866,InstrumentType.Spot,866585320701886836,OrderType.Limit,Direction.Long,65000.630000000005,527147808,Side.Buy,,OrderStatus.Submitted,65000.630000000005,1653898000,BTC-USDT,TimeCondition.GTC,1783610754738363866,0.001,0.001,0.0
4194834854,2837957847,1783610754738653927,1783610754738655925,203,order,benchmark,True,0.0,0.0,,,mock,0.0,,1783610754738653927,InstrumentType.Spot,866585320701886837,OrderType.Limit,Direction.Long,65000.84,527149584,Side.Sell,,OrderStatus.Submitted,65000.84,1653898000,BTC-USDT,TimeCondition.GTC,1783610754738653927,0.001,0.001,0.0
4194834854,2837957847,1783610754738957876,1783610754738959984,203,order,benchmark,True,0.0,0.0,,,mock,0.0,,1783610754738957876,InstrumentType.Spot,866585320701886838,OrderType.Limit,Direction.Long,65000.65,527151360,Side.Buy,,OrderStatus.Submitted,65000.65,1653898000,BTC-USDT,TimeCondition.GTC,1783610754738957876,0.001,0.001,0.0
4194834854,2837957847,1783610754739256973,1783610754739258977,203,order,benchmark,True,0.0,0.0,,,mock,0.0,,1783610754739256973,InstrumentType.Spot,866585320701886839,OrderType.Limit,Direction.Long,65000.86,527153136,Side.Sell,,OrderStatus.Submitted,65000.86,1653898000,BTC-USDT,TimeCondition.GTC,1783610754739256973,0.001,0.001,0.0
4194834854,2837957847,1783610754739672697,1783610754739680925,203,order,benchmark,True,0.0,0.0,,,mock,0.0,,1783610754739672697,InstrumentType.Spot,866585320701886840,OrderType.Limit,Direction.Long,65000.67,527154912,Side.Buy,,OrderStatus.Submitted,65000.67,1653898000,BTC-USDT,TimeCondition.GTC,1783610754739672697,0.001,0.001,0.0
4194834854,2837957847,1783610754739874280,1783610754739876800,203,order,benchmark,True,0.0,0.0,,,mock,0.0,,1783610754739874280,InstrumentType.Spot,866585320701886841,OrderType.Limit,Direction.Long,65000.88,527156688,Side.Sell,,OrderStatus.Submitted,65000.88,1653898000,BTC-USDT,TimeCondition.GTC,1783610754739874280,0.001,0.001,0.0
4194834854,2837957847,1783610754740290130,1783610754740292913,203,order,benchmark,True,0.0,0.0,,,mock,0.0,,1783610754740290130,InstrumentType.Spot,866585320701886842,OrderType.Limit,Direction.Long,65000.69,527158464,Side.Buy,,OrderStatus.Submitted,65000.69,1653898000,BTC-USDT,TimeCondition.GTC,1783610754740290130,0.001,0.001,0.0
4194834854,2837957847,1783610754740743049,1783610754740745203,203,order,benchmark,True,0.0,0.0,,,mock,0.0,,1783610754740743049,InstrumentType.Spot,866585320701886843,OrderType.Limit,Direction.Long,65000.9,527160240,Side.Sell,,OrderStatus.Submitted,65000.9,1653898000,BTC-USDT,TimeCondition.GTC,1783610754740743049,0.001,0.001,0.0
4194834854,2837957847,1783610754740779574,1783610754740781764,203,order,benchmark,True,0.0,0.0,,,mock,0.0,,1783610754740779574,InstrumentType.Spot,866585320701886844,OrderType.Limit,Direction.Long,65000.71,527161984,Side.Buy,,OrderStatus.Submitted,65000.71,1653898000,BTC-USDT,TimeCondition.GTC,1783610754740779574,0.001,0.001,0.0
4194834854,2837957847,1783610754741347647,1783610754741351821,203,order,benchmark,True,0.0,0.0,,,mock,0.0,,1783610754741347647,InstrumentType.Spot,866585320701886845,OrderType.Limit,Direction.Long,65000.92,527163792,Side.Sell,,OrderStatus.Submitted,65000.92,1653898000,BTC-USDT,TimeCondition.GTC,1783610754741347647,0.001,0.001,0.0
4194834854,2837957847,1783610754741608527,1783610754741628015,203,order,benchmark,True,0.0,0.0,,,mock,0.0,,1783610754741608527,InstrumentType.Spot,866585320701886846,OrderType.Limit,Direction.Long,65000.73,527165568,Side.Buy,,OrderStatus.Submitted,65000.73,1653898000,BTC-USDT,TimeCondition.GTC,1783610754741608527,0.001,0.001,0.0
4194834854,2837957847,1783610754741661567,1783610754741664797,203,order,benchmark,True,0.0,0.0,,,mock,0.0,,1783610754741661567,InstrumentType.Spot,866585320701886847,OrderType.Limit,Direction.Long,65000.939999999995,527167344,Side.Sell,,OrderStatus.Submitted,65000.939999999995,1653898000,BTC-USDT,TimeCondition.GTC,1783610754741661567,0.001,0.001,0.0
4194834854,2837957847,1783610754741884039,1783610754741901009,203,order,benchmark,True,0.0,0.0,,,mock,0.0,,1783610754741884039,InstrumentType.Spot,866585320701886848,OrderType.Limit,Direction.Long,65000.75,527169120,Side.Buy,,OrderStatus.Submitted,65000.75,1653898000,BTC-USDT,TimeCondition.GTC,1783610754741884039,0.001,0.001,0.0
4194834854,2837957847,1783610754742255604,1783610754742257678,203,order,benchmark,True,0.0,0.0,,,mock,0.0,,1783610754742255604,InstrumentType.Spot,866585320701886849,OrderType.Limit,Direction.Long,65000.96,527170896,Side.Sell,,OrderStatus.Submitted,65000.96,1653898000,BTC-USDT,TimeCondition.GTC,1783610754742255604,0.001,0.001,0.0
4194834854,2837957847,1783610754742553020,1783610754742555029,203,order,benchmark,True,0.0,0.0,,,mock,0.0,,1783610754742553020,InstrumentType.Spot,866585320701886850,OrderType.Limit,Direction.Long,65000.770000000004,527172672,Side.Buy,,OrderStatus.Submitted,65000.770000000004,1653898000,BTC-USDT,TimeCondition.GTC,1783610754742553020,0.001,0.001,0.0
4194834854,2837957847,1783610754742848642,1783610754742850416,203,order,benchmark,True,0.0,0.0,,,mock,0.0,,1783610754742848642,InstrumentType.Spot,866585320701886851,OrderType.Limit,Direction.Long,65000.979999999996,527174448,Side.Sell,,OrderStatus.Submitted,65000.979999999996,1653898000,BTC-USDT,TimeCondition.GTC,1783610754742848642,0.001,0.001,0.0
4194834854,2837957847,1783610754743152963,1783610754743154989,203,order,benchmark,True,0.0,0.0,,,mock,0.0,,1783610754743152963,InstrumentType.Spot,866585320701886852,OrderType.Limit,Direction.Long,65000.79,527176224,Side.Buy,,OrderStatus.Submitted,65000.79,1653898000,BTC-USDT,TimeCondition.GTC,1783610754743152963,0.001,0.001,0.0
4194834854,2837957847,1783610754743451495,1783610754743453633,203,order,benchmark,True,0.0,0.0,,,mock,0.0,,1783610754743451495,InstrumentType.Spot,866585320701886853,OrderType.Limit,Direction.Long,65001.0,527178000,Side.Sell,,OrderStatus.Submitted,65001.0,1653898000,BTC-USDT,TimeCondition.GTC,1783610754743451495,0.001,0.001,0.0
4194834854,2837957847,1783610754743747947,1783610754743750001,203,order,benchmark,True,0.0,0.0,,,mock,0.0,,1783610754743747947,InstrumentType.Spot,866585320701886854,OrderType.Limit,Direction.Long,65000.810000000005,527179776,Side.Buy,,OrderStatus.Submitted,65000.810000000005,1653898000,BTC-USDT,TimeCondition.GTC,1783610754743747947,0.001,0.001,0.0
4194834854,2837957847,1783610754744068668,1783610754744070902,203,order,benchmark,True,0.0,0.0,,,mock,0.0,,1783610754744068668,InstrumentType.Spot,866585320701886855,OrderType.Limit,Direction.Long,65001.02,527181552,Side.Sell,,OrderStatus.Submitted,65001.02,1653898000,BTC-USDT,TimeCondition.GTC,1783610754744068668,0.001,0.001,0.0
4194834854,2837957847,1783610754744351759,1783610754744353595,203,order,benchmark,True,0.0,0.0,,,mock,0.0,,1783610754744351759,InstrumentType.Spot,866585320701886856,OrderType.Limit,Direction.Long,65000.83,527183328,Side.Buy,,OrderStatus.Submitted,65000.83,1653898000,BTC-USDT,TimeCondition.GTC,1783610754744351759,0.001,0.001,0.0
4194834854,2837957847,1783610754744649449,1783610754744651298,203,order,benchmark,True,0.0,0.0,,,mock,0.0,,1783610754744649449,InstrumentType.Spot,866585320701886857,OrderType.Limit,Direction.Long,65001.04,527185104,Side.Sell,,OrderStatus.Submitted,65001.04,1653898000,BTC-USDT,TimeCondition.GTC,1783610754744649449,0.001,0.001,0.0
4194834854,2837957847,1783610754744952165,1783610754744954139,203,order,benchmark,True,0.0,0.0,,,mock,0.0,,1783610754744952165,InstrumentType.Spot,866585320701886858,OrderType.Limit,Direction.Long,65000.85,527186880,Side.Buy,,OrderStatus.Submitted,65000.85,1653898000,BTC-USDT,TimeCondition.GTC,1783610754744952165,0.001,0.001,0.0
4194834854,2837957847,1783610754745247178,1783610754745249101,203,order,benchmark,True,0.0,0.0,,,mock,0.0,,1783610754745247178,InstrumentType.Spot,866585320701886859,OrderType.Limit,Direction.Long,65001.06,527188656,Side.Sell,,OrderStatus.Submitted,65001.06,1653898000,BTC-USDT,TimeCondition.GTC,1783610754745247178,0.001,0.001,0.0
4194834854,2837957847,1783610754745551347,1783610754745562356,203,order,benchmark,True,0.0,0.0,,,mock,0.0,,1783610754745551347,InstrumentType.Spot,866585320701886860,OrderType.Limit,Direction.Long,65000.87,527190432,Side.Buy,,OrderStatus.Submitted,65000.87,1653898000,BTC-USDT,TimeCondition.GTC,1783610754745551347,0.001,0.001,0.0
4194834854,2837957847,1783610754745850111,1783610754745852110,203,order,benchmark,True,0.0,0.0,,,mock,0.0,,1783610754745850111,InstrumentType.Spot,866585320701886861,OrderType.Limit,Direction.Long,65001.08,527192208,Side.Sell,,OrderStatus.Submitted,65001.08,1653898000,BTC-USDT,TimeCondition.GTC,1783610754745850111,0.001,0.001,0.0
4194834854,2837957847,1783610754746153348,1783610754746155400,203,order,benchmark,True,0.0,0.0,,,mock,0.0,,1783610754746153348,InstrumentType.Spot,866585320701886862,OrderType.Limit,Direction.Long,65000.89,527193984,Side.Buy,,OrderStatus.Submitted,65000.89,1653898000,BTC-USDT,TimeCondition.GTC,1783610754746153348,0.001,0.001,0.0
4194834854,2837957847,1783610754746566440,1783610754746568617,203,order,benchmark,True,0.0,0.0,,,mock,0.0,,1783610754746566440,InstrumentType.Spot,866585320701886863,OrderType.Limit,Direction.Long,65000.1,527195760,Side.Sell,,OrderStatus.Submitted,65000.1,1653898000,BTC-USDT,TimeCondition.GTC,1783610754746566440,0.001,0.001,0.0
4194834854,2837957847,1783610754746919190,1783610754746921921,203,order,benchmark,True,0.0,0.0,,,mock,0.0,,1783610754746919190,InstrumentType.Spot,866585320701886864,OrderType.Limit,Direction.Long,64999.91,527197536,Side.Buy,,OrderStatus.Submitted,64999.91,1653898000,BTC-USDT,TimeCondition.GTC,1783610754746919190,0.001,0.001,0.0
4194834854,2837957847,1783610754747131446,1783610754747134302,203,order,benchmark,True,0.0,0.0,,,mock,0.0,,1783610754747131446,InstrumentType.Spot,866585320701886865,OrderType.Limit,Direction.Long,65000.119999999995,527113680,Side.Sell,,OrderStatus.Submitted,65000.119999999995,1653898000,BTC-USDT,TimeCondition.GTC,1783610754747131446,0.001,0.001,0.0
4194834854,2837957847,1783610754747354989,1783610754747356962,203,order,benchmark,True,0.0,0.0,,,mock,0.0,,1783610754747354989,InstrumentType.Spot,866585320701886866,OrderType.Limit,Direction.Long,64999.93,527115456,Side.Buy,,OrderStatus.Submitted,64999.93,1653898000,BTC-USDT,TimeCondition.GTC,1783610754747354989,0.001,0.001,0.0
4194834854,2837957847,1783610754747653200,1783610754747655249,203,order,benchmark,True,0.0,0.0,,,mock,0.0,,1783610754747653200,InstrumentType.Spot,866585320701886867,OrderType.Limit,Direction.Long,65000.14,527116448,Side.Sell,,OrderStatus.Submitted,65000.14,1653898000,BTC-USDT,TimeCondition.GTC,1783610754747653200,0.001,0.001,0.0
4194834854,2837957847,1783610754747948000,1783610754747949952,203,order,benchmark,True,0.0,0.0,,,mock,0.0,,1783610754747948000,InstrumentType.Spot,866585320701886868,OrderType.Limit,Direction.Long,64999.950000000004,527205104,Side.Buy,,OrderStatus.Submitted,64999.950000000004,1653898000,BTC-USDT,TimeCondition.GTC,1783610754747948000,0.001,0.001,0.0
4194834854,2837957847,1783610754748253538,1783610754748255482,203,order,benchmark,True,0.0,0.0,,,mock,0.0,,1783610754748253538,InstrumentType.Spot,866585320701886869,OrderType.Limit,Direction.Long,65000.159999999996,527206880,Side.Sell,,OrderStatus.Submitted,65000.159999999996,1653898000,BTC-USDT,TimeCondition.GTC,1783610754748253538,0.001,0.001,0.0
4194834854,2837957847,1783610754748684549,1783610754748686803,203,order,benchmark,True,0.0,0.0,,,mock,0.0,,1783610754748684549,InstrumentType.Spot,866585320701886870,OrderType.Limit,Direction.Long,64999.97,527208656,Side.Buy,,OrderStatus.Submitted,64999.97,1653898000,BTC-USDT,TimeCondition.GTC,1783610754748684549,0.001,0.001,0.0
4194834854,2837957847,1783610754749047927,1783610754749054181,203,order,benchmark,True,0.0,0.0,,,mock,0.0,,1783610754749047927,InstrumentType.Spot,866585320701886871,OrderType.Limit,Direction.Long,65000.18,527210432,Side.Sell,,OrderStatus.Submitted,65000.18,1653898000,BTC-USDT,TimeCondition.GTC,1783610754749047927,0.001,0.001,0.0
4194834854,2837957847,1783610754749196224,1783610754749198154,203,order,benchmark,True,0.0,0.0,,,mock,0.0,,1783610754749196224,InstrumentType.Spot,866585320701886872,OrderType.Limit,Direction.Long,64999.99,527212208,Side.Buy,,OrderStatus.Submitted,64999.99,1653898000,BTC-USDT,TimeCondition.GTC,1783610754749196224,0.001,0.001,0.0
4194834854,2837957847,1783610754749454918,1783610754749468748,203,order,benchmark,True,0.0,0.0,,,mock,0.0,,1783610754749454918,InstrumentType.Spot,866585320701886873,OrderType.Limit,Direction.Long,65000.2,527213984,Side.Sell,,OrderStatus.Submitted,65000.2,1653898000,BTC-USDT,TimeCondition.GTC,1783610754749454918,0.001,0.001,0.0
4194834854,2837957847,1783610754749915283,1783610754749918241,203,order,benchmark,True,0.0,0.0,,,mock,0.0,,1783610754749915283,InstrumentType.Spot,866585320701886874,OrderType.Limit,Direction.Long,65000.01,527215760,Side.Buy,,OrderStatus.Submitted,65000.01,1653898000,BTC-USDT,TimeCondition.GTC,1783610754749915283,0.001,0.001,0.0
4194834854,2837957847,1783610754750117684,1783610754750119715,203,order,benchmark,True,0.0,0.0,,,mock,0.0,,1783610754750117684,InstrumentType.Spot,866585320701886875,OrderType.Limit,Direction.Long,65000.22,527217536,Side.Sell,,OrderStatus.Submitted,65000.22,1653898000,BTC-USDT,TimeCondition.GTC,1783610754750117684,0.001,0.001,0.0
4194834854,2837957847,1783610754750461101,1783610754750463114,203,order,benchmark,True,0.0,0.0,,,mock,0.0,,1783610754750461101,InstrumentType.Spot,866585320701886876,OrderType.Limit,Direction.Long,65000.03,527219312,Side.Buy,,OrderStatus.Submitted,65000.03,1653898000,BTC-USDT,TimeCondition.GTC,1783610754750461101,0.001,0.001,0.0
4194834854,2837957847,1783610754750674528,1783610754750677323,203,order,benchmark,True,0.0,0.0,,,mock,0.0,,1783610754750674528,InstrumentType.Spot,866585320701886877,OrderType.Limit,Direction.Long,65000.24,527221088,Side.Sell,,OrderStatus.Submitted,65000.24,1653898000,BTC-USDT,TimeCondition.GTC,1783610754750674528,0.001,0.001,0.0
4194834854,2837957847,1783610754751152283,1783610754751155462,203,order,benchmark,True,0.0,0.0,,,mock,0.0,,1783610754751152283,InstrumentType.Spot,866585320701886878,OrderType.Limit,Direction.Long,65000.05,527222864,Side.Buy,,OrderStatus.Submitted,65000.05,1653898000,BTC-USDT,TimeCondition.GTC,1783610754751152283,0.001,0.001,0.0
4194834854,2837957847,1783610754751416422,1783610754751419092,203,order,benchmark,True,0.0,0.0,,,mock,0.0,,1783610754751416422,InstrumentType.Spot,866585320701886879,OrderType.Limit,Direction.Long,65000.26,527224640,Side.Sell,,OrderStatus.Submitted,65000.26,1653898000,BTC-USDT,TimeCondition.GTC,1783610754751416422,0.001,0.001,0.0
4194834854,2837957847,1783610754751769492,1783610754751772215,203,order,benchmark,True,0.0,0.0,,,mock,0.0,,1783610754751769492,InstrumentType.Spot,866585320701886880,OrderType.Limit,Direction.Long,65000.07,527226416,Side.Buy,,OrderStatus.Submitted,65000.07,1653898000,BTC-USDT,TimeCondition.GTC,1783610754751769492,0.001,0.001,0.0
4194834854,2837957847,1783610754751850393,1783610754751852693,203,order,benchmark,True,0.0,0.0,,,mock,0.0,,1783610754751850393,InstrumentType.Spot,866585320701886881,OrderType.Limit,Direction.Long,65000.28,527228192,Side.Sell,,OrderStatus.Submitted,65000.28,1653898000,BTC-USDT,TimeCondition.GTC,1783610754751850393,0.001,0.001,0.0
4194834854,2837957847,1783610754752277791,1783610754752279820,203,order,benchmark,True,0.0,0.0,,,mock,0.0,,1783610754752277791,InstrumentType.Spot,866585320701886882,OrderType.Limit,Direction.Long,65000.090000000004,527229968,Side.Buy,,OrderStatus.Submitted,65000.090000000004,1653898000,BTC-USDT,TimeCondition.GTC,1783610754752277791,0.001,0.001,0.0
4194834854,2837957847,1783610754752486247,1783610754752488190,203,order,benchmark,True,0.0,0.0,,,mock,0.0,,1783610754752486247,InstrumentType.Spot,866585320701886883,OrderType.Limit,Direction.Long,65000.299999999996,527231744,Side.Sell,,OrderStatus.Submitted,65000.299999999996,1653898000,BTC-USDT,TimeCondition.GTC,1783610754752486247,0.001,0.001,0.0
4194834854,2837957847,1783610754752928881,1783610754752931771,203,order,benchmark,True,0.0,0.0,,,mock,0.0,,1783610754752928881,InstrumentType.Spot,866585320701886884,OrderType.Limit,Direction.Long,65000.11,527233520,Side.Buy,,OrderStatus.Submitted,65000.11,1653898000,BTC-USDT,TimeCondition.GTC,1783610754752928881,0.001,0.001,0.0
4194834854,2837957847,1783610754753086454,1783610754753088393,203,order,benchmark,True,0.0,0.0,,,mock,0.0,,1783610754753086454,InstrumentType.Spot,866585320701886885,OrderType.Limit,Direction.Long,65000.32,527235296,Side.Sell,,OrderStatus.Submitted,65000.32,1653898000,BTC-USDT,TimeCondition.GTC,1783610754753086454,0.001,0.001,0.0
4194834854,2837957847,1783610754753353014,1783610754753466850,203,order,benchmark,True,0.0,0.0,,,mock,0.0,,1783610754753353014,InstrumentType.Spot,866585320701886886,OrderType.Limit,Direction.Long,65000.130000000005,527237072,Side.Buy,,OrderStatus.Submitted,65000.130000000005,1653898000,BTC-USDT,TimeCondition.GTC,1783610754753353014,0.001,0.001,0.0
4194834854,2837957847,1783610754753691853,1783610754753694424,203,order,benchmark,True,0.0,0.0,,,mock,0.0,,1783610754753691853,InstrumentType.Spot,866585320701886887,OrderType.Limit,Direction.Long,65000.34,527238848,Side.Sell,,OrderStatus.Submitted,65000.34,1653898000,BTC-USDT,TimeCondition.GTC,1783610754753691853,0.001,0.001,0.0
4194834854,2837957847,1783610754754111491,1783610754754114324,203,order,benchmark,True,0.0,0.0,,,mock,0.0,,1783610754754111491,InstrumentType.Spot,866585320701886888,OrderType.Limit,Direction.Long,65000.15,527240624,Side.Buy,,OrderStatus.Submitted,65000.15,1653898000,BTC-USDT,TimeCondition.GTC,1783610754754111491,0.001,0.001,0.0
4194834854,2837957847,1783610754754315919,1783610754754317848,203,order,benchmark,True,0.0,0.0,,,mock,0.0,,1783610754754315919,InstrumentType.Spot,866585320701886889,OrderType.Limit,Direction.Long,65000.36,527242400,Side.Sell,,OrderStatus.Submitted,65000.36,1653898000,BTC-USDT,TimeCondition.GTC,1783610754754315919,0.001,0.001,0.0
4194834854,2837957847,1783610754754571389,1783610754754573418,203,order,benchmark,True,0.0,0.0,,,mock,0.0,,1783610754754571389,InstrumentType.Spot,866585320701886890,OrderType.Limit,Direction.Long,65000.17,527244176,Side.Buy,,OrderStatus.Submitted,65000.17,1653898000,BTC-USDT,TimeCondition.GTC,1783610754754571389,0.001,0.001,0.0
4194834854,2837957847,1783610754755016592,1783610754755019619,203,order,benchmark,True,0.0,0.0,,,mock,0.0,,1783610754755016592,InstrumentType.Spot,866585320701886891,OrderType.Limit,Direction.Long,65000.38,527245952,Side.Sell,,OrderStatus.Submitted,65000.38,1653898000,BTC-USDT,TimeCondition.GTC,1783610754755016592,0.001,0.001,0.0
4194834854,2837957847,1783610754755240908,1783610754755243144,203,order,benchmark,True,0.0,0.0,,,mock,0.0,,1783610754755240908,InstrumentType.Spot,866585320701886892,OrderType.Limit,Direction.Long,65000.19,527247728,Side.Buy,,OrderStatus.Submitted,65000.19,1653898000,BTC-USDT,TimeCondition.GTC,1783610754755240908,0.001,0.001,0.0
4194834854,2837957847,1783610754755471884,1783610754755474073,203,order,benchmark,True,0.0,0.0,,,mock,0.0,,1783610754755471884,InstrumentType.Spot,866585320701886893,OrderType.Limit,Direction.Long,65000.4,527249504,Side.Sell,,OrderStatus.Submitted,65000.4,1653898000,BTC-USDT,TimeCondition.GTC,1783610754755471884,0.001,0.001,0.0
4194834854,2837957847,1783610754755917887,1783610754755921113,203,order,benchmark,True,0.0,0.0,,,mock,0.0,,1783610754755917887,InstrumentType.Spot,866585320701886894,OrderType.Limit,Direction.Long,65000.21,527251280,Side.Buy,,OrderStatus.Submitted,65000.21,1653898000,BTC-USDT,TimeCondition.GTC,1783610754755917887,0.001,0.001,0.0
4194834854,2837957847,1783610754756151231,1783610754756153669,203,order,benchmark,True,0.0,0.0,,,mock,0.0,,1783610754756151231,InstrumentType.Spot,866585320701886895,OrderType.Limit,Direction.Long,65000.42,527253056,Side.Sell,,OrderStatus.Submitted,65000.42,1653898000,BTC-USDT,TimeCondition.GTC,1783610754756151231,0.001,0.001,0.0
4194834854,2837957847,1783610754756320479,1783610754756322610,203,order,benchmark,True,0.0,0.0,,,mock,0.0,,1783610754756320479,InstrumentType.Spot,866585320701886896,OrderType.Limit,Direction.Long,65000.23,527254832,Side.Buy,,OrderStatus.Submitted,65000.23,1653898000,BTC-USDT,TimeCondition.GTC,1783610754756320479,0.001,0.001,0.0
4194834854,2837957847,1783610754756817358,1783610754756820220,203,order,benchmark,True,0.0,0.0,,,mock,0.0,,1783610754756817358,InstrumentType.Spot,866585320701886897,OrderType.Limit,Direction.Long,65000.439999999995,527256608,Side.Sell,,OrderStatus.Submitted,65000.439999999995,1653898000,BTC-USDT,TimeCondition.GTC,1783610754756817358,0.001,0.001,0.0
4194834854,2837957847,1783610754757046443,1783610754757048389,203,order,benchmark,True,0.0,0.0,,,mock,0.0,,1783610754757046443,InstrumentType.Spot,866585320701886898,OrderType.Limit,Direction.Long,65000.25,527258384,Side.Buy,,OrderStatus.Submitted,65000.25,1653898000,BTC-USDT,TimeCondition.GTC,1783610754757046443,0.001,0.001,0.0
4194834854,2837957847,1783610754757307255,1783610754757318120,203,order,benchmark,True,0.0,0.0,,,mock,0.0,,1783610754757307255,InstrumentType.Spot,866585320701886899,OrderType.Limit,Direction.Long,65000.46,527260160,Side.Sell,,OrderStatus.Submitted,65000.46,1653898000,BTC-USDT,TimeCondition.GTC,1783610754757307255,0.001,0.001,0.0
4194834854,2837957847,1783610754757566491,1783610754757568689,203,order,benchmark,True,0.0,0.0,,,mock,0.0,,1783610754757566491,InstrumentType.Spot,866585320701886900,OrderType.Limit,Direction.Long,65000.270000000004,527261936,Side.Buy,,OrderStatus.Submitted,65000.270000000004,1653898000,BTC-USDT,TimeCondition.GTC,1783610754757566491,0.001,0.001,0.0
4194834854,2837957847,1783610754758013405,1783610754758016346,203,order,benchmark,True,0.0,0.0,,,mock,0.0,,1783610754758013405,InstrumentType.Spot,866585320701886901,OrderType.Limit,Direction.Long,65000.479999999996,527263712,Side.Sell,,OrderStatus.Submitted,65000.479999999996,1653898000,BTC-USDT,TimeCondition.GTC,1783610754758013405,0.001,0.001,0.0
4194834854,2837957847,1783610754758231819,1783610754758234003,203,order,benchmark,True,0.0,0.0,,,mock,0.0,,1783610754758231819,InstrumentType.Spot,866585320701886902,OrderType.Limit,Direction.Long,65000.29,527265488,Side.Buy,,OrderStatus.Submitted,65000.29,1653898000,BTC-USDT,TimeCondition.GTC,1783610754758231819,0.001,0.001,0.0
4194834854,2837957847,1783610754758498494,1783610754758500718,203,order,benchmark,True,0.0,0.0,,,mock,0.0,,1783610754758498494,InstrumentType.Spot,866585320701886903,OrderType.Limit,Direction.Long,65000.5,527267264,Side.Sell,,OrderStatus.Submitted,65000.5,1653898000,BTC-USDT,TimeCondition.GTC,1783610754758498494,0.001,0.001,0.0
4194834854,2837957847,1783610754758908835,1783610754758911598,203,order,benchmark,True,0.0,0.0,,,mock,0.0,,1783610754758908835,InstrumentType.Spot,866585320701886904,OrderType.Limit,Direction.Long,65000.310000000005,527269040,Side.Buy,,OrderStatus.Submitted,65000.310000000005,1653898000,BTC-USDT,TimeCondition.GTC,1783610754758908835,0.001,0.001,0.0
4194834854,2837957847,1783610754759121485,1783610754759123594,203,order,benchmark,True,0.0,0.0,,,mock,0.0,,1783610754759121485,InstrumentType.Spot,866585320701886905,OrderType.Limit,Direction.Long,65000.52,527270816,Side.Sell,,OrderStatus.Submitted,65000.52,1653898000,BTC-USDT,TimeCondition.GTC,1783610754759121485,0.001,0.001,0.0
4194834854,2837957847,1783610754759520110,1783610754759522854,203,order,benchmark,True,0.0,0.0,,,mock,0.0,,1783610754759520110,InstrumentType.Spot,866585320701886906,OrderType.Limit,Direction.Long,65000.33,527272592,Side.Buy,,OrderStatus.Submitted,65000.33,1653898000,BTC-USDT,TimeCondition.GTC,1783610754759520110,0.001,0.001,0.0
4194834854,2837957847,1783610754759719355,1783610754759721581,203,order,benchmark,True,0.0,0.0,,,mock,0.0,,1783610754759719355,InstrumentType.Spot,866585320701886907,OrderType.Limit,Direction.Long,65000.54,527274368,Side.Sell,,OrderStatus.Submitted,65000.54,1653898000,BTC-USDT,TimeCondition.GTC,1783610754759719355,0.001,0.001,0.0
4194834854,2837957847,1783610754759953034,1783610754759954977,203,order,benchmark,True,0.0,0.0,,,mock,0.0,,1783610754759953034,InstrumentType.Spot,866585320701886908,OrderType.Limit,Direction.Long,65000.35,527276144,Side.Buy,,OrderStatus.Submitted,65000.35,1653898000,BTC-USDT,TimeCondition.GTC,1783610754759953034,0.001,0.001,0.0
4194834854,2837957847,1783610754760393103,1783610754760395955,203,order,benchmark,True,0.0,0.0,,,mock,0.0,,1783610754760393103,InstrumentType.Spot,866585320701886909,OrderType.Limit,Direction.Long,65000.56,527277920,Side.Sell,,OrderStatus.Submitted,65000.56,1653898000,BTC-USDT,TimeCondition.GTC,1783610754760393103,0.001,0.001,0.0
4194834854,2837957847,1783610754760610895,1783610754760612866,203,order,benchmark,True,0.0,0.0,,,mock,0.0,,1783610754760610895,InstrumentType.Spot,866585320701886910,OrderType.Limit,Direction.Long,65000.37,527279696,Side.Buy,,OrderStatus.Submitted,65000.37,1653898000,BTC-USDT,TimeCondition.GTC,1783610754760610895,0.001,0.001,0.0
4194834854,2837957847,1783610754760859347,1783610754760861420,203,order,benchmark,True,0.0,0.0,,,mock,0.0,,1783610754760859347,InstrumentType.Spot,866585320701886911,OrderType.Limit,Direction.Long,65000.58,527281472,Side.Sell,,OrderStatus.Submitted,65000.58,1653898000,BTC-USDT,TimeCondition.GTC,1783610754760859347,0.001,0.001,0.0
4194834854,2837957847,1783610754761304889,1783610754761307762,203,order,benchmark,True,0.0,0.0,,,mock,0.0,,1783610754761304889,InstrumentType.Spot,866585320701886912,OrderType.Limit,Direction.Long,65000.39,527283248,Side.Buy,,OrderStatus.Submitted,65000.39,1653898000,BTC-USDT,TimeCondition.GTC,1783610754761304889,0.001,0.001,0.0
4194834854,2837957847,1783610754761505032,1783610754761513592,203,order,benchmark,True,0.0,0.0,,,mock,0.0,,1783610754761505032,InstrumentType.Spot,866585320701886913,OrderType.Limit,Direction.Long,65000.6,527285024,Side.Sell,,OrderStatus.Submitted,65000.6,1653898000,BTC-USDT,TimeCondition.GTC,1783610754761505032,0.001,0.001,0.0
4194834854,2837957847,1783610754761761669,1783610754761763666,203,order,benchmark,True,0.0,0.0,,,mock,0.0,,1783610754761761669,InstrumentType.Spot,866585320701886914,OrderType.Limit,Direction.Long,65000.41,527286800,Side.Buy,,OrderStatus.Submitted,65000.41,1653898000,BTC-USDT,TimeCondition.GTC,1783610754761761669,0.001,0.001,0.0
4194834854,2837957847,1783610754762580740,1783610754762586655,203,order,benchmark,True,0.0,0.0,,,mock,0.0,,1783610754762580740,InstrumentType.Spot,866585320701886915,OrderType.Limit,Direction.Long,65000.619999999995,527288576,Side.Sell,,OrderStatus.Submitted,65000.619999999995,1653898000,BTC-USDT,TimeCondition.GTC,1783610754762580740,0.001,0.001,0.0
4194834854,2837957847,1783610754762612340,1783610754762614898,203,order,benchmark,True,0.0,0.0,,,mock,0.0,,1783610754762612340,InstrumentType.Spot,866585320701886916,OrderType.Limit,Direction.Long,65000.43,527290320,Side.Buy,,OrderStatus.Submitted,65000.43,1653898000,BTC-USDT,TimeCondition.GTC,1783610754762612340,0.001,0.001,0.0
4194834854,2837957847,1783610754762685676,1783610754762688189,203,order,benchmark,True,0.0,0.0,,,mock,0.0,,1783610754762685676,InstrumentType.Spot,866585320701886917,OrderType.Limit,Direction.Long,65000.64,527292128,Side.Sell,,OrderStatus.Submitted,65000.64,1653898000,BTC-USDT,TimeCondition.GTC,1783610754762685676,0.001,0.001,0.0
4194834854,2837957847,1783610754762939499,1783610754762941559,203,order,benchmark,True,0.0,0.0,,,mock,0.0,,1783610754762939499,InstrumentType.Spot,866585320701886918,OrderType.Limit,Direction.Long,65000.450000000004,527293904,Side.Buy,,OrderStatus.Submitted,65000.450000000004,1653898000,BTC-USDT,TimeCondition.GTC,1783610754762939499,0.001,0.001,0.0
4194834854,2837957847,1783610754763260657,1783610754763262682,203,order,benchmark,True,0.0,0.0,,,mock,0.0,,1783610754763260657,InstrumentType.Spot,866585320701886919,OrderType.Limit,Direction.Long,65000.659999999996,527295680,Side.Sell,,OrderStatus.Submitted,65000.659999999996,1653898000,BTC-USDT,TimeCondition.GTC,1783610754763260657,0.001,0.001,0.0
4194834854,2837957847,1783610754763560412,1783610754763562527,203,order,benchmark,True,0.0,0.0,,,mock,0.0,,1783610754763560412,InstrumentType.Spot,866585320701886920,OrderType.Limit,Direction.Long,65000.47,527297456,Side.Buy,,OrderStatus.Submitted,65000.47,1653898000,BTC-USDT,TimeCondition.GTC,1783610754763560412,0.001,0.001,0.0
4194834854,2837957847,1783610754763861644,1783610754763863526,203,order,benchmark,True,0.0,0.0,,,mock,0.0,,1783610754763861644,InstrumentType.Spot,866585320701886921,OrderType.Limit,Direction.Long,65000.68,527199312,Side.Sell,,OrderStatus.Submitted,65000.68,1653898000,BTC-USDT,TimeCondition.GTC,1783610754763861644,0.001,0.001,0.0
4194834854,2837957847,1783610754764286153,1783610754764288797,203,order,benchmark,True,0.0,0.0,,,mock,0.0,,1783610754764286153,InstrumentType.Spot,866585320701886922,OrderType.Limit,Direction.Long,65000.49,527201088,Side.Buy,,OrderStatus.Submitted,65000.49,1653898000,BTC-USDT,TimeCondition.GTC,1783610754764286153,0.001,0.001,0.0
4194834854,2837957847,1783610754764515550,1783610754764517609,203,order,benchmark,True,0.0,0.0,,,mock,0.0,,1783610754764515550,InstrumentType.Spot,866585320701886923,OrderType.Limit,Direction.Long,65000.7,527303376,Side.Sell,,OrderStatus.Submitted,65000.7,1653898000,BTC-USDT,TimeCondition.GTC,1783610754764515550,0.001,0.001,0.0
4194834854,2837957847,1783610754764763418,1783610754764765464,203,order,benchmark,True,0.0,0.0,,,mock,0.0,,1783610754764763418,InstrumentType.Spot,866585320701886924,OrderType.Limit,Direction.Long,65000.51,527305072,Side.Buy,,OrderStatus.Submitted,65000.51,1653898000,BTC-USDT,TimeCondition.GTC,1783610754764763418,0.001,0.001,0.0
4194834854,2837957847,1783610754765080949,1783610754765083310,203,order,benchmark,True,0.0,0.0,,,mock,0.0,,1783610754765080949,InstrumentType.Spot,866585320701886925,OrderType.Limit,Direction.Long,65000.72,527306848,Side.Sell,,OrderStatus.Submitted,65000.72,1653898000,BTC-USDT,TimeCondition.GTC,1783610754765080949,0.001,0.001,0.0
4194834854,2837957847,1783610754765361464,1783610754765375555,203,order,benchmark,True,0.0,0.0,,,mock,0.0,,1783610754765361464,InstrumentType.Spot,866585320701886926,OrderType.Limit,Direction.Long,65000.53,527308624,Side.Buy,,OrderStatus.Submitted,65000.53,1653898000,BTC-USDT,TimeCondition.GTC,1783610754765361464,0.001,0.001,0.0
4194834854,2837957847,1783610754765664632,1783610754765666726,203,order,benchmark,True,0.0,0.0,,,mock,0.0,,1783610754765664632,InstrumentType.Spot,866585320701886927,OrderType.Limit,Direction.Long,65000.74,527310400,Side.Sell,,OrderStatus.Submitted,65000.74,1653898000,BTC-USDT,TimeCondition.GTC,1783610754765664632,0.001,0.001,0.0
4194834854,2837957847,1783610754766076820,1783610754766078954,203,order,benchmark,True,0.0,0.0,,,mock,0.0,,1783610754766076820,InstrumentType.Spot,866585320701886928,OrderType.Limit,Direction.Long,65000.55,527312176,Side.Buy,,OrderStatus.Submitted,65000.55,1653898000,BTC-USDT,TimeCondition.GTC,1783610754766076820,0.001,0.001,0.0
4194834854,2837957847,1783610754766271823,1783610754766273823,203,order,benchmark,True,0.0,0.0,,,mock,0.0,,1783610754766271823,InstrumentType.Spot,866585320701886929,OrderType.Limit,Direction.Long,65000.76,527313952,Side.Sell,,OrderStatus.Submitted,65000.76,1653898000,BTC-USDT,TimeCondition.GTC,1783610754766271823,0.001,0.001,0.0
4194834854,2837957847,1783610754766557401,1783610754766559230,203,order,benchmark,True,0.0,0.0,,,mock,0.0,,1783610754766557401,InstrumentType.Spot,866585320701886930,OrderType.Limit,Direction.Long,65000.57,527315728,Side.Buy,,OrderStatus.Submitted,65000.57,1653898000,BTC-USDT,TimeCondition.GTC,1783610754766557401,0.001,0.001,0.0
4194834854,2837957847,1783610754766868798,1783610754766871113,203,order,benchmark,True,0.0,0.0,,,mock,0.0,,1783610754766868798,InstrumentType.Spot,866585320701886931,OrderType.Limit,Direction.Long,65000.78,527317504,Side.Sell,,OrderStatus.Submitted,65000.78,1653898000,BTC-USDT,TimeCondition.GTC,1783610754766868798,0.001,0.001,0.0
4194834854,2837957847,1783610754767156193,1783610754767158411,203,order,benchmark,True,0.0,0.0,,,mock,0.0,,1783610754767156193,InstrumentType.Spot,866585320701886932,OrderType.Limit,Direction.Long,65000.590000000004,527319280,Side.Buy,,OrderStatus.Submitted,65000.590000000004,1653898000,BTC-USDT,TimeCondition.GTC,1783610754767156193,0.001,0.001,0.0
4194834854,2837957847,1783610754767460933,1783610754767462949,203,order,benchmark,True,0.0,0.0,,,mock,0.0,,1783610754767460933,InstrumentType.Spot,866585320701886933,OrderType.Limit,Direction.Long,65000.799999999996,527321056,Side.Sell,,OrderStatus.Submitted,65000.799999999996,1653898000,BTC-USDT,TimeCondition.GTC,1783610754767460933,0.001,0.001,0.0
4194834854,2837957847,1783610754767881980,1783610754767884483,203,order,benchmark,True,0.0,0.0,,,mock,0.0,,1783610754767881980,InstrumentType.Spot,866585320701886934,OrderType.Limit,Direction.Long,65000.61,527322832,Side.Buy,,OrderStatus.Submitted,65000.61,1653898000,BTC-USDT,TimeCondition.GTC,1783610754767881980,0.001,0.001,0.0
4194834854,2837957847,1783610754768121389,1783610754768123554,203,order,benchmark,True,0.0,0.0,,,mock,0.0,,1783610754768121389,InstrumentType.Spot,866585320701886935,OrderType.Limit,Direction.Long,65000.82,527324608,Side.Sell,,OrderStatus.Submitted,65000.82,1653898000,BTC-USDT,TimeCondition.GTC,1783610754768121389,0.001,0.001,0.0
4194834854,2837957847,1783610754768360988,1783610754768363196,203,order,benchmark,True,0.0,0.0,,,mock,0.0,,1783610754768360988,InstrumentType.Spot,866585320701886936,OrderType.Limit,Direction.Long,65000.630000000005,527326384,Side.Buy,,OrderStatus.Submitted,65000.630000000005,1653898000,BTC-USDT,TimeCondition.GTC,1783610754768360988,0.001,0.001,0.0
4194834854,2837957847,1783610754768659934,1783610754768661978,203,order,benchmark,True,0.0,0.0,,,mock,0.0,,1783610754768659934,InstrumentType.Spot,866585320701886937,OrderType.Limit,Direction.Long,65000.84,527328160,Side.Sell,,OrderStatus.Submitted,65000.84,1653898000,BTC-USDT,TimeCondition.GTC,1783610754768659934,0.001,0.001,0.0
4194834854,2837957847,1783610754768957328,1783610754768959432,203,order,benchmark,True,0.0,0.0,,,mock,0.0,,1783610754768957328,InstrumentType.Spot,866585320701886938,OrderType.Limit,Direction.Long,65000.65,527329936,Side.Buy,,OrderStatus.Submitted,65000.65,1653898000,BTC-USDT,TimeCondition.GTC,1783610754768957328,0.001,0.001,0.0
4194834854,2837957847,1783610754769259592,1783610754769270410,203,order,benchmark,True,0.0,0.0,,,mock,0.0,,1783610754769259592,InstrumentType.Spot,866585320701886939,OrderType.Limit,Direction.Long,65000.86,527331712,Side.Sell,,OrderStatus.Submitted,65000.86,1653898000,BTC-USDT,TimeCondition.GTC,1783610754769259592,0.001,0.001,0.0
4194834854,2837957847,1783610754769556270,1783610754769558183,203,order,benchmark,True,0.0,0.0,,,mock,0.0,,1783610754769556270,InstrumentType.Spot,866585320701886940,OrderType.Limit,Direction.Long,65000.67,527333488,Side.Buy,,OrderStatus.Submitted,65000.67,1653898000,BTC-USDT,TimeCondition.GTC,1783610754769556270,0.001,0.001,0.0
4194834854,2837957847,1783610754769872900,1783610754769875259,203,order,benchmark,True,0.0,0.0,,,mock,0.0,,1783610754769872900,InstrumentType.Spot,866585320701886941,OrderType.Limit,Direction.Long,65000.88,527335264,Side.Sell,,OrderStatus.Submitted,65000.88,1653898000,BTC-USDT,TimeCondition.GTC,1783610754769872900,0.001,0.001,0.0
4194834854,2837957847,1783610754770157374,1783610754770159470,203,order,benchmark,True,0.0,0.0,,,mock,0.0,,1783610754770157374,InstrumentType.Spot,866585320701886942,OrderType.Limit,Direction.Long,65000.69,527337040,Side.Buy,,OrderStatus.Submitted,65000.69,1653898000,BTC-USDT,TimeCondition.GTC,1783610754770157374,0.001,0.001,0.0
4194834854,2837957847,1783610754770456907,1783610754770459671,203,order,benchmark,True,0.0,0.0,,,mock,0.0,,1783610754770456907,InstrumentType.Spot,866585320701886943,OrderType.Limit,Direction.Long,65000.9,527338816,Side.Sell,,OrderStatus.Submitted,65000.9,1653898000,BTC-USDT,TimeCondition.GTC,1783610754770456907,0.001,0.001,0.0
4194834854,2837957847,1783610754770759538,1783610754770761570,203,order,benchmark,True,0.0,0.0,,,mock,0.0,,1783610754770759538,InstrumentType.Spot,866585320701886944,OrderType.Limit,Direction.Long,65000.71,527340592,Side.Buy,,OrderStatus.Submitted,65000.71,1653898000,BTC-USDT,TimeCondition.GTC,1783610754770759538,0.001,0.001,0.0
4194834854,2837957847,1783610754771065915,1783610754771068122,203,order,benchmark,True,0.0,0.0,,,mock,0.0,,1783610754771065915,InstrumentType.Spot,866585320701886945,OrderType.Limit,Direction.Long,65000.92,527342368,Side.Sell,,OrderStatus.Submitted,65000.92,1653898000,BTC-USDT,TimeCondition.GTC,1783610754771065915,0.001,0.001,0.0
4194834854,2837957847,1783610754771354161,1783610754771356200,203,order,benchmark,True,0.0,0.0,,,mock,0.0,,1783610754771354161,InstrumentType.Spot,866585320701886946,OrderType.Limit,Direction.Long,65000.73,527344144,Side.Buy,,OrderStatus.Submitted,65000.73,1653898000,BTC-USDT,TimeCondition.GTC,1783610754771354161,0.001,0.001,0.0
4194834854,2837957847,1783610754771660268,1783610754771662235,203,order,benchmark,True,0.0,0.0,,,mock,0.0,,1783610754771660268,InstrumentType.Spot,866585320701886947,OrderType.Limit,Direction.Long,65000.939999999995,527345920,Side.Sell,,OrderStatus.Submitted,65000.939999999995,1653898000,BTC-USDT,TimeCondition.GTC,1783610754771660268,0.001,0.001,0.0
4194834854,2837957847,1783610754771956013,1783610754771957839,203,order,benchmark,True,0.0,0.0,,,mock,0.0,,1783610754771956013,InstrumentType.Spot,866585320701886948,OrderType.Limit,Direction.Long,65000.75,527347696,Side.Buy,,OrderStatus.Submitted,65000.75,1653898000,BTC-USDT,TimeCondition.GTC,1783610754771956013,0.001,0.001,0.0
4194834854,2837957847,1783610754772257713,1783610754772259876,203,order,benchmark,True,0.0,0.0,,,mock,0.0,,1783610754772257713,InstrumentType.Spot,866585320701886949,OrderType.Limit,Direction.Long,65000.96,527349472,Side.Sell,,OrderStatus.Submitted,65000.96,1653898000,BTC-USDT,TimeCondition.GTC,1783610754772257713,0.001,0.001,0.0
4194834854,2837957847,1783610754772568678,1783610754772570878,203,order,benchmark,True,0.0,0.0,,,mock,0.0,,1783610754772568678,InstrumentType.Spot,866585320701886950,OrderType.Limit,Direction.Long,65000.770000000004,527351248,Side.Buy,,OrderStatus.Submitted,65000.770000000004,1653898000,BTC-USDT,TimeCondition.GTC,1783610754772568678,0.001,0.001,0.0
4194834854,2837957847,1783610754772856017,1783610754772857927,203,order,benchmark,True,0.0,0.0,,,mock,0.0,,1783610754772856017,InstrumentType.Spot,866585320701886951,OrderType.Limit,Direction.Long,65000.979999999996,527353024,Side.Sell,,OrderStatus.Submitted,65000.979999999996,1653898000,BTC-USDT,TimeCondition.GTC,1783610754772856017,0.001,0.001,0.0
4194834854,2837957847,1783610754773162587,1783610754773173693,203,order,benchmark,True,0.0,0.0,,,mock,0.0,,1783610754773162587,InstrumentType.Spot,866585320701886952,OrderType.Limit,Direction.Long,65000.79,527354800,Side.Buy,,OrderStatus.Submitted,65000.79,1653898000,BTC-USDT,TimeCondition.GTC,1783610754773162587,0.001,0.001,0.0
4194834854,2837957847,1783610754773600316,1783610754773603485,203,order,benchmark,True,0.0,0.0,,,mock,0.0,,1783610754773600316,InstrumentType.Spot,866585320701886953,OrderType.Limit,Direction.Long,65001.0,527356576,Side.Sell,,OrderStatus.Submitted,65001.0,1653898000,BTC-USDT,TimeCondition.GTC,1783610754773600316,0.001,0.001,0.0
4194834854,2837957847,1783610754774018944,1783610754774021739,203,order,benchmark,True,0.0,0.0,,,mock,0.0,,1783610754774018944,InstrumentType.Spot,866585320701886954,OrderType.Limit,Direction.Long,65000.810000000005,527358352,Side.Buy,,OrderStatus.Submitted,65000.810000000005,1653898000,BTC-USDT,TimeCondition.GTC,1783610754774018944,0.001,0.001,0.0
4194834854,2837957847,1783610754774041741,1783610754774043218,203,order,benchmark,True,0.0,0.0,,,mock,0.0,,1783610754774041741,InstrumentType.Spot,866585320701886955,OrderType.Limit,Direction.Long,65001.02,527360096,Side.Sell,,OrderStatus.Submitted,65001.02,1653898000,BTC-USDT,TimeCondition.GTC,1783610754774041741,0.001,0.001,0.0
4194834854,2837957847,1783610754774304697,1783610754774306646,203,order,benchmark,True,0.0,0.0,,,mock,0.0,,1783610754774304697,InstrumentType.Spot,866585320701886956,OrderType.Limit,Direction.Long,65000.83,527361904,Side.Buy,,OrderStatus.Submitted,65000.83,1653898000,BTC-USDT,TimeCondition.GTC,1783610754774304697,0.001,0.001,0.0
4194834854,2837957847,1783610754774796225,1783610754774799113,203,order,benchmark,True,0.0,0.0,,,mock,0.0,,1783610754774796225,InstrumentType.Spot,866585320701886957,OrderType.Limit,Direction.Long,65001.04,527363680,Side.Sell,,OrderStatus.Submitted,65001.04,1653898000,BTC-USDT,TimeCondition.GTC,1783610754774796225,0.001,0.001,0.0
4194834854,2837957847,1783610754775142935,1783610754775146250,203,order,benchmark,True,0.0,0.0,,,mock,0.0,,1783610754775142935,InstrumentType.Spot,866585320701886958,OrderType.Limit,Direction.Long,65000.85,527365456,Side.Buy,,OrderStatus.Submitted,65000.85,1653898000,BTC-USDT,TimeCondition.GTC,1783610754775142935,0.001,0.001,0.0
4194834854,2837957847,1783610754775269356,1783610754775272162,203,order,benchmark,True,0.0,0.0,,,mock,0.0,,1783610754775269356,InstrumentType.Spot,866585320701886959,OrderType.Limit,Direction.Long,65001.06,527367232,Side.Sell,,OrderStatus.Submitted,65001.06,1653898000,BTC-USDT,TimeCondition.GTC,1783610754775269356,0.001,0.001,0.0
4194834854,2837957847,1783610754775575248,1783610754775577530,203,order,benchmark,True,0.0,0.0,,,mock,0.0,,1783610754775575248,InstrumentType.Spot,866585320701886960,OrderType.Limit,Direction.Long,65000.87,527369008,Side.Buy,,OrderStatus.Submitted,65000.87,1653898000,BTC-USDT,TimeCondition.GTC,1783610754775575248,0.001,0.001,0.0
4194834854,2837957847,1783610754775869485,1783610754775871654,203,order,benchmark,True,0.0,0.0,,,mock,0.0,,1783610754775869485,InstrumentType.Spot,866585320701886961,OrderType.Limit,Direction.Long,65001.08,527370784,Side.Sell,,OrderStatus.Submitted,65001.08,1653898000,BTC-USDT,TimeCondition.GTC,1783610754775869485,0.001,0.001,0.0
4194834854,2837957847,1783610754776170963,1783610754776173897,203,order,benchmark,True,0.0,0.0,,,mock,0.0,,1783610754776170963,InstrumentType.Spot,866585320701886962,OrderType.Limit,Direction.Long,65000.89,527372560,Side.Buy,,OrderStatus.Submitted,65000.89,1653898000,BTC-USDT,TimeCondition.GTC,1783610754776170963,0.001,0.001,0.0
4194834854,2837957847,1783610754776467229,1783610754776470147,203,order,benchmark,True,0.0,0.0,,,mock,0.0,,1783610754776467229,InstrumentType.Spot,866585320701886963,OrderType.Limit,Direction.Long,65000.1,527374336,Side.Sell,,OrderStatus.Submitted,65000.1,1653898000,BTC-USDT,TimeCondition.GTC,1783610754776467229,0.001,0.001,0.0
4194834854,2837957847,1783610754776776798,1783610754776779647,203,order,benchmark,True,0.0,0.0,,,mock,0.0,,1783610754776776798,InstrumentType.Spot,866585320701886964,OrderType.Limit,Direction.Long,64999.91,527376112,Side.Buy,,OrderStatus.Submitted,64999.91,1653898000,BTC-USDT,TimeCondition.GTC,1783610754776776798,0.001,0.001,0.0
4194834854,2837957847,1783610754777074881,1783610754777087845,203,order,benchmark,True,0.0,0.0,,,mock,0.0,,1783610754777074881,InstrumentType.Spot,866585320701886965,OrderType.Limit,Direction.Long,65000.119999999995,527377888,Side.Sell,,OrderStatus.Submitted,65000.119999999995,1653898000,BTC-USDT,TimeCondition.GTC,1783610754777074881,0.001,0.001,0.0
4194834854,2837957847,1783610754777373347,1783610754777375666,203,order,benchmark,True,0.0,0.0,,,mock,0.0,,1783610754777373347,InstrumentType.Spot,866585320701886966,OrderType.Limit,Direction.Long,64999.93,527379664,Side.Buy,,OrderStatus.Submitted,64999.93,1653898000,BTC-USDT,TimeCondition.GTC,1783610754777373347,0.001,0.001,0.0
4194834854,2837957847,1783610754777791677,1783610754777794521,203,order,benchmark,True,0.0,0.0,,,mock,0.0,,1783610754777791677,InstrumentType.Spot,866585320701886967,OrderType.Limit,Direction.Long,65000.14,527381440,Side.Sell,,OrderStatus.Submitted,65000.14,1653898000,BTC-USDT,TimeCondition.GTC,1783610754777791677,0.001,0.001,0.0
4194834854,2837957847,1783610754778041369,1783610754778043719,203,order,benchmark,True,0.0,0.0,,,mock,0.0,,1783610754778041369,InstrumentType.Spot,866585320701886968,OrderType.Limit,Direction.Long,64999.950000000004,527383216,Side.Buy,,OrderStatus.Submitted,64999.950000000004,1653898000,BTC-USDT,TimeCondition.GTC,1783610754778041369,0.001,0.001,0.0
4194834854,2837957847,1783610754778199357,1783610754778202405,203,order,benchmark,True,0.0,0.0,,,mock,0.0,,1783610754778199357,InstrumentType.Spot,866585320701886969,OrderType.Limit,Direction.Long,65000.159999999996,527384992,Side.Sell,,OrderStatus.Submitted,65000.159999999996,1653898000,BTC-USDT,TimeCondition.GTC,1783610754778199357,0.001,0.001,0.0
4194834854,2837957847,1783610754778567579,1783610754778569605,203,order,benchmark,True,0.0,0.0,,,mock,0.0,,1783610754778567579,InstrumentType.Spot,866585320701886970,OrderType.Limit,Direction.Long,64999.97,527386768,Side.Buy,,OrderStatus.Submitted,64999.97,1653898000,BTC-USDT,TimeCondition.GTC,1783610754778567579,0.001,0.001,0.0
4194834854,2837957847,1783610754778866509,1783610754778868734,203,order,benchmark,True,0.0,0.0,,,mock,0.0,,1783610754778866509,InstrumentType.Spot,866585320701886971,OrderType.Limit,Direction.Long,65000.18,527388544,Side.Sell,,OrderStatus.Submitted,65000.18,1653898000,BTC-USDT,TimeCondition.GTC,1783610754778866509,0.001,0.001,0.0
4194834854,2837957847,1783610754779159240,1783610754779161182,203,order,benchmark,True,0.0,0.0,,,mock,0.0,,1783610754779159240,InstrumentType.Spot,866585320701886972,OrderType.Limit,Direction.Long,64999.99,527390320,Side.Buy,,OrderStatus.Submitted,64999.99,1653898000,BTC-USDT,TimeCondition.GTC,1783610754779159240,0.001,0.001,0.0
4194834854,2837957847,1783610754779459843,1783610754779461947,203,order,benchmark,True,0.0,0.0,,,mock,0.0,,1783610754779459843,InstrumentType.Spot,866585320701886973,OrderType.Limit,Direction.Long,65000.2,527392096,Side.Sell,,OrderStatus.Submitted,65000.2,1653898000,BTC-USDT,TimeCondition.GTC,1783610754779459843,0.001,0.001,0.0
4194834854,2837957847,1783610754779758995,1783610754779761069,203,order,benchmark,True,0.0,0.0,,,mock,0.0,,1783610754779758995,InstrumentType.Spot,866585320701886974,OrderType.Limit,Direction.Long,65000.01,527393872,Side.Buy,,OrderStatus.Submitted,65000.01,1653898000,BTC-USDT,TimeCondition.GTC,1783610754779758995,0.001,0.001,0.0
4194834854,2837957847,1783610754780074761,1783610754780076842,203,order,benchmark,True,0.0,0.0,,,mock,0.0,,1783610754780074761,InstrumentType.Spot,866585320701886975,OrderType.Limit,Direction.Long,65000.22,527395648,Side.Sell,,OrderStatus.Submitted,65000.22,1653898000,BTC-USDT,TimeCondition.GTC,1783610754780074761,0.001,0.001,0.0
4194834854,2837957847,1783610754780567189,1783610754780571110,203,order,benchmark,True,0.0,0.0,,,mock,0.0,,1783610754780567189,InstrumentType.Spot,866585320701886976,OrderType.Limit,Direction.Long,65000.03,527397424,Side.Buy,,OrderStatus.Submitted,65000.03,1653898000,BTC-USDT,TimeCondition.GTC,1783610754780567189,0.001,0.001,0.0
4194834854,2837957847,1783610754780913165,1783610754780915445,203,order,benchmark,True,0.0,0.0,,,mock,0.0,,1783610754780913165,InstrumentType.Spot,866585320701886977,OrderType.Limit,Direction.Long,65000.24,527399200,Side.Sell,,OrderStatus.Submitted,65000.24,1653898000,BTC-USDT,TimeCondition.GTC,1783610754780913165,0.001,0.001,0.0
4194834854,2837957847,1783610754780929990,1783610754780931425,203,order,benchmark,True,0.0,0.0,,,mock,0.0,,1783610754780929990,InstrumentType.Spot,866585320701886978,OrderType.Limit,Direction.Long,65000.05,527400944,Side.Buy,,OrderStatus.Submitted,65000.05,1653898000,BTC-USDT,TimeCondition.GTC,1783610754780929990,0.001,0.001,0.0
4194834854,2837957847,1783610754781274978,1783610754781285998,203,order,benchmark,True,0.0,0.0,,,mock,0.0,,1783610754781274978,InstrumentType.Spot,866585320701886979,OrderType.Limit,Direction.Long,65000.26,527402752,Side.Sell,,OrderStatus.Submitted,65000.26,1653898000,BTC-USDT,TimeCondition.GTC,1783610754781274978,0.001,0.001,0.0
4194834854,2837957847,1783610754781826529,1783610754781828910,203,order,benchmark,True,0.0,0.0,,,mock,0.0,,1783610754781826529,InstrumentType.Spot,866585320701886980,OrderType.Limit,Direction.Long,65000.07,527404528,Side.Buy,,OrderStatus.Submitted,65000.07,1653898000,BTC-USDT,TimeCondition.GTC,1783610754781826529,0.001,0.001,0.0
4194834854,2837957847,1783610754782171792,1783610754782174217,203,order,benchmark,True,0.0,0.0,,,mock,0.0,,1783610754782171792,InstrumentType.Spot,866585320701886981,OrderType.Limit,Direction.Long,65000.28,527406304,Side.Sell,,OrderStatus.Submitted,65000.28,1653898000,BTC-USDT,TimeCondition.GTC,1783610754782171792,0.001,0.001,0.0
4194834854,2837957847,1783610754782444672,1783610754782452254,203,order,benchmark,True,0.0,0.0,,,mock,0.0,,1783610754782444672,InstrumentType.Spot,866585320701886982,OrderType.Limit,Direction.Long,65000.090000000004,527408080,Side.Buy,,OrderStatus.Submitted,65000.090000000004,1653898000,BTC-USDT,TimeCondition.GTC,1783610754782444672,0.001,0.001,0.0
4194834854,2837957847,1783610754782484821,1783610754782487162,203,order,benchmark,True,0.0,0.0,,,mock,0.0,,1783610754782484821,InstrumentType.Spot,866585320701886983,OrderType.Limit,Direction.Long,65000.299999999996,527409856,Side.Sell,,OrderStatus.Submitted,65000.299999999996,1653898000,BTC-USDT,TimeCondition.GTC,1783610754782484821,0.001,0.001,0.0
4194834854,2837957847,1783610754782723888,1783610754782725930,203,order,benchmark,True,0.0,0.0,,,mock,0.0,,1783610754782723888,InstrumentType.Spot,866585320701886984,OrderType.Limit,Direction.Long,65000.11,527411632,Side.Buy,,OrderStatus.Submitted,65000.11,1653898000,BTC-USDT,TimeCondition.GTC,1783610754782723888,0.001,0.001,0.0
4194834854,2837957847,1783610754783071560,1783610754783073680,203,order,benchmark,True,0.0,0.0,,,mock,0.0,,1783610754783071560,InstrumentType.Spot,866585320701886985,OrderType.Limit,Direction.Long,65000.32,527299232,Side.Sell,,OrderStatus.Submitted,65000.32,1653898000,BTC-USDT,TimeCondition.GTC,1783610754783071560,0.001,0.001,0.0
4194834854,2837957847,1783610754783360352,1783610754783362294,203,order,benchmark,True,0.0,0.0,,,mock,0.0,,1783610754783360352,InstrumentType.Spot,866585320701886986,OrderType.Limit,Direction.Long,65000.130000000005,527301008,Side.Buy,,OrderStatus.Submitted,65000.130000000005,1653898000,BTC-USDT,TimeCondition.GTC,1783610754783360352,0.001,0.001,0.0
4194834854,2837957847,1783610754783657758,1783610754783659728,203,order,benchmark,True,0.0,0.0,,,mock,0.0,,1783610754783657758,InstrumentType.Spot,866585320701886987,OrderType.Limit,Direction.Long,65000.34,527302784,Side.Sell,,OrderStatus.Submitted,65000.34,1653898000,BTC-USDT,TimeCondition.GTC,1783610754783657758,0.001,0.001,0.0
4194834854,2837957847,1783610754783976611,1783610754783978885,203,order,benchmark,True,0.0,0.0,,,mock,0.0,,1783610754783976611,InstrumentType.Spot,866585320701886988,OrderType.Limit,Direction.Long,65000.15,527419312,Side.Buy,,OrderStatus.Submitted,65000.15,1653898000,BTC-USDT,TimeCondition.GTC,1783610754783976611,0.001,0.001,0.0
4194834854,2837957847,1783610754784365344,1783610754784367676,203,order,benchmark,True,0.0,0.0,,,mock,0.0,,1783610754784365344,InstrumentType.Spot,866585320701886989,OrderType.Limit,Direction.Long,65000.36,527421088,Side.Sell,,OrderStatus.Submitted,65000.36,1653898000,BTC-USDT,TimeCondition.GTC,1783610754784365344,0.001,0.001,0.0
4194834854,2837957847,1783610754784874625,1783610754784876785,203,order,benchmark,True,0.0,0.0,,,mock,0.0,,1783610754784874625,InstrumentType.Spot,866585320701886990,OrderType.Limit,Direction.Long,65000.17,527422864,Side.Buy,,OrderStatus.Submitted,65000.17,1653898000,BTC-USDT,TimeCondition.GTC,1783610754784874625,0.001,0.001,0.0
4194834854,2837957847,1783610754784898506,1783610754784900904,203,order,benchmark,True,0.0,0.0,,,mock,0.0,,1783610754784898506,InstrumentType.Spot,866585320701886991,OrderType.Limit,Direction.Long,65000.38,527424608,Side.Sell,,OrderStatus.Submitted,65000.38,1653898000,BTC-USDT,TimeCondition.GTC,1783610754784898506,0.001,0.001,0.0
4194834854,2837957847,1783610754785134453,1783610754785147905,203,order,benchmark,True,0.0,0.0,,,mock,0.0,,1783610754785134453,InstrumentType.Spot,866585320701886992,OrderType.Limit,Direction.Long,65000.19,527426416,Side.Buy,,OrderStatus.Submitted,65000.19,1653898000,BTC-USDT,TimeCondition.GTC,1783610754785134453,0.001,0.001,0.0
4194834854,2837957847,1783610754785459168,1783610754785461131,203,order,benchmark,True,0.0,0.0,,,mock,0.0,,1783610754785459168,InstrumentType.Spot,866585320701886993,OrderType.Limit,Direction.Long,65000.4,527428192,Side.Sell,,OrderStatus.Submitted,65000.4,1653898000,BTC-USDT,TimeCondition.GTC,1783610754785459168,0.001,0.001,0.0
4194834854,2837957847,1783610754785757493,1783610754785759590,203,order,benchmark,True,0.0,0.0,,,mock,0.0,,1783610754785757493,InstrumentType.Spot,866585320701886994,OrderType.Limit,Direction.Long,65000.21,527429968,Side.Buy,,OrderStatus.Submitted,65000.21,1653898000,BTC-USDT,TimeCondition.GTC,1783610754785757493,0.001,0.001,0.0
4194834854,2837957847,1783610754786067556,1783610754786069689,203,order,benchmark,True,0.0,0.0,,,mock,0.0,,1783610754786067556,InstrumentType.Spot,866585320701886995,OrderType.Limit,Direction.Long,65000.42,527431744,Side.Sell,,OrderStatus.Submitted,65000.42,1653898000,BTC-USDT,TimeCondition.GTC,1783610754786067556,0.001,0.001,0.0
4194834854,2837957847,1783610754786355836,1783610754786357674,203,order,benchmark,True,0.0,0.0,,,mock,0.0,,1783610754786355836,InstrumentType.Spot,866585320701886996,OrderType.Limit,Direction.Long,65000.23,527433520,Side.Buy,,OrderStatus.Submitted,65000.23,1653898000,BTC-USDT,TimeCondition.GTC,1783610754786355836,0.001,0.001,0.0
4194834854,2837957847,1783610754786660782,1783610754786662857,203,order,benchmark,True,0.0,0.0,,,mock,0.0,,1783610754786660782,InstrumentType.Spot,866585320701886997,OrderType.Limit,Direction.Long,65000.439999999995,527435296,Side.Sell,,OrderStatus.Submitted,65000.439999999995,1653898000,BTC-USDT,TimeCondition.GTC,1783610754786660782,0.001,0.001,0.0
4194834854,2837957847,1783610754786967732,1783610754786969624,203,order,benchmark,True,0.0,0.0,,,mock,0.0,,1783610754786967732,InstrumentType.Spot,866585320701886998,OrderType.Limit,Direction.Long,65000.25,527437072,Side.Buy,,OrderStatus.Submitted,65000.25,1653898000,BTC-USDT,TimeCondition.GTC,1783610754786967732,0.001,0.001,0.0
4194834854,2837957847,1783610754787261359,1783610754787263525,203,order,benchmark,True,0.0,0.0,,,mock,0.0,,1783610754787261359,InstrumentType.Spot,866585320701886999,OrderType.Limit,Direction.Long,65000.46,527438848,Side.Sell,,OrderStatus.Submitted,65000.46,1653898000,BTC-USDT,TimeCondition.GTC,1783610754787261359,0.001,0.001,0.0
4194834854,2837957847,1783610754787557395,1783610754787559370,203,order,benchmark,True,0.0,0.0,,,mock,0.0,,1783610754787557395,InstrumentType.Spot,866585320701887000,OrderType.Limit,Direction.Long,65000.270000000004,527440624,Side.Buy,,OrderStatus.Submitted,65000.270000000004,1653898000,BTC-USDT,TimeCondition.GTC,1783610754787557395,0.001,0.001,0.0
4194834854,2837957847,1783610754787857317,1783610754787859154,203,order,benchmark,True,0.0,0.0,,,mock,0.0,,1783610754787857317,InstrumentType.Spot,866585320701887001,OrderType.Limit,Direction.Long,65000.479999999996,527442400,Side.Sell,,OrderStatus.Submitted,65000.479999999996,1653898000,BTC-USDT,TimeCondition.GTC,1783610754787857317,0.001,0.001,0.0
4194834854,2837957847,1783610754788165789,1783610754788167890,203,order,benchmark,True,0.0,0.0,,,mock,0.0,,1783610754788165789,InstrumentType.Spot,866585320701887002,OrderType.Limit,Direction.Long,65000.29,527444176,Side.Buy,,OrderStatus.Submitted,65000.29,1653898000,BTC-USDT,TimeCondition.GTC,1783610754788165789,0.001,0.001,0.0
4194834854,2837957847,1783610754788455945,1783610754788457957,203,order,benchmark,True,0.0,0.0,,,mock,0.0,,1783610754788455945,InstrumentType.Spot,866585320701887003,OrderType.Limit,Direction.Long,65000.5,527445952,Side.Sell,,OrderStatus.Submitted,65000.5,1653898000,BTC-USDT,TimeCondition.GTC,1783610754788455945,0.001,0.001,0.0
4194834854,2837957847,1783610754788756247,1783610754788758215,203,order,benchmark,True,0.0,0.0,,,mock,0.0,,1783610754788756247,InstrumentType.Spot,866585320701887004,OrderType.Limit,Direction.Long,65000.310000000005,527447728,Side.Buy,,OrderStatus.Submitted,65000.310000000005,1653898000,BTC-USDT,TimeCondition.GTC,1783610754788756247,0.001,0.001,0.0
4194834854,2837957847,1783610754789198724,1783610754789212292,203,order,benchmark,True,0.0,0.0,,,mock,0.0,,1783610754789198724,InstrumentType.Spot,866585320701887005,OrderType.Limit,Direction.Long,65000.52,527449504,Side.Sell,,OrderStatus.Submitted,65000.52,1653898000,BTC-USDT,TimeCondition.GTC,1783610754789198724,0.001,0.001,0.0
4194834854,2837957847,1783610754789422174,1783610754789424004,203,order,benchmark,True,0.0,0.0,,,mock,0.0,,1783610754789422174,InstrumentType.Spot,866585320701887006,OrderType.Limit,Direction.Long,65000.33,527451280,Side.Buy,,OrderStatus.Submitted,65000.33,1653898000,BTC-USDT,TimeCondition.GTC,1783610754789422174,0.001,0.001,0.0
4194834854,2837957847,1783610754789675038,1783610754789677328,203,order,benchmark,True,0.0,0.0,,,mock,0.0,,1783610754789675038,InstrumentType.Spot,866585320701887007,OrderType.Limit,Direction.Long,65000.54,527453056,Side.Sell,,OrderStatus.Submitted,65000.54,1653898000,BTC-USDT,TimeCondition.GTC,1783610754789675038,0.001,0.001,0.0
4194834854,2837957847,1783610754789955384,1783610754789957310,203,order,benchmark,True,0.0,0.0,,,mock,0.0,,1783610754789955384,InstrumentType.Spot,866585320701887008,OrderType.Limit,Direction.Long,65000.35,527454832,Side.Buy,,OrderStatus.Submitted,65000.35,1653898000,BTC-USDT,TimeCondition.GTC,1783610754789955384,0.001,0.001,0.0
4194834854,2837957847,1783610754790261898,1783610754790264006,203,order,benchmark,True,0.0,0.0,,,mock,0.0,,1783610754790261898,InstrumentType.Spot,866585320701887009,OrderType.Limit,Direction.Long,65000.56,527456608,Side.Sell,,OrderStatus.Submitted,65000.56,1653898000,BTC-USDT,TimeCondition.GTC,1783610754790261898,0.001,0.001,0.0
4194834854,2837957847,1783610754790816575,1783610754790818928,203,order,benchmark,True,0.0,0.0,,,mock,0.0,,1783610754790816575,InstrumentType.Spot,866585320701887010,OrderType.Limit,Direction.Long,65000.37,527458384,Side.Buy,,OrderStatus.Submitted,65000.37,1653898000,BTC-USDT,TimeCondition.GTC,1783610754790816575,0.001,0.001,0.0
4194834854,2837957847,1783610754790832076,1783610754790833729,203,order,benchmark,True,0.0,0.0,,,mock,0.0,,1783610754790832076,InstrumentType.Spot,866585320701887011,OrderType.Limit,Direction.Long,65000.58,527460160,Side.Sell,,OrderStatus.Submitted,65000.58,1653898000,BTC-USDT,TimeCondition.GTC,1783610754790832076,0.001,0.001,0.0
4194834854,2837957847,1783610754791183582,1783610754791201121,203,order,benchmark,True,0.0,0.0,,,mock,0.0,,1783610754791183582,InstrumentType.Spot,866585320701887012,OrderType.Limit,Direction.Long,65000.39,527461936,Side.Buy,,OrderStatus.Submitted,65000.39,1653898000,BTC-USDT,TimeCondition.GTC,1783610754791183582,0.001,0.001,0.0
4194834854,2837957847,1783610754791463630,1783610754791465652,203,order,benchmark,True,0.0,0.0,,,mock,0.0,,1783610754791463630,InstrumentType.Spot,866585320701887013,OrderType.Limit,Direction.Long,65000.6,527463712,Side.Sell,,OrderStatus.Submitted,65000.6,1653898000,BTC-USDT,TimeCondition.GTC,1783610754791463630,0.001,0.001,0.0
4194834854,2837957847,1783610754791759081,1783610754791760965,203,order,benchmark,True,0.0,0.0,,,mock,0.0,,1783610754791759081,InstrumentType.Spot,866585320701887014,OrderType.Limit,Direction.Long,65000.41,527465488,Side.Buy,,OrderStatus.Submitted,65000.41,1653898000,BTC-USDT,TimeCondition.GTC,1783610754791759081,0.001,0.001,0.0
4194834854,2837957847,1783610754792070423,1783610754792072576,203,order,benchmark,True,0.0,0.0,,,mock,0.0,,1783610754792070423,InstrumentType.Spot,866585320701887015,OrderType.Limit,Direction.Long,65000.619999999995,527467264,Side.Sell,,OrderStatus.Submitted,65000.619999999995,1653898000,BTC-USDT,TimeCondition.GTC,1783610754792070423,0.001,0.001,0.0
4194834854,2837957847,1783610754792358014,1783610754792359899,203,order,benchmark,True,0.0,0.0,,,mock,0.0,,1783610754792358014,InstrumentType.Spot,866585320701887016,OrderType.Limit,Direction.Long,65000.43,527469040,Side.Buy,,OrderStatus.Submitted,65000.43,1653898000,BTC-USDT,TimeCondition.GTC,1783610754792358014,0.001,0.001,0.0
4194834854,2837957847,1783610754792665784,1783610754792667873,203,order,benchmark,True,0.0,0.0,,,mock,0.0,,1783610754792665784,InstrumentType.Spot,866585320701887017,OrderType.Limit,Direction.Long,65000.64,527470816,Side.Sell,,OrderStatus.Submitted,65000.64,1653898000,BTC-USDT,TimeCondition.GTC,1783610754792665784,0.001,0.001,0.0
4194834854,2837957847,1783610754792956424,1783610754792966228,203,order,benchmark,True,0.0,0.0,,,mock,0.0,,1783610754792956424,InstrumentType.Spot,866585320701887018,OrderType.Limit,Direction.Long,65000.450000000004,527472592,Side.Buy,,OrderStatus.Submitted,65000.450000000004,1653898000,BTC-USDT,TimeCondition.GTC,1783610754792956424,0.001,0.001,0.0
4194834854,2837957847,1783610754793258007,1783610754793259995,203,order,benchmark,True,0.0,0.0,,,mock,0.0,,1783610754793258007,InstrumentType.Spot,866585320701887019,OrderType.Limit,Direction.Long,65000.659999999996,527474368,Side.Sell,,OrderStatus.Submitted,65000.659999999996,1653898000,BTC-USDT,TimeCondition.GTC,1783610754793258007,0.001,0.001,0.0
4194834854,2837957847,1783610754793555028,1783610754793556963,203,order,benchmark,True,0.0,0.0,,,mock,0.0,,1783610754793555028,InstrumentType.Spot,866585320701887020,OrderType.Limit,Direction.Long,65000.47,527476144,Side.Buy,,OrderStatus.Submitted,65000.47,1653898000,BTC-USDT,TimeCondition.GTC,1783610754793555028,0.001,0.001,0.0
4194834854,2837957847,1783610754793856396,1783610754793858234,203,order,benchmark,True,0.0,0.0,,,mock,0.0,,1783610754793856396,InstrumentType.Spot,866585320701887021,OrderType.Limit,Direction.Long,65000.68,527477920,Side.Sell,,OrderStatus.Submitted,65000.68,1653898000,BTC-USDT,TimeCondition.GTC,1783610754793856396,0.001,0.001,0.0
4194834854,2837957847,1783610754794156819,1783610754794158699,203,order,benchmark,True,0.0,0.0,,,mock,0.0,,1783610754794156819,InstrumentType.Spot,866585320701887022,OrderType.Limit,Direction.Long,65000.49,527479696,Side.Buy,,OrderStatus.Submitted,65000.49,1653898000,BTC-USDT,TimeCondition.GTC,1783610754794156819,0.001,0.001,0.0
4194834854,2837957847,1783610754794448956,1783610754794451031,203,order,benchmark,True,0.0,0.0,,,mock,0.0,,1783610754794448956,InstrumentType.Spot,866585320701887023,OrderType.Limit,Direction.Long,65000.7,527481472,Side.Sell,,OrderStatus.Submitted,65000.7,1653898000,BTC-USDT,TimeCondition.GTC,1783610754794448956,0.001,0.001,0.0
4194834854,2837957847,1783610754794755332,1783610754794757482,203,order,benchmark,True,0.0,0.0,,,mock,0.0,,1783610754794755332,InstrumentType.Spot,866585320701887024,OrderType.Limit,Direction.Long,65000.51,527483248,Side.Buy,,OrderStatus.Submitted,65000.51,1653898000,BTC-USDT,TimeCondition.GTC,1783610754794755332,0.001,0.001,0.0
4194834854,2837957847,1783610754795066108,1783610754795068084,203,order,benchmark,True,0.0,0.0,,,mock,0.0,,1783610754795066108,InstrumentType.Spot,866585320701887025,OrderType.Limit,Direction.Long,65000.72,527485024,Side.Sell,,OrderStatus.Submitted,65000.72,1653898000,BTC-USDT,TimeCondition.GTC,1783610754795066108,0.001,0.001,0.0
4194834854,2837957847,1783610754795357953,1783610754795359836,203,order,benchmark,True,0.0,0.0,,,mock,0.0,,1783610754795357953,InstrumentType.Spot,866585320701887026,OrderType.Limit,Direction.Long,65000.53,527486800,Side.Buy,,OrderStatus.Submitted,65000.53,1653898000,BTC-USDT,TimeCondition.GTC,1783610754795357953,0.001,0.001,0.0
4194834854,2837957847,1783610754795834749,1783610754795838020,203,order,benchmark,True,0.0,0.0,,,mock,0.0,,1783610754795834749,InstrumentType.Spot,866585320701887027,OrderType.Limit,Direction.Long,65000.74,527488576,Side.Sell,,OrderStatus.Submitted,65000.74,1653898000,BTC-USDT,TimeCondition.GTC,1783610754795834749,0.001,0.001,0.0
4194834854,2837957847,1783610754796237480,1783610754796245964,203,order,benchmark,True,0.0,0.0,,,mock,0.0,,1783610754796237480,InstrumentType.Spot,866585320701887028,OrderType.Limit,Direction.Long,65000.55,527490352,Side.Buy,,OrderStatus.Submitted,65000.55,1653898000,BTC-USDT,TimeCondition.GTC,1783610754796237480,0.001,0.001,0.0
4194834854,2837957847,1783610754796264486,1783610754796265998,203,order,benchmark,True,0.0,0.0,,,mock,0.0,,1783610754796264486,InstrumentType.Spot,866585320701887029,OrderType.Limit,Direction.Long,65000.76,527492096,Side.Sell,,OrderStatus.Submitted,65000.76,1653898000,BTC-USDT,TimeCondition.GTC,1783610754796264486,0.001,0.001,0.0
4194834854,2837957847,1783610754796536631,1783610754796539033,203,order,benchmark,True,0.0,0.0,,,mock,0.0,,1783610754796536631,InstrumentType.Spot,866585320701887030,OrderType.Limit,Direction.Long,65000.57,527493904,Side.Buy,,OrderStatus.Submitted,65000.57,1653898000,BTC-USDT,TimeCondition.GTC,1783610754796536631,0.001,0.001,0.0
4194834854,2837957847,1783610754796861616,1783610754796871794,203,order,benchmark,True,0.0,0.0,,,mock,0.0,,1783610754796861616,InstrumentType.Spot,866585320701887031,OrderType.Limit,Direction.Long,65000.78,527495680,Side.Sell,,OrderStatus.Submitted,65000.78,1653898000,BTC-USDT,TimeCondition.GTC,1783610754796861616,0.001,0.001,0.0
4194834854,2837957847,1783610754797161316,1783610754797163387,203,order,benchmark,True,0.0,0.0,,,mock,0.0,,1783610754797161316,InstrumentType.Spot,866585320701887032,OrderType.Limit,Direction.Long,65000.590000000004,527497456,Side.Buy,,OrderStatus.Submitted,65000.590000000004,1653898000,BTC-USDT,TimeCondition.GTC,1783610754797161316,0.001,0.001,0.0
4194834854,2837957847,1783610754797462047,1783610754797464236,203,order,benchmark,True,0.0,0.0,,,mock,0.0,,1783610754797462047,InstrumentType.Spot,866585320701887033,OrderType.Limit,Direction.Long,65000.799999999996,527499232,Side.Sell,,OrderStatus.Submitted,65000.799999999996,1653898000,BTC-USDT,TimeCondition.GTC,1783610754797462047,0.001,0.001,0.0
4194834854,2837957847,1783610754797759381,1783610754797761664,203,order,benchmark,True,0.0,0.0,,,mock,0.0,,1783610754797759381,InstrumentType.Spot,866585320701887034,OrderType.Limit,Direction.Long,65000.61,527501008,Side.Buy,,OrderStatus.Submitted,65000.61,1653898000,BTC-USDT,TimeCondition.GTC,1783610754797759381,0.001,0.001,0.0
4194834854,2837957847,1783610754798078204,1783610754798081605,203,order,benchmark,True,0.0,0.0,,,mock,0.0,,1783610754798078204,InstrumentType.Spot,866585320701887035,OrderType.Limit,Direction.Long,65000.82,527502784,Side.Sell,,OrderStatus.Submitted,65000.82,1653898000,BTC-USDT,TimeCondition.GTC,1783610754798078204,0.001,0.001,0.0
4194834854,2837957847,1783610754798377116,1783610754798379475,203,order,benchmark,True,0.0,0.0,,,mock,0.0,,1783610754798377116,InstrumentType.Spot,866585320701887036,OrderType.Limit,Direction.Long,65000.630000000005,527504560,Side.Buy,,OrderStatus.Submitted,65000.630000000005,1653898000,BTC-USDT,TimeCondition.GTC,1783610754798377116,0.001,0.001,0.0
4194834854,2837957847,1783610754798665826,1783610754798667992,203,order,benchmark,True,0.0,0.0,,,mock,0.0,,1783610754798665826,InstrumentType.Spot,866585320701887037,OrderType.Limit,Direction.Long,65000.84,527506336,Side.Sell,,OrderStatus.Submitted,65000.84,1653898000,BTC-USDT,TimeCondition.GTC,1783610754798665826,0.001,0.001,0.0
4194834854,2837957847,1783610754798957958,1783610754798960185,203,order,benchmark,True,0.0,0.0,,,mock,0.0,,1783610754798957958,InstrumentType.Spot,866585320701887038,OrderType.Limit,Direction.Long,65000.65,527508112,Side.Buy,,OrderStatus.Submitted,65000.65,1653898000,BTC-USDT,TimeCondition.GTC,1783610754798957958,0.001,0.001,0.0
4194834854,2837957847,1783610754799256893,1783610754799258940,203,order,benchmark,True,0.0,0.0,,,mock,0.0,,1783610754799256893,InstrumentType.Spot,866585320701887039,OrderType.Limit,Direction.Long,65000.86,527509888,Side.Sell,,OrderStatus.Submitted,65000.86,1653898000,BTC-USDT,TimeCondition.GTC,1783610754799256893,0.001,0.001,0.0
4194834854,2837957847,1783610754799557528,1783610754799559678,203,order,benchmark,True,0.0,0.0,,,mock,0.0,,1783610754799557528,InstrumentType.Spot,866585320701887040,OrderType.Limit,Direction.Long,65000.67,527511664,Side.Buy,,OrderStatus.Submitted,65000.67,1653898000,BTC-USDT,TimeCondition.GTC,1783610754799557528,0.001,0.001,0.0
4194834854,2837957847,1783610754799854155,1783610754799856297,203,order,benchmark,True,0.0,0.0,,,mock,0.0,,1783610754799854155,InstrumentType.Spot,866585320701887041,OrderType.Limit,Direction.Long,65000.88,527513440,Side.Sell,,OrderStatus.Submitted,65000.88,1653898000,BTC-USDT,TimeCondition.GTC,1783610754799854155,0.001,0.001,0.0
4194834854,2837957847,1783610754800163671,1783610754800165853,203,order,benchmark,True,0.0,0.0,,,mock,0.0,,1783610754800163671,InstrumentType.Spot,866585320701887042,OrderType.Limit,Direction.Long,65000.69,527515216,Side.Buy,,OrderStatus.Submitted,65000.69,1653898000,BTC-USDT,TimeCondition.GTC,1783610754800163671,0.001,0.001,0.0
4194834854,2837957847,1783610754800461116,1783610754800463832,203,order,benchmark,True,0.0,0.0,,,mock,0.0,,1783610754800461116,InstrumentType.Spot,866585320701887043,OrderType.Limit,Direction.Long,65000.9,527516992,Side.Sell,,OrderStatus.Submitted,65000.9,1653898000,BTC-USDT,TimeCondition.GTC,1783610754800461116,0.001,0.001,0.0
4194834854,2837957847,1783610754800921486,1783610754800925223,203,order,benchmark,True,0.0,0.0,,,mock,0.0,,1783610754800921486,InstrumentType.Spot,866585320701887044,OrderType.Limit,Direction.Long,65000.71,527518768,Side.Buy,,OrderStatus.Submitted,65000.71,1653898000,BTC-USDT,TimeCondition.GTC,1783610754800921486,0.001,0.001,0.0
4194834854,2837957847,1783610754801140648,1783610754801172191,203,order,benchmark,True,0.0,0.0,,,mock,0.0,,1783610754801140648,InstrumentType.Spot,866585320701887045,OrderType.Limit,Direction.Long,65000.92,527520544,Side.Sell,,OrderStatus.Submitted,65000.92,1653898000,BTC-USDT,TimeCondition.GTC,1783610754801140648,0.001,0.001,0.0
4194834854,2837957847,1783610754801395817,1783610754801398095,203,order,benchmark,True,0.0,0.0,,,mock,0.0,,1783610754801395817,InstrumentType.Spot,866585320701887046,OrderType.Limit,Direction.Long,65000.73,527522320,Side.Buy,,OrderStatus.Submitted,65000.73,1653898000,BTC-USDT,TimeCondition.GTC,1783610754801395817,0.001,0.001,0.0
4194834854,2837957847,1783610754801576924,1783610754801579581,203,order,benchmark,True,0.0,0.0,,,mock,0.0,,1783610754801576924,InstrumentType.Spot,866585320701887047,OrderType.Limit,Direction.Long,65000.939999999995,527524096,Side.Sell,,OrderStatus.Submitted,65000.939999999995,1653898000,BTC-USDT,TimeCondition.GTC,1783610754801576924,0.001,0.001,0.0
4194834854,2837957847,1783610754801961042,1783610754801963077,203,order,benchmark,True,0.0,0.0,,,mock,0.0,,1783610754801961042,InstrumentType.Spot,866585320701887048,OrderType.Limit,Direction.Long,65000.75,527525872,Side.Buy,,OrderStatus.Submitted,65000.75,1653898000,BTC-USDT,TimeCondition.GTC,1783610754801961042,0.001,0.001,0.0
4194834854,2837957847,1783610754802259661,1783610754802261693,203,order,benchmark,True,0.0,0.0,,,mock,0.0,,1783610754802259661,InstrumentType.Spot,866585320701887049,OrderType.Limit,Direction.Long,65000.96,527527648,Side.Sell,,OrderStatus.Submitted,65000.96,1653898000,BTC-USDT,TimeCondition.GTC,1783610754802259661,0.001,0.001,0.0
4194834854,2837957847,1783610754802559678,1783610754802561736,203,order,benchmark,True,0.0,0.0,,,mock,0.0,,1783610754802559678,InstrumentType.Spot,866585320701887050,OrderType.Limit,Direction.Long,65000.770000000004,527529424,Side.Buy,,OrderStatus.Submitted,65000.770000000004,1653898000,BTC-USDT,TimeCondition.GTC,1783610754802559678,0.001,0.001,0.0
4194834854,2837957847,1783610754802857177,1783610754802859088,203,order,benchmark,True,0.0,0.0,,,mock,0.0,,1783610754802857177,InstrumentType.Spot,866585320701887051,OrderType.Limit,Direction.Long,65000.979999999996,527531200,Side.Sell,,OrderStatus.Submitted,65000.979999999996,1653898000,BTC-USDT,TimeCondition.GTC,1783610754802857177,0.001,0.001,0.0
4194834854,2837957847,1783610754803272934,1783610754803275305,203,order,benchmark,True,0.0,0.0,,,mock,0.0,,1783610754803272934,InstrumentType.Spot,866585320701887052,OrderType.Limit,Direction.Long,65000.79,527532976,Side.Buy,,OrderStatus.Submitted,65000.79,1653898000,BTC-USDT,TimeCondition.GTC,1783610754803272934,0.001,0.001,0.0
4194834854,2837957847,1783610754803512409,1783610754803515116,203,order,benchmark,True,0.0,0.0,,,mock,0.0,,1783610754803512409,InstrumentType.Spot,866585320701887053,OrderType.Limit,Direction.Long,65001.0,527534752,Side.Sell,,OrderStatus.Submitted,65001.0,1653898000,BTC-USDT,TimeCondition.GTC,1783610754803512409,0.001,0.001,0.0
4194834854,2837957847,1783610754803755843,1783610754803757887,203,order,benchmark,True,0.0,0.0,,,mock,0.0,,1783610754803755843,InstrumentType.Spot,866585320701887054,OrderType.Limit,Direction.Long,65000.810000000005,527536528,Side.Buy,,OrderStatus.Submitted,65000.810000000005,1653898000,BTC-USDT,TimeCondition.GTC,1783610754803755843,0.001,0.001,0.0
4194834854,2837957847,1783610754804079652,1783610754804082081,203,order,benchmark,True,0.0,0.0,,,mock,0.0,,1783610754804079652,InstrumentType.Spot,866585320701887055,OrderType.Limit,Direction.Long,65001.02,527538304,Side.Sell,,OrderStatus.Submitted,65001.02,1653898000,BTC-USDT,TimeCondition.GTC,1783610754804079652,0.001,0.001,0.0
4194834854,2837957847,1783610754804359920,1783610754804361959,203,order,benchmark,True,0.0,0.0,,,mock,0.0,,1783610754804359920,InstrumentType.Spot,866585320701887056,OrderType.Limit,Direction.Long,65000.83,527540080,Side.Buy,,OrderStatus.Submitted,65000.83,1653898000,BTC-USDT,TimeCondition.GTC,1783610754804359920,0.001,0.001,0.0
4194834854,2837957847,1783610754804656827,1783610754804658893,203,order,benchmark,True,0.0,0.0,,,mock,0.0,,1783610754804656827,InstrumentType.Spot,866585320701887057,OrderType.Limit,Direction.Long,65001.04,527413408,Side.Sell,,OrderStatus.Submitted,65001.04,1653898000,BTC-USDT,TimeCondition.GTC,1783610754804656827,0.001,0.001,0.0
4194834854,2837957847,1783610754804953257,1783610754804962016,203,order,benchmark,True,0.0,0.0,,,mock,0.0,,1783610754804953257,InstrumentType.Spot,866585320701887058,OrderType.Limit,Direction.Long,65000.85,527415184,Side.Buy,,OrderStatus.Submitted,65000.85,1653898000,BTC-USDT,TimeCondition.GTC,1783610754804953257,0.001,0.001,0.0
4194834854,2837957847,1783610754805272010,1783610754805274829,203,order,benchmark,True,0.0,0.0,,,mock,0.0,,1783610754805272010,InstrumentType.Spot,866585320701887059,OrderType.Limit,Direction.Long,65001.06,527416960,Side.Sell,,OrderStatus.Submitted,65001.06,1653898000,BTC-USDT,TimeCondition.GTC,1783610754805272010,0.001,0.001,0.0
4194834854,2837957847,1783610754805557843,1783610754805559771,203,order,benchmark,True,0.0,0.0,,,mock,0.0,,1783610754805557843,InstrumentType.Spot,866585320701887060,OrderType.Limit,Direction.Long,65000.87,527548000,Side.Buy,,OrderStatus.Submitted,65000.87,1653898000,BTC-USDT,TimeCondition.GTC,1783610754805557843,0.001,0.001,0.0
4194834854,2837957847,1783610754805856859,1783610754805858859,203,order,benchmark,True,0.0,0.0,,,mock,0.0,,1783610754805856859,InstrumentType.Spot,866585320701887061,OrderType.Limit,Direction.Long,65001.08,527549600,Side.Sell,,OrderStatus.Submitted,65001.08,1653898000,BTC-USDT,TimeCondition.GTC,1783610754805856859,0.001,0.001,0.0
4194834854,2837957847,1783610754806156435,1783610754806158458,203,order,benchmark,True,0.0,0.0,,,mock,0.0,,1783610754806156435,InstrumentType.Spot,866585320701887062,OrderType.Limit,Direction.Long,65000.89,527551376,Side.Buy,,OrderStatus.Submitted,65000.89,1653898000,BTC-USDT,TimeCondition.GTC,1783610754806156435,0.001,0.001,0.0
4194834854,2837957847,1783610754806456123,1783610754806458013,203,order,benchmark,True,0.0,0.0,,,mock,0.0,,1783610754806456123,InstrumentType.Spot,866585320701887063,OrderType.Limit,Direction.Long,65000.1,527553152,Side.Sell,,OrderStatus.Submitted,65000.1,1653898000,BTC-USDT,TimeCondition.GTC,1783610754806456123,0.001,0.001,0.0
4194834854,2837957847,1783610754806759892,1783610754806762113,203,order,benchmark,True,0.0,0.0,,,mock,0.0,,1783610754806759892,InstrumentType.Spot,866585320701887064,OrderType.Limit,Direction.Long,64999.91,527554928,Side.Buy,,OrderStatus.Submitted,64999.91,1653898000,BTC-USDT,TimeCondition.GTC,1783610754806759892,0.001,0.001,0.0
4194834854,2837957847,1783610754807081249,1783610754807083447,203,order,benchmark,True,0.0,0.0,,,mock,0.0,,1783610754807081249,InstrumentType.Spot,866585320701887065,OrderType.Limit,Direction.Long,65000.119999999995,527556704,Side.Sell,,OrderStatus.Submitted,65000.119999999995,1653898000,BTC-USDT,TimeCondition.GTC,1783610754807081249,0.001,0.001,0.0
4194834854,2837957847,1783610754807359426,1783610754807361354,203,order,benchmark,True,0.0,0.0,,,mock,0.0,,1783610754807359426,InstrumentType.Spot,866585320701887066,OrderType.Limit,Direction.Long,64999.93,527558480,Side.Buy,,OrderStatus.Submitted,64999.93,1653898000,BTC-USDT,TimeCondition.GTC,1783610754807359426,0.001,0.001,0.0
4194834854,2837957847,1783610754807662127,1783610754807664281,203,order,benchmark,True,0.0,0.0,,,mock,0.0,,1783610754807662127,InstrumentType.Spot,866585320701887067,OrderType.Limit,Direction.Long,65000.14,527560256,Side.Sell,,OrderStatus.Submitted,65000.14,1653898000,BTC-USDT,TimeCondition.GTC,1783610754807662127,0.001,0.001,0.0
4194834854,2837957847,1783610754807961602,1783610754807963699,203,order,benchmark,True,0.0,0.0,,,mock,0.0,,1783610754807961602,InstrumentType.Spot,866585320701887068,OrderType.Limit,Direction.Long,64999.950000000004,527562032,Side.Buy,,OrderStatus.Submitted,64999.950000000004,1653898000,BTC-USDT,TimeCondition.GTC,1783610754807961602,0.001,0.001,0.0
4194834854,2837957847,1783610754808465995,1783610754808469915,203,order,benchmark,True,0.0,0.0,,,mock,0.0,,1783610754808465995,InstrumentType.Spot,866585320701887069,OrderType.Limit,Direction.Long,65000.159999999996,527563808,Side.Sell,,OrderStatus.Submitted,65000.159999999996,1653898000,BTC-USDT,TimeCondition.GTC,1783610754808465995,0.001,0.001,0.0
4194834854,2837957847,1783610754808692893,1783610754808695634,203,order,benchmark,True,0.0,0.0,,,mock,0.0,,1783610754808692893,InstrumentType.Spot,866585320701887070,OrderType.Limit,Direction.Long,64999.97,527565584,Side.Buy,,OrderStatus.Submitted,64999.97,1653898000,BTC-USDT,TimeCondition.GTC,1783610754808692893,0.001,0.001,0.0
4194834854,2837957847,1783610754808864159,1783610754808877737,203,order,benchmark,True,0.0,0.0,,,mock,0.0,,1783610754808864159,InstrumentType.Spot,866585320701887071,OrderType.Limit,Direction.Long,65000.18,527567360,Side.Sell,,OrderStatus.Submitted,65000.18,1653898000,BTC-USDT,TimeCondition.GTC,1783610754808864159,0.001,0.001,0.0
4194834854,2837957847,1783610754809081085,1783610754809084251,203,order,benchmark,True,0.0,0.0,,,mock,0.0,,1783610754809081085,InstrumentType.Spot,866585320701887072,OrderType.Limit,Direction.Long,64999.99,527569136,Side.Buy,,OrderStatus.Submitted,64999.99,1653898000,BTC-USDT,TimeCondition.GTC,1783610754809081085,0.001,0.001,0.0
4194834854,2837957847,1783610754809460891,1783610754809463091,203,order,benchmark,True,0.0,0.0,,,mock,0.0,,1783610754809460891,InstrumentType.Spot,866585320701887073,OrderType.Limit,Direction.Long,65000.2,527570912,Side.Sell,,OrderStatus.Submitted,65000.2,1653898000,BTC-USDT,TimeCondition.GTC,1783610754809460891,0.001,0.001,0.0
4194834854,2837957847,1783610754809833355,1783610754809835915,203,order,benchmark,True,0.0,0.0,,,mock,0.0,,1783610754809833355,InstrumentType.Spot,866585320701887074,OrderType.Limit,Direction.Long,65000.01,527572688,Side.Buy,,OrderStatus.Submitted,65000.01,1653898000,BTC-USDT,TimeCondition.GTC,1783610754809833355,0.001,0.001,0.0
4194834854,2837957847,1783610754810072764,1783610754810075042,203,order,benchmark,True,0.0,0.0,,,mock,0.0,,1783610754810072764,InstrumentType.Spot,866585320701887075,OrderType.Limit,Direction.Long,65000.22,527574464,Side.Sell,,OrderStatus.Submitted,65000.22,1653898000,BTC-USDT,TimeCondition.GTC,1783610754810072764,0.001,0.001,0.0
4194834854,2837957847,1783610754810358990,1783610754810361236,203,order,benchmark,True,0.0,0.0,,,mock,0.0,,1783610754810358990,InstrumentType.Spot,866585320701887076,OrderType.Limit,Direction.Long,65000.03,527576240,Side.Buy,,OrderStatus.Submitted,65000.03,1653898000,BTC-USDT,TimeCondition.GTC,1783610754810358990,0.001,0.001,0.0
4194834854,2837957847,1783610754810658742,1783610754810660865,203,order,benchmark,True,0.0,0.0,,,mock,0.0,,1783610754810658742,InstrumentType.Spot,866585320701887077,OrderType.Limit,Direction.Long,65000.24,527578016,Side.Sell,,OrderStatus.Submitted,65000.24,1653898000,BTC-USDT,TimeCondition.GTC,1783610754810658742,0.001,0.001,0.0
4194834854,2837957847,1783610754810960912,1783610754810963011,203,order,benchmark,True,0.0,0.0,,,mock,0.0,,1783610754810960912,InstrumentType.Spot,866585320701887078,OrderType.Limit,Direction.Long,65000.05,527579792,Side.Buy,,OrderStatus.Submitted,65000.05,1653898000,BTC-USDT,TimeCondition.GTC,1783610754810960912,0.001,0.001,0.0
4194834854,2837957847,1783610754811257316,1783610754811259180,203,order,benchmark,True,0.0,0.0,,,mock,0.0,,1783610754811257316,InstrumentType.Spot,866585320701887079,OrderType.Limit,Direction.Long,65000.26,527581568,Side.Sell,,OrderStatus.Submitted,65000.26,1653898000,BTC-USDT,TimeCondition.GTC,1783610754811257316,0.001,0.001,0.0
4194834854,2837957847,1783610754811558224,1783610754811560425,203,order,benchmark,True,0.0,0.0,,,mock,0.0,,1783610754811558224,InstrumentType.Spot,866585320701887080,OrderType.Limit,Direction.Long,65000.07,527583344,Side.Buy,,OrderStatus.Submitted,65000.07,1653898000,BTC-USDT,TimeCondition.GTC,1783610754811558224,0.001,0.001,0.0
4194834854,2837957847,1783610754811857621,1783610754811860606,203,order,benchmark,True,0.0,0.0,,,mock,0.0,,1783610754811857621,InstrumentType.Spot,866585320701887081,OrderType.Limit,Direction.Long,65000.28,527585120,Side.Sell,,OrderStatus.Submitted,65000.28,1653898000,BTC-USDT,TimeCondition.GTC,1783610754811857621,0.001,0.001,0.0
4194834854,2837957847,1783610754812157793,1783610754812159833,203,order,benchmark,True,0.0,0.0,,,mock,0.0,,1783610754812157793,InstrumentType.Spot,866585320701887082,OrderType.Limit,Direction.Long,65000.090000000004,527586896,Side.Buy,,OrderStatus.Submitted,65000.090000000004,1653898000,BTC-USDT,TimeCondition.GTC,1783610754812157793,0.001,0.001,0.0
4194834854,2837957847,1783610754812453434,1783610754812455580,203,order,benchmark,True,0.0,0.0,,,mock,0.0,,1783610754812453434,InstrumentType.Spot,866585320701887083,OrderType.Limit,Direction.Long,65000.299999999996,527588672,Side.Sell,,OrderStatus.Submitted,65000.299999999996,1653898000,BTC-USDT,TimeCondition.GTC,1783610754812453434,0.001,0.001,0.0
4194834854,2837957847,1783610754812764423,1783610754812774311,203,order,benchmark,True,0.0,0.0,,,mock,0.0,,1783610754812764423,InstrumentType.Spot,866585320701887084,OrderType.Limit,Direction.Long,65000.11,527590448,Side.Buy,,OrderStatus.Submitted,65000.11,1653898000,BTC-USDT,TimeCondition.GTC,1783610754812764423,0.001,0.001,0.0
4194834854,2837957847,1783610754813066567,1783610754813068620,203,order,benchmark,True,0.0,0.0,,,mock,0.0,,1783610754813066567,InstrumentType.Spot,866585320701887085,OrderType.Limit,Direction.Long,65000.32,527592224,Side.Sell,,OrderStatus.Submitted,65000.32,1653898000,BTC-USDT,TimeCondition.GTC,1783610754813066567,0.001,0.001,0.0
4194834854,2837957847,1783610754813359401,1783610754813361484,203,order,benchmark,True,0.0,0.0,,,mock,0.0,,1783610754813359401,InstrumentType.Spot,866585320701887086,OrderType.Limit,Direction.Long,65000.130000000005,527594000,Side.Buy,,OrderStatus.Submitted,65000.130000000005,1653898000,BTC-USDT,TimeCondition.GTC,1783610754813359401,0.001,0.001,0.0
4194834854,2837957847,1783610754813657658,1783610754813659710,203,order,benchmark,True,0.0,0.0,,,mock,0.0,,1783610754813657658,InstrumentType.Spot,866585320701887087,OrderType.Limit,Direction.Long,65000.34,527595776,Side.Sell,,OrderStatus.Submitted,65000.34,1653898000,BTC-USDT,TimeCondition.GTC,1783610754813657658,0.001,0.001,0.0
4194834854,2837957847,1783610754813960379,1783610754813962473,203,order,benchmark,True,0.0,0.0,,,mock,0.0,,1783610754813960379,InstrumentType.Spot,866585320701887088,OrderType.Limit,Direction.Long,65000.15,527597552,Side.Buy,,OrderStatus.Submitted,65000.15,1653898000,BTC-USDT,TimeCondition.GTC,1783610754813960379,0.001,0.001,0.0
4194834854,2837957847,1783610754814258865,1783610754814260760,203,order,benchmark,True,0.0,0.0,,,mock,0.0,,1783610754814258865,InstrumentType.Spot,866585320701887089,OrderType.Limit,Direction.Long,65000.36,527599328,Side.Sell,,OrderStatus.Submitted,65000.36,1653898000,BTC-USDT,TimeCondition.GTC,1783610754814258865,0.001,0.001,0.0
4194834854,2837957847,1783610754814562489,1783610754814564548,203,order,benchmark,True,0.0,0.0,,,mock,0.0,,1783610754814562489,InstrumentType.Spot,866585320701887090,OrderType.Limit,Direction.Long,65000.17,527601104,Side.Buy,,OrderStatus.Submitted,65000.17,1653898000,BTC-USDT,TimeCondition.GTC,1783610754814562489,0.001,0.001,0.0
4194834854,2837957847,1783610754814869555,1783610754814871597,203,order,benchmark,True,0.0,0.0,,,mock,0.0,,1783610754814869555,InstrumentType.Spot,866585320701887091,OrderType.Limit,Direction.Long,65000.38,527602880,Side.Sell,,OrderStatus.Submitted,65000.38,1653898000,BTC-USDT,TimeCondition.GTC,1783610754814869555,0.001,0.001,0.0
4194834854,2837957847,1783610754815405877,1783610754815408963,203,order,benchmark,True,0.0,0.0,,,mock,0.0,,1783610754815405877,InstrumentType.Spot,866585320701887092,OrderType.Limit,Direction.Long,65000.19,527604656,Side.Buy,,OrderStatus.Submitted,65000.19,1653898000,BTC-USDT,TimeCondition.GTC,1783610754815405877,0.001,0.001,0.0
4194834854,2837957847,1783610754815744603,1783610754815747826,203,order,benchmark,True,0.0,0.0,,,mock,0.0,,1783610754815744603,InstrumentType.Spot,866585320701887093,OrderType.Limit,Direction.Long,65000.4,527606432,Side.Sell,,OrderStatus.Submitted,65000.4,1653898000,BTC-USDT,TimeCondition.GTC,1783610754815744603,0.001,0.001,0.0
4194834854,2837957847,1783610754815767752,1783610754815769715,203,order,benchmark,True,0.0,0.0,,,mock,0.0,,1783610754815767752,InstrumentType.Spot,866585320701887094,OrderType.Limit,Direction.Long,65000.21,527608176,Side.Buy,,OrderStatus.Submitted,65000.21,1653898000,BTC-USDT,TimeCondition.GTC,1783610754815767752,0.001,0.001,0.0
4194834854,2837957847,1783610754816181851,1783610754816183777,203,order,benchmark,True,0.0,0.0,,,mock,0.0,,1783610754816181851,InstrumentType.Spot,866585320701887095,OrderType.Limit,Direction.Long,65000.42,527609984,Side.Sell,,OrderStatus.Submitted,65000.42,1653898000,BTC-USDT,TimeCondition.GTC,1783610754816181851,0.001,0.001,0.0
4194834854,2837957847,1783610754816367632,1783610754816369544,203,order,benchmark,True,0.0,0.0,,,mock,0.0,,1783610754816367632,InstrumentType.Spot,866585320701887096,OrderType.Limit,Direction.Long,65000.23,527611760,Side.Buy,,OrderStatus.Submitted,65000.23,1653898000,BTC-USDT,TimeCondition.GTC,1783610754816367632,0.001,0.001,0.0
4194834854,2837957847,1783610754816774646,1783610754816776779,203,order,benchmark,True,0.0,0.0,,,mock,0.0,,1783610754816774646,InstrumentType.Spot,866585320701887097,OrderType.Limit,Direction.Long,65000.439999999995,527613536,Side.Sell,,OrderStatus.Submitted,65000.439999999995,1653898000,BTC-USDT,TimeCondition.GTC,1783610754816774646,0.001,0.001,0.0
4194834854,2837957847,1783610754816981214,1783610754816992524,203,order,benchmark,True,0.0,0.0,,,mock,0.0,,1783610754816981214,InstrumentType.Spot,866585320701887098,OrderType.Limit,Direction.Long,65000.25,527615312,Side.Buy,,OrderStatus.Submitted,65000.25,1653898000,BTC-USDT,TimeCondition.GTC,1783610754816981214,0.001,0.001,0.0
4194834854,2837957847,1783610754817256764,1783610754817259224,203,order,benchmark,True,0.0,0.0,,,mock,0.0,,1783610754817256764,InstrumentType.Spot,866585320701887099,OrderType.Limit,Direction.Long,65000.46,527617088,Side.Sell,,OrderStatus.Submitted,65000.46,1653898000,BTC-USDT,TimeCondition.GTC,1783610754817256764,0.001,0.001,0.0
4194834854,2837957847,1783610754817562241,1783610754817564846,203,order,benchmark,True,0.0,0.0,,,mock,0.0,,1783610754817562241,InstrumentType.Spot,866585320701887100,OrderType.Limit,Direction.Long,65000.270000000004,527618864,Side.Buy,,OrderStatus.Submitted,65000.270000000004,1653898000,BTC-USDT,TimeCondition.GTC,1783610754817562241,0.001,0.001,0.0
4194834854,2837957847,1783610754817862859,1783610754817865068,203,order,benchmark,True,0.0,0.0,,,mock,0.0,,1783610754817862859,InstrumentType.Spot,866585320701887101,OrderType.Limit,Direction.Long,65000.479999999996,527620640,Side.Sell,,OrderStatus.Submitted,65000.479999999996,1653898000,BTC-USDT,TimeCondition.GTC,1783610754817862859,0.001,0.001,0.0
4194834854,2837957847,1783610754818347531,1783610754818350616,203,order,benchmark,True,0.0,0.0,,,mock,0.0,,1783610754818347531,InstrumentType.Spot,866585320701887102,OrderType.Limit,Direction.Long,65000.29,527622416,Side.Buy,,OrderStatus.Submitted,65000.29,1653898000,BTC-USDT,TimeCondition.GTC,1783610754818347531,0.001,0.001,0.0
4194834854,2837957847,1783610754818620638,1783610754818623480,203,order,benchmark,True,0.0,0.0,,,mock,0.0,,1783610754818620638,InstrumentType.Spot,866585320701887103,OrderType.Limit,Direction.Long,65000.5,527624192,Side.Sell,,OrderStatus.Submitted,65000.5,1653898000,BTC-USDT,TimeCondition.GTC,1783610754818620638,0.001,0.001,0.0
4194834854,2837957847,1783610754818845892,1783610754818848035,203,order,benchmark,True,0.0,0.0,,,mock,0.0,,1783610754818845892,InstrumentType.Spot,866585320701887104,OrderType.Limit,Direction.Long,65000.310000000005,527625968,Side.Buy,,OrderStatus.Submitted,65000.310000000005,1653898000,BTC-USDT,TimeCondition.GTC,1783610754818845892,0.001,0.001,0.0
4194834854,2837957847,1783610754819113098,1783610754819115269,203,order,benchmark,True,0.0,0.0,,,mock,0.0,,1783610754819113098,InstrumentType.Spot,866585320701887105,OrderType.Limit,Direction.Long,65000.52,527627744,Side.Sell,,OrderStatus.Submitted,65000.52,1653898000,BTC-USDT,TimeCondition.GTC,1783610754819113098,0.001,0.001,0.0
4194834854,2837957847,1783610754819364913,1783610754819367012,203,order,benchmark,True,0.0,0.0,,,mock,0.0,,1783610754819364913,InstrumentType.Spot,866585320701887106,OrderType.Limit,Direction.Long,65000.33,527629520,Side.Buy,,OrderStatus.Submitted,65000.33,1653898000,BTC-USDT,TimeCondition.GTC,1783610754819364913,0.001,0.001,0.0
4194834854,2837957847,1783610754819665550,1783610754819667805,203,order,benchmark,True,0.0,0.0,,,mock,0.0,,1783610754819665550,InstrumentType.Spot,866585320701887107,OrderType.Limit,Direction.Long,65000.54,527631296,Side.Sell,,OrderStatus.Submitted,65000.54,1653898000,BTC-USDT,TimeCondition.GTC,1783610754819665550,0.001,0.001,0.0
4194834854,2837957847,1783610754819965788,1783610754819967927,203,order,benchmark,True,0.0,0.0,,,mock,0.0,,1783610754819965788,InstrumentType.Spot,866585320701887108,OrderType.Limit,Direction.Long,65000.35,527633072,Side.Buy,,OrderStatus.Submitted,65000.35,1653898000,BTC-USDT,TimeCondition.GTC,1783610754819965788,0.001,0.001,0.0
4194834854,2837957847,1783610754820267024,1783610754820269265,203,order,benchmark,True,0.0,0.0,,,mock,0.0,,1783610754820267024,InstrumentType.Spot,866585320701887109,OrderType.Limit,Direction.Long,65000.56,527634848,Side.Sell,,OrderStatus.Submitted,65000.56,1653898000,BTC-USDT,TimeCondition.GTC,1783610754820267024,0.001,0.001,0.0
4194834854,2837957847,1783610754820567086,1783610754820569526,203,order,benchmark,True,0.0,0.0,,,mock,0.0,,1783610754820567086,InstrumentType.Spot,866585320701887110,OrderType.Limit,Direction.Long,65000.37,527636624,Side.Buy,,OrderStatus.Submitted,65000.37,1653898000,BTC-USDT,TimeCondition.GTC,1783610754820567086,0.001,0.001,0.0
4194834854,2837957847,1783610754820867022,1783610754820877567,203,order,benchmark,True,0.0,0.0,,,mock,0.0,,1783610754820867022,InstrumentType.Spot,866585320701887111,OrderType.Limit,Direction.Long,65000.58,527638400,Side.Sell,,OrderStatus.Submitted,65000.58,1653898000,BTC-USDT,TimeCondition.GTC,1783610754820867022,0.001,0.001,0.0
4194834854,2837957847,1783610754821161019,1783610754821163178,203,order,benchmark,True,0.0,0.0,,,mock,0.0,,1783610754821161019,InstrumentType.Spot,866585320701887112,OrderType.Limit,Direction.Long,65000.39,527640176,Side.Buy,,OrderStatus.Submitted,65000.39,1653898000,BTC-USDT,TimeCondition.GTC,1783610754821161019,0.001,0.001,0.0
4194834854,2837957847,1783610754821469142,1783610754821471308,203,order,benchmark,True,0.0,0.0,,,mock,0.0,,1783610754821469142,InstrumentType.Spot,866585320701887113,OrderType.Limit,Direction.Long,65000.6,527641952,Side.Sell,,OrderStatus.Submitted,65000.6,1653898000,BTC-USDT,TimeCondition.GTC,1783610754821469142,0.001,0.001,0.0
4194834854,2837957847,1783610754821870189,1783610754821872202,203,order,benchmark,True,0.0,0.0,,,mock,0.0,,1783610754821870189,InstrumentType.Spot,866585320701887114,OrderType.Limit,Direction.Long,65000.41,527643728,Side.Buy,,OrderStatus.Submitted,65000.41,1653898000,BTC-USDT,TimeCondition.GTC,1783610754821870189,0.001,0.001,0.0
4194834854,2837957847,1783610754822079902,1783610754822081872,203,order,benchmark,True,0.0,0.0,,,mock,0.0,,1783610754822079902,InstrumentType.Spot,866585320701887115,OrderType.Limit,Direction.Long,65000.619999999995,527645504,Side.Sell,,OrderStatus.Submitted,65000.619999999995,1653898000,BTC-USDT,TimeCondition.GTC,1783610754822079902,0.001,0.001,0.0
4194834854,2837957847,1783610754822357206,1783610754822358958,203,order,benchmark,True,0.0,0.0,,,mock,0.0,,1783610754822357206,InstrumentType.Spot,866585320701887116,OrderType.Limit,Direction.Long,65000.43,527647280,Side.Buy,,OrderStatus.Submitted,65000.43,1653898000,BTC-USDT,TimeCondition.GTC,1783610754822357206,0.001,0.001,0.0
4194834854,2837957847,1783610754822660250,1783610754822662240,203,order,benchmark,True,0.0,0.0,,,mock,0.0,,1783610754822660250,InstrumentType.Spot,866585320701887117,OrderType.Limit,Direction.Long,65000.64,527649056,Side.Sell,,OrderStatus.Submitted,65000.64,1653898000,BTC-USDT,TimeCondition.GTC,1783610754822660250,0.001,0.001,0.0
4194834854,2837957847,1783610754822957422,1783610754822959369,203,order,benchmark,True,0.0,0.0,,,mock,0.0,,1783610754822957422,InstrumentType.Spot,866585320701887118,OrderType.Limit,Direction.Long,65000.450000000004,527650832,Side.Buy,,OrderStatus.Submitted,65000.450000000004,1653898000,BTC-USDT,TimeCondition.GTC,1783610754822957422,0.001,0.001,0.0
4194834854,2837957847,1783610754823259081,1783610754823261251,203,order,benchmark,True,0.0,0.0,,,mock,0.0,,1783610754823259081,InstrumentType.Spot,866585320701887119,OrderType.Limit,Direction.Long,65000.659999999996,527652608,Side.Sell,,OrderStatus.Submitted,65000.659999999996,1653898000,BTC-USDT,TimeCondition.GTC,1783610754823259081,0.001,0.001,0.0
4194834854,2837957847,1783610754823554441,1783610754823556440,203,order,benchmark,True,0.0,0.0,,,mock,0.0,,1783610754823554441,InstrumentType.Spot,866585320701887120,OrderType.Limit,Direction.Long,65000.47,527654384,Side.Buy,,OrderStatus.Submitted,65000.47,1653898000,BTC-USDT,TimeCondition.GTC,1783610754823554441,0.001,0.001,0.0
4194834854,2837957847,1783610754823853768,1783610754823855789,203,order,benchmark,True,0.0,0.0,,,mock,0.0,,1783610754823853768,InstrumentType.Spot,866585320701887121,OrderType.Limit,Direction.Long,65000.68,527656160,Side.Sell,,OrderStatus.Submitted,65000.68,1653898000,BTC-USDT,TimeCondition.GTC,1783610754823853768,0.001,0.001,0.0
4194834854,2837957847,1783610754824287697,1783610754824290959,203,order,benchmark,True,0.0,0.0,,,mock,0.0,,1783610754824287697,InstrumentType.Spot,866585320701887122,OrderType.Limit,Direction.Long,65000.49,527657936,Side.Buy,,OrderStatus.Submitted,65000.49,1653898000,BTC-USDT,TimeCondition.GTC,1783610754824287697,0.001,0.001,0.0
4194834854,2837957847,1783610754824506118,1783610754824508033,203,order,benchmark,True,0.0,0.0,,,mock,0.0,,1783610754824506118,InstrumentType.Spot,866585320701887123,OrderType.Limit,Direction.Long,65000.7,527659712,Side.Sell,,OrderStatus.Submitted,65000.7,1653898000,BTC-USDT,TimeCondition.GTC,1783610754824506118,0.001,0.001,0.0
4194834854,2837957847,1783610754824755090,1783610754824764221,203,order,benchmark,True,0.0,0.0,,,mock,0.0,,1783610754824755090,InstrumentType.Spot,866585320701887124,OrderType.Limit,Direction.Long,65000.51,527661488,Side.Buy,,OrderStatus.Submitted,65000.51,1653898000,BTC-USDT,TimeCondition.GTC,1783610754824755090,0.001,0.001,0.0
4194834854,2837957847,1783610754825064744,1783610754825066701,203,order,benchmark,True,0.0,0.0,,,mock,0.0,,1783610754825064744,InstrumentType.Spot,866585320701887125,OrderType.Limit,Direction.Long,65000.72,527663264,Side.Sell,,OrderStatus.Submitted,65000.72,1653898000,BTC-USDT,TimeCondition.GTC,1783610754825064744,0.001,0.001,0.0
4194834854,2837957847,1783610754825358723,1783610754825360692,203,order,benchmark,True,0.0,0.0,,,mock,0.0,,1783610754825358723,InstrumentType.Spot,866585320701887126,OrderType.Limit,Direction.Long,65000.53,527665040,Side.Buy,,OrderStatus.Submitted,65000.53,1653898000,BTC-USDT,TimeCondition.GTC,1783610754825358723,0.001,0.001,0.0
4194834854,2837957847,1783610754825656068,1783610754825657960,203,order,benchmark,True,0.0,0.0,,,mock,0.0,,1783610754825656068,InstrumentType.Spot,866585320701887127,OrderType.Limit,Direction.Long,65000.74,527666816,Side.Sell,,OrderStatus.Submitted,65000.74,1653898000,BTC-USDT,TimeCondition.GTC,1783610754825656068,0.001,0.001,0.0
4194834854,2837957847,1783610754825961497,1783610754825963487,203,order,benchmark,True,0.0,0.0,,,mock,0.0,,1783610754825961497,InstrumentType.Spot,866585320701887128,OrderType.Limit,Direction.Long,65000.55,527668592,Side.Buy,,OrderStatus.Submitted,65000.55,1653898000,BTC-USDT,TimeCondition.GTC,1783610754825961497,0.001,0.001,0.0
4194834854,2837957847,1783610754826260576,1783610754826262640,203,order,benchmark,True,0.0,0.0,,,mock,0.0,,1783610754826260576,InstrumentType.Spot,866585320701887129,OrderType.Limit,Direction.Long,65000.76,527670368,Side.Sell,,OrderStatus.Submitted,65000.76,1653898000,BTC-USDT,TimeCondition.GTC,1783610754826260576,0.001,0.001,0.0
4194834854,2837957847,1783610754826559406,1783610754826561444,203,order,benchmark,True,0.0,0.0,,,mock,0.0,,1783610754826559406,InstrumentType.Spot,866585320701887130,OrderType.Limit,Direction.Long,65000.57,527672144,Side.Buy,,OrderStatus.Submitted,65000.57,1653898000,BTC-USDT,TimeCondition.GTC,1783610754826559406,0.001,0.001,0.0
4194834854,2837957847,1783610754826856751,1783610754826858769,203,order,benchmark,True,0.0,0.0,,,mock,0.0,,1783610754826856751,InstrumentType.Spot,866585320701887131,OrderType.Limit,Direction.Long,65000.78,527673920,Side.Sell,,OrderStatus.Submitted,65000.78,1653898000,BTC-USDT,TimeCondition.GTC,1783610754826856751,0.001,0.001,0.0
4194834854,2837957847,1783610754827169158,1783610754827171521,203,order,benchmark,True,0.0,0.0,,,mock,0.0,,1783610754827169158,InstrumentType.Spot,866585320701887132,OrderType.Limit,Direction.Long,65000.590000000004,524840496,Side.Buy,,OrderStatus.Submitted,65000.590000000004,1653898000,BTC-USDT,TimeCondition.GTC,1783610754827169158,0.001,0.001,0.0
4194834854,2837957847,1783610754827455499,1783610754827457495,203,order,benchmark,True,0.0,0.0,,,mock,0.0,,1783610754827455499,InstrumentType.Spot,866585320701887133,OrderType.Limit,Direction.Long,65000.799999999996,524842272,Side.Sell,,OrderStatus.Submitted,65000.799999999996,1653898000,BTC-USDT,TimeCondition.GTC,1783610754827455499,0.001,0.001,0.0
4194834854,2837957847,1783610754827754844,1783610754827756867,203,order,benchmark,True,0.0,0.0,,,mock,0.0,,1783610754827754844,InstrumentType.Spot,866585320701887134,OrderType.Limit,Direction.Long,65000.61,524844048,Side.Buy,,OrderStatus.Submitted,65000.61,1653898000,BTC-USDT,TimeCondition.GTC,1783610754827754844,0.001,0.001,0.0
4194834854,2837957847,1783610754828059282,1783610754828061195,203,order,benchmark,True,0.0,0.0,,,mock,0.0,,1783610754828059282,InstrumentType.Spot,866585320701887135,OrderType.Limit,Direction.Long,65000.82,524845824,Side.Sell,,OrderStatus.Submitted,65000.82,1653898000,BTC-USDT,TimeCondition.GTC,1783610754828059282,0.001,0.001,0.0
4194834854,2837957847,1783610754828359701,1783610754828361745,203,order,benchmark,True,0.0,0.0,,,mock,0.0,,1783610754828359701,InstrumentType.Spot,866585320701887136,OrderType.Limit,Direction.Long,65000.630000000005,524847600,Side.Buy,,OrderStatus.Submitted,65000.630000000005,1653898000,BTC-USDT,TimeCondition.GTC,1783610754828359701,0.001,0.001,0.0
4194834854,2837957847,1783610754828965577,1783610754828986780,203,order,benchmark,True,0.0,0.0,,,mock,0.0,,1783610754828965577,InstrumentType.Spot,866585320701887137,OrderType.Limit,Direction.Long,65000.84,527541856,Side.Sell,,OrderStatus.Submitted,65000.84,1653898000,BTC-USDT,TimeCondition.GTC,1783610754828965577,0.001,0.001,0.0
4194834854,2837957847,1783610754829028736,1783610754829032240,203,order,benchmark,True,0.0,0.0,,,mock,0.0,,1783610754829028736,InstrumentType.Spot,866585320701887138,OrderType.Limit,Direction.Long,65000.65,527543600,Side.Buy,,OrderStatus.Submitted,65000.65,1653898000,BTC-USDT,TimeCondition.GTC,1783610754829028736,0.001,0.001,0.0
4194834854,2837957847,1783610754829294162,1783610754829298760,203,order,benchmark,True,0.0,0.0,,,mock,0.0,,1783610754829294162,InstrumentType.Spot,866585320701887139,OrderType.Limit,Direction.Long,65000.86,527545408,Side.Sell,,OrderStatus.Submitted,65000.86,1653898000,BTC-USDT,TimeCondition.GTC,1783610754829294162,0.001,0.001,0.0
4194834854,2837957847,1783610754829576339,1783610754829578396,203,order,benchmark,True,0.0,0.0,,,mock,0.0,,1783610754829576339,InstrumentType.Spot,866585320701887140,OrderType.Limit,Direction.Long,65000.67,524855440,Side.Buy,,OrderStatus.Submitted,65000.67,1653898000,BTC-USDT,TimeCondition.GTC,1783610754829576339,0.001,0.001,0.0
4194834854,2837957847,1783610754829877842,1783610754829880343,203,order,benchmark,True,0.0,0.0,,,mock,0.0,,1783610754829877842,InstrumentType.Spot,866585320701887141,OrderType.Limit,Direction.Long,65000.88,524857184,Side.Sell,,OrderStatus.Submitted,65000.88,1653898000,BTC-USDT,TimeCondition.GTC,1783610754829877842,0.001,0.001,0.0
4194834854,2837957847,1783610754830160604,1783610754830162811,203,order,benchmark,True,0.0,0.0,,,mock,0.0,,1783610754830160604,InstrumentType.Spot,866585320701887142,OrderType.Limit,Direction.Long,65000.69,524858960,Side.Buy,,OrderStatus.Submitted,65000.69,1653898000,BTC-USDT,TimeCondition.GTC,1783610754830160604,0.001,0.001,0.0
4194834854,2837957847,1783610754830459713,1783610754830461740,203,order,benchmark,True,0.0,0.0,,,mock,0.0,,1783610754830459713,InstrumentType.Spot,866585320701887143,OrderType.Limit,Direction.Long,65000.9,524860736,Side.Sell,,OrderStatus.Submitted,65000.9,1653898000,BTC-USDT,TimeCondition.GTC,1783610754830459713,0.001,0.001,0.0
4194834854,2837957847,1783610754830773337,1783610754830775606,203,order,benchmark,True,0.0,0.0,,,mock,0.0,,1783610754830773337,InstrumentType.Spot,866585320701887144,OrderType.Limit,Direction.Long,65000.71,524862512,Side.Buy,,OrderStatus.Submitted,65000.71,1653898000,BTC-USDT,TimeCondition.GTC,1783610754830773337,0.001,0.001,0.0
4194834854,2837957847,1783610754831091107,1783610754831097054,203,order,benchmark,True,0.0,0.0,,,mock,0.0,,1783610754831091107,InstrumentType.Spot,866585320701887145,OrderType.Limit,Direction.Long,65000.92,524864288,Side.Sell,,OrderStatus.Submitted,65000.92,1653898000,BTC-USDT,TimeCondition.GTC,1783610754831091107,0.001,0.001,0.0
4194834854,2837957847,1783610754831494045,1783610754831497921,203,order,benchmark,True,0.0,0.0,,,mock,0.0,,1783610754831494045,InstrumentType.Spot,866585320701887146,OrderType.Limit,Direction.Long,65000.73,524866064,Side.Buy,,OrderStatus.Submitted,65000.73,1653898000,BTC-USDT,TimeCondition.GTC,1783610754831494045,0.001,0.001,0.0
4194834854,2837957847,1783610754831714087,1783610754831732342,203,order,benchmark,True,0.0,0.0,,,mock,0.0,,1783610754831714087,InstrumentType.Spot,866585320701887147,OrderType.Limit,Direction.Long,65000.939999999995,524867840,Side.Sell,,OrderStatus.Submitted,65000.939999999995,1653898000,BTC-USDT,TimeCondition.GTC,1783610754831714087,0.001,0.001,0.0
4194834854,2837957847,1783610754831967429,1783610754831969401,203,order,benchmark,True,0.0,0.0,,,mock,0.0,,1783610754831967429,InstrumentType.Spot,866585320701887148,OrderType.Limit,Direction.Long,65000.75,524869616,Side.Buy,,OrderStatus.Submitted,65000.75,1653898000,BTC-USDT,TimeCondition.GTC,1783610754831967429,0.001,0.001,0.0
4194834854,2837957847,1783610754832176324,1783610754832179214,203,order,benchmark,True,0.0,0.0,,,mock,0.0,,1783610754832176324,InstrumentType.Spot,866585320701887149,OrderType.Limit,Direction.Long,65000.96,524871392,Side.Sell,,OrderStatus.Submitted,65000.96,1653898000,BTC-USDT,TimeCondition.GTC,1783610754832176324,0.001,0.001,0.0
4194834854,2837957847,1783610754832569266,1783610754832584762,203,order,benchmark,True,0.0,0.0,,,mock,0.0,,1783610754832569266,InstrumentType.Spot,866585320701887150,OrderType.Limit,Direction.Long,65000.770000000004,524873168,Side.Buy,,OrderStatus.Submitted,65000.770000000004,1653898000,BTC-USDT,TimeCondition.GTC,1783610754832569266,0.001,0.001,0.0
4194834854,2837957847,1783610754832877393,1783610754832879553,203,order,benchmark,True,0.0,0.0,,,mock,0.0,,1783610754832877393,InstrumentType.Spot,866585320701887151,OrderType.Limit,Direction.Long,65000.979999999996,524874944,Side.Sell,,OrderStatus.Submitted,65000.979999999996,1653898000,BTC-USDT,TimeCondition.GTC,1783610754832877393,0.001,0.001,0.0
4194834854,2837957847,1783610754833076810,1783610754833079686,203,order,benchmark,True,0.0,0.0,,,mock,0.0,,1783610754833076810,InstrumentType.Spot,866585320701887152,OrderType.Limit,Direction.Long,65000.79,524876720,Side.Buy,,OrderStatus.Submitted,65000.79,1653898000,BTC-USDT,TimeCondition.GTC,1783610754833076810,0.001,0.001,0.0
4194834854,2837957847,1783610754833468622,1783610754833470821,203,order,benchmark,True,0.0,0.0,,,mock,0.0,,1783610754833468622,InstrumentType.Spot,866585320701887153,OrderType.Limit,Direction.Long,65001.0,524878496,Side.Sell,,OrderStatus.Submitted,65001.0,1653898000,BTC-USDT,TimeCondition.GTC,1783610754833468622,0.001,0.001,0.0
4194834854,2837957847,1783610754833764273,1783610754833766268,203,order,benchmark,True,0.0,0.0,,,mock,0.0,,1783610754833764273,InstrumentType.Spot,866585320701887154,OrderType.Limit,Direction.Long,65000.810000000005,524880272,Side.Buy,,OrderStatus.Submitted,65000.810000000005,1653898000,BTC-USDT,TimeCondition.GTC,1783610754833764273,0.001,0.001,0.0
4194834854,2837957847,1783610754834066450,1783610754834068444,203,order,benchmark,True,0.0,0.0,,,mock,0.0,,1783610754834066450,InstrumentType.Spot,866585320701887155,OrderType.Limit,Direction.Long,65001.02,524882048,Side.Sell,,OrderStatus.Submitted,65001.02,1653898000,BTC-USDT,TimeCondition.GTC,1783610754834066450,0.001,0.001,0.0
4194834854,2837957847,1783610754834357364,1783610754834359282,203,order,benchmark,True,0.0,0.0,,,mock,0.0,,1783610754834357364,InstrumentType.Spot,866585320701887156,OrderType.Limit,Direction.Long,65000.83,524883824,Side.Buy,,OrderStatus.Submitted,65000.83,1653898000,BTC-USDT,TimeCondition.GTC,1783610754834357364,0.001,0.001,0.0
4194834854,2837957847,1783610754834656453,1783610754834658580,203,order,benchmark,True,0.0,0.0,,,mock,0.0,,1783610754834656453,InstrumentType.Spot,866585320701887157,OrderType.Limit,Direction.Long,65001.04,524885600,Side.Sell,,OrderStatus.Submitted,65001.04,1653898000,BTC-USDT,TimeCondition.GTC,1783610754834656453,0.001,0.001,0.0
4194834854,2837957847,1783610754834953813,1783610754834955888,203,order,benchmark,True,0.0,0.0,,,mock,0.0,,1783610754834953813,InstrumentType.Spot,866585320701887158,OrderType.Limit,Direction.Long,65000.85,524887376,Side.Buy,,OrderStatus.Submitted,65000.85,1653898000,BTC-USDT,TimeCondition.GTC,1783610754834953813,0.001,0.001,0.0
4194834854,2837957847,1783610754835256027,1783610754835258146,203,order,benchmark,True,0.0,0.0,,,mock,0.0,,1783610754835256027,InstrumentType.Spot,866585320701887159,OrderType.Limit,Direction.Long,65001.06,524889152,Side.Sell,,OrderStatus.Submitted,65001.06,1653898000,BTC-USDT,TimeCondition.GTC,1783610754835256027,0.001,0.001,0.0
4194834854,2837957847,1783610754835561901,1783610754835564111,203,order,benchmark,True,0.0,0.0,,,mock,0.0,,1783610754835561901,InstrumentType.Spot,866585320701887160,OrderType.Limit,Direction.Long,65000.87,524890928,Side.Buy,,OrderStatus.Submitted,65000.87,1653898000,BTC-USDT,TimeCondition.GTC,1783610754835561901,0.001,0.001,0.0
4194834854,2837957847,1783610754835853047,1783610754835854958,203,order,benchmark,True,0.0,0.0,,,mock,0.0,,1783610754835853047,InstrumentType.Spot,866585320701887161,OrderType.Limit,Direction.Long,65001.08,524892704,Side.Sell,,OrderStatus.Submitted,65001.08,1653898000,BTC-USDT,TimeCondition.GTC,1783610754835853047,0.001,0.001,0.0
4194834854,2837957847,1783610754836163726,1783610754836166019,203,order,benchmark,True,0.0,0.0,,,mock,0.0,,1783610754836163726,InstrumentType.Spot,866585320701887162,OrderType.Limit,Direction.Long,65000.89,524894480,Side.Buy,,OrderStatus.Submitted,65000.89,1653898000,BTC-USDT,TimeCondition.GTC,1783610754836163726,0.001,0.001,0.0
4194834854,2837957847,1783610754836456156,1783610754836458099,203,order,benchmark,True,0.0,0.0,,,mock,0.0,,1783610754836456156,InstrumentType.Spot,866585320701887163,OrderType.Limit,Direction.Long,65000.1,524896256,Side.Sell,,OrderStatus.Submitted,65000.1,1653898000,BTC-USDT,TimeCondition.GTC,1783610754836456156,0.001,0.001,0.0
4194834854,2837957847,1783610754836754996,1783610754836764474,203,order,benchmark,True,0.0,0.0,,,mock,0.0,,1783610754836754996,InstrumentType.Spot,866585320701887164,OrderType.Limit,Direction.Long,64999.91,524898032,Side.Buy,,OrderStatus.Submitted,64999.91,1653898000,BTC-USDT,TimeCondition.GTC,1783610754836754996,0.001,0.001,0.0
4194834854,2837957847,1783610754837064386,1783610754837066483,203,order,benchmark,True,0.0,0.0,,,mock,0.0,,1783610754837064386,InstrumentType.Spot,866585320701887165,OrderType.Limit,Direction.Long,65000.119999999995,524899808,Side.Sell,,OrderStatus.Submitted,65000.119999999995,1653898000,BTC-USDT,TimeCondition.GTC,1783610754837064386,0.001,0.001,0.0
4194834854,2837957847,1783610754837356717,1783610754837358691,203,order,benchmark,True,0.0,0.0,,,mock,0.0,,1783610754837356717,InstrumentType.Spot,866585320701887166,OrderType.Limit,Direction.Long,64999.93,524901584,Side.Buy,,OrderStatus.Submitted,64999.93,1653898000,BTC-USDT,TimeCondition.GTC,1783610754837356717,0.001,0.001,0.0
4194834854,2837957847,1783610754837654004,1783610754837655817,203,order,benchmark,True,0.0,0.0,,,mock,0.0,,1783610754837654004,InstrumentType.Spot,866585320701887167,OrderType.Limit,Direction.Long,65000.14,524903360,Side.Sell,,OrderStatus.Submitted,65000.14,1653898000,BTC-USDT,TimeCondition.GTC,1783610754837654004,0.001,0.001,0.0
4194834854,2837957847,1783610754837958707,1783610754837960571,203,order,benchmark,True,0.0,0.0,,,mock,0.0,,1783610754837958707,InstrumentType.Spot,866585320701887168,OrderType.Limit,Direction.Long,64999.950000000004,524905136,Side.Buy,,OrderStatus.Submitted,64999.950000000004,1653898000,BTC-USDT,TimeCondition.GTC,1783610754837958707,0.001,0.001,0.0
4194834854,2837957847,1783610754838365012,1783610754838366996,203,order,benchmark,True,0.0,0.0,,,mock,0.0,,1783610754838365012,InstrumentType.Spot,866585320701887169,OrderType.Limit,Direction.Long,65000.159999999996,524906912,Side.Sell,,OrderStatus.Submitted,65000.159999999996,1653898000,BTC-USDT,TimeCondition.GTC,1783610754838365012,0.001,0.001,0.0
4194834854,2837957847,1783610754838548000,1783610754838551316,203,order,benchmark,True,0.0,0.0,,,mock,0.0,,1783610754838548000,InstrumentType.Spot,866585320701887170,OrderType.Limit,Direction.Long,64999.97,524908688,Side.Buy,,OrderStatus.Submitted,64999.97,1653898000,BTC-USDT,TimeCondition.GTC,1783610754838548000,0.001,0.001,0.0
4194834854,2837957847,1783610754838860009,1783610754838862050,203,order,benchmark,True,0.0,0.0,,,mock,0.0,,1783610754838860009,InstrumentType.Spot,866585320701887171,OrderType.Limit,Direction.Long,65000.18,524910464,Side.Sell,,OrderStatus.Submitted,65000.18,1653898000,BTC-USDT,TimeCondition.GTC,1783610754838860009,0.001,0.001,0.0
4194834854,2837957847,1783610754839158152,1783610754839160113,203,order,benchmark,True,0.0,0.0,,,mock,0.0,,1783610754839158152,InstrumentType.Spot,866585320701887172,OrderType.Limit,Direction.Long,64999.99,524912240,Side.Buy,,OrderStatus.Submitted,64999.99,1653898000,BTC-USDT,TimeCondition.GTC,1783610754839158152,0.001,0.001,0.0
4194834854,2837957847,1783610754839459266,1783610754839461341,203,order,benchmark,True,0.0,0.0,,,mock,0.0,,1783610754839459266,InstrumentType.Spot,866585320701887173,OrderType.Limit,Direction.Long,65000.2,524914016,Side.Sell,,OrderStatus.Submitted,65000.2,1653898000,BTC-USDT,TimeCondition.GTC,1783610754839459266,0.001,0.001,0.0
4194834854,2837957847,1783610754839755237,1783610754839757221,203,order,benchmark,True,0.0,0.0,,,mock,0.0,,1783610754839755237,InstrumentType.Spot,866585320701887174,OrderType.Limit,Direction.Long,65000.01,524915792,Side.Buy,,OrderStatus.Submitted,65000.01,1653898000,BTC-USDT,TimeCondition.GTC,1783610754839755237,0.001,0.001,0.0
4194834854,2837957847,1783610754840323779,1783610754840326087,203,order,benchmark,True,0.0,0.0,,,mock,0.0,,1783610754840323779,InstrumentType.Spot,866585320701887175,OrderType.Limit,Direction.Long,65000.22,524917568,Side.Sell,,OrderStatus.Submitted,65000.22,1653898000,BTC-USDT,TimeCondition.GTC,1783610754840323779,0.001,0.001,0.0
4194834854,2837957847,1783610754840343775,1783610754840345201,203,order,benchmark,True,0.0,0.0,,,mock,0.0,,1783610754840343775,InstrumentType.Spot,866585320701887176,OrderType.Limit,Direction.Long,65000.03,524919312,Side.Buy,,OrderStatus.Submitted,65000.03,1653898000,BTC-USDT,TimeCondition.GTC,1783610754840343775,0.001,0.001,0.0
4194834854,2837957847,1783610754840737654,1783610754840758680,203,order,benchmark,True,0.0,0.0,,,mock,0.0,,1783610754840737654,InstrumentType.Spot,866585320701887177,OrderType.Limit,Direction.Long,65000.24,524921120,Side.Sell,,OrderStatus.Submitted,65000.24,1653898000,BTC-USDT,TimeCondition.GTC,1783610754840737654,0.001,0.001,0.0
4194834854,2837957847,1783610754841080686,1783610754841088026,203,order,benchmark,True,0.0,0.0,,,mock,0.0,,1783610754841080686,InstrumentType.Spot,866585320701887178,OrderType.Limit,Direction.Long,65000.05,524922896,Side.Buy,,OrderStatus.Submitted,65000.05,1653898000,BTC-USDT,TimeCondition.GTC,1783610754841080686,0.001,0.001,0.0
4194834854,2837957847,1783610754841400529,1783610754841408209,203,order,benchmark,True,0.0,0.0,,,mock,0.0,,1783610754841400529,InstrumentType.Spot,866585320701887179,OrderType.Limit,Direction.Long,65000.26,524924672,Side.Sell,,OrderStatus.Submitted,65000.26,1653898000,BTC-USDT,TimeCondition.GTC,1783610754841400529,0.001,0.001,0.0
4194834854,2837957847,1783610754841618392,1783610754841624983,203,order,benchmark,True,0.0,0.0,,,mock,0.0,,1783610754841618392,InstrumentType.Spot,866585320701887180,OrderType.Limit,Direction.Long,65000.07,524926448,Side.Buy,,OrderStatus.Submitted,65000.07,1653898000,BTC-USDT,TimeCondition.GTC,1783610754841618392,0.001,0.001,0.0
4194834854,2837957847,1783610754841873579,1783610754841876304,203,order,benchmark,True,0.0,0.0,,,mock,0.0,,1783610754841873579,InstrumentType.Spot,866585320701887181,OrderType.Limit,Direction.Long,65000.28,524928224,Side.Sell,,OrderStatus.Submitted,65000.28,1653898000,BTC-USDT,TimeCondition.GTC,1783610754841873579,0.001,0.001,0.0
4194834854,2837957847,1783610754842163696,1783610754842166015,203,order,benchmark,True,0.0,0.0,,,mock,0.0,,1783610754842163696,InstrumentType.Spot,866585320701887182,OrderType.Limit,Direction.Long,65000.090000000004,524930000,Side.Buy,,OrderStatus.Submitted,65000.090000000004,1653898000,BTC-USDT,TimeCondition.GTC,1783610754842163696,0.001,0.001,0.0
4194834854,2837957847,1783610754842458824,1783610754842460802,203,order,benchmark,True,0.0,0.0,,,mock,0.0,,1783610754842458824,InstrumentType.Spot,866585320701887183,OrderType.Limit,Direction.Long,65000.299999999996,524931776,Side.Sell,,OrderStatus.Submitted,65000.299999999996,1653898000,BTC-USDT,TimeCondition.GTC,1783610754842458824,0.001,0.001,0.0
4194834854,2837957847,1783610754842757750,1783610754842759878,203,order,benchmark,True,0.0,0.0,,,mock,0.0,,1783610754842757750,InstrumentType.Spot,866585320701887184,OrderType.Limit,Direction.Long,65000.11,524933552,Side.Buy,,OrderStatus.Submitted,65000.11,1653898000,BTC-USDT,TimeCondition.GTC,1783610754842757750,0.001,0.001,0.0
4194834854,2837957847,1783610754843066728,1783610754843068834,203,order,benchmark,True,0.0,0.0,,,mock,0.0,,1783610754843066728,InstrumentType.Spot,866585320701887185,OrderType.Limit,Direction.Long,65000.32,524935328,Side.Sell,,OrderStatus.Submitted,65000.32,1653898000,BTC-USDT,TimeCondition.GTC,1783610754843066728,0.001,0.001,0.0
4194834854,2837957847,1783610754843355684,1783610754843357665,203,order,benchmark,True,0.0,0.0,,,mock,0.0,,1783610754843355684,InstrumentType.Spot,866585320701887186,OrderType.Limit,Direction.Long,65000.130000000005,524937104,Side.Buy,,OrderStatus.Submitted,65000.130000000005,1653898000,BTC-USDT,TimeCondition.GTC,1783610754843355684,0.001,0.001,0.0
4194834854,2837957847,1783610754843655780,1783610754843657655,203,order,benchmark,True,0.0,0.0,,,mock,0.0,,1783610754843655780,InstrumentType.Spot,866585320701887187,OrderType.Limit,Direction.Long,65000.34,524938880,Side.Sell,,OrderStatus.Submitted,65000.34,1653898000,BTC-USDT,TimeCondition.GTC,1783610754843655780,0.001,0.001,0.0
4194834854,2837957847,1783610754843958092,1783610754843960144,203,order,benchmark,True,0.0,0.0,,,mock,0.0,,1783610754843958092,InstrumentType.Spot,866585320701887188,OrderType.Limit,Direction.Long,65000.15,524940656,Side.Buy,,OrderStatus.Submitted,65000.15,1653898000,BTC-USDT,TimeCondition.GTC,1783610754843958092,0.001,0.001,0.0
4194834854,2837957847,1783610754844273672,1783610754844275875,203,order,benchmark,True,0.0,0.0,,,mock,0.0,,1783610754844273672,InstrumentType.Spot,866585320701887189,OrderType.Limit,Direction.Long,65000.36,524942432,Side.Sell,,OrderStatus.Submitted,65000.36,1653898000,BTC-USDT,TimeCondition.GTC,1783610754844273672,0.001,0.001,0.0
4194834854,2837957847,1783610754844561936,1783610754844575207,203,order,benchmark,True,0.0,0.0,,,mock,0.0,,1783610754844561936,InstrumentType.Spot,866585320701887190,OrderType.Limit,Direction.Long,65000.17,524944208,Side.Buy,,OrderStatus.Submitted,65000.17,1653898000,BTC-USDT,TimeCondition.GTC,1783610754844561936,0.001,0.001,0.0
4194834854,2837957847,1783610754844856081,1783610754844858077,203,order,benchmark,True,0.0,0.0,,,mock,0.0,,1783610754844856081,InstrumentType.Spot,866585320701887191,OrderType.Limit,Direction.Long,65000.38,524945984,Side.Sell,,OrderStatus.Submitted,65000.38,1653898000,BTC-USDT,TimeCondition.GTC,1783610754844856081,0.001,0.001,0.0
4194834854,2837957847,1783610754845156869,1783610754845158884,203,order,benchmark,True,0.0,0.0,,,mock,0.0,,1783610754845156869,InstrumentType.Spot,866585320701887192,OrderType.Limit,Direction.Long,65000.19,524947760,Side.Buy,,OrderStatus.Submitted,65000.19,1653898000,BTC-USDT,TimeCondition.GTC,1783610754845156869,0.001,0.001,0.0
4194834854,2837957847,1783610754845561586,1783610754845563933,203,order,benchmark,True,0.0,0.0,,,mock,0.0,,1783610754845561586,InstrumentType.Spot,866585320701887193,OrderType.Limit,Direction.Long,65000.4,524949536,Side.Sell,,OrderStatus.Submitted,65000.4,1653898000,BTC-USDT,TimeCondition.GTC,1783610754845561586,0.001,0.001,0.0
4194834854,2837957847,1783610754845774662,1783610754845776713,203,order,benchmark,True,0.0,0.0,,,mock,0.0,,1783610754845774662,InstrumentType.Spot,866585320701887194,OrderType.Limit,Direction.Long,65000.21,524951312,Side.Buy,,OrderStatus.Submitted,65000.21,1653898000,BTC-USDT,TimeCondition.GTC,1783610754845774662,0.001,0.001,0.0
4194834854,2837957847,1783610754846373380,1783610754846375662,203,order,benchmark,True,0.0,0.0,,,mock,0.0,,1783610754846373380,InstrumentType.Spot,866585320701887195,OrderType.Limit,Direction.Long,65000.42,524953088,Side.Sell,,OrderStatus.Submitted,65000.42,1653898000,BTC-USDT,TimeCondition.GTC,1783610754846373380,0.001,0.001,0.0
4194834854,2837957847,1783610754846462641,1783610754846464426,203,order,benchmark,True,0.0,0.0,,,mock,0.0,,1783610754846462641,InstrumentType.Spot,866585320701887196,OrderType.Limit,Direction.Long,65000.23,524954864,Side.Buy,,OrderStatus.Submitted,65000.23,1653898000,BTC-USDT,TimeCondition.GTC,1783610754846462641,0.001,0.001,0.0
4194834854,2837957847,1783610754846687550,1783610754846689375,203,order,benchmark,True,0.0,0.0,,,mock,0.0,,1783610754846687550,InstrumentType.Spot,866585320701887197,OrderType.Limit,Direction.Long,65000.439999999995,524956640,Side.Sell,,OrderStatus.Submitted,65000.439999999995,1653898000,BTC-USDT,TimeCondition.GTC,1783610754846687550,0.001,0.001,0.0
4194834854,2837957847,1783610754846972873,1783610754846975990,203,order,benchmark,True,0.0,0.0,,,mock,0.0,,1783610754846972873,InstrumentType.Spot,866585320701887198,OrderType.Limit,Direction.Long,65000.25,524958416,Side.Buy,,OrderStatus.Submitted,65000.25,1653898000,BTC-USDT,TimeCondition.GTC,1783610754846972873,0.001,0.001,0.0
4194834854,2837957847,1783610754847261723,1783610754847263840,203,order,benchmark,True,0.0,0.0,,,mock,0.0,,1783610754847261723,InstrumentType.Spot,866585320701887199,OrderType.Limit,Direction.Long,65000.46,524960192,Side.Sell,,OrderStatus.Submitted,65000.46,1653898000,BTC-USDT,TimeCondition.GTC,1783610754847261723,0.001,0.001,0.0
4194834854,2837957847,1783610754847837147,1783610754847855111,203,order,benchmark,True,0.0,0.0,,,mock,0.0,,1783610754847837147,InstrumentType.Spot,866585320701887200,OrderType.Limit,Direction.Long,65000.270000000004,524961968,Side.Buy,,OrderStatus.Submitted,65000.270000000004,1653898000,BTC-USDT,TimeCondition.GTC,1783610754847837147,0.001,0.001,0.0
4194834854,2837957847,1783610754847880659,1783610754847883302,203,order,benchmark,True,0.0,0.0,,,mock,0.0,,1783610754847880659,InstrumentType.Spot,866585320701887201,OrderType.Limit,Direction.Long,65000.479999999996,524963744,Side.Sell,,OrderStatus.Submitted,65000.479999999996,1653898000,BTC-USDT,TimeCondition.GTC,1783610754847880659,0.001,0.001,0.0
4194834854,2837957847,1783610754848179254,1783610754848181181,203,order,benchmark,True,0.0,0.0,,,mock,0.0,,1783610754848179254,InstrumentType.Spot,866585320701887202,OrderType.Limit,Direction.Long,65000.29,524965520,Side.Buy,,OrderStatus.Submitted,65000.29,1653898000,BTC-USDT,TimeCondition.GTC,1783610754848179254,0.001,0.001,0.0
4194834854,2837957847,1783610754848455546,1783610754848465418,203,order,benchmark,True,0.0,0.0,,,mock,0.0,,1783610754848455546,InstrumentType.Spot,866585320701887203,OrderType.Limit,Direction.Long,65000.5,524967296,Side.Sell,,OrderStatus.Submitted,65000.5,1653898000,BTC-USDT,TimeCondition.GTC,1783610754848455546,0.001,0.001,0.0
4194834854,2837957847,1783610754848753763,1783610754848755511,203,order,benchmark,True,0.0,0.0,,,mock,0.0,,1783610754848753763,InstrumentType.Spot,866585320701887204,OrderType.Limit,Direction.Long,65000.310000000005,524969072,Side.Buy,,OrderStatus.Submitted,65000.310000000005,1653898000,BTC-USDT,TimeCondition.GTC,1783610754848753763,0.001,0.001,0.0
4194834854,2837957847,1783610754849058374,1783610754849060462,203,order,benchmark,True,0.0,0.0,,,mock,0.0,,1783610754849058374,InstrumentType.Spot,866585320701887205,OrderType.Limit,Direction.Long,65000.52,524970848,Side.Sell,,OrderStatus.Submitted,65000.52,1653898000,BTC-USDT,TimeCondition.GTC,1783610754849058374,0.001,0.001,0.0
4194834854,2837957847,1783610754849347211,1783610754849349157,203,order,benchmark,True,0.0,0.0,,,mock,0.0,,1783610754849347211,InstrumentType.Spot,866585320701887206,OrderType.Limit,Direction.Long,65000.33,524972624,Side.Buy,,OrderStatus.Submitted,65000.33,1653898000,BTC-USDT,TimeCondition.GTC,1783610754849347211,0.001,0.001,0.0
4194834854,2837957847,1783610754849753103,1783610754849754919,203,order,benchmark,True,0.0,0.0,,,mock,0.0,,1783610754849753103,InstrumentType.Spot,866585320701887207,OrderType.Limit,Direction.Long,65000.54,524974400,Side.Sell,,OrderStatus.Submitted,65000.54,1653898000,BTC-USDT,TimeCondition.GTC,1783610754849753103,0.001,0.001,0.0
4194834854,2837957847,1783610754849965533,1783610754849968507,203,order,benchmark,True,0.0,0.0,,,mock,0.0,,1783610754849965533,InstrumentType.Spot,866585320701887208,OrderType.Limit,Direction.Long,65000.35,524976176,Side.Buy,,OrderStatus.Submitted,65000.35,1653898000,BTC-USDT,TimeCondition.GTC,1783610754849965533,0.001,0.001,0.0
4194834854,2837957847,1783610754850507176,1783610754850510017,203,order,benchmark,True,0.0,0.0,,,mock,0.0,,1783610754850507176,InstrumentType.Spot,866585320701887209,OrderType.Limit,Direction.Long,65000.56,524977952,Side.Sell,,OrderStatus.Submitted,65000.56,1653898000,BTC-USDT,TimeCondition.GTC,1783610754850507176,0.001,0.001,0.0
4194834854,2837957847,1783610754850778562,1783610754850783761,203,order,benchmark,True,0.0,0.0,,,mock,0.0,,1783610754850778562,InstrumentType.Spot,866585320701887210,OrderType.Limit,Direction.Long,65000.37,524979728,Side.Buy,,OrderStatus.Submitted,65000.37,1653898000,BTC-USDT,TimeCondition.GTC,1783610754850778562,0.001,0.001,0.0
4194834854,2837957847,1783610754851002589,1783610754851009047,203,order,benchmark,True,0.0,0.0,,,mock,0.0,,1783610754851002589,InstrumentType.Spot,866585320701887211,OrderType.Limit,Direction.Long,65000.58,524981504,Side.Sell,,OrderStatus.Submitted,65000.58,1653898000,BTC-USDT,TimeCondition.GTC,1783610754851002589,0.001,0.001,0.0
4194834854,2837957847,1783610754851348161,1783610754851352146,203,order,benchmark,True,0.0,0.0,,,mock,0.0,,1783610754851348161,InstrumentType.Spot,866585320701887212,OrderType.Limit,Direction.Long,65000.39,524983280,Side.Buy,,OrderStatus.Submitted,65000.39,1653898000,BTC-USDT,TimeCondition.GTC,1783610754851348161,0.001,0.001,0.0
4194834854,2837957847,1783610754851619256,1783610754851621850,203,order,benchmark,True,0.0,0.0,,,mock,0.0,,1783610754851619256,InstrumentType.Spot,866585320701887213,OrderType.Limit,Direction.Long,65000.6,524985056,Side.Sell,,OrderStatus.Submitted,65000.6,1653898000,BTC-USDT,TimeCondition.GTC,1783610754851619256,0.001,0.001,0.0
4194834854,2837957847,1783610754851732231,1783610754851734146,203,order,benchmark,True,0.0,0.0,,,mock,0.0,,1783610754851732231,InstrumentType.Spot,866585320701887214,OrderType.Limit,Direction.Long,65000.41,524986832,Side.Buy,,OrderStatus.Submitted,65000.41,1653898000,BTC-USDT,TimeCondition.GTC,1783610754851732231,0.001,0.001,0.0
4194834854,2837957847,1783610754852068072,1783610754852070975,203,order,benchmark,True,0.0,0.0,,,mock,0.0,,1783610754852068072,InstrumentType.Spot,866585320701887215,OrderType.Limit,Direction.Long,65000.619999999995,524988608,Side.Sell,,OrderStatus.Submitted,65000.619999999995,1653898000,BTC-USDT,TimeCondition.GTC,1783610754852068072,0.001,0.001,0.0
4194834854,2837957847,1783610754852668416,1783610754852687494,203,order,benchmark,True,0.0,0.0,,,mock,0.0,,1783610754852668416,InstrumentType.Spot,866585320701887216,OrderType.Limit,Direction.Long,65000.43,524990384,Side.Buy,,OrderStatus.Submitted,65000.43,1653898000,BTC-USDT,TimeCondition.GTC,1783610754852668416,0.001,0.001,0.0
4194834854,2837957847,1783610754852785347,1783610754852787271,203,order,benchmark,True,0.0,0.0,,,mock,0.0,,1783610754852785347,InstrumentType.Spot,866585320701887217,OrderType.Limit,Direction.Long,65000.64,524992160,Side.Sell,,OrderStatus.Submitted,65000.64,1653898000,BTC-USDT,TimeCondition.GTC,1783610754852785347,0.001,0.001,0.0
4194834854,2837957847,1783610754853074675,1783610754853077934,203,order,benchmark,True,0.0,0.0,,,mock,0.0,,1783610754853074675,InstrumentType.Spot,866585320701887218,OrderType.Limit,Direction.Long,65000.450000000004,524993936,Side.Buy,,OrderStatus.Submitted,65000.450000000004,1653898000,BTC-USDT,TimeCondition.GTC,1783610754853074675,0.001,0.001,0.0
4194834854,2837957847,1783610754853285363,1783610754853287392,203,order,benchmark,True,0.0,0.0,,,mock,0.0,,1783610754853285363,InstrumentType.Spot,866585320701887219,OrderType.Limit,Direction.Long,65000.659999999996,524995712,Side.Sell,,OrderStatus.Submitted,65000.659999999996,1653898000,BTC-USDT,TimeCondition.GTC,1783610754853285363,0.001,0.001,0.0
4194834854,2837957847,1783610754853605704,1783610754853608009,203,order,benchmark,True,0.0,0.0,,,mock,0.0,,1783610754853605704,InstrumentType.Spot,866585320701887220,OrderType.Limit,Direction.Long,65000.47,524997488,Side.Buy,,OrderStatus.Submitted,65000.47,1653898000,BTC-USDT,TimeCondition.GTC,1783610754853605704,0.001,0.001,0.0
4194834854,2837957847,1783610754854121714,1783610754854123802,203,order,benchmark,True,0.0,0.0,,,mock,0.0,,1783610754854121714,InstrumentType.Spot,866585320701887221,OrderType.Limit,Direction.Long,65000.68,524999264,Side.Sell,,OrderStatus.Submitted,65000.68,1653898000,BTC-USDT,TimeCondition.GTC,1783610754854121714,0.001,0.001,0.0
4194834854,2837957847,1783610754854138636,1783610754854140367,203,order,benchmark,True,0.0,0.0,,,mock,0.0,,1783610754854138636,InstrumentType.Spot,866585320701887222,OrderType.Limit,Direction.Long,65000.49,525001040,Side.Buy,,OrderStatus.Submitted,65000.49,1653898000,BTC-USDT,TimeCondition.GTC,1783610754854138636,0.001,0.001,0.0
4194834854,2837957847,1783610754854450240,1783610754854453393,203,order,benchmark,True,0.0,0.0,,,mock,0.0,,1783610754854450240,InstrumentType.Spot,866585320701887223,OrderType.Limit,Direction.Long,65000.7,525002816,Side.Sell,,OrderStatus.Submitted,65000.7,1653898000,BTC-USDT,TimeCondition.GTC,1783610754854450240,0.001,0.001,0.0
4194834854,2837957847,1783610754854790107,1783610754854792983,203,order,benchmark,True,0.0,0.0,,,mock,0.0,,1783610754854790107,InstrumentType.Spot,866585320701887224,OrderType.Limit,Direction.Long,65000.51,525004592,Side.Buy,,OrderStatus.Submitted,65000.51,1653898000,BTC-USDT,TimeCondition.GTC,1783610754854790107,0.001,0.001,0.0
4194834854,2837957847,1783610754855014289,1783610754855017576,203,order,benchmark,True,0.0,0.0,,,mock,0.0,,1783610754855014289,InstrumentType.Spot,866585320701887225,OrderType.Limit,Direction.Long,65000.72,524849376,Side.Sell,,OrderStatus.Submitted,65000.72,1653898000,BTC-USDT,TimeCondition.GTC,1783610754855014289,0.001,0.001,0.0
4194834854,2837957847,1783610754855385083,1783610754855387462,203,order,benchmark,True,0.0,0.0,,,mock,0.0,,1783610754855385083,InstrumentType.Spot,866585320701887226,OrderType.Limit,Direction.Long,65000.53,524851152,Side.Buy,,OrderStatus.Submitted,65000.53,1653898000,BTC-USDT,TimeCondition.GTC,1783610754855385083,0.001,0.001,0.0
4194834854,2837957847,1783610754855599577,1783610754855602722,203,order,benchmark,True,0.0,0.0,,,mock,0.0,,1783610754855599577,InstrumentType.Spot,866585320701887227,OrderType.Limit,Direction.Long,65000.74,524852928,Side.Sell,,OrderStatus.Submitted,65000.74,1653898000,BTC-USDT,TimeCondition.GTC,1783610754855599577,0.001,0.001,0.0
4194834854,2837957847,1783610754855977999,1783610754855981150,203,order,benchmark,True,0.0,0.0,,,mock,0.0,,1783610754855977999,InstrumentType.Spot,866585320701887228,OrderType.Limit,Direction.Long,65000.55,524854704,Side.Buy,,OrderStatus.Submitted,65000.55,1653898000,BTC-USDT,TimeCondition.GTC,1783610754855977999,0.001,0.001,0.0
4194834854,2837957847,1783610754856204874,1783610754856207891,203,order,benchmark,True,0.0,0.0,,,mock,0.0,,1783610754856204874,InstrumentType.Spot,866585320701887229,OrderType.Limit,Direction.Long,65000.76,528019792,Side.Sell,,OrderStatus.Submitted,65000.76,1653898000,BTC-USDT,TimeCondition.GTC,1783610754856204874,0.001,0.001,0.0
4194834854,2837957847,1783610754856574574,1783610754856586308,203,order,benchmark,True,0.0,0.0,,,mock,0.0,,1783610754856574574,InstrumentType.Spot,866585320701887230,OrderType.Limit,Direction.Long,65000.57,528021568,Side.Buy,,OrderStatus.Submitted,65000.57,1653898000,BTC-USDT,TimeCondition.GTC,1783610754856574574,0.001,0.001,0.0
4194834854,2837957847,1783610754856786839,1783610754856789762,203,order,benchmark,True,0.0,0.0,,,mock,0.0,,1783610754856786839,InstrumentType.Spot,866585320701887231,OrderType.Limit,Direction.Long,65000.78,528023344,Side.Sell,,OrderStatus.Submitted,65000.78,1653898000,BTC-USDT,TimeCondition.GTC,1783610754856786839,0.001,0.001,0.0
4194834854,2837957847,1783610754857164298,1783610754857166354,203,order,benchmark,True,0.0,0.0,,,mock,0.0,,1783610754857164298,InstrumentType.Spot,866585320701887232,OrderType.Limit,Direction.Long,65000.590000000004,528025120,Side.Buy,,OrderStatus.Submitted,65000.590000000004,1653898000,BTC-USDT,TimeCondition.GTC,1783610754857164298,0.001,0.001,0.0
4194834854,2837957847,1783610754857465044,1783610754857467091,203,order,benchmark,True,0.0,0.0,,,mock,0.0,,1783610754857465044,InstrumentType.Spot,866585320701887233,OrderType.Limit,Direction.Long,65000.799999999996,528026896,Side.Sell,,OrderStatus.Submitted,65000.799999999996,1653898000,BTC-USDT,TimeCondition.GTC,1783610754857465044,0.001,0.001,0.0
4194834854,2837957847,1783610754857761105,1783610754857763233,203,order,benchmark,True,0.0,0.0,,,mock,0.0,,1783610754857761105,InstrumentType.Spot,866585320701887234,OrderType.Limit,Direction.Long,65000.61,528028672,Side.Buy,,OrderStatus.Submitted,65000.61,1653898000,BTC-USDT,TimeCondition.GTC,1783610754857761105,0.001,0.001,0.0
4194834854,2837957847,1783610754858072424,1783610754858074357,203,order,benchmark,True,0.0,0.0,,,mock,0.0,,1783610754858072424,InstrumentType.Spot,866585320701887235,OrderType.Limit,Direction.Long,65000.82,528030448,Side.Sell,,OrderStatus.Submitted,65000.82,1653898000,BTC-USDT,TimeCondition.GTC,1783610754858072424,0.001,0.001,0.0
4194834854,2837957847,1783610754858357207,1783610754858359229,203,order,benchmark,True,0.0,0.0,,,mock,0.0,,1783610754858357207,InstrumentType.Spot,866585320701887236,OrderType.Limit,Direction.Long,65000.630000000005,528032224,Side.Buy,,OrderStatus.Submitted,65000.630000000005,1653898000,BTC-USDT,TimeCondition.GTC,1783610754858357207,0.001,0.001,0.0
4194834854,2837957847,1783610754858663053,1783610754858665248,203,order,benchmark,True,0.0,0.0,,,mock,0.0,,1783610754858663053,InstrumentType.Spot,866585320701887237,OrderType.Limit,Direction.Long,65000.84,528034000,Side.Sell,,OrderStatus.Submitted,65000.84,1653898000,BTC-USDT,TimeCondition.GTC,1783610754858663053,0.001,0.001,0.0
4194834854,2837957847,1783610754858955206,1783610754858956983,203,order,benchmark,True,0.0,0.0,,,mock,0.0,,1783610754858955206,InstrumentType.Spot,866585320701887238,OrderType.Limit,Direction.Long,65000.65,528035776,Side.Buy,,OrderStatus.Submitted,65000.65,1653898000,BTC-USDT,TimeCondition.GTC,1783610754858955206,0.001,0.001,0.0
4194834854,2837957847,1783610754859258428,1783610754859260326,203,order,benchmark,True,0.0,0.0,,,mock,0.0,,1783610754859258428,InstrumentType.Spot,866585320701887239,OrderType.Limit,Direction.Long,65000.86,528037552,Side.Sell,,OrderStatus.Submitted,65000.86,1653898000,BTC-USDT,TimeCondition.GTC,1783610754859258428,0.001,0.001,0.0
4194834854,2837957847,1783610754859669317,1783610754859671551,203,order,benchmark,True,0.0,0.0,,,mock,0.0,,1783610754859669317,InstrumentType.Spot,866585320701887240,OrderType.Limit,Direction.Long,65000.67,528039328,Side.Buy,,OrderStatus.Submitted,65000.67,1653898000,BTC-USDT,TimeCondition.GTC,1783610754859669317,0.001,0.001,0.0
4194834854,2837957847,1783610754859885601,1783610754859887534,203,order,benchmark,True,0.0,0.0,,,mock,0.0,,1783610754859885601,InstrumentType.Spot,866585320701887241,OrderType.Limit,Direction.Long,65000.88,528041104,Side.Sell,,OrderStatus.Submitted,65000.88,1653898000,BTC-USDT,TimeCondition.GTC,1783610754859885601,0.001,0.001,0.0
4194834854,2837957847,1783610754860161148,1783610754860163231,203,order,benchmark,True,0.0,0.0,,,mock,0.0,,1783610754860161148,InstrumentType.Spot,866585320701887242,OrderType.Limit,Direction.Long,65000.69,528042880,Side.Buy,,OrderStatus.Submitted,65000.69,1653898000,BTC-USDT,TimeCondition.GTC,1783610754860161148,0.001,0.001,0.0
4194834854,2837957847,1783610754860458819,1783610754860468854,203,order,benchmark,True,0.0,0.0,,,mock,0.0,,1783610754860458819,InstrumentType.Spot,866585320701887243,OrderType.Limit,Direction.Long,65000.9,528044656,Side.Sell,,OrderStatus.Submitted,65000.9,1653898000,BTC-USDT,TimeCondition.GTC,1783610754860458819,0.001,0.001,0.0
4194834854,2837957847,1783610754860758454,1783610754860760719,203,order,benchmark,True,0.0,0.0,,,mock,0.0,,1783610754860758454,InstrumentType.Spot,866585320701887244,OrderType.Limit,Direction.Long,65000.71,528046432,Side.Buy,,OrderStatus.Submitted,65000.71,1653898000,BTC-USDT,TimeCondition.GTC,1783610754860758454,0.001,0.001,0.0
4194834854,2837957847,1783610754861068411,1783610754861070443,203,order,benchmark,True,0.0,0.0,,,mock,0.0,,1783610754861068411,InstrumentType.Spot,866585320701887245,OrderType.Limit,Direction.Long,65000.92,528048208,Side.Sell,,OrderStatus.Submitted,65000.92,1653898000,BTC-USDT,TimeCondition.GTC,1783610754861068411,0.001,0.001,0.0
4194834854,2837957847,1783610754861365123,1783610754861367139,203,order,benchmark,True,0.0,0.0,,,mock,0.0,,1783610754861365123,InstrumentType.Spot,866585320701887246,OrderType.Limit,Direction.Long,65000.73,528049984,Side.Buy,,OrderStatus.Submitted,65000.73,1653898000,BTC-USDT,TimeCondition.GTC,1783610754861365123,0.001,0.001,0.0
4194834854,2837957847,1783610754861655449,1783610754861657362,203,order,benchmark,True,0.0,0.0,,,mock,0.0,,1783610754861655449,InstrumentType.Spot,866585320701887247,OrderType.Limit,Direction.Long,65000.939999999995,528051760,Side.Sell,,OrderStatus.Submitted,65000.939999999995,1653898000,BTC-USDT,TimeCondition.GTC,1783610754861655449,0.001,0.001,0.0
4194834854,2837957847,1783610754861956667,1783610754861958482,203,order,benchmark,True,0.0,0.0,,,mock,0.0,,1783610754861956667,InstrumentType.Spot,866585320701887248,OrderType.Limit,Direction.Long,65000.75,528053536,Side.Buy,,OrderStatus.Submitted,65000.75,1653898000,BTC-USDT,TimeCondition.GTC,1783610754861956667,0.001,0.001,0.0
4194834854,2837957847,1783610754862593833,1783610754862598578,203,order,benchmark,True,0.0,0.0,,,mock,0.0,,1783610754862593833,InstrumentType.Spot,866585320701887249,OrderType.Limit,Direction.Long,65000.96,528055312,Side.Sell,,OrderStatus.Submitted,65000.96,1653898000,BTC-USDT,TimeCondition.GTC,1783610754862593833,0.001,0.001,0.0
4194834854,2837957847,1783610754862713020,1783610754862716086,203,order,benchmark,True,0.0,0.0,,,mock,0.0,,1783610754862713020,InstrumentType.Spot,866585320701887250,OrderType.Limit,Direction.Long,65000.770000000004,528057088,Side.Buy,,OrderStatus.Submitted,65000.770000000004,1653898000,BTC-USDT,TimeCondition.GTC,1783610754862713020,0.001,0.001,0.0
4194834854,2837957847,1783610754863083443,1783610754863087702,203,order,benchmark,True,0.0,0.0,,,mock,0.0,,1783610754863083443,InstrumentType.Spot,866585320701887251,OrderType.Limit,Direction.Long,65000.979999999996,528058864,Side.Sell,,OrderStatus.Submitted,65000.979999999996,1653898000,BTC-USDT,TimeCondition.GTC,1783610754863083443,0.001,0.001,0.0
4194834854,2837957847,1783610754863109241,1783610754863111699,203,order,benchmark,True,0.0,0.0,,,mock,0.0,,1783610754863109241,InstrumentType.Spot,866585320701887252,OrderType.Limit,Direction.Long,65000.79,528060608,Side.Buy,,OrderStatus.Submitted,65000.79,1653898000,BTC-USDT,TimeCondition.GTC,1783610754863109241,0.001,0.001,0.0
4194834854,2837957847,1783610754863399149,1783610754863401253,203,order,benchmark,True,0.0,0.0,,,mock,0.0,,1783610754863399149,InstrumentType.Spot,866585320701887253,OrderType.Limit,Direction.Long,65001.0,528062416,Side.Sell,,OrderStatus.Submitted,65001.0,1653898000,BTC-USDT,TimeCondition.GTC,1783610754863399149,0.001,0.001,0.0
4194834854,2837957847,1783610754863762375,1783610754863764450,203,order,benchmark,True,0.0,0.0,,,mock,0.0,,1783610754863762375,InstrumentType.Spot,866585320701887254,OrderType.Limit,Direction.Long,65000.810000000005,528064192,Side.Buy,,OrderStatus.Submitted,65000.810000000005,1653898000,BTC-USDT,TimeCondition.GTC,1783610754863762375,0.001,0.001,0.0
4194834854,2837957847,1783610754864067803,1783610754864069927,203,order,benchmark,True,0.0,0.0,,,mock,0.0,,1783610754864067803,InstrumentType.Spot,866585320701887255,OrderType.Limit,Direction.Long,65001.02,528065968,Side.Sell,,OrderStatus.Submitted,65001.02,1653898000,BTC-USDT,TimeCondition.GTC,1783610754864067803,0.001,0.001,0.0
4194834854,2837957847,1783610754864371776,1783610754864383118,203,order,benchmark,True,0.0,0.0,,,mock,0.0,,1783610754864371776,InstrumentType.Spot,866585320701887256,OrderType.Limit,Direction.Long,65000.83,528067744,Side.Buy,,OrderStatus.Submitted,65000.83,1653898000,BTC-USDT,TimeCondition.GTC,1783610754864371776,0.001,0.001,0.0
4194834854,2837957847,1783610754864660286,1783610754864662354,203,order,benchmark,True,0.0,0.0,,,mock,0.0,,1783610754864660286,InstrumentType.Spot,866585320701887257,OrderType.Limit,Direction.Long,65001.04,528069520,Side.Sell,,OrderStatus.Submitted,65001.04,1653898000,BTC-USDT,TimeCondition.GTC,1783610754864660286,0.001,0.001,0.0
4194834854,2837957847,1783610754864956921,1783610754864958866,203,order,benchmark,True,0.0,0.0,,,mock,0.0,,1783610754864956921,InstrumentType.Spot,866585320701887258,OrderType.Limit,Direction.Long,65000.85,528071296,Side.Buy,,OrderStatus.Submitted,65000.85,1653898000,BTC-USDT,TimeCondition.GTC,1783610754864956921,0.001,0.001,0.0
4194834854,2837957847,1783610754865254390,1783610754865256384,203,order,benchmark,True,0.0,0.0,,,mock,0.0,,1783610754865254390,InstrumentType.Spot,866585320701887259,OrderType.Limit,Direction.Long,65001.06,528073072,Side.Sell,,OrderStatus.Submitted,65001.06,1653898000,BTC-USDT,TimeCondition.GTC,1783610754865254390,0.001,0.001,0.0
4194834854,2837957847,1783610754865558027,1783610754865560128,203,order,benchmark,True,0.0,0.0,,,mock,0.0,,1783610754865558027,InstrumentType.Spot,866585320701887260,OrderType.Limit,Direction.Long,65000.87,528074848,Side.Buy,,OrderStatus.Submitted,65000.87,1653898000,BTC-USDT,TimeCondition.GTC,1783610754865558027,0.001,0.001,0.0
4194834854,2837957847,1783610754865856741,1783610754865858680,203,order,benchmark,True,0.0,0.0,,,mock,0.0,,1783610754865856741,InstrumentType.Spot,866585320701887261,OrderType.Limit,Direction.Long,65001.08,528076624,Side.Sell,,OrderStatus.Submitted,65001.08,1653898000,BTC-USDT,TimeCondition.GTC,1783610754865856741,0.001,0.001,0.0
4194834854,2837957847,1783610754866160189,1783610754866162351,203,order,benchmark,True,0.0,0.0,,,mock,0.0,,1783610754866160189,InstrumentType.Spot,866585320701887262,OrderType.Limit,Direction.Long,65000.89,528078400,Side.Buy,,OrderStatus.Submitted,65000.89,1653898000,BTC-USDT,TimeCondition.GTC,1783610754866160189,0.001,0.001,0.0
4194834854,2837957847,1783610754866452853,1783610754866454908,203,order,benchmark,True,0.0,0.0,,,mock,0.0,,1783610754866452853,InstrumentType.Spot,866585320701887263,OrderType.Limit,Direction.Long,65000.1,528080176,Side.Sell,,OrderStatus.Submitted,65000.1,1653898000,BTC-USDT,TimeCondition.GTC,1783610754866452853,0.001,0.001,0.0
4194834854,2837957847,1783610754866865630,1783610754866868614,203,order,benchmark,True,0.0,0.0,,,mock,0.0,,1783610754866865630,InstrumentType.Spot,866585320701887264,OrderType.Limit,Direction.Long,64999.91,528081952,Side.Buy,,OrderStatus.Submitted,64999.91,1653898000,BTC-USDT,TimeCondition.GTC,1783610754866865630,0.001,0.001,0.0
4194834854,2837957847,1783610754867065523,1783610754867068572,203,order,benchmark,True,0.0,0.0,,,mock,0.0,,1783610754867065523,InstrumentType.Spot,866585320701887265,OrderType.Limit,Direction.Long,65000.119999999995,528083728,Side.Sell,,OrderStatus.Submitted,65000.119999999995,1653898000,BTC-USDT,TimeCondition.GTC,1783610754867065523,0.001,0.001,0.0
4194834854,2837957847,1783610754867355286,1783610754867357254,203,order,benchmark,True,0.0,0.0,,,mock,0.0,,1783610754867355286,InstrumentType.Spot,866585320701887266,OrderType.Limit,Direction.Long,64999.93,528085504,Side.Buy,,OrderStatus.Submitted,64999.93,1653898000,BTC-USDT,TimeCondition.GTC,1783610754867355286,0.001,0.001,0.0
4194834854,2837957847,1783610754867657724,1783610754867659615,203,order,benchmark,True,0.0,0.0,,,mock,0.0,,1783610754867657724,InstrumentType.Spot,866585320701887267,OrderType.Limit,Direction.Long,65000.14,528087280,Side.Sell,,OrderStatus.Submitted,65000.14,1653898000,BTC-USDT,TimeCondition.GTC,1783610754867657724,0.001,0.001,0.0
4194834854,2837957847,1783610754867944417,1783610754867946463,203,order,benchmark,True,0.0,0.0,,,mock,0.0,,1783610754867944417,InstrumentType.Spot,866585320701887268,OrderType.Limit,Direction.Long,64999.950000000004,528089056,Side.Buy,,OrderStatus.Submitted,64999.950000000004,1653898000,BTC-USDT,TimeCondition.GTC,1783610754867944417,0.001,0.001,0.0
4194834854,2837957847,1783610754868255305,1783610754868265316,203,order,benchmark,True,0.0,0.0,,,mock,0.0,,1783610754868255305,InstrumentType.Spot,866585320701887269,OrderType.Limit,Direction.Long,65000.159999999996,528090832,Side.Sell,,OrderStatus.Submitted,65000.159999999996,1653898000,BTC-USDT,TimeCondition.GTC,1783610754868255305,0.001,0.001,0.0
4194834854,2837957847,1783610754868558101,1783610754868560011,203,order,benchmark,True,0.0,0.0,,,mock,0.0,,1783610754868558101,InstrumentType.Spot,866585320701887270,OrderType.Limit,Direction.Long,64999.97,528092608,Side.Buy,,OrderStatus.Submitted,64999.97,1653898000,BTC-USDT,TimeCondition.GTC,1783610754868558101,0.001,0.001,0.0
4194834854,2837957847,1783610754868859833,1783610754868861826,203,order,benchmark,True,0.0,0.0,,,mock,0.0,,1783610754868859833,InstrumentType.Spot,866585320701887271,OrderType.Limit,Direction.Long,65000.18,528094384,Side.Sell,,OrderStatus.Submitted,65000.18,1653898000,BTC-USDT,TimeCondition.GTC,1783610754868859833,0.001,0.001,0.0
4194834854,2837957847,1783610754869157098,1783610754869159092,203,order,benchmark,True,0.0,0.0,,,mock,0.0,,1783610754869157098,InstrumentType.Spot,866585320701887272,OrderType.Limit,Direction.Long,64999.99,528096160,Side.Buy,,OrderStatus.Submitted,64999.99,1653898000,BTC-USDT,TimeCondition.GTC,1783610754869157098,0.001,0.001,0.0
4194834854,2837957847,1783610754869454082,1783610754869455943,203,order,benchmark,True,0.0,0.0,,,mock,0.0,,1783610754869454082,InstrumentType.Spot,866585320701887273,OrderType.Limit,Direction.Long,65000.2,528097936,Side.Sell,,OrderStatus.Submitted,65000.2,1653898000,BTC-USDT,TimeCondition.GTC,1783610754869454082,0.001,0.001,0.0
4194834854,2837957847,1783610754869758848,1783610754869760888,203,order,benchmark,True,0.0,0.0,,,mock,0.0,,1783610754869758848,InstrumentType.Spot,866585320701887274,OrderType.Limit,Direction.Long,65000.01,528099712,Side.Buy,,OrderStatus.Submitted,65000.01,1653898000,BTC-USDT,TimeCondition.GTC,1783610754869758848,0.001,0.001,0.0
4194834854,2837957847,1783610754870074438,1783610754870076696,203,order,benchmark,True,0.0,0.0,,,mock,0.0,,1783610754870074438,InstrumentType.Spot,866585320701887275,OrderType.Limit,Direction.Long,65000.22,528101488,Side.Sell,,OrderStatus.Submitted,65000.22,1653898000,BTC-USDT,TimeCondition.GTC,1783610754870074438,0.001,0.001,0.0
4194834854,2837957847,1783610754870358642,1783610754870360577,203,order,benchmark,True,0.0,0.0,,,mock,0.0,,1783610754870358642,InstrumentType.Spot,866585320701887276,OrderType.Limit,Direction.Long,65000.03,528103264,Side.Buy,,OrderStatus.Submitted,65000.03,1653898000,BTC-USDT,TimeCondition.GTC,1783610754870358642,0.001,0.001,0.0
4194834854,2837957847,1783610754870657630,1783610754870659724,203,order,benchmark,True,0.0,0.0,,,mock,0.0,,1783610754870657630,InstrumentType.Spot,866585320701887277,OrderType.Limit,Direction.Long,65000.24,528105040,Side.Sell,,OrderStatus.Submitted,65000.24,1653898000,BTC-USDT,TimeCondition.GTC,1783610754870657630,0.001,0.001,0.0
4194834854,2837957847,1783610754870956952,1783610754870958911,203,order,benchmark,True,0.0,0.0,,,mock,0.0,,1783610754870956952,InstrumentType.Spot,866585320701887278,OrderType.Limit,Direction.Long,65000.05,528106816,Side.Buy,,OrderStatus.Submitted,65000.05,1653898000,BTC-USDT,TimeCondition.GTC,1783610754870956952,0.001,0.001,0.0
4194834854,2837957847,1783610754871368040,1783610754871370139,203,order,benchmark,True,0.0,0.0,,,mock,0.0,,1783610754871368040,InstrumentType.Spot,866585320701887279,OrderType.Limit,Direction.Long,65000.26,528108592,Side.Sell,,OrderStatus.Submitted,65000.26,1653898000,BTC-USDT,TimeCondition.GTC,1783610754871368040,0.001,0.001,0.0
4194834854,2837957847,1783610754871587213,1783610754871589235,203,order,benchmark,True,0.0,0.0,,,mock,0.0,,1783610754871587213,InstrumentType.Spot,866585320701887280,OrderType.Limit,Direction.Long,65000.07,528110368,Side.Buy,,OrderStatus.Submitted,65000.07,1653898000,BTC-USDT,TimeCondition.GTC,1783610754871587213,0.001,0.001,0.0
4194834854,2837957847,1783610754871853000,1783610754871855051,203,order,benchmark,True,0.0,0.0,,,mock,0.0,,1783610754871853000,InstrumentType.Spot,866585320701887281,OrderType.Limit,Direction.Long,65000.28,528112144,Side.Sell,,OrderStatus.Submitted,65000.28,1653898000,BTC-USDT,TimeCondition.GTC,1783610754871853000,0.001,0.001,0.0
4194834854,2837957847,1783610754872160655,1783610754872162686,203,order,benchmark,True,0.0,0.0,,,mock,0.0,,1783610754872160655,InstrumentType.Spot,866585320701887282,OrderType.Limit,Direction.Long,65000.090000000004,528113920,Side.Buy,,OrderStatus.Submitted,65000.090000000004,1653898000,BTC-USDT,TimeCondition.GTC,1783610754872160655,0.001,0.001,0.0
4194834854,2837957847,1783610754872455475,1783610754872465371,203,order,benchmark,True,0.0,0.0,,,mock,0.0,,1783610754872455475,InstrumentType.Spot,866585320701887283,OrderType.Limit,Direction.Long,65000.299999999996,528115696,Side.Sell,,OrderStatus.Submitted,65000.299999999996,1653898000,BTC-USDT,TimeCondition.GTC,1783610754872455475,0.001,0.001,0.0
4194834854,2837957847,1783610754872764926,1783610754872767150,203,order,benchmark,True,0.0,0.0,,,mock,0.0,,1783610754872764926,InstrumentType.Spot,866585320701887284,OrderType.Limit,Direction.Long,65000.11,528117472,Side.Buy,,OrderStatus.Submitted,65000.11,1653898000,BTC-USDT,TimeCondition.GTC,1783610754872764926,0.001,0.001,0.0
4194834854,2837957847,1783610754873065564,1783610754873067472,203,order,benchmark,True,0.0,0.0,,,mock,0.0,,1783610754873065564,InstrumentType.Spot,866585320701887285,OrderType.Limit,Direction.Long,65000.32,528119248,Side.Sell,,OrderStatus.Submitted,65000.32,1653898000,BTC-USDT,TimeCondition.GTC,1783610754873065564,0.001,0.001,0.0
4194834854,2837957847,1783610754873636733,1783610754873638899,203,order,benchmark,True,0.0,0.0,,,mock,0.0,,1783610754873636733,InstrumentType.Spot,866585320701887286,OrderType.Limit,Direction.Long,65000.130000000005,528121024,Side.Buy,,OrderStatus.Submitted,65000.130000000005,1653898000,BTC-USDT,TimeCondition.GTC,1783610754873636733,0.001,0.001,0.0
4194834854,2837957847,1783610754873653078,1783610754873654562,203,order,benchmark,True,0.0,0.0,,,mock,0.0,,1783610754873653078,InstrumentType.Spot,866585320701887287,OrderType.Limit,Direction.Long,65000.34,528122800,Side.Sell,,OrderStatus.Submitted,65000.34,1653898000,BTC-USDT,TimeCondition.GTC,1783610754873653078,0.001,0.001,0.0
4194834854,2837957847,1783610754873993187,1783610754874000854,203,order,benchmark,True,0.0,0.0,,,mock,0.0,,1783610754873993187,InstrumentType.Spot,866585320701887288,OrderType.Limit,Direction.Long,65000.15,528124576,Side.Buy,,OrderStatus.Submitted,65000.15,1653898000,BTC-USDT,TimeCondition.GTC,1783610754873993187,0.001,0.001,0.0
4194834854,2837957847,1783610754874254520,1783610754874256468,203,order,benchmark,True,0.0,0.0,,,mock,0.0,,1783610754874254520,InstrumentType.Spot,866585320701887289,OrderType.Limit,Direction.Long,65000.36,528126352,Side.Sell,,OrderStatus.Submitted,65000.36,1653898000,BTC-USDT,TimeCondition.GTC,1783610754874254520,0.001,0.001,0.0
4194834854,2837957847,1783610754874560072,1783610754874562137,203,order,benchmark,True,0.0,0.0,,,mock,0.0,,1783610754874560072,InstrumentType.Spot,866585320701887290,OrderType.Limit,Direction.Long,65000.17,528128128,Side.Buy,,OrderStatus.Submitted,65000.17,1653898000,BTC-USDT,TimeCondition.GTC,1783610754874560072,0.001,0.001,0.0
4194834854,2837957847,1783610754874855988,1783610754874858560,203,order,benchmark,True,0.0,0.0,,,mock,0.0,,1783610754874855988,InstrumentType.Spot,866585320701887291,OrderType.Limit,Direction.Long,65000.38,528129904,Side.Sell,,OrderStatus.Submitted,65000.38,1653898000,BTC-USDT,TimeCondition.GTC,1783610754874855988,0.001,0.001,0.0
4194834854,2837957847,1783610754875395094,1783610754875398572,203,order,benchmark,True,0.0,0.0,,,mock,0.0,,1783610754875395094,InstrumentType.Spot,866585320701887292,OrderType.Limit,Direction.Long,65000.19,528131680,Side.Buy,,OrderStatus.Submitted,65000.19,1653898000,BTC-USDT,TimeCondition.GTC,1783610754875395094,0.001,0.001,0.0
4194834854,2837957847,1783610754875416700,1783610754875418271,203,order,benchmark,True,0.0,0.0,,,mock,0.0,,1783610754875416700,InstrumentType.Spot,866585320701887293,OrderType.Limit,Direction.Long,65000.4,528133424,Side.Sell,,OrderStatus.Submitted,65000.4,1653898000,BTC-USDT,TimeCondition.GTC,1783610754875416700,0.001,0.001,0.0
4194834854,2837957847,1783610754875774297,1783610754875776671,203,order,benchmark,True,0.0,0.0,,,mock,0.0,,1783610754875774297,InstrumentType.Spot,866585320701887294,OrderType.Limit,Direction.Long,65000.21,528135232,Side.Buy,,OrderStatus.Submitted,65000.21,1653898000,BTC-USDT,TimeCondition.GTC,1783610754875774297,0.001,0.001,0.0
4194834854,2837957847,1783610754876069617,1783610754876071573,203,order,benchmark,True,0.0,0.0,,,mock,0.0,,1783610754876069617,InstrumentType.Spot,866585320701887295,OrderType.Limit,Direction.Long,65000.42,528137008,Side.Sell,,OrderStatus.Submitted,65000.42,1653898000,BTC-USDT,TimeCondition.GTC,1783610754876069617,0.001,0.001,0.0
4194834854,2837957847,1783610754876356259,1783610754876367831,203,order,benchmark,True,0.0,0.0,,,mock,0.0,,1783610754876356259,InstrumentType.Spot,866585320701887296,OrderType.Limit,Direction.Long,65000.23,528138784,Side.Buy,,OrderStatus.Submitted,65000.23,1653898000,BTC-USDT,TimeCondition.GTC,1783610754876356259,0.001,0.001,0.0
4194834854,2837957847,1783610754876658393,1783610754876660557,203,order,benchmark,True,0.0,0.0,,,mock,0.0,,1783610754876658393,InstrumentType.Spot,866585320701887297,OrderType.Limit,Direction.Long,65000.439999999995,528140560,Side.Sell,,OrderStatus.Submitted,65000.439999999995,1653898000,BTC-USDT,TimeCondition.GTC,1783610754876658393,0.001,0.001,0.0
4194834854,2837957847,1783610754876963415,1783610754876965615,203,order,benchmark,True,0.0,0.0,,,mock,0.0,,1783610754876963415,InstrumentType.Spot,866585320701887298,OrderType.Limit,Direction.Long,65000.25,528142336,Side.Buy,,OrderStatus.Submitted,65000.25,1653898000,BTC-USDT,TimeCondition.GTC,1783610754876963415,0.001,0.001,0.0
4194834854,2837957847,1783610754877267919,1783610754877270275,203,order,benchmark,True,0.0,0.0,,,mock,0.0,,1783610754877267919,InstrumentType.Spot,866585320701887299,OrderType.Limit,Direction.Long,65000.46,528144112,Side.Sell,,OrderStatus.Submitted,65000.46,1653898000,BTC-USDT,TimeCondition.GTC,1783610754877267919,0.001,0.001,0.0
4194834854,2837957847,1783610754877561935,1783610754877563967,203,order,benchmark,True,0.0,0.0,,,mock,0.0,,1783610754877561935,InstrumentType.Spot,866585320701887300,OrderType.Limit,Direction.Long,65000.270000000004,528145888,Side.Buy,,OrderStatus.Submitted,65000.270000000004,1653898000,BTC-USDT,TimeCondition.GTC,1783610754877561935,0.001,0.001,0.0
4194834854,2837957847,1783610754877863314,1783610754877865286,203,order,benchmark,True,0.0,0.0,,,mock,0.0,,1783610754877863314,InstrumentType.Spot,866585320701887301,OrderType.Limit,Direction.Long,65000.479999999996,528147664,Side.Sell,,OrderStatus.Submitted,65000.479999999996,1653898000,BTC-USDT,TimeCondition.GTC,1783610754877863314,0.001,0.001,0.0
4194834854,2837957847,1783610754878168228,1783610754878170365,203,order,benchmark,True,0.0,0.0,,,mock,0.0,,1783610754878168228,InstrumentType.Spot,866585320701887302,OrderType.Limit,Direction.Long,65000.29,528149440,Side.Buy,,OrderStatus.Submitted,65000.29,1653898000,BTC-USDT,TimeCondition.GTC,1783610754878168228,0.001,0.001,0.0
4194834854,2837957847,1783610754878480309,1783610754878482338,203,order,benchmark,True,0.0,0.0,,,mock,0.0,,1783610754878480309,InstrumentType.Spot,866585320701887303,OrderType.Limit,Direction.Long,65000.5,528151216,Side.Sell,,OrderStatus.Submitted,65000.5,1653898000,BTC-USDT,TimeCondition.GTC,1783610754878480309,0.001,0.001,0.0
4194834854,2837957847,1783610754878763150,1783610754878765148,203,order,benchmark,True,0.0,0.0,,,mock,0.0,,1783610754878763150,InstrumentType.Spot,866585320701887304,OrderType.Limit,Direction.Long,65000.310000000005,528152992,Side.Buy,,OrderStatus.Submitted,65000.310000000005,1653898000,BTC-USDT,TimeCondition.GTC,1783610754878763150,0.001,0.001,0.0
4194834854,2837957847,1783610754879076241,1783610754879078247,203,order,benchmark,True,0.0,0.0,,,mock,0.0,,1783610754879076241,InstrumentType.Spot,866585320701887305,OrderType.Limit,Direction.Long,65000.52,528154768,Side.Sell,,OrderStatus.Submitted,65000.52,1653898000,BTC-USDT,TimeCondition.GTC,1783610754879076241,0.001,0.001,0.0
4194834854,2837957847,1783610754879352680,1783610754879354509,203,order,benchmark,True,0.0,0.0,,,mock,0.0,,1783610754879352680,InstrumentType.Spot,866585320701887306,OrderType.Limit,Direction.Long,65000.33,528156544,Side.Buy,,OrderStatus.Submitted,65000.33,1653898000,BTC-USDT,TimeCondition.GTC,1783610754879352680,0.001,0.001,0.0
4194834854,2837957847,1783610754879657482,1783610754879659523,203,order,benchmark,True,0.0,0.0,,,mock,0.0,,1783610754879657482,InstrumentType.Spot,866585320701887307,OrderType.Limit,Direction.Long,65000.54,528158320,Side.Sell,,OrderStatus.Submitted,65000.54,1653898000,BTC-USDT,TimeCondition.GTC,1783610754879657482,0.001,0.001,0.0
4194834854,2837957847,1783610754879955977,1783610754879957800,203,order,benchmark,True,0.0,0.0,,,mock,0.0,,1783610754879955977,InstrumentType.Spot,866585320701887308,OrderType.Limit,Direction.Long,65000.35,528160096,Side.Buy,,OrderStatus.Submitted,65000.35,1653898000,BTC-USDT,TimeCondition.GTC,1783610754879955977,0.001,0.001,0.0
4194834854,2837957847,1783610754880256515,1783610754880361238,203,order,benchmark,True,0.0,0.0,,,mock,0.0,,1783610754880256515,InstrumentType.Spot,866585320701887309,OrderType.Limit,Direction.Long,65000.56,528161872,Side.Sell,,OrderStatus.Submitted,65000.56,1653898000,BTC-USDT,TimeCondition.GTC,1783610754880256515,0.001,0.001,0.0
4194834854,2837957847,1783610754880626021,1783610754880628981,203,order,benchmark,True,0.0,0.0,,,mock,0.0,,1783610754880626021,InstrumentType.Spot,866585320701887310,OrderType.Limit,Direction.Long,65000.37,528163648,Side.Buy,,OrderStatus.Submitted,65000.37,1653898000,BTC-USDT,TimeCondition.GTC,1783610754880626021,0.001,0.001,0.0
4194834854,2837957847,1783610754880993606,1783610754881000715,203,order,benchmark,True,0.0,0.0,,,mock,0.0,,1783610754880993606,InstrumentType.Spot,866585320701887311,OrderType.Limit,Direction.Long,65000.58,528165424,Side.Sell,,OrderStatus.Submitted,65000.58,1653898000,BTC-USDT,TimeCondition.GTC,1783610754880993606,0.001,0.001,0.0
4194834854,2837957847,1783610754881204780,1783610754881206717,203,order,benchmark,True,0.0,0.0,,,mock,0.0,,1783610754881204780,InstrumentType.Spot,866585320701887312,OrderType.Limit,Direction.Long,65000.39,528167200,Side.Buy,,OrderStatus.Submitted,65000.39,1653898000,BTC-USDT,TimeCondition.GTC,1783610754881204780,0.001,0.001,0.0
4194834854,2837957847,1783610754881467745,1783610754881469756,203,order,benchmark,True,0.0,0.0,,,mock,0.0,,1783610754881467745,InstrumentType.Spot,866585320701887313,OrderType.Limit,Direction.Long,65000.6,528168976,Side.Sell,,OrderStatus.Submitted,65000.6,1653898000,BTC-USDT,TimeCondition.GTC,1783610754881467745,0.001,0.001,0.0
4194834854,2837957847,1783610754881757523,1783610754881759667,203,order,benchmark,True,0.0,0.0,,,mock,0.0,,1783610754881757523,InstrumentType.Spot,866585320701887314,OrderType.Limit,Direction.Long,65000.41,528170752,Side.Buy,,OrderStatus.Submitted,65000.41,1653898000,BTC-USDT,TimeCondition.GTC,1783610754881757523,0.001,0.001,0.0
4194834854,2837957847,1783610754882365364,1783610754882368767,203,order,benchmark,True,0.0,0.0,,,mock,0.0,,1783610754882365364,InstrumentType.Spot,866585320701887315,OrderType.Limit,Direction.Long,65000.619999999995,528172528,Side.Sell,,OrderStatus.Submitted,65000.619999999995,1653898000,BTC-USDT,TimeCondition.GTC,1783610754882365364,0.001,0.001,0.0
4194834854,2837957847,1783610754882388967,1783610754882391154,203,order,benchmark,True,0.0,0.0,,,mock,0.0,,1783610754882388967,InstrumentType.Spot,866585320701887316,OrderType.Limit,Direction.Long,65000.43,528174272,Side.Buy,,OrderStatus.Submitted,65000.43,1653898000,BTC-USDT,TimeCondition.GTC,1783610754882388967,0.001,0.001,0.0
4194834854,2837957847,1783610754883241230,1783610754883243591,203,order,benchmark,True,0.0,0.0,,,mock,0.0,,1783610754883241230,InstrumentType.Spot,866585320701887317,OrderType.Limit,Direction.Long,65000.64,528176080,Side.Sell,,OrderStatus.Submitted,65000.64,1653898000,BTC-USDT,TimeCondition.GTC,1783610754883241230,0.001,0.001,0.0
4194834854,2837957847,1783610754883258640,1783610754883260144,203,order,benchmark,True,0.0,0.0,,,mock,0.0,,1783610754883258640,InstrumentType.Spot,866585320701887318,OrderType.Limit,Direction.Long,65000.450000000004,528177824,Side.Buy,,OrderStatus.Submitted,65000.450000000004,1653898000,BTC-USDT,TimeCondition.GTC,1783610754883258640,0.001,0.001,0.0
4194834854,2837957847,1783610754883272057,1783610754883273385,203,order,benchmark,True,0.0,0.0,,,mock,0.0,,1783610754883272057,InstrumentType.Spot,866585320701887319,OrderType.Limit,Direction.Long,65000.659999999996,528179600,Side.Sell,,OrderStatus.Submitted,65000.659999999996,1653898000,BTC-USDT,TimeCondition.GTC,1783610754883272057,0.001,0.001,0.0
4194834854,2837957847,1783610754883496178,1783610754883498866,203,order,benchmark,True,0.0,0.0,,,mock,0.0,,1783610754883496178,InstrumentType.Spot,866585320701887320,OrderType.Limit,Direction.Long,65000.47,528181408,Side.Buy,,OrderStatus.Submitted,65000.47,1653898000,BTC-USDT,TimeCondition.GTC,1783610754883496178,0.001,0.001,0.0
4194834854,2837957847,1783610754883857182,1783610754883859193,203,order,benchmark,True,0.0,0.0,,,mock,0.0,,1783610754883857182,InstrumentType.Spot,866585320701887321,OrderType.Limit,Direction.Long,65000.68,528183184,Side.Sell,,OrderStatus.Submitted,65000.68,1653898000,BTC-USDT,TimeCondition.GTC,1783610754883857182,0.001,0.001,0.0
4194834854,2837957847,1783610754884163331,1783610754884174327,203,order,benchmark,True,0.0,0.0,,,mock,0.0,,1783610754884163331,InstrumentType.Spot,866585320701887322,OrderType.Limit,Direction.Long,65000.49,528184960,Side.Buy,,OrderStatus.Submitted,65000.49,1653898000,BTC-USDT,TimeCondition.GTC,1783610754884163331,0.001,0.001,0.0
4194834854,2837957847,1783610754884716959,1783610754884719364,203,order,benchmark,True,0.0,0.0,,,mock,0.0,,1783610754884716959,InstrumentType.Spot,866585320701887323,OrderType.Limit,Direction.Long,65000.7,528186736,Side.Sell,,OrderStatus.Submitted,65000.7,1653898000,BTC-USDT,TimeCondition.GTC,1783610754884716959,0.001,0.001,0.0
4194834854,2837957847,1783610754884810880,1783610754884812665,203,order,benchmark,True,0.0,0.0,,,mock,0.0,,1783610754884810880,InstrumentType.Spot,866585320701887324,OrderType.Limit,Direction.Long,65000.51,528188512,Side.Buy,,OrderStatus.Submitted,65000.51,1653898000,BTC-USDT,TimeCondition.GTC,1783610754884810880,0.001,0.001,0.0
4194834854,2837957847,1783610754885110132,1783610754885112183,203,order,benchmark,True,0.0,0.0,,,mock,0.0,,1783610754885110132,InstrumentType.Spot,866585320701887325,OrderType.Limit,Direction.Long,65000.72,528011888,Side.Sell,,OrderStatus.Submitted,65000.72,1653898000,BTC-USDT,TimeCondition.GTC,1783610754885110132,0.001,0.001,0.0
4194834854,2837957847,1783610754885362867,1783610754885365049,203,order,benchmark,True,0.0,0.0,,,mock,0.0,,1783610754885362867,InstrumentType.Spot,866585320701887326,OrderType.Limit,Direction.Long,65000.53,528013664,Side.Buy,,OrderStatus.Submitted,65000.53,1653898000,BTC-USDT,TimeCondition.GTC,1783610754885362867,0.001,0.001,0.0
4194834854,2837957847,1783610754885655897,1783610754885657674,203,order,benchmark,True,0.0,0.0,,,mock,0.0,,1783610754885655897,InstrumentType.Spot,866585320701887327,OrderType.Limit,Direction.Long,65000.74,528015440,Side.Sell,,OrderStatus.Submitted,65000.74,1653898000,BTC-USDT,TimeCondition.GTC,1783610754885655897,0.001,0.001,0.0
4194834854,2837957847,1783610754885960228,1783610754885962231,203,order,benchmark,True,0.0,0.0,,,mock,0.0,,1783610754885960228,InstrumentType.Spot,866585320701887328,OrderType.Limit,Direction.Long,65000.55,528017216,Side.Buy,,OrderStatus.Submitted,65000.55,1653898000,BTC-USDT,TimeCondition.GTC,1783610754885960228,0.001,0.001,0.0
4194834854,2837957847,1783610754886256869,1783610754886258790,203,order,benchmark,True,0.0,0.0,,,mock,0.0,,1783610754886256869,InstrumentType.Spot,866585320701887329,OrderType.Limit,Direction.Long,65000.76,528018208,Side.Sell,,OrderStatus.Submitted,65000.76,1653898000,BTC-USDT,TimeCondition.GTC,1783610754886256869,0.001,0.001,0.0
4194834854,2837957847,1783610754886553182,1783610754886555058,203,order,benchmark,True,0.0,0.0,,,mock,0.0,,1783610754886553182,InstrumentType.Spot,866585320701887330,OrderType.Limit,Direction.Long,65000.57,528200064,Side.Buy,,OrderStatus.Submitted,65000.57,1653898000,BTC-USDT,TimeCondition.GTC,1783610754886553182,0.001,0.001,0.0
4194834854,2837957847,1783610754886857763,1783610754886859934,203,order,benchmark,True,0.0,0.0,,,mock,0.0,,1783610754886857763,InstrumentType.Spot,866585320701887331,OrderType.Limit,Direction.Long,65000.78,528201840,Side.Sell,,OrderStatus.Submitted,65000.78,1653898000,BTC-USDT,TimeCondition.GTC,1783610754886857763,0.001,0.001,0.0
4194834854,2837957847,1783610754887169963,1783610754887172084,203,order,benchmark,True,0.0,0.0,,,mock,0.0,,1783610754887169963,InstrumentType.Spot,866585320701887332,OrderType.Limit,Direction.Long,65000.590000000004,528203616,Side.Buy,,OrderStatus.Submitted,65000.590000000004,1653898000,BTC-USDT,TimeCondition.GTC,1783610754887169963,0.001,0.001,0.0
4194834854,2837957847,1783610754887453569,1783610754887455550,203,order,benchmark,True,0.0,0.0,,,mock,0.0,,1783610754887453569,InstrumentType.Spot,866585320701887333,OrderType.Limit,Direction.Long,65000.799999999996,528205392,Side.Sell,,OrderStatus.Submitted,65000.799999999996,1653898000,BTC-USDT,TimeCondition.GTC,1783610754887453569,0.001,0.001,0.0
4194834854,2837957847,1783610754887867700,1783610754887869683,203,order,benchmark,True,0.0,0.0,,,mock,0.0,,1783610754887867700,InstrumentType.Spot,866585320701887334,OrderType.Limit,Direction.Long,65000.61,528207168,Side.Buy,,OrderStatus.Submitted,65000.61,1653898000,BTC-USDT,TimeCondition.GTC,1783610754887867700,0.001,0.001,0.0
4194834854,2837957847,1783610754888099244,1783610754888127337,203,order,benchmark,True,0.0,0.0,,,mock,0.0,,1783610754888099244,InstrumentType.Spot,866585320701887335,OrderType.Limit,Direction.Long,65000.82,528208944,Side.Sell,,OrderStatus.Submitted,65000.82,1653898000,BTC-USDT,TimeCondition.GTC,1783610754888099244,0.001,0.001,0.0
4194834854,2837957847,1783610754888359103,1783610754888360971,203,order,benchmark,True,0.0,0.0,,,mock,0.0,,1783610754888359103,InstrumentType.Spot,866585320701887336,OrderType.Limit,Direction.Long,65000.630000000005,528210720,Side.Buy,,OrderStatus.Submitted,65000.630000000005,1653898000,BTC-USDT,TimeCondition.GTC,1783610754888359103,0.001,0.001,0.0
4194834854,2837957847,1783610754888658887,1783610754888660923,203,order,benchmark,True,0.0,0.0,,,mock,0.0,,1783610754888658887,InstrumentType.Spot,866585320701887337,OrderType.Limit,Direction.Long,65000.84,528212496,Side.Sell,,OrderStatus.Submitted,65000.84,1653898000,BTC-USDT,TimeCondition.GTC,1783610754888658887,0.001,0.001,0.0
4194834854,2837957847,1783610754888962068,1783610754888963998,203,order,benchmark,True,0.0,0.0,,,mock,0.0,,1783610754888962068,InstrumentType.Spot,866585320701887338,OrderType.Limit,Direction.Long,65000.65,528214272,Side.Buy,,OrderStatus.Submitted,65000.65,1653898000,BTC-USDT,TimeCondition.GTC,1783610754888962068,0.001,0.001,0.0
4194834854,2837957847,1783610754889262666,1783610754889264716,203,order,benchmark,True,0.0,0.0,,,mock,0.0,,1783610754889262666,InstrumentType.Spot,866585320701887339,OrderType.Limit,Direction.Long,65000.86,528216048,Side.Sell,,OrderStatus.Submitted,65000.86,1653898000,BTC-USDT,TimeCondition.GTC,1783610754889262666,0.001,0.001,0.0
4194834854,2837957847,1783610754889560350,1783610754889562407,203,order,benchmark,True,0.0,0.0,,,mock,0.0,,1783610754889560350,InstrumentType.Spot,866585320701887340,OrderType.Limit,Direction.Long,65000.67,528217824,Side.Buy,,OrderStatus.Submitted,65000.67,1653898000,BTC-USDT,TimeCondition.GTC,1783610754889560350,0.001,0.001,0.0
4194834854,2837957847,1783610754889858824,1783610754889860834,203,order,benchmark,True,0.0,0.0,,,mock,0.0,,1783610754889858824,InstrumentType.Spot,866585320701887341,OrderType.Limit,Direction.Long,65000.88,528219600,Side.Sell,,OrderStatus.Submitted,65000.88,1653898000,BTC-USDT,TimeCondition.GTC,1783610754889858824,0.001,0.001,0.0
4194834854,2837957847,1783610754890165554,1783610754890167769,203,order,benchmark,True,0.0,0.0,,,mock,0.0,,1783610754890165554,InstrumentType.Spot,866585320701887342,OrderType.Limit,Direction.Long,65000.69,528221376,Side.Buy,,OrderStatus.Submitted,65000.69,1653898000,BTC-USDT,TimeCondition.GTC,1783610754890165554,0.001,0.001,0.0
4194834854,2837957847,1783610754890460633,1783610754890462634,203,order,benchmark,True,0.0,0.0,,,mock,0.0,,1783610754890460633,InstrumentType.Spot,866585320701887343,OrderType.Limit,Direction.Long,65000.9,528223152,Side.Sell,,OrderStatus.Submitted,65000.9,1653898000,BTC-USDT,TimeCondition.GTC,1783610754890460633,0.001,0.001,0.0
4194834854,2837957847,1783610754890758832,1783610754890760920,203,order,benchmark,True,0.0,0.0,,,mock,0.0,,1783610754890758832,InstrumentType.Spot,866585320701887344,OrderType.Limit,Direction.Long,65000.71,528224928,Side.Buy,,OrderStatus.Submitted,65000.71,1653898000,BTC-USDT,TimeCondition.GTC,1783610754890758832,0.001,0.001,0.0
4194834854,2837957847,1783610754891065477,1783610754891067430,203,order,benchmark,True,0.0,0.0,,,mock,0.0,,1783610754891065477,InstrumentType.Spot,866585320701887345,OrderType.Limit,Direction.Long,65000.92,528226704,Side.Sell,,OrderStatus.Submitted,65000.92,1653898000,BTC-USDT,TimeCondition.GTC,1783610754891065477,0.001,0.001,0.0
4194834854,2837957847,1783610754891359792,1783610754891361752,203,order,benchmark,True,0.0,0.0,,,mock,0.0,,1783610754891359792,InstrumentType.Spot,866585320701887346,OrderType.Limit,Direction.Long,65000.73,528228480,Side.Buy,,OrderStatus.Submitted,65000.73,1653898000,BTC-USDT,TimeCondition.GTC,1783610754891359792,0.001,0.001,0.0
4194834854,2837957847,1783610754891658242,1783610754891660341,203,order,benchmark,True,0.0,0.0,,,mock,0.0,,1783610754891658242,InstrumentType.Spot,866585320701887347,OrderType.Limit,Direction.Long,65000.939999999995,528230256,Side.Sell,,OrderStatus.Submitted,65000.939999999995,1653898000,BTC-USDT,TimeCondition.GTC,1783610754891658242,0.001,0.001,0.0
4194834854,2837957847,1783610754891957509,1783610754891959534,203,order,benchmark,True,0.0,0.0,,,mock,0.0,,1783610754891957509,InstrumentType.Spot,866585320701887348,OrderType.Limit,Direction.Long,65000.75,528232032,Side.Buy,,OrderStatus.Submitted,65000.75,1653898000,BTC-USDT,TimeCondition.GTC,1783610754891957509,0.001,0.001,0.0
4194834854,2837957847,1783610754892255516,1783610754892265484,203,order,benchmark,True,0.0,0.0,,,mock,0.0,,1783610754892255516,InstrumentType.Spot,866585320701887349,OrderType.Limit,Direction.Long,65000.96,528233808,Side.Sell,,OrderStatus.Submitted,65000.96,1653898000,BTC-USDT,TimeCondition.GTC,1783610754892255516,0.001,0.001,0.0
4194834854,2837957847,1783610754892553880,1783610754892555807,203,order,benchmark,True,0.0,0.0,,,mock,0.0,,1783610754892553880,InstrumentType.Spot,866585320701887350,OrderType.Limit,Direction.Long,65000.770000000004,528235584,Side.Buy,,OrderStatus.Submitted,65000.770000000004,1653898000,BTC-USDT,TimeCondition.GTC,1783610754892553880,0.001,0.001,0.0
4194834854,2837957847,1783610754892870007,1783610754892872205,203,order,benchmark,True,0.0,0.0,,,mock,0.0,,1783610754892870007,InstrumentType.Spot,866585320701887351,OrderType.Limit,Direction.Long,65000.979999999996,528237360,Side.Sell,,OrderStatus.Submitted,65000.979999999996,1653898000,BTC-USDT,TimeCondition.GTC,1783610754892870007,0.001,0.001,0.0
4194834854,2837957847,1783610754893157997,1783610754893159936,203,order,benchmark,True,0.0,0.0,,,mock,0.0,,1783610754893157997,InstrumentType.Spot,866585320701887352,OrderType.Limit,Direction.Long,65000.79,528239136,Side.Buy,,OrderStatus.Submitted,65000.79,1653898000,BTC-USDT,TimeCondition.GTC,1783610754893157997,0.001,0.001,0.0
4194834854,2837957847,1783610754893460774,1783610754893462883,203,order,benchmark,True,0.0,0.0,,,mock,0.0,,1783610754893460774,InstrumentType.Spot,866585320701887353,OrderType.Limit,Direction.Long,65001.0,528240912,Side.Sell,,OrderStatus.Submitted,65001.0,1653898000,BTC-USDT,TimeCondition.GTC,1783610754893460774,0.001,0.001,0.0
4194834854,2837957847,1783610754893758290,1783610754893760391,203,order,benchmark,True,0.0,0.0,,,mock,0.0,,1783610754893758290,InstrumentType.Spot,866585320701887354,OrderType.Limit,Direction.Long,65000.810000000005,528242688,Side.Buy,,OrderStatus.Submitted,65000.810000000005,1653898000,BTC-USDT,TimeCondition.GTC,1783610754893758290,0.001,0.001,0.0
4194834854,2837957847,1783610754894065781,1783610754894067880,203,order,benchmark,True,0.0,0.0,,,mock,0.0,,1783610754894065781,InstrumentType.Spot,866585320701887355,OrderType.Limit,Direction.Long,65001.02,528244464,Side.Sell,,OrderStatus.Submitted,65001.02,1653898000,BTC-USDT,TimeCondition.GTC,1783610754894065781,0.001,0.001,0.0
4194834854,2837957847,1783610754894354983,1783610754894356892,203,order,benchmark,True,0.0,0.0,,,mock,0.0,,1783610754894354983,InstrumentType.Spot,866585320701887356,OrderType.Limit,Direction.Long,65000.83,528246240,Side.Buy,,OrderStatus.Submitted,65000.83,1653898000,BTC-USDT,TimeCondition.GTC,1783610754894354983,0.001,0.001,0.0
4194834854,2837957847,1783610754894659204,1783610754894661274,203,order,benchmark,True,0.0,0.0,,,mock,0.0,,1783610754894659204,InstrumentType.Spot,866585320701887357,OrderType.Limit,Direction.Long,65001.04,528248016,Side.Sell,,OrderStatus.Submitted,65001.04,1653898000,BTC-USDT,TimeCondition.GTC,1783610754894659204,0.001,0.001,0.0
4194834854,2837957847,1783610754895074919,1783610754895077187,203,order,benchmark,True,0.0,0.0,,,mock,0.0,,1783610754895074919,InstrumentType.Spot,866585320701887358,OrderType.Limit,Direction.Long,65000.85,528249792,Side.Buy,,OrderStatus.Submitted,65000.85,1653898000,BTC-USDT,TimeCondition.GTC,1783610754895074919,0.001,0.001,0.0
4194834854,2837957847,1783610754895289078,1783610754895291057,203,order,benchmark,True,0.0,0.0,,,mock,0.0,,1783610754895289078,InstrumentType.Spot,866585320701887359,OrderType.Limit,Direction.Long,65001.06,528251568,Side.Sell,,OrderStatus.Submitted,65001.06,1653898000,BTC-USDT,TimeCondition.GTC,1783610754895289078,0.001,0.001,0.0
4194834854,2837957847,1783610754895813621,1783610754895816927,203,order,benchmark,True,0.0,0.0,,,mock,0.0,,1783610754895813621,InstrumentType.Spot,866585320701887360,OrderType.Limit,Direction.Long,65000.87,528253344,Side.Buy,,OrderStatus.Submitted,65000.87,1653898000,BTC-USDT,TimeCondition.GTC,1783610754895813621,0.001,0.001,0.0
4194834854,2837957847,1783610754896087282,1783610754896095225,203,order,benchmark,True,0.0,0.0,,,mock,0.0,,1783610754896087282,InstrumentType.Spot,866585320701887361,OrderType.Limit,Direction.Long,65001.08,528255120,Side.Sell,,OrderStatus.Submitted,65001.08,1653898000,BTC-USDT,TimeCondition.GTC,1783610754896087282,0.001,0.001,0.0
4194834854,2837957847,1783610754896309710,1783610754896329968,203,order,benchmark,True,0.0,0.0,,,mock,0.0,,1783610754896309710,InstrumentType.Spot,866585320701887362,OrderType.Limit,Direction.Long,65000.89,528256896,Side.Buy,,OrderStatus.Submitted,65000.89,1653898000,BTC-USDT,TimeCondition.GTC,1783610754896309710,0.001,0.001,0.0
4194834854,2837957847,1783610754896593940,1783610754896600805,203,order,benchmark,True,0.0,0.0,,,mock,0.0,,1783610754896593940,InstrumentType.Spot,866585320701887363,OrderType.Limit,Direction.Long,65000.1,528258672,Side.Sell,,OrderStatus.Submitted,65000.1,1653898000,BTC-USDT,TimeCondition.GTC,1783610754896593940,0.001,0.001,0.0
4194834854,2837957847,1783610754896881773,1783610754896889258,203,order,benchmark,True,0.0,0.0,,,mock,0.0,,1783610754896881773,InstrumentType.Spot,866585320701887364,OrderType.Limit,Direction.Long,64999.91,528260448,Side.Buy,,OrderStatus.Submitted,64999.91,1653898000,BTC-USDT,TimeCondition.GTC,1783610754896881773,0.001,0.001,0.0
4194834854,2837957847,1783610754897313594,1783610754897320198,203,order,benchmark,True,0.0,0.0,,,mock,0.0,,1783610754897313594,InstrumentType.Spot,866585320701887365,OrderType.Limit,Direction.Long,65000.119999999995,528262224,Side.Sell,,OrderStatus.Submitted,65000.119999999995,1653898000,BTC-USDT,TimeCondition.GTC,1783610754897313594,0.001,0.001,0.0
4194834854,2837957847,1783610754897351187,1783610754897370946,203,order,benchmark,True,0.0,0.0,,,mock,0.0,,1783610754897351187,InstrumentType.Spot,866585320701887366,OrderType.Limit,Direction.Long,64999.93,528263968,Side.Buy,,OrderStatus.Submitted,64999.93,1653898000,BTC-USDT,TimeCondition.GTC,1783610754897351187,0.001,0.001,0.0
4194834854,2837957847,1783610754897662124,1783610754897664144,203,order,benchmark,True,0.0,0.0,,,mock,0.0,,1783610754897662124,InstrumentType.Spot,866585320701887367,OrderType.Limit,Direction.Long,65000.14,528265776,Side.Sell,,OrderStatus.Submitted,65000.14,1653898000,BTC-USDT,TimeCondition.GTC,1783610754897662124,0.001,0.001,0.0
4194834854,2837957847,1783610754897960225,1783610754897963046,203,order,benchmark,True,0.0,0.0,,,mock,0.0,,1783610754897960225,InstrumentType.Spot,866585320701887368,OrderType.Limit,Direction.Long,64999.950000000004,528267552,Side.Buy,,OrderStatus.Submitted,64999.950000000004,1653898000,BTC-USDT,TimeCondition.GTC,1783610754897960225,0.001,0.001,0.0
4194834854,2837957847,1783610754898256462,1783610754898258465,203,order,benchmark,True,0.0,0.0,,,mock,0.0,,1783610754898256462,InstrumentType.Spot,866585320701887369,OrderType.Limit,Direction.Long,65000.159999999996,528269328,Side.Sell,,OrderStatus.Submitted,65000.159999999996,1653898000,BTC-USDT,TimeCondition.GTC,1783610754898256462,0.001,0.001,0.0
4194834854,2837957847,1783610754898574023,1783610754898576472,203,order,benchmark,True,0.0,0.0,,,mock,0.0,,1783610754898574023,InstrumentType.Spot,866585320701887370,OrderType.Limit,Direction.Long,64999.97,528271104,Side.Buy,,OrderStatus.Submitted,64999.97,1653898000,BTC-USDT,TimeCondition.GTC,1783610754898574023,0.001,0.001,0.0
4194834854,2837957847,1783610754898857305,1783610754898859186,203,order,benchmark,True,0.0,0.0,,,mock,0.0,,1783610754898857305,InstrumentType.Spot,866585320701887371,OrderType.Limit,Direction.Long,65000.18,528272880,Side.Sell,,OrderStatus.Submitted,65000.18,1653898000,BTC-USDT,TimeCondition.GTC,1783610754898857305,0.001,0.001,0.0
4194834854,2837957847,1783610754899157830,1783610754899160150,203,order,benchmark,True,0.0,0.0,,,mock,0.0,,1783610754899157830,InstrumentType.Spot,866585320701887372,OrderType.Limit,Direction.Long,64999.99,528274656,Side.Buy,,OrderStatus.Submitted,64999.99,1653898000,BTC-USDT,TimeCondition.GTC,1783610754899157830,0.001,0.001,0.0
4194834854,2837957847,1783610754899456172,1783610754899458037,203,order,benchmark,True,0.0,0.0,,,mock,0.0,,1783610754899456172,InstrumentType.Spot,866585320701887373,OrderType.Limit,Direction.Long,65000.2,528276432,Side.Sell,,OrderStatus.Submitted,65000.2,1653898000,BTC-USDT,TimeCondition.GTC,1783610754899456172,0.001,0.001,0.0
4194834854,2837957847,1783610754899759747,1783610754899761838,203,order,benchmark,True,0.0,0.0,,,mock,0.0,,1783610754899759747,InstrumentType.Spot,866585320701887374,OrderType.Limit,Direction.Long,65000.01,528278208,Side.Buy,,OrderStatus.Submitted,65000.01,1653898000,BTC-USDT,TimeCondition.GTC,1783610754899759747,0.001,0.001,0.0
4194834854,2837957847,1783610754900066228,1783610754900078833,203,order,benchmark,True,0.0,0.0,,,mock,0.0,,1783610754900066228,InstrumentType.Spot,866585320701887375,OrderType.Limit,Direction.Long,65000.22,528279984,Side.Sell,,OrderStatus.Submitted,65000.22,1653898000,BTC-USDT,TimeCondition.GTC,1783610754900066228,0.001,0.001,0.0
4194834854,2837957847,1783610754900354023,1783610754900355980,203,order,benchmark,True,0.0,0.0,,,mock,0.0,,1783610754900354023,InstrumentType.Spot,866585320701887376,OrderType.Limit,Direction.Long,65000.03,528281760,Side.Buy,,OrderStatus.Submitted,65000.03,1653898000,BTC-USDT,TimeCondition.GTC,1783610754900354023,0.001,0.001,0.0
4194834854,2837957847,1783610754900658951,1783610754900660981,203,order,benchmark,True,0.0,0.0,,,mock,0.0,,1783610754900658951,InstrumentType.Spot,866585320701887377,OrderType.Limit,Direction.Long,65000.24,528283536,Side.Sell,,OrderStatus.Submitted,65000.24,1653898000,BTC-USDT,TimeCondition.GTC,1783610754900658951,0.001,0.001,0.0
4194834854,2837957847,1783610754900959612,1783610754900961651,203,order,benchmark,True,0.0,0.0,,,mock,0.0,,1783610754900959612,InstrumentType.Spot,866585320701887378,OrderType.Limit,Direction.Long,65000.05,528285312,Side.Buy,,OrderStatus.Submitted,65000.05,1653898000,BTC-USDT,TimeCondition.GTC,1783610754900959612,0.001,0.001,0.0
4194834854,2837957847,1783610754901256691,1783610754901258684,203,order,benchmark,True,0.0,0.0,,,mock,0.0,,1783610754901256691,InstrumentType.Spot,866585320701887379,OrderType.Limit,Direction.Long,65000.26,528287088,Side.Sell,,OrderStatus.Submitted,65000.26,1653898000,BTC-USDT,TimeCondition.GTC,1783610754901256691,0.001,0.001,0.0
4194834854,2837957847,1783610754901753826,1783610754901757010,203,order,benchmark,True,0.0,0.0,,,mock,0.0,,1783610754901753826,InstrumentType.Spot,866585320701887380,OrderType.Limit,Direction.Long,65000.07,528288864,Side.Buy,,OrderStatus.Submitted,65000.07,1653898000,BTC-USDT,TimeCondition.GTC,1783610754901753826,0.001,0.001,0.0
4194834854,2837957847,1783610754901858838,1783610754901861456,203,order,benchmark,True,0.0,0.0,,,mock,0.0,,1783610754901858838,InstrumentType.Spot,866585320701887381,OrderType.Limit,Direction.Long,65000.28,528290640,Side.Sell,,OrderStatus.Submitted,65000.28,1653898000,BTC-USDT,TimeCondition.GTC,1783610754901858838,0.001,0.001,0.0
4194834854,2837957847,1783610754902158692,1783610754902160696,203,order,benchmark,True,0.0,0.0,,,mock,0.0,,1783610754902158692,InstrumentType.Spot,866585320701887382,OrderType.Limit,Direction.Long,65000.090000000004,528292416,Side.Buy,,OrderStatus.Submitted,65000.090000000004,1653898000,BTC-USDT,TimeCondition.GTC,1783610754902158692,0.001,0.001,0.0
4194834854,2837957847,1783610754902457763,1783610754902459876,203,order,benchmark,True,0.0,0.0,,,mock,0.0,,1783610754902457763,InstrumentType.Spot,866585320701887383,OrderType.Limit,Direction.Long,65000.299999999996,528294192,Side.Sell,,OrderStatus.Submitted,65000.299999999996,1653898000,BTC-USDT,TimeCondition.GTC,1783610754902457763,0.001,0.001,0.0
4194834854,2837957847,1783610754902853447,1783610754902855426,203,order,benchmark,True,0.0,0.0,,,mock,0.0,,1783610754902853447,InstrumentType.Spot,866585320701887384,OrderType.Limit,Direction.Long,65000.11,528295968,Side.Buy,,OrderStatus.Submitted,65000.11,1653898000,BTC-USDT,TimeCondition.GTC,1783610754902853447,0.001,0.001,0.0
4194834854,2837957847,1783610754903042856,1783610754903044715,203,order,benchmark,True,0.0,0.0,,,mock,0.0,,1783610754903042856,InstrumentType.Spot,866585320701887385,OrderType.Limit,Direction.Long,65000.32,528297744,Side.Sell,,OrderStatus.Submitted,65000.32,1653898000,BTC-USDT,TimeCondition.GTC,1783610754903042856,0.001,0.001,0.0
4194834854,2837957847,1783610754903350331,1783610754903352331,203,order,benchmark,True,0.0,0.0,,,mock,0.0,,1783610754903350331,InstrumentType.Spot,866585320701887386,OrderType.Limit,Direction.Long,65000.130000000005,528299520,Side.Buy,,OrderStatus.Submitted,65000.130000000005,1653898000,BTC-USDT,TimeCondition.GTC,1783610754903350331,0.001,0.001,0.0
4194834854,2837957847,1783610754903647691,1783610754903649698,203,order,benchmark,True,0.0,0.0,,,mock,0.0,,1783610754903647691,InstrumentType.Spot,866585320701887387,OrderType.Limit,Direction.Long,65000.34,528301296,Side.Sell,,OrderStatus.Submitted,65000.34,1653898000,BTC-USDT,TimeCondition.GTC,1783610754903647691,0.001,0.001,0.0
4194834854,2837957847,1783610754903952093,1783610754903962589,203,order,benchmark,True,0.0,0.0,,,mock,0.0,,1783610754903952093,InstrumentType.Spot,866585320701887388,OrderType.Limit,Direction.Long,65000.15,528303072,Side.Buy,,OrderStatus.Submitted,65000.15,1653898000,BTC-USDT,TimeCondition.GTC,1783610754903952093,0.001,0.001,0.0
4194834854,2837957847,1783610754904257265,1783610754904259214,203,order,benchmark,True,0.0,0.0,,,mock,0.0,,1783610754904257265,InstrumentType.Spot,866585320701887389,OrderType.Limit,Direction.Long,65000.36,528304848,Side.Sell,,OrderStatus.Submitted,65000.36,1653898000,BTC-USDT,TimeCondition.GTC,1783610754904257265,0.001,0.001,0.0
4194834854,2837957847,1783610754904553166,1783610754904555138,203,order,benchmark,True,0.0,0.0,,,mock,0.0,,1783610754904553166,InstrumentType.Spot,866585320701887390,OrderType.Limit,Direction.Long,65000.17,528306624,Side.Buy,,OrderStatus.Submitted,65000.17,1653898000,BTC-USDT,TimeCondition.GTC,1783610754904553166,0.001,0.001,0.0
4194834854,2837957847,1783610754904851939,1783610754904853859,203,order,benchmark,True,0.0,0.0,,,mock,0.0,,1783610754904851939,InstrumentType.Spot,866585320701887391,OrderType.Limit,Direction.Long,65000.38,528308400,Side.Sell,,OrderStatus.Submitted,65000.38,1653898000,BTC-USDT,TimeCondition.GTC,1783610754904851939,0.001,0.001,0.0
4194834854,2837957847,1783610754905152249,1783610754905154299,203,order,benchmark,True,0.0,0.0,,,mock,0.0,,1783610754905152249,InstrumentType.Spot,866585320701887392,OrderType.Limit,Direction.Long,65000.19,528310176,Side.Buy,,OrderStatus.Submitted,65000.19,1653898000,BTC-USDT,TimeCondition.GTC,1783610754905152249,0.001,0.001,0.0
4194834854,2837957847,1783610754905453296,1783610754905455326,203,order,benchmark,True,0.0,0.0,,,mock,0.0,,1783610754905453296,InstrumentType.Spot,866585320701887393,OrderType.Limit,Direction.Long,65000.4,528311952,Side.Sell,,OrderStatus.Submitted,65000.4,1653898000,BTC-USDT,TimeCondition.GTC,1783610754905453296,0.001,0.001,0.0
4194834854,2837957847,1783610754905750467,1783610754905752392,203,order,benchmark,True,0.0,0.0,,,mock,0.0,,1783610754905750467,InstrumentType.Spot,866585320701887394,OrderType.Limit,Direction.Long,65000.21,528313728,Side.Buy,,OrderStatus.Submitted,65000.21,1653898000,BTC-USDT,TimeCondition.GTC,1783610754905750467,0.001,0.001,0.0
4194834854,2837957847,1783610754906059419,1783610754906061424,203,order,benchmark,True,0.0,0.0,,,mock,0.0,,1783610754906059419,InstrumentType.Spot,866585320701887395,OrderType.Limit,Direction.Long,65000.42,528315504,Side.Sell,,OrderStatus.Submitted,65000.42,1653898000,BTC-USDT,TimeCondition.GTC,1783610754906059419,0.001,0.001,0.0
4194834854,2837957847,1783610754906349978,1783610754906351938,203,order,benchmark,True,0.0,0.0,,,mock,0.0,,1783610754906349978,InstrumentType.Spot,866585320701887396,OrderType.Limit,Direction.Long,65000.23,528317280,Side.Buy,,OrderStatus.Submitted,65000.23,1653898000,BTC-USDT,TimeCondition.GTC,1783610754906349978,0.001,0.001,0.0
4194834854,2837957847,1783610754906656928,1783610754906659772,203,order,benchmark,True,0.0,0.0,,,mock,0.0,,1783610754906656928,InstrumentType.Spot,866585320701887397,OrderType.Limit,Direction.Long,65000.439999999995,528319056,Side.Sell,,OrderStatus.Submitted,65000.439999999995,1653898000,BTC-USDT,TimeCondition.GTC,1783610754906656928,0.001,0.001,0.0
4194834854,2837957847,1783610754906952985,1783610754906954985,203,order,benchmark,True,0.0,0.0,,,mock,0.0,,1783610754906952985,InstrumentType.Spot,866585320701887398,OrderType.Limit,Direction.Long,65000.25,528320832,Side.Buy,,OrderStatus.Submitted,65000.25,1653898000,BTC-USDT,TimeCondition.GTC,1783610754906952985,0.001,0.001,0.0
4194834854,2837957847,1783610754907263087,1783610754907265259,203,order,benchmark,True,0.0,0.0,,,mock,0.0,,1783610754907263087,InstrumentType.Spot,866585320701887399,OrderType.Limit,Direction.Long,65000.46,528322608,Side.Sell,,OrderStatus.Submitted,65000.46,1653898000,BTC-USDT,TimeCondition.GTC,1783610754907263087,0.001,0.001,0.0
4194834854,2837957847,1783610754907547838,1783610754907549618,203,order,benchmark,True,0.0,0.0,,,mock,0.0,,1783610754907547838,InstrumentType.Spot,866585320701887400,OrderType.Limit,Direction.Long,65000.270000000004,528324384,Side.Buy,,OrderStatus.Submitted,65000.270000000004,1653898000,BTC-USDT,TimeCondition.GTC,1783610754907547838,0.001,0.001,0.0
4194834854,2837957847,1783610754908321326,1783610754908337151,203,order,benchmark,True,0.0,0.0,,,mock,0.0,,1783610754908321326,InstrumentType.Spot,866585320701887401,OrderType.Limit,Direction.Long,65000.479999999996,528326160,Side.Sell,,OrderStatus.Submitted,65000.479999999996,1653898000,BTC-USDT,TimeCondition.GTC,1783610754908321326,0.001,0.001,0.0
4194834854,2837957847,1783610754908379281,1783610754908381881,203,order,benchmark,True,0.0,0.0,,,mock,0.0,,1783610754908379281,InstrumentType.Spot,866585320701887402,OrderType.Limit,Direction.Long,65000.29,528327904,Side.Buy,,OrderStatus.Submitted,65000.29,1653898000,BTC-USDT,TimeCondition.GTC,1783610754908379281,0.001,0.001,0.0
4194834854,2837957847,1783610754908423234,1783610754908424697,203,order,benchmark,True,0.0,0.0,,,mock,0.0,,1783610754908423234,InstrumentType.Spot,866585320701887403,OrderType.Limit,Direction.Long,65000.5,528329712,Side.Sell,,OrderStatus.Submitted,65000.5,1653898000,BTC-USDT,TimeCondition.GTC,1783610754908423234,0.001,0.001,0.0
4194834854,2837957847,1783610754908753122,1783610754908755144,203,order,benchmark,True,0.0,0.0,,,mock,0.0,,1783610754908753122,InstrumentType.Spot,866585320701887404,OrderType.Limit,Direction.Long,65000.310000000005,528331488,Side.Buy,,OrderStatus.Submitted,65000.310000000005,1653898000,BTC-USDT,TimeCondition.GTC,1783610754908753122,0.001,0.001,0.0
4194834854,2837957847,1783610754909165747,1783610754909168043,203,order,benchmark,True,0.0,0.0,,,mock,0.0,,1783610754909165747,InstrumentType.Spot,866585320701887405,OrderType.Limit,Direction.Long,65000.52,528333264,Side.Sell,,OrderStatus.Submitted,65000.52,1653898000,BTC-USDT,TimeCondition.GTC,1783610754909165747,0.001,0.001,0.0
4194834854,2837957847,1783610754909368399,1783610754909370287,203,order,benchmark,True,0.0,0.0,,,mock,0.0,,1783610754909368399,InstrumentType.Spot,866585320701887406,OrderType.Limit,Direction.Long,65000.33,528335040,Side.Buy,,OrderStatus.Submitted,65000.33,1653898000,BTC-USDT,TimeCondition.GTC,1783610754909368399,0.001,0.001,0.0
4194834854,2837957847,1783610754909653424,1783610754909655457,203,order,benchmark,True,0.0,0.0,,,mock,0.0,,1783610754909653424,InstrumentType.Spot,866585320701887407,OrderType.Limit,Direction.Long,65000.54,528336816,Side.Sell,,OrderStatus.Submitted,65000.54,1653898000,BTC-USDT,TimeCondition.GTC,1783610754909653424,0.001,0.001,0.0
4194834854,2837957847,1783610754909961696,1783610754909963679,203,order,benchmark,True,0.0,0.0,,,mock,0.0,,1783610754909961696,InstrumentType.Spot,866585320701887408,OrderType.Limit,Direction.Long,65000.35,528338592,Side.Buy,,OrderStatus.Submitted,65000.35,1653898000,BTC-USDT,TimeCondition.GTC,1783610754909961696,0.001,0.001,0.0
4194834854,2837957847,1783610754910250910,1783610754910252900,203,order,benchmark,True,0.0,0.0,,,mock,0.0,,1783610754910250910,InstrumentType.Spot,866585320701887409,OrderType.Limit,Direction.Long,65000.56,528340368,Side.Sell,,OrderStatus.Submitted,65000.56,1653898000,BTC-USDT,TimeCondition.GTC,1783610754910250910,0.001,0.001,0.0
4194834854,2837957847,1783610754910551134,1783610754910553079,203,order,benchmark,True,0.0,0.0,,,mock,0.0,,1783610754910551134,InstrumentType.Spot,866585320701887410,OrderType.Limit,Direction.Long,65000.37,528342144,Side.Buy,,OrderStatus.Submitted,65000.37,1653898000,BTC-USDT,TimeCondition.GTC,1783610754910551134,0.001,0.001,0.0
4194834854,2837957847,1783610754910852470,1783610754910854511,203,order,benchmark,True,0.0,0.0,,,mock,0.0,,1783610754910852470,InstrumentType.Spot,866585320701887411,OrderType.Limit,Direction.Long,65000.58,528343920,Side.Sell,,OrderStatus.Submitted,65000.58,1653898000,BTC-USDT,TimeCondition.GTC,1783610754910852470,0.001,0.001,0.0
4194834854,2837957847,1783610754911148519,1783610754911150420,203,order,benchmark,True,0.0,0.0,,,mock,0.0,,1783610754911148519,InstrumentType.Spot,866585320701887412,OrderType.Limit,Direction.Long,65000.39,528345696,Side.Buy,,OrderStatus.Submitted,65000.39,1653898000,BTC-USDT,TimeCondition.GTC,1783610754911148519,0.001,0.001,0.0
4194834854,2837957847,1783610754911448245,1783610754911450157,203,order,benchmark,True,0.0,0.0,,,mock,0.0,,1783610754911448245,InstrumentType.Spot,866585320701887413,OrderType.Limit,Direction.Long,65000.6,528347472,Side.Sell,,OrderStatus.Submitted,65000.6,1653898000,BTC-USDT,TimeCondition.GTC,1783610754911448245,0.001,0.001,0.0
4194834854,2837957847,1783610754911752439,1783610754911754331,203,order,benchmark,True,0.0,0.0,,,mock,0.0,,1783610754911752439,InstrumentType.Spot,866585320701887414,OrderType.Limit,Direction.Long,65000.41,528349248,Side.Buy,,OrderStatus.Submitted,65000.41,1653898000,BTC-USDT,TimeCondition.GTC,1783610754911752439,0.001,0.001,0.0
4194834854,2837957847,1783610754912059764,1783610754912069816,203,order,benchmark,True,0.0,0.0,,,mock,0.0,,1783610754912059764,InstrumentType.Spot,866585320701887415,OrderType.Limit,Direction.Long,65000.619999999995,528351024,Side.Sell,,OrderStatus.Submitted,65000.619999999995,1653898000,BTC-USDT,TimeCondition.GTC,1783610754912059764,0.001,0.001,0.0
4194834854,2837957847,1783610754912351860,1783610754912353924,203,order,benchmark,True,0.0,0.0,,,mock,0.0,,1783610754912351860,InstrumentType.Spot,866585320701887416,OrderType.Limit,Direction.Long,65000.43,528352800,Side.Buy,,OrderStatus.Submitted,65000.43,1653898000,BTC-USDT,TimeCondition.GTC,1783610754912351860,0.001,0.001,0.0
4194834854,2837957847,1783610754912649111,1783610754912651073,203,order,benchmark,True,0.0,0.0,,,mock,0.0,,1783610754912649111,InstrumentType.Spot,866585320701887417,OrderType.Limit,Direction.Long,65000.64,528354576,Side.Sell,,OrderStatus.Submitted,65000.64,1653898000,BTC-USDT,TimeCondition.GTC,1783610754912649111,0.001,0.001,0.0
4194834854,2837957847,1783610754912958158,1783610754912960178,203,order,benchmark,True,0.0,0.0,,,mock,0.0,,1783610754912958158,InstrumentType.Spot,866585320701887418,OrderType.Limit,Direction.Long,65000.450000000004,528356352,Side.Buy,,OrderStatus.Submitted,65000.450000000004,1653898000,BTC-USDT,TimeCondition.GTC,1783610754912958158,0.001,0.001,0.0
4194834854,2837957847,1783610754913249934,1783610754913251807,203,order,benchmark,True,0.0,0.0,,,mock,0.0,,1783610754913249934,InstrumentType.Spot,866585320701887419,OrderType.Limit,Direction.Long,65000.659999999996,528358128,Side.Sell,,OrderStatus.Submitted,65000.659999999996,1653898000,BTC-USDT,TimeCondition.GTC,1783610754913249934,0.001,0.001,0.0
4194834854,2837957847,1783610754913551936,1783610754913553924,203,order,benchmark,True,0.0,0.0,,,mock,0.0,,1783610754913551936,InstrumentType.Spot,866585320701887420,OrderType.Limit,Direction.Long,65000.47,528359904,Side.Buy,,OrderStatus.Submitted,65000.47,1653898000,BTC-USDT,TimeCondition.GTC,1783610754913551936,0.001,0.001,0.0
4194834854,2837957847,1783610754913848094,1783610754913849901,203,order,benchmark,True,0.0,0.0,,,mock,0.0,,1783610754913848094,InstrumentType.Spot,866585320701887421,OrderType.Limit,Direction.Long,65000.68,528361680,Side.Sell,,OrderStatus.Submitted,65000.68,1653898000,BTC-USDT,TimeCondition.GTC,1783610754913848094,0.001,0.001,0.0
4194834854,2837957847,1783610754914152148,1783610754914154189,203,order,benchmark,True,0.0,0.0,,,mock,0.0,,1783610754914152148,InstrumentType.Spot,866585320701887422,OrderType.Limit,Direction.Long,65000.49,528363456,Side.Buy,,OrderStatus.Submitted,65000.49,1653898000,BTC-USDT,TimeCondition.GTC,1783610754914152148,0.001,0.001,0.0
4194834854,2837957847,1783610754914453622,1783610754914455614,203,order,benchmark,True,0.0,0.0,,,mock,0.0,,1783610754914453622,InstrumentType.Spot,866585320701887423,OrderType.Limit,Direction.Long,65000.7,528365232,Side.Sell,,OrderStatus.Submitted,65000.7,1653898000,BTC-USDT,TimeCondition.GTC,1783610754914453622,0.001,0.001,0.0
4194834854,2837957847,1783610754914748592,1783610754914750415,203,order,benchmark,True,0.0,0.0,,,mock,0.0,,1783610754914748592,InstrumentType.Spot,866585320701887424,OrderType.Limit,Direction.Long,65000.51,528367008,Side.Buy,,OrderStatus.Submitted,65000.51,1653898000,BTC-USDT,TimeCondition.GTC,1783610754914748592,0.001,0.001,0.0
4194834854,2837957847,1783610754915053705,1783610754915055766,203,order,benchmark,True,0.0,0.0,,,mock,0.0,,1783610754915053705,InstrumentType.Spot,866585320701887425,OrderType.Limit,Direction.Long,65000.72,528368784,Side.Sell,,OrderStatus.Submitted,65000.72,1653898000,BTC-USDT,TimeCondition.GTC,1783610754915053705,0.001,0.001,0.0
4194834854,2837957847,1783610754915348390,1783610754915350420,203,order,benchmark,True,0.0,0.0,,,mock,0.0,,1783610754915348390,InstrumentType.Spot,866585320701887426,OrderType.Limit,Direction.Long,65000.53,528370560,Side.Buy,,OrderStatus.Submitted,65000.53,1653898000,BTC-USDT,TimeCondition.GTC,1783610754915348390,0.001,0.001,0.0
4194834854,2837957847,1783610754915778608,1783610754915780674,203,order,benchmark,True,0.0,0.0,,,mock,0.0,,1783610754915778608,InstrumentType.Spot,866585320701887427,OrderType.Limit,Direction.Long,65000.74,528372336,Side.Sell,,OrderStatus.Submitted,65000.74,1653898000,BTC-USDT,TimeCondition.GTC,1783610754915778608,0.001,0.001,0.0
4194834854,2837957847,1783610754916136890,1783610754916147357,203,order,benchmark,True,0.0,0.0,,,mock,0.0,,1783610754916136890,InstrumentType.Spot,866585320701887428,OrderType.Limit,Direction.Long,65000.55,528374112,Side.Buy,,OrderStatus.Submitted,65000.55,1653898000,BTC-USDT,TimeCondition.GTC,1783610754916136890,0.001,0.001,0.0
4194834854,2837957847,1783610754916253014,1783610754916255542,203,order,benchmark,True,0.0,0.0,,,mock,0.0,,1783610754916253014,InstrumentType.Spot,866585320701887429,OrderType.Limit,Direction.Long,65000.76,528375888,Side.Sell,,OrderStatus.Submitted,65000.76,1653898000,BTC-USDT,TimeCondition.GTC,1783610754916253014,0.001,0.001,0.0
4194834854,2837957847,1783610754916769066,1783610754916771880,203,order,benchmark,True,0.0,0.0,,,mock,0.0,,1783610754916769066,InstrumentType.Spot,866585320701887430,OrderType.Limit,Direction.Long,65000.57,528377664,Side.Buy,,OrderStatus.Submitted,65000.57,1653898000,BTC-USDT,TimeCondition.GTC,1783610754916769066,0.001,0.001,0.0
4194834854,2837957847,1783610754917073905,1783610754917076526,203,order,benchmark,True,0.0,0.0,,,mock,0.0,,1783610754917073905,InstrumentType.Spot,866585320701887431,OrderType.Limit,Direction.Long,65000.78,528379440,Side.Sell,,OrderStatus.Submitted,65000.78,1653898000,BTC-USDT,TimeCondition.GTC,1783610754917073905,0.001,0.001,0.0
4194834854,2837957847,1783610754917175962,1783610754917177667,203,order,benchmark,True,0.0,0.0,,,mock,0.0,,1783610754917175962,InstrumentType.Spot,866585320701887432,OrderType.Limit,Direction.Long,65000.590000000004,528381216,Side.Buy,,OrderStatus.Submitted,65000.590000000004,1653898000,BTC-USDT,TimeCondition.GTC,1783610754917175962,0.001,0.001,0.0
4194834854,2837957847,1783610754917450671,1783610754917452550,203,order,benchmark,True,0.0,0.0,,,mock,0.0,,1783610754917450671,InstrumentType.Spot,866585320701887433,OrderType.Limit,Direction.Long,65000.799999999996,528382992,Side.Sell,,OrderStatus.Submitted,65000.799999999996,1653898000,BTC-USDT,TimeCondition.GTC,1783610754917450671,0.001,0.001,0.0
4194834854,2837957847,1783610754917756423,1783610754917758693,203,order,benchmark,True,0.0,0.0,,,mock,0.0,,1783610754917756423,InstrumentType.Spot,866585320701887434,OrderType.Limit,Direction.Long,65000.61,528384768,Side.Buy,,OrderStatus.Submitted,65000.61,1653898000,BTC-USDT,TimeCondition.GTC,1783610754917756423,0.001,0.001,0.0
4194834854,2837957847,1783610754918318148,1783610754918320342,203,order,benchmark,True,0.0,0.0,,,mock,0.0,,1783610754918318148,InstrumentType.Spot,866585320701887435,OrderType.Limit,Direction.Long,65000.82,528386544,Side.Sell,,OrderStatus.Submitted,65000.82,1653898000,BTC-USDT,TimeCondition.GTC,1783610754918318148,0.001,0.001,0.0
4194834854,2837957847,1783610754918585042,1783610754918591690,203,order,benchmark,True,0.0,0.0,,,mock,0.0,,1783610754918585042,InstrumentType.Spot,866585320701887436,OrderType.Limit,Direction.Long,65000.630000000005,528388320,Side.Buy,,OrderStatus.Submitted,65000.630000000005,1653898000,BTC-USDT,TimeCondition.GTC,1783610754918585042,0.001,0.001,0.0
4194834854,2837957847,1783610754918775619,1783610754918777437,203,order,benchmark,True,0.0,0.0,,,mock,0.0,,1783610754918775619,InstrumentType.Spot,866585320701887437,OrderType.Limit,Direction.Long,65000.84,528190288,Side.Sell,,OrderStatus.Submitted,65000.84,1653898000,BTC-USDT,TimeCondition.GTC,1783610754918775619,0.001,0.001,0.0
4194834854,2837957847,1783610754918928044,1783610754918930087,203,order,benchmark,True,0.0,0.0,,,mock,0.0,,1783610754918928044,InstrumentType.Spot,866585320701887438,OrderType.Limit,Direction.Long,65000.65,528192064,Side.Buy,,OrderStatus.Submitted,65000.65,1653898000,BTC-USDT,TimeCondition.GTC,1783610754918928044,0.001,0.001,0.0
4194834854,2837957847,1783610754919252794,1783610754919254630,203,order,benchmark,True,0.0,0.0,,,mock,0.0,,1783610754919252794,InstrumentType.Spot,866585320701887439,OrderType.Limit,Direction.Long,65000.86,528193840,Side.Sell,,OrderStatus.Submitted,65000.86,1653898000,BTC-USDT,TimeCondition.GTC,1783610754919252794,0.001,0.001,0.0
4194834854,2837957847,1783610754919552477,1783610754919554449,203,order,benchmark,True,0.0,0.0,,,mock,0.0,,1783610754919552477,InstrumentType.Spot,866585320701887440,OrderType.Limit,Direction.Long,65000.67,528195616,Side.Buy,,OrderStatus.Submitted,65000.67,1653898000,BTC-USDT,TimeCondition.GTC,1783610754919552477,0.001,0.001,0.0
4194834854,2837957847,1783610754919846984,1783610754919860898,203,order,benchmark,True,0.0,0.0,,,mock,0.0,,1783610754919846984,InstrumentType.Spot,866585320701887441,OrderType.Limit,Direction.Long,65000.88,528197392,Side.Sell,,OrderStatus.Submitted,65000.88,1653898000,BTC-USDT,TimeCondition.GTC,1783610754919846984,0.001,0.001,0.0
4194834854,2837957847,1783610754920148861,1783610754920150947,203,order,benchmark,True,0.0,0.0,,,mock,0.0,,1783610754920148861,InstrumentType.Spot,866585320701887442,OrderType.Limit,Direction.Long,65000.69,528400000,Side.Buy,,OrderStatus.Submitted,65000.69,1653898000,BTC-USDT,TimeCondition.GTC,1783610754920148861,0.001,0.001,0.0
4194834854,2837957847,1783610754920451574,1783610754920453494,203,order,benchmark,True,0.0,0.0,,,mock,0.0,,1783610754920451574,InstrumentType.Spot,866585320701887443,OrderType.Limit,Direction.Long,65000.9,528401776,Side.Sell,,OrderStatus.Submitted,65000.9,1653898000,BTC-USDT,TimeCondition.GTC,1783610754920451574,0.001,0.001,0.0
4194834854,2837957847,1783610754920752550,1783610754920754473,203,order,benchmark,True,0.0,0.0,,,mock,0.0,,1783610754920752550,InstrumentType.Spot,866585320701887444,OrderType.Limit,Direction.Long,65000.71,528403552,Side.Buy,,OrderStatus.Submitted,65000.71,1653898000,BTC-USDT,TimeCondition.GTC,1783610754920752550,0.001,0.001,0.0
4194834854,2837957847,1783610754921061878,1783610754921063920,203,order,benchmark,True,0.0,0.0,,,mock,0.0,,1783610754921061878,InstrumentType.Spot,866585320701887445,OrderType.Limit,Direction.Long,65000.92,528405328,Side.Sell,,OrderStatus.Submitted,65000.92,1653898000,BTC-USDT,TimeCondition.GTC,1783610754921061878,0.001,0.001,0.0
4194834854,2837957847,1783610754921348097,1783610754921349956,203,order,benchmark,True,0.0,0.0,,,mock,0.0,,1783610754921348097,InstrumentType.Spot,866585320701887446,OrderType.Limit,Direction.Long,65000.73,528407104,Side.Buy,,OrderStatus.Submitted,65000.73,1653898000,BTC-USDT,TimeCondition.GTC,1783610754921348097,0.001,0.001,0.0
4194834854,2837957847,1783610754921661435,1783610754921663618,203,order,benchmark,True,0.0,0.0,,,mock,0.0,,1783610754921661435,InstrumentType.Spot,866585320701887447,OrderType.Limit,Direction.Long,65000.939999999995,528408880,Side.Sell,,OrderStatus.Submitted,65000.939999999995,1653898000,BTC-USDT,TimeCondition.GTC,1783610754921661435,0.001,0.001,0.0
4194834854,2837957847,1783610754921951595,1783610754921953661,203,order,benchmark,True,0.0,0.0,,,mock,0.0,,1783610754921951595,InstrumentType.Spot,866585320701887448,OrderType.Limit,Direction.Long,65000.75,528410656,Side.Buy,,OrderStatus.Submitted,65000.75,1653898000,BTC-USDT,TimeCondition.GTC,1783610754921951595,0.001,0.001,0.0
4194834854,2837957847,1783610754922249872,1783610754922251966,203,order,benchmark,True,0.0,0.0,,,mock,0.0,,1783610754922249872,InstrumentType.Spot,866585320701887449,OrderType.Limit,Direction.Long,65000.96,528412432,Side.Sell,,OrderStatus.Submitted,65000.96,1653898000,BTC-USDT,TimeCondition.GTC,1783610754922249872,0.001,0.001,0.0
4194834854,2837957847,1783610754922547742,1783610754922549677,203,order,benchmark,True,0.0,0.0,,,mock,0.0,,1783610754922547742,InstrumentType.Spot,866585320701887450,OrderType.Limit,Direction.Long,65000.770000000004,528414208,Side.Buy,,OrderStatus.Submitted,65000.770000000004,1653898000,BTC-USDT,TimeCondition.GTC,1783610754922547742,0.001,0.001,0.0
4194834854,2837957847,1783610754922852338,1783610754922854315,203,order,benchmark,True,0.0,0.0,,,mock,0.0,,1783610754922852338,InstrumentType.Spot,866585320701887451,OrderType.Limit,Direction.Long,65000.979999999996,528415984,Side.Sell,,OrderStatus.Submitted,65000.979999999996,1653898000,BTC-USDT,TimeCondition.GTC,1783610754922852338,0.001,0.001,0.0
4194834854,2837957847,1783610754923265492,1783610754923267693,203,order,benchmark,True,0.0,0.0,,,mock,0.0,,1783610754923265492,InstrumentType.Spot,866585320701887452,OrderType.Limit,Direction.Long,65000.79,528417760,Side.Buy,,OrderStatus.Submitted,65000.79,1653898000,BTC-USDT,TimeCondition.GTC,1783610754923265492,0.001,0.001,0.0
4194834854,2837957847,1783610754923489810,1783610754923506427,203,order,benchmark,True,0.0,0.0,,,mock,0.0,,1783610754923489810,InstrumentType.Spot,866585320701887453,OrderType.Limit,Direction.Long,65001.0,528419536,Side.Sell,,OrderStatus.Submitted,65001.0,1653898000,BTC-USDT,TimeCondition.GTC,1783610754923489810,0.001,0.001,0.0
4194834854,2837957847,1783610754923752521,1783610754923761478,203,order,benchmark,True,0.0,0.0,,,mock,0.0,,1783610754923752521,InstrumentType.Spot,866585320701887454,OrderType.Limit,Direction.Long,65000.810000000005,528421312,Side.Buy,,OrderStatus.Submitted,65000.810000000005,1653898000,BTC-USDT,TimeCondition.GTC,1783610754923752521,0.001,0.001,0.0
4194834854,2837957847,1783610754924059919,1783610754924061902,203,order,benchmark,True,0.0,0.0,,,mock,0.0,,1783610754924059919,InstrumentType.Spot,866585320701887455,OrderType.Limit,Direction.Long,65001.02,528423088,Side.Sell,,OrderStatus.Submitted,65001.02,1653898000,BTC-USDT,TimeCondition.GTC,1783610754924059919,0.001,0.001,0.0
4194834854,2837957847,1783610754924359158,1783610754924361259,203,order,benchmark,True,0.0,0.0,,,mock,0.0,,1783610754924359158,InstrumentType.Spot,866585320701887456,OrderType.Limit,Direction.Long,65000.83,528424864,Side.Buy,,OrderStatus.Submitted,65000.83,1653898000,BTC-USDT,TimeCondition.GTC,1783610754924359158,0.001,0.001,0.0
4194834854,2837957847,1783610754924648355,1783610754924650362,203,order,benchmark,True,0.0,0.0,,,mock,0.0,,1783610754924648355,InstrumentType.Spot,866585320701887457,OrderType.Limit,Direction.Long,65001.04,528426640,Side.Sell,,OrderStatus.Submitted,65001.04,1653898000,BTC-USDT,TimeCondition.GTC,1783610754924648355,0.001,0.001,0.0
4194834854,2837957847,1783610754924948536,1783610754924950511,203,order,benchmark,True,0.0,0.0,,,mock,0.0,,1783610754924948536,InstrumentType.Spot,866585320701887458,OrderType.Limit,Direction.Long,65000.85,528428416,Side.Buy,,OrderStatus.Submitted,65000.85,1653898000,BTC-USDT,TimeCondition.GTC,1783610754924948536,0.001,0.001,0.0
4194834854,2837957847,1783610754925250039,1783610754925252052,203,order,benchmark,True,0.0,0.0,,,mock,0.0,,1783610754925250039,InstrumentType.Spot,866585320701887459,OrderType.Limit,Direction.Long,65001.06,528430192,Side.Sell,,OrderStatus.Submitted,65001.06,1653898000,BTC-USDT,TimeCondition.GTC,1783610754925250039,0.001,0.001,0.0
4194834854,2837957847,1783610754925551838,1783610754925553839,203,order,benchmark,True,0.0,0.0,,,mock,0.0,,1783610754925551838,InstrumentType.Spot,866585320701887460,OrderType.Limit,Direction.Long,65000.87,528431968,Side.Buy,,OrderStatus.Submitted,65000.87,1653898000,BTC-USDT,TimeCondition.GTC,1783610754925551838,0.001,0.001,0.0
4194834854,2837957847,1783610754925852362,1783610754925854287,203,order,benchmark,True,0.0,0.0,,,mock,0.0,,1783610754925852362,InstrumentType.Spot,866585320701887461,OrderType.Limit,Direction.Long,65001.08,528433744,Side.Sell,,OrderStatus.Submitted,65001.08,1653898000,BTC-USDT,TimeCondition.GTC,1783610754925852362,0.001,0.001,0.0
4194834854,2837957847,1783610754926150594,1783610754926152662,203,order,benchmark,True,0.0,0.0,,,mock,0.0,,1783610754926150594,InstrumentType.Spot,866585320701887462,OrderType.Limit,Direction.Long,65000.89,528435520,Side.Buy,,OrderStatus.Submitted,65000.89,1653898000,BTC-USDT,TimeCondition.GTC,1783610754926150594,0.001,0.001,0.0
4194834854,2837957847,1783610754926451856,1783610754926453838,203,order,benchmark,True,0.0,0.0,,,mock,0.0,,1783610754926451856,InstrumentType.Spot,866585320701887463,OrderType.Limit,Direction.Long,65000.1,528437296,Side.Sell,,OrderStatus.Submitted,65000.1,1653898000,BTC-USDT,TimeCondition.GTC,1783610754926451856,0.001,0.001,0.0
