source,dest,trigger_time,gen_time,msg_type,msg_name,data.account_id,data.exchange_id,data.instrument_type,data.order_id,data.order_type,data.position_side,data.price,data.raw_address,data.reduce_only,data.side,data.source_id,data.stop_price,data.strategy_id,data.symbol,data.time_condition,data.volume
2837957847,4194834854,0,1783610712912535951,201,order_input,benchmark,mock,InstrumentType.Spot,11800374963033145344,OrderType.Limit,Direction.Long,64999.91,209933120,False,Side.Buy,,64999.91,1653898000,BTC-USDT,TimeCondition.GTC,0.001
2837957847,4194834854,0,1783610712912592207,201,order_input,benchmark,mock,InstrumentType.Spot,11800374963033145345,OrderType.Limit,Direction.Long,65000.119999999995,209933472,False,Side.Sell,,65000.119999999995,1653898000,BTC-USDT,TimeCondition.GTC,0.001
2837957847,4194834854,0,1783610712912615112,201,order_input,benchmark,mock,InstrumentType.Spot,11800374963033145346,OrderType.Limit,Direction.Long,64999.93,209934768,False,Side.Buy,,64999.93,1653898000,BTC-USDT,TimeCondition.GTC,0.001
2837957847,4194834854,0,1783610712912823081,201,order_input,benchmark,mock,InstrumentType.Spot,11800374963033145347,OrderType.Limit,Direction.Long,65000.14,209936192,False,Side.Sell,,65000.14,1653898000,BTC-USDT,TimeCondition.GTC,0.001
2837957847,4194834854,0,1783610712913066325,201,order_input,benchmark,mock,InstrumentType.Spot,11800374963033145348,OrderType.Limit,Direction.Long,64999.950000000004,209937728,False,Side.Buy,,64999.950000000004,1653898000,BTC-USDT,TimeCondition.GTC,0.001
2837957847,4194834854,0,1783610712913289768,201,order_input,benchmark,mock,InstrumentType.Spot,11800374963033145349,OrderType.Limit,Direction.Long,65000.159999999996,209939264,False,Side.Sell,,65000.159999999996,1653898000,BTC-USDT,TimeCondition.GTC,0.001
2837957847,4194834854,0,1783610712913671808,201,order_input,benchmark,mock,InstrumentType.Spot,11800374963033145350,OrderType.Limit,Direction.Long,64999.97,209940800,False,Side.Buy,,64999.97,1653898000,BTC-USDT,TimeCondition.GTC,0.001
2837957847,4194834854,0,1783610712914077526,201,order_input,benchmark,mock,InstrumentType.Spot,11800374963033145351,OrderType.Limit,Direction.Long,65000.18,209942336,False,Side.Sell,,65000.18,1653898000,BTC-USDT,TimeCondition.GTC,0.001
2837957847,4194834854,0,1783610712914198950,201,order_input,benchmark,mock,InstrumentType.Spot,11800374963033145352,OrderType.Limit,Direction.Long,64999.99,209943872,False,Side.Buy,,64999.99,1653898000,BTC-USDT,TimeCondition.GTC,0.001
2837957847,4194834854,0,1783610712914714402,201,order_input,benchmark,mock,InstrumentType.Spot,11800374963033145353,OrderType.Limit,Direction.Long,65000.2,209945408,False,Side.Sell,,65000.2,1653898000,BTC-USDT,TimeCondition.GTC,0.001
2837957847,4194834854,0,1783610712914852269,201,order_input,benchmark,mock,InstrumentType.Spot,11800374963033145354,OrderType.Limit,Direction.Long,65000.01,209946944,False,Side.Buy,,65000.01,1653898000,BTC-USDT,TimeCondition.GTC,0.001
2837957847,4194834854,0,1783610712915169390,201,order_input,benchmark,mock,InstrumentType.Spot,11800374963033145355,OrderType.Limit,Direction.Long,65000.22,209948480,False,Side.Sell,,65000.22,1653898000,BTC-USDT,TimeCondition.GTC,0.001
2837957847,4194834854,0,1783610712915437028,201,order_input,benchmark,mock,InstrumentType.Spot,11800374963033145356,OrderType.Limit,Direction.Long,65000.03,209950016,False,Side.Buy,,65000.03,1653898000,BTC-USDT,TimeCondition.GTC,0.001
2837957847,4194834854,0,1783610712915774177,201,order_input,benchmark,mock,InstrumentType.Spot,11800374963033145357,OrderType.Limit,Direction.Long,65000.24,209951552,False,Side.Sell,,65000.24,1653898000,BTC-USDT,TimeCondition.GTC,0.001
2837957847,4194834854,0,1783610712916334914,201,order_input,benchmark,mock,InstrumentType.Spot,11800374963033145358,OrderType.Limit,Direction.Long,65000.05,209953088,False,Side.Buy,,65000.05,1653898000,BTC-USDT,TimeCondition.GTC,0.001
2837957847,4194834854,0,1783610712916427255,201,order_input,benchmark,mock,InstrumentType.Spot,11800374963033145359,OrderType.Limit,Direction.Long,65000.26,209954624,False,Side.Sell,,65000.26,1653898000,BTC-USDT,TimeCondition.GTC,0.001
2837957847,4194834854,0,1783610712916666813,201,order_input,benchmark,mock,InstrumentType.Spot,11800374963033145360,OrderType.Limit,Direction.Long,65000.07,209956160,False,Side.Buy,,65000.07,1653898000,BTC-USDT,TimeCondition.GTC,0.001
2837957847,4194834854,0,1783610712916898556,201,order_input,benchmark,mock,InstrumentType.Spot,11800374963033145361,OrderType.Limit,Direction.Long,65000.28,209957696,False,Side.Sell,,65000.28,1653898000,BTC-USDT,TimeCondition.GTC,0.001
2837957847,4194834854,0,1783610712917336667,201,order_input,benchmark,mock,InstrumentType.Spot,11800374963033145362,OrderType.Limit,Direction.Long,65000.090000000004,208367024,False,Side.Buy,,65000.090000000004,1653898000,BTC-USDT,TimeCondition.GTC,0.001
2837957847,4194834854,0,1783610712917547913,201,order_input,benchmark,mock,InstrumentType.Spot,11800374963033145363,OrderType.Limit,Direction.Long,65000.299999999996,208368560,False,Side.Sell,,65000.299999999996,1653898000,BTC-USDT,TimeCondition.GTC,0.001
2837957847,4194834854,0,1783610712917908016,201,order_input,benchmark,mock,InstrumentType.Spot,11800374963033145364,OrderType.Limit,Direction.Long,65000.11,208370096,False,Side.Buy,,65000.11,1653898000,BTC-USDT,TimeCondition.GTC,0.001
2837957847,4194834854,0,1783610712918243658,201,order_input,benchmark,mock,InstrumentType.Spot,11800374963033145365,OrderType.Limit,Direction.Long,65000.32,208371632,False,Side.Sell,,65000.32,1653898000,BTC-USDT,TimeCondition.GTC,0.001
2837957847,4194834854,0,1783610712918442321,201,order_input,benchmark,mock,InstrumentType.Spot,11800374963033145366,OrderType.Limit,Direction.Long,65000.130000000005,208373168,False,Side.Buy,,65000.130000000005,1653898000,BTC-USDT,TimeCondition.GTC,0.001
2837957847,4194834854,0,1783610712918865504,201,order_input,benchmark,mock,InstrumentType.Spot,11800374963033145367,OrderType.Limit,Direction.Long,65000.34,208374704,False,Side.Sell,,65000.34,1653898000,BTC-USDT,TimeCondition.GTC,0.001
2837957847,4194834854,0,1783610712919286803,201,order_input,benchmark,mock,InstrumentType.Spot,11800374963033145368,OrderType.Limit,Direction.Long,65000.15,208376240,False,Side.Buy,,65000.15,1653898000,BTC-USDT,TimeCondition.GTC,0.001
2837957847,4194834854,0,1783610712919410669,201,order_input,benchmark,mock,InstrumentType.Spot,11800374963033145369,OrderType.Limit,Direction.Long,65000.36,208377776,False,Side.Sell,,65000.36,1653898000,BTC-USDT,TimeCondition.GTC,0.001
2837957847,4194834854,0,1783610712919656127,201,order_input,benchmark,mock,InstrumentType.Spot,11800374963033145370,OrderType.Limit,Direction.Long,65000.17,208379312,False,Side.Buy,,65000.17,1653898000,BTC-USDT,TimeCondition.GTC,0.001
2837957847,4194834854,0,1783610712920083755,201,order_input,benchmark,mock,InstrumentType.Spot,11800374963033145371,OrderType.Limit,Direction.Long,65000.38,208380848,False,Side.Sell,,65000.38,1653898000,BTC-USDT,TimeCondition.GTC,0.001
2837957847,4194834854,0,1783610712920270617,201,order_input,benchmark,mock,InstrumentType.Spot,11800374963033145372,OrderType.Limit,Direction.Long,65000.19,208382384,False,Side.Buy,,65000.19,1653898000,BTC-USDT,TimeCondition.GTC,0.001
2837957847,4194834854,0,1783610712920575849,201,order_input,benchmark,mock,InstrumentType.Spot,11800374963033145373,OrderType.Limit,Direction.Long,65000.4,208383920,False,Side.Sell,,65000.4,1653898000,BTC-USDT,TimeCondition.GTC,0.001
2837957847,4194834854,0,1783610712921040247,201,order_input,benchmark,mock,InstrumentType.Spot,11800374963033145374,OrderType.Limit,Direction.Long,65000.21,208385456,False,Side.Buy,,65000.21,1653898000,BTC-USDT,TimeCondition.GTC,0.001
2837957847,4194834854,0,1783610712921127171,201,order_input,benchmark,mock,InstrumentType.Spot,11800374963033145375,OrderType.Limit,Direction.Long,65000.42,208386992,False,Side.Sell,,65000.42,1653898000,BTC-USDT,TimeCondition.GTC,0.001
2837957847,4194834854,0,1783610712921436037,201,order_input,benchmark,mock,InstrumentType.Spot,11800374963033145376,OrderType.Limit,Direction.Long,65000.23,208388528,False,Side.Buy,,65000.23,1653898000,BTC-USDT,TimeCondition.GTC,0.001
2837957847,4194834854,0,1783610712921768470,201,order_input,benchmark,mock,InstrumentType.Spot,11800374963033145377,OrderType.Limit,Direction.Long,65000.439999999995,208390064,False,Side.Sell,,65000.439999999995,1653898000,BTC-USDT,TimeCondition.GTC,0.001
2837957847,4194834854,0,1783610712922070772,201,order_input,benchmark,mock,InstrumentType.Spot,11800374963033145378,OrderType.Limit,Direction.Long,65000.25,208391600,False,Side.Buy,,65000.25,1653898000,BTC-USDT,TimeCondition.GTC,0.001
2837957847,4194834854,0,1783610712922369823,201,order_input,benchmark,mock,InstrumentType.Spot,11800374963033145379,OrderType.Limit,Direction.Long,65000.46,208393136,False,Side.Sell,,65000.46,1653898000,BTC-USDT,TimeCondition.GTC,0.001
2837957847,4194834854,0,1783610712922669539,201,order_input,benchmark,mock,InstrumentType.Spot,11800374963033145380,OrderType.Limit,Direction.Long,65000.270000000004,208394672,False,Side.Buy,,65000.270000000004,1653898000,BTC-USDT,TimeCondition.GTC,0.001
2837957847,4194834854,0,1783610712922988772,201,order_input,benchmark,mock,InstrumentType.Spot,11800374963033145381,OrderType.Limit,Direction.Long,65000.479999999996,208396208,False,Side.Sell,,65000.479999999996,1653898000,BTC-USDT,TimeCondition.GTC,0.001
2837957847,4194834854,0,1783610712923269989,201,order_input,benchmark,mock,InstrumentType.Spot,11800374963033145382,OrderType.Limit,Direction.Long,65000.29,208397744,False,Side.Buy,,65000.29,1653898000,BTC-USDT,TimeCondition.GTC,0.001
2837957847,4194834854,0,1783610712923663143,201,order_input,benchmark,mock,InstrumentType.Spot,11800374963033145383,OrderType.Limit,Direction.Long,65000.5,208399280,False,Side.Sell,,65000.5,1653898000,BTC-USDT,TimeCondition.GTC,0.001
2837957847,4194834854,0,1783610712923884299,201,order_input,benchmark,mock,InstrumentType.Spot,11800374963033145384,OrderType.Limit,Direction.Long,65000.310000000005,208400816,False,Side.Buy,,65000.310000000005,1653898000,BTC-USDT,TimeCondition.GTC,0.001
2837957847,4194834854,0,1783610712924108514,201,order_input,benchmark,mock,InstrumentType.Spot,11800374963033145385,OrderType.Limit,Direction.Long,65000.52,208402352,False,Side.Sell,,65000.52,1653898000,BTC-USDT,TimeCondition.GTC,0.001
2837957847,4194834854,0,1783610712924442420,201,order_input,benchmark,mock,InstrumentType.Spot,11800374963033145386,OrderType.Limit,Direction.Long,65000.33,208403888,False,Side.Buy,,65000.33,1653898000,BTC-USDT,TimeCondition.GTC,0.001
2837957847,4194834854,0,1783610712924852902,201,order_input,benchmark,mock,InstrumentType.Spot,11800374963033145387,OrderType.Limit,Direction.Long,65000.54,208405424,False,Side.Sell,,65000.54,1653898000,BTC-USDT,TimeCondition.GTC,0.001
2837957847,4194834854,0,1783610712925098305,201,order_input,benchmark,mock,InstrumentType.Spot,11800374963033145388,OrderType.Limit,Direction.Long,65000.35,208406960,False,Side.Buy,,65000.35,1653898000,BTC-USDT,TimeCondition.GTC,0.001
2837957847,4194834854,0,1783610712925302143,201,order_input,benchmark,mock,InstrumentType.Spot,11800374963033145389,OrderType.Limit,Direction.Long,65000.56,208471184,False,Side.Sell,,65000.56,1653898000,BTC-USDT,TimeCondition.GTC,0.001
2837957847,4194834854,0,1783610712925689873,201,order_input,benchmark,mock,InstrumentType.Spot,11800374963033145390,OrderType.Limit,Direction.Long,65000.37,208472720,False,Side.Buy,,65000.37,1653898000,BTC-USDT,TimeCondition.GTC,0.001
2837957847,4194834854,0,1783610712925922893,201,order_input,benchmark,mock,InstrumentType.Spot,11800374963033145391,OrderType.Limit,Direction.Long,65000.58,208474256,False,Side.Sell,,65000.58,1653898000,BTC-USDT,TimeCondition.GTC,0.001
2837957847,4194834854,0,1783610712926271311,201,order_input,benchmark,mock,InstrumentType.Spot,11800374963033145392,OrderType.Limit,Direction.Long,65000.39,208475792,False,Side.Buy,,65000.39,1653898000,BTC-USDT,TimeCondition.GTC,0.001
2837957847,4194834854,0,1783610712926572251,201,order_input,benchmark,mock,InstrumentType.Spot,11800374963033145393,OrderType.Limit,Direction.Long,65000.6,208477328,False,Side.Sell,,65000.6,1653898000,BTC-USDT,TimeCondition.GTC,0.001
2837957847,4194834854,0,1783610712926870030,201,order_input,benchmark,mock,InstrumentType.Spot,11800374963033145394,OrderType.Limit,Direction.Long,65000.41,208478864,False,Side.Buy,,65000.41,1653898000,BTC-USDT,TimeCondition.GTC,0.001
2837957847,4194834854,0,1783610712927173833,201,order_input,benchmark,mock,InstrumentType.Spot,11800374963033145395,OrderType.Limit,Direction.Long,65000.619999999995,208480400,False,Side.Sell,,65000.619999999995,1653898000,BTC-USDT,TimeCondition.GTC,0.001
2837957847,4194834854,0,1783610712927470182,201,order_input,benchmark,mock,InstrumentType.Spot,11800374963033145396,OrderType.Limit,Direction.Long,65000.43,208481936,False,Side.Buy,,65000.43,1653898000,BTC-USDT,TimeCondition.GTC,0.001
2837957847,4194834854,0,1783610712928137824,201,order_input,benchmark,mock,InstrumentType.Spot,11800374963033145397,OrderType.Limit,Direction.Long,65000.64,208483472,False,Side.Sell,,65000.64,1653898000,BTC-USDT,TimeCondition.GTC,0.001
2837957847,4194834854,0,1783610712928210235,201,order_input,benchmark,mock,InstrumentType.Spot,11800374963033145398,OrderType.Limit,Direction.Long,65000.450000000004,208484976,False,Side.Buy,,65000.450000000004,1653898000,BTC-USDT,TimeCondition.GTC,0.001
2837957847,4194834854,0,1783610712928540211,201,order_input,benchmark,mock,InstrumentType.Spot,11800374963033145399,OrderType.Limit,Direction.Long,65000.659999999996,208486544,False,Side.Sell,,65000.659999999996,1653898000,BTC-USDT,TimeCondition.GTC,0.001
2837957847,4194834854,0,1783610712928805752,201,order_input,benchmark,mock,InstrumentType.Spot,11800374963033145400,OrderType.Limit,Direction.Long,65000.47,208488080,False,Side.Buy,,65000.47,1653898000,BTC-USDT,TimeCondition.GTC,0.001
2837957847,4194834854,0,1783610712929011915,201,order_input,benchmark,mock,InstrumentType.Spot,11800374963033145401,OrderType.Limit,Direction.Long,65000.68,208489616,False,Side.Sell,,65000.68,1653898000,BTC-USDT,TimeCondition.GTC,0.001
2837957847,4194834854,0,1783610712929259258,201,order_input,benchmark,mock,InstrumentType.Spot,11800374963033145402,OrderType.Limit,Direction.Long,65000.49,208491152,False,Side.Buy,,65000.49,1653898000,BTC-USDT,TimeCondition.GTC,0.001
2837957847,4194834854,0,1783610712929683053,201,order_input,benchmark,mock,InstrumentType.Spot,11800374963033145403,OrderType.Limit,Direction.Long,65000.7,208492688,False,Side.Sell,,65000.7,1653898000,BTC-USDT,TimeCondition.GTC,0.001
2837957847,4194834854,0,1783610712929932546,201,order_input,benchmark,mock,InstrumentType.Spot,11800374963033145404,OrderType.Limit,Direction.Long,65000.51,208494224,False,Side.Buy,,65000.51,1653898000,BTC-USDT,TimeCondition.GTC,0.001
2837957847,4194834854,0,1783610712930201311,201,order_input,benchmark,mock,InstrumentType.Spot,11800374963033145405,OrderType.Limit,Direction.Long,65000.72,208495760,False,Side.Sell,,65000.72,1653898000,BTC-USDT,TimeCondition.GTC,0.001
2837957847,4194834854,0,1783610712930540633,201,order_input,benchmark,mock,InstrumentType.Spot,11800374963033145406,OrderType.Limit,Direction.Long,65000.53,208497296,False,Side.Buy,,65000.53,1653898000,BTC-USDT,TimeCondition.GTC,0.001
2837957847,4194834854,0,1783610712930819679,201,order_input,benchmark,mock,InstrumentType.Spot,11800374963033145407,OrderType.Limit,Direction.Long,65000.74,208498832,False,Side.Sell,,65000.74,1653898000,BTC-USDT,TimeCondition.GTC,0.001
2837957847,4194834854,0,1783610712931168415,201,order_input,benchmark,mock,InstrumentType.Spot,11800374963033145408,OrderType.Limit,Direction.Long,65000.55,208500368,False,Side.Buy,,65000.55,1653898000,BTC-USDT,TimeCondition.GTC,0.001
2837957847,4194834854,0,1783610712931382904,201,order_input,benchmark,mock,InstrumentType.Spot,11800374963033145409,OrderType.Limit,Direction.Long,65000.76,208501904,False,Side.Sell,,65000.76,1653898000,BTC-USDT,TimeCondition.GTC,0.001
2837957847,4194834854,0,1783610712931658703,201,order_input,benchmark,mock,InstrumentType.Spot,11800374963033145410,OrderType.Limit,Direction.Long,65000.57,208503440,False,Side.Buy,,65000.57,1653898000,BTC-USDT,TimeCondition.GTC,0.001
2837957847,4194834854,0,1783610712932008125,201,order_input,benchmark,mock,InstrumentType.Spot,11800374963033145411,OrderType.Limit,Direction.Long,65000.78,208504976,False,Side.Sell,,65000.78,1653898000,BTC-USDT,TimeCondition.GTC,0.001
2837957847,4194834854,0,1783610712932328022,201,order_input,benchmark,mock,InstrumentType.Spot,11800374963033145412,OrderType.Limit,Direction.Long,65000.590000000004,208506512,False,Side.Buy,,65000.590000000004,1653898000,BTC-USDT,TimeCondition.GTC,0.001
2837957847,4194834854,0,1783610712932542065,201,order_input,benchmark,mock,InstrumentType.Spot,11800374963033145413,OrderType.Limit,Direction.Long,65000.799999999996,208508048,False,Side.Sell,,65000.799999999996,1653898000,BTC-USDT,TimeCondition.GTC,0.001
2837957847,4194834854,0,1783610712932972665,201,order_input,benchmark,mock,InstrumentType.Spot,11800374963033145414,OrderType.Limit,Direction.Long,65000.61,208509584,False,Side.Buy,,65000.61,1653898000,BTC-USDT,TimeCondition.GTC,0.001
2837957847,4194834854,0,1783610712933322591,201,order_input,benchmark,mock,InstrumentType.Spot,11800374963033145415,OrderType.Limit,Direction.Long,65000.82,208511120,False,Side.Sell,,65000.82,1653898000,BTC-USDT,TimeCondition.GTC,0.001
2837957847,4194834854,0,1783610712933403522,201,order_input,benchmark,mock,InstrumentType.Spot,11800374963033145416,OrderType.Limit,Direction.Long,65000.630000000005,208512656,False,Side.Buy,,65000.630000000005,1653898000,BTC-USDT,TimeCondition.GTC,0.001
2837957847,4194834854,0,1783610712933691023,201,order_input,benchmark,mock,InstrumentType.Spot,11800374963033145417,OrderType.Limit,Direction.Long,65000.84,208514192,False,Side.Sell,,65000.84,1653898000,BTC-USDT,TimeCondition.GTC,0.001
2837957847,4194834854,0,1783610712934227422,201,order_input,benchmark,mock,InstrumentType.Spot,11800374963033145418,OrderType.Limit,Direction.Long,65000.65,208515728,False,Side.Buy,,65000.65,1653898000,BTC-USDT,TimeCondition.GTC,0.001
2837957847,4194834854,0,1783610712934323062,201,order_input,benchmark,mock,InstrumentType.Spot,11800374963033145419,OrderType.Limit,Direction.Long,65000.86,208517264,False,Side.Sell,,65000.86,1653898000,BTC-USDT,TimeCondition.GTC,0.001
2837957847,4194834854,0,1783610712934770812,201,order_input,benchmark,mock,InstrumentType.Spot,11800374963033145420,OrderType.Limit,Direction.Long,65000.67,208518800,False,Side.Buy,,65000.67,1653898000,BTC-USDT,TimeCondition.GTC,0.001
2837957847,4194834854,0,1783610712934883879,201,order_input,benchmark,mock,InstrumentType.Spot,11800374963033145421,OrderType.Limit,Direction.Long,65000.88,208521088,False,Side.Sell,,65000.88,1653898000,BTC-USDT,TimeCondition.GTC,0.001
2837957847,4194834854,0,1783610712935277615,201,order_input,benchmark,mock,InstrumentType.Spot,11800374963033145422,OrderType.Limit,Direction.Long,65000.69,208522624,False,Side.Buy,,65000.69,1653898000,BTC-USDT,TimeCondition.GTC,0.001
2837957847,4194834854,0,1783610712935570935,201,order_input,benchmark,mock,InstrumentType.Spot,11800374963033145423,OrderType.Limit,Direction.Long,65000.9,208524160,False,Side.Sell,,65000.9,1653898000,BTC-USDT,TimeCondition.GTC,0.001
2837957847,4194834854,0,1783610712935868943,201,order_input,benchmark,mock,InstrumentType.Spot,11800374963033145424,OrderType.Limit,Direction.Long,65000.71,208525696,False,Side.Buy,,65000.71,1653898000,BTC-USDT,TimeCondition.GTC,0.001
2837957847,4194834854,0,1783610712936170940,201,order_input,benchmark,mock,InstrumentType.Spot,11800374963033145425,OrderType.Limit,Direction.Long,65000.92,208527232,False,Side.Sell,,65000.92,1653898000,BTC-USDT,TimeCondition.GTC,0.001
2837957847,4194834854,0,1783610712936544922,201,order_input,benchmark,mock,InstrumentType.Spot,11800374963033145426,OrderType.Limit,Direction.Long,65000.73,208528768,False,Side.Buy,,65000.73,1653898000,BTC-USDT,TimeCondition.GTC,0.001
2837957847,4194834854,0,1783610712936885185,201,order_input,benchmark,mock,InstrumentType.Spot,11800374963033145427,OrderType.Limit,Direction.Long,65000.939999999995,208530304,False,Side.Sell,,65000.939999999995,1653898000,BTC-USDT,TimeCondition.GTC,0.001
2837957847,4194834854,0,1783610712937026192,201,order_input,benchmark,mock,InstrumentType.Spot,11800374963033145428,OrderType.Limit,Direction.Long,65000.75,208531840,False,Side.Buy,,65000.75,1653898000,BTC-USDT,TimeCondition.GTC,0.001
2837957847,4194834854,0,1783610712937330164,201,order_input,benchmark,mock,InstrumentType.Spot,11800374963033145429,OrderType.Limit,Direction.Long,65000.96,208533376,False,Side.Sell,,65000.96,1653898000,BTC-USDT,TimeCondition.GTC,0.001
2837957847,4194834854,0,1783610712938338079,201,order_input,benchmark,mock,InstrumentType.Spot,11800374963033145430,OrderType.Limit,Direction.Long,65000.770000000004,208534912,False,Side.Buy,,65000.770000000004,1653898000,BTC-USDT,TimeCondition.GTC,0.001
2837957847,4194834854,0,1783610712938390727,201,order_input,benchmark,mock,InstrumentType.Spot,11800374963033145431,OrderType.Limit,Direction.Long,65000.979999999996,208536416,False,Side.Sell,,65000.979999999996,1653898000,BTC-USDT,TimeCondition.GTC,0.001
2837957847,4194834854,0,1783610712938417298,201,order_input,benchmark,mock,InstrumentType.Spot,11800374963033145432,OrderType.Limit,Direction.Long,65000.79,208537952,False,Side.Buy,,65000.79,1653898000,BTC-USDT,TimeCondition.GTC,0.001
2837957847,4194834854,0,1783610712938609144,201,order_input,benchmark,mock,InstrumentType.Spot,11800374963033145433,OrderType.Limit,Direction.Long,65001.0,208539520,False,Side.Sell,,65001.0,1653898000,BTC-USDT,TimeCondition.GTC,0.001
2837957847,4194834854,0,1783610712939014930,201,order_input,benchmark,mock,InstrumentType.Spot,11800374963033145434,OrderType.Limit,Direction.Long,65000.810000000005,208541056,False,Side.Buy,,65000.810000000005,1653898000,BTC-USDT,TimeCondition.GTC,0.001
2837957847,4194834854,0,1783610712939104721,201,order_input,benchmark,mock,InstrumentType.Spot,11800374963033145435,OrderType.Limit,Direction.Long,65001.02,208542592,False,Side.Sell,,65001.02,1653898000,BTC-USDT,TimeCondition.GTC,0.001
2837957847,4194834854,0,1783610712939413554,201,order_input,benchmark,mock,InstrumentType.Spot,11800374963033145436,OrderType.Limit,Direction.Long,65000.83,208544128,False,Side.Buy,,65000.83,1653898000,BTC-USDT,TimeCondition.GTC,0.001
2837957847,4194834854,0,1783610712939704482,201,order_input,benchmark,mock,InstrumentType.Spot,11800374963033145437,OrderType.Limit,Direction.Long,65001.04,208407152,False,Side.Sell,,65001.04,1653898000,BTC-USDT,TimeCondition.GTC,0.001
2837957847,4194834854,0,1783610712940084632,201,order_input,benchmark,mock,InstrumentType.Spot,11800374963033145438,OrderType.Limit,Direction.Long,65000.85,208547888,False,Side.Buy,,65000.85,1653898000,BTC-USDT,TimeCondition.GTC,0.001
2837957847,4194834854,0,1783610712940384278,201,order_input,benchmark,mock,InstrumentType.Spot,11800374963033145439,OrderType.Limit,Direction.Long,65001.06,208549424,False,Side.Sell,,65001.06,1653898000,BTC-USDT,TimeCondition.GTC,0.001
2837957847,4194834854,0,1783610712940664729,201,order_input,benchmark,mock,InstrumentType.Spot,11800374963033145440,OrderType.Limit,Direction.Long,65000.87,208550960,False,Side.Buy,,65000.87,1653898000,BTC-USDT,TimeCondition.GTC,0.001
2837957847,4194834854,0,1783610712940968880,201,order_input,benchmark,mock,InstrumentType.Spot,11800374963033145441,OrderType.Limit,Direction.Long,65001.08,208520704,False,Side.Sell,,65001.08,1653898000,BTC-USDT,TimeCondition.GTC,0.001
2837957847,4194834854,0,1783610712941269987,201,order_input,benchmark,mock,InstrumentType.Spot,11800374963033145442,OrderType.Limit,Direction.Long,65000.89,210208352,False,Side.Buy,,65000.89,1653898000,BTC-USDT,TimeCondition.GTC,0.001
2837957847,4194834854,0,1783610712941574144,201,order_input,benchmark,mock,InstrumentType.Spot,11800374963033145443,OrderType.Limit,Direction.Long,65000.1,210209888,False,Side.Sell,,65000.1,1653898000,BTC-USDT,TimeCondition.GTC,0.001
2837957847,4194834854,0,1783610712941880834,201,order_input,benchmark,mock,InstrumentType.Spot,11800374963033145444,OrderType.Limit,Direction.Long,64999.91,210211424,False,Side.Buy,,64999.91,1653898000,BTC-USDT,TimeCondition.GTC,0.001
2837957847,4194834854,0,1783610712942116381,201,order_input,benchmark,mock,InstrumentType.Spot,11800374963033145445,OrderType.Limit,Direction.Long,65000.119999999995,210212960,False,Side.Sell,,65000.119999999995,1653898000,BTC-USDT,TimeCondition.GTC,0.001
2837957847,4194834854,0,1783610712942477169,201,order_input,benchmark,mock,InstrumentType.Spot,11800374963033145446,OrderType.Limit,Direction.Long,64999.93,210214496,False,Side.Buy,,64999.93,1653898000,BTC-USDT,TimeCondition.GTC,0.001
2837957847,4194834854,0,1783610712942777936,201,order_input,benchmark,mock,InstrumentType.Spot,11800374963033145447,OrderType.Limit,Direction.Long,65000.14,210216032,False,Side.Sell,,65000.14,1653898000,BTC-USDT,TimeCondition.GTC,0.001
2837957847,4194834854,0,1783610712943094798,201,order_input,benchmark,mock,InstrumentType.Spot,11800374963033145448,OrderType.Limit,Direction.Long,64999.950000000004,210217568,False,Side.Buy,,64999.950000000004,1653898000,BTC-USDT,TimeCondition.GTC,0.001
2837957847,4194834854,0,1783610712943291825,201,order_input,benchmark,mock,InstrumentType.Spot,11800374963033145449,OrderType.Limit,Direction.Long,65000.159999999996,210219104,False,Side.Sell,,65000.159999999996,1653898000,BTC-USDT,TimeCondition.GTC,0.001
2837957847,4194834854,0,1783610712943669992,201,order_input,benchmark,mock,InstrumentType.Spot,11800374963033145450,OrderType.Limit,Direction.Long,64999.97,210220640,False,Side.Buy,,64999.97,1653898000,BTC-USDT,TimeCondition.GTC,0.001
2837957847,4194834854,0,1783610712944684181,201,order_input,benchmark,mock,InstrumentType.Spot,11800374963033145451,OrderType.Limit,Direction.Long,65000.18,210222176,False,Side.Sell,,65000.18,1653898000,BTC-USDT,TimeCondition.GTC,0.001
2837957847,4194834854,0,1783610712944724768,201,order_input,benchmark,mock,InstrumentType.Spot,11800374963033145452,OrderType.Limit,Direction.Long,64999.99,210223680,False,Side.Buy,,64999.99,1653898000,BTC-USDT,TimeCondition.GTC,0.001
2837957847,4194834854,0,1783610712944757980,201,order_input,benchmark,mock,InstrumentType.Spot,11800374963033145453,OrderType.Limit,Direction.Long,65000.2,210226256,False,Side.Sell,,65000.2,1653898000,BTC-USDT,TimeCondition.GTC,0.001
2837957847,4194834854,0,1783610712944794566,201,order_input,benchmark,mock,InstrumentType.Spot,11800374963033145454,OrderType.Limit,Direction.Long,65000.01,210227824,False,Side.Buy,,65000.01,1653898000,BTC-USDT,TimeCondition.GTC,0.001
2837957847,4194834854,0,1783610712945392517,201,order_input,benchmark,mock,InstrumentType.Spot,11800374963033145455,OrderType.Limit,Direction.Long,65000.22,210229360,False,Side.Sell,,65000.22,1653898000,BTC-USDT,TimeCondition.GTC,0.001
2837957847,4194834854,0,1783610712945436165,201,order_input,benchmark,mock,InstrumentType.Spot,11800374963033145456,OrderType.Limit,Direction.Long,65000.03,210230864,False,Side.Buy,,65000.03,1653898000,BTC-USDT,TimeCondition.GTC,0.001
2837957847,4194834854,0,1783610712945740508,201,order_input,benchmark,mock,InstrumentType.Spot,11800374963033145457,OrderType.Limit,Direction.Long,65000.24,210232432,False,Side.Sell,,65000.24,1653898000,BTC-USDT,TimeCondition.GTC,0.001
2837957847,4194834854,0,1783610712946109941,201,order_input,benchmark,mock,InstrumentType.Spot,11800374963033145458,OrderType.Limit,Direction.Long,65000.05,210233968,False,Side.Buy,,65000.05,1653898000,BTC-USDT,TimeCondition.GTC,0.001
2837957847,4194834854,0,1783610712946378501,201,order_input,benchmark,mock,InstrumentType.Spot,11800374963033145459,OrderType.Limit,Direction.Long,65000.26,210235504,False,Side.Sell,,65000.26,1653898000,BTC-USDT,TimeCondition.GTC,0.001
2837957847,4194834854,0,1783610712946680387,201,order_input,benchmark,mock,InstrumentType.Spot,11800374963033145460,OrderType.Limit,Direction.Long,65000.07,210237040,False,Side.Buy,,65000.07,1653898000,BTC-USDT,TimeCondition.GTC,0.001
2837957847,4194834854,0,1783610712947014842,201,order_input,benchmark,mock,InstrumentType.Spot,11800374963033145461,OrderType.Limit,Direction.Long,65000.28,210238576,False,Side.Sell,,65000.28,1653898000,BTC-USDT,TimeCondition.GTC,0.001
2837957847,4194834854,0,1783610712947256480,201,order_input,benchmark,mock,InstrumentType.Spot,11800374963033145462,OrderType.Limit,Direction.Long,65000.090000000004,210240112,False,Side.Buy,,65000.090000000004,1653898000,BTC-USDT,TimeCondition.GTC,0.001
2837957847,4194834854,0,1783610712947529660,201,order_input,benchmark,mock,InstrumentType.Spot,11800374963033145463,OrderType.Limit,Direction.Long,65000.299999999996,210241648,False,Side.Sell,,65000.299999999996,1653898000,BTC-USDT,TimeCondition.GTC,0.001
2837957847,4194834854,0,1783610712947882064,201,order_input,benchmark,mock,InstrumentType.Spot,11800374963033145464,OrderType.Limit,Direction.Long,65000.11,210243184,False,Side.Buy,,65000.11,1653898000,BTC-USDT,TimeCondition.GTC,0.001
2837957847,4194834854,0,1783610712948091462,201,order_input,benchmark,mock,InstrumentType.Spot,11800374963033145465,OrderType.Limit,Direction.Long,65000.32,210244720,False,Side.Sell,,65000.32,1653898000,BTC-USDT,TimeCondition.GTC,0.001
2837957847,4194834854,0,1783610712948478914,201,order_input,benchmark,mock,InstrumentType.Spot,11800374963033145466,OrderType.Limit,Direction.Long,65000.130000000005,210246256,False,Side.Buy,,65000.130000000005,1653898000,BTC-USDT,TimeCondition.GTC,0.001
2837957847,4194834854,0,1783610712948778469,201,order_input,benchmark,mock,InstrumentType.Spot,11800374963033145467,OrderType.Limit,Direction.Long,65000.34,210247792,False,Side.Sell,,65000.34,1653898000,BTC-USDT,TimeCondition.GTC,0.001
2837957847,4194834854,0,1783610712949086079,201,order_input,benchmark,mock,InstrumentType.Spot,11800374963033145468,OrderType.Limit,Direction.Long,65000.15,210249328,False,Side.Buy,,65000.15,1653898000,BTC-USDT,TimeCondition.GTC,0.001
2837957847,4194834854,0,1783610712949372393,201,order_input,benchmark,mock,InstrumentType.Spot,11800374963033145469,OrderType.Limit,Direction.Long,65000.36,210250864,False,Side.Sell,,65000.36,1653898000,BTC-USDT,TimeCondition.GTC,0.001
2837957847,4194834854,0,1783610712949674336,201,order_input,benchmark,mock,InstrumentType.Spot,11800374963033145470,OrderType.Limit,Direction.Long,65000.17,210252400,False,Side.Buy,,65000.17,1653898000,BTC-USDT,TimeCondition.GTC,0.001
2837957847,4194834854,0,1783610712950150602,201,order_input,benchmark,mock,InstrumentType.Spot,11800374963033145471,OrderType.Limit,Direction.Long,65000.38,210253936,False,Side.Sell,,65000.38,1653898000,BTC-USDT,TimeCondition.GTC,0.001
2837957847,4194834854,0,1783610712950338850,201,order_input,benchmark,mock,InstrumentType.Spot,11800374963033145472,OrderType.Limit,Direction.Long,65000.19,210255472,False,Side.Buy,,65000.19,1653898000,BTC-USDT,TimeCondition.GTC,0.001
2837957847,4194834854,0,1783610712950552686,201,order_input,benchmark,mock,InstrumentType.Spot,11800374963033145473,OrderType.Limit,Direction.Long,65000.4,210225248,False,Side.Sell,,65000.4,1653898000,BTC-USDT,TimeCondition.GTC,0.001
2837957847,4194834854,0,1783610712950871850,201,order_input,benchmark,mock,InstrumentType.Spot,11800374963033145474,OrderType.Limit,Direction.Long,65000.21,210258704,False,Side.Buy,,65000.21,1653898000,BTC-USDT,TimeCondition.GTC,0.001
2837957847,4194834854,0,1783610712951321404,201,order_input,benchmark,mock,InstrumentType.Spot,11800374963033145475,OrderType.Limit,Direction.Long,65000.42,210260240,False,Side.Sell,,65000.42,1653898000,BTC-USDT,TimeCondition.GTC,0.001
2837957847,4194834854,0,1783610712951427827,201,order_input,benchmark,mock,InstrumentType.Spot,11800374963033145476,OrderType.Limit,Direction.Long,65000.23,210261776,False,Side.Buy,,65000.23,1653898000,BTC-USDT,TimeCondition.GTC,0.001
2837957847,4194834854,0,1783610712951831288,201,order_input,benchmark,mock,InstrumentType.Spot,11800374963033145477,OrderType.Limit,Direction.Long,65000.439999999995,210263312,False,Side.Sell,,65000.439999999995,1653898000,BTC-USDT,TimeCondition.GTC,0.001
2837957847,4194834854,0,1783610712952104763,201,order_input,benchmark,mock,InstrumentType.Spot,11800374963033145478,OrderType.Limit,Direction.Long,65000.25,210264848,False,Side.Buy,,65000.25,1653898000,BTC-USDT,TimeCondition.GTC,0.001
2837957847,4194834854,0,1783610712952393469,201,order_input,benchmark,mock,InstrumentType.Spot,11800374963033145479,OrderType.Limit,Direction.Long,65000.46,210266384,False,Side.Sell,,65000.46,1653898000,BTC-USDT,TimeCondition.GTC,0.001
2837957847,4194834854,0,1783610712952623394,201,order_input,benchmark,mock,InstrumentType.Spot,11800374963033145480,OrderType.Limit,Direction.Long,65000.270000000004,210267920,False,Side.Buy,,65000.270000000004,1653898000,BTC-USDT,TimeCondition.GTC,0.001
2837957847,4194834854,0,1783610712952926449,201,order_input,benchmark,mock,InstrumentType.Spot,11800374963033145481,OrderType.Limit,Direction.Long,65000.479999999996,210269456,False,Side.Sell,,65000.479999999996,1653898000,BTC-USDT,TimeCondition.GTC,0.001
2837957847,4194834854,0,1783610712953278531,201,order_input,benchmark,mock,InstrumentType.Spot,11800374963033145482,OrderType.Limit,Direction.Long,65000.29,210270992,False,Side.Buy,,65000.29,1653898000,BTC-USDT,TimeCondition.GTC,0.001
2837957847,4194834854,0,1783610712953541065,201,order_input,benchmark,mock,InstrumentType.Spot,11800374963033145483,OrderType.Limit,Direction.Long,65000.5,210272528,False,Side.Sell,,65000.5,1653898000,BTC-USDT,TimeCondition.GTC,0.001
2837957847,4194834854,0,1783610712953905203,201,order_input,benchmark,mock,InstrumentType.Spot,11800374963033145484,OrderType.Limit,Direction.Long,65000.310000000005,210274064,False,Side.Buy,,65000.310000000005,1653898000,BTC-USDT,TimeCondition.GTC,0.001
2837957847,4194834854,0,1783610712954156319,201,order_input,benchmark,mock,InstrumentType.Spot,11800374963033145485,OrderType.Limit,Direction.Long,65000.52,210275600,False,Side.Sell,,65000.52,1653898000,BTC-USDT,TimeCondition.GTC,0.001
2837957847,4194834854,0,1783610712954421523,201,order_input,benchmark,mock,InstrumentType.Spot,11800374963033145486,OrderType.Limit,Direction.Long,65000.33,210277136,False,Side.Buy,,65000.33,1653898000,BTC-USDT,TimeCondition.GTC,0.001
2837957847,4194834854,0,1783610712954799874,201,order_input,benchmark,mock,InstrumentType.Spot,11800374963033145487,OrderType.Limit,Direction.Long,65000.54,210278672,False,Side.Sell,,65000.54,1653898000,BTC-USDT,TimeCondition.GTC,0.001
2837957847,4194834854,0,1783610712955021671,201,order_input,benchmark,mock,InstrumentType.Spot,11800374963033145488,OrderType.Limit,Direction.Long,65000.35,210280208,False,Side.Buy,,65000.35,1653898000,BTC-USDT,TimeCondition.GTC,0.001
2837957847,4194834854,0,1783610712955376992,201,order_input,benchmark,mock,InstrumentType.Spot,11800374963033145489,OrderType.Limit,Direction.Long,65000.56,210281744,False,Side.Sell,,65000.56,1653898000,BTC-USDT,TimeCondition.GTC,0.001
2837957847,4194834854,0,1783610712955677438,201,order_input,benchmark,mock,InstrumentType.Spot,11800374963033145490,OrderType.Limit,Direction.Long,65000.37,210283280,False,Side.Buy,,65000.37,1653898000,BTC-USDT,TimeCondition.GTC,0.001
2837957847,4194834854,0,1783610712955973796,201,order_input,benchmark,mock,InstrumentType.Spot,11800374963033145491,OrderType.Limit,Direction.Long,65000.58,210284816,False,Side.Sell,,65000.58,1653898000,BTC-USDT,TimeCondition.GTC,0.001
2837957847,4194834854,0,1783610712956276853,201,order_input,benchmark,mock,InstrumentType.Spot,11800374963033145492,OrderType.Limit,Direction.Long,65000.39,210286352,False,Side.Buy,,65000.39,1653898000,BTC-USDT,TimeCondition.GTC,0.001
2837957847,4194834854,0,1783610712956575696,201,order_input,benchmark,mock,InstrumentType.Spot,11800374963033145493,OrderType.Limit,Direction.Long,65000.6,210257008,False,Side.Sell,,65000.6,1653898000,BTC-USDT,TimeCondition.GTC,0.001
2837957847,4194834854,0,1783610712956865288,201,order_input,benchmark,mock,InstrumentType.Spot,11800374963033145494,OrderType.Limit,Direction.Long,65000.41,210289616,False,Side.Buy,,65000.41,1653898000,BTC-USDT,TimeCondition.GTC,0.001
2837957847,4194834854,0,1783610712957167809,201,order_input,benchmark,mock,InstrumentType.Spot,11800374963033145495,OrderType.Limit,Direction.Long,65000.619999999995,210291152,False,Side.Sell,,65000.619999999995,1653898000,BTC-USDT,TimeCondition.GTC,0.001
2837957847,4194834854,0,1783610712957473636,201,order_input,benchmark,mock,InstrumentType.Spot,11800374963033145496,OrderType.Limit,Direction.Long,65000.43,210292688,False,Side.Buy,,65000.43,1653898000,BTC-USDT,TimeCondition.GTC,0.001
2837957847,4194834854,0,1783610712957767678,201,order_input,benchmark,mock,InstrumentType.Spot,11800374963033145497,OrderType.Limit,Direction.Long,65000.64,210294224,False,Side.Sell,,65000.64,1653898000,BTC-USDT,TimeCondition.GTC,0.001
2837957847,4194834854,0,1783610712958086100,201,order_input,benchmark,mock,InstrumentType.Spot,11800374963033145498,OrderType.Limit,Direction.Long,65000.450000000004,210295760,False,Side.Buy,,65000.450000000004,1653898000,BTC-USDT,TimeCondition.GTC,0.001
2837957847,4194834854,0,1783610712958367302,201,order_input,benchmark,mock,InstrumentType.Spot,11800374963033145499,OrderType.Limit,Direction.Long,65000.659999999996,210297296,False,Side.Sell,,65000.659999999996,1653898000,BTC-USDT,TimeCondition.GTC,0.001
2837957847,4194834854,0,1783610712958666160,201,order_input,benchmark,mock,InstrumentType.Spot,11800374963033145500,OrderType.Limit,Direction.Long,65000.47,210298832,False,Side.Buy,,65000.47,1653898000,BTC-USDT,TimeCondition.GTC,0.001
2837957847,4194834854,0,1783610712958966642,201,order_input,benchmark,mock,InstrumentType.Spot,11800374963033145501,OrderType.Limit,Direction.Long,65000.68,210300368,False,Side.Sell,,65000.68,1653898000,BTC-USDT,TimeCondition.GTC,0.001
2837957847,4194834854,0,1783610712959270674,201,order_input,benchmark,mock,InstrumentType.Spot,11800374963033145502,OrderType.Limit,Direction.Long,65000.49,210301904,False,Side.Buy,,65000.49,1653898000,BTC-USDT,TimeCondition.GTC,0.001
2837957847,4194834854,0,1783610712959570266,201,order_input,benchmark,mock,InstrumentType.Spot,11800374963033145503,OrderType.Limit,Direction.Long,65000.7,210303440,False,Side.Sell,,65000.7,1653898000,BTC-USDT,TimeCondition.GTC,0.001
2837957847,4194834854,0,1783610712959867811,201,order_input,benchmark,mock,InstrumentType.Spot,11800374963033145504,OrderType.Limit,Direction.Long,65000.51,210304976,False,Side.Buy,,65000.51,1653898000,BTC-USDT,TimeCondition.GTC,0.001
2837957847,4194834854,0,1783610712960171093,201,order_input,benchmark,mock,InstrumentType.Spot,11800374963033145505,OrderType.Limit,Direction.Long,65000.72,210306512,False,Side.Sell,,65000.72,1653898000,BTC-USDT,TimeCondition.GTC,0.001
2837957847,4194834854,0,1783610712960474859,201,order_input,benchmark,mock,InstrumentType.Spot,11800374963033145506,OrderType.Limit,Direction.Long,65000.53,210308048,False,Side.Buy,,65000.53,1653898000,BTC-USDT,TimeCondition.GTC,0.001
2837957847,4194834854,0,1783610712960769225,201,order_input,benchmark,mock,InstrumentType.Spot,11800374963033145507,OrderType.Limit,Direction.Long,65000.74,210309584,False,Side.Sell,,65000.74,1653898000,BTC-USDT,TimeCondition.GTC,0.001
2837957847,4194834854,0,1783610712961098772,201,order_input,benchmark,mock,InstrumentType.Spot,11800374963033145508,OrderType.Limit,Direction.Long,65000.55,210311120,False,Side.Buy,,65000.55,1653898000,BTC-USDT,TimeCondition.GTC,0.001
2837957847,4194834854,0,1783610712961366932,201,order_input,benchmark,mock,InstrumentType.Spot,11800374963033145509,OrderType.Limit,Direction.Long,65000.76,210312656,False,Side.Sell,,65000.76,1653898000,BTC-USDT,TimeCondition.GTC,0.001
2837957847,4194834854,0,1783610712961666565,201,order_input,benchmark,mock,InstrumentType.Spot,11800374963033145510,OrderType.Limit,Direction.Long,65000.57,210314192,False,Side.Buy,,65000.57,1653898000,BTC-USDT,TimeCondition.GTC,0.001
2837957847,4194834854,0,1783610712961965537,201,order_input,benchmark,mock,InstrumentType.Spot,11800374963033145511,OrderType.Limit,Direction.Long,65000.78,210315728,False,Side.Sell,,65000.78,1653898000,BTC-USDT,TimeCondition.GTC,0.001
2837957847,4194834854,0,1783610712962267071,201,order_input,benchmark,mock,InstrumentType.Spot,11800374963033145512,OrderType.Limit,Direction.Long,65000.590000000004,210317264,False,Side.Buy,,65000.590000000004,1653898000,BTC-USDT,TimeCondition.GTC,0.001
2837957847,4194834854,0,1783610712962565776,201,order_input,benchmark,mock,InstrumentType.Spot,11800374963033145513,OrderType.Limit,Direction.Long,65000.799999999996,210318800,False,Side.Sell,,65000.799999999996,1653898000,BTC-USDT,TimeCondition.GTC,0.001
2837957847,4194834854,0,1783610712962865915,201,order_input,benchmark,mock,InstrumentType.Spot,11800374963033145514,OrderType.Limit,Direction.Long,65000.61,210320336,False,Side.Buy,,65000.61,1653898000,BTC-USDT,TimeCondition.GTC,0.001
2837957847,4194834854,0,1783610712963182351,201,order_input,benchmark,mock,InstrumentType.Spot,11800374963033145515,OrderType.Limit,Direction.Long,65000.82,210321872,False,Side.Sell,,65000.82,1653898000,BTC-USDT,TimeCondition.GTC,0.001
2837957847,4194834854,0,1783610712963500083,201,order_input,benchmark,mock,InstrumentType.Spot,11800374963033145516,OrderType.Limit,Direction.Long,65000.630000000005,210323408,False,Side.Buy,,65000.630000000005,1653898000,BTC-USDT,TimeCondition.GTC,0.001
2837957847,4194834854,0,1783610712963753054,201,order_input,benchmark,mock,InstrumentType.Spot,11800374963033145517,OrderType.Limit,Direction.Long,65000.84,210287888,False,Side.Sell,,65000.84,1653898000,BTC-USDT,TimeCondition.GTC,0.001
2837957847,4194834854,0,1783610712964079624,201,order_input,benchmark,mock,InstrumentType.Spot,11800374963033145518,OrderType.Limit,Direction.Long,65000.65,210326704,False,Side.Buy,,65000.65,1653898000,BTC-USDT,TimeCondition.GTC,0.001
2837957847,4194834854,0,1783610712964369485,201,order_input,benchmark,mock,InstrumentType.Spot,11800374963033145519,OrderType.Limit,Direction.Long,65000.86,210328240,False,Side.Sell,,65000.86,1653898000,BTC-USDT,TimeCondition.GTC,0.001
2837957847,4194834854,0,1783610712964667381,201,order_input,benchmark,mock,InstrumentType.Spot,11800374963033145520,OrderType.Limit,Direction.Long,65000.67,210329776,False,Side.Buy,,65000.67,1653898000,BTC-USDT,TimeCondition.GTC,0.001
2837957847,4194834854,0,1783610712964963591,201,order_input,benchmark,mock,InstrumentType.Spot,11800374963033145521,OrderType.Limit,Direction.Long,65000.88,210331312,False,Side.Sell,,65000.88,1653898000,BTC-USDT,TimeCondition.GTC,0.001
2837957847,4194834854,0,1783610712965263770,201,order_input,benchmark,mock,InstrumentType.Spot,11800374963033145522,OrderType.Limit,Direction.Long,65000.69,210332848,False,Side.Buy,,65000.69,1653898000,BTC-USDT,TimeCondition.GTC,0.001
2837957847,4194834854,0,1783610712965566608,201,order_input,benchmark,mock,InstrumentType.Spot,11800374963033145523,OrderType.Limit,Direction.Long,65000.9,210334384,False,Side.Sell,,65000.9,1653898000,BTC-USDT,TimeCondition.GTC,0.001
2837957847,4194834854,0,1783610712965866376,201,order_input,benchmark,mock,InstrumentType.Spot,11800374963033145524,OrderType.Limit,Direction.Long,65000.71,210335920,False,Side.Buy,,65000.71,1653898000,BTC-USDT,TimeCondition.GTC,0.001
2837957847,4194834854,0,1783610712966178526,201,order_input,benchmark,mock,InstrumentType.Spot,11800374963033145525,OrderType.Limit,Direction.Long,65000.92,210337456,False,Side.Sell,,65000.92,1653898000,BTC-USDT,TimeCondition.GTC,0.001
2837957847,4194834854,0,1783610712966466917,201,order_input,benchmark,mock,InstrumentType.Spot,11800374963033145526,OrderType.Limit,Direction.Long,65000.73,210338992,False,Side.Buy,,65000.73,1653898000,BTC-USDT,TimeCondition.GTC,0.001
2837957847,4194834854,0,1783610712966765840,201,order_input,benchmark,mock,InstrumentType.Spot,11800374963033145527,OrderType.Limit,Direction.Long,65000.939999999995,210340528,False,Side.Sell,,65000.939999999995,1653898000,BTC-USDT,TimeCondition.GTC,0.001
2837957847,4194834854,0,1783610712967077005,201,order_input,benchmark,mock,InstrumentType.Spot,11800374963033145528,OrderType.Limit,Direction.Long,65000.75,210342064,False,Side.Buy,,65000.75,1653898000,BTC-USDT,TimeCondition.GTC,0.001
2837957847,4194834854,0,1783610712967367150,201,order_input,benchmark,mock,InstrumentType.Spot,11800374963033145529,OrderType.Limit,Direction.Long,65000.96,210343600,False,Side.Sell,,65000.96,1653898000,BTC-USDT,TimeCondition.GTC,0.001
2837957847,4194834854,0,1783610712967666301,201,order_input,benchmark,mock,InstrumentType.Spot,11800374963033145530,OrderType.Limit,Direction.Long,65000.770000000004,210345136,False,Side.Buy,,65000.770000000004,1653898000,BTC-USDT,TimeCondition.GTC,0.001
2837957847,4194834854,0,1783610712967978451,201,order_input,benchmark,mock,InstrumentType.Spot,11800374963033145531,OrderType.Limit,Direction.Long,65000.979999999996,210346672,False,Side.Sell,,65000.979999999996,1653898000,BTC-USDT,TimeCondition.GTC,0.001
2837957847,4194834854,0,1783610712968199083,201,order_input,benchmark,mock,InstrumentType.Spot,11800374963033145532,OrderType.Limit,Direction.Long,65000.79,210348208,False,Side.Buy,,65000.79,1653898000,BTC-USDT,TimeCondition.GTC,0.001
2837957847,4194834854,0,1783610712968565027,201,order_input,benchmark,mock,InstrumentType.Spot,11800374963033145533,OrderType.Limit,Direction.Long,65001.0,210349744,False,Side.Sell,,65001.0,1653898000,BTC-USDT,TimeCondition.GTC,0.001
2837957847,4194834854,0,1783610712968871654,201,order_input,benchmark,mock,InstrumentType.Spot,11800374963033145534,OrderType.Limit,Direction.Long,65000.810000000005,210351280,False,Side.Buy,,65000.810000000005,1653898000,BTC-USDT,TimeCondition.GTC,0.001
2837957847,4194834854,0,1783610712969168834,201,order_input,benchmark,mock,InstrumentType.Spot,11800374963033145535,OrderType.Limit,Direction.Long,65001.02,210352816,False,Side.Sell,,65001.02,1653898000,BTC-USDT,TimeCondition.GTC,0.001
2837957847,4194834854,0,1783610712969467937,201,order_input,benchmark,mock,InstrumentType.Spot,11800374963033145536,OrderType.Limit,Direction.Long,65000.83,210354352,False,Side.Buy,,65000.83,1653898000,BTC-USDT,TimeCondition.GTC,0.001
2837957847,4194834854,0,1783610712969787524,201,order_input,benchmark,mock,InstrumentType.Spot,11800374963033145537,OrderType.Limit,Direction.Long,65001.04,210355888,False,Side.Sell,,65001.04,1653898000,BTC-USDT,TimeCondition.GTC,0.001
2837957847,4194834854,0,1783610712970253058,201,order_input,benchmark,mock,InstrumentType.Spot,11800374963033145538,OrderType.Limit,Direction.Long,65000.85,210357424,False,Side.Buy,,65000.85,1653898000,BTC-USDT,TimeCondition.GTC,0.001
2837957847,4194834854,0,1783610712970344679,201,order_input,benchmark,mock,InstrumentType.Spot,11800374963033145539,OrderType.Limit,Direction.Long,65001.06,210358960,False,Side.Sell,,65001.06,1653898000,BTC-USDT,TimeCondition.GTC,0.001
2837957847,4194834854,0,1783610712970605513,201,order_input,benchmark,mock,InstrumentType.Spot,11800374963033145540,OrderType.Limit,Direction.Long,65000.87,210360496,False,Side.Buy,,65000.87,1653898000,BTC-USDT,TimeCondition.GTC,0.001
2837957847,4194834854,0,1783610712971465602,201,order_input,benchmark,mock,InstrumentType.Spot,11800374963033145541,OrderType.Limit,Direction.Long,65001.08,210362032,False,Side.Sell,,65001.08,1653898000,BTC-USDT,TimeCondition.GTC,0.001
2837957847,4194834854,0,1783610712971540414,201,order_input,benchmark,mock,InstrumentType.Spot,11800374963033145542,OrderType.Limit,Direction.Long,65000.89,210363568,False,Side.Buy,,65000.89,1653898000,BTC-USDT,TimeCondition.GTC,0.001
2837957847,4194834854,0,1783610712971600978,201,order_input,benchmark,mock,InstrumentType.Spot,11800374963033145543,OrderType.Limit,Direction.Long,65000.1,210365104,False,Side.Sell,,65000.1,1653898000,BTC-USDT,TimeCondition.GTC,0.001
2837957847,4194834854,0,1783610712971824319,201,order_input,benchmark,mock,InstrumentType.Spot,11800374963033145544,OrderType.Limit,Direction.Long,64999.91,210366640,False,Side.Buy,,64999.91,1653898000,BTC-USDT,TimeCondition.GTC,0.001
2837957847,4194834854,0,1783610712972215340,201,order_input,benchmark,mock,InstrumentType.Spot,11800374963033145545,OrderType.Limit,Direction.Long,65000.119999999995,210324944,False,Side.Sell,,65000.119999999995,1653898000,BTC-USDT,TimeCondition.GTC,0.001
2837957847,4194834854,0,1783610712972594885,201,order_input,benchmark,mock,InstrumentType.Spot,11800374963033145546,OrderType.Limit,Direction.Long,64999.93,210370016,False,Side.Buy,,64999.93,1653898000,BTC-USDT,TimeCondition.GTC,0.001
2837957847,4194834854,0,1783610712972913302,201,order_input,benchmark,mock,InstrumentType.Spot,11800374963033145547,OrderType.Limit,Direction.Long,65000.14,210371504,False,Side.Sell,,65000.14,1653898000,BTC-USDT,TimeCondition.GTC,0.001
2837957847,4194834854,0,1783610712973005937,201,order_input,benchmark,mock,InstrumentType.Spot,11800374963033145548,OrderType.Limit,Direction.Long,64999.950000000004,210373040,False,Side.Buy,,64999.950000000004,1653898000,BTC-USDT,TimeCondition.GTC,0.001
2837957847,4194834854,0,1783610712973322007,201,order_input,benchmark,mock,InstrumentType.Spot,11800374963033145549,OrderType.Limit,Direction.Long,65000.159999999996,210374576,False,Side.Sell,,65000.159999999996,1653898000,BTC-USDT,TimeCondition.GTC,0.001
2837957847,4194834854,0,1783610712973674813,201,order_input,benchmark,mock,InstrumentType.Spot,11800374963033145550,OrderType.Limit,Direction.Long,64999.97,210376112,False,Side.Buy,,64999.97,1653898000,BTC-USDT,TimeCondition.GTC,0.001
2837957847,4194834854,0,1783610712973976115,201,order_input,benchmark,mock,InstrumentType.Spot,11800374963033145551,OrderType.Limit,Direction.Long,65000.18,210377648,False,Side.Sell,,65000.18,1653898000,BTC-USDT,TimeCondition.GTC,0.001
2837957847,4194834854,0,1783610712974298044,201,order_input,benchmark,mock,InstrumentType.Spot,11800374963033145552,OrderType.Limit,Direction.Long,64999.99,210379184,False,Side.Buy,,64999.99,1653898000,BTC-USDT,TimeCondition.GTC,0.001
2837957847,4194834854,0,1783610712974575989,201,order_input,benchmark,mock,InstrumentType.Spot,11800374963033145553,OrderType.Limit,Direction.Long,65000.2,210380720,False,Side.Sell,,65000.2,1653898000,BTC-USDT,TimeCondition.GTC,0.001
2837957847,4194834854,0,1783610712974816125,201,order_input,benchmark,mock,InstrumentType.Spot,11800374963033145554,OrderType.Limit,Direction.Long,65000.01,210382256,False,Side.Buy,,65000.01,1653898000,BTC-USDT,TimeCondition.GTC,0.001
2837957847,4194834854,0,1783610712975206974,201,order_input,benchmark,mock,InstrumentType.Spot,11800374963033145555,OrderType.Limit,Direction.Long,65000.22,210383792,False,Side.Sell,,65000.22,1653898000,BTC-USDT,TimeCondition.GTC,0.001
2837957847,4194834854,0,1783610712975471327,201,order_input,benchmark,mock,InstrumentType.Spot,11800374963033145556,OrderType.Limit,Direction.Long,65000.03,210385328,False,Side.Buy,,65000.03,1653898000,BTC-USDT,TimeCondition.GTC,0.001
2837957847,4194834854,0,1783610712975718520,201,order_input,benchmark,mock,InstrumentType.Spot,11800374963033145557,OrderType.Limit,Direction.Long,65000.24,210386864,False,Side.Sell,,65000.24,1653898000,BTC-USDT,TimeCondition.GTC,0.001
2837957847,4194834854,0,1783610712976302729,201,order_input,benchmark,mock,InstrumentType.Spot,11800374963033145558,OrderType.Limit,Direction.Long,65000.05,210388400,False,Side.Buy,,65000.05,1653898000,BTC-USDT,TimeCondition.GTC,0.001
2837957847,4194834854,0,1783610712976416424,201,order_input,benchmark,mock,InstrumentType.Spot,11800374963033145559,OrderType.Limit,Direction.Long,65000.26,210389936,False,Side.Sell,,65000.26,1653898000,BTC-USDT,TimeCondition.GTC,0.001
2837957847,4194834854,0,1783610712976617044,201,order_input,benchmark,mock,InstrumentType.Spot,11800374963033145560,OrderType.Limit,Direction.Long,65000.07,210391472,False,Side.Buy,,65000.07,1653898000,BTC-USDT,TimeCondition.GTC,0.001
2837957847,4194834854,0,1783610712976957468,201,order_input,benchmark,mock,InstrumentType.Spot,11800374963033145561,OrderType.Limit,Direction.Long,65000.28,210393008,False,Side.Sell,,65000.28,1653898000,BTC-USDT,TimeCondition.GTC,0.001
2837957847,4194834854,0,1783610712977325206,201,order_input,benchmark,mock,InstrumentType.Spot,11800374963033145562,OrderType.Limit,Direction.Long,65000.090000000004,210394544,False,Side.Buy,,65000.090000000004,1653898000,BTC-USDT,TimeCondition.GTC,0.001
2837957847,4194834854,0,1783610712977648420,201,order_input,benchmark,mock,InstrumentType.Spot,11800374963033145563,OrderType.Limit,Direction.Long,65000.299999999996,210396080,False,Side.Sell,,65000.299999999996,1653898000,BTC-USDT,TimeCondition.GTC,0.001
2837957847,4194834854,0,1783610712977791669,201,order_input,benchmark,mock,InstrumentType.Spot,11800374963033145564,OrderType.Limit,Direction.Long,65000.11,210397616,False,Side.Buy,,65000.11,1653898000,BTC-USDT,TimeCondition.GTC,0.001
2837957847,4194834854,0,1783610712978186433,201,order_input,benchmark,mock,InstrumentType.Spot,11800374963033145565,OrderType.Limit,Direction.Long,65000.32,210399152,False,Side.Sell,,65000.32,1653898000,BTC-USDT,TimeCondition.GTC,0.001
2837957847,4194834854,0,1783610712978482112,201,order_input,benchmark,mock,InstrumentType.Spot,11800374963033145566,OrderType.Limit,Direction.Long,65000.130000000005,210400688,False,Side.Buy,,65000.130000000005,1653898000,BTC-USDT,TimeCondition.GTC,0.001
2837957847,4194834854,0,1783610712978774487,201,order_input,benchmark,mock,InstrumentType.Spot,11800374963033145567,OrderType.Limit,Direction.Long,65000.34,210402224,False,Side.Sell,,65000.34,1653898000,BTC-USDT,TimeCondition.GTC,0.001
2837957847,4194834854,0,1783610712979068357,201,order_input,benchmark,mock,InstrumentType.Spot,11800374963033145568,OrderType.Limit,Direction.Long,65000.15,210403760,False,Side.Buy,,65000.15,1653898000,BTC-USDT,TimeCondition.GTC,0.001
2837957847,4194834854,0,1783610712979382412,201,order_input,benchmark,mock,InstrumentType.Spot,11800374963033145569,OrderType.Limit,Direction.Long,65000.36,210405296,False,Side.Sell,,65000.36,1653898000,BTC-USDT,TimeCondition.GTC,0.001
2837957847,4194834854,0,1783610712979676560,201,order_input,benchmark,mock,InstrumentType.Spot,11800374963033145570,OrderType.Limit,Direction.Long,65000.17,210406832,False,Side.Buy,,65000.17,1653898000,BTC-USDT,TimeCondition.GTC,0.001
2837957847,4194834854,0,1783610712979973448,201,order_input,benchmark,mock,InstrumentType.Spot,11800374963033145571,OrderType.Limit,Direction.Long,65000.38,210408368,False,Side.Sell,,65000.38,1653898000,BTC-USDT,TimeCondition.GTC,0.001
2837957847,4194834854,0,1783610712980349514,201,order_input,benchmark,mock,InstrumentType.Spot,11800374963033145572,OrderType.Limit,Direction.Long,65000.19,210409904,False,Side.Buy,,65000.19,1653898000,BTC-USDT,TimeCondition.GTC,0.001
2837957847,4194834854,0,1783610712980566472,201,order_input,benchmark,mock,InstrumentType.Spot,11800374963033145573,OrderType.Limit,Direction.Long,65000.4,210411440,False,Side.Sell,,65000.4,1653898000,BTC-USDT,TimeCondition.GTC,0.001
2837957847,4194834854,0,1783610712980874576,201,order_input,benchmark,mock,InstrumentType.Spot,11800374963033145574,OrderType.Limit,Direction.Long,65000.21,210412976,False,Side.Buy,,65000.21,1653898000,BTC-USDT,TimeCondition.GTC,0.001
2837957847,4194834854,0,1783610712981172027,201,order_input,benchmark,mock,InstrumentType.Spot,11800374963033145575,OrderType.Limit,Direction.Long,65000.42,210414512,False,Side.Sell,,65000.42,1653898000,BTC-USDT,TimeCondition.GTC,0.001
2837957847,4194834854,0,1783610712981472972,201,order_input,benchmark,mock,InstrumentType.Spot,11800374963033145576,OrderType.Limit,Direction.Long,65000.23,210416048,False,Side.Buy,,65000.23,1653898000,BTC-USDT,TimeCondition.GTC,0.001
2837957847,4194834854,0,1783610712981774616,201,order_input,benchmark,mock,InstrumentType.Spot,11800374963033145577,OrderType.Limit,Direction.Long,65000.439999999995,210368176,False,Side.Sell,,65000.439999999995,1653898000,BTC-USDT,TimeCondition.GTC,0.001
2837957847,4194834854,0,1783610712982087601,201,order_input,benchmark,mock,InstrumentType.Spot,11800374963033145578,OrderType.Limit,Direction.Long,65000.25,210369712,False,Side.Buy,,65000.25,1653898000,BTC-USDT,TimeCondition.GTC,0.001
2837957847,4194834854,0,1783610712982393521,201,order_input,benchmark,mock,InstrumentType.Spot,11800374963033145579,OrderType.Limit,Direction.Long,65000.46,210420944,False,Side.Sell,,65000.46,1653898000,BTC-USDT,TimeCondition.GTC,0.001
2837957847,4194834854,0,1783610712982646531,201,order_input,benchmark,mock,InstrumentType.Spot,11800374963033145580,OrderType.Limit,Direction.Long,65000.270000000004,210422480,False,Side.Buy,,65000.270000000004,1653898000,BTC-USDT,TimeCondition.GTC,0.001
2837957847,4194834854,0,1783610712982975468,201,order_input,benchmark,mock,InstrumentType.Spot,11800374963033145581,OrderType.Limit,Direction.Long,65000.479999999996,210424016,False,Side.Sell,,65000.479999999996,1653898000,BTC-USDT,TimeCondition.GTC,0.001
2837957847,4194834854,0,1783610712983291916,201,order_input,benchmark,mock,InstrumentType.Spot,11800374963033145582,OrderType.Limit,Direction.Long,65000.29,210425552,False,Side.Buy,,65000.29,1653898000,BTC-USDT,TimeCondition.GTC,0.001
2837957847,4194834854,0,1783610712983511034,201,order_input,benchmark,mock,InstrumentType.Spot,11800374963033145583,OrderType.Limit,Direction.Long,65000.5,210427088,False,Side.Sell,,65000.5,1653898000,BTC-USDT,TimeCondition.GTC,0.001
2837957847,4194834854,0,1783610712983790253,201,order_input,benchmark,mock,InstrumentType.Spot,11800374963033145584,OrderType.Limit,Direction.Long,65000.310000000005,210428624,False,Side.Buy,,65000.310000000005,1653898000,BTC-USDT,TimeCondition.GTC,0.001
2837957847,4194834854,0,1783610712984179612,201,order_input,benchmark,mock,InstrumentType.Spot,11800374963033145585,OrderType.Limit,Direction.Long,65000.52,210430160,False,Side.Sell,,65000.52,1653898000,BTC-USDT,TimeCondition.GTC,0.001
2837957847,4194834854,0,1783610712984470565,201,order_input,benchmark,mock,InstrumentType.Spot,11800374963033145586,OrderType.Limit,Direction.Long,65000.33,210431696,False,Side.Buy,,65000.33,1653898000,BTC-USDT,TimeCondition.GTC,0.001
2837957847,4194834854,0,1783610712984775642,201,order_input,benchmark,mock,InstrumentType.Spot,11800374963033145587,OrderType.Limit,Direction.Long,65000.54,210433232,False,Side.Sell,,65000.54,1653898000,BTC-USDT,TimeCondition.GTC,0.001
2837957847,4194834854,0,1783610712985090808,201,order_input,benchmark,mock,InstrumentType.Spot,11800374963033145588,OrderType.Limit,Direction.Long,65000.35,210434768,False,Side.Buy,,65000.35,1653898000,BTC-USDT,TimeCondition.GTC,0.001
2837957847,4194834854,0,1783610712985384354,201,order_input,benchmark,mock,InstrumentType.Spot,11800374963033145589,OrderType.Limit,Direction.Long,65000.56,210436304,False,Side.Sell,,65000.56,1653898000,BTC-USDT,TimeCondition.GTC,0.001
2837957847,4194834854,0,1783610712985679814,201,order_input,benchmark,mock,InstrumentType.Spot,11800374963033145590,OrderType.Limit,Direction.Long,65000.37,210437840,False,Side.Buy,,65000.37,1653898000,BTC-USDT,TimeCondition.GTC,0.001
2837957847,4194834854,0,1783610712985976746,201,order_input,benchmark,mock,InstrumentType.Spot,11800374963033145591,OrderType.Limit,Direction.Long,65000.58,210439376,False,Side.Sell,,65000.58,1653898000,BTC-USDT,TimeCondition.GTC,0.001
2837957847,4194834854,0,1783610712986299972,201,order_input,benchmark,mock,InstrumentType.Spot,11800374963033145592,OrderType.Limit,Direction.Long,65000.39,210440912,False,Side.Buy,,65000.39,1653898000,BTC-USDT,TimeCondition.GTC,0.001
2837957847,4194834854,0,1783610712986609485,201,order_input,benchmark,mock,InstrumentType.Spot,11800374963033145593,OrderType.Limit,Direction.Long,65000.6,210442448,False,Side.Sell,,65000.6,1653898000,BTC-USDT,TimeCondition.GTC,0.001
2837957847,4194834854,0,1783610712986812168,201,order_input,benchmark,mock,InstrumentType.Spot,11800374963033145594,OrderType.Limit,Direction.Long,65000.41,210443984,False,Side.Buy,,65000.41,1653898000,BTC-USDT,TimeCondition.GTC,0.001
2837957847,4194834854,0,1783610712987175469,201,order_input,benchmark,mock,InstrumentType.Spot,11800374963033145595,OrderType.Limit,Direction.Long,65000.619999999995,210445520,False,Side.Sell,,65000.619999999995,1653898000,BTC-USDT,TimeCondition.GTC,0.001
2837957847,4194834854,0,1783610712987474223,201,order_input,benchmark,mock,InstrumentType.Spot,11800374963033145596,OrderType.Limit,Direction.Long,65000.43,210447056,False,Side.Buy,,65000.43,1653898000,BTC-USDT,TimeCondition.GTC,0.001
2837957847,4194834854,0,1783610712987767488,201,order_input,benchmark,mock,InstrumentType.Spot,11800374963033145597,OrderType.Limit,Direction.Long,65000.64,210448592,False,Side.Sell,,65000.64,1653898000,BTC-USDT,TimeCondition.GTC,0.001
2837957847,4194834854,0,1783610712988088115,201,order_input,benchmark,mock,InstrumentType.Spot,11800374963033145598,OrderType.Limit,Direction.Long,65000.450000000004,210450128,False,Side.Buy,,65000.450000000004,1653898000,BTC-USDT,TimeCondition.GTC,0.001
2837957847,4194834854,0,1783610712988374148,201,order_input,benchmark,mock,InstrumentType.Spot,11800374963033145599,OrderType.Limit,Direction.Long,65000.659999999996,210451664,False,Side.Sell,,65000.659999999996,1653898000,BTC-USDT,TimeCondition.GTC,0.001
2837957847,4194834854,0,1783610712988671559,201,order_input,benchmark,mock,InstrumentType.Spot,11800374963033145600,OrderType.Limit,Direction.Long,65000.47,210453200,False,Side.Buy,,65000.47,1653898000,BTC-USDT,TimeCondition.GTC,0.001
2837957847,4194834854,0,1783610712988983874,201,order_input,benchmark,mock,InstrumentType.Spot,11800374963033145601,OrderType.Limit,Direction.Long,65000.68,210454736,False,Side.Sell,,65000.68,1653898000,BTC-USDT,TimeCondition.GTC,0.001
2837957847,4194834854,0,1783610712989298920,201,order_input,benchmark,mock,InstrumentType.Spot,11800374963033145602,OrderType.Limit,Direction.Long,65000.49,210456272,False,Side.Buy,,65000.49,1653898000,BTC-USDT,TimeCondition.GTC,0.001
2837957847,4194834854,0,1783610712989545673,201,order_input,benchmark,mock,InstrumentType.Spot,11800374963033145603,OrderType.Limit,Direction.Long,65000.7,210457808,False,Side.Sell,,65000.7,1653898000,BTC-USDT,TimeCondition.GTC,0.001
2837957847,4194834854,0,1783610712989869362,201,order_input,benchmark,mock,InstrumentType.Spot,11800374963033145604,OrderType.Limit,Direction.Long,65000.51,210459344,False,Side.Buy,,65000.51,1653898000,BTC-USDT,TimeCondition.GTC,0.001
2837957847,4194834854,0,1783610712990165145,201,order_input,benchmark,mock,InstrumentType.Spot,11800374963033145605,OrderType.Limit,Direction.Long,65000.72,210460880,False,Side.Sell,,65000.72,1653898000,BTC-USDT,TimeCondition.GTC,0.001
2837957847,4194834854,0,1783610712990467275,201,order_input,benchmark,mock,InstrumentType.Spot,11800374963033145606,OrderType.Limit,Direction.Long,65000.53,210462416,False,Side.Buy,,65000.53,1653898000,BTC-USDT,TimeCondition.GTC,0.001
2837957847,4194834854,0,1783610712990763783,201,order_input,benchmark,mock,InstrumentType.Spot,11800374963033145607,OrderType.Limit,Direction.Long,65000.74,210463952,False,Side.Sell,,65000.74,1653898000,BTC-USDT,TimeCondition.GTC,0.001
2837957847,4194834854,0,1783610712991081073,201,order_input,benchmark,mock,InstrumentType.Spot,11800374963033145608,OrderType.Limit,Direction.Long,65000.55,210465488,False,Side.Buy,,65000.55,1653898000,BTC-USDT,TimeCondition.GTC,0.001
2837957847,4194834854,0,1783610712991368160,201,order_input,benchmark,mock,InstrumentType.Spot,11800374963033145609,OrderType.Limit,Direction.Long,65000.76,210467024,False,Side.Sell,,65000.76,1653898000,BTC-USDT,TimeCondition.GTC,0.001
2837957847,4194834854,0,1783610712991665236,201,order_input,benchmark,mock,InstrumentType.Spot,11800374963033145610,OrderType.Limit,Direction.Long,65000.57,210468560,False,Side.Buy,,65000.57,1653898000,BTC-USDT,TimeCondition.GTC,0.001
2837957847,4194834854,0,1783610712991969789,201,order_input,benchmark,mock,InstrumentType.Spot,11800374963033145611,OrderType.Limit,Direction.Long,65000.78,210470096,False,Side.Sell,,65000.78,1653898000,BTC-USDT,TimeCondition.GTC,0.001
2837957847,4194834854,0,1783610712992267928,201,order_input,benchmark,mock,InstrumentType.Spot,11800374963033145612,OrderType.Limit,Direction.Long,65000.590000000004,210471632,False,Side.Buy,,65000.590000000004,1653898000,BTC-USDT,TimeCondition.GTC,0.001
2837957847,4194834854,0,1783610712992568107,201,order_input,benchmark,mock,InstrumentType.Spot,11800374963033145613,OrderType.Limit,Direction.Long,65000.799999999996,210417584,False,Side.Sell,,65000.799999999996,1653898000,BTC-USDT,TimeCondition.GTC,0.001
2837957847,4194834854,0,1783610712992862188,201,order_input,benchmark,mock,InstrumentType.Spot,11800374963033145614,OrderType.Limit,Direction.Long,65000.61,210419120,False,Side.Buy,,65000.61,1653898000,BTC-USDT,TimeCondition.GTC,0.001
2837957847,4194834854,0,1783610712993166482,201,order_input,benchmark,mock,InstrumentType.Spot,11800374963033145615,OrderType.Limit,Direction.Long,65000.82,210476576,False,Side.Sell,,65000.82,1653898000,BTC-USDT,TimeCondition.GTC,0.001
2837957847,4194834854,0,1783610712993465985,201,order_input,benchmark,mock,InstrumentType.Spot,11800374963033145616,OrderType.Limit,Direction.Long,65000.630000000005,210478112,False,Side.Buy,,65000.630000000005,1653898000,BTC-USDT,TimeCondition.GTC,0.001
2837957847,4194834854,0,1783610712993765717,201,order_input,benchmark,mock,InstrumentType.Spot,11800374963033145617,OrderType.Limit,Direction.Long,65000.84,210479648,False,Side.Sell,,65000.84,1653898000,BTC-USDT,TimeCondition.GTC,0.001
2837957847,4194834854,0,1783610712994075525,201,order_input,benchmark,mock,InstrumentType.Spot,11800374963033145618,OrderType.Limit,Direction.Long,65000.65,210481184,False,Side.Buy,,65000.65,1653898000,BTC-USDT,TimeCondition.GTC,0.001
2837957847,4194834854,0,1783610712994366514,201,order_input,benchmark,mock,InstrumentType.Spot,11800374963033145619,OrderType.Limit,Direction.Long,65000.86,210482720,False,Side.Sell,,65000.86,1653898000,BTC-USDT,TimeCondition.GTC,0.001
2837957847,4194834854,0,1783610712994748748,201,order_input,benchmark,mock,InstrumentType.Spot,11800374963033145620,OrderType.Limit,Direction.Long,65000.67,210484256,False,Side.Buy,,65000.67,1653898000,BTC-USDT,TimeCondition.GTC,0.001
2837957847,4194834854,0,1783610712995084860,201,order_input,benchmark,mock,InstrumentType.Spot,11800374963033145621,OrderType.Limit,Direction.Long,65000.88,210485792,False,Side.Sell,,65000.88,1653898000,BTC-USDT,TimeCondition.GTC,0.001
2837957847,4194834854,0,1783610712995242823,201,order_input,benchmark,mock,InstrumentType.Spot,11800374963033145622,OrderType.Limit,Direction.Long,65000.69,210487328,False,Side.Buy,,65000.69,1653898000,BTC-USDT,TimeCondition.GTC,0.001
2837957847,4194834854,0,1783610712995521479,201,order_input,benchmark,mock,InstrumentType.Spot,11800374963033145623,OrderType.Limit,Direction.Long,65000.9,210488864,False,Side.Sell,,65000.9,1653898000,BTC-USDT,TimeCondition.GTC,0.001
2837957847,4194834854,0,1783610712995934430,201,order_input,benchmark,mock,InstrumentType.Spot,11800374963033145624,OrderType.Limit,Direction.Long,65000.71,210490400,False,Side.Buy,,65000.71,1653898000,BTC-USDT,TimeCondition.GTC,0.001
2837957847,4194834854,0,1783610712996177918,201,order_input,benchmark,mock,InstrumentType.Spot,11800374963033145625,OrderType.Limit,Direction.Long,65000.92,210491936,False,Side.Sell,,65000.92,1653898000,BTC-USDT,TimeCondition.GTC,0.001
2837957847,4194834854,0,1783610712996611714,201,order_input,benchmark,mock,InstrumentType.Spot,11800374963033145626,OrderType.Limit,Direction.Long,65000.73,210493472,False,Side.Buy,,65000.73,1653898000,BTC-USDT,TimeCondition.GTC,0.001
2837957847,4194834854,0,1783610712996754041,201,order_input,benchmark,mock,InstrumentType.Spot,11800374963033145627,OrderType.Limit,Direction.Long,65000.939999999995,210495008,False,Side.Sell,,65000.939999999995,1653898000,BTC-USDT,TimeCondition.GTC,0.001
2837957847,4194834854,0,1783610712997082422,201,order_input,benchmark,mock,InstrumentType.Spot,11800374963033145628,OrderType.Limit,Direction.Long,65000.75,210496544,False,Side.Buy,,65000.75,1653898000,BTC-USDT,TimeCondition.GTC,0.001
2837957847,4194834854,0,1783610712997369280,201,order_input,benchmark,mock,InstrumentType.Spot,11800374963033145629,OrderType.Limit,Direction.Long,65000.96,210498080,False,Side.Sell,,65000.96,1653898000,BTC-USDT,TimeCondition.GTC,0.001
2837957847,4194834854,0,1783610712997680247,201,order_input,benchmark,mock,InstrumentType.Spot,11800374963033145630,OrderType.Limit,Direction.Long,65000.770000000004,210499616,False,Side.Buy,,65000.770000000004,1653898000,BTC-USDT,TimeCondition.GTC,0.001
2837957847,4194834854,0,1783610712997967900,201,order_input,benchmark,mock,InstrumentType.Spot,11800374963033145631,OrderType.Limit,Direction.Long,65000.979999999996,210501152,False,Side.Sell,,65000.979999999996,1653898000,BTC-USDT,TimeCondition.GTC,0.001
2837957847,4194834854,0,1783610712998267849,201,order_input,benchmark,mock,InstrumentType.Spot,11800374963033145632,OrderType.Limit,Direction.Long,65000.79,210502688,False,Side.Buy,,65000.79,1653898000,BTC-USDT,TimeCondition.GTC,0.001
2837957847,4194834854,0,1783610712998566630,201,order_input,benchmark,mock,InstrumentType.Spot,11800374963033145633,OrderType.Limit,Direction.Long,65001.0,210504224,False,Side.Sell,,65001.0,1653898000,BTC-USDT,TimeCondition.GTC,0.001
2837957847,4194834854,0,1783610712998868738,201,order_input,benchmark,mock,InstrumentType.Spot,11800374963033145634,OrderType.Limit,Direction.Long,65000.810000000005,210505760,False,Side.Buy,,65000.810000000005,1653898000,BTC-USDT,TimeCondition.GTC,0.001
2837957847,4194834854,0,1783610712999170048,201,order_input,benchmark,mock,InstrumentType.Spot,11800374963033145635,OrderType.Limit,Direction.Long,65001.02,210507296,False,Side.Sell,,65001.02,1653898000,BTC-USDT,TimeCondition.GTC,0.001
2837957847,4194834854,0,1783610712999467698,201,order_input,benchmark,mock,InstrumentType.Spot,11800374963033145636,OrderType.Limit,Direction.Long,65000.83,210508832,False,Side.Buy,,65000.83,1653898000,BTC-USDT,TimeCondition.GTC,0.001
2837957847,4194834854,0,1783610712999765468,201,order_input,benchmark,mock,InstrumentType.Spot,11800374963033145637,OrderType.Limit,Direction.Long,65001.04,210510368,False,Side.Sell,,65001.04,1653898000,BTC-USDT,TimeCondition.GTC,0.001
2837957847,4194834854,0,1783610713000078957,201,order_input,benchmark,mock,InstrumentType.Spot,11800374963033145638,OrderType.Limit,Direction.Long,65000.85,210511904,False,Side.Buy,,65000.85,1653898000,BTC-USDT,TimeCondition.GTC,0.001
2837957847,4194834854,0,1783610713000375644,201,order_input,benchmark,mock,InstrumentType.Spot,11800374963033145639,OrderType.Limit,Direction.Long,65001.06,210513440,False,Side.Sell,,65001.06,1653898000,BTC-USDT,TimeCondition.GTC,0.001
2837957847,4194834854,0,1783610713000664840,201,order_input,benchmark,mock,InstrumentType.Spot,11800374963033145640,OrderType.Limit,Direction.Long,65000.87,210514976,False,Side.Buy,,65000.87,1653898000,BTC-USDT,TimeCondition.GTC,0.001
2837957847,4194834854,0,1783610713000966084,201,order_input,benchmark,mock,InstrumentType.Spot,11800374963033145641,OrderType.Limit,Direction.Long,65001.08,210516512,False,Side.Sell,,65001.08,1653898000,BTC-USDT,TimeCondition.GTC,0.001
2837957847,4194834854,0,1783610713001267917,201,order_input,benchmark,mock,InstrumentType.Spot,11800374963033145642,OrderType.Limit,Direction.Long,65000.89,210518048,False,Side.Buy,,65000.89,1653898000,BTC-USDT,TimeCondition.GTC,0.001
2837957847,4194834854,0,1783610713001566609,201,order_input,benchmark,mock,InstrumentType.Spot,11800374963033145643,OrderType.Limit,Direction.Long,65000.1,210519584,False,Side.Sell,,65000.1,1653898000,BTC-USDT,TimeCondition.GTC,0.001
2837957847,4194834854,0,1783610713001860800,201,order_input,benchmark,mock,InstrumentType.Spot,11800374963033145644,OrderType.Limit,Direction.Long,64999.91,210521120,False,Side.Buy,,64999.91,1653898000,BTC-USDT,TimeCondition.GTC,0.001
2837957847,4194834854,0,1783610713002169749,201,order_input,benchmark,mock,InstrumentType.Spot,11800374963033145645,OrderType.Limit,Direction.Long,65000.119999999995,210522656,False,Side.Sell,,65000.119999999995,1653898000,BTC-USDT,TimeCondition.GTC,0.001
2837957847,4194834854,0,1783610713002463971,201,order_input,benchmark,mock,InstrumentType.Spot,11800374963033145646,OrderType.Limit,Direction.Long,64999.93,210524192,False,Side.Buy,,64999.93,1653898000,BTC-USDT,TimeCondition.GTC,0.001
2837957847,4194834854,0,1783610713002761861,201,order_input,benchmark,mock,InstrumentType.Spot,11800374963033145647,OrderType.Limit,Direction.Long,65000.14,210525728,False,Side.Sell,,65000.14,1653898000,BTC-USDT,TimeCondition.GTC,0.001
2837957847,4194834854,0,1783610713003081093,201,order_input,benchmark,mock,InstrumentType.Spot,11800374963033145648,OrderType.Limit,Direction.Long,64999.950000000004,210527264,False,Side.Buy,,64999.950000000004,1653898000,BTC-USDT,TimeCondition.GTC,0.001
2837957847,4194834854,0,1783610713003647880,201,order_input,benchmark,mock,InstrumentType.Spot,11800374963033145649,OrderType.Limit,Direction.Long,65000.159999999996,210528800,False,Side.Sell,,65000.159999999996,1653898000,BTC-USDT,TimeCondition.GTC,0.001
2837957847,4194834854,0,1783610713003787703,201,order_input,benchmark,mock,InstrumentType.Spot,11800374963033145650,OrderType.Limit,Direction.Long,64999.97,210530336,False,Side.Buy,,64999.97,1653898000,BTC-USDT,TimeCondition.GTC,0.001
2837957847,4194834854,0,1783610713003903482,201,order_input,benchmark,mock,InstrumentType.Spot,11800374963033145651,OrderType.Limit,Direction.Long,65000.18,210531872,False,Side.Sell,,65000.18,1653898000,BTC-USDT,TimeCondition.GTC,0.001
2837957847,4194834854,0,1783610713004200266,201,order_input,benchmark,mock,InstrumentType.Spot,11800374963033145652,OrderType.Limit,Direction.Long,64999.99,210533408,False,Side.Buy,,64999.99,1653898000,BTC-USDT,TimeCondition.GTC,0.001
2837957847,4194834854,0,1783610713004523395,201,order_input,benchmark,mock,InstrumentType.Spot,11800374963033145653,OrderType.Limit,Direction.Long,65000.2,210473168,False,Side.Sell,,65000.2,1653898000,BTC-USDT,TimeCondition.GTC,0.001
2837957847,4194834854,0,1783610713005263764,201,order_input,benchmark,mock,InstrumentType.Spot,11800374963033145654,OrderType.Limit,Direction.Long,65000.01,210474704,False,Side.Buy,,65000.01,1653898000,BTC-USDT,TimeCondition.GTC,0.001
2837957847,4194834854,0,1783610713005319254,201,order_input,benchmark,mock,InstrumentType.Spot,11800374963033145655,OrderType.Limit,Direction.Long,65000.22,210475424,False,Side.Sell,,65000.22,1653898000,BTC-USDT,TimeCondition.GTC,0.001
2837957847,4194834854,0,1783610713005751754,201,order_input,benchmark,mock,InstrumentType.Spot,11800374963033145656,OrderType.Limit,Direction.Long,65000.03,210539904,False,Side.Buy,,65000.03,1653898000,BTC-USDT,TimeCondition.GTC,0.001
2837957847,4194834854,0,1783610713005833403,201,order_input,benchmark,mock,InstrumentType.Spot,11800374963033145657,OrderType.Limit,Direction.Long,65000.24,210541440,False,Side.Sell,,65000.24,1653898000,BTC-USDT,TimeCondition.GTC,0.001
2837957847,4194834854,0,1783610713006036154,201,order_input,benchmark,mock,InstrumentType.Spot,11800374963033145658,OrderType.Limit,Direction.Long,65000.05,210542976,False,Side.Buy,,65000.05,1653898000,BTC-USDT,TimeCondition.GTC,0.001
2837957847,4194834854,0,1783610713006341342,201,order_input,benchmark,mock,InstrumentType.Spot,11800374963033145659,OrderType.Limit,Direction.Long,65000.26,210544512,False,Side.Sell,,65000.26,1653898000,BTC-USDT,TimeCondition.GTC,0.001
2837957847,4194834854,0,1783610713006701648,201,order_input,benchmark,mock,InstrumentType.Spot,11800374963033145660,OrderType.Limit,Direction.Long,65000.07,210546048,False,Side.Buy,,65000.07,1653898000,BTC-USDT,TimeCondition.GTC,0.001
2837957847,4194834854,0,1783610713007029559,201,order_input,benchmark,mock,InstrumentType.Spot,11800374963033145661,OrderType.Limit,Direction.Long,65000.28,210547584,False,Side.Sell,,65000.28,1653898000,BTC-USDT,TimeCondition.GTC,0.001
2837957847,4194834854,0,1783610713007244032,201,order_input,benchmark,mock,InstrumentType.Spot,11800374963033145662,OrderType.Limit,Direction.Long,65000.090000000004,210549120,False,Side.Buy,,65000.090000000004,1653898000,BTC-USDT,TimeCondition.GTC,0.001
2837957847,4194834854,0,1783610713007608543,201,order_input,benchmark,mock,InstrumentType.Spot,11800374963033145663,OrderType.Limit,Direction.Long,65000.299999999996,210550656,False,Side.Sell,,65000.299999999996,1653898000,BTC-USDT,TimeCondition.GTC,0.001
2837957847,4194834854,0,1783610713007949547,201,order_input,benchmark,mock,InstrumentType.Spot,11800374963033145664,OrderType.Limit,Direction.Long,65000.11,210552192,False,Side.Buy,,65000.11,1653898000,BTC-USDT,TimeCondition.GTC,0.001
2837957847,4194834854,0,1783610713008191056,201,order_input,benchmark,mock,InstrumentType.Spot,11800374963033145665,OrderType.Limit,Direction.Long,65000.32,210553728,False,Side.Sell,,65000.32,1653898000,BTC-USDT,TimeCondition.GTC,0.001
2837957847,4194834854,0,1783610713008436315,201,order_input,benchmark,mock,InstrumentType.Spot,11800374963033145666,OrderType.Limit,Direction.Long,65000.130000000005,210555264,False,Side.Buy,,65000.130000000005,1653898000,BTC-USDT,TimeCondition.GTC,0.001
2837957847,4194834854,0,1783610713008712297,201,order_input,benchmark,mock,InstrumentType.Spot,11800374963033145667,OrderType.Limit,Direction.Long,65000.34,210556800,False,Side.Sell,,65000.34,1653898000,BTC-USDT,TimeCondition.GTC,0.001
2837957847,4194834854,0,1783610713009072279,201,order_input,benchmark,mock,InstrumentType.Spot,11800374963033145668,OrderType.Limit,Direction.Long,65000.15,210558336,False,Side.Buy,,65000.15,1653898000,BTC-USDT,TimeCondition.GTC,0.001
2837957847,4194834854,0,1783610713009371321,201,order_input,benchmark,mock,InstrumentType.Spot,11800374963033145669,OrderType.Limit,Direction.Long,65000.36,210559872,False,Side.Sell,,65000.36,1653898000,BTC-USDT,TimeCondition.GTC,0.001
2837957847,4194834854,0,1783610713009666853,201,order_input,benchmark,mock,InstrumentType.Spot,11800374963033145670,OrderType.Limit,Direction.Long,65000.17,210561408,False,Side.Buy,,65000.17,1653898000,BTC-USDT,TimeCondition.GTC,0.001
2837957847,4194834854,0,1783610713009968246,201,order_input,benchmark,mock,InstrumentType.Spot,11800374963033145671,OrderType.Limit,Direction.Long,65000.38,210562944,False,Side.Sell,,65000.38,1653898000,BTC-USDT,TimeCondition.GTC,0.001
2837957847,4194834854,0,1783610713010266561,201,order_input,benchmark,mock,InstrumentType.Spot,11800374963033145672,OrderType.Limit,Direction.Long,65000.19,210564480,False,Side.Buy,,65000.19,1653898000,BTC-USDT,TimeCondition.GTC,0.001
2837957847,4194834854,0,1783610713010586783,201,order_input,benchmark,mock,InstrumentType.Spot,11800374963033145673,OrderType.Limit,Direction.Long,65000.4,210566016,False,Side.Sell,,65000.4,1653898000,BTC-USDT,TimeCondition.GTC,0.001
2837957847,4194834854,0,1783610713010933263,201,order_input,benchmark,mock,InstrumentType.Spot,11800374963033145674,OrderType.Limit,Direction.Long,65000.21,210567552,False,Side.Buy,,65000.21,1653898000,BTC-USDT,TimeCondition.GTC,0.001
2837957847,4194834854,0,1783610713011178247,201,order_input,benchmark,mock,InstrumentType.Spot,11800374963033145675,OrderType.Limit,Direction.Long,65000.42,210569088,False,Side.Sell,,65000.42,1653898000,BTC-USDT,TimeCondition.GTC,0.001
2837957847,4194834854,0,1783610713011392392,201,order_input,benchmark,mock,InstrumentType.Spot,11800374963033145676,OrderType.Limit,Direction.Long,65000.23,210570624,False,Side.Buy,,65000.23,1653898000,BTC-USDT,TimeCondition.GTC,0.001
2837957847,4194834854,0,1783610713011797584,201,order_input,benchmark,mock,InstrumentType.Spot,11800374963033145677,OrderType.Limit,Direction.Long,65000.439999999995,210572160,False,Side.Sell,,65000.439999999995,1653898000,BTC-USDT,TimeCondition.GTC,0.001
2837957847,4194834854,0,1783610713012120679,201,order_input,benchmark,mock,InstrumentType.Spot,11800374963033145678,OrderType.Limit,Direction.Long,65000.25,210573696,False,Side.Buy,,65000.25,1653898000,BTC-USDT,TimeCondition.GTC,0.001
2837957847,4194834854,0,1783610713012367840,201,order_input,benchmark,mock,InstrumentType.Spot,11800374963033145679,OrderType.Limit,Direction.Long,65000.46,210575232,False,Side.Sell,,65000.46,1653898000,BTC-USDT,TimeCondition.GTC,0.001
2837957847,4194834854,0,1783610713012864963,201,order_input,benchmark,mock,InstrumentType.Spot,11800374963033145680,OrderType.Limit,Direction.Long,65000.270000000004,210576768,False,Side.Buy,,65000.270000000004,1653898000,BTC-USDT,TimeCondition.GTC,0.001
2837957847,4194834854,0,1783610713012950429,201,order_input,benchmark,mock,InstrumentType.Spot,11800374963033145681,OrderType.Limit,Direction.Long,65000.479999999996,210578304,False,Side.Sell,,65000.479999999996,1653898000,BTC-USDT,TimeCondition.GTC,0.001
2837957847,4194834854,0,1783610713013219126,201,order_input,benchmark,mock,InstrumentType.Spot,11800374963033145682,OrderType.Limit,Direction.Long,65000.29,210579840,False,Side.Buy,,65000.29,1653898000,BTC-USDT,TimeCondition.GTC,0.001
2837957847,4194834854,0,1783610713013630500,201,order_input,benchmark,mock,InstrumentType.Spot,11800374963033145683,OrderType.Limit,Direction.Long,65000.5,210581376,False,Side.Sell,,65000.5,1653898000,BTC-USDT,TimeCondition.GTC,0.001
2837957847,4194834854,0,1783610713013918134,201,order_input,benchmark,mock,InstrumentType.Spot,11800374963033145684,OrderType.Limit,Direction.Long,65000.310000000005,210582912,False,Side.Buy,,65000.310000000005,1653898000,BTC-USDT,TimeCondition.GTC,0.001
2837957847,4194834854,0,1783610713014208297,201,order_input,benchmark,mock,InstrumentType.Spot,11800374963033145685,OrderType.Limit,Direction.Long,65000.52,210584448,False,Side.Sell,,65000.52,1653898000,BTC-USDT,TimeCondition.GTC,0.001
2837957847,4194834854,0,1783610713014417766,201,order_input,benchmark,mock,InstrumentType.Spot,11800374963033145686,OrderType.Limit,Direction.Long,65000.33,210585984,False,Side.Buy,,65000.33,1653898000,BTC-USDT,TimeCondition.GTC,0.001
2837957847,4194834854,0,1783610713014812948,201,order_input,benchmark,mock,InstrumentType.Spot,11800374963033145687,OrderType.Limit,Direction.Long,65000.54,210587520,False,Side.Sell,,65000.54,1653898000,BTC-USDT,TimeCondition.GTC,0.001
2837957847,4194834854,0,1783610713015175559,201,order_input,benchmark,mock,InstrumentType.Spot,11800374963033145688,OrderType.Limit,Direction.Long,65000.35,210589056,False,Side.Buy,,65000.35,1653898000,BTC-USDT,TimeCondition.GTC,0.001
2837957847,4194834854,0,1783610713015383261,201,order_input,benchmark,mock,InstrumentType.Spot,11800374963033145689,OrderType.Limit,Direction.Long,65000.56,210590592,False,Side.Sell,,65000.56,1653898000,BTC-USDT,TimeCondition.GTC,0.001
2837957847,4194834854,0,1783610713015632833,201,order_input,benchmark,mock,InstrumentType.Spot,11800374963033145690,OrderType.Limit,Direction.Long,65000.37,210592128,False,Side.Buy,,65000.37,1653898000,BTC-USDT,TimeCondition.GTC,0.001
2837957847,4194834854,0,1783610713015958134,201,order_input,benchmark,mock,InstrumentType.Spot,11800374963033145691,OrderType.Limit,Direction.Long,65000.58,210593664,False,Side.Sell,,65000.58,1653898000,BTC-USDT,TimeCondition.GTC,0.001
2837957847,4194834854,0,1783610713016230347,201,order_input,benchmark,mock,InstrumentType.Spot,11800374963033145692,OrderType.Limit,Direction.Long,65000.39,210595200,False,Side.Buy,,65000.39,1653898000,BTC-USDT,TimeCondition.GTC,0.001
2837957847,4194834854,0,1783610713016715181,201,order_input,benchmark,mock,InstrumentType.Spot,11800374963033145693,OrderType.Limit,Direction.Long,65000.6,210596736,False,Side.Sell,,65000.6,1653898000,BTC-USDT,TimeCondition.GTC,0.001
2837957847,4194834854,0,1783610713016974483,201,order_input,benchmark,mock,InstrumentType.Spot,11800374963033145694,OrderType.Limit,Direction.Long,65000.41,210598272,False,Side.Buy,,65000.41,1653898000,BTC-USDT,TimeCondition.GTC,0.001
2837957847,4194834854,0,1783610713017162775,201,order_input,benchmark,mock,InstrumentType.Spot,11800374963033145695,OrderType.Limit,Direction.Long,65000.619999999995,210599808,False,Side.Sell,,65000.619999999995,1653898000,BTC-USDT,TimeCondition.GTC,0.001
2837957847,4194834854,0,1783610713017491675,201,order_input,benchmark,mock,InstrumentType.Spot,11800374963033145696,OrderType.Limit,Direction.Long,65000.43,210601344,False,Side.Buy,,65000.43,1653898000,BTC-USDT,TimeCondition.GTC,0.001
2837957847,4194834854,0,1783610713017721803,201,order_input,benchmark,mock,InstrumentType.Spot,11800374963033145697,OrderType.Limit,Direction.Long,65000.64,210534944,False,Side.Sell,,65000.64,1653898000,BTC-USDT,TimeCondition.GTC,0.001
2837957847,4194834854,0,1783610713018083666,201,order_input,benchmark,mock,InstrumentType.Spot,11800374963033145698,OrderType.Limit,Direction.Long,65000.450000000004,210536480,False,Side.Buy,,65000.450000000004,1653898000,BTC-USDT,TimeCondition.GTC,0.001
2837957847,4194834854,0,1783610713018380081,201,order_input,benchmark,mock,InstrumentType.Spot,11800374963033145699,OrderType.Limit,Direction.Long,65000.659999999996,210606352,False,Side.Sell,,65000.659999999996,1653898000,BTC-USDT,TimeCondition.GTC,0.001
2837957847,4194834854,0,1783610713018672494,201,order_input,benchmark,mock,InstrumentType.Spot,11800374963033145700,OrderType.Limit,Direction.Long,65000.47,210607888,False,Side.Buy,,65000.47,1653898000,BTC-USDT,TimeCondition.GTC,0.001
2837957847,4194834854,0,1783610713018974595,201,order_input,benchmark,mock,InstrumentType.Spot,11800374963033145701,OrderType.Limit,Direction.Long,65000.68,210609424,False,Side.Sell,,65000.68,1653898000,BTC-USDT,TimeCondition.GTC,0.001
2837957847,4194834854,0,1783610713019281899,201,order_input,benchmark,mock,InstrumentType.Spot,11800374963033145702,OrderType.Limit,Direction.Long,65000.49,210610960,False,Side.Buy,,65000.49,1653898000,BTC-USDT,TimeCondition.GTC,0.001
2837957847,4194834854,0,1783610713019583297,201,order_input,benchmark,mock,InstrumentType.Spot,11800374963033145703,OrderType.Limit,Direction.Long,65000.7,210612496,False,Side.Sell,,65000.7,1653898000,BTC-USDT,TimeCondition.GTC,0.001
2837957847,4194834854,0,1783610713019799369,201,order_input,benchmark,mock,InstrumentType.Spot,11800374963033145704,OrderType.Limit,Direction.Long,65000.51,210614032,False,Side.Buy,,65000.51,1653898000,BTC-USDT,TimeCondition.GTC,0.001
2837957847,4194834854,0,1783610713020184257,201,order_input,benchmark,mock,InstrumentType.Spot,11800374963033145705,OrderType.Limit,Direction.Long,65000.72,210615568,False,Side.Sell,,65000.72,1653898000,BTC-USDT,TimeCondition.GTC,0.001
2837957847,4194834854,0,1783610713020490741,201,order_input,benchmark,mock,InstrumentType.Spot,11800374963033145706,OrderType.Limit,Direction.Long,65000.53,210617104,False,Side.Buy,,65000.53,1653898000,BTC-USDT,TimeCondition.GTC,0.001
2837957847,4194834854,0,1783610713020688525,201,order_input,benchmark,mock,InstrumentType.Spot,11800374963033145707,OrderType.Limit,Direction.Long,65000.74,210618640,False,Side.Sell,,65000.74,1653898000,BTC-USDT,TimeCondition.GTC,0.001
2837957847,4194834854,0,1783610713021088489,201,order_input,benchmark,mock,InstrumentType.Spot,11800374963033145708,OrderType.Limit,Direction.Long,65000.55,210620176,False,Side.Buy,,65000.55,1653898000,BTC-USDT,TimeCondition.GTC,0.001
2837957847,4194834854,0,1783610713021383699,201,order_input,benchmark,mock,InstrumentType.Spot,11800374963033145709,OrderType.Limit,Direction.Long,65000.76,210621712,False,Side.Sell,,65000.76,1653898000,BTC-USDT,TimeCondition.GTC,0.001
2837957847,4194834854,0,1783610713021667379,201,order_input,benchmark,mock,InstrumentType.Spot,11800374963033145710,OrderType.Limit,Direction.Long,65000.57,210623248,False,Side.Buy,,65000.57,1653898000,BTC-USDT,TimeCondition.GTC,0.001
2837957847,4194834854,0,1783610713021967526,201,order_input,benchmark,mock,InstrumentType.Spot,11800374963033145711,OrderType.Limit,Direction.Long,65000.78,210624784,False,Side.Sell,,65000.78,1653898000,BTC-USDT,TimeCondition.GTC,0.001
2837957847,4194834854,0,1783610713022268336,201,order_input,benchmark,mock,InstrumentType.Spot,11800374963033145712,OrderType.Limit,Direction.Long,65000.590000000004,210626320,False,Side.Buy,,65000.590000000004,1653898000,BTC-USDT,TimeCondition.GTC,0.001
2837957847,4194834854,0,1783610713022567786,201,order_input,benchmark,mock,InstrumentType.Spot,11800374963033145713,OrderType.Limit,Direction.Long,65000.799999999996,210627856,False,Side.Sell,,65000.799999999996,1653898000,BTC-USDT,TimeCondition.GTC,0.001
2837957847,4194834854,0,1783610713022864423,201,order_input,benchmark,mock,InstrumentType.Spot,11800374963033145714,OrderType.Limit,Direction.Long,65000.61,210629392,False,Side.Buy,,65000.61,1653898000,BTC-USDT,TimeCondition.GTC,0.001
2837957847,4194834854,0,1783610713023168860,201,order_input,benchmark,mock,InstrumentType.Spot,11800374963033145715,OrderType.Limit,Direction.Long,65000.82,210630928,False,Side.Sell,,65000.82,1653898000,BTC-USDT,TimeCondition.GTC,0.001
2837957847,4194834854,0,1783610713023470898,201,order_input,benchmark,mock,InstrumentType.Spot,11800374963033145716,OrderType.Limit,Direction.Long,65000.630000000005,210632464,False,Side.Buy,,65000.630000000005,1653898000,BTC-USDT,TimeCondition.GTC,0.001
2837957847,4194834854,0,1783610713023767163,201,order_input,benchmark,mock,InstrumentType.Spot,11800374963033145717,OrderType.Limit,Direction.Long,65000.84,210634000,False,Side.Sell,,65000.84,1653898000,BTC-USDT,TimeCondition.GTC,0.001
2837957847,4194834854,0,1783610713024082555,201,order_input,benchmark,mock,InstrumentType.Spot,11800374963033145718,OrderType.Limit,Direction.Long,65000.65,210635536,False,Side.Buy,,65000.65,1653898000,BTC-USDT,TimeCondition.GTC,0.001
2837957847,4194834854,0,1783610713024365096,201,order_input,benchmark,mock,InstrumentType.Spot,11800374963033145719,OrderType.Limit,Direction.Long,65000.86,210637072,False,Side.Sell,,65000.86,1653898000,BTC-USDT,TimeCondition.GTC,0.001
2837957847,4194834854,0,1783610713024674644,201,order_input,benchmark,mock,InstrumentType.Spot,11800374963033145720,OrderType.Limit,Direction.Long,65000.67,210638608,False,Side.Buy,,65000.67,1653898000,BTC-USDT,TimeCondition.GTC,0.001
2837957847,4194834854,0,1783610713024967426,201,order_input,benchmark,mock,InstrumentType.Spot,11800374963033145721,OrderType.Limit,Direction.Long,65000.88,210640144,False,Side.Sell,,65000.88,1653898000,BTC-USDT,TimeCondition.GTC,0.001
2837957847,4194834854,0,1783610713025262785,201,order_input,benchmark,mock,InstrumentType.Spot,11800374963033145722,OrderType.Limit,Direction.Long,65000.69,210641680,False,Side.Buy,,65000.69,1653898000,BTC-USDT,TimeCondition.GTC,0.001
2837957847,4194834854,0,1783610713025563738,201,order_input,benchmark,mock,InstrumentType.Spot,11800374963033145723,OrderType.Limit,Direction.Long,65000.9,210643216,False,Side.Sell,,65000.9,1653898000,BTC-USDT,TimeCondition.GTC,0.001
2837957847,4194834854,0,1783610713025867463,201,order_input,benchmark,mock,InstrumentType.Spot,11800374963033145724,OrderType.Limit,Direction.Long,65000.71,210644752,False,Side.Buy,,65000.71,1653898000,BTC-USDT,TimeCondition.GTC,0.001
2837957847,4194834854,0,1783610713026178757,201,order_input,benchmark,mock,InstrumentType.Spot,11800374963033145725,OrderType.Limit,Direction.Long,65000.92,210646288,False,Side.Sell,,65000.92,1653898000,BTC-USDT,TimeCondition.GTC,0.001
2837957847,4194834854,0,1783610713026463589,201,order_input,benchmark,mock,InstrumentType.Spot,11800374963033145726,OrderType.Limit,Direction.Long,65000.73,210647824,False,Side.Buy,,65000.73,1653898000,BTC-USDT,TimeCondition.GTC,0.001
2837957847,4194834854,0,1783610713026767249,201,order_input,benchmark,mock,InstrumentType.Spot,11800374963033145727,OrderType.Limit,Direction.Long,65000.939999999995,210649360,False,Side.Sell,,65000.939999999995,1653898000,BTC-USDT,TimeCondition.GTC,0.001
2837957847,4194834854,0,1783610713027079310,201,order_input,benchmark,mock,InstrumentType.Spot,11800374963033145728,OrderType.Limit,Direction.Long,65000.75,210650896,False,Side.Buy,,65000.75,1653898000,BTC-USDT,TimeCondition.GTC,0.001
2837957847,4194834854,0,1783610713027364481,201,order_input,benchmark,mock,InstrumentType.Spot,11800374963033145729,OrderType.Limit,Direction.Long,65000.96,210652432,False,Side.Sell,,65000.96,1653898000,BTC-USDT,TimeCondition.GTC,0.001
2837957847,4194834854,0,1783610713027664017,201,order_input,benchmark,mock,InstrumentType.Spot,11800374963033145730,OrderType.Limit,Direction.Long,65000.770000000004,210653968,False,Side.Buy,,65000.770000000004,1653898000,BTC-USDT,TimeCondition.GTC,0.001
2837957847,4194834854,0,1783610713027966345,201,order_input,benchmark,mock,InstrumentType.Spot,11800374963033145731,OrderType.Limit,Direction.Long,65000.979999999996,210655504,False,Side.Sell,,65000.979999999996,1653898000,BTC-USDT,TimeCondition.GTC,0.001
2837957847,4194834854,0,1783610713028268103,201,order_input,benchmark,mock,InstrumentType.Spot,11800374963033145732,OrderType.Limit,Direction.Long,65000.79,210657040,False,Side.Buy,,65000.79,1653898000,BTC-USDT,TimeCondition.GTC,0.001
2837957847,4194834854,0,1783610713028584745,201,order_input,benchmark,mock,InstrumentType.Spot,11800374963033145733,OrderType.Limit,Direction.Long,65001.0,210658576,False,Side.Sell,,65001.0,1653898000,BTC-USDT,TimeCondition.GTC,0.001
2837957847,4194834854,0,1783610713028863036,201,order_input,benchmark,mock,InstrumentType.Spot,11800374963033145734,OrderType.Limit,Direction.Long,65000.810000000005,210660112,False,Side.Buy,,65000.810000000005,1653898000,BTC-USDT,TimeCondition.GTC,0.001
2837957847,4194834854,0,1783610713029195906,201,order_input,benchmark,mock,InstrumentType.Spot,11800374963033145735,OrderType.Limit,Direction.Long,65001.02,210661648,False,Side.Sell,,65001.02,1653898000,BTC-USDT,TimeCondition.GTC,0.001
2837957847,4194834854,0,1783610713029475414,201,order_input,benchmark,mock,InstrumentType.Spot,11800374963033145736,OrderType.Limit,Direction.Long,65000.83,210663184,False,Side.Buy,,65000.83,1653898000,BTC-USDT,TimeCondition.GTC,0.001
2837957847,4194834854,0,1783610713029785011,201,order_input,benchmark,mock,InstrumentType.Spot,11800374963033145737,OrderType.Limit,Direction.Long,65001.04,210664720,False,Side.Sell,,65001.04,1653898000,BTC-USDT,TimeCondition.GTC,0.001
2837957847,4194834854,0,1783610713030050467,201,order_input,benchmark,mock,InstrumentType.Spot,11800374963033145738,OrderType.Limit,Direction.Long,65000.85,210666256,False,Side.Buy,,65000.85,1653898000,BTC-USDT,TimeCondition.GTC,0.001
2837957847,4194834854,0,1783610713030609558,201,order_input,benchmark,mock,InstrumentType.Spot,11800374963033145739,OrderType.Limit,Direction.Long,65001.06,210667792,False,Side.Sell,,65001.06,1653898000,BTC-USDT,TimeCondition.GTC,0.001
2837957847,4194834854,0,1783610713030707237,201,order_input,benchmark,mock,InstrumentType.Spot,11800374963033145740,OrderType.Limit,Direction.Long,65000.87,210669328,False,Side.Buy,,65000.87,1653898000,BTC-USDT,TimeCondition.GTC,0.001
2837957847,4194834854,0,1783610713030942117,201,order_input,benchmark,mock,InstrumentType.Spot,11800374963033145741,OrderType.Limit,Direction.Long,65001.08,210670864,False,Side.Sell,,65001.08,1653898000,BTC-USDT,TimeCondition.GTC,0.001
2837957847,4194834854,0,1783610713031289256,201,order_input,benchmark,mock,InstrumentType.Spot,11800374963033145742,OrderType.Limit,Direction.Long,65000.89,210672400,False,Side.Buy,,65000.89,1653898000,BTC-USDT,TimeCondition.GTC,0.001
2837957847,4194834854,0,1783610713031582165,201,order_input,benchmark,mock,InstrumentType.Spot,11800374963033145743,OrderType.Limit,Direction.Long,65000.1,210673936,False,Side.Sell,,65000.1,1653898000,BTC-USDT,TimeCondition.GTC,0.001
2837957847,4194834854,0,1783610713031883234,201,order_input,benchmark,mock,InstrumentType.Spot,11800374963033145744,OrderType.Limit,Direction.Long,64999.91,210675472,False,Side.Buy,,64999.91,1653898000,BTC-USDT,TimeCondition.GTC,0.001
2837957847,4194834854,0,1783610713032169371,201,order_input,benchmark,mock,InstrumentType.Spot,11800374963033145745,OrderType.Limit,Direction.Long,65000.119999999995,210602880,False,Side.Sell,,65000.119999999995,1653898000,BTC-USDT,TimeCondition.GTC,0.001
2837957847,4194834854,0,1783610713032467746,201,order_input,benchmark,mock,InstrumentType.Spot,11800374963033145746,OrderType.Limit,Direction.Long,64999.93,210604416,False,Side.Buy,,64999.93,1653898000,BTC-USDT,TimeCondition.GTC,0.001
2837957847,4194834854,0,1783610713032763324,201,order_input,benchmark,mock,InstrumentType.Spot,11800374963033145747,OrderType.Limit,Direction.Long,65000.14,210680640,False,Side.Sell,,65000.14,1653898000,BTC-USDT,TimeCondition.GTC,0.001
2837957847,4194834854,0,1783610713033074527,201,order_input,benchmark,mock,InstrumentType.Spot,11800374963033145748,OrderType.Limit,Direction.Long,64999.950000000004,210682064,False,Side.Buy,,64999.950000000004,1653898000,BTC-USDT,TimeCondition.GTC,0.001
2837957847,4194834854,0,1783610713033368312,201,order_input,benchmark,mock,InstrumentType.Spot,11800374963033145749,OrderType.Limit,Direction.Long,65000.159999999996,210683600,False,Side.Sell,,65000.159999999996,1653898000,BTC-USDT,TimeCondition.GTC,0.001
2837957847,4194834854,0,1783610713033666820,201,order_input,benchmark,mock,InstrumentType.Spot,11800374963033145750,OrderType.Limit,Direction.Long,64999.97,210685136,False,Side.Buy,,64999.97,1653898000,BTC-USDT,TimeCondition.GTC,0.001
2837957847,4194834854,0,1783610713033963335,201,order_input,benchmark,mock,InstrumentType.Spot,11800374963033145751,OrderType.Limit,Direction.Long,65000.18,210686672,False,Side.Sell,,65000.18,1653898000,BTC-USDT,TimeCondition.GTC,0.001
2837957847,4194834854,0,1783610713034264436,201,order_input,benchmark,mock,InstrumentType.Spot,11800374963033145752,OrderType.Limit,Direction.Long,64999.99,210688208,False,Side.Buy,,64999.99,1653898000,BTC-USDT,TimeCondition.GTC,0.001
2837957847,4194834854,0,1783610713034566586,201,order_input,benchmark,mock,InstrumentType.Spot,11800374963033145753,OrderType.Limit,Direction.Long,65000.2,210689744,False,Side.Sell,,65000.2,1653898000,BTC-USDT,TimeCondition.GTC,0.001
2837957847,4194834854,0,1783610713034870526,201,order_input,benchmark,mock,InstrumentType.Spot,11800374963033145754,OrderType.Limit,Direction.Long,65000.01,210691280,False,Side.Buy,,65000.01,1653898000,BTC-USDT,TimeCondition.GTC,0.001
2837957847,4194834854,0,1783610713035170188,201,order_input,benchmark,mock,InstrumentType.Spot,11800374963033145755,OrderType.Limit,Direction.Long,65000.22,210692816,False,Side.Sell,,65000.22,1653898000,BTC-USDT,TimeCondition.GTC,0.001
2837957847,4194834854,0,1783610713035467853,201,order_input,benchmark,mock,InstrumentType.Spot,11800374963033145756,OrderType.Limit,Direction.Long,65000.03,210694352,False,Side.Buy,,65000.03,1653898000,BTC-USDT,TimeCondition.GTC,0.001
2837957847,4194834854,0,1783610713035765051,201,order_input,benchmark,mock,InstrumentType.Spot,11800374963033145757,OrderType.Limit,Direction.Long,65000.24,210695888,False,Side.Sell,,65000.24,1653898000,BTC-USDT,TimeCondition.GTC,0.001
2837957847,4194834854,0,1783610713036075040,201,order_input,benchmark,mock,InstrumentType.Spot,11800374963033145758,OrderType.Limit,Direction.Long,65000.05,210697424,False,Side.Buy,,65000.05,1653898000,BTC-USDT,TimeCondition.GTC,0.001
2837957847,4194834854,0,1783610713036369039,201,order_input,benchmark,mock,InstrumentType.Spot,11800374963033145759,OrderType.Limit,Direction.Long,65000.26,210698960,False,Side.Sell,,65000.26,1653898000,BTC-USDT,TimeCondition.GTC,0.001
2837957847,4194834854,0,1783610713036717061,201,order_input,benchmark,mock,InstrumentType.Spot,11800374963033145760,OrderType.Limit,Direction.Long,65000.07,210700496,False,Side.Buy,,65000.07,1653898000,BTC-USDT,TimeCondition.GTC,0.001
2837957847,4194834854,0,1783610713036953456,201,order_input,benchmark,mock,InstrumentType.Spot,11800374963033145761,OrderType.Limit,Direction.Long,65000.28,210702032,False,Side.Sell,,65000.28,1653898000,BTC-USDT,TimeCondition.GTC,0.001
2837957847,4194834854,0,1783610713037230537,201,order_input,benchmark,mock,InstrumentType.Spot,11800374963033145762,OrderType.Limit,Direction.Long,65000.090000000004,210703568,False,Side.Buy,,65000.090000000004,1653898000,BTC-USDT,TimeCondition.GTC,0.001
2837957847,4194834854,0,1783610713037667884,201,order_input,benchmark,mock,InstrumentType.Spot,11800374963033145763,OrderType.Limit,Direction.Long,65000.299999999996,210705104,False,Side.Sell,,65000.299999999996,1653898000,BTC-USDT,TimeCondition.GTC,0.001
2837957847,4194834854,0,1783610713037830882,201,order_input,benchmark,mock,InstrumentType.Spot,11800374963033145764,OrderType.Limit,Direction.Long,65000.11,210706640,False,Side.Buy,,65000.11,1653898000,BTC-USDT,TimeCondition.GTC,0.001
2837957847,4194834854,0,1783610713038141913,201,order_input,benchmark,mock,InstrumentType.Spot,11800374963033145765,OrderType.Limit,Direction.Long,65000.32,210708176,False,Side.Sell,,65000.32,1653898000,BTC-USDT,TimeCondition.GTC,0.001
2837957847,4194834854,0,1783610713038464841,201,order_input,benchmark,mock,InstrumentType.Spot,11800374963033145766,OrderType.Limit,Direction.Long,65000.130000000005,210709712,False,Side.Buy,,65000.130000000005,1653898000,BTC-USDT,TimeCondition.GTC,0.001
2837957847,4194834854,0,1783610713038812894,201,order_input,benchmark,mock,InstrumentType.Spot,11800374963033145767,OrderType.Limit,Direction.Long,65000.34,210711248,False,Side.Sell,,65000.34,1653898000,BTC-USDT,TimeCondition.GTC,0.001
2837957847,4194834854,0,1783610713039151392,201,order_input,benchmark,mock,InstrumentType.Spot,11800374963033145768,OrderType.Limit,Direction.Long,65000.15,210712784,False,Side.Buy,,65000.15,1653898000,BTC-USDT,TimeCondition.GTC,0.001
2837957847,4194834854,0,1783610713039372858,201,order_input,benchmark,mock,InstrumentType.Spot,11800374963033145769,OrderType.Limit,Direction.Long,65000.36,210714320,False,Side.Sell,,65000.36,1653898000,BTC-USDT,TimeCondition.GTC,0.001
2837957847,4194834854,0,1783610713039639100,201,order_input,benchmark,mock,InstrumentType.Spot,11800374963033145770,OrderType.Limit,Direction.Long,65000.17,210715856,False,Side.Buy,,65000.17,1653898000,BTC-USDT,TimeCondition.GTC,0.001
2837957847,4194834854,0,1783610713039992203,201,order_input,benchmark,mock,InstrumentType.Spot,11800374963033145771,OrderType.Limit,Direction.Long,65000.38,210717392,False,Side.Sell,,65000.38,1653898000,BTC-USDT,TimeCondition.GTC,0.001
2837957847,4194834854,0,1783610713040293141,201,order_input,benchmark,mock,InstrumentType.Spot,11800374963033145772,OrderType.Limit,Direction.Long,65000.19,210718928,False,Side.Buy,,65000.19,1653898000,BTC-USDT,TimeCondition.GTC,0.001
2837957847,4194834854,0,1783610713040532887,201,order_input,benchmark,mock,InstrumentType.Spot,11800374963033145773,OrderType.Limit,Direction.Long,65000.4,210720464,False,Side.Sell,,65000.4,1653898000,BTC-USDT,TimeCondition.GTC,0.001
2837957847,4194834854,0,1783610713040816063,201,order_input,benchmark,mock,InstrumentType.Spot,11800374963033145774,OrderType.Limit,Direction.Long,65000.21,210722000,False,Side.Buy,,65000.21,1653898000,BTC-USDT,TimeCondition.GTC,0.001
2837957847,4194834854,0,1783610713041121381,201,order_input,benchmark,mock,InstrumentType.Spot,11800374963033145775,OrderType.Limit,Direction.Long,65000.42,210723536,False,Side.Sell,,65000.42,1653898000,BTC-USDT,TimeCondition.GTC,0.001
2837957847,4194834854,0,1783610713041524984,201,order_input,benchmark,mock,InstrumentType.Spot,11800374963033145776,OrderType.Limit,Direction.Long,65000.23,210725072,False,Side.Buy,,65000.23,1653898000,BTC-USDT,TimeCondition.GTC,0.001
2837957847,4194834854,0,1783610713041810153,201,order_input,benchmark,mock,InstrumentType.Spot,11800374963033145777,OrderType.Limit,Direction.Long,65000.439999999995,210726608,False,Side.Sell,,65000.439999999995,1653898000,BTC-USDT,TimeCondition.GTC,0.001
2837957847,4194834854,0,1783610713042195046,201,order_input,benchmark,mock,InstrumentType.Spot,11800374963033145778,OrderType.Limit,Direction.Long,65000.25,210728144,False,Side.Buy,,65000.25,1653898000,BTC-USDT,TimeCondition.GTC,0.001
2837957847,4194834854,0,1783610713042311897,201,order_input,benchmark,mock,InstrumentType.Spot,11800374963033145779,OrderType.Limit,Direction.Long,65000.46,210729680,False,Side.Sell,,65000.46,1653898000,BTC-USDT,TimeCondition.GTC,0.001
2837957847,4194834854,0,1783610713042675636,201,order_input,benchmark,mock,InstrumentType.Spot,11800374963033145780,OrderType.Limit,Direction.Long,65000.270000000004,210731216,False,Side.Buy,,65000.270000000004,1653898000,BTC-USDT,TimeCondition.GTC,0.001
2837957847,4194834854,0,1783610713042974192,201,order_input,benchmark,mock,InstrumentType.Spot,11800374963033145781,OrderType.Limit,Direction.Long,65000.479999999996,210732752,False,Side.Sell,,65000.479999999996,1653898000,BTC-USDT,TimeCondition.GTC,0.001
2837957847,4194834854,0,1783610713043288026,201,order_input,benchmark,mock,InstrumentType.Spot,11800374963033145782,OrderType.Limit,Direction.Long,65000.29,210734288,False,Side.Buy,,65000.29,1653898000,BTC-USDT,TimeCondition.GTC,0.001
2837957847,4194834854,0,1783610713043578885,201,order_input,benchmark,mock,InstrumentType.Spot,11800374963033145783,OrderType.Limit,Direction.Long,65000.5,210735824,False,Side.Sell,,65000.5,1653898000,BTC-USDT,TimeCondition.GTC,0.001
2837957847,4194834854,0,1783610713043873448,201,order_input,benchmark,mock,InstrumentType.Spot,11800374963033145784,OrderType.Limit,Direction.Long,65000.310000000005,210737360,False,Side.Buy,,65000.310000000005,1653898000,BTC-USDT,TimeCondition.GTC,0.001
2837957847,4194834854,0,1783610713044176464,201,order_input,benchmark,mock,InstrumentType.Spot,11800374963033145785,OrderType.Limit,Direction.Long,65000.52,210738896,False,Side.Sell,,65000.52,1653898000,BTC-USDT,TimeCondition.GTC,0.001
2837957847,4194834854,0,1783610713044474116,201,order_input,benchmark,mock,InstrumentType.Spot,11800374963033145786,OrderType.Limit,Direction.Long,65000.33,210740432,False,Side.Buy,,65000.33,1653898000,BTC-USDT,TimeCondition.GTC,0.001
2837957847,4194834854,0,1783610713044766593,201,order_input,benchmark,mock,InstrumentType.Spot,11800374963033145787,OrderType.Limit,Direction.Long,65000.54,210741968,False,Side.Sell,,65000.54,1653898000,BTC-USDT,TimeCondition.GTC,0.001
2837957847,4194834854,0,1783610713045080893,201,order_input,benchmark,mock,InstrumentType.Spot,11800374963033145788,OrderType.Limit,Direction.Long,65000.35,210743504,False,Side.Buy,,65000.35,1653898000,BTC-USDT,TimeCondition.GTC,0.001
2837957847,4194834854,0,1783610713045367336,201,order_input,benchmark,mock,InstrumentType.Spot,11800374963033145789,OrderType.Limit,Direction.Long,65000.56,210745040,False,Side.Sell,,65000.56,1653898000,BTC-USDT,TimeCondition.GTC,0.001
2837957847,4194834854,0,1783610713045687493,201,order_input,benchmark,mock,InstrumentType.Spot,11800374963033145790,OrderType.Limit,Direction.Long,65000.37,210746576,False,Side.Buy,,65000.37,1653898000,BTC-USDT,TimeCondition.GTC,0.001
2837957847,4194834854,0,1783610713045916909,201,order_input,benchmark,mock,InstrumentType.Spot,11800374963033145791,OrderType.Limit,Direction.Long,65000.58,210748112,False,Side.Sell,,65000.58,1653898000,BTC-USDT,TimeCondition.GTC,0.001
2837957847,4194834854,0,1783610713046275566,201,order_input,benchmark,mock,InstrumentType.Spot,11800374963033145792,OrderType.Limit,Direction.Long,65000.39,210749648,False,Side.Buy,,65000.39,1653898000,BTC-USDT,TimeCondition.GTC,0.001
2837957847,4194834854,0,1783610713046567438,201,order_input,benchmark,mock,InstrumentType.Spot,11800374963033145793,OrderType.Limit,Direction.Long,65000.6,210751184,False,Side.Sell,,65000.6,1653898000,BTC-USDT,TimeCondition.GTC,0.001
2837957847,4194834854,0,1783610713046865528,201,order_input,benchmark,mock,InstrumentType.Spot,11800374963033145794,OrderType.Limit,Direction.Long,65000.41,210752720,False,Side.Buy,,65000.41,1653898000,BTC-USDT,TimeCondition.GTC,0.001
2837957847,4194834854,0,1783610713047169124,201,order_input,benchmark,mock,InstrumentType.Spot,11800374963033145795,OrderType.Limit,Direction.Long,65000.619999999995,210754256,False,Side.Sell,,65000.619999999995,1653898000,BTC-USDT,TimeCondition.GTC,0.001
2837957847,4194834854,0,1783610713047465189,201,order_input,benchmark,mock,InstrumentType.Spot,11800374963033145796,OrderType.Limit,Direction.Long,65000.43,210755792,False,Side.Buy,,65000.43,1653898000,BTC-USDT,TimeCondition.GTC,0.001
2837957847,4194834854,0,1783610713047768757,201,order_input,benchmark,mock,InstrumentType.Spot,11800374963033145797,OrderType.Limit,Direction.Long,65000.64,210757328,False,Side.Sell,,65000.64,1653898000,BTC-USDT,TimeCondition.GTC,0.001
2837957847,4194834854,0,1783610713048081697,201,order_input,benchmark,mock,InstrumentType.Spot,11800374963033145798,OrderType.Limit,Direction.Long,65000.450000000004,210758864,False,Side.Buy,,65000.450000000004,1653898000,BTC-USDT,TimeCondition.GTC,0.001
2837957847,4194834854,0,1783610713048366992,201,order_input,benchmark,mock,InstrumentType.Spot,11800374963033145799,OrderType.Limit,Direction.Long,65000.659999999996,210760400,False,Side.Sell,,65000.659999999996,1653898000,BTC-USDT,TimeCondition.GTC,0.001
2837957847,4194834854,0,1783610713048665743,201,order_input,benchmark,mock,InstrumentType.Spot,11800374963033145800,OrderType.Limit,Direction.Long,65000.47,210761936,False,Side.Buy,,65000.47,1653898000,BTC-USDT,TimeCondition.GTC,0.001
2837957847,4194834854,0,1783610713048964753,201,order_input,benchmark,mock,InstrumentType.Spot,11800374963033145801,OrderType.Limit,Direction.Long,65000.68,210677008,False,Side.Sell,,65000.68,1653898000,BTC-USDT,TimeCondition.GTC,0.001
2837957847,4194834854,0,1783610713049283686,201,order_input,benchmark,mock,InstrumentType.Spot,11800374963033145802,OrderType.Limit,Direction.Long,65000.49,210678544,False,Side.Buy,,65000.49,1653898000,BTC-USDT,TimeCondition.GTC,0.001
2837957847,4194834854,0,1783610713049566566,201,order_input,benchmark,mock,InstrumentType.Spot,11800374963033145803,OrderType.Limit,Direction.Long,65000.7,210680080,False,Side.Sell,,65000.7,1653898000,BTC-USDT,TimeCondition.GTC,0.001
2837957847,4194834854,0,1783610713049869995,201,order_input,benchmark,mock,InstrumentType.Spot,11800374963033145804,OrderType.Limit,Direction.Long,65000.51,210768592,False,Side.Buy,,65000.51,1653898000,BTC-USDT,TimeCondition.GTC,0.001
2837957847,4194834854,0,1783610713050174937,201,order_input,benchmark,mock,InstrumentType.Spot,11800374963033145805,OrderType.Limit,Direction.Long,65000.72,210770128,False,Side.Sell,,65000.72,1653898000,BTC-USDT,TimeCondition.GTC,0.001
2837957847,4194834854,0,1783610713050469437,201,order_input,benchmark,mock,InstrumentType.Spot,11800374963033145806,OrderType.Limit,Direction.Long,65000.53,210771664,False,Side.Buy,,65000.53,1653898000,BTC-USDT,TimeCondition.GTC,0.001
2837957847,4194834854,0,1783610713050766716,201,order_input,benchmark,mock,InstrumentType.Spot,11800374963033145807,OrderType.Limit,Direction.Long,65000.74,210773200,False,Side.Sell,,65000.74,1653898000,BTC-USDT,TimeCondition.GTC,0.001
2837957847,4194834854,0,1783610713051074721,201,order_input,benchmark,mock,InstrumentType.Spot,11800374963033145808,OrderType.Limit,Direction.Long,65000.55,210774736,False,Side.Buy,,65000.55,1653898000,BTC-USDT,TimeCondition.GTC,0.001
2837957847,4194834854,0,1783610713051367365,201,order_input,benchmark,mock,InstrumentType.Spot,11800374963033145809,OrderType.Limit,Direction.Long,65000.76,210776272,False,Side.Sell,,65000.76,1653898000,BTC-USDT,TimeCondition.GTC,0.001
2837957847,4194834854,0,1783610713051666906,201,order_input,benchmark,mock,InstrumentType.Spot,11800374963033145810,OrderType.Limit,Direction.Long,65000.57,210777808,False,Side.Buy,,65000.57,1653898000,BTC-USDT,TimeCondition.GTC,0.001
2837957847,4194834854,0,1783610713051975192,201,order_input,benchmark,mock,InstrumentType.Spot,11800374963033145811,OrderType.Limit,Direction.Long,65000.78,210779344,False,Side.Sell,,65000.78,1653898000,BTC-USDT,TimeCondition.GTC,0.001
2837957847,4194834854,0,1783610713052264988,201,order_input,benchmark,mock,InstrumentType.Spot,11800374963033145812,OrderType.Limit,Direction.Long,65000.590000000004,210780880,False,Side.Buy,,65000.590000000004,1653898000,BTC-USDT,TimeCondition.GTC,0.001
2837957847,4194834854,0,1783610713052565242,201,order_input,benchmark,mock,InstrumentType.Spot,11800374963033145813,OrderType.Limit,Direction.Long,65000.799999999996,210782416,False,Side.Sell,,65000.799999999996,1653898000,BTC-USDT,TimeCondition.GTC,0.001
2837957847,4194834854,0,1783610713052877550,201,order_input,benchmark,mock,InstrumentType.Spot,11800374963033145814,OrderType.Limit,Direction.Long,65000.61,210783952,False,Side.Buy,,65000.61,1653898000,BTC-USDT,TimeCondition.GTC,0.001
2837957847,4194834854,0,1783610713053122874,201,order_input,benchmark,mock,InstrumentType.Spot,11800374963033145815,OrderType.Limit,Direction.Long,65000.82,210785488,False,Side.Sell,,65000.82,1653898000,BTC-USDT,TimeCondition.GTC,0.001
2837957847,4194834854,0,1783610713053464348,201,order_input,benchmark,mock,InstrumentType.Spot,11800374963033145816,OrderType.Limit,Direction.Long,65000.630000000005,210787024,False,Side.Buy,,65000.630000000005,1653898000,BTC-USDT,TimeCondition.GTC,0.001
2837957847,4194834854,0,1783610713053764938,201,order_input,benchmark,mock,InstrumentType.Spot,11800374963033145817,OrderType.Limit,Direction.Long,65000.84,210788560,False,Side.Sell,,65000.84,1653898000,BTC-USDT,TimeCondition.GTC,0.001
2837957847,4194834854,0,1783610713054068933,201,order_input,benchmark,mock,InstrumentType.Spot,11800374963033145818,OrderType.Limit,Direction.Long,65000.65,210790096,False,Side.Buy,,65000.65,1653898000,BTC-USDT,TimeCondition.GTC,0.001
2837957847,4194834854,0,1783610713054364236,201,order_input,benchmark,mock,InstrumentType.Spot,11800374963033145819,OrderType.Limit,Direction.Long,65000.86,210791632,False,Side.Sell,,65000.86,1653898000,BTC-USDT,TimeCondition.GTC,0.001
2837957847,4194834854,0,1783610713054666503,201,order_input,benchmark,mock,InstrumentType.Spot,11800374963033145820,OrderType.Limit,Direction.Long,65000.67,210793168,False,Side.Buy,,65000.67,1653898000,BTC-USDT,TimeCondition.GTC,0.001
2837957847,4194834854,0,1783610713054974448,201,order_input,benchmark,mock,InstrumentType.Spot,11800374963033145821,OrderType.Limit,Direction.Long,65000.88,210794704,False,Side.Sell,,65000.88,1653898000,BTC-USDT,TimeCondition.GTC,0.001
2837957847,4194834854,0,1783610713055267576,201,order_input,benchmark,mock,InstrumentType.Spot,11800374963033145822,OrderType.Limit,Direction.Long,65000.69,210796240,False,Side.Buy,,65000.69,1653898000,BTC-USDT,TimeCondition.GTC,0.001
2837957847,4194834854,0,1783610713055565177,201,order_input,benchmark,mock,InstrumentType.Spot,11800374963033145823,OrderType.Limit,Direction.Long,65000.9,210797776,False,Side.Sell,,65000.9,1653898000,BTC-USDT,TimeCondition.GTC,0.001
2837957847,4194834854,0,1783610713055864828,201,order_input,benchmark,mock,InstrumentType.Spot,11800374963033145824,OrderType.Limit,Direction.Long,65000.71,210799312,False,Side.Buy,,65000.71,1653898000,BTC-USDT,TimeCondition.GTC,0.001
2837957847,4194834854,0,1783610713056170582,201,order_input,benchmark,mock,InstrumentType.Spot,11800374963033145825,OrderType.Limit,Direction.Long,65000.92,210800848,False,Side.Sell,,65000.92,1653898000,BTC-USDT,TimeCondition.GTC,0.001
2837957847,4194834854,0,1783610713056468025,201,order_input,benchmark,mock,InstrumentType.Spot,11800374963033145826,OrderType.Limit,Direction.Long,65000.73,210802384,False,Side.Buy,,65000.73,1653898000,BTC-USDT,TimeCondition.GTC,0.001
2837957847,4194834854,0,1783610713056766849,201,order_input,benchmark,mock,InstrumentType.Spot,11800374963033145827,OrderType.Limit,Direction.Long,65000.939999999995,210803920,False,Side.Sell,,65000.939999999995,1653898000,BTC-USDT,TimeCondition.GTC,0.001
2837957847,4194834854,0,1783610713057082841,201,order_input,benchmark,mock,InstrumentType.Spot,11800374963033145828,OrderType.Limit,Direction.Long,65000.75,210805456,False,Side.Buy,,65000.75,1653898000,BTC-USDT,TimeCondition.GTC,0.001
2837957847,4194834854,0,1783610713057364924,201,order_input,benchmark,mock,InstrumentType.Spot,11800374963033145829,OrderType.Limit,Direction.Long,65000.96,210806992,False,Side.Sell,,65000.96,1653898000,BTC-USDT,TimeCondition.GTC,0.001
2837957847,4194834854,0,1783610713057673705,201,order_input,benchmark,mock,InstrumentType.Spot,11800374963033145830,OrderType.Limit,Direction.Long,65000.770000000004,210808528,False,Side.Buy,,65000.770000000004,1653898000,BTC-USDT,TimeCondition.GTC,0.001
2837957847,4194834854,0,1783610713057965388,201,order_input,benchmark,mock,InstrumentType.Spot,11800374963033145831,OrderType.Limit,Direction.Long,65000.979999999996,210810064,False,Side.Sell,,65000.979999999996,1653898000,BTC-USDT,TimeCondition.GTC,0.001
2837957847,4194834854,0,1783610713058263803,201,order_input,benchmark,mock,InstrumentType.Spot,11800374963033145832,OrderType.Limit,Direction.Long,65000.79,210811600,False,Side.Buy,,65000.79,1653898000,BTC-USDT,TimeCondition.GTC,0.001
2837957847,4194834854,0,1783610713058566743,201,order_input,benchmark,mock,InstrumentType.Spot,11800374963033145833,OrderType.Limit,Direction.Long,65001.0,210813136,False,Side.Sell,,65001.0,1653898000,BTC-USDT,TimeCondition.GTC,0.001
2837957847,4194834854,0,1783610713058866187,201,order_input,benchmark,mock,InstrumentType.Spot,11800374963033145834,OrderType.Limit,Direction.Long,65000.810000000005,210814672,False,Side.Buy,,65000.810000000005,1653898000,BTC-USDT,TimeCondition.GTC,0.001
2837957847,4194834854,0,1783610713059170398,201,order_input,benchmark,mock,InstrumentType.Spot,11800374963033145835,OrderType.Limit,Direction.Long,65001.02,210816208,False,Side.Sell,,65001.02,1653898000,BTC-USDT,TimeCondition.GTC,0.001
2837957847,4194834854,0,1783610713059444991,201,order_input,benchmark,mock,InstrumentType.Spot,11800374963033145836,OrderType.Limit,Direction.Long,65000.83,210817744,False,Side.Buy,,65000.83,1653898000,BTC-USDT,TimeCondition.GTC,0.001
2837957847,4194834854,0,1783610713059760899,201,order_input,benchmark,mock,InstrumentType.Spot,11800374963033145837,OrderType.Limit,Direction.Long,65001.04,210819280,False,Side.Sell,,65001.04,1653898000,BTC-USDT,TimeCondition.GTC,0.001
2837957847,4194834854,0,1783610713060077991,201,order_input,benchmark,mock,InstrumentType.Spot,11800374963033145838,OrderType.Limit,Direction.Long,65000.85,210820816,False,Side.Buy,,65000.85,1653898000,BTC-USDT,TimeCondition.GTC,0.001
2837957847,4194834854,0,1783610713060360014,201,order_input,benchmark,mock,InstrumentType.Spot,11800374963033145839,OrderType.Limit,Direction.Long,65001.06,210822352,False,Side.Sell,,65001.06,1653898000,BTC-USDT,TimeCondition.GTC,0.001
2837957847,4194834854,0,1783610713060664646,201,order_input,benchmark,mock,InstrumentType.Spot,11800374963033145840,OrderType.Limit,Direction.Long,65000.87,210823888,False,Side.Buy,,65000.87,1653898000,BTC-USDT,TimeCondition.GTC,0.001
2837957847,4194834854,0,1783610713060955241,201,order_input,benchmark,mock,InstrumentType.Spot,11800374963033145841,OrderType.Limit,Direction.Long,65001.08,210825424,False,Side.Sell,,65001.08,1653898000,BTC-USDT,TimeCondition.GTC,0.001
2837957847,4194834854,0,1783610713061267728,201,order_input,benchmark,mock,InstrumentType.Spot,11800374963033145842,OrderType.Limit,Direction.Long,65000.89,210826960,False,Side.Buy,,65000.89,1653898000,BTC-USDT,TimeCondition.GTC,0.001
2837957847,4194834854,0,1783610713061562713,201,order_input,benchmark,mock,InstrumentType.Spot,11800374963033145843,OrderType.Limit,Direction.Long,65000.1,210828496,False,Side.Sell,,65000.1,1653898000,BTC-USDT,TimeCondition.GTC,0.001
2837957847,4194834854,0,1783610713061869220,201,order_input,benchmark,mock,InstrumentType.Spot,11800374963033145844,OrderType.Limit,Direction.Long,64999.91,210830032,False,Side.Buy,,64999.91,1653898000,BTC-USDT,TimeCondition.GTC,0.001
2837957847,4194834854,0,1783610713062170301,201,order_input,benchmark,mock,InstrumentType.Spot,11800374963033145845,OrderType.Limit,Direction.Long,65000.119999999995,210831568,False,Side.Sell,,65000.119999999995,1653898000,BTC-USDT,TimeCondition.GTC,0.001
2837957847,4194834854,0,1783610713062463583,201,order_input,benchmark,mock,InstrumentType.Spot,11800374963033145846,OrderType.Limit,Direction.Long,64999.93,210833104,False,Side.Buy,,64999.93,1653898000,BTC-USDT,TimeCondition.GTC,0.001
2837957847,4194834854,0,1783610713062770446,201,order_input,benchmark,mock,InstrumentType.Spot,11800374963033145847,OrderType.Limit,Direction.Long,65000.14,210834640,False,Side.Sell,,65000.14,1653898000,BTC-USDT,TimeCondition.GTC,0.001
2837957847,4194834854,0,1783610713063360845,201,order_input,benchmark,mock,InstrumentType.Spot,11800374963033145848,OrderType.Limit,Direction.Long,64999.950000000004,210836176,False,Side.Buy,,64999.950000000004,1653898000,BTC-USDT,TimeCondition.GTC,0.001
2837957847,4194834854,0,1783610713063600477,201,order_input,benchmark,mock,InstrumentType.Spot,11800374963033145849,OrderType.Limit,Direction.Long,65000.159999999996,210837712,False,Side.Sell,,65000.159999999996,1653898000,BTC-USDT,TimeCondition.GTC,0.001
2837957847,4194834854,0,1783610713063691951,201,order_input,benchmark,mock,InstrumentType.Spot,11800374963033145850,OrderType.Limit,Direction.Long,64999.97,210839216,False,Side.Buy,,64999.97,1653898000,BTC-USDT,TimeCondition.GTC,0.001
2837957847,4194834854,0,1783610713063956954,201,order_input,benchmark,mock,InstrumentType.Spot,11800374963033145851,OrderType.Limit,Direction.Long,65000.18,210840784,False,Side.Sell,,65000.18,1653898000,BTC-USDT,TimeCondition.GTC,0.001
2837957847,4194834854,0,1783610713064266834,201,order_input,benchmark,mock,InstrumentType.Spot,11800374963033145852,OrderType.Limit,Direction.Long,64999.99,210842320,False,Side.Buy,,64999.99,1653898000,BTC-USDT,TimeCondition.GTC,0.001
2837957847,4194834854,0,1783610713064566086,201,order_input,benchmark,mock,InstrumentType.Spot,11800374963033145853,OrderType.Limit,Direction.Long,65000.2,210843856,False,Side.Sell,,65000.2,1653898000,BTC-USDT,TimeCondition.GTC,0.001
2837957847,4194834854,0,1783610713064859241,201,order_input,benchmark,mock,InstrumentType.Spot,11800374963033145854,OrderType.Limit,Direction.Long,65000.01,210845392,False,Side.Buy,,65000.01,1653898000,BTC-USDT,TimeCondition.GTC,0.001
2837957847,4194834854,0,1783610713065161477,201,order_input,benchmark,mock,InstrumentType.Spot,11800374963033145855,OrderType.Limit,Direction.Long,65000.22,210846928,False,Side.Sell,,65000.22,1653898000,BTC-USDT,TimeCondition.GTC,0.001
2837957847,4194834854,0,1783610713065468069,201,order_input,benchmark,mock,InstrumentType.Spot,11800374963033145856,OrderType.Limit,Direction.Long,65000.03,210848464,False,Side.Buy,,65000.03,1653898000,BTC-USDT,TimeCondition.GTC,0.001
2837957847,4194834854,0,1783610713065761292,201,order_input,benchmark,mock,InstrumentType.Spot,11800374963033145857,OrderType.Limit,Direction.Long,65000.24,210850000,False,Side.Sell,,65000.24,1653898000,BTC-USDT,TimeCondition.GTC,0.001
2837957847,4194834854,0,1783610713066076317,201,order_input,benchmark,mock,InstrumentType.Spot,11800374963033145858,OrderType.Limit,Direction.Long,65000.05,210851536,False,Side.Buy,,65000.05,1653898000,BTC-USDT,TimeCondition.GTC,0.001
2837957847,4194834854,0,1783610713066384435,201,order_input,benchmark,mock,InstrumentType.Spot,11800374963033145859,OrderType.Limit,Direction.Long,65000.26,210853072,False,Side.Sell,,65000.26,1653898000,BTC-USDT,TimeCondition.GTC,0.001
2837957847,4194834854,0,1783610713066669614,201,order_input,benchmark,mock,InstrumentType.Spot,11800374963033145860,OrderType.Limit,Direction.Long,65000.07,210854608,False,Side.Buy,,65000.07,1653898000,BTC-USDT,TimeCondition.GTC,0.001
2837957847,4194834854,0,1783610713066982475,201,order_input,benchmark,mock,InstrumentType.Spot,11800374963033145861,OrderType.Limit,Direction.Long,65000.28,210856144,False,Side.Sell,,65000.28,1653898000,BTC-USDT,TimeCondition.GTC,0.001
2837957847,4194834854,0,1783610713067226583,201,order_input,benchmark,mock,InstrumentType.Spot,11800374963033145862,OrderType.Limit,Direction.Long,65000.090000000004,210857680,False,Side.Buy,,65000.090000000004,1653898000,BTC-USDT,TimeCondition.GTC,0.001
2837957847,4194834854,0,1783610713067569484,201,order_input,benchmark,mock,InstrumentType.Spot,11800374963033145863,OrderType.Limit,Direction.Long,65000.299999999996,210859216,False,Side.Sell,,65000.299999999996,1653898000,BTC-USDT,TimeCondition.GTC,0.001
2837957847,4194834854,0,1783610713067864598,201,order_input,benchmark,mock,InstrumentType.Spot,11800374963033145864,OrderType.Limit,Direction.Long,65000.11,210860752,False,Side.Buy,,65000.11,1653898000,BTC-USDT,TimeCondition.GTC,0.001
2837957847,4194834854,0,1783610713068164301,201,order_input,benchmark,mock,InstrumentType.Spot,11800374963033145865,OrderType.Limit,Direction.Long,65000.32,210763472,False,Side.Sell,,65000.32,1653898000,BTC-USDT,TimeCondition.GTC,0.001
2837957847,4194834854,0,1783610713068459969,201,order_input,benchmark,mock,InstrumentType.Spot,11800374963033145866,OrderType.Limit,Direction.Long,65000.130000000005,210765008,False,Side.Buy,,65000.130000000005,1653898000,BTC-USDT,TimeCondition.GTC,0.001
2837957847,4194834854,0,1783610713068761661,201,order_input,benchmark,mock,InstrumentType.Spot,11800374963033145867,OrderType.Limit,Direction.Long,65000.34,210766544,False,Side.Sell,,65000.34,1653898000,BTC-USDT,TimeCondition.GTC,0.001
2837957847,4194834854,0,1783610713069055172,201,order_input,benchmark,mock,InstrumentType.Spot,11800374963033145868,OrderType.Limit,Direction.Long,65000.15,210867488,False,Side.Buy,,65000.15,1653898000,BTC-USDT,TimeCondition.GTC,0.001
2837957847,4194834854,0,1783610713069359369,201,order_input,benchmark,mock,InstrumentType.Spot,11800374963033145869,OrderType.Limit,Direction.Long,65000.36,210869024,False,Side.Sell,,65000.36,1653898000,BTC-USDT,TimeCondition.GTC,0.001
2837957847,4194834854,0,1783610713069659546,201,order_input,benchmark,mock,InstrumentType.Spot,11800374963033145870,OrderType.Limit,Direction.Long,65000.17,210870560,False,Side.Buy,,65000.17,1653898000,BTC-USDT,TimeCondition.GTC,0.001
2837957847,4194834854,0,1783610713069956581,201,order_input,benchmark,mock,InstrumentType.Spot,11800374963033145871,OrderType.Limit,Direction.Long,65000.38,210872096,False,Side.Sell,,65000.38,1653898000,BTC-USDT,TimeCondition.GTC,0.001
2837957847,4194834854,0,1783610713070413380,201,order_input,benchmark,mock,InstrumentType.Spot,11800374963033145872,OrderType.Limit,Direction.Long,65000.19,210873632,False,Side.Buy,,65000.19,1653898000,BTC-USDT,TimeCondition.GTC,0.001
2837957847,4194834854,0,1783610713070714330,201,order_input,benchmark,mock,InstrumentType.Spot,11800374963033145873,OrderType.Limit,Direction.Long,65000.4,210875168,False,Side.Sell,,65000.4,1653898000,BTC-USDT,TimeCondition.GTC,0.001
2837957847,4194834854,0,1783610713070851881,201,order_input,benchmark,mock,InstrumentType.Spot,11800374963033145874,OrderType.Limit,Direction.Long,65000.21,210876704,False,Side.Buy,,65000.21,1653898000,BTC-USDT,TimeCondition.GTC,0.001
2837957847,4194834854,0,1783610713071199926,201,order_input,benchmark,mock,InstrumentType.Spot,11800374963033145875,OrderType.Limit,Direction.Long,65000.42,210878240,False,Side.Sell,,65000.42,1653898000,BTC-USDT,TimeCondition.GTC,0.001
2837957847,4194834854,0,1783610713071477415,201,order_input,benchmark,mock,InstrumentType.Spot,11800374963033145876,OrderType.Limit,Direction.Long,65000.23,210879776,False,Side.Buy,,65000.23,1653898000,BTC-USDT,TimeCondition.GTC,0.001
2837957847,4194834854,0,1783610713071766705,201,order_input,benchmark,mock,InstrumentType.Spot,11800374963033145877,OrderType.Limit,Direction.Long,65000.439999999995,210881312,False,Side.Sell,,65000.439999999995,1653898000,BTC-USDT,TimeCondition.GTC,0.001
2837957847,4194834854,0,1783610713072096300,201,order_input,benchmark,mock,InstrumentType.Spot,11800374963033145878,OrderType.Limit,Direction.Long,65000.25,210882848,False,Side.Buy,,65000.25,1653898000,BTC-USDT,TimeCondition.GTC,0.001
2837957847,4194834854,0,1783610713072440548,201,order_input,benchmark,mock,InstrumentType.Spot,11800374963033145879,OrderType.Limit,Direction.Long,65000.46,210884384,False,Side.Sell,,65000.46,1653898000,BTC-USDT,TimeCondition.GTC,0.001
2837957847,4194834854,0,1783610713072753553,201,order_input,benchmark,mock,InstrumentType.Spot,11800374963033145880,OrderType.Limit,Direction.Long,65000.270000000004,210885920,False,Side.Buy,,65000.270000000004,1653898000,BTC-USDT,TimeCondition.GTC,0.001
2837957847,4194834854,0,1783610713072908136,201,order_input,benchmark,mock,InstrumentType.Spot,11800374963033145881,OrderType.Limit,Direction.Long,65000.479999999996,210887456,False,Side.Sell,,65000.479999999996,1653898000,BTC-USDT,TimeCondition.GTC,0.001
2837957847,4194834854,0,1783610713073477767,201,order_input,benchmark,mock,InstrumentType.Spot,11800374963033145882,OrderType.Limit,Direction.Long,65000.29,210888992,False,Side.Buy,,65000.29,1653898000,BTC-USDT,TimeCondition.GTC,0.001
2837957847,4194834854,0,1783610713073568162,201,order_input,benchmark,mock,InstrumentType.Spot,11800374963033145883,OrderType.Limit,Direction.Long,65000.5,210890496,False,Side.Sell,,65000.5,1653898000,BTC-USDT,TimeCondition.GTC,0.001
2837957847,4194834854,0,1783610713073893249,201,order_input,benchmark,mock,InstrumentType.Spot,11800374963033145884,OrderType.Limit,Direction.Long,65000.310000000005,210892064,False,Side.Buy,,65000.310000000005,1653898000,BTC-USDT,TimeCondition.GTC,0.001
2837957847,4194834854,0,1783610713074185548,201,order_input,benchmark,mock,InstrumentType.Spot,11800374963033145885,OrderType.Limit,Direction.Long,65000.52,210893600,False,Side.Sell,,65000.52,1653898000,BTC-USDT,TimeCondition.GTC,0.001
2837957847,4194834854,0,1783610713074416496,201,order_input,benchmark,mock,InstrumentType.Spot,11800374963033145886,OrderType.Limit,Direction.Long,65000.33,210895136,False,Side.Buy,,65000.33,1653898000,BTC-USDT,TimeCondition.GTC,0.001
2837957847,4194834854,0,1783610713074860810,201,order_input,benchmark,mock,InstrumentType.Spot,11800374963033145887,OrderType.Limit,Direction.Long,65000.54,210896672,False,Side.Sell,,65000.54,1653898000,BTC-USDT,TimeCondition.GTC,0.001
2837957847,4194834854,0,1783610713075044949,201,order_input,benchmark,mock,InstrumentType.Spot,11800374963033145888,OrderType.Limit,Direction.Long,65000.35,210898208,False,Side.Buy,,65000.35,1653898000,BTC-USDT,TimeCondition.GTC,0.001
2837957847,4194834854,0,1783610713075317430,201,order_input,benchmark,mock,InstrumentType.Spot,11800374963033145889,OrderType.Limit,Direction.Long,65000.56,210899744,False,Side.Sell,,65000.56,1653898000,BTC-USDT,TimeCondition.GTC,0.001
2837957847,4194834854,0,1783610713075668313,201,order_input,benchmark,mock,InstrumentType.Spot,11800374963033145890,OrderType.Limit,Direction.Long,65000.37,210901280,False,Side.Buy,,65000.37,1653898000,BTC-USDT,TimeCondition.GTC,0.001
2837957847,4194834854,0,1783610713075989080,201,order_input,benchmark,mock,InstrumentType.Spot,11800374963033145891,OrderType.Limit,Direction.Long,65000.58,210902816,False,Side.Sell,,65000.58,1653898000,BTC-USDT,TimeCondition.GTC,0.001
2837957847,4194834854,0,1783610713076262204,201,order_input,benchmark,mock,InstrumentType.Spot,11800374963033145892,OrderType.Limit,Direction.Long,65000.39,210904352,False,Side.Buy,,65000.39,1653898000,BTC-USDT,TimeCondition.GTC,0.001
2837957847,4194834854,0,1783610713076588385,201,order_input,benchmark,mock,InstrumentType.Spot,11800374963033145893,OrderType.Limit,Direction.Long,65000.6,210905888,False,Side.Sell,,65000.6,1653898000,BTC-USDT,TimeCondition.GTC,0.001
2837957847,4194834854,0,1783610713076851573,201,order_input,benchmark,mock,InstrumentType.Spot,11800374963033145894,OrderType.Limit,Direction.Long,65000.41,210907424,False,Side.Buy,,65000.41,1653898000,BTC-USDT,TimeCondition.GTC,0.001
2837957847,4194834854,0,1783610713077177774,201,order_input,benchmark,mock,InstrumentType.Spot,11800374963033145895,OrderType.Limit,Direction.Long,65000.619999999995,210908960,False,Side.Sell,,65000.619999999995,1653898000,BTC-USDT,TimeCondition.GTC,0.001
2837957847,4194834854,0,1783610713077470858,201,order_input,benchmark,mock,InstrumentType.Spot,11800374963033145896,OrderType.Limit,Direction.Long,65000.43,210910496,False,Side.Buy,,65000.43,1653898000,BTC-USDT,TimeCondition.GTC,0.001
2837957847,4194834854,0,1783610713077783198,201,order_input,benchmark,mock,InstrumentType.Spot,11800374963033145897,OrderType.Limit,Direction.Long,65000.64,210912032,False,Side.Sell,,65000.64,1653898000,BTC-USDT,TimeCondition.GTC,0.001
2837957847,4194834854,0,1783610713078084632,201,order_input,benchmark,mock,InstrumentType.Spot,11800374963033145898,OrderType.Limit,Direction.Long,65000.450000000004,210913568,False,Side.Buy,,65000.450000000004,1653898000,BTC-USDT,TimeCondition.GTC,0.001
2837957847,4194834854,0,1783610713078374458,201,order_input,benchmark,mock,InstrumentType.Spot,11800374963033145899,OrderType.Limit,Direction.Long,65000.659999999996,210915104,False,Side.Sell,,65000.659999999996,1653898000,BTC-USDT,TimeCondition.GTC,0.001
2837957847,4194834854,0,1783610713078662923,201,order_input,benchmark,mock,InstrumentType.Spot,11800374963033145900,OrderType.Limit,Direction.Long,65000.47,210916640,False,Side.Buy,,65000.47,1653898000,BTC-USDT,TimeCondition.GTC,0.001
2837957847,4194834854,0,1783610713078976762,201,order_input,benchmark,mock,InstrumentType.Spot,11800374963033145901,OrderType.Limit,Direction.Long,65000.68,210918176,False,Side.Sell,,65000.68,1653898000,BTC-USDT,TimeCondition.GTC,0.001
2837957847,4194834854,0,1783610713079278832,201,order_input,benchmark,mock,InstrumentType.Spot,11800374963033145902,OrderType.Limit,Direction.Long,65000.49,210919712,False,Side.Buy,,65000.49,1653898000,BTC-USDT,TimeCondition.GTC,0.001
2837957847,4194834854,0,1783610713079578282,201,order_input,benchmark,mock,InstrumentType.Spot,11800374963033145903,OrderType.Limit,Direction.Long,65000.7,210921248,False,Side.Sell,,65000.7,1653898000,BTC-USDT,TimeCondition.GTC,0.001
2837957847,4194834854,0,1783610713079879343,201,order_input,benchmark,mock,InstrumentType.Spot,11800374963033145904,OrderType.Limit,Direction.Long,65000.51,210922784,False,Side.Buy,,65000.51,1653898000,BTC-USDT,TimeCondition.GTC,0.001
2837957847,4194834854,0,1783610713080173398,201,order_input,benchmark,mock,InstrumentType.Spot,11800374963033145905,OrderType.Limit,Direction.Long,65000.72,210924320,False,Side.Sell,,65000.72,1653898000,BTC-USDT,TimeCondition.GTC,0.001
2837957847,4194834854,0,1783610713080460556,201,order_input,benchmark,mock,InstrumentType.Spot,11800374963033145906,OrderType.Limit,Direction.Long,65000.53,210925856,False,Side.Buy,,65000.53,1653898000,BTC-USDT,TimeCondition.GTC,0.001
2837957847,4194834854,0,1783610713080781112,201,order_input,benchmark,mock,InstrumentType.Spot,11800374963033145907,OrderType.Limit,Direction.Long,65000.74,210927392,False,Side.Sell,,65000.74,1653898000,BTC-USDT,TimeCondition.GTC,0.001
2837957847,4194834854,0,1783610713081155977,201,order_input,benchmark,mock,InstrumentType.Spot,11800374963033145908,OrderType.Limit,Direction.Long,65000.55,210928928,False,Side.Buy,,65000.55,1653898000,BTC-USDT,TimeCondition.GTC,0.001
2837957847,4194834854,0,1783610713081355275,201,order_input,benchmark,mock,InstrumentType.Spot,11800374963033145909,OrderType.Limit,Direction.Long,65000.76,210930464,False,Side.Sell,,65000.76,1653898000,BTC-USDT,TimeCondition.GTC,0.001
2837957847,4194834854,0,1783610713081673583,201,order_input,benchmark,mock,InstrumentType.Spot,11800374963033145910,OrderType.Limit,Direction.Long,65000.57,210932000,False,Side.Buy,,65000.57,1653898000,BTC-USDT,TimeCondition.GTC,0.001
2837957847,4194834854,0,1783610713081971034,201,order_input,benchmark,mock,InstrumentType.Spot,11800374963033145911,OrderType.Limit,Direction.Long,65000.78,210933536,False,Side.Sell,,65000.78,1653898000,BTC-USDT,TimeCondition.GTC,0.001
2837957847,4194834854,0,1783610713082275547,201,order_input,benchmark,mock,InstrumentType.Spot,11800374963033145912,OrderType.Limit,Direction.Long,65000.590000000004,210935072,False,Side.Buy,,65000.590000000004,1653898000,BTC-USDT,TimeCondition.GTC,0.001
2837957847,4194834854,0,1783610713082572401,201,order_input,benchmark,mock,InstrumentType.Spot,11800374963033145913,OrderType.Limit,Direction.Long,65000.799999999996,210936608,False,Side.Sell,,65000.799999999996,1653898000,BTC-USDT,TimeCondition.GTC,0.001
2837957847,4194834854,0,1783610713082872787,201,order_input,benchmark,mock,InstrumentType.Spot,11800374963033145914,OrderType.Limit,Direction.Long,65000.61,210938144,False,Side.Buy,,65000.61,1653898000,BTC-USDT,TimeCondition.GTC,0.001
2837957847,4194834854,0,1783610713083369968,201,order_input,benchmark,mock,InstrumentType.Spot,11800374963033145915,OrderType.Limit,Direction.Long,65000.82,210939680,False,Side.Sell,,65000.82,1653898000,BTC-USDT,TimeCondition.GTC,0.001
2837957847,4194834854,0,1783610713083420323,201,order_input,benchmark,mock,InstrumentType.Spot,11800374963033145916,OrderType.Limit,Direction.Long,65000.630000000005,210941216,False,Side.Buy,,65000.630000000005,1653898000,BTC-USDT,TimeCondition.GTC,0.001
2837957847,4194834854,0,1783610713083783250,201,order_input,benchmark,mock,InstrumentType.Spot,11800374963033145917,OrderType.Limit,Direction.Long,65000.84,210942752,False,Side.Sell,,65000.84,1653898000,BTC-USDT,TimeCondition.GTC,0.001
2837957847,4194834854,0,1783610713084087354,201,order_input,benchmark,mock,InstrumentType.Spot,11800374963033145918,OrderType.Limit,Direction.Long,65000.65,210944288,False,Side.Buy,,65000.65,1653898000,BTC-USDT,TimeCondition.GTC,0.001
2837957847,4194834854,0,1783610713084374093,201,order_input,benchmark,mock,InstrumentType.Spot,11800374963033145919,OrderType.Limit,Direction.Long,65000.86,210945824,False,Side.Sell,,65000.86,1653898000,BTC-USDT,TimeCondition.GTC,0.001
2837957847,4194834854,0,1783610713084671937,201,order_input,benchmark,mock,InstrumentType.Spot,11800374963033145920,OrderType.Limit,Direction.Long,65000.67,210947360,False,Side.Buy,,65000.67,1653898000,BTC-USDT,TimeCondition.GTC,0.001
2837957847,4194834854,0,1783610713084974991,201,order_input,benchmark,mock,InstrumentType.Spot,11800374963033145921,OrderType.Limit,Direction.Long,65000.88,210948896,False,Side.Sell,,65000.88,1653898000,BTC-USDT,TimeCondition.GTC,0.001
2837957847,4194834854,0,1783610713085266307,201,order_input,benchmark,mock,InstrumentType.Spot,11800374963033145922,OrderType.Limit,Direction.Long,65000.69,210950432,False,Side.Buy,,65000.69,1653898000,BTC-USDT,TimeCondition.GTC,0.001
2837957847,4194834854,0,1783610713085568603,201,order_input,benchmark,mock,InstrumentType.Spot,11800374963033145923,OrderType.Limit,Direction.Long,65000.9,210951968,False,Side.Sell,,65000.9,1653898000,BTC-USDT,TimeCondition.GTC,0.001
2837957847,4194834854,0,1783610713085881316,201,order_input,benchmark,mock,InstrumentType.Spot,11800374963033145924,OrderType.Limit,Direction.Long,65000.71,210953504,False,Side.Buy,,65000.71,1653898000,BTC-USDT,TimeCondition.GTC,0.001
2837957847,4194834854,0,1783610713086176108,201,order_input,benchmark,mock,InstrumentType.Spot,11800374963033145925,OrderType.Limit,Direction.Long,65000.92,210955040,False,Side.Sell,,65000.92,1653898000,BTC-USDT,TimeCondition.GTC,0.001
2837957847,4194834854,0,1783610713086491305,201,order_input,benchmark,mock,InstrumentType.Spot,11800374963033145926,OrderType.Limit,Direction.Long,65000.73,210956576,False,Side.Buy,,65000.73,1653898000,BTC-USDT,TimeCondition.GTC,0.001
2837957847,4194834854,0,1783610713086780127,201,order_input,benchmark,mock,InstrumentType.Spot,11800374963033145927,OrderType.Limit,Direction.Long,65000.939999999995,210958112,False,Side.Sell,,65000.939999999995,1653898000,BTC-USDT,TimeCondition.GTC,0.001
2837957847,4194834854,0,1783610713087089057,201,order_input,benchmark,mock,InstrumentType.Spot,11800374963033145928,OrderType.Limit,Direction.Long,65000.75,210959648,False,Side.Buy,,65000.75,1653898000,BTC-USDT,TimeCondition.GTC,0.001
2837957847,4194834854,0,1783610713087383235,201,order_input,benchmark,mock,InstrumentType.Spot,11800374963033145929,OrderType.Limit,Direction.Long,65000.96,210961184,False,Side.Sell,,65000.96,1653898000,BTC-USDT,TimeCondition.GTC,0.001
2837957847,4194834854,0,1783610713087679307,201,order_input,benchmark,mock,InstrumentType.Spot,11800374963033145930,OrderType.Limit,Direction.Long,65000.770000000004,210962720,False,Side.Buy,,65000.770000000004,1653898000,BTC-USDT,TimeCondition.GTC,0.001
2837957847,4194834854,0,1783610713087978749,201,order_input,benchmark,mock,InstrumentType.Spot,11800374963033145931,OrderType.Limit,Direction.Long,65000.979999999996,210964256,False,Side.Sell,,65000.979999999996,1653898000,BTC-USDT,TimeCondition.GTC,0.001
2837957847,4194834854,0,1783610713088297833,201,order_input,benchmark,mock,InstrumentType.Spot,11800374963033145932,OrderType.Limit,Direction.Long,65000.79,210965792,False,Side.Buy,,65000.79,1653898000,BTC-USDT,TimeCondition.GTC,0.001
2837957847,4194834854,0,1783610713088548560,201,order_input,benchmark,mock,InstrumentType.Spot,11800374963033145933,OrderType.Limit,Direction.Long,65001.0,210967328,False,Side.Sell,,65001.0,1653898000,BTC-USDT,TimeCondition.GTC,0.001
2837957847,4194834854,0,1783610713088873717,201,order_input,benchmark,mock,InstrumentType.Spot,11800374963033145934,OrderType.Limit,Direction.Long,65000.810000000005,210968864,False,Side.Buy,,65000.810000000005,1653898000,BTC-USDT,TimeCondition.GTC,0.001
2837957847,4194834854,0,1783610713089182765,201,order_input,benchmark,mock,InstrumentType.Spot,11800374963033145935,OrderType.Limit,Direction.Long,65001.02,210970400,False,Side.Sell,,65001.02,1653898000,BTC-USDT,TimeCondition.GTC,0.001
2837957847,4194834854,0,1783610713089387499,201,order_input,benchmark,mock,InstrumentType.Spot,11800374963033145936,OrderType.Limit,Direction.Long,65000.83,210971936,False,Side.Buy,,65000.83,1653898000,BTC-USDT,TimeCondition.GTC,0.001
2837957847,4194834854,0,1783610713089766151,201,order_input,benchmark,mock,InstrumentType.Spot,11800374963033145937,OrderType.Limit,Direction.Long,65001.04,210862288,False,Side.Sell,,65001.04,1653898000,BTC-USDT,TimeCondition.GTC,0.001
2837957847,4194834854,0,1783610713090079635,201,order_input,benchmark,mock,InstrumentType.Spot,11800374963033145938,OrderType.Limit,Direction.Long,65000.85,210863824,False,Side.Buy,,65000.85,1653898000,BTC-USDT,TimeCondition.GTC,0.001
2837957847,4194834854,0,1783610713090370791,201,order_input,benchmark,mock,InstrumentType.Spot,11800374963033145939,OrderType.Limit,Direction.Long,65001.06,210865360,False,Side.Sell,,65001.06,1653898000,BTC-USDT,TimeCondition.GTC,0.001
2837957847,4194834854,0,1783610713090666687,201,order_input,benchmark,mock,InstrumentType.Spot,11800374963033145940,OrderType.Limit,Direction.Long,65000.87,210978832,False,Side.Buy,,65000.87,1653898000,BTC-USDT,TimeCondition.GTC,0.001
2837957847,4194834854,0,1783610713090962213,201,order_input,benchmark,mock,InstrumentType.Spot,11800374963033145941,OrderType.Limit,Direction.Long,65001.08,210980256,False,Side.Sell,,65001.08,1653898000,BTC-USDT,TimeCondition.GTC,0.001
2837957847,4194834854,0,1783610713091266910,201,order_input,benchmark,mock,InstrumentType.Spot,11800374963033145942,OrderType.Limit,Direction.Long,65000.89,210981792,False,Side.Buy,,65000.89,1653898000,BTC-USDT,TimeCondition.GTC,0.001
2837957847,4194834854,0,1783610713091566332,201,order_input,benchmark,mock,InstrumentType.Spot,11800374963033145943,OrderType.Limit,Direction.Long,65000.1,210983328,False,Side.Sell,,65000.1,1653898000,BTC-USDT,TimeCondition.GTC,0.001
2837957847,4194834854,0,1783610713091862444,201,order_input,benchmark,mock,InstrumentType.Spot,11800374963033145944,OrderType.Limit,Direction.Long,64999.91,210984864,False,Side.Buy,,64999.91,1653898000,BTC-USDT,TimeCondition.GTC,0.001
2837957847,4194834854,0,1783610713092179554,201,order_input,benchmark,mock,InstrumentType.Spot,11800374963033145945,OrderType.Limit,Direction.Long,65000.119999999995,210986400,False,Side.Sell,,65000.119999999995,1653898000,BTC-USDT,TimeCondition.GTC,0.001
2837957847,4194834854,0,1783610713092466576,201,order_input,benchmark,mock,InstrumentType.Spot,11800374963033145946,OrderType.Limit,Direction.Long,64999.93,210987936,False,Side.Buy,,64999.93,1653898000,BTC-USDT,TimeCondition.GTC,0.001
2837957847,4194834854,0,1783610713092766570,201,order_input,benchmark,mock,InstrumentType.Spot,11800374963033145947,OrderType.Limit,Direction.Long,65000.14,210989472,False,Side.Sell,,65000.14,1653898000,BTC-USDT,TimeCondition.GTC,0.001
2837957847,4194834854,0,1783610713093080810,201,order_input,benchmark,mock,InstrumentType.Spot,11800374963033145948,OrderType.Limit,Direction.Long,64999.950000000004,210991008,False,Side.Buy,,64999.950000000004,1653898000,BTC-USDT,TimeCondition.GTC,0.001
2837957847,4194834854,0,1783610713093366290,201,order_input,benchmark,mock,InstrumentType.Spot,11800374963033145949,OrderType.Limit,Direction.Long,65000.159999999996,210992544,False,Side.Sell,,65000.159999999996,1653898000,BTC-USDT,TimeCondition.GTC,0.001
2837957847,4194834854,0,1783610713093667668,201,order_input,benchmark,mock,InstrumentType.Spot,11800374963033145950,OrderType.Limit,Direction.Long,64999.97,210994080,False,Side.Buy,,64999.97,1653898000,BTC-USDT,TimeCondition.GTC,0.001
2837957847,4194834854,0,1783610713093964059,201,order_input,benchmark,mock,InstrumentType.Spot,11800374963033145951,OrderType.Limit,Direction.Long,65000.18,210995616,False,Side.Sell,,65000.18,1653898000,BTC-USDT,TimeCondition.GTC,0.001
2837957847,4194834854,0,1783610713094271579,201,order_input,benchmark,mock,InstrumentType.Spot,11800374963033145952,OrderType.Limit,Direction.Long,64999.99,210997152,False,Side.Buy,,64999.99,1653898000,BTC-USDT,TimeCondition.GTC,0.001
2837957847,4194834854,0,1783610713094558892,201,order_input,benchmark,mock,InstrumentType.Spot,11800374963033145953,OrderType.Limit,Direction.Long,65000.2,210998688,False,Side.Sell,,65000.2,1653898000,BTC-USDT,TimeCondition.GTC,0.001
2837957847,4194834854,0,1783610713094957112,201,order_input,benchmark,mock,InstrumentType.Spot,11800374963033145954,OrderType.Limit,Direction.Long,65000.01,211000224,False,Side.Buy,,65000.01,1653898000,BTC-USDT,TimeCondition.GTC,0.001
2837957847,4194834854,0,1783610713095194805,201,order_input,benchmark,mock,InstrumentType.Spot,11800374963033145955,OrderType.Limit,Direction.Long,65000.22,211001760,False,Side.Sell,,65000.22,1653898000,BTC-USDT,TimeCondition.GTC,0.001
2837957847,4194834854,0,1783610713095458584,201,order_input,benchmark,mock,InstrumentType.Spot,11800374963033145956,OrderType.Limit,Direction.Long,65000.03,211003296,False,Side.Buy,,65000.03,1653898000,BTC-USDT,TimeCondition.GTC,0.001
2837957847,4194834854,0,1783610713095763281,201,order_input,benchmark,mock,InstrumentType.Spot,11800374963033145957,OrderType.Limit,Direction.Long,65000.24,211004832,False,Side.Sell,,65000.24,1653898000,BTC-USDT,TimeCondition.GTC,0.001
2837957847,4194834854,0,1783610713096086527,201,order_input,benchmark,mock,InstrumentType.Spot,11800374963033145958,OrderType.Limit,Direction.Long,65000.05,211006368,False,Side.Buy,,65000.05,1653898000,BTC-USDT,TimeCondition.GTC,0.001
2837957847,4194834854,0,1783610713096619016,201,order_input,benchmark,mock,InstrumentType.Spot,11800374963033145959,OrderType.Limit,Direction.Long,65000.26,211007904,False,Side.Sell,,65000.26,1653898000,BTC-USDT,TimeCondition.GTC,0.001
2837957847,4194834854,0,1783610713096922510,201,order_input,benchmark,mock,InstrumentType.Spot,11800374963033145960,OrderType.Limit,Direction.Long,65000.07,211009440,False,Side.Buy,,65000.07,1653898000,BTC-USDT,TimeCondition.GTC,0.001
2837957847,4194834854,0,1783610713097016928,201,order_input,benchmark,mock,InstrumentType.Spot,11800374963033145961,OrderType.Limit,Direction.Long,65000.28,211010944,False,Side.Sell,,65000.28,1653898000,BTC-USDT,TimeCondition.GTC,0.001
2837957847,4194834854,0,1783610713097199068,201,order_input,benchmark,mock,InstrumentType.Spot,11800374963033145962,OrderType.Limit,Direction.Long,65000.090000000004,211012512,False,Side.Buy,,65000.090000000004,1653898000,BTC-USDT,TimeCondition.GTC,0.001
2837957847,4194834854,0,1783610713097583586,201,order_input,benchmark,mock,InstrumentType.Spot,11800374963033145963,OrderType.Limit,Direction.Long,65000.299999999996,211014048,False,Side.Sell,,65000.299999999996,1653898000,BTC-USDT,TimeCondition.GTC,0.001
2837957847,4194834854,0,1783610713097900722,201,order_input,benchmark,mock,InstrumentType.Spot,11800374963033145964,OrderType.Limit,Direction.Long,65000.11,211015584,False,Side.Buy,,65000.11,1653898000,BTC-USDT,TimeCondition.GTC,0.001
2837957847,4194834854,0,1783610713098121426,201,order_input,benchmark,mock,InstrumentType.Spot,11800374963033145965,OrderType.Limit,Direction.Long,65000.32,211017120,False,Side.Sell,,65000.32,1653898000,BTC-USDT,TimeCondition.GTC,0.001
2837957847,4194834854,0,1783610713098482946,201,order_input,benchmark,mock,InstrumentType.Spot,11800374963033145966,OrderType.Limit,Direction.Long,65000.130000000005,211018656,False,Side.Buy,,65000.130000000005,1653898000,BTC-USDT,TimeCondition.GTC,0.001
2837957847,4194834854,0,1783610713098779385,201,order_input,benchmark,mock,InstrumentType.Spot,11800374963033145967,OrderType.Limit,Direction.Long,65000.34,211020192,False,Side.Sell,,65000.34,1653898000,BTC-USDT,TimeCondition.GTC,0.001
2837957847,4194834854,0,1783610713099068566,201,order_input,benchmark,mock,InstrumentType.Spot,11800374963033145968,OrderType.Limit,Direction.Long,65000.15,211021728,False,Side.Buy,,65000.15,1653898000,BTC-USDT,TimeCondition.GTC,0.001
2837957847,4194834854,0,1783610713099381184,201,order_input,benchmark,mock,InstrumentType.Spot,11800374963033145969,OrderType.Limit,Direction.Long,65000.36,211023264,False,Side.Sell,,65000.36,1653898000,BTC-USDT,TimeCondition.GTC,0.001
2837957847,4194834854,0,1783610713099674445,201,order_input,benchmark,mock,InstrumentType.Spot,11800374963033145970,OrderType.Limit,Direction.Long,65000.17,211024800,False,Side.Buy,,65000.17,1653898000,BTC-USDT,TimeCondition.GTC,0.001
2837957847,4194834854,0,1783610713099969966,201,order_input,benchmark,mock,InstrumentType.Spot,11800374963033145971,OrderType.Limit,Direction.Long,65000.38,211026336,False,Side.Sell,,65000.38,1653898000,BTC-USDT,TimeCondition.GTC,0.001
2837957847,4194834854,0,1783610713100273631,201,order_input,benchmark,mock,InstrumentType.Spot,11800374963033145972,OrderType.Limit,Direction.Long,65000.19,211027872,False,Side.Buy,,65000.19,1653898000,BTC-USDT,TimeCondition.GTC,0.001
2837957847,4194834854,0,1783610713100577418,201,order_input,benchmark,mock,InstrumentType.Spot,11800374963033145973,OrderType.Limit,Direction.Long,65000.4,211029408,False,Side.Sell,,65000.4,1653898000,BTC-USDT,TimeCondition.GTC,0.001
2837957847,4194834854,0,1783610713100872816,201,order_input,benchmark,mock,InstrumentType.Spot,11800374963033145974,OrderType.Limit,Direction.Long,65000.21,211030944,False,Side.Buy,,65000.21,1653898000,BTC-USDT,TimeCondition.GTC,0.001
2837957847,4194834854,0,1783610713101176072,201,order_input,benchmark,mock,InstrumentType.Spot,11800374963033145975,OrderType.Limit,Direction.Long,65000.42,211032480,False,Side.Sell,,65000.42,1653898000,BTC-USDT,TimeCondition.GTC,0.001
2837957847,4194834854,0,1783610713101471867,201,order_input,benchmark,mock,InstrumentType.Spot,11800374963033145976,OrderType.Limit,Direction.Long,65000.23,211034016,False,Side.Buy,,65000.23,1653898000,BTC-USDT,TimeCondition.GTC,0.001
2837957847,4194834854,0,1783610713101772113,201,order_input,benchmark,mock,InstrumentType.Spot,11800374963033145977,OrderType.Limit,Direction.Long,65000.439999999995,211035552,False,Side.Sell,,65000.439999999995,1653898000,BTC-USDT,TimeCondition.GTC,0.001
2837957847,4194834854,0,1783610713102085916,201,order_input,benchmark,mock,InstrumentType.Spot,11800374963033145978,OrderType.Limit,Direction.Long,65000.25,211037088,False,Side.Buy,,65000.25,1653898000,BTC-USDT,TimeCondition.GTC,0.001
2837957847,4194834854,0,1783610713102389661,201,order_input,benchmark,mock,InstrumentType.Spot,11800374963033145979,OrderType.Limit,Direction.Long,65000.46,211038624,False,Side.Sell,,65000.46,1653898000,BTC-USDT,TimeCondition.GTC,0.001
2837957847,4194834854,0,1783610713102623302,201,order_input,benchmark,mock,InstrumentType.Spot,11800374963033145980,OrderType.Limit,Direction.Long,65000.270000000004,211040160,False,Side.Buy,,65000.270000000004,1653898000,BTC-USDT,TimeCondition.GTC,0.001
2837957847,4194834854,0,1783610713102973047,201,order_input,benchmark,mock,InstrumentType.Spot,11800374963033145981,OrderType.Limit,Direction.Long,65000.479999999996,211041696,False,Side.Sell,,65000.479999999996,1653898000,BTC-USDT,TimeCondition.GTC,0.001
2837957847,4194834854,0,1783610713103276513,201,order_input,benchmark,mock,InstrumentType.Spot,11800374963033145982,OrderType.Limit,Direction.Long,65000.29,211043232,False,Side.Buy,,65000.29,1653898000,BTC-USDT,TimeCondition.GTC,0.001
2837957847,4194834854,0,1783610713103578569,201,order_input,benchmark,mock,InstrumentType.Spot,11800374963033145983,OrderType.Limit,Direction.Long,65000.5,211044768,False,Side.Sell,,65000.5,1653898000,BTC-USDT,TimeCondition.GTC,0.001
2837957847,4194834854,0,1783610713103868919,201,order_input,benchmark,mock,InstrumentType.Spot,11800374963033145984,OrderType.Limit,Direction.Long,65000.310000000005,211046304,False,Side.Buy,,65000.310000000005,1653898000,BTC-USDT,TimeCondition.GTC,0.001
2837957847,4194834854,0,1783610713104114074,201,order_input,benchmark,mock,InstrumentType.Spot,11800374963033145985,OrderType.Limit,Direction.Long,65000.52,211047840,False,Side.Sell,,65000.52,1653898000,BTC-USDT,TimeCondition.GTC,0.001
2837957847,4194834854,0,1783610713104433574,201,order_input,benchmark,mock,InstrumentType.Spot,11800374963033145986,OrderType.Limit,Direction.Long,65000.33,211049376,False,Side.Buy,,65000.33,1653898000,BTC-USDT,TimeCondition.GTC,0.001
2837957847,4194834854,0,1783610713104775929,201,order_input,benchmark,mock,InstrumentType.Spot,11800374963033145987,OrderType.Limit,Direction.Long,65000.54,211050912,False,Side.Sell,,65000.54,1653898000,BTC-USDT,TimeCondition.GTC,0.001
2837957847,4194834854,0,1783610713105351768,201,order_input,benchmark,mock,InstrumentType.Spot,11800374963033145988,OrderType.Limit,Direction.Long,65000.35,211052448,False,Side.Buy,,65000.35,1653898000,BTC-USDT,TimeCondition.GTC,0.001
2837957847,4194834854,0,1783610713105473475,201,order_input,benchmark,mock,InstrumentType.Spot,11800374963033145989,OrderType.Limit,Direction.Long,65000.56,211053952,False,Side.Sell,,65000.56,1653898000,BTC-USDT,TimeCondition.GTC,0.001
2837957847,4194834854,0,1783610713106088460,201,order_input,benchmark,mock,InstrumentType.Spot,11800374963033145990,OrderType.Limit,Direction.Long,65000.37,211055520,False,Side.Buy,,65000.37,1653898000,BTC-USDT,TimeCondition.GTC,0.001
2837957847,4194834854,0,1783610713106110843,201,order_input,benchmark,mock,InstrumentType.Spot,11800374963033145991,OrderType.Limit,Direction.Long,65000.58,211057024,False,Side.Sell,,65000.58,1653898000,BTC-USDT,TimeCondition.GTC,0.001
2837957847,4194834854,0,1783610713106195425,201,order_input,benchmark,mock,InstrumentType.Spot,11800374963033145992,OrderType.Limit,Direction.Long,65000.39,211058592,False,Side.Buy,,65000.39,1653898000,BTC-USDT,TimeCondition.GTC,0.001
2837957847,4194834854,0,1783610713106527099,201,order_input,benchmark,mock,InstrumentType.Spot,11800374963033145993,OrderType.Limit,Direction.Long,65000.6,211060128,False,Side.Sell,,65000.6,1653898000,BTC-USDT,TimeCondition.GTC,0.001
2837957847,4194834854,0,1783610713106879908,201,order_input,benchmark,mock,InstrumentType.Spot,11800374963033145994,OrderType.Limit,Direction.Long,65000.41,211061664,False,Side.Buy,,65000.41,1653898000,BTC-USDT,TimeCondition.GTC,0.001
2837957847,4194834854,0,1783610713107118608,201,order_input,benchmark,mock,InstrumentType.Spot,11800374963033145995,OrderType.Limit,Direction.Long,65000.619999999995,211063200,False,Side.Sell,,65000.619999999995,1653898000,BTC-USDT,TimeCondition.GTC,0.001
2837957847,4194834854,0,1783610713107476318,201,order_input,benchmark,mock,InstrumentType.Spot,11800374963033145996,OrderType.Limit,Direction.Long,65000.43,211064736,False,Side.Buy,,65000.43,1653898000,BTC-USDT,TimeCondition.GTC,0.001
2837957847,4194834854,0,1783610713107713506,201,order_input,benchmark,mock,InstrumentType.Spot,11800374963033145997,OrderType.Limit,Direction.Long,65000.64,211066272,False,Side.Sell,,65000.64,1653898000,BTC-USDT,TimeCondition.GTC,0.001
2837957847,4194834854,0,1783610713108084295,201,order_input,benchmark,mock,InstrumentType.Spot,11800374963033145998,OrderType.Limit,Direction.Long,65000.450000000004,211067808,False,Side.Buy,,65000.450000000004,1653898000,BTC-USDT,TimeCondition.GTC,0.001
2837957847,4194834854,0,1783610713108360896,201,order_input,benchmark,mock,InstrumentType.Spot,11800374963033145999,OrderType.Limit,Direction.Long,65000.659999999996,211069344,False,Side.Sell,,65000.659999999996,1653898000,BTC-USDT,TimeCondition.GTC,0.001
2837957847,4194834854,0,1783610713108668118,201,order_input,benchmark,mock,InstrumentType.Spot,11800374963033146000,OrderType.Limit,Direction.Long,65000.47,211070880,False,Side.Buy,,65000.47,1653898000,BTC-USDT,TimeCondition.GTC,0.001
2837957847,4194834854,0,1783610713108969270,201,order_input,benchmark,mock,InstrumentType.Spot,11800374963033146001,OrderType.Limit,Direction.Long,65000.68,211072416,False,Side.Sell,,65000.68,1653898000,BTC-USDT,TimeCondition.GTC,0.001
2837957847,4194834854,0,1783610713109300461,201,order_input,benchmark,mock,InstrumentType.Spot,11800374963033146002,OrderType.Limit,Direction.Long,65000.49,211073952,False,Side.Buy,,65000.49,1653898000,BTC-USDT,TimeCondition.GTC,0.001
2837957847,4194834854,0,1783610713109547042,201,order_input,benchmark,mock,InstrumentType.Spot,11800374963033146003,OrderType.Limit,Direction.Long,65000.7,211075488,False,Side.Sell,,65000.7,1653898000,BTC-USDT,TimeCondition.GTC,0.001
2837957847,4194834854,0,1783610713109865206,201,order_input,benchmark,mock,InstrumentType.Spot,11800374963033146004,OrderType.Limit,Direction.Long,65000.51,211077024,False,Side.Buy,,65000.51,1653898000,BTC-USDT,TimeCondition.GTC,0.001
2837957847,4194834854,0,1783610713110172505,201,order_input,benchmark,mock,InstrumentType.Spot,11800374963033146005,OrderType.Limit,Direction.Long,65000.72,211078560,False,Side.Sell,,65000.72,1653898000,BTC-USDT,TimeCondition.GTC,0.001
2837957847,4194834854,0,1783610713110465252,201,order_input,benchmark,mock,InstrumentType.Spot,11800374963033146006,OrderType.Limit,Direction.Long,65000.53,211080096,False,Side.Buy,,65000.53,1653898000,BTC-USDT,TimeCondition.GTC,0.001
2837957847,4194834854,0,1783610713110765827,201,order_input,benchmark,mock,InstrumentType.Spot,11800374963033146007,OrderType.Limit,Direction.Long,65000.74,211081632,False,Side.Sell,,65000.74,1653898000,BTC-USDT,TimeCondition.GTC,0.001
2837957847,4194834854,0,1783610713111080894,201,order_input,benchmark,mock,InstrumentType.Spot,11800374963033146008,OrderType.Limit,Direction.Long,65000.55,211083168,False,Side.Buy,,65000.55,1653898000,BTC-USDT,TimeCondition.GTC,0.001
2837957847,4194834854,0,1783610713111368296,201,order_input,benchmark,mock,InstrumentType.Spot,11800374963033146009,OrderType.Limit,Direction.Long,65000.76,211084704,False,Side.Sell,,65000.76,1653898000,BTC-USDT,TimeCondition.GTC,0.001
2837957847,4194834854,0,1783610713111667123,201,order_input,benchmark,mock,InstrumentType.Spot,11800374963033146010,OrderType.Limit,Direction.Long,65000.57,211086240,False,Side.Buy,,65000.57,1653898000,BTC-USDT,TimeCondition.GTC,0.001
2837957847,4194834854,0,1783610713111963460,201,order_input,benchmark,mock,InstrumentType.Spot,11800374963033146011,OrderType.Limit,Direction.Long,65000.78,211087776,False,Side.Sell,,65000.78,1653898000,BTC-USDT,TimeCondition.GTC,0.001
2837957847,4194834854,0,1783610713112278945,201,order_input,benchmark,mock,InstrumentType.Spot,11800374963033146012,OrderType.Limit,Direction.Long,65000.590000000004,211089312,False,Side.Buy,,65000.590000000004,1653898000,BTC-USDT,TimeCondition.GTC,0.001
2837957847,4194834854,0,1783610713112565388,201,order_input,benchmark,mock,InstrumentType.Spot,11800374963033146013,OrderType.Limit,Direction.Long,65000.799999999996,211090848,False,Side.Sell,,65000.799999999996,1653898000,BTC-USDT,TimeCondition.GTC,0.001
2837957847,4194834854,0,1783610713112866937,201,order_input,benchmark,mock,InstrumentType.Spot,11800374963033146014,OrderType.Limit,Direction.Long,65000.61,211092384,False,Side.Buy,,65000.61,1653898000,BTC-USDT,TimeCondition.GTC,0.001
2837957847,4194834854,0,1783610713113169817,201,order_input,benchmark,mock,InstrumentType.Spot,11800374963033146015,OrderType.Limit,Direction.Long,65000.82,211093920,False,Side.Sell,,65000.82,1653898000,BTC-USDT,TimeCondition.GTC,0.001
2837957847,4194834854,0,1783610713113464245,201,order_input,benchmark,mock,InstrumentType.Spot,11800374963033146016,OrderType.Limit,Direction.Long,65000.630000000005,211095456,False,Side.Buy,,65000.630000000005,1653898000,BTC-USDT,TimeCondition.GTC,0.001
2837957847,4194834854,0,1783610713113766588,201,order_input,benchmark,mock,InstrumentType.Spot,11800374963033146017,OrderType.Limit,Direction.Long,65000.84,210973472,False,Side.Sell,,65000.84,1653898000,BTC-USDT,TimeCondition.GTC,0.001
2837957847,4194834854,0,1783610713114082002,201,order_input,benchmark,mock,InstrumentType.Spot,11800374963033146018,OrderType.Limit,Direction.Long,65000.65,210975008,False,Side.Buy,,65000.65,1653898000,BTC-USDT,TimeCondition.GTC,0.001
2837957847,4194834854,0,1783610713114352689,201,order_input,benchmark,mock,InstrumentType.Spot,11800374963033146019,OrderType.Limit,Direction.Long,65000.86,210976544,False,Side.Sell,,65000.86,1653898000,BTC-USDT,TimeCondition.GTC,0.001
2837957847,4194834854,0,1783610713114623876,201,order_input,benchmark,mock,InstrumentType.Spot,11800374963033146020,OrderType.Limit,Direction.Long,65000.67,210978080,False,Side.Buy,,65000.67,1653898000,BTC-USDT,TimeCondition.GTC,0.001
2837957847,4194834854,0,1783610713115031604,201,order_input,benchmark,mock,InstrumentType.Spot,11800374963033146021,OrderType.Limit,Direction.Long,65000.88,211103840,False,Side.Sell,,65000.88,1653898000,BTC-USDT,TimeCondition.GTC,0.001
2837957847,4194834854,0,1783610713115253817,201,order_input,benchmark,mock,InstrumentType.Spot,11800374963033146022,OrderType.Limit,Direction.Long,65000.69,211105376,False,Side.Buy,,65000.69,1653898000,BTC-USDT,TimeCondition.GTC,0.001
2837957847,4194834854,0,1783610713115565786,201,order_input,benchmark,mock,InstrumentType.Spot,11800374963033146023,OrderType.Limit,Direction.Long,65000.9,211106912,False,Side.Sell,,65000.9,1653898000,BTC-USDT,TimeCondition.GTC,0.001
2837957847,4194834854,0,1783610713115866488,201,order_input,benchmark,mock,InstrumentType.Spot,11800374963033146024,OrderType.Limit,Direction.Long,65000.71,211108448,False,Side.Buy,,65000.71,1653898000,BTC-USDT,TimeCondition.GTC,0.001
2837957847,4194834854,0,1783610713116167104,201,order_input,benchmark,mock,InstrumentType.Spot,11800374963033146025,OrderType.Limit,Direction.Long,65000.92,211109984,False,Side.Sell,,65000.92,1653898000,BTC-USDT,TimeCondition.GTC,0.001
2837957847,4194834854,0,1783610713116484120,201,order_input,benchmark,mock,InstrumentType.Spot,11800374963033146026,OrderType.Limit,Direction.Long,65000.73,211111520,False,Side.Buy,,65000.73,1653898000,BTC-USDT,TimeCondition.GTC,0.001
2837957847,4194834854,0,1783610713116982820,201,order_input,benchmark,mock,InstrumentType.Spot,11800374963033146027,OrderType.Limit,Direction.Long,65000.939999999995,211113056,False,Side.Sell,,65000.939999999995,1653898000,BTC-USDT,TimeCondition.GTC,0.001
2837957847,4194834854,0,1783610713117037851,201,order_input,benchmark,mock,InstrumentType.Spot,11800374963033146028,OrderType.Limit,Direction.Long,65000.75,211114560,False,Side.Buy,,65000.75,1653898000,BTC-USDT,TimeCondition.GTC,0.001
2837957847,4194834854,0,1783610713117341154,201,order_input,benchmark,mock,InstrumentType.Spot,11800374963033146029,OrderType.Limit,Direction.Long,65000.96,211116128,False,Side.Sell,,65000.96,1653898000,BTC-USDT,TimeCondition.GTC,0.001
2837957847,4194834854,0,1783610713117674315,201,order_input,benchmark,mock,InstrumentType.Spot,11800374963033146030,OrderType.Limit,Direction.Long,65000.770000000004,211117664,False,Side.Buy,,65000.770000000004,1653898000,BTC-USDT,TimeCondition.GTC,0.001
2837957847,4194834854,0,1783610713117986103,201,order_input,benchmark,mock,InstrumentType.Spot,11800374963033146031,OrderType.Limit,Direction.Long,65000.979999999996,211119200,False,Side.Sell,,65000.979999999996,1653898000,BTC-USDT,TimeCondition.GTC,0.001
2837957847,4194834854,0,1783610713118270723,201,order_input,benchmark,mock,InstrumentType.Spot,11800374963033146032,OrderType.Limit,Direction.Long,65000.79,211120736,False,Side.Buy,,65000.79,1653898000,BTC-USDT,TimeCondition.GTC,0.001
2837957847,4194834854,0,1783610713118572217,201,order_input,benchmark,mock,InstrumentType.Spot,11800374963033146033,OrderType.Limit,Direction.Long,65001.0,211122272,False,Side.Sell,,65001.0,1653898000,BTC-USDT,TimeCondition.GTC,0.001
2837957847,4194834854,0,1783610713118872249,201,order_input,benchmark,mock,InstrumentType.Spot,11800374963033146034,OrderType.Limit,Direction.Long,65000.810000000005,211123808,False,Side.Buy,,65000.810000000005,1653898000,BTC-USDT,TimeCondition.GTC,0.001
2837957847,4194834854,0,1783610713119170916,201,order_input,benchmark,mock,InstrumentType.Spot,11800374963033146035,OrderType.Limit,Direction.Long,65001.02,211125344,False,Side.Sell,,65001.02,1653898000,BTC-USDT,TimeCondition.GTC,0.001
2837957847,4194834854,0,1783610713119472672,201,order_input,benchmark,mock,InstrumentType.Spot,11800374963033146036,OrderType.Limit,Direction.Long,65000.83,211126880,False,Side.Buy,,65000.83,1653898000,BTC-USDT,TimeCondition.GTC,0.001
2837957847,4194834854,0,1783610713119770688,201,order_input,benchmark,mock,InstrumentType.Spot,11800374963033146037,OrderType.Limit,Direction.Long,65001.04,211128416,False,Side.Sell,,65001.04,1653898000,BTC-USDT,TimeCondition.GTC,0.001
2837957847,4194834854,0,1783610713120084369,201,order_input,benchmark,mock,InstrumentType.Spot,11800374963033146038,OrderType.Limit,Direction.Long,65000.85,211129952,False,Side.Buy,,65000.85,1653898000,BTC-USDT,TimeCondition.GTC,0.001
2837957847,4194834854,0,1783610713120371986,201,order_input,benchmark,mock,InstrumentType.Spot,11800374963033146039,OrderType.Limit,Direction.Long,65001.06,211131488,False,Side.Sell,,65001.06,1653898000,BTC-USDT,TimeCondition.GTC,0.001
2837957847,4194834854,0,1783610713120679370,201,order_input,benchmark,mock,InstrumentType.Spot,11800374963033146040,OrderType.Limit,Direction.Long,65000.87,211133024,False,Side.Buy,,65000.87,1653898000,BTC-USDT,TimeCondition.GTC,0.001
2837957847,4194834854,0,1783610713120973482,201,order_input,benchmark,mock,InstrumentType.Spot,11800374963033146041,OrderType.Limit,Direction.Long,65001.08,211134560,False,Side.Sell,,65001.08,1653898000,BTC-USDT,TimeCondition.GTC,0.001
2837957847,4194834854,0,1783610713121272249,201,order_input,benchmark,mock,InstrumentType.Spot,11800374963033146042,OrderType.Limit,Direction.Long,65000.89,211136096,False,Side.Buy,,65000.89,1653898000,BTC-USDT,TimeCondition.GTC,0.001
2837957847,4194834854,0,1783610713121573477,201,order_input,benchmark,mock,InstrumentType.Spot,11800374963033146043,OrderType.Limit,Direction.Long,65000.1,211137632,False,Side.Sell,,65000.1,1653898000,BTC-USDT,TimeCondition.GTC,0.001
2837957847,4194834854,0,1783610713121872929,201,order_input,benchmark,mock,InstrumentType.Spot,11800374963033146044,OrderType.Limit,Direction.Long,64999.91,211139168,False,Side.Buy,,64999.91,1653898000,BTC-USDT,TimeCondition.GTC,0.001
2837957847,4194834854,0,1783610713122175748,201,order_input,benchmark,mock,InstrumentType.Spot,11800374963033146045,OrderType.Limit,Direction.Long,65000.119999999995,211140704,False,Side.Sell,,65000.119999999995,1653898000,BTC-USDT,TimeCondition.GTC,0.001
2837957847,4194834854,0,1783610713122471263,201,order_input,benchmark,mock,InstrumentType.Spot,11800374963033146046,OrderType.Limit,Direction.Long,64999.93,211142240,False,Side.Buy,,64999.93,1653898000,BTC-USDT,TimeCondition.GTC,0.001
2837957847,4194834854,0,1783610713122770918,201,order_input,benchmark,mock,InstrumentType.Spot,11800374963033146047,OrderType.Limit,Direction.Long,65000.14,211143776,False,Side.Sell,,65000.14,1653898000,BTC-USDT,TimeCondition.GTC,0.001
2837957847,4194834854,0,1783610713123090730,201,order_input,benchmark,mock,InstrumentType.Spot,11800374963033146048,OrderType.Limit,Direction.Long,64999.950000000004,211145312,False,Side.Buy,,64999.950000000004,1653898000,BTC-USDT,TimeCondition.GTC,0.001
2837957847,4194834854,0,1783610713123391792,201,order_input,benchmark,mock,InstrumentType.Spot,11800374963033146049,OrderType.Limit,Direction.Long,65000.159999999996,211146848,False,Side.Sell,,65000.159999999996,1653898000,BTC-USDT,TimeCondition.GTC,0.001
2837957847,4194834854,0,1783610713123628592,201,order_input,benchmark,mock,InstrumentType.Spot,11800374963033146050,OrderType.Limit,Direction.Long,64999.97,211148384,False,Side.Buy,,64999.97,1653898000,BTC-USDT,TimeCondition.GTC,0.001
2837957847,4194834854,0,1783610713123968690,201,order_input,benchmark,mock,InstrumentType.Spot,11800374963033146051,OrderType.Limit,Direction.Long,65000.18,211149920,False,Side.Sell,,65000.18,1653898000,BTC-USDT,TimeCondition.GTC,0.001
2837957847,4194834854,0,1783610713124274364,201,order_input,benchmark,mock,InstrumentType.Spot,11800374963033146052,OrderType.Limit,Direction.Long,64999.99,211151456,False,Side.Buy,,64999.99,1653898000,BTC-USDT,TimeCondition.GTC,0.001
2837957847,4194834854,0,1783610713124572639,201,order_input,benchmark,mock,InstrumentType.Spot,11800374963033146053,OrderType.Limit,Direction.Long,65000.2,211152992,False,Side.Sell,,65000.2,1653898000,BTC-USDT,TimeCondition.GTC,0.001
2837957847,4194834854,0,1783610713124869914,201,order_input,benchmark,mock,InstrumentType.Spot,11800374963033146054,OrderType.Limit,Direction.Long,65000.01,211154528,False,Side.Buy,,65000.01,1653898000,BTC-USDT,TimeCondition.GTC,0.001
2837957847,4194834854,0,1783610713125168883,201,order_input,benchmark,mock,InstrumentType.Spot,11800374963033146055,OrderType.Limit,Direction.Long,65000.22,211156064,False,Side.Sell,,65000.22,1653898000,BTC-USDT,TimeCondition.GTC,0.001
2837957847,4194834854,0,1783610713125472045,201,order_input,benchmark,mock,InstrumentType.Spot,11800374963033146056,OrderType.Limit,Direction.Long,65000.03,211157600,False,Side.Buy,,65000.03,1653898000,BTC-USDT,TimeCondition.GTC,0.001
2837957847,4194834854,0,1783610713125772497,201,order_input,benchmark,mock,InstrumentType.Spot,11800374963033146057,OrderType.Limit,Direction.Long,65000.24,211159136,False,Side.Sell,,65000.24,1653898000,BTC-USDT,TimeCondition.GTC,0.001
2837957847,4194834854,0,1783610713126082290,201,order_input,benchmark,mock,InstrumentType.Spot,11800374963033146058,OrderType.Limit,Direction.Long,65000.05,211160672,False,Side.Buy,,65000.05,1653898000,BTC-USDT,TimeCondition.GTC,0.001
2837957847,4194834854,0,1783610713126376407,201,order_input,benchmark,mock,InstrumentType.Spot,11800374963033146059,OrderType.Limit,Direction.Long,65000.26,211162208,False,Side.Sell,,65000.26,1653898000,BTC-USDT,TimeCondition.GTC,0.001
2837957847,4194834854,0,1783610713126671035,201,order_input,benchmark,mock,InstrumentType.Spot,11800374963033146060,OrderType.Limit,Direction.Long,65000.07,211163744,False,Side.Buy,,65000.07,1653898000,BTC-USDT,TimeCondition.GTC,0.001
2837957847,4194834854,0,1783610713126972008,201,order_input,benchmark,mock,InstrumentType.Spot,11800374963033146061,OrderType.Limit,Direction.Long,65000.28,211165280,False,Side.Sell,,65000.28,1653898000,BTC-USDT,TimeCondition.GTC,0.001
2837957847,4194834854,0,1783610713127273512,201,order_input,benchmark,mock,InstrumentType.Spot,11800374963033146062,OrderType.Limit,Direction.Long,65000.090000000004,211166816,False,Side.Buy,,65000.090000000004,1653898000,BTC-USDT,TimeCondition.GTC,0.001
2837957847,4194834854,0,1783610713127571186,201,order_input,benchmark,mock,InstrumentType.Spot,11800374963033146063,OrderType.Limit,Direction.Long,65000.299999999996,211168352,False,Side.Sell,,65000.299999999996,1653898000,BTC-USDT,TimeCondition.GTC,0.001
2837957847,4194834854,0,1783610713127903546,201,order_input,benchmark,mock,InstrumentType.Spot,11800374963033146064,OrderType.Limit,Direction.Long,65000.11,211169888,False,Side.Buy,,65000.11,1653898000,BTC-USDT,TimeCondition.GTC,0.001
2837957847,4194834854,0,1783610713128160545,201,order_input,benchmark,mock,InstrumentType.Spot,11800374963033146065,OrderType.Limit,Direction.Long,65000.32,211171424,False,Side.Sell,,65000.32,1653898000,BTC-USDT,TimeCondition.GTC,0.001
2837957847,4194834854,0,1783610713128515465,201,order_input,benchmark,mock,InstrumentType.Spot,11800374963033146066,OrderType.Limit,Direction.Long,65000.130000000005,211172960,False,Side.Buy,,65000.130000000005,1653898000,BTC-USDT,TimeCondition.GTC,0.001
2837957847,4194834854,0,1783610713128767009,201,order_input,benchmark,mock,InstrumentType.Spot,11800374963033146067,OrderType.Limit,Direction.Long,65000.34,211174496,False,Side.Sell,,65000.34,1653898000,BTC-USDT,TimeCondition.GTC,0.001
2837957847,4194834854,0,1783610713129085674,201,order_input,benchmark,mock,InstrumentType.Spot,11800374963033146068,OrderType.Limit,Direction.Long,65000.15,211176032,False,Side.Buy,,65000.15,1653898000,BTC-USDT,TimeCondition.GTC,0.001
2837957847,4194834854,0,1783610713129383918,201,order_input,benchmark,mock,InstrumentType.Spot,11800374963033146069,OrderType.Limit,Direction.Long,65000.36,211177568,False,Side.Sell,,65000.36,1653898000,BTC-USDT,TimeCondition.GTC,0.001
2837957847,4194834854,0,1783610713129805796,201,order_input,benchmark,mock,InstrumentType.Spot,11800374963033146070,OrderType.Limit,Direction.Long,65000.17,211179104,False,Side.Buy,,65000.17,1653898000,BTC-USDT,TimeCondition.GTC,0.001
2837957847,4194834854,0,1783610713130161288,201,order_input,benchmark,mock,InstrumentType.Spot,11800374963033146071,OrderType.Limit,Direction.Long,65000.38,211180640,False,Side.Sell,,65000.38,1653898000,BTC-USDT,TimeCondition.GTC,0.001
2837957847,4194834854,0,1783610713130231939,201,order_input,benchmark,mock,InstrumentType.Spot,11800374963033146072,OrderType.Limit,Direction.Long,65000.19,211182176,False,Side.Buy,,65000.19,1653898000,BTC-USDT,TimeCondition.GTC,0.001
2837957847,4194834854,0,1783610713130626252,201,order_input,benchmark,mock,InstrumentType.Spot,11800374963033146073,OrderType.Limit,Direction.Long,65000.4,211183712,False,Side.Sell,,65000.4,1653898000,BTC-USDT,TimeCondition.GTC,0.001
2837957847,4194834854,0,1783610713130859522,201,order_input,benchmark,mock,InstrumentType.Spot,11800374963033146074,OrderType.Limit,Direction.Long,65000.21,211185248,False,Side.Buy,,65000.21,1653898000,BTC-USDT,TimeCondition.GTC,0.001
2837957847,4194834854,0,1783610713131135379,201,order_input,benchmark,mock,InstrumentType.Spot,11800374963033146075,OrderType.Limit,Direction.Long,65000.42,211186784,False,Side.Sell,,65000.42,1653898000,BTC-USDT,TimeCondition.GTC,0.001
2837957847,4194834854,0,1783610713131401633,201,order_input,benchmark,mock,InstrumentType.Spot,11800374963033146076,OrderType.Limit,Direction.Long,65000.23,211188320,False,Side.Buy,,65000.23,1653898000,BTC-USDT,TimeCondition.GTC,0.001
2837957847,4194834854,0,1783610713131781675,201,order_input,benchmark,mock,InstrumentType.Spot,11800374963033146077,OrderType.Limit,Direction.Long,65000.439999999995,211189856,False,Side.Sell,,65000.439999999995,1653898000,BTC-USDT,TimeCondition.GTC,0.001
2837957847,4194834854,0,1783610713132044430,201,order_input,benchmark,mock,InstrumentType.Spot,11800374963033146078,OrderType.Limit,Direction.Long,65000.25,211191392,False,Side.Buy,,65000.25,1653898000,BTC-USDT,TimeCondition.GTC,0.001
2837957847,4194834854,0,1783610713132369760,201,order_input,benchmark,mock,InstrumentType.Spot,11800374963033146079,OrderType.Limit,Direction.Long,65000.46,211192928,False,Side.Sell,,65000.46,1653898000,BTC-USDT,TimeCondition.GTC,0.001
2837957847,4194834854,0,1783610713132669025,201,order_input,benchmark,mock,InstrumentType.Spot,11800374963033146080,OrderType.Limit,Direction.Long,65000.270000000004,211194464,False,Side.Buy,,65000.270000000004,1653898000,BTC-USDT,TimeCondition.GTC,0.001
2837957847,4194834854,0,1783610713132963300,201,order_input,benchmark,mock,InstrumentType.Spot,11800374963033146081,OrderType.Limit,Direction.Long,65000.479999999996,211196000,False,Side.Sell,,65000.479999999996,1653898000,BTC-USDT,TimeCondition.GTC,0.001
2837957847,4194834854,0,1783610713133267576,201,order_input,benchmark,mock,InstrumentType.Spot,11800374963033146082,OrderType.Limit,Direction.Long,65000.29,211197536,False,Side.Buy,,65000.29,1653898000,BTC-USDT,TimeCondition.GTC,0.001
2837957847,4194834854,0,1783610713133565782,201,order_input,benchmark,mock,InstrumentType.Spot,11800374963033146083,OrderType.Limit,Direction.Long,65000.5,211199072,False,Side.Sell,,65000.5,1653898000,BTC-USDT,TimeCondition.GTC,0.001
2837957847,4194834854,0,1783610713133862116,201,order_input,benchmark,mock,InstrumentType.Spot,11800374963033146084,OrderType.Limit,Direction.Long,65000.310000000005,211200608,False,Side.Buy,,65000.310000000005,1653898000,BTC-USDT,TimeCondition.GTC,0.001
2837957847,4194834854,0,1783610713134169248,201,order_input,benchmark,mock,InstrumentType.Spot,11800374963033146085,OrderType.Limit,Direction.Long,65000.52,211202144,False,Side.Sell,,65000.52,1653898000,BTC-USDT,TimeCondition.GTC,0.001
2837957847,4194834854,0,1783610713134466618,201,order_input,benchmark,mock,InstrumentType.Spot,11800374963033146086,OrderType.Limit,Direction.Long,65000.33,211203680,False,Side.Buy,,65000.33,1653898000,BTC-USDT,TimeCondition.GTC,0.001
2837957847,4194834854,0,1783610713134757391,201,order_input,benchmark,mock,InstrumentType.Spot,11800374963033146087,OrderType.Limit,Direction.Long,65000.54,211205216,False,Side.Sell,,65000.54,1653898000,BTC-USDT,TimeCondition.GTC,0.001
2837957847,4194834854,0,1783610713135057133,201,order_input,benchmark,mock,InstrumentType.Spot,11800374963033146088,OrderType.Limit,Direction.Long,65000.35,211206752,False,Side.Buy,,65000.35,1653898000,BTC-USDT,TimeCondition.GTC,0.001
2837957847,4194834854,0,1783610713135359951,201,order_input,benchmark,mock,InstrumentType.Spot,11800374963033146089,OrderType.Limit,Direction.Long,65000.56,211208288,False,Side.Sell,,65000.56,1653898000,BTC-USDT,TimeCondition.GTC,0.001
2837957847,4194834854,0,1783610713135660896,201,order_input,benchmark,mock,InstrumentType.Spot,11800374963033146090,OrderType.Limit,Direction.Long,65000.37,211209824,False,Side.Buy,,65000.37,1653898000,BTC-USDT,TimeCondition.GTC,0.001
2837957847,4194834854,0,1783610713135963928,201,order_input,benchmark,mock,InstrumentType.Spot,11800374963033146091,OrderType.Limit,Direction.Long,65000.58,211211360,False,Side.Sell,,65000.58,1653898000,BTC-USDT,TimeCondition.GTC,0.001
2837957847,4194834854,0,1783610713136259110,201,order_input,benchmark,mock,InstrumentType.Spot,11800374963033146092,OrderType.Limit,Direction.Long,65000.39,211212896,False,Side.Buy,,65000.39,1653898000,BTC-USDT,TimeCondition.GTC,0.001
2837957847,4194834854,0,1783610713136643926,201,order_input,benchmark,mock,InstrumentType.Spot,11800374963033146093,OrderType.Limit,Direction.Long,65000.6,211214432,False,Side.Sell,,65000.6,1653898000,BTC-USDT,TimeCondition.GTC,0.001
2837957847,4194834854,0,1783610713136852981,201,order_input,benchmark,mock,InstrumentType.Spot,11800374963033146094,OrderType.Limit,Direction.Long,65000.41,211215968,False,Side.Buy,,65000.41,1653898000,BTC-USDT,TimeCondition.GTC,0.001
2837957847,4194834854,0,1783610713137172333,201,order_input,benchmark,mock,InstrumentType.Spot,11800374963033146095,OrderType.Limit,Direction.Long,65000.619999999995,211217504,False,Side.Sell,,65000.619999999995,1653898000,BTC-USDT,TimeCondition.GTC,0.001
2837957847,4194834854,0,1783610713137572229,201,order_input,benchmark,mock,InstrumentType.Spot,11800374963033146096,OrderType.Limit,Direction.Long,65000.43,211219040,False,Side.Buy,,65000.43,1653898000,BTC-USDT,TimeCondition.GTC,0.001
2837957847,4194834854,0,1783610713137808362,201,order_input,benchmark,mock,InstrumentType.Spot,11800374963033146097,OrderType.Limit,Direction.Long,65000.64,211220576,False,Side.Sell,,65000.64,1653898000,BTC-USDT,TimeCondition.GTC,0.001
2837957847,4194834854,0,1783610713138041162,201,order_input,benchmark,mock,InstrumentType.Spot,11800374963033146098,OrderType.Limit,Direction.Long,65000.450000000004,211222112,False,Side.Buy,,65000.450000000004,1653898000,BTC-USDT,TimeCondition.GTC,0.001
2837957847,4194834854,0,1783610713138362866,201,order_input,benchmark,mock,InstrumentType.Spot,11800374963033146099,OrderType.Limit,Direction.Long,65000.659999999996,211223648,False,Side.Sell,,65000.659999999996,1653898000,BTC-USDT,TimeCondition.GTC,0.001
2837957847,4194834854,0,1783610713138658825,201,order_input,benchmark,mock,InstrumentType.Spot,11800374963033146100,OrderType.Limit,Direction.Long,65000.47,211225184,False,Side.Buy,,65000.47,1653898000,BTC-USDT,TimeCondition.GTC,0.001
2837957847,4194834854,0,1783610713139061546,201,order_input,benchmark,mock,InstrumentType.Spot,11800374963033146101,OrderType.Limit,Direction.Long,65000.68,211226720,False,Side.Sell,,65000.68,1653898000,BTC-USDT,TimeCondition.GTC,0.001
2837957847,4194834854,0,1783610713139217451,201,order_input,benchmark,mock,InstrumentType.Spot,11800374963033146102,OrderType.Limit,Direction.Long,65000.49,211228256,False,Side.Buy,,65000.49,1653898000,BTC-USDT,TimeCondition.GTC,0.001
2837957847,4194834854,0,1783610713139498371,201,order_input,benchmark,mock,InstrumentType.Spot,11800374963033146103,OrderType.Limit,Direction.Long,65000.7,211229792,False,Side.Sell,,65000.7,1653898000,BTC-USDT,TimeCondition.GTC,0.001
2837957847,4194834854,0,1783610713139860708,201,order_input,benchmark,mock,InstrumentType.Spot,11800374963033146104,OrderType.Limit,Direction.Long,65000.51,211231328,False,Side.Buy,,65000.51,1653898000,BTC-USDT,TimeCondition.GTC,0.001
2837957847,4194834854,0,1783610713140197329,201,order_input,benchmark,mock,InstrumentType.Spot,11800374963033146105,OrderType.Limit,Direction.Long,65000.72,211096992,False,Side.Sell,,65000.72,1653898000,BTC-USDT,TimeCondition.GTC,0.001
2837957847,4194834854,0,1783610713140454444,201,order_input,benchmark,mock,InstrumentType.Spot,11800374963033146106,OrderType.Limit,Direction.Long,65000.53,211098528,False,Side.Buy,,65000.53,1653898000,BTC-USDT,TimeCondition.GTC,0.001
2837957847,4194834854,0,1783610713140781146,201,order_input,benchmark,mock,InstrumentType.Spot,11800374963033146107,OrderType.Limit,Direction.Long,65000.74,211100064,False,Side.Sell,,65000.74,1653898000,BTC-USDT,TimeCondition.GTC,0.001
2837957847,4194834854,0,1783610713141071682,201,order_input,benchmark,mock,InstrumentType.Spot,11800374963033146108,OrderType.Limit,Direction.Long,65000.55,211101600,False,Side.Buy,,65000.55,1653898000,BTC-USDT,TimeCondition.GTC,0.001
2837957847,4194834854,0,1783610713141370851,201,order_input,benchmark,mock,InstrumentType.Spot,11800374963033146109,OrderType.Limit,Direction.Long,65000.76,211239808,False,Side.Sell,,65000.76,1653898000,BTC-USDT,TimeCondition.GTC,0.001
2837957847,4194834854,0,1783610713141671354,201,order_input,benchmark,mock,InstrumentType.Spot,11800374963033146110,OrderType.Limit,Direction.Long,65000.57,211241344,False,Side.Buy,,65000.57,1653898000,BTC-USDT,TimeCondition.GTC,0.001
2837957847,4194834854,0,1783610713142057026,201,order_input,benchmark,mock,InstrumentType.Spot,11800374963033146111,OrderType.Limit,Direction.Long,65000.78,211242880,False,Side.Sell,,65000.78,1653898000,BTC-USDT,TimeCondition.GTC,0.001
2837957847,4194834854,0,1783610713142279655,201,order_input,benchmark,mock,InstrumentType.Spot,11800374963033146112,OrderType.Limit,Direction.Long,65000.590000000004,211244416,False,Side.Buy,,65000.590000000004,1653898000,BTC-USDT,TimeCondition.GTC,0.001
2837957847,4194834854,0,1783610713142487862,201,order_input,benchmark,mock,InstrumentType.Spot,11800374963033146113,OrderType.Limit,Direction.Long,65000.799999999996,211245952,False,Side.Sell,,65000.799999999996,1653898000,BTC-USDT,TimeCondition.GTC,0.001
2837957847,4194834854,0,1783610713142876237,201,order_input,benchmark,mock,InstrumentType.Spot,11800374963033146114,OrderType.Limit,Direction.Long,65000.61,211247488,False,Side.Buy,,65000.61,1653898000,BTC-USDT,TimeCondition.GTC,0.001
2837957847,4194834854,0,1783610713143178937,201,order_input,benchmark,mock,InstrumentType.Spot,11800374963033146115,OrderType.Limit,Direction.Long,65000.82,211249024,False,Side.Sell,,65000.82,1653898000,BTC-USDT,TimeCondition.GTC,0.001
2837957847,4194834854,0,1783610713143473851,201,order_input,benchmark,mock,InstrumentType.Spot,11800374963033146116,OrderType.Limit,Direction.Long,65000.630000000005,211250560,False,Side.Buy,,65000.630000000005,1653898000,BTC-USDT,TimeCondition.GTC,0.001
2837957847,4194834854,0,1783610713143789234,201,order_input,benchmark,mock,InstrumentType.Spot,11800374963033146117,OrderType.Limit,Direction.Long,65000.84,211252096,False,Side.Sell,,65000.84,1653898000,BTC-USDT,TimeCondition.GTC,0.001
2837957847,4194834854,0,1783610713144092324,201,order_input,benchmark,mock,InstrumentType.Spot,11800374963033146118,OrderType.Limit,Direction.Long,65000.65,211253632,False,Side.Buy,,65000.65,1653898000,BTC-USDT,TimeCondition.GTC,0.001
2837957847,4194834854,0,1783610713144378747,201,order_input,benchmark,mock,InstrumentType.Spot,11800374963033146119,OrderType.Limit,Direction.Long,65000.86,211255168,False,Side.Sell,,65000.86,1653898000,BTC-USDT,TimeCondition.GTC,0.001
2837957847,4194834854,0,1783610713144703881,201,order_input,benchmark,mock,InstrumentType.Spot,11800374963033146120,OrderType.Limit,Direction.Long,65000.67,211256704,False,Side.Buy,,65000.67,1653898000,BTC-USDT,TimeCondition.GTC,0.001
2837957847,4194834854,0,1783610713144960805,201,order_input,benchmark,mock,InstrumentType.Spot,11800374963033146121,OrderType.Limit,Direction.Long,65000.88,211258240,False,Side.Sell,,65000.88,1653898000,BTC-USDT,TimeCondition.GTC,0.001
2837957847,4194834854,0,1783610713145305653,201,order_input,benchmark,mock,InstrumentType.Spot,11800374963033146122,OrderType.Limit,Direction.Long,65000.69,211259776,False,Side.Buy,,65000.69,1653898000,BTC-USDT,TimeCondition.GTC,0.001
2837957847,4194834854,0,1783610713145571889,201,order_input,benchmark,mock,InstrumentType.Spot,11800374963033146123,OrderType.Limit,Direction.Long,65000.9,211261312,False,Side.Sell,,65000.9,1653898000,BTC-USDT,TimeCondition.GTC,0.001
2837957847,4194834854,0,1783610713145875860,201,order_input,benchmark,mock,InstrumentType.Spot,11800374963033146124,OrderType.Limit,Direction.Long,65000.71,211262848,False,Side.Buy,,65000.71,1653898000,BTC-USDT,TimeCondition.GTC,0.001
2837957847,4194834854,0,1783610713146172480,201,order_input,benchmark,mock,InstrumentType.Spot,11800374963033146125,OrderType.Limit,Direction.Long,65000.92,211264384,False,Side.Sell,,65000.92,1653898000,BTC-USDT,TimeCondition.GTC,0.001
2837957847,4194834854,0,1783610713146478972,201,order_input,benchmark,mock,InstrumentType.Spot,11800374963033146126,OrderType.Limit,Direction.Long,65000.73,211265920,False,Side.Buy,,65000.73,1653898000,BTC-USDT,TimeCondition.GTC,0.001
2837957847,4194834854,0,1783610713146773895,201,order_input,benchmark,mock,InstrumentType.Spot,11800374963033146127,OrderType.Limit,Direction.Long,65000.939999999995,211267456,False,Side.Sell,,65000.939999999995,1653898000,BTC-USDT,TimeCondition.GTC,0.001
2837957847,4194834854,0,1783610713147088796,201,order_input,benchmark,mock,InstrumentType.Spot,11800374963033146128,OrderType.Limit,Direction.Long,65000.75,211268992,False,Side.Buy,,65000.75,1653898000,BTC-USDT,TimeCondition.GTC,0.001
2837957847,4194834854,0,1783610713147374291,201,order_input,benchmark,mock,InstrumentType.Spot,11800374963033146129,OrderType.Limit,Direction.Long,65000.96,211270528,False,Side.Sell,,65000.96,1653898000,BTC-USDT,TimeCondition.GTC,0.001
2837957847,4194834854,0,1783610713147674457,201,order_input,benchmark,mock,InstrumentType.Spot,11800374963033146130,OrderType.Limit,Direction.Long,65000.770000000004,211272064,False,Side.Buy,,65000.770000000004,1653898000,BTC-USDT,TimeCondition.GTC,0.001
2837957847,4194834854,0,1783610713147968020,201,order_input,benchmark,mock,InstrumentType.Spot,11800374963033146131,OrderType.Limit,Direction.Long,65000.979999999996,211273600,False,Side.Sell,,65000.979999999996,1653898000,BTC-USDT,TimeCondition.GTC,0.001
2837957847,4194834854,0,1783610713148269812,201,order_input,benchmark,mock,InstrumentType.Spot,11800374963033146132,OrderType.Limit,Direction.Long,65000.79,211275136,False,Side.Buy,,65000.79,1653898000,BTC-USDT,TimeCondition.GTC,0.001
2837957847,4194834854,0,1783610713148573512,201,order_input,benchmark,mock,InstrumentType.Spot,11800374963033146133,OrderType.Limit,Direction.Long,65001.0,211276672,False,Side.Sell,,65001.0,1653898000,BTC-USDT,TimeCondition.GTC,0.001
2837957847,4194834854,0,1783610713148873300,201,order_input,benchmark,mock,InstrumentType.Spot,11800374963033146134,OrderType.Limit,Direction.Long,65000.810000000005,211278208,False,Side.Buy,,65000.810000000005,1653898000,BTC-USDT,TimeCondition.GTC,0.001
2837957847,4194834854,0,1783610713149172574,201,order_input,benchmark,mock,InstrumentType.Spot,11800374963033146135,OrderType.Limit,Direction.Long,65001.02,211279744,False,Side.Sell,,65001.02,1653898000,BTC-USDT,TimeCondition.GTC,0.001
2837957847,4194834854,0,1783610713149484041,201,order_input,benchmark,mock,InstrumentType.Spot,11800374963033146136,OrderType.Limit,Direction.Long,65000.83,211281280,False,Side.Buy,,65000.83,1653898000,BTC-USDT,TimeCondition.GTC,0.001
2837957847,4194834854,0,1783610713149773032,201,order_input,benchmark,mock,InstrumentType.Spot,11800374963033146137,OrderType.Limit,Direction.Long,65001.04,211282816,False,Side.Sell,,65001.04,1653898000,BTC-USDT,TimeCondition.GTC,0.001
2837957847,4194834854,0,1783610713150179106,201,order_input,benchmark,mock,InstrumentType.Spot,11800374963033146138,OrderType.Limit,Direction.Long,65000.85,211284352,False,Side.Buy,,65000.85,1653898000,BTC-USDT,TimeCondition.GTC,0.001
2837957847,4194834854,0,1783610713150738275,201,order_input,benchmark,mock,InstrumentType.Spot,11800374963033146139,OrderType.Limit,Direction.Long,65001.06,211285888,False,Side.Sell,,65001.06,1653898000,BTC-USDT,TimeCondition.GTC,0.001
2837957847,4194834854,0,1783610713150772887,201,order_input,benchmark,mock,InstrumentType.Spot,11800374963033146140,OrderType.Limit,Direction.Long,65000.87,211287392,False,Side.Buy,,65000.87,1653898000,BTC-USDT,TimeCondition.GTC,0.001
2837957847,4194834854,0,1783610713150965300,201,order_input,benchmark,mock,InstrumentType.Spot,11800374963033146141,OrderType.Limit,Direction.Long,65001.08,211288960,False,Side.Sell,,65001.08,1653898000,BTC-USDT,TimeCondition.GTC,0.001
2837957847,4194834854,0,1783610713151198657,201,order_input,benchmark,mock,InstrumentType.Spot,11800374963033146142,OrderType.Limit,Direction.Long,65000.89,211290496,False,Side.Buy,,65000.89,1653898000,BTC-USDT,TimeCondition.GTC,0.001
2837957847,4194834854,0,1783610713151569189,201,order_input,benchmark,mock,InstrumentType.Spot,11800374963033146143,OrderType.Limit,Direction.Long,65000.1,211292032,False,Side.Sell,,65000.1,1653898000,BTC-USDT,TimeCondition.GTC,0.001
2837957847,4194834854,0,1783610713151885674,201,order_input,benchmark,mock,InstrumentType.Spot,11800374963033146144,OrderType.Limit,Direction.Long,64999.91,211293568,False,Side.Buy,,64999.91,1653898000,BTC-USDT,TimeCondition.GTC,0.001
2837957847,4194834854,0,1783610713152121030,201,order_input,benchmark,mock,InstrumentType.Spot,11800374963033146145,OrderType.Limit,Direction.Long,65000.119999999995,211295104,False,Side.Sell,,65000.119999999995,1653898000,BTC-USDT,TimeCondition.GTC,0.001
2837957847,4194834854,0,1783610713152470918,201,order_input,benchmark,mock,InstrumentType.Spot,11800374963033146146,OrderType.Limit,Direction.Long,64999.93,211296640,False,Side.Buy,,64999.93,1653898000,BTC-USDT,TimeCondition.GTC,0.001
2837957847,4194834854,0,1783610713152771480,201,order_input,benchmark,mock,InstrumentType.Spot,11800374963033146147,OrderType.Limit,Direction.Long,65000.14,211298176,False,Side.Sell,,65000.14,1653898000,BTC-USDT,TimeCondition.GTC,0.001
2837957847,4194834854,0,1783610713153087090,201,order_input,benchmark,mock,InstrumentType.Spot,11800374963033146148,OrderType.Limit,Direction.Long,64999.950000000004,211299712,False,Side.Buy,,64999.950000000004,1653898000,BTC-USDT,TimeCondition.GTC,0.001
2837957847,4194834854,0,1783610713153368471,201,order_input,benchmark,mock,InstrumentType.Spot,11800374963033146149,OrderType.Limit,Direction.Long,65000.159999999996,211301248,False,Side.Sell,,65000.159999999996,1653898000,BTC-USDT,TimeCondition.GTC,0.001
2837957847,4194834854,0,1783610713153673910,201,order_input,benchmark,mock,InstrumentType.Spot,11800374963033146150,OrderType.Limit,Direction.Long,64999.97,211302784,False,Side.Buy,,64999.97,1653898000,BTC-USDT,TimeCondition.GTC,0.001
2837957847,4194834854,0,1783610713153973932,201,order_input,benchmark,mock,InstrumentType.Spot,11800374963033146151,OrderType.Limit,Direction.Long,65000.18,211304320,False,Side.Sell,,65000.18,1653898000,BTC-USDT,TimeCondition.GTC,0.001
2837957847,4194834854,0,1783610713154315320,201,order_input,benchmark,mock,InstrumentType.Spot,11800374963033146152,OrderType.Limit,Direction.Long,64999.99,211305856,False,Side.Buy,,64999.99,1653898000,BTC-USDT,TimeCondition.GTC,0.001
2837957847,4194834854,0,1783610713154732400,201,order_input,benchmark,mock,InstrumentType.Spot,11800374963033146153,OrderType.Limit,Direction.Long,65000.2,211307392,False,Side.Sell,,65000.2,1653898000,BTC-USDT,TimeCondition.GTC,0.001
2837957847,4194834854,0,1783610713154794773,201,order_input,benchmark,mock,InstrumentType.Spot,11800374963033146154,OrderType.Limit,Direction.Long,65000.01,211308928,False,Side.Buy,,65000.01,1653898000,BTC-USDT,TimeCondition.GTC,0.001
2837957847,4194834854,0,1783610713155171709,201,order_input,benchmark,mock,InstrumentType.Spot,11800374963033146155,OrderType.Limit,Direction.Long,65000.22,211310464,False,Side.Sell,,65000.22,1653898000,BTC-USDT,TimeCondition.GTC,0.001
2837957847,4194834854,0,1783610713155401365,201,order_input,benchmark,mock,InstrumentType.Spot,11800374963033146156,OrderType.Limit,Direction.Long,65000.03,211312000,False,Side.Buy,,65000.03,1653898000,BTC-USDT,TimeCondition.GTC,0.001
2837957847,4194834854,0,1783610713156035435,201,order_input,benchmark,mock,InstrumentType.Spot,11800374963033146157,OrderType.Limit,Direction.Long,65000.24,211313536,False,Side.Sell,,65000.24,1653898000,BTC-USDT,TimeCondition.GTC,0.001
2837957847,4194834854,0,1783610713156062631,201,order_input,benchmark,mock,InstrumentType.Spot,11800374963033146158,OrderType.Limit,Direction.Long,65000.05,211315040,False,Side.Buy,,65000.05,1653898000,BTC-USDT,TimeCondition.GTC,0.001
2837957847,4194834854,0,1783610713156318510,201,order_input,benchmark,mock,InstrumentType.Spot,11800374963033146159,OrderType.Limit,Direction.Long,65000.26,211316608,False,Side.Sell,,65000.26,1653898000,BTC-USDT,TimeCondition.GTC,0.001
2837957847,4194834854,0,1783610713156668213,201,order_input,benchmark,mock,InstrumentType.Spot,11800374963033146160,OrderType.Limit,Direction.Long,65000.07,211318144,False,Side.Buy,,65000.07,1653898000,BTC-USDT,TimeCondition.GTC,0.001
2837957847,4194834854,0,1783610713156972918,201,order_input,benchmark,mock,InstrumentType.Spot,11800374963033146161,OrderType.Limit,Direction.Long,65000.28,211319680,False,Side.Sell,,65000.28,1653898000,BTC-USDT,TimeCondition.GTC,0.001
2837957847,4194834854,0,1783610713157268666,201,order_input,benchmark,mock,InstrumentType.Spot,11800374963033146162,OrderType.Limit,Direction.Long,65000.090000000004,211321216,False,Side.Buy,,65000.090000000004,1653898000,BTC-USDT,TimeCondition.GTC,0.001
2837957847,4194834854,0,1783610713157573174,201,order_input,benchmark,mock,InstrumentType.Spot,11800374963033146163,OrderType.Limit,Direction.Long,65000.299999999996,211322752,False,Side.Sell,,65000.299999999996,1653898000,BTC-USDT,TimeCondition.GTC,0.001
2837957847,4194834854,0,1783610713157794523,201,order_input,benchmark,mock,InstrumentType.Spot,11800374963033146164,OrderType.Limit,Direction.Long,65000.11,211324288,False,Side.Buy,,65000.11,1653898000,BTC-USDT,TimeCondition.GTC,0.001
2837957847,4194834854,0,1783610713158259023,201,order_input,benchmark,mock,InstrumentType.Spot,11800374963033146165,OrderType.Limit,Direction.Long,65000.32,211325824,False,Side.Sell,,65000.32,1653898000,BTC-USDT,TimeCondition.GTC,0.001
2837957847,4194834854,0,1783610713158504951,201,order_input,benchmark,mock,InstrumentType.Spot,11800374963033146166,OrderType.Limit,Direction.Long,65000.130000000005,211327360,False,Side.Buy,,65000.130000000005,1653898000,BTC-USDT,TimeCondition.GTC,0.001
2837957847,4194834854,0,1783610713158738156,201,order_input,benchmark,mock,InstrumentType.Spot,11800374963033146167,OrderType.Limit,Direction.Long,65000.34,211328896,False,Side.Sell,,65000.34,1653898000,BTC-USDT,TimeCondition.GTC,0.001
2837957847,4194834854,0,1783610713159214010,201,order_input,benchmark,mock,InstrumentType.Spot,11800374963033146168,OrderType.Limit,Direction.Long,65000.15,211330432,False,Side.Buy,,65000.15,1653898000,BTC-USDT,TimeCondition.GTC,0.001
2837957847,4194834854,0,1783610713159483292,201,order_input,benchmark,mock,InstrumentType.Spot,11800374963033146169,OrderType.Limit,Direction.Long,65000.36,211331968,False,Side.Sell,,65000.36,1653898000,BTC-USDT,TimeCondition.GTC,0.001
2837957847,4194834854,0,1783610713159629687,201,order_input,benchmark,mock,InstrumentType.Spot,11800374963033146170,OrderType.Limit,Direction.Long,65000.17,211333504,False,Side.Buy,,65000.17,1653898000,BTC-USDT,TimeCondition.GTC,0.001
2837957847,4194834854,0,1783610713159959137,201,order_input,benchmark,mock,InstrumentType.Spot,11800374963033146171,OrderType.Limit,Direction.Long,65000.38,211335040,False,Side.Sell,,65000.38,1653898000,BTC-USDT,TimeCondition.GTC,0.001
2837957847,4194834854,0,1783610713160260610,201,order_input,benchmark,mock,InstrumentType.Spot,11800374963033146172,OrderType.Limit,Direction.Long,65000.19,211336576,False,Side.Buy,,65000.19,1653898000,BTC-USDT,TimeCondition.GTC,0.001
2837957847,4194834854,0,1783610713160561251,201,order_input,benchmark,mock,InstrumentType.Spot,11800374963033146173,OrderType.Limit,Direction.Long,65000.4,211338112,False,Side.Sell,,65000.4,1653898000,BTC-USDT,TimeCondition.GTC,0.001
2837957847,4194834854,0,1783610713160872953,201,order_input,benchmark,mock,InstrumentType.Spot,11800374963033146174,OrderType.Limit,Direction.Long,65000.21,211339648,False,Side.Buy,,65000.21,1653898000,BTC-USDT,TimeCondition.GTC,0.001
2837957847,4194834854,0,1783610713161359588,201,order_input,benchmark,mock,InstrumentType.Spot,11800374963033146175,OrderType.Limit,Direction.Long,65000.42,211341184,False,Side.Sell,,65000.42,1653898000,BTC-USDT,TimeCondition.GTC,0.001
2837957847,4194834854,0,1783610713161460971,201,order_input,benchmark,mock,InstrumentType.Spot,11800374963033146176,OrderType.Limit,Direction.Long,65000.23,211342720,False,Side.Buy,,65000.23,1653898000,BTC-USDT,TimeCondition.GTC,0.001
2837957847,4194834854,0,1783610713161743663,201,order_input,benchmark,mock,InstrumentType.Spot,11800374963033146177,OrderType.Limit,Direction.Long,65000.439999999995,211344256,False,Side.Sell,,65000.439999999995,1653898000,BTC-USDT,TimeCondition.GTC,0.001
2837957847,4194834854,0,1783610713162073674,201,order_input,benchmark,mock,InstrumentType.Spot,11800374963033146178,OrderType.Limit,Direction.Long,65000.25,211345792,False,Side.Buy,,65000.25,1653898000,BTC-USDT,TimeCondition.GTC,0.001
2837957847,4194834854,0,1783610713162378495,201,order_input,benchmark,mock,InstrumentType.Spot,11800374963033146179,OrderType.Limit,Direction.Long,65000.46,211347328,False,Side.Sell,,65000.46,1653898000,BTC-USDT,TimeCondition.GTC,0.001
2837957847,4194834854,0,1783610713162615266,201,order_input,benchmark,mock,InstrumentType.Spot,11800374963033146180,OrderType.Limit,Direction.Long,65000.270000000004,211348864,False,Side.Buy,,65000.270000000004,1653898000,BTC-USDT,TimeCondition.GTC,0.001
2837957847,4194834854,0,1783610713163048979,201,order_input,benchmark,mock,InstrumentType.Spot,11800374963033146181,OrderType.Limit,Direction.Long,65000.479999999996,211350400,False,Side.Sell,,65000.479999999996,1653898000,BTC-USDT,TimeCondition.GTC,0.001
2837957847,4194834854,0,1783610713163190782,201,order_input,benchmark,mock,InstrumentType.Spot,11800374963033146182,OrderType.Limit,Direction.Long,65000.29,211351936,False,Side.Buy,,65000.29,1653898000,BTC-USDT,TimeCondition.GTC,0.001
2837957847,4194834854,0,1783610713163591243,201,order_input,benchmark,mock,InstrumentType.Spot,11800374963033146183,OrderType.Limit,Direction.Long,65000.5,211353472,False,Side.Sell,,65000.5,1653898000,BTC-USDT,TimeCondition.GTC,0.001
2837957847,4194834854,0,1783610713163827294,201,order_input,benchmark,mock,InstrumentType.Spot,11800374963033146184,OrderType.Limit,Direction.Long,65000.310000000005,211355008,False,Side.Buy,,65000.310000000005,1653898000,BTC-USDT,TimeCondition.GTC,0.001
2837957847,4194834854,0,1783610713164099195,201,order_input,benchmark,mock,InstrumentType.Spot,11800374963033146185,OrderType.Limit,Direction.Long,65000.52,211356544,False,Side.Sell,,65000.52,1653898000,BTC-USDT,TimeCondition.GTC,0.001
2837957847,4194834854,0,1783610713164478604,201,order_input,benchmark,mock,InstrumentType.Spot,11800374963033146186,OrderType.Limit,Direction.Long,65000.33,211358080,False,Side.Buy,,65000.33,1653898000,BTC-USDT,TimeCondition.GTC,0.001
2837957847,4194834854,0,1783610713164721564,201,order_input,benchmark,mock,InstrumentType.Spot,11800374963033146187,OrderType.Limit,Direction.Long,65000.54,211359616,False,Side.Sell,,65000.54,1653898000,BTC-USDT,TimeCondition.GTC,0.001
2837957847,4194834854,0,1783610713165027574,201,order_input,benchmark,mock,InstrumentType.Spot,11800374963033146188,OrderType.Limit,Direction.Long,65000.35,211361152,False,Side.Buy,,65000.35,1653898000,BTC-USDT,TimeCondition.GTC,0.001
2837957847,4194834854,0,1783610713165487535,201,order_input,benchmark,mock,InstrumentType.Spot,11800374963033146189,OrderType.Limit,Direction.Long,65000.56,211362688,False,Side.Sell,,65000.56,1653898000,BTC-USDT,TimeCondition.GTC,0.001
2837957847,4194834854,0,1783610713165613654,201,order_input,benchmark,mock,InstrumentType.Spot,11800374963033146190,OrderType.Limit,Direction.Long,65000.37,211364224,False,Side.Buy,,65000.37,1653898000,BTC-USDT,TimeCondition.GTC,0.001
2837957847,4194834854,0,1783610713166013878,201,order_input,benchmark,mock,InstrumentType.Spot,11800374963033146191,OrderType.Limit,Direction.Long,65000.58,211365760,False,Side.Sell,,65000.58,1653898000,BTC-USDT,TimeCondition.GTC,0.001
2837957847,4194834854,0,1783610713166201708,201,order_input,benchmark,mock,InstrumentType.Spot,11800374963033146192,OrderType.Limit,Direction.Long,65000.39,211367296,False,Side.Buy,,65000.39,1653898000,BTC-USDT,TimeCondition.GTC,0.001
2837957847,4194834854,0,1783610713166578945,201,order_input,benchmark,mock,InstrumentType.Spot,11800374963033146193,OrderType.Limit,Direction.Long,65000.6,211368832,False,Side.Sell,,65000.6,1653898000,BTC-USDT,TimeCondition.GTC,0.001
2837957847,4194834854,0,1783610713166867638,201,order_input,benchmark,mock,InstrumentType.Spot,11800374963033146194,OrderType.Limit,Direction.Long,65000.41,211370368,False,Side.Buy,,65000.41,1653898000,BTC-USDT,TimeCondition.GTC,0.001
2837957847,4194834854,0,1783610713167170699,201,order_input,benchmark,mock,InstrumentType.Spot,11800374963033146195,OrderType.Limit,Direction.Long,65000.619999999995,211371904,False,Side.Sell,,65000.619999999995,1653898000,BTC-USDT,TimeCondition.GTC,0.001
2837957847,4194834854,0,1783610713167462923,201,order_input,benchmark,mock,InstrumentType.Spot,11800374963033146196,OrderType.Limit,Direction.Long,65000.43,211373440,False,Side.Buy,,65000.43,1653898000,BTC-USDT,TimeCondition.GTC,0.001
2837957847,4194834854,0,1783610713167765775,201,order_input,benchmark,mock,InstrumentType.Spot,11800374963033146197,OrderType.Limit,Direction.Long,65000.64,211374976,False,Side.Sell,,65000.64,1653898000,BTC-USDT,TimeCondition.GTC,0.001
2837957847,4194834854,0,1783610713168078631,201,order_input,benchmark,mock,InstrumentType.Spot,11800374963033146198,OrderType.Limit,Direction.Long,65000.450000000004,211376512,False,Side.Buy,,65000.450000000004,1653898000,BTC-USDT,TimeCondition.GTC,0.001
2837957847,4194834854,0,1783610713168367795,201,order_input,benchmark,mock,InstrumentType.Spot,11800374963033146199,OrderType.Limit,Direction.Long,65000.659999999996,211378048,False,Side.Sell,,65000.659999999996,1653898000,BTC-USDT,TimeCondition.GTC,0.001
2837957847,4194834854,0,1783610713168617072,201,order_input,benchmark,mock,InstrumentType.Spot,11800374963033146200,OrderType.Limit,Direction.Long,65000.47,211379584,False,Side.Buy,,65000.47,1653898000,BTC-USDT,TimeCondition.GTC,0.001
2837957847,4194834854,0,1783610713169006862,201,order_input,benchmark,mock,InstrumentType.Spot,11800374963033146201,OrderType.Limit,Direction.Long,65000.68,211381120,False,Side.Sell,,65000.68,1653898000,BTC-USDT,TimeCondition.GTC,0.001
2837957847,4194834854,0,1783610713169421332,201,order_input,benchmark,mock,InstrumentType.Spot,11800374963033146202,OrderType.Limit,Direction.Long,65000.49,211382656,False,Side.Buy,,65000.49,1653898000,BTC-USDT,TimeCondition.GTC,0.001
2837957847,4194834854,0,1783610713169668639,201,order_input,benchmark,mock,InstrumentType.Spot,11800374963033146203,OrderType.Limit,Direction.Long,65000.7,211384192,False,Side.Sell,,65000.7,1653898000,BTC-USDT,TimeCondition.GTC,0.001
2837957847,4194834854,0,1783610713169826496,201,order_input,benchmark,mock,InstrumentType.Spot,11800374963033146204,OrderType.Limit,Direction.Long,65000.51,211385728,False,Side.Buy,,65000.51,1653898000,BTC-USDT,TimeCondition.GTC,0.001
2837957847,4194834854,0,1783610713170172433,201,order_input,benchmark,mock,InstrumentType.Spot,11800374963033146205,OrderType.Limit,Direction.Long,65000.72,211232864,False,Side.Sell,,65000.72,1653898000,BTC-USDT,TimeCondition.GTC,0.001
2837957847,4194834854,0,1783610713170470060,201,order_input,benchmark,mock,InstrumentType.Spot,11800374963033146206,OrderType.Limit,Direction.Long,65000.53,211234400,False,Side.Buy,,65000.53,1653898000,BTC-USDT,TimeCondition.GTC,0.001
2837957847,4194834854,0,1783610713170764974,201,order_input,benchmark,mock,InstrumentType.Spot,11800374963033146207,OrderType.Limit,Direction.Long,65000.74,211235936,False,Side.Sell,,65000.74,1653898000,BTC-USDT,TimeCondition.GTC,0.001
2837957847,4194834854,0,1783610713171070872,201,order_input,benchmark,mock,InstrumentType.Spot,11800374963033146208,OrderType.Limit,Direction.Long,65000.55,211237472,False,Side.Buy,,65000.55,1653898000,BTC-USDT,TimeCondition.GTC,0.001
2837957847,4194834854,0,1783610713171366190,201,order_input,benchmark,mock,InstrumentType.Spot,11800374963033146209,OrderType.Limit,Direction.Long,65000.76,211239008,False,Side.Sell,,65000.76,1653898000,BTC-USDT,TimeCondition.GTC,0.001
2837957847,4194834854,0,1783610713171663819,201,order_input,benchmark,mock,InstrumentType.Spot,11800374963033146210,OrderType.Limit,Direction.Long,65000.57,211395840,False,Side.Buy,,65000.57,1653898000,BTC-USDT,TimeCondition.GTC,0.001
2837957847,4194834854,0,1783610713171964514,201,order_input,benchmark,mock,InstrumentType.Spot,11800374963033146211,OrderType.Limit,Direction.Long,65000.78,211397376,False,Side.Sell,,65000.78,1653898000,BTC-USDT,TimeCondition.GTC,0.001
2837957847,4194834854,0,1783610713172379145,201,order_input,benchmark,mock,InstrumentType.Spot,11800374963033146212,OrderType.Limit,Direction.Long,65000.590000000004,211398912,False,Side.Buy,,65000.590000000004,1653898000,BTC-USDT,TimeCondition.GTC,0.001
2837957847,4194834854,0,1783610713172697500,201,order_input,benchmark,mock,InstrumentType.Spot,11800374963033146213,OrderType.Limit,Direction.Long,65000.799999999996,211400448,False,Side.Sell,,65000.799999999996,1653898000,BTC-USDT,TimeCondition.GTC,0.001
2837957847,4194834854,0,1783610713172845989,201,order_input,benchmark,mock,InstrumentType.Spot,11800374963033146214,OrderType.Limit,Direction.Long,65000.61,211401984,False,Side.Buy,,65000.61,1653898000,BTC-USDT,TimeCondition.GTC,0.001
2837957847,4194834854,0,1783610713173201592,201,order_input,benchmark,mock,InstrumentType.Spot,11800374963033146215,OrderType.Limit,Direction.Long,65000.82,211403520,False,Side.Sell,,65000.82,1653898000,BTC-USDT,TimeCondition.GTC,0.001
2837957847,4194834854,0,1783610713173535794,201,order_input,benchmark,mock,InstrumentType.Spot,11800374963033146216,OrderType.Limit,Direction.Long,65000.630000000005,211405056,False,Side.Buy,,65000.630000000005,1653898000,BTC-USDT,TimeCondition.GTC,0.001
2837957847,4194834854,0,1783610713173749752,201,order_input,benchmark,mock,InstrumentType.Spot,11800374963033146217,OrderType.Limit,Direction.Long,65000.84,211406592,False,Side.Sell,,65000.84,1653898000,BTC-USDT,TimeCondition.GTC,0.001
2837957847,4194834854,0,1783610713174088075,201,order_input,benchmark,mock,InstrumentType.Spot,11800374963033146218,OrderType.Limit,Direction.Long,65000.65,211408128,False,Side.Buy,,65000.65,1653898000,BTC-USDT,TimeCondition.GTC,0.001
2837957847,4194834854,0,1783610713174367049,201,order_input,benchmark,mock,InstrumentType.Spot,11800374963033146219,OrderType.Limit,Direction.Long,65000.86,211409664,False,Side.Sell,,65000.86,1653898000,BTC-USDT,TimeCondition.GTC,0.001
2837957847,4194834854,0,1783610713174671384,201,order_input,benchmark,mock,InstrumentType.Spot,11800374963033146220,OrderType.Limit,Direction.Long,65000.67,211411200,False,Side.Buy,,65000.67,1653898000,BTC-USDT,TimeCondition.GTC,0.001
2837957847,4194834854,0,1783610713174971998,201,order_input,benchmark,mock,InstrumentType.Spot,11800374963033146221,OrderType.Limit,Direction.Long,65000.88,211412736,False,Side.Sell,,65000.88,1653898000,BTC-USDT,TimeCondition.GTC,0.001
2837957847,4194834854,0,1783610713175291478,201,order_input,benchmark,mock,InstrumentType.Spot,11800374963033146222,OrderType.Limit,Direction.Long,65000.69,211414272,False,Side.Buy,,65000.69,1653898000,BTC-USDT,TimeCondition.GTC,0.001
2837957847,4194834854,0,1783610713175618147,201,order_input,benchmark,mock,InstrumentType.Spot,11800374963033146223,OrderType.Limit,Direction.Long,65000.9,211415808,False,Side.Sell,,65000.9,1653898000,BTC-USDT,TimeCondition.GTC,0.001
2837957847,4194834854,0,1783610713175882603,201,order_input,benchmark,mock,InstrumentType.Spot,11800374963033146224,OrderType.Limit,Direction.Long,65000.71,211417344,False,Side.Buy,,65000.71,1653898000,BTC-USDT,TimeCondition.GTC,0.001
2837957847,4194834854,0,1783610713176211724,201,order_input,benchmark,mock,InstrumentType.Spot,11800374963033146225,OrderType.Limit,Direction.Long,65000.92,211418880,False,Side.Sell,,65000.92,1653898000,BTC-USDT,TimeCondition.GTC,0.001
2837957847,4194834854,0,1783610713176648096,201,order_input,benchmark,mock,InstrumentType.Spot,11800374963033146226,OrderType.Limit,Direction.Long,65000.73,211420416,False,Side.Buy,,65000.73,1653898000,BTC-USDT,TimeCondition.GTC,0.001
2837957847,4194834854,0,1783610713176703503,201,order_input,benchmark,mock,InstrumentType.Spot,11800374963033146227,OrderType.Limit,Direction.Long,65000.939999999995,211421952,False,Side.Sell,,65000.939999999995,1653898000,BTC-USDT,TimeCondition.GTC,0.001
2837957847,4194834854,0,1783610713177060822,201,order_input,benchmark,mock,InstrumentType.Spot,11800374963033146228,OrderType.Limit,Direction.Long,65000.75,211423488,False,Side.Buy,,65000.75,1653898000,BTC-USDT,TimeCondition.GTC,0.001
2837957847,4194834854,0,1783610713177317848,201,order_input,benchmark,mock,InstrumentType.Spot,11800374963033146229,OrderType.Limit,Direction.Long,65000.96,211425024,False,Side.Sell,,65000.96,1653898000,BTC-USDT,TimeCondition.GTC,0.001
2837957847,4194834854,0,1783610713177610963,201,order_input,benchmark,mock,InstrumentType.Spot,11800374963033146230,OrderType.Limit,Direction.Long,65000.770000000004,211426560,False,Side.Buy,,65000.770000000004,1653898000,BTC-USDT,TimeCondition.GTC,0.001
2837957847,4194834854,0,1783610713178087502,201,order_input,benchmark,mock,InstrumentType.Spot,11800374963033146231,OrderType.Limit,Direction.Long,65000.979999999996,211428096,False,Side.Sell,,65000.979999999996,1653898000,BTC-USDT,TimeCondition.GTC,0.001
2837957847,4194834854,0,1783610713178213443,201,order_input,benchmark,mock,InstrumentType.Spot,11800374963033146232,OrderType.Limit,Direction.Long,65000.79,211429632,False,Side.Buy,,65000.79,1653898000,BTC-USDT,TimeCondition.GTC,0.001
2837957847,4194834854,0,1783610713178570749,201,order_input,benchmark,mock,InstrumentType.Spot,11800374963033146233,OrderType.Limit,Direction.Long,65001.0,211431168,False,Side.Sell,,65001.0,1653898000,BTC-USDT,TimeCondition.GTC,0.001
2837957847,4194834854,0,1783610713178868663,201,order_input,benchmark,mock,InstrumentType.Spot,11800374963033146234,OrderType.Limit,Direction.Long,65000.810000000005,211432704,False,Side.Buy,,65000.810000000005,1653898000,BTC-USDT,TimeCondition.GTC,0.001
2837957847,4194834854,0,1783610713179170429,201,order_input,benchmark,mock,InstrumentType.Spot,11800374963033146235,OrderType.Limit,Direction.Long,65001.02,211434240,False,Side.Sell,,65001.02,1653898000,BTC-USDT,TimeCondition.GTC,0.001
2837957847,4194834854,0,1783610713179476155,201,order_input,benchmark,mock,InstrumentType.Spot,11800374963033146236,OrderType.Limit,Direction.Long,65000.83,211435776,False,Side.Buy,,65000.83,1653898000,BTC-USDT,TimeCondition.GTC,0.001
2837957847,4194834854,0,1783610713179769609,201,order_input,benchmark,mock,InstrumentType.Spot,11800374963033146237,OrderType.Limit,Direction.Long,65001.04,211437312,False,Side.Sell,,65001.04,1653898000,BTC-USDT,TimeCondition.GTC,0.001
2837957847,4194834854,0,1783610713180109678,201,order_input,benchmark,mock,InstrumentType.Spot,11800374963033146238,OrderType.Limit,Direction.Long,65000.85,211438848,False,Side.Buy,,65000.85,1653898000,BTC-USDT,TimeCondition.GTC,0.001
2837957847,4194834854,0,1783610713180365170,201,order_input,benchmark,mock,InstrumentType.Spot,11800374963033146239,OrderType.Limit,Direction.Long,65001.06,211440384,False,Side.Sell,,65001.06,1653898000,BTC-USDT,TimeCondition.GTC,0.001
2837957847,4194834854,0,1783610713180601033,201,order_input,benchmark,mock,InstrumentType.Spot,11800374963033146240,OrderType.Limit,Direction.Long,65000.87,211441920,False,Side.Buy,,65000.87,1653898000,BTC-USDT,TimeCondition.GTC,0.001
2837957847,4194834854,0,1783610713180991703,201,order_input,benchmark,mock,InstrumentType.Spot,11800374963033146241,OrderType.Limit,Direction.Long,65001.08,211443456,False,Side.Sell,,65001.08,1653898000,BTC-USDT,TimeCondition.GTC,0.001
2837957847,4194834854,0,1783610713181197213,201,order_input,benchmark,mock,InstrumentType.Spot,11800374963033146242,OrderType.Limit,Direction.Long,65000.89,211444992,False,Side.Buy,,65000.89,1653898000,BTC-USDT,TimeCondition.GTC,0.001
2837957847,4194834854,0,1783610713181568179,201,order_input,benchmark,mock,InstrumentType.Spot,11800374963033146243,OrderType.Limit,Direction.Long,65000.1,211446528,False,Side.Sell,,65000.1,1653898000,BTC-USDT,TimeCondition.GTC,0.001
2837957847,4194834854,0,1783610713181867446,201,order_input,benchmark,mock,InstrumentType.Spot,11800374963033146244,OrderType.Limit,Direction.Long,64999.91,211448064,False,Side.Buy,,64999.91,1653898000,BTC-USDT,TimeCondition.GTC,0.001
2837957847,4194834854,0,1783610713182168420,201,order_input,benchmark,mock,InstrumentType.Spot,11800374963033146245,OrderType.Limit,Direction.Long,65000.119999999995,211449600,False,Side.Sell,,65000.119999999995,1653898000,BTC-USDT,TimeCondition.GTC,0.001
2837957847,4194834854,0,1783610713182466462,201,order_input,benchmark,mock,InstrumentType.Spot,11800374963033146246,OrderType.Limit,Direction.Long,64999.93,211451136,False,Side.Buy,,64999.93,1653898000,BTC-USDT,TimeCondition.GTC,0.001
2837957847,4194834854,0,1783610713182766491,201,order_input,benchmark,mock,InstrumentType.Spot,11800374963033146247,OrderType.Limit,Direction.Long,65000.14,211452672,False,Side.Sell,,65000.14,1653898000,BTC-USDT,TimeCondition.GTC,0.001
2837957847,4194834854,0,1783610713183078720,201,order_input,benchmark,mock,InstrumentType.Spot,11800374963033146248,OrderType.Limit,Direction.Long,64999.950000000004,211454208,False,Side.Buy,,64999.950000000004,1653898000,BTC-USDT,TimeCondition.GTC,0.001
2837957847,4194834854,0,1783610713183454354,201,order_input,benchmark,mock,InstrumentType.Spot,11800374963033146249,OrderType.Limit,Direction.Long,65000.159999999996,211455744,False,Side.Sell,,65000.159999999996,1653898000,BTC-USDT,TimeCondition.GTC,0.001
2837957847,4194834854,0,1783610713183735552,201,order_input,benchmark,mock,InstrumentType.Spot,11800374963033146250,OrderType.Limit,Direction.Long,64999.97,211457280,False,Side.Buy,,64999.97,1653898000,BTC-USDT,TimeCondition.GTC,0.001
2837957847,4194834854,0,1783610713183980465,201,order_input,benchmark,mock,InstrumentType.Spot,11800374963033146251,OrderType.Limit,Direction.Long,65000.18,211458816,False,Side.Sell,,65000.18,1653898000,BTC-USDT,TimeCondition.GTC,0.001
2837957847,4194834854,0,1783610713184276448,201,order_input,benchmark,mock,InstrumentType.Spot,11800374963033146252,OrderType.Limit,Direction.Long,64999.99,211460352,False,Side.Buy,,64999.99,1653898000,BTC-USDT,TimeCondition.GTC,0.001
2837957847,4194834854,0,1783610713184572916,201,order_input,benchmark,mock,InstrumentType.Spot,11800374963033146253,OrderType.Limit,Direction.Long,65000.2,211461888,False,Side.Sell,,65000.2,1653898000,BTC-USDT,TimeCondition.GTC,0.001
2837957847,4194834854,0,1783610713184867479,201,order_input,benchmark,mock,InstrumentType.Spot,11800374963033146254,OrderType.Limit,Direction.Long,65000.01,211463424,False,Side.Buy,,65000.01,1653898000,BTC-USDT,TimeCondition.GTC,0.001
2837957847,4194834854,0,1783610713185174322,201,order_input,benchmark,mock,InstrumentType.Spot,11800374963033146255,OrderType.Limit,Direction.Long,65000.22,211464960,False,Side.Sell,,65000.22,1653898000,BTC-USDT,TimeCondition.GTC,0.001
2837957847,4194834854,0,1783610713185479399,201,order_input,benchmark,mock,InstrumentType.Spot,11800374963033146256,OrderType.Limit,Direction.Long,65000.03,211466496,False,Side.Buy,,65000.03,1653898000,BTC-USDT,TimeCondition.GTC,0.001
2837957847,4194834854,0,1783610713185731596,201,order_input,benchmark,mock,InstrumentType.Spot,11800374963033146257,OrderType.Limit,Direction.Long,65000.24,211468032,False,Side.Sell,,65000.24,1653898000,BTC-USDT,TimeCondition.GTC,0.001
2837957847,4194834854,0,1783610713186067728,201,order_input,benchmark,mock,InstrumentType.Spot,11800374963033146258,OrderType.Limit,Direction.Long,65000.05,211469568,False,Side.Buy,,65000.05,1653898000,BTC-USDT,TimeCondition.GTC,0.001
2837957847,4194834854,0,1783610713186375542,201,order_input,benchmark,mock,InstrumentType.Spot,11800374963033146259,OrderType.Limit,Direction.Long,65000.26,211471104,False,Side.Sell,,65000.26,1653898000,BTC-USDT,TimeCondition.GTC,0.001
2837957847,4194834854,0,1783610713186762282,201,order_input,benchmark,mock,InstrumentType.Spot,11800374963033146260,OrderType.Limit,Direction.Long,65000.07,211472640,False,Side.Buy,,65000.07,1653898000,BTC-USDT,TimeCondition.GTC,0.001
2837957847,4194834854,0,1783610713186972942,201,order_input,benchmark,mock,InstrumentType.Spot,11800374963033146261,OrderType.Limit,Direction.Long,65000.28,211474176,False,Side.Sell,,65000.28,1653898000,BTC-USDT,TimeCondition.GTC,0.001
2837957847,4194834854,0,1783610713187274256,201,order_input,benchmark,mock,InstrumentType.Spot,11800374963033146262,OrderType.Limit,Direction.Long,65000.090000000004,211475712,False,Side.Buy,,65000.090000000004,1653898000,BTC-USDT,TimeCondition.GTC,0.001
2837957847,4194834854,0,1783610713187570074,201,order_input,benchmark,mock,InstrumentType.Spot,11800374963033146263,OrderType.Limit,Direction.Long,65000.299999999996,211477248,False,Side.Sell,,65000.299999999996,1653898000,BTC-USDT,TimeCondition.GTC,0.001
2837957847,4194834854,0,1783610713187869820,201,order_input,benchmark,mock,InstrumentType.Spot,11800374963033146264,OrderType.Limit,Direction.Long,65000.11,211478784,False,Side.Buy,,65000.11,1653898000,BTC-USDT,TimeCondition.GTC,0.001
2837957847,4194834854,0,1783610713188173405,201,order_input,benchmark,mock,InstrumentType.Spot,11800374963033146265,OrderType.Limit,Direction.Long,65000.32,211480320,False,Side.Sell,,65000.32,1653898000,BTC-USDT,TimeCondition.GTC,0.001
2837957847,4194834854,0,1783610713188473055,201,order_input,benchmark,mock,InstrumentType.Spot,11800374963033146266,OrderType.Limit,Direction.Long,65000.130000000005,211481856,False,Side.Buy,,65000.130000000005,1653898000,BTC-USDT,TimeCondition.GTC,0.001
2837957847,4194834854,0,1783610713188884641,201,order_input,benchmark,mock,InstrumentType.Spot,11800374963033146267,OrderType.Limit,Direction.Long,65000.34,211483392,False,Side.Sell,,65000.34,1653898000,BTC-USDT,TimeCondition.GTC,0.001
2837957847,4194834854,0,1783610713189022692,201,order_input,benchmark,mock,InstrumentType.Spot,11800374963033146268,OrderType.Limit,Direction.Long,65000.15,211484928,False,Side.Buy,,65000.15,1653898000,BTC-USDT,TimeCondition.GTC,0.001
2837957847,4194834854,0,1783610713189428834,201,order_input,benchmark,mock,InstrumentType.Spot,11800374963033146269,OrderType.Limit,Direction.Long,65000.36,211486464,False,Side.Sell,,65000.36,1653898000,BTC-USDT,TimeCondition.GTC,0.001
2837957847,4194834854,0,1783610713189816554,201,order_input,benchmark,mock,InstrumentType.Spot,11800374963033146270,OrderType.Limit,Direction.Long,65000.17,211488000,False,Side.Buy,,65000.17,1653898000,BTC-USDT,TimeCondition.GTC,0.001
2837957847,4194834854,0,1783610713189918624,201,order_input,benchmark,mock,InstrumentType.Spot,11800374963033146271,OrderType.Limit,Direction.Long,65000.38,211489536,False,Side.Sell,,65000.38,1653898000,BTC-USDT,TimeCondition.GTC,0.001
2837957847,4194834854,0,1783610713190215614,201,order_input,benchmark,mock,InstrumentType.Spot,11800374963033146272,OrderType.Limit,Direction.Long,65000.19,211491072,False,Side.Buy,,65000.19,1653898000,BTC-USDT,TimeCondition.GTC,0.001
2837957847,4194834854,0,1783610713190610058,201,order_input,benchmark,mock,InstrumentType.Spot,11800374963033146273,OrderType.Limit,Direction.Long,65000.4,211492608,False,Side.Sell,,65000.4,1653898000,BTC-USDT,TimeCondition.GTC,0.001
2837957847,4194834854,0,1783610713190853590,201,order_input,benchmark,mock,InstrumentType.Spot,11800374963033146274,OrderType.Limit,Direction.Long,65000.21,211494144,False,Side.Buy,,65000.21,1653898000,BTC-USDT,TimeCondition.GTC,0.001
2837957847,4194834854,0,1783610713191089832,201,order_input,benchmark,mock,InstrumentType.Spot,11800374963033146275,OrderType.Limit,Direction.Long,65000.42,211495680,False,Side.Sell,,65000.42,1653898000,BTC-USDT,TimeCondition.GTC,0.001
2837957847,4194834854,0,1783610713191470658,201,order_input,benchmark,mock,InstrumentType.Spot,11800374963033146276,OrderType.Limit,Direction.Long,65000.23,211497216,False,Side.Buy,,65000.23,1653898000,BTC-USDT,TimeCondition.GTC,0.001
2837957847,4194834854,0,1783610713191768435,201,order_input,benchmark,mock,InstrumentType.Spot,11800374963033146277,OrderType.Limit,Direction.Long,65000.439999999995,211498752,False,Side.Sell,,65000.439999999995,1653898000,BTC-USDT,TimeCondition.GTC,0.001
2837957847,4194834854,0,1783610713192082381,201,order_input,benchmark,mock,InstrumentType.Spot,11800374963033146278,OrderType.Limit,Direction.Long,65000.25,211500288,False,Side.Buy,,65000.25,1653898000,BTC-USDT,TimeCondition.GTC,0.001
2837957847,4194834854,0,1783610713192381009,201,order_input,benchmark,mock,InstrumentType.Spot,11800374963033146279,OrderType.Limit,Direction.Long,65000.46,211501824,False,Side.Sell,,65000.46,1653898000,BTC-USDT,TimeCondition.GTC,0.001
2837957847,4194834854,0,1783610713192666098,201,order_input,benchmark,mock,InstrumentType.Spot,11800374963033146280,OrderType.Limit,Direction.Long,65000.270000000004,211503360,False,Side.Buy,,65000.270000000004,1653898000,BTC-USDT,TimeCondition.GTC,0.001
2837957847,4194834854,0,1783610713192962251,201,order_input,benchmark,mock,InstrumentType.Spot,11800374963033146281,OrderType.Limit,Direction.Long,65000.479999999996,211504896,False,Side.Sell,,65000.479999999996,1653898000,BTC-USDT,TimeCondition.GTC,0.001
2837957847,4194834854,0,1783610713193268625,201,order_input,benchmark,mock,InstrumentType.Spot,11800374963033146282,OrderType.Limit,Direction.Long,65000.29,211506432,False,Side.Buy,,65000.29,1653898000,BTC-USDT,TimeCondition.GTC,0.001
2837957847,4194834854,0,1783610713193564851,201,order_input,benchmark,mock,InstrumentType.Spot,11800374963033146283,OrderType.Limit,Direction.Long,65000.5,211507968,False,Side.Sell,,65000.5,1653898000,BTC-USDT,TimeCondition.GTC,0.001
2837957847,4194834854,0,1783610713193865968,201,order_input,benchmark,mock,InstrumentType.Spot,11800374963033146284,OrderType.Limit,Direction.Long,65000.310000000005,211509504,False,Side.Buy,,65000.310000000005,1653898000,BTC-USDT,TimeCondition.GTC,0.001
2837957847,4194834854,0,1783610713194189581,201,order_input,benchmark,mock,InstrumentType.Spot,11800374963033146285,OrderType.Limit,Direction.Long,65000.52,211511040,False,Side.Sell,,65000.52,1653898000,BTC-USDT,TimeCondition.GTC,0.001
2837957847,4194834854,0,1783610713194502482,201,order_input,benchmark,mock,InstrumentType.Spot,11800374963033146286,OrderType.Limit,Direction.Long,65000.33,211512576,False,Side.Buy,,65000.33,1653898000,BTC-USDT,TimeCondition.GTC,0.001
2837957847,4194834854,0,1783610713194777132,201,order_input,benchmark,mock,InstrumentType.Spot,11800374963033146287,OrderType.Limit,Direction.Long,65000.54,211514112,False,Side.Sell,,65000.54,1653898000,BTC-USDT,TimeCondition.GTC,0.001
2837957847,4194834854,0,1783610713195280297,201,order_input,benchmark,mock,InstrumentType.Spot,11800374963033146288,OrderType.Limit,Direction.Long,65000.35,211515648,False,Side.Buy,,65000.35,1653898000,BTC-USDT,TimeCondition.GTC,0.001
2837957847,4194834854,0,1783610713195316352,201,order_input,benchmark,mock,InstrumentType.Spot,11800374963033146289,OrderType.Limit,Direction.Long,65000.56,211517152,False,Side.Sell,,65000.56,1653898000,BTC-USDT,TimeCondition.GTC,0.001
2837957847,4194834854,0,1783610713195745796,201,order_input,benchmark,mock,InstrumentType.Spot,11800374963033146290,OrderType.Limit,Direction.Long,65000.37,211518720,False,Side.Buy,,65000.37,1653898000,BTC-USDT,TimeCondition.GTC,0.001
2837957847,4194834854,0,1783610713195928513,201,order_input,benchmark,mock,InstrumentType.Spot,11800374963033146291,OrderType.Limit,Direction.Long,65000.58,211520256,False,Side.Sell,,65000.58,1653898000,BTC-USDT,TimeCondition.GTC,0.001
2837957847,4194834854,0,1783610713196228548,201,order_input,benchmark,mock,InstrumentType.Spot,11800374963033146292,OrderType.Limit,Direction.Long,65000.39,211521792,False,Side.Buy,,65000.39,1653898000,BTC-USDT,TimeCondition.GTC,0.001
2837957847,4194834854,0,1783610713196512446,201,order_input,benchmark,mock,InstrumentType.Spot,11800374963033146293,OrderType.Limit,Direction.Long,65000.6,211523328,False,Side.Sell,,65000.6,1653898000,BTC-USDT,TimeCondition.GTC,0.001
2837957847,4194834854,0,1783610713196875549,201,order_input,benchmark,mock,InstrumentType.Spot,11800374963033146294,OrderType.Limit,Direction.Long,65000.41,211524864,False,Side.Buy,,65000.41,1653898000,BTC-USDT,TimeCondition.GTC,0.001
2837957847,4194834854,0,1783610713197092445,201,order_input,benchmark,mock,InstrumentType.Spot,11800374963033146295,OrderType.Limit,Direction.Long,65000.619999999995,211526400,False,Side.Sell,,65000.619999999995,1653898000,BTC-USDT,TimeCondition.GTC,0.001
2837957847,4194834854,0,1783610713197481540,201,order_input,benchmark,mock,InstrumentType.Spot,11800374963033146296,OrderType.Limit,Direction.Long,65000.43,211527936,False,Side.Buy,,65000.43,1653898000,BTC-USDT,TimeCondition.GTC,0.001
2837957847,4194834854,0,1783610713197693214,201,order_input,benchmark,mock,InstrumentType.Spot,11800374963033146297,OrderType.Limit,Direction.Long,65000.64,211529472,False,Side.Sell,,65000.64,1653898000,BTC-USDT,TimeCondition.GTC,0.001
2837957847,4194834854,0,1783610713198109358,201,order_input,benchmark,mock,InstrumentType.Spot,11800374963033146298,OrderType.Limit,Direction.Long,65000.450000000004,211531008,False,Side.Buy,,65000.450000000004,1653898000,BTC-USDT,TimeCondition.GTC,0.001
2837957847,4194834854,0,1783610713198322030,201,order_input,benchmark,mock,InstrumentType.Spot,11800374963033146299,OrderType.Limit,Direction.Long,65000.659999999996,211532544,False,Side.Sell,,65000.659999999996,1653898000,BTC-USDT,TimeCondition.GTC,0.001
2837957847,4194834854,0,1783610713198684010,201,order_input,benchmark,mock,InstrumentType.Spot,11800374963033146300,OrderType.Limit,Direction.Long,65000.47,211534080,False,Side.Buy,,65000.47,1653898000,BTC-USDT,TimeCondition.GTC,0.001
2837957847,4194834854,0,1783610713198891377,201,order_input,benchmark,mock,InstrumentType.Spot,11800374963033146301,OrderType.Limit,Direction.Long,65000.68,211535616,False,Side.Sell,,65000.68,1653898000,BTC-USDT,TimeCondition.GTC,0.001
2837957847,4194834854,0,1783610713199285835,201,order_input,benchmark,mock,InstrumentType.Spot,11800374963033146302,OrderType.Limit,Direction.Long,65000.49,211537152,False,Side.Buy,,65000.49,1653898000,BTC-USDT,TimeCondition.GTC,0.001
2837957847,4194834854,0,1783610713199575189,201,order_input,benchmark,mock,InstrumentType.Spot,11800374963033146303,OrderType.Limit,Direction.Long,65000.7,211538688,False,Side.Sell,,65000.7,1653898000,BTC-USDT,TimeCondition.GTC,0.001
2837957847,4194834854,0,1783610713199873593,201,order_input,benchmark,mock,InstrumentType.Spot,11800374963033146304,OrderType.Limit,Direction.Long,65000.51,211540224,False,Side.Buy,,65000.51,1653898000,BTC-USDT,TimeCondition.GTC,0.001
2837957847,4194834854,0,1783610713200172859,201,order_input,benchmark,mock,InstrumentType.Spot,11800374963033146305,OrderType.Limit,Direction.Long,65000.72,211541760,False,Side.Sell,,65000.72,1653898000,BTC-USDT,TimeCondition.GTC,0.001
2837957847,4194834854,0,1783610713200471453,201,order_input,benchmark,mock,InstrumentType.Spot,11800374963033146306,OrderType.Limit,Direction.Long,65000.53,211543296,False,Side.Buy,,65000.53,1653898000,BTC-USDT,TimeCondition.GTC,0.001
2837957847,4194834854,0,1783610713200775100,201,order_input,benchmark,mock,InstrumentType.Spot,11800374963033146307,OrderType.Limit,Direction.Long,65000.74,211544832,False,Side.Sell,,65000.74,1653898000,BTC-USDT,TimeCondition.GTC,0.001
2837957847,4194834854,0,1783610713201117865,201,order_input,benchmark,mock,InstrumentType.Spot,11800374963033146308,OrderType.Limit,Direction.Long,65000.55,211546368,False,Side.Buy,,65000.55,1653898000,BTC-USDT,TimeCondition.GTC,0.001
2837957847,4194834854,0,1783610713201360360,201,order_input,benchmark,mock,InstrumentType.Spot,11800374963033146309,OrderType.Limit,Direction.Long,65000.76,211547904,False,Side.Sell,,65000.76,1653898000,BTC-USDT,TimeCondition.GTC,0.001
2837957847,4194834854,0,1783610713201667369,201,order_input,benchmark,mock,InstrumentType.Spot,11800374963033146310,OrderType.Limit,Direction.Long,65000.57,211549440,False,Side.Buy,,65000.57,1653898000,BTC-USDT,TimeCondition.GTC,0.001
2837957847,4194834854,0,1783610713201965992,201,order_input,benchmark,mock,InstrumentType.Spot,11800374963033146311,OrderType.Limit,Direction.Long,65000.78,211550976,False,Side.Sell,,65000.78,1653898000,BTC-USDT,TimeCondition.GTC,0.001
2837957847,4194834854,0,1783610713202266195,201,order_input,benchmark,mock,InstrumentType.Spot,11800374963033146312,OrderType.Limit,Direction.Long,65000.590000000004,211552512,False,Side.Buy,,65000.590000000004,1653898000,BTC-USDT,TimeCondition.GTC,0.001
2837957847,4194834854,0,1783610713202565625,201,order_input,benchmark,mock,InstrumentType.Spot,11800374963033146313,OrderType.Limit,Direction.Long,65000.799999999996,211554048,False,Side.Sell,,65000.799999999996,1653898000,BTC-USDT,TimeCondition.GTC,0.001
2837957847,4194834854,0,1783610713202865063,201,order_input,benchmark,mock,InstrumentType.Spot,11800374963033146314,OrderType.Limit,Direction.Long,65000.61,211555584,False,Side.Buy,,65000.61,1653898000,BTC-USDT,TimeCondition.GTC,0.001
2837957847,4194834854,0,1783610713203182950,201,order_input,benchmark,mock,InstrumentType.Spot,11800374963033146315,OrderType.Limit,Direction.Long,65000.82,211557120,False,Side.Sell,,65000.82,1653898000,BTC-USDT,TimeCondition.GTC,0.001
2837957847,4194834854,0,1783610713203423208,201,order_input,benchmark,mock,InstrumentType.Spot,11800374963033146316,OrderType.Limit,Direction.Long,65000.630000000005,211558656,False,Side.Buy,,65000.630000000005,1653898000,BTC-USDT,TimeCondition.GTC,0.001
2837957847,4194834854,0,1783610713203781733,201,order_input,benchmark,mock,InstrumentType.Spot,11800374963033146317,OrderType.Limit,Direction.Long,65000.84,211387264,False,Side.Sell,,65000.84,1653898000,BTC-USDT,TimeCondition.GTC,0.001
2837957847,4194834854,0,1783610713204091564,201,order_input,benchmark,mock,InstrumentType.Spot,11800374963033146318,OrderType.Limit,Direction.Long,65000.65,211388800,False,Side.Buy,,65000.65,1653898000,BTC-USDT,TimeCondition.GTC,0.001
2837957847,4194834854,0,1783610713204373615,201,order_input,benchmark,mock,InstrumentType.Spot,11800374963033146319,OrderType.Limit,Direction.Long,65000.86,211390336,False,Side.Sell,,65000.86,1653898000,BTC-USDT,TimeCondition.GTC,0.001
2837957847,4194834854,0,1783610713204673910,201,order_input,benchmark,mock,InstrumentType.Spot,11800374963033146320,OrderType.Limit,Direction.Long,65000.67,211391872,False,Side.Buy,,65000.67,1653898000,BTC-USDT,TimeCondition.GTC,0.001
2837957847,4194834854,0,1783610713204962937,201,order_input,benchmark,mock,InstrumentType.Spot,11800374963033146321,OrderType.Limit,Direction.Long,65000.88,211393408,False,Side.Sell,,65000.88,1653898000,BTC-USDT,TimeCondition.GTC,0.001
2837957847,4194834854,0,1783610713205338670,201,order_input,benchmark,mock,InstrumentType.Spot,11800374963033146322,OrderType.Limit,Direction.Long,65000.69,211568976,False,Side.Buy,,65000.69,1653898000,BTC-USDT,TimeCondition.GTC,0.001
2837957847,4194834854,0,1783610713205513398,201,order_input,benchmark,mock,InstrumentType.Spot,11800374963033146323,OrderType.Limit,Direction.Long,65000.9,211570432,False,Side.Sell,,65000.9,1653898000,BTC-USDT,TimeCondition.GTC,0.001
2837957847,4194834854,0,1783610713205826721,201,order_input,benchmark,mock,InstrumentType.Spot,11800374963033146324,OrderType.Limit,Direction.Long,65000.71,211571968,False,Side.Buy,,65000.71,1653898000,BTC-USDT,TimeCondition.GTC,0.001
2837957847,4194834854,0,1783610713206217259,201,order_input,benchmark,mock,InstrumentType.Spot,11800374963033146325,OrderType.Limit,Direction.Long,65000.92,211573504,False,Side.Sell,,65000.92,1653898000,BTC-USDT,TimeCondition.GTC,0.001
2837957847,4194834854,0,1783610713206577367,201,order_input,benchmark,mock,InstrumentType.Spot,11800374963033146326,OrderType.Limit,Direction.Long,65000.73,211575040,False,Side.Buy,,65000.73,1653898000,BTC-USDT,TimeCondition.GTC,0.001
2837957847,4194834854,0,1783610713206782181,201,order_input,benchmark,mock,InstrumentType.Spot,11800374963033146327,OrderType.Limit,Direction.Long,65000.939999999995,211576576,False,Side.Sell,,65000.939999999995,1653898000,BTC-USDT,TimeCondition.GTC,0.001
2837957847,4194834854,0,1783610713207003742,201,order_input,benchmark,mock,InstrumentType.Spot,11800374963033146328,OrderType.Limit,Direction.Long,65000.75,211578112,False,Side.Buy,,65000.75,1653898000,BTC-USDT,TimeCondition.GTC,0.001
2837957847,4194834854,0,1783610713207386722,201,order_input,benchmark,mock,InstrumentType.Spot,11800374963033146329,OrderType.Limit,Direction.Long,65000.96,211579648,False,Side.Sell,,65000.96,1653898000,BTC-USDT,TimeCondition.GTC,0.001
2837957847,4194834854,0,1783610713207658033,201,order_input,benchmark,mock,InstrumentType.Spot,11800374963033146330,OrderType.Limit,Direction.Long,65000.770000000004,211581184,False,Side.Buy,,65000.770000000004,1653898000,BTC-USDT,TimeCondition.GTC,0.001
2837957847,4194834854,0,1783610713208021764,201,order_input,benchmark,mock,InstrumentType.Spot,11800374963033146331,OrderType.Limit,Direction.Long,65000.979999999996,211582720,False,Side.Sell,,65000.979999999996,1653898000,BTC-USDT,TimeCondition.GTC,0.001
2837957847,4194834854,0,1783610713208247887,201,order_input,benchmark,mock,InstrumentType.Spot,11800374963033146332,OrderType.Limit,Direction.Long,65000.79,211584256,False,Side.Buy,,65000.79,1653898000,BTC-USDT,TimeCondition.GTC,0.001
2837957847,4194834854,0,1783610713208661726,201,order_input,benchmark,mock,InstrumentType.Spot,11800374963033146333,OrderType.Limit,Direction.Long,65001.0,211585792,False,Side.Sell,,65001.0,1653898000,BTC-USDT,TimeCondition.GTC,0.001
2837957847,4194834854,0,1783610713208852069,201,order_input,benchmark,mock,InstrumentType.Spot,11800374963033146334,OrderType.Limit,Direction.Long,65000.810000000005,211587328,False,Side.Buy,,65000.810000000005,1653898000,BTC-USDT,TimeCondition.GTC,0.001
2837957847,4194834854,0,1783610713209147258,201,order_input,benchmark,mock,InstrumentType.Spot,11800374963033146335,OrderType.Limit,Direction.Long,65001.02,211588864,False,Side.Sell,,65001.02,1653898000,BTC-USDT,TimeCondition.GTC,0.001
2837957847,4194834854,0,1783610713209487372,201,order_input,benchmark,mock,InstrumentType.Spot,11800374963033146336,OrderType.Limit,Direction.Long,65000.83,211590400,False,Side.Buy,,65000.83,1653898000,BTC-USDT,TimeCondition.GTC,0.001
2837957847,4194834854,0,1783610713209772320,201,order_input,benchmark,mock,InstrumentType.Spot,11800374963033146337,OrderType.Limit,Direction.Long,65001.04,211591936,False,Side.Sell,,65001.04,1653898000,BTC-USDT,TimeCondition.GTC,0.001
2837957847,4194834854,0,1783610713210085473,201,order_input,benchmark,mock,InstrumentType.Spot,11800374963033146338,OrderType.Limit,Direction.Long,65000.85,211593472,False,Side.Buy,,65000.85,1653898000,BTC-USDT,TimeCondition.GTC,0.001
2837957847,4194834854,0,1783610713210369389,201,order_input,benchmark,mock,InstrumentType.Spot,11800374963033146339,OrderType.Limit,Direction.Long,65001.06,211595008,False,Side.Sell,,65001.06,1653898000,BTC-USDT,TimeCondition.GTC,0.001
2837957847,4194834854,0,1783610713210671461,201,order_input,benchmark,mock,InstrumentType.Spot,11800374963033146340,OrderType.Limit,Direction.Long,65000.87,211596544,False,Side.Buy,,65000.87,1653898000,BTC-USDT,TimeCondition.GTC,0.001
2837957847,4194834854,0,1783610713210972656,201,order_input,benchmark,mock,InstrumentType.Spot,11800374963033146341,OrderType.Limit,Direction.Long,65001.08,211598080,False,Side.Sell,,65001.08,1653898000,BTC-USDT,TimeCondition.GTC,0.001
2837957847,4194834854,0,1783610713211270506,201,order_input,benchmark,mock,InstrumentType.Spot,11800374963033146342,OrderType.Limit,Direction.Long,65000.89,211599616,False,Side.Buy,,65000.89,1653898000,BTC-USDT,TimeCondition.GTC,0.001
2837957847,4194834854,0,1783610713211567944,201,order_input,benchmark,mock,InstrumentType.Spot,11800374963033146343,OrderType.Limit,Direction.Long,65000.1,211601152,False,Side.Sell,,65000.1,1653898000,BTC-USDT,TimeCondition.GTC,0.001
