source,dest,trigger_time,gen_time,msg_type,msg_name,data.account_id,data.active,data.avg_price,data.close_pnl,data.error_code,data.ex_order_id,data.exchange_id,data.fee,data.fee_currency,data.insert_time,data.instrument_type,data.order_id,data.order_type,data.position_side,data.price,data.raw_address,data.side,data.source_id,data.status,data.stop_price,data.strategy_id,data.symbol,data.time_condition,data.update_time,data.volume,data.volume_left,data.volume_traded
4194834854,2837957847,1783610712912730799,1783610712912760215,203,order,benchmark,True,0.0,0.0,,,mock,0.0,,1783610712912730799,InstrumentType.Spot,11800374963033145344,OrderType.Limit,Direction.Long,64999.91,206040224,Side.Buy,,OrderStatus.Submitted,64999.91,1653898000,BTC-USDT,TimeCondition.GTC,1783610712912730799,0.001,0.001,0.0
4194834854,2837957847,1783610712912806403,1783610712912809260,203,order,benchmark,True,0.0,0.0,,,mock,0.0,,1783610712912806403,InstrumentType.Spot,11800374963033145345,OrderType.Limit,Direction.Long,65000.119999999995,204591360,Side.Sell,,OrderStatus.Submitted,65000.119999999995,1653898000,BTC-USDT,TimeCondition.GTC,1783610712912806403,0.001,0.001,0.0
4194834854,2837957847,1783610712912830137,1783610712912832551,203,order,benchmark,True,0.0,0.0,,,mock,0.0,,1783610712912830137,InstrumentType.Spot,11800374963033145346,OrderType.Limit,Direction.Long,64999.93,200942608,Side.Buy,,OrderStatus.Submitted,64999.93,1653898000,BTC-USDT,TimeCondition.GTC,1783610712912830137,0.001,0.001,0.0
4194834854,2837957847,1783610712912847461,1783610712912849005,203,order,benchmark,True,0.0,0.0,,,mock,0.0,,1783610712912847461,InstrumentType.Spot,11800374963033145347,OrderType.Limit,Direction.Long,65000.14,197642848,Side.Sell,,OrderStatus.Submitted,65000.14,1653898000,BTC-USDT,TimeCondition.GTC,1783610712912847461,0.001,0.001,0.0
4194834854,2837957847,1783610712913090705,1783610712913093880,203,order,benchmark,True,0.0,0.0,,,mock,0.0,,1783610712913090705,InstrumentType.Spot,11800374963033145348,OrderType.Limit,Direction.Long,64999.950000000004,192912592,Side.Buy,,OrderStatus.Submitted,64999.950000000004,1653898000,BTC-USDT,TimeCondition.GTC,1783610712913090705,0.001,0.001,0.0
4194834854,2837957847,1783610712913304787,1783610712913307920,203,order,benchmark,True,0.0,0.0,,,mock,0.0,,1783610712913304787,InstrumentType.Spot,11800374963033145349,OrderType.Limit,Direction.Long,65000.159999999996,194425168,Side.Sell,,OrderStatus.Submitted,65000.159999999996,1653898000,BTC-USDT,TimeCondition.GTC,1783610712913304787,0.001,0.001,0.0
4194834854,2837957847,1783610712913687973,1783610712913691223,203,order,benchmark,True,0.0,0.0,,,mock,0.0,,1783610712913687973,InstrumentType.Spot,11800374963033145350,OrderType.Limit,Direction.Long,64999.97,211611744,Side.Buy,,OrderStatus.Submitted,64999.97,1653898000,BTC-USDT,TimeCondition.GTC,1783610712913687973,0.001,0.001,0.0
4194834854,2837957847,1783610712914219791,1783610712914223398,203,order,benchmark,True,0.0,0.0,,,mock,0.0,,1783610712914219791,InstrumentType.Spot,11800374963033145351,OrderType.Limit,Direction.Long,65000.18,211613520,Side.Sell,,OrderStatus.Submitted,65000.18,1653898000,BTC-USDT,TimeCondition.GTC,1783610712914219791,0.001,0.001,0.0
4194834854,2837957847,1783610712914243680,1783610712914245313,203,order,benchmark,True,0.0,0.0,,,mock,0.0,,1783610712914243680,InstrumentType.Spot,11800374963033145352,OrderType.Limit,Direction.Long,64999.99,211615264,Side.Buy,,OrderStatus.Submitted,64999.99,1653898000,BTC-USDT,TimeCondition.GTC,1783610712914243680,0.001,0.001,0.0
4194834854,2837957847,1783610712914862703,1783610712914865904,203,order,benchmark,True,0.0,0.0,,,mock,0.0,,1783610712914862703,InstrumentType.Spot,11800374963033145353,OrderType.Limit,Direction.Long,65000.2,211617072,Side.Sell,,OrderStatus.Submitted,65000.2,1653898000,BTC-USDT,TimeCondition.GTC,1783610712914862703,0.001,0.001,0.0
4194834854,2837957847,1783610712914882140,1783610712914883547,203,order,benchmark,True,0.0,0.0,,,mock,0.0,,1783610712914882140,InstrumentType.Spot,11800374963033145354,OrderType.Limit,Direction.Long,65000.01,211618816,Side.Buy,,OrderStatus.Submitted,65000.01,1653898000,BTC-USDT,TimeCondition.GTC,1783610712914882140,0.001,0.001,0.0
4194834854,2837957847,1783610712915201323,1783610712915203460,203,order,benchmark,True,0.0,0.0,,,mock,0.0,,1783610712915201323,InstrumentType.Spot,11800374963033145355,OrderType.Limit,Direction.Long,65000.22,211620624,Side.Sell,,OrderStatus.Submitted,65000.22,1653898000,BTC-USDT,TimeCondition.GTC,1783610712915201323,0.001,0.001,0.0
4194834854,2837957847,1783610712915494329,1783610712915497392,203,order,benchmark,True,0.0,0.0,,,mock,0.0,,1783610712915494329,InstrumentType.Spot,11800374963033145356,OrderType.Limit,Direction.Long,65000.03,211622400,Side.Buy,,OrderStatus.Submitted,65000.03,1653898000,BTC-USDT,TimeCondition.GTC,1783610712915494329,0.001,0.001,0.0
4194834854,2837957847,1783610712915792776,1783610712915898987,203,order,benchmark,True,0.0,0.0,,,mock,0.0,,1783610712915792776,InstrumentType.Spot,11800374963033145357,OrderType.Limit,Direction.Long,65000.24,211624176,Side.Sell,,OrderStatus.Submitted,65000.24,1653898000,BTC-USDT,TimeCondition.GTC,1783610712915792776,0.001,0.001,0.0
4194834854,2837957847,1783610712916407622,1783610712916410427,203,order,benchmark,True,0.0,0.0,,,mock,0.0,,1783610712916407622,InstrumentType.Spot,11800374963033145358,OrderType.Limit,Direction.Long,65000.05,211625952,Side.Buy,,OrderStatus.Submitted,65000.05,1653898000,BTC-USDT,TimeCondition.GTC,1783610712916407622,0.001,0.001,0.0
4194834854,2837957847,1783610712916524032,1783610712916528060,203,order,benchmark,True,0.0,0.0,,,mock,0.0,,1783610712916524032,InstrumentType.Spot,11800374963033145359,OrderType.Limit,Direction.Long,65000.26,211627728,Side.Sell,,OrderStatus.Submitted,65000.26,1653898000,BTC-USDT,TimeCondition.GTC,1783610712916524032,0.001,0.001,0.0
4194834854,2837957847,1783610712916699639,1783610712916702368,203,order,benchmark,True,0.0,0.0,,,mock,0.0,,1783610712916699639,InstrumentType.Spot,11800374963033145360,OrderType.Limit,Direction.Long,65000.07,211629504,Side.Buy,,OrderStatus.Submitted,65000.07,1653898000,BTC-USDT,TimeCondition.GTC,1783610712916699639,0.001,0.001,0.0
4194834854,2837957847,1783610712917189025,1783610712917195278,203,order,benchmark,True,0.0,0.0,,,mock,0.0,,1783610712917189025,InstrumentType.Spot,11800374963033145361,OrderType.Limit,Direction.Long,65000.28,211631280,Side.Sell,,OrderStatus.Submitted,65000.28,1653898000,BTC-USDT,TimeCondition.GTC,1783610712917189025,0.001,0.001,0.0
4194834854,2837957847,1783610712917379819,1783610712917382129,203,order,benchmark,True,0.0,0.0,,,mock,0.0,,1783610712917379819,InstrumentType.Spot,11800374963033145362,OrderType.Limit,Direction.Long,65000.090000000004,211633056,Side.Buy,,OrderStatus.Submitted,65000.090000000004,1653898000,BTC-USDT,TimeCondition.GTC,1783610712917379819,0.001,0.001,0.0
4194834854,2837957847,1783610712917559295,1783610712917561540,203,order,benchmark,True,0.0,0.0,,,mock,0.0,,1783610712917559295,InstrumentType.Spot,11800374963033145363,OrderType.Limit,Direction.Long,65000.299999999996,211634832,Side.Sell,,OrderStatus.Submitted,65000.299999999996,1653898000,BTC-USDT,TimeCondition.GTC,1783610712917559295,0.001,0.001,0.0
4194834854,2837957847,1783610712918055514,1783610712918058744,203,order,benchmark,True,0.0,0.0,,,mock,0.0,,1783610712918055514,InstrumentType.Spot,11800374963033145364,OrderType.Limit,Direction.Long,65000.11,211636608,Side.Buy,,OrderStatus.Submitted,65000.11,1653898000,BTC-USDT,TimeCondition.GTC,1783610712918055514,0.001,0.001,0.0
4194834854,2837957847,1783610712918377884,1783610712918381023,203,order,benchmark,True,0.0,0.0,,,mock,0.0,,1783610712918377884,InstrumentType.Spot,11800374963033145365,OrderType.Limit,Direction.Long,65000.32,211638384,Side.Sell,,OrderStatus.Submitted,65000.32,1653898000,BTC-USDT,TimeCondition.GTC,1783610712918377884,0.001,0.001,0.0
4194834854,2837957847,1783610712918477658,1783610712918479813,203,order,benchmark,True,0.0,0.0,,,mock,0.0,,1783610712918477658,InstrumentType.Spot,11800374963033145366,OrderType.Limit,Direction.Long,65000.130000000005,211640160,Side.Buy,,OrderStatus.Submitted,65000.130000000005,1653898000,BTC-USDT,TimeCondition.GTC,1783610712918477658,0.001,0.001,0.0
4194834854,2837957847,1783610712918993463,1783610712919020503,203,order,benchmark,True,0.0,0.0,,,mock,0.0,,1783610712918993463,InstrumentType.Spot,11800374963033145367,OrderType.Limit,Direction.Long,65000.34,211641936,Side.Sell,,OrderStatus.Submitted,65000.34,1653898000,BTC-USDT,TimeCondition.GTC,1783610712918993463,0.001,0.001,0.0
4194834854,2837957847,1783610712919400051,1783610712919403381,203,order,benchmark,True,0.0,0.0,,,mock,0.0,,1783610712919400051,InstrumentType.Spot,11800374963033145368,OrderType.Limit,Direction.Long,65000.15,211643712,Side.Buy,,OrderStatus.Submitted,65000.15,1653898000,BTC-USDT,TimeCondition.GTC,1783610712919400051,0.001,0.001,0.0
4194834854,2837957847,1783610712919418891,1783610712919420668,203,order,benchmark,True,0.0,0.0,,,mock,0.0,,1783610712919418891,InstrumentType.Spot,11800374963033145369,OrderType.Limit,Direction.Long,65000.36,211645488,Side.Sell,,OrderStatus.Submitted,65000.36,1653898000,BTC-USDT,TimeCondition.GTC,1783610712919418891,0.001,0.001,0.0
4194834854,2837957847,1783610712919779416,1783610712919807498,203,order,benchmark,True,0.0,0.0,,,mock,0.0,,1783610712919779416,InstrumentType.Spot,11800374963033145370,OrderType.Limit,Direction.Long,65000.17,211647264,Side.Buy,,OrderStatus.Submitted,65000.17,1653898000,BTC-USDT,TimeCondition.GTC,1783610712919779416,0.001,0.001,0.0
4194834854,2837957847,1783610712920214837,1783610712920221157,203,order,benchmark,True,0.0,0.0,,,mock,0.0,,1783610712920214837,InstrumentType.Spot,11800374963033145371,OrderType.Limit,Direction.Long,65000.38,211649040,Side.Sell,,OrderStatus.Submitted,65000.38,1653898000,BTC-USDT,TimeCondition.GTC,1783610712920214837,0.001,0.001,0.0
4194834854,2837957847,1783610712920324898,1783610712920327083,203,order,benchmark,True,0.0,0.0,,,mock,0.0,,1783610712920324898,InstrumentType.Spot,11800374963033145372,OrderType.Limit,Direction.Long,65000.19,211650816,Side.Buy,,OrderStatus.Submitted,65000.19,1653898000,BTC-USDT,TimeCondition.GTC,1783610712920324898,0.001,0.001,0.0
4194834854,2837957847,1783610712920598969,1783610712920601498,203,order,benchmark,True,0.0,0.0,,,mock,0.0,,1783610712920598969,InstrumentType.Spot,11800374963033145373,OrderType.Limit,Direction.Long,65000.4,211652592,Side.Sell,,OrderStatus.Submitted,65000.4,1653898000,BTC-USDT,TimeCondition.GTC,1783610712920598969,0.001,0.001,0.0
4194834854,2837957847,1783610712921168383,1783610712921170765,203,order,benchmark,True,0.0,0.0,,,mock,0.0,,1783610712921168383,InstrumentType.Spot,11800374963033145374,OrderType.Limit,Direction.Long,65000.21,211654368,Side.Buy,,OrderStatus.Submitted,65000.21,1653898000,BTC-USDT,TimeCondition.GTC,1783610712921168383,0.001,0.001,0.0
4194834854,2837957847,1783610712921205366,1783610712921207785,203,order,benchmark,True,0.0,0.0,,,mock,0.0,,1783610712921205366,InstrumentType.Spot,11800374963033145375,OrderType.Limit,Direction.Long,65000.42,211656112,Side.Sell,,OrderStatus.Submitted,65000.42,1653898000,BTC-USDT,TimeCondition.GTC,1783610712921205366,0.001,0.001,0.0
4194834854,2837957847,1783610712921454752,1783610712921456909,203,order,benchmark,True,0.0,0.0,,,mock,0.0,,1783610712921454752,InstrumentType.Spot,11800374963033145376,OrderType.Limit,Direction.Long,65000.23,211657920,Side.Buy,,OrderStatus.Submitted,65000.23,1653898000,BTC-USDT,TimeCondition.GTC,1783610712921454752,0.001,0.001,0.0
4194834854,2837957847,1783610712921788897,1783610712921791014,203,order,benchmark,True,0.0,0.0,,,mock,0.0,,1783610712921788897,InstrumentType.Spot,11800374963033145377,OrderType.Limit,Direction.Long,65000.439999999995,211659696,Side.Sell,,OrderStatus.Submitted,65000.439999999995,1653898000,BTC-USDT,TimeCondition.GTC,1783610712921788897,0.001,0.001,0.0
4194834854,2837957847,1783610712922089308,1783610712922091251,203,order,benchmark,True,0.0,0.0,,,mock,0.0,,1783610712922089308,InstrumentType.Spot,11800374963033145378,OrderType.Limit,Direction.Long,65000.25,211661472,Side.Buy,,OrderStatus.Submitted,65000.25,1653898000,BTC-USDT,TimeCondition.GTC,1783610712922089308,0.001,0.001,0.0
4194834854,2837957847,1783610712922389806,1783610712922391873,203,order,benchmark,True,0.0,0.0,,,mock,0.0,,1783610712922389806,InstrumentType.Spot,11800374963033145379,OrderType.Limit,Direction.Long,65000.46,211663248,Side.Sell,,OrderStatus.Submitted,65000.46,1653898000,BTC-USDT,TimeCondition.GTC,1783610712922389806,0.001,0.001,0.0
4194834854,2837957847,1783610712922687495,1783610712922689486,203,order,benchmark,True,0.0,0.0,,,mock,0.0,,1783610712922687495,InstrumentType.Spot,11800374963033145380,OrderType.Limit,Direction.Long,65000.270000000004,211665024,Side.Buy,,OrderStatus.Submitted,65000.270000000004,1653898000,BTC-USDT,TimeCondition.GTC,1783610712922687495,0.001,0.001,0.0
4194834854,2837957847,1783610712923008076,1783610712923011365,203,order,benchmark,True,0.0,0.0,,,mock,0.0,,1783610712923008076,InstrumentType.Spot,11800374963033145381,OrderType.Limit,Direction.Long,65000.479999999996,211666800,Side.Sell,,OrderStatus.Submitted,65000.479999999996,1653898000,BTC-USDT,TimeCondition.GTC,1783610712923008076,0.001,0.001,0.0
4194834854,2837957847,1783610712923290171,1783610712923292387,203,order,benchmark,True,0.0,0.0,,,mock,0.0,,1783610712923290171,InstrumentType.Spot,11800374963033145382,OrderType.Limit,Direction.Long,65000.29,211668576,Side.Buy,,OrderStatus.Submitted,65000.29,1653898000,BTC-USDT,TimeCondition.GTC,1783610712923290171,0.001,0.001,0.0
4194834854,2837957847,1783610712923809106,1783610712923828873,203,order,benchmark,True,0.0,0.0,,,mock,0.0,,1783610712923809106,InstrumentType.Spot,11800374963033145383,OrderType.Limit,Direction.Long,65000.5,211670352,Side.Sell,,OrderStatus.Submitted,65000.5,1653898000,BTC-USDT,TimeCondition.GTC,1783610712923809106,0.001,0.001,0.0
4194834854,2837957847,1783610712923908947,1783610712923911087,203,order,benchmark,True,0.0,0.0,,,mock,0.0,,1783610712923908947,InstrumentType.Spot,11800374963033145384,OrderType.Limit,Direction.Long,65000.310000000005,211672128,Side.Buy,,OrderStatus.Submitted,65000.310000000005,1653898000,BTC-USDT,TimeCondition.GTC,1783610712923908947,0.001,0.001,0.0
4194834854,2837957847,1783610712924189743,1783610712924194990,203,order,benchmark,True,0.0,0.0,,,mock,0.0,,1783610712924189743,InstrumentType.Spot,11800374963033145385,OrderType.Limit,Direction.Long,65000.52,211673904,Side.Sell,,OrderStatus.Submitted,65000.52,1653898000,BTC-USDT,TimeCondition.GTC,1783610712924189743,0.001,0.001,0.0
4194834854,2837957847,1783610712924493849,1783610712924498063,203,order,benchmark,True,0.0,0.0,,,mock,0.0,,1783610712924493849,InstrumentType.Spot,11800374963033145386,OrderType.Limit,Direction.Long,65000.33,211675680,Side.Buy,,OrderStatus.Submitted,65000.33,1653898000,BTC-USDT,TimeCondition.GTC,1783610712924493849,0.001,0.001,0.0
4194834854,2837957847,1783610712925007615,1783610712925012100,203,order,benchmark,True,0.0,0.0,,,mock,0.0,,1783610712925007615,InstrumentType.Spot,11800374963033145387,OrderType.Limit,Direction.Long,65000.54,211677456,Side.Sell,,OrderStatus.Submitted,65000.54,1653898000,BTC-USDT,TimeCondition.GTC,1783610712925007615,0.001,0.001,0.0
4194834854,2837957847,1783610712925117309,1783610712925120125,203,order,benchmark,True,0.0,0.0,,,mock,0.0,,1783610712925117309,InstrumentType.Spot,11800374963033145388,OrderType.Limit,Direction.Long,65000.35,211679232,Side.Buy,,OrderStatus.Submitted,65000.35,1653898000,BTC-USDT,TimeCondition.GTC,1783610712925117309,0.001,0.001,0.0
4194834854,2837957847,1783610712925410203,1783610712925412797,203,order,benchmark,True,0.0,0.0,,,mock,0.0,,1783610712925410203,InstrumentType.Spot,11800374963033145389,OrderType.Limit,Direction.Long,65000.56,211681008,Side.Sell,,OrderStatus.Submitted,65000.56,1653898000,BTC-USDT,TimeCondition.GTC,1783610712925410203,0.001,0.001,0.0
4194834854,2837957847,1783610712925804557,1783610712925806809,203,order,benchmark,True,0.0,0.0,,,mock,0.0,,1783610712925804557,InstrumentType.Spot,11800374963033145390,OrderType.Limit,Direction.Long,65000.37,209960016,Side.Buy,,OrderStatus.Submitted,65000.37,1653898000,BTC-USDT,TimeCondition.GTC,1783610712925804557,0.001,0.001,0.0
4194834854,2837957847,1783610712926058366,1783610712926061581,203,order,benchmark,True,0.0,0.0,,,mock,0.0,,1783610712926058366,InstrumentType.Spot,11800374963033145391,OrderType.Limit,Direction.Long,65000.58,209961792,Side.Sell,,OrderStatus.Submitted,65000.58,1653898000,BTC-USDT,TimeCondition.GTC,1783610712926058366,0.001,0.001,0.0
4194834854,2837957847,1783610712926288199,1783610712926290195,203,order,benchmark,True,0.0,0.0,,,mock,0.0,,1783610712926288199,InstrumentType.Spot,11800374963033145392,OrderType.Limit,Direction.Long,65000.39,209963568,Side.Buy,,OrderStatus.Submitted,65000.39,1653898000,BTC-USDT,TimeCondition.GTC,1783610712926288199,0.001,0.001,0.0
4194834854,2837957847,1783610712926588706,1783610712926590641,203,order,benchmark,True,0.0,0.0,,,mock,0.0,,1783610712926588706,InstrumentType.Spot,11800374963033145393,OrderType.Limit,Direction.Long,65000.6,209965344,Side.Sell,,OrderStatus.Submitted,65000.6,1653898000,BTC-USDT,TimeCondition.GTC,1783610712926588706,0.001,0.001,0.0
4194834854,2837957847,1783610712926887655,1783610712926889531,203,order,benchmark,True,0.0,0.0,,,mock,0.0,,1783610712926887655,InstrumentType.Spot,11800374963033145394,OrderType.Limit,Direction.Long,65000.41,209967120,Side.Buy,,OrderStatus.Submitted,65000.41,1653898000,BTC-USDT,TimeCondition.GTC,1783610712926887655,0.001,0.001,0.0
4194834854,2837957847,1783610712927189575,1783610712927191592,203,order,benchmark,True,0.0,0.0,,,mock,0.0,,1783610712927189575,InstrumentType.Spot,11800374963033145395,OrderType.Limit,Direction.Long,65000.619999999995,209968896,Side.Sell,,OrderStatus.Submitted,65000.619999999995,1653898000,BTC-USDT,TimeCondition.GTC,1783610712927189575,0.001,0.001,0.0
4194834854,2837957847,1783610712927487248,1783610712927499905,203,order,benchmark,True,0.0,0.0,,,mock,0.0,,1783610712927487248,InstrumentType.Spot,11800374963033145396,OrderType.Limit,Direction.Long,65000.43,209970672,Side.Buy,,OrderStatus.Submitted,65000.43,1653898000,BTC-USDT,TimeCondition.GTC,1783610712927487248,0.001,0.001,0.0
4194834854,2837957847,1783610712928341734,1783610712928348096,203,order,benchmark,True,0.0,0.0,,,mock,0.0,,1783610712928341734,InstrumentType.Spot,11800374963033145397,OrderType.Limit,Direction.Long,65000.64,209972448,Side.Sell,,OrderStatus.Submitted,65000.64,1653898000,BTC-USDT,TimeCondition.GTC,1783610712928341734,0.001,0.001,0.0
4194834854,2837957847,1783610712928370475,1783610712928372185,203,order,benchmark,True,0.0,0.0,,,mock,0.0,,1783610712928370475,InstrumentType.Spot,11800374963033145398,OrderType.Limit,Direction.Long,65000.450000000004,209974192,Side.Buy,,OrderStatus.Submitted,65000.450000000004,1653898000,BTC-USDT,TimeCondition.GTC,1783610712928370475,0.001,0.001,0.0
4194834854,2837957847,1783610712928554094,1783610712928556768,203,order,benchmark,True,0.0,0.0,,,mock,0.0,,1783610712928554094,InstrumentType.Spot,11800374963033145399,OrderType.Limit,Direction.Long,65000.659999999996,209976000,Side.Sell,,OrderStatus.Submitted,65000.659999999996,1653898000,BTC-USDT,TimeCondition.GTC,1783610712928554094,0.001,0.001,0.0
4194834854,2837957847,1783610712928936488,1783610712928942035,203,order,benchmark,True,0.0,0.0,,,mock,0.0,,1783610712928936488,InstrumentType.Spot,11800374963033145400,OrderType.Limit,Direction.Long,65000.47,209977776,Side.Buy,,OrderStatus.Submitted,65000.47,1653898000,BTC-USDT,TimeCondition.GTC,1783610712928936488,0.001,0.001,0.0
4194834854,2837957847,1783610712929057157,1783610712929059268,203,order,benchmark,True,0.0,0.0,,,mock,0.0,,1783610712929057157,InstrumentType.Spot,11800374963033145401,OrderType.Limit,Direction.Long,65000.68,209979552,Side.Sell,,OrderStatus.Submitted,65000.68,1653898000,BTC-USDT,TimeCondition.GTC,1783610712929057157,0.001,0.001,0.0
4194834854,2837957847,1783610712929345423,1783610712929347680,203,order,benchmark,True,0.0,0.0,,,mock,0.0,,1783610712929345423,InstrumentType.Spot,11800374963033145402,OrderType.Limit,Direction.Long,65000.49,209981328,Side.Buy,,OrderStatus.Submitted,65000.49,1653898000,BTC-USDT,TimeCondition.GTC,1783610712929345423,0.001,0.001,0.0
4194834854,2837957847,1783610712929820021,1783610712929824360,203,order,benchmark,True,0.0,0.0,,,mock,0.0,,1783610712929820021,InstrumentType.Spot,11800374963033145403,OrderType.Limit,Direction.Long,65000.7,209983104,Side.Sell,,OrderStatus.Submitted,65000.7,1653898000,BTC-USDT,TimeCondition.GTC,1783610712929820021,0.001,0.001,0.0
4194834854,2837957847,1783610712929973121,1783610712929976695,203,order,benchmark,True,0.0,0.0,,,mock,0.0,,1783610712929973121,InstrumentType.Spot,11800374963033145404,OrderType.Limit,Direction.Long,65000.51,209984880,Side.Buy,,OrderStatus.Submitted,65000.51,1653898000,BTC-USDT,TimeCondition.GTC,1783610712929973121,0.001,0.001,0.0
4194834854,2837957847,1783610712930237134,1783610712930239376,203,order,benchmark,True,0.0,0.0,,,mock,0.0,,1783610712930237134,InstrumentType.Spot,11800374963033145405,OrderType.Limit,Direction.Long,65000.72,209986656,Side.Sell,,OrderStatus.Submitted,65000.72,1653898000,BTC-USDT,TimeCondition.GTC,1783610712930237134,0.001,0.001,0.0
4194834854,2837957847,1783610712930666025,1783610712930668988,203,order,benchmark,True,0.0,0.0,,,mock,0.0,,1783610712930666025,InstrumentType.Spot,11800374963033145406,OrderType.Limit,Direction.Long,65000.53,209988432,Side.Buy,,OrderStatus.Submitted,65000.53,1653898000,BTC-USDT,TimeCondition.GTC,1783610712930666025,0.001,0.001,0.0
4194834854,2837957847,1783610712930938480,1783610712930941276,203,order,benchmark,True,0.0,0.0,,,mock,0.0,,1783610712930938480,InstrumentType.Spot,11800374963033145407,OrderType.Limit,Direction.Long,65000.74,209990208,Side.Sell,,OrderStatus.Submitted,65000.74,1653898000,BTC-USDT,TimeCondition.GTC,1783610712930938480,0.001,0.001,0.0
4194834854,2837957847,1783610712931286595,1783610712931291797,203,order,benchmark,True,0.0,0.0,,,mock,0.0,,1783610712931286595,InstrumentType.Spot,11800374963033145408,OrderType.Limit,Direction.Long,65000.55,209991984,Side.Buy,,OrderStatus.Submitted,65000.55,1653898000,BTC-USDT,TimeCondition.GTC,1783610712931286595,0.001,0.001,0.0
4194834854,2837957847,1783610712931525051,1783610712931546602,203,order,benchmark,True,0.0,0.0,,,mock,0.0,,1783610712931525051,InstrumentType.Spot,11800374963033145409,OrderType.Limit,Direction.Long,65000.76,209993760,Side.Sell,,OrderStatus.Submitted,65000.76,1653898000,BTC-USDT,TimeCondition.GTC,1783610712931525051,0.001,0.001,0.0
4194834854,2837957847,1783610712931737809,1783610712931743077,203,order,benchmark,True,0.0,0.0,,,mock,0.0,,1783610712931737809,InstrumentType.Spot,11800374963033145410,OrderType.Limit,Direction.Long,65000.57,209995536,Side.Buy,,OrderStatus.Submitted,65000.57,1653898000,BTC-USDT,TimeCondition.GTC,1783610712931737809,0.001,0.001,0.0
4194834854,2837957847,1783610712932147724,1783610712932152846,203,order,benchmark,True,0.0,0.0,,,mock,0.0,,1783610712932147724,InstrumentType.Spot,11800374963033145411,OrderType.Limit,Direction.Long,65000.78,209997312,Side.Sell,,OrderStatus.Submitted,65000.78,1653898000,BTC-USDT,TimeCondition.GTC,1783610712932147724,0.001,0.001,0.0
4194834854,2837957847,1783610712932369588,1783610712932371849,203,order,benchmark,True,0.0,0.0,,,mock,0.0,,1783610712932369588,InstrumentType.Spot,11800374963033145412,OrderType.Limit,Direction.Long,65000.590000000004,209999088,Side.Buy,,OrderStatus.Submitted,65000.590000000004,1653898000,BTC-USDT,TimeCondition.GTC,1783610712932369588,0.001,0.001,0.0
4194834854,2837957847,1783610712932557770,1783610712932559814,203,order,benchmark,True,0.0,0.0,,,mock,0.0,,1783610712932557770,InstrumentType.Spot,11800374963033145413,OrderType.Limit,Direction.Long,65000.799999999996,210000864,Side.Sell,,OrderStatus.Submitted,65000.799999999996,1653898000,BTC-USDT,TimeCondition.GTC,1783610712932557770,0.001,0.001,0.0
4194834854,2837957847,1783610712933091100,1783610712933094494,203,order,benchmark,True,0.0,0.0,,,mock,0.0,,1783610712933091100,InstrumentType.Spot,11800374963033145414,OrderType.Limit,Direction.Long,65000.61,210002640,Side.Buy,,OrderStatus.Submitted,65000.61,1653898000,BTC-USDT,TimeCondition.GTC,1783610712933091100,0.001,0.001,0.0
4194834854,2837957847,1783610712933515028,1783610712933520566,203,order,benchmark,True,0.0,0.0,,,mock,0.0,,1783610712933515028,InstrumentType.Spot,11800374963033145415,OrderType.Limit,Direction.Long,65000.82,210004416,Side.Sell,,OrderStatus.Submitted,65000.82,1653898000,BTC-USDT,TimeCondition.GTC,1783610712933515028,0.001,0.001,0.0
4194834854,2837957847,1783610712933550891,1783610712933553478,203,order,benchmark,True,0.0,0.0,,,mock,0.0,,1783610712933550891,InstrumentType.Spot,11800374963033145416,OrderType.Limit,Direction.Long,65000.630000000005,210006160,Side.Buy,,OrderStatus.Submitted,65000.630000000005,1653898000,BTC-USDT,TimeCondition.GTC,1783610712933550891,0.001,0.001,0.0
4194834854,2837957847,1783610712933742132,1783610712933745980,203,order,benchmark,True,0.0,0.0,,,mock,0.0,,1783610712933742132,InstrumentType.Spot,11800374963033145417,OrderType.Limit,Direction.Long,65000.84,210007968,Side.Sell,,OrderStatus.Submitted,65000.84,1653898000,BTC-USDT,TimeCondition.GTC,1783610712933742132,0.001,0.001,0.0
4194834854,2837957847,1783610712934373914,1783610712934376857,203,order,benchmark,True,0.0,0.0,,,mock,0.0,,1783610712934373914,InstrumentType.Spot,11800374963033145418,OrderType.Limit,Direction.Long,65000.65,210009744,Side.Buy,,OrderStatus.Submitted,65000.65,1653898000,BTC-USDT,TimeCondition.GTC,1783610712934373914,0.001,0.001,0.0
4194834854,2837957847,1783610712934394882,1783610712934396295,203,order,benchmark,True,0.0,0.0,,,mock,0.0,,1783610712934394882,InstrumentType.Spot,11800374963033145419,OrderType.Limit,Direction.Long,65000.86,210011488,Side.Sell,,OrderStatus.Submitted,65000.86,1653898000,BTC-USDT,TimeCondition.GTC,1783610712934394882,0.001,0.001,0.0
4194834854,2837957847,1783610712934904195,1783610712934907810,203,order,benchmark,True,0.0,0.0,,,mock,0.0,,1783610712934904195,InstrumentType.Spot,11800374963033145420,OrderType.Limit,Direction.Long,65000.67,210013296,Side.Buy,,OrderStatus.Submitted,65000.67,1653898000,BTC-USDT,TimeCondition.GTC,1783610712934904195,0.001,0.001,0.0
4194834854,2837957847,1783610712934947667,1783610712934950007,203,order,benchmark,True,0.0,0.0,,,mock,0.0,,1783610712934947667,InstrumentType.Spot,11800374963033145421,OrderType.Limit,Direction.Long,65000.88,210015792,Side.Sell,,OrderStatus.Submitted,65000.88,1653898000,BTC-USDT,TimeCondition.GTC,1783610712934947667,0.001,0.001,0.0
4194834854,2837957847,1783610712935296321,1783610712935298498,203,order,benchmark,True,0.0,0.0,,,mock,0.0,,1783610712935296321,InstrumentType.Spot,11800374963033145422,OrderType.Limit,Direction.Long,65000.69,210017600,Side.Buy,,OrderStatus.Submitted,65000.69,1653898000,BTC-USDT,TimeCondition.GTC,1783610712935296321,0.001,0.001,0.0
4194834854,2837957847,1783610712935587465,1783610712935598965,203,order,benchmark,True,0.0,0.0,,,mock,0.0,,1783610712935587465,InstrumentType.Spot,11800374963033145423,OrderType.Limit,Direction.Long,65000.9,210019376,Side.Sell,,OrderStatus.Submitted,65000.9,1653898000,BTC-USDT,TimeCondition.GTC,1783610712935587465,0.001,0.001,0.0
4194834854,2837957847,1783610712935885842,1783610712935887774,203,order,benchmark,True,0.0,0.0,,,mock,0.0,,1783610712935885842,InstrumentType.Spot,11800374963033145424,OrderType.Limit,Direction.Long,65000.71,210021152,Side.Buy,,OrderStatus.Submitted,65000.71,1653898000,BTC-USDT,TimeCondition.GTC,1783610712935885842,0.001,0.001,0.0
4194834854,2837957847,1783610712936188088,1783610712936189982,203,order,benchmark,True,0.0,0.0,,,mock,0.0,,1783610712936188088,InstrumentType.Spot,11800374963033145425,OrderType.Limit,Direction.Long,65000.92,210022928,Side.Sell,,OrderStatus.Submitted,65000.92,1653898000,BTC-USDT,TimeCondition.GTC,1783610712936188088,0.001,0.001,0.0
4194834854,2837957847,1783610712936683470,1783610712936688942,203,order,benchmark,True,0.0,0.0,,,mock,0.0,,1783610712936683470,InstrumentType.Spot,11800374963033145426,OrderType.Limit,Direction.Long,65000.73,210024704,Side.Buy,,OrderStatus.Submitted,65000.73,1653898000,BTC-USDT,TimeCondition.GTC,1783610712936683470,0.001,0.001,0.0
4194834854,2837957847,1783610712937033710,1783610712937037003,203,order,benchmark,True,0.0,0.0,,,mock,0.0,,1783610712937033710,InstrumentType.Spot,11800374963033145427,OrderType.Limit,Direction.Long,65000.939999999995,210026480,Side.Sell,,OrderStatus.Submitted,65000.939999999995,1653898000,BTC-USDT,TimeCondition.GTC,1783610712937033710,0.001,0.001,0.0
4194834854,2837957847,1783610712937055131,1783610712937056644,203,order,benchmark,True,0.0,0.0,,,mock,0.0,,1783610712937055131,InstrumentType.Spot,11800374963033145428,OrderType.Limit,Direction.Long,65000.75,210028224,Side.Buy,,OrderStatus.Submitted,65000.75,1653898000,BTC-USDT,TimeCondition.GTC,1783610712937055131,0.001,0.001,0.0
4194834854,2837957847,1783610712937417052,1783610712937419765,203,order,benchmark,True,0.0,0.0,,,mock,0.0,,1783610712937417052,InstrumentType.Spot,11800374963033145429,OrderType.Limit,Direction.Long,65000.96,210030032,Side.Sell,,OrderStatus.Submitted,65000.96,1653898000,BTC-USDT,TimeCondition.GTC,1783610712937417052,0.001,0.001,0.0
4194834854,2837957847,1783610712938468452,1783610712938471859,203,order,benchmark,True,0.0,0.0,,,mock,0.0,,1783610712938468452,InstrumentType.Spot,11800374963033145430,OrderType.Limit,Direction.Long,65000.770000000004,210031808,Side.Buy,,OrderStatus.Submitted,65000.770000000004,1653898000,BTC-USDT,TimeCondition.GTC,1783610712938468452,0.001,0.001,0.0
4194834854,2837957847,1783610712938496095,1783610712938498483,203,order,benchmark,True,0.0,0.0,,,mock,0.0,,1783610712938496095,InstrumentType.Spot,11800374963033145431,OrderType.Limit,Direction.Long,65000.979999999996,210033552,Side.Sell,,OrderStatus.Submitted,65000.979999999996,1653898000,BTC-USDT,TimeCondition.GTC,1783610712938496095,0.001,0.001,0.0
4194834854,2837957847,1783610712938516777,1783610712938518957,203,order,benchmark,True,0.0,0.0,,,mock,0.0,,1783610712938516777,InstrumentType.Spot,11800374963033145432,OrderType.Limit,Direction.Long,65000.79,210035328,Side.Buy,,OrderStatus.Submitted,65000.79,1653898000,BTC-USDT,TimeCondition.GTC,1783610712938516777,0.001,0.001,0.0
4194834854,2837957847,1783610712938694585,1783610712938696425,203,order,benchmark,True,0.0,0.0,,,mock,0.0,,1783610712938694585,InstrumentType.Spot,11800374963033145433,OrderType.Limit,Direction.Long,65001.0,210037136,Side.Sell,,OrderStatus.Submitted,65001.0,1653898000,BTC-USDT,TimeCondition.GTC,1783610712938694585,0.001,0.001,0.0
4194834854,2837957847,1783610712939115219,1783610712939120081,203,order,benchmark,True,0.0,0.0,,,mock,0.0,,1783610712939115219,InstrumentType.Spot,11800374963033145434,OrderType.Limit,Direction.Long,65000.810000000005,210038912,Side.Buy,,OrderStatus.Submitted,65000.810000000005,1653898000,BTC-USDT,TimeCondition.GTC,1783610712939115219,0.001,0.001,0.0
4194834854,2837957847,1783610712939144169,1783610712939146444,203,order,benchmark,True,0.0,0.0,,,mock,0.0,,1783610712939144169,InstrumentType.Spot,11800374963033145435,OrderType.Limit,Direction.Long,65001.02,210040656,Side.Sell,,OrderStatus.Submitted,65001.02,1653898000,BTC-USDT,TimeCondition.GTC,1783610712939144169,0.001,0.001,0.0
4194834854,2837957847,1783610712939533963,1783610712939558135,203,order,benchmark,True,0.0,0.0,,,mock,0.0,,1783610712939533963,InstrumentType.Spot,11800374963033145436,OrderType.Limit,Direction.Long,65000.83,211849072,Side.Buy,,OrderStatus.Submitted,65000.83,1653898000,BTC-USDT,TimeCondition.GTC,1783610712939533963,0.001,0.001,0.0
4194834854,2837957847,1783610712939798239,1783610712939800231,203,order,benchmark,True,0.0,0.0,,,mock,0.0,,1783610712939798239,InstrumentType.Spot,11800374963033145437,OrderType.Limit,Direction.Long,65001.04,210015072,Side.Sell,,OrderStatus.Submitted,65001.04,1653898000,BTC-USDT,TimeCondition.GTC,1783610712939798239,0.001,0.001,0.0
4194834854,2837957847,1783610712940102393,1783610712940104414,203,order,benchmark,True,0.0,0.0,,,mock,0.0,,1783610712940102393,InstrumentType.Spot,11800374963033145438,OrderType.Limit,Direction.Long,65000.85,211852768,Side.Buy,,OrderStatus.Submitted,65000.85,1653898000,BTC-USDT,TimeCondition.GTC,1783610712940102393,0.001,0.001,0.0
4194834854,2837957847,1783610712940401098,1783610712940403358,203,order,benchmark,True,0.0,0.0,,,mock,0.0,,1783610712940401098,InstrumentType.Spot,11800374963033145439,OrderType.Limit,Direction.Long,65001.06,211854544,Side.Sell,,OrderStatus.Submitted,65001.06,1653898000,BTC-USDT,TimeCondition.GTC,1783610712940401098,0.001,0.001,0.0
4194834854,2837957847,1783610712940681855,1783610712940683910,203,order,benchmark,True,0.0,0.0,,,mock,0.0,,1783610712940681855,InstrumentType.Spot,11800374963033145440,OrderType.Limit,Direction.Long,65000.87,211856320,Side.Buy,,OrderStatus.Submitted,65000.87,1653898000,BTC-USDT,TimeCondition.GTC,1783610712940681855,0.001,0.001,0.0
4194834854,2837957847,1783610712940988593,1783610712940990676,203,order,benchmark,True,0.0,0.0,,,mock,0.0,,1783610712940988593,InstrumentType.Spot,11800374963033145441,OrderType.Limit,Direction.Long,65001.08,211858096,Side.Sell,,OrderStatus.Submitted,65001.08,1653898000,BTC-USDT,TimeCondition.GTC,1783610712940988593,0.001,0.001,0.0
4194834854,2837957847,1783610712941285785,1783610712941287816,203,order,benchmark,True,0.0,0.0,,,mock,0.0,,1783610712941285785,InstrumentType.Spot,11800374963033145442,OrderType.Limit,Direction.Long,65000.89,211859872,Side.Buy,,OrderStatus.Submitted,65000.89,1653898000,BTC-USDT,TimeCondition.GTC,1783610712941285785,0.001,0.001,0.0
4194834854,2837957847,1783610712941593238,1783610712941595438,203,order,benchmark,True,0.0,0.0,,,mock,0.0,,1783610712941593238,InstrumentType.Spot,11800374963033145443,OrderType.Limit,Direction.Long,65000.1,211861648,Side.Sell,,OrderStatus.Submitted,65000.1,1653898000,BTC-USDT,TimeCondition.GTC,1783610712941593238,0.001,0.001,0.0
4194834854,2837957847,1783610712941900968,1783610712941903228,203,order,benchmark,True,0.0,0.0,,,mock,0.0,,1783610712941900968,InstrumentType.Spot,11800374963033145444,OrderType.Limit,Direction.Long,64999.91,211863424,Side.Buy,,OrderStatus.Submitted,64999.91,1653898000,BTC-USDT,TimeCondition.GTC,1783610712941900968,0.001,0.001,0.0
4194834854,2837957847,1783610712942135967,1783610712942138867,203,order,benchmark,True,0.0,0.0,,,mock,0.0,,1783610712942135967,InstrumentType.Spot,11800374963033145445,OrderType.Limit,Direction.Long,65000.119999999995,211865200,Side.Sell,,OrderStatus.Submitted,65000.119999999995,1653898000,BTC-USDT,TimeCondition.GTC,1783610712942135967,0.001,0.001,0.0
4194834854,2837957847,1783610712942494231,1783610712942496442,203,order,benchmark,True,0.0,0.0,,,mock,0.0,,1783610712942494231,InstrumentType.Spot,11800374963033145446,OrderType.Limit,Direction.Long,64999.93,211866976,Side.Buy,,OrderStatus.Submitted,64999.93,1653898000,BTC-USDT,TimeCondition.GTC,1783610712942494231,0.001,0.001,0.0
4194834854,2837957847,1783610712942795757,1783610712942797824,203,order,benchmark,True,0.0,0.0,,,mock,0.0,,1783610712942795757,InstrumentType.Spot,11800374963033145447,OrderType.Limit,Direction.Long,65000.14,211868752,Side.Sell,,OrderStatus.Submitted,65000.14,1653898000,BTC-USDT,TimeCondition.GTC,1783610712942795757,0.001,0.001,0.0
4194834854,2837957847,1783610712943113696,1783610712943116412,203,order,benchmark,True,0.0,0.0,,,mock,0.0,,1783610712943113696,InstrumentType.Spot,11800374963033145448,OrderType.Limit,Direction.Long,64999.950000000004,211870528,Side.Buy,,OrderStatus.Submitted,64999.950000000004,1653898000,BTC-USDT,TimeCondition.GTC,1783610712943113696,0.001,0.001,0.0
4194834854,2837957847,1783610712943312896,1783610712943341619,203,order,benchmark,True,0.0,0.0,,,mock,0.0,,1783610712943312896,InstrumentType.Spot,11800374963033145449,OrderType.Limit,Direction.Long,65000.159999999996,211872304,Side.Sell,,OrderStatus.Submitted,65000.159999999996,1653898000,BTC-USDT,TimeCondition.GTC,1783610712943312896,0.001,0.001,0.0
4194834854,2837957847,1783610712943690340,1783610712943692596,203,order,benchmark,True,0.0,0.0,,,mock,0.0,,1783610712943690340,InstrumentType.Spot,11800374963033145450,OrderType.Limit,Direction.Long,64999.97,211874080,Side.Buy,,OrderStatus.Submitted,64999.97,1653898000,BTC-USDT,TimeCondition.GTC,1783610712943690340,0.001,0.001,0.0
4194834854,2837957847,1783610712944917113,1783610712944923509,203,order,benchmark,True,0.0,0.0,,,mock,0.0,,1783610712944917113,InstrumentType.Spot,11800374963033145451,OrderType.Limit,Direction.Long,65000.18,211875856,Side.Sell,,OrderStatus.Submitted,65000.18,1653898000,BTC-USDT,TimeCondition.GTC,1783610712944917113,0.001,0.001,0.0
4194834854,2837957847,1783610712944953801,1783610712944956307,203,order,benchmark,True,0.0,0.0,,,mock,0.0,,1783610712944953801,InstrumentType.Spot,11800374963033145452,OrderType.Limit,Direction.Long,64999.99,211877600,Side.Buy,,OrderStatus.Submitted,64999.99,1653898000,BTC-USDT,TimeCondition.GTC,1783610712944953801,0.001,0.001,0.0
4194834854,2837957847,1783610712944976044,1783610712944979065,203,order,benchmark,True,0.0,0.0,,,mock,0.0,,1783610712944976044,InstrumentType.Spot,11800374963033145453,OrderType.Limit,Direction.Long,65000.2,211880416,Side.Sell,,OrderStatus.Submitted,65000.2,1653898000,BTC-USDT,TimeCondition.GTC,1783610712944976044,0.001,0.001,0.0
4194834854,2837957847,1783610712945003853,1783610712945006103,203,order,benchmark,True,0.0,0.0,,,mock,0.0,,1783610712945003853,InstrumentType.Spot,11800374963033145454,OrderType.Limit,Direction.Long,65000.01,211882192,Side.Buy,,OrderStatus.Submitted,65000.01,1653898000,BTC-USDT,TimeCondition.GTC,1783610712945003853,0.001,0.001,0.0
4194834854,2837957847,1783610712945511870,1783610712945516303,203,order,benchmark,True,0.0,0.0,,,mock,0.0,,1783610712945511870,InstrumentType.Spot,11800374963033145455,OrderType.Limit,Direction.Long,65000.22,211884000,Side.Sell,,OrderStatus.Submitted,65000.22,1653898000,BTC-USDT,TimeCondition.GTC,1783610712945511870,0.001,0.001,0.0
4194834854,2837957847,1783610712945561177,1783610712945563793,203,order,benchmark,True,0.0,0.0,,,mock,0.0,,1783610712945561177,InstrumentType.Spot,11800374963033145456,OrderType.Limit,Direction.Long,65000.03,211885744,Side.Buy,,OrderStatus.Submitted,65000.03,1653898000,BTC-USDT,TimeCondition.GTC,1783610712945561177,0.001,0.001,0.0
4194834854,2837957847,1783610712945756629,1783610712945758750,203,order,benchmark,True,0.0,0.0,,,mock,0.0,,1783610712945756629,InstrumentType.Spot,11800374963033145457,OrderType.Limit,Direction.Long,65000.24,211887552,Side.Sell,,OrderStatus.Submitted,65000.24,1653898000,BTC-USDT,TimeCondition.GTC,1783610712945756629,0.001,0.001,0.0
4194834854,2837957847,1783610712946125387,1783610712946127803,203,order,benchmark,True,0.0,0.0,,,mock,0.0,,1783610712946125387,InstrumentType.Spot,11800374963033145458,OrderType.Limit,Direction.Long,65000.05,211889328,Side.Buy,,OrderStatus.Submitted,65000.05,1653898000,BTC-USDT,TimeCondition.GTC,1783610712946125387,0.001,0.001,0.0
4194834854,2837957847,1783610712946391469,1783610712946393661,203,order,benchmark,True,0.0,0.0,,,mock,0.0,,1783610712946391469,InstrumentType.Spot,11800374963033145459,OrderType.Limit,Direction.Long,65000.26,211891104,Side.Sell,,OrderStatus.Submitted,65000.26,1653898000,BTC-USDT,TimeCondition.GTC,1783610712946391469,0.001,0.001,0.0
4194834854,2837957847,1783610712946696376,1783610712946698550,203,order,benchmark,True,0.0,0.0,,,mock,0.0,,1783610712946696376,InstrumentType.Spot,11800374963033145460,OrderType.Limit,Direction.Long,65000.07,211892880,Side.Buy,,OrderStatus.Submitted,65000.07,1653898000,BTC-USDT,TimeCondition.GTC,1783610712946696376,0.001,0.001,0.0
4194834854,2837957847,1783610712947136180,1783610712947139596,203,order,benchmark,True,0.0,0.0,,,mock,0.0,,1783610712947136180,InstrumentType.Spot,11800374963033145461,OrderType.Limit,Direction.Long,65000.28,211894656,Side.Sell,,OrderStatus.Submitted,65000.28,1653898000,BTC-USDT,TimeCondition.GTC,1783610712947136180,0.001,0.001,0.0
4194834854,2837957847,1783610712947371635,1783610712947405900,203,order,benchmark,True,0.0,0.0,,,mock,0.0,,1783610712947371635,InstrumentType.Spot,11800374963033145462,OrderType.Limit,Direction.Long,65000.090000000004,211896432,Side.Buy,,OrderStatus.Submitted,65000.090000000004,1653898000,BTC-USDT,TimeCondition.GTC,1783610712947371635,0.001,0.001,0.0
4194834854,2837957847,1783610712947622287,1783610712947624684,203,order,benchmark,True,0.0,0.0,,,mock,0.0,,1783610712947622287,InstrumentType.Spot,11800374963033145463,OrderType.Limit,Direction.Long,65000.299999999996,211898208,Side.Sell,,OrderStatus.Submitted,65000.299999999996,1653898000,BTC-USDT,TimeCondition.GTC,1783610712947622287,0.001,0.001,0.0
4194834854,2837957847,1783610712947897488,1783610712947899766,203,order,benchmark,True,0.0,0.0,,,mock,0.0,,1783610712947897488,InstrumentType.Spot,11800374963033145464,OrderType.Limit,Direction.Long,65000.11,211899984,Side.Buy,,OrderStatus.Submitted,65000.11,1653898000,BTC-USDT,TimeCondition.GTC,1783610712947897488,0.001,0.001,0.0
4194834854,2837957847,1783610712948107352,1783610712948110423,203,order,benchmark,True,0.0,0.0,,,mock,0.0,,1783610712948107352,InstrumentType.Spot,11800374963033145465,OrderType.Limit,Direction.Long,65000.32,211901760,Side.Sell,,OrderStatus.Submitted,65000.32,1653898000,BTC-USDT,TimeCondition.GTC,1783610712948107352,0.001,0.001,0.0
4194834854,2837957847,1783610712948492186,1783610712948494298,203,order,benchmark,True,0.0,0.0,,,mock,0.0,,1783610712948492186,InstrumentType.Spot,11800374963033145466,OrderType.Limit,Direction.Long,65000.130000000005,211903536,Side.Buy,,OrderStatus.Submitted,65000.130000000005,1653898000,BTC-USDT,TimeCondition.GTC,1783610712948492186,0.001,0.001,0.0
4194834854,2837957847,1783610712948793278,1783610712948795546,203,order,benchmark,True,0.0,0.0,,,mock,0.0,,1783610712948793278,InstrumentType.Spot,11800374963033145467,OrderType.Limit,Direction.Long,65000.34,211905312,Side.Sell,,OrderStatus.Submitted,65000.34,1653898000,BTC-USDT,TimeCondition.GTC,1783610712948793278,0.001,0.001,0.0
4194834854,2837957847,1783610712949097968,1783610712949100043,203,order,benchmark,True,0.0,0.0,,,mock,0.0,,1783610712949097968,InstrumentType.Spot,11800374963033145468,OrderType.Limit,Direction.Long,65000.15,211907088,Side.Buy,,OrderStatus.Submitted,65000.15,1653898000,BTC-USDT,TimeCondition.GTC,1783610712949097968,0.001,0.001,0.0
4194834854,2837957847,1783610712949387078,1783610712949389172,203,order,benchmark,True,0.0,0.0,,,mock,0.0,,1783610712949387078,InstrumentType.Spot,11800374963033145469,OrderType.Limit,Direction.Long,65000.36,211908864,Side.Sell,,OrderStatus.Submitted,65000.36,1653898000,BTC-USDT,TimeCondition.GTC,1783610712949387078,0.001,0.001,0.0
4194834854,2837957847,1783610712949684768,1783610712949686825,203,order,benchmark,True,0.0,0.0,,,mock,0.0,,1783610712949684768,InstrumentType.Spot,11800374963033145470,OrderType.Limit,Direction.Long,65000.17,211910640,Side.Buy,,OrderStatus.Submitted,65000.17,1653898000,BTC-USDT,TimeCondition.GTC,1783610712949684768,0.001,0.001,0.0
4194834854,2837957847,1783610712950277875,1783610712950281428,203,order,benchmark,True,0.0,0.0,,,mock,0.0,,1783610712950277875,InstrumentType.Spot,11800374963033145471,OrderType.Limit,Direction.Long,65000.38,211912416,Side.Sell,,OrderStatus.Submitted,65000.38,1653898000,BTC-USDT,TimeCondition.GTC,1783610712950277875,0.001,0.001,0.0
4194834854,2837957847,1783610712950492113,1783610712950495635,203,order,benchmark,True,0.0,0.0,,,mock,0.0,,1783610712950492113,InstrumentType.Spot,11800374963033145472,OrderType.Limit,Direction.Long,65000.19,211914192,Side.Buy,,OrderStatus.Submitted,65000.19,1653898000,BTC-USDT,TimeCondition.GTC,1783610712950492113,0.001,0.001,0.0
4194834854,2837957847,1783610712950563027,1783610712950565458,203,order,benchmark,True,0.0,0.0,,,mock,0.0,,1783610712950563027,InstrumentType.Spot,11800374963033145473,OrderType.Limit,Direction.Long,65000.4,211879408,Side.Sell,,OrderStatus.Submitted,65000.4,1653898000,BTC-USDT,TimeCondition.GTC,1783610712950563027,0.001,0.001,0.0
4194834854,2837957847,1783610712950884132,1783610712950886376,203,order,benchmark,True,0.0,0.0,,,mock,0.0,,1783610712950884132,InstrumentType.Spot,11800374963033145474,OrderType.Limit,Direction.Long,65000.21,211917920,Side.Buy,,OrderStatus.Submitted,65000.21,1653898000,BTC-USDT,TimeCondition.GTC,1783610712950884132,0.001,0.001,0.0
4194834854,2837957847,1783610712951460033,1783610712951476216,203,order,benchmark,True,0.0,0.0,,,mock,0.0,,1783610712951460033,InstrumentType.Spot,11800374963033145475,OrderType.Limit,Direction.Long,65000.42,211919680,Side.Sell,,OrderStatus.Submitted,65000.42,1653898000,BTC-USDT,TimeCondition.GTC,1783610712951460033,0.001,0.001,0.0
4194834854,2837957847,1783610712951494502,1783610712951495974,203,order,benchmark,True,0.0,0.0,,,mock,0.0,,1783610712951494502,InstrumentType.Spot,11800374963033145476,OrderType.Limit,Direction.Long,65000.23,211921424,Side.Buy,,OrderStatus.Submitted,65000.23,1653898000,BTC-USDT,TimeCondition.GTC,1783610712951494502,0.001,0.001,0.0
4194834854,2837957847,1783610712951897740,1783610712951904006,203,order,benchmark,True,0.0,0.0,,,mock,0.0,,1783610712951897740,InstrumentType.Spot,11800374963033145477,OrderType.Limit,Direction.Long,65000.439999999995,211923232,Side.Sell,,OrderStatus.Submitted,65000.439999999995,1653898000,BTC-USDT,TimeCondition.GTC,1783610712951897740,0.001,0.001,0.0
4194834854,2837957847,1783610712952181529,1783610712952186966,203,order,benchmark,True,0.0,0.0,,,mock,0.0,,1783610712952181529,InstrumentType.Spot,11800374963033145478,OrderType.Limit,Direction.Long,65000.25,211925008,Side.Buy,,OrderStatus.Submitted,65000.25,1653898000,BTC-USDT,TimeCondition.GTC,1783610712952181529,0.001,0.001,0.0
4194834854,2837957847,1783610712952492117,1783610712952498181,203,order,benchmark,True,0.0,0.0,,,mock,0.0,,1783610712952492117,InstrumentType.Spot,11800374963033145479,OrderType.Limit,Direction.Long,65000.46,211926784,Side.Sell,,OrderStatus.Submitted,65000.46,1653898000,BTC-USDT,TimeCondition.GTC,1783610712952492117,0.001,0.001,0.0
4194834854,2837957847,1783610712952695668,1783610712952701211,203,order,benchmark,True,0.0,0.0,,,mock,0.0,,1783610712952695668,InstrumentType.Spot,11800374963033145480,OrderType.Limit,Direction.Long,65000.270000000004,211928560,Side.Buy,,OrderStatus.Submitted,65000.270000000004,1653898000,BTC-USDT,TimeCondition.GTC,1783610712952695668,0.001,0.001,0.0
4194834854,2837957847,1783610712953018819,1783610712953024377,203,order,benchmark,True,0.0,0.0,,,mock,0.0,,1783610712953018819,InstrumentType.Spot,11800374963033145481,OrderType.Limit,Direction.Long,65000.479999999996,211930336,Side.Sell,,OrderStatus.Submitted,65000.479999999996,1653898000,BTC-USDT,TimeCondition.GTC,1783610712953018819,0.001,0.001,0.0
4194834854,2837957847,1783610712953403205,1783610712953409947,203,order,benchmark,True,0.0,0.0,,,mock,0.0,,1783610712953403205,InstrumentType.Spot,11800374963033145482,OrderType.Limit,Direction.Long,65000.29,211932112,Side.Buy,,OrderStatus.Submitted,65000.29,1653898000,BTC-USDT,TimeCondition.GTC,1783610712953403205,0.001,0.001,0.0
4194834854,2837957847,1783610712953565199,1783610712953568592,203,order,benchmark,True,0.0,0.0,,,mock,0.0,,1783610712953565199,InstrumentType.Spot,11800374963033145483,OrderType.Limit,Direction.Long,65000.5,211933888,Side.Sell,,OrderStatus.Submitted,65000.5,1653898000,BTC-USDT,TimeCondition.GTC,1783610712953565199,0.001,0.001,0.0
4194834854,2837957847,1783610712954045497,1783610712954049333,203,order,benchmark,True,0.0,0.0,,,mock,0.0,,1783610712954045497,InstrumentType.Spot,11800374963033145484,OrderType.Limit,Direction.Long,65000.310000000005,211935664,Side.Buy,,OrderStatus.Submitted,65000.310000000005,1653898000,BTC-USDT,TimeCondition.GTC,1783610712954045497,0.001,0.001,0.0
4194834854,2837957847,1783610712954275345,1783610712954277773,203,order,benchmark,True,0.0,0.0,,,mock,0.0,,1783610712954275345,InstrumentType.Spot,11800374963033145485,OrderType.Limit,Direction.Long,65000.52,211937440,Side.Sell,,OrderStatus.Submitted,65000.52,1653898000,BTC-USDT,TimeCondition.GTC,1783610712954275345,0.001,0.001,0.0
4194834854,2837957847,1783610712954443695,1783610712954446985,203,order,benchmark,True,0.0,0.0,,,mock,0.0,,1783610712954443695,InstrumentType.Spot,11800374963033145486,OrderType.Limit,Direction.Long,65000.33,211939216,Side.Buy,,OrderStatus.Submitted,65000.33,1653898000,BTC-USDT,TimeCondition.GTC,1783610712954443695,0.001,0.001,0.0
4194834854,2837957847,1783610712954820670,1783610712954823165,203,order,benchmark,True,0.0,0.0,,,mock,0.0,,1783610712954820670,InstrumentType.Spot,11800374963033145487,OrderType.Limit,Direction.Long,65000.54,211940992,Side.Sell,,OrderStatus.Submitted,65000.54,1653898000,BTC-USDT,TimeCondition.GTC,1783610712954820670,0.001,0.001,0.0
4194834854,2837957847,1783610712955041806,1783610712955044874,203,order,benchmark,True,0.0,0.0,,,mock,0.0,,1783610712955041806,InstrumentType.Spot,11800374963033145488,OrderType.Limit,Direction.Long,65000.35,211942768,Side.Buy,,OrderStatus.Submitted,65000.35,1653898000,BTC-USDT,TimeCondition.GTC,1783610712955041806,0.001,0.001,0.0
4194834854,2837957847,1783610712955398539,1783610712955412226,203,order,benchmark,True,0.0,0.0,,,mock,0.0,,1783610712955398539,InstrumentType.Spot,11800374963033145489,OrderType.Limit,Direction.Long,65000.56,211944544,Side.Sell,,OrderStatus.Submitted,65000.56,1653898000,BTC-USDT,TimeCondition.GTC,1783610712955398539,0.001,0.001,0.0
4194834854,2837957847,1783610712955695347,1783610712955697426,203,order,benchmark,True,0.0,0.0,,,mock,0.0,,1783610712955695347,InstrumentType.Spot,11800374963033145490,OrderType.Limit,Direction.Long,65000.37,211946320,Side.Buy,,OrderStatus.Submitted,65000.37,1653898000,BTC-USDT,TimeCondition.GTC,1783610712955695347,0.001,0.001,0.0
4194834854,2837957847,1783610712955989995,1783610712955992026,203,order,benchmark,True,0.0,0.0,,,mock,0.0,,1783610712955989995,InstrumentType.Spot,11800374963033145491,OrderType.Limit,Direction.Long,65000.58,211948096,Side.Sell,,OrderStatus.Submitted,65000.58,1653898000,BTC-USDT,TimeCondition.GTC,1783610712955989995,0.001,0.001,0.0
4194834854,2837957847,1783610712956295919,1783610712956298190,203,order,benchmark,True,0.0,0.0,,,mock,0.0,,1783610712956295919,InstrumentType.Spot,11800374963033145492,OrderType.Limit,Direction.Long,65000.39,211949872,Side.Buy,,OrderStatus.Submitted,65000.39,1653898000,BTC-USDT,TimeCondition.GTC,1783610712956295919,0.001,0.001,0.0
4194834854,2837957847,1783610712956597924,1783610712956601120,203,order,benchmark,True,0.0,0.0,,,mock,0.0,,1783610712956597924,InstrumentType.Spot,11800374963033145493,OrderType.Limit,Direction.Long,65000.6,211915968,Side.Sell,,OrderStatus.Submitted,65000.6,1653898000,BTC-USDT,TimeCondition.GTC,1783610712956597924,0.001,0.001,0.0
4194834854,2837957847,1783610712956882461,1783610712956884284,203,order,benchmark,True,0.0,0.0,,,mock,0.0,,1783610712956882461,InstrumentType.Spot,11800374963033145494,OrderType.Limit,Direction.Long,65000.41,211953792,Side.Buy,,OrderStatus.Submitted,65000.41,1653898000,BTC-USDT,TimeCondition.GTC,1783610712956882461,0.001,0.001,0.0
4194834854,2837957847,1783610712957186117,1783610712957188034,203,order,benchmark,True,0.0,0.0,,,mock,0.0,,1783610712957186117,InstrumentType.Spot,11800374963033145495,OrderType.Limit,Direction.Long,65000.619999999995,211955392,Side.Sell,,OrderStatus.Submitted,65000.619999999995,1653898000,BTC-USDT,TimeCondition.GTC,1783610712957186117,0.001,0.001,0.0
4194834854,2837957847,1783610712957492192,1783610712957494351,203,order,benchmark,True,0.0,0.0,,,mock,0.0,,1783610712957492192,InstrumentType.Spot,11800374963033145496,OrderType.Limit,Direction.Long,65000.43,211957168,Side.Buy,,OrderStatus.Submitted,65000.43,1653898000,BTC-USDT,TimeCondition.GTC,1783610712957492192,0.001,0.001,0.0
4194834854,2837957847,1783610712957785246,1783610712957787299,203,order,benchmark,True,0.0,0.0,,,mock,0.0,,1783610712957785246,InstrumentType.Spot,11800374963033145497,OrderType.Limit,Direction.Long,65000.64,211958944,Side.Sell,,OrderStatus.Submitted,65000.64,1653898000,BTC-USDT,TimeCondition.GTC,1783610712957785246,0.001,0.001,0.0
4194834854,2837957847,1783610712958103266,1783610712958105232,203,order,benchmark,True,0.0,0.0,,,mock,0.0,,1783610712958103266,InstrumentType.Spot,11800374963033145498,OrderType.Limit,Direction.Long,65000.450000000004,211960720,Side.Buy,,OrderStatus.Submitted,65000.450000000004,1653898000,BTC-USDT,TimeCondition.GTC,1783610712958103266,0.001,0.001,0.0
4194834854,2837957847,1783610712958384821,1783610712958386800,203,order,benchmark,True,0.0,0.0,,,mock,0.0,,1783610712958384821,InstrumentType.Spot,11800374963033145499,OrderType.Limit,Direction.Long,65000.659999999996,211962496,Side.Sell,,OrderStatus.Submitted,65000.659999999996,1653898000,BTC-USDT,TimeCondition.GTC,1783610712958384821,0.001,0.001,0.0
4194834854,2837957847,1783610712958684956,1783610712958687001,203,order,benchmark,True,0.0,0.0,,,mock,0.0,,1783610712958684956,InstrumentType.Spot,11800374963033145500,OrderType.Limit,Direction.Long,65000.47,211964272,Side.Buy,,OrderStatus.Submitted,65000.47,1653898000,BTC-USDT,TimeCondition.GTC,1783610712958684956,0.001,0.001,0.0
4194834854,2837957847,1783610712958986506,1783610712958988589,203,order,benchmark,True,0.0,0.0,,,mock,0.0,,1783610712958986506,InstrumentType.Spot,11800374963033145501,OrderType.Limit,Direction.Long,65000.68,211966048,Side.Sell,,OrderStatus.Submitted,65000.68,1653898000,BTC-USDT,TimeCondition.GTC,1783610712958986506,0.001,0.001,0.0
4194834854,2837957847,1783610712959287216,1783610712959296755,203,order,benchmark,True,0.0,0.0,,,mock,0.0,,1783610712959287216,InstrumentType.Spot,11800374963033145502,OrderType.Limit,Direction.Long,65000.49,211967824,Side.Buy,,OrderStatus.Submitted,65000.49,1653898000,BTC-USDT,TimeCondition.GTC,1783610712959287216,0.001,0.001,0.0
4194834854,2837957847,1783610712959587761,1783610712959589623,203,order,benchmark,True,0.0,0.0,,,mock,0.0,,1783610712959587761,InstrumentType.Spot,11800374963033145503,OrderType.Limit,Direction.Long,65000.7,211969600,Side.Sell,,OrderStatus.Submitted,65000.7,1653898000,BTC-USDT,TimeCondition.GTC,1783610712959587761,0.001,0.001,0.0
4194834854,2837957847,1783610712959884102,1783610712959885945,203,order,benchmark,True,0.0,0.0,,,mock,0.0,,1783610712959884102,InstrumentType.Spot,11800374963033145504,OrderType.Limit,Direction.Long,65000.51,211971376,Side.Buy,,OrderStatus.Submitted,65000.51,1653898000,BTC-USDT,TimeCondition.GTC,1783610712959884102,0.001,0.001,0.0
4194834854,2837957847,1783610712960188424,1783610712960190410,203,order,benchmark,True,0.0,0.0,,,mock,0.0,,1783610712960188424,InstrumentType.Spot,11800374963033145505,OrderType.Limit,Direction.Long,65000.72,211973152,Side.Sell,,OrderStatus.Submitted,65000.72,1653898000,BTC-USDT,TimeCondition.GTC,1783610712960188424,0.001,0.001,0.0
4194834854,2837957847,1783610712960495102,1783610712960497280,203,order,benchmark,True,0.0,0.0,,,mock,0.0,,1783610712960495102,InstrumentType.Spot,11800374963033145506,OrderType.Limit,Direction.Long,65000.53,211974928,Side.Buy,,OrderStatus.Submitted,65000.53,1653898000,BTC-USDT,TimeCondition.GTC,1783610712960495102,0.001,0.001,0.0
4194834854,2837957847,1783610712960787977,1783610712960790311,203,order,benchmark,True,0.0,0.0,,,mock,0.0,,1783610712960787977,InstrumentType.Spot,11800374963033145507,OrderType.Limit,Direction.Long,65000.74,211976704,Side.Sell,,OrderStatus.Submitted,65000.74,1653898000,BTC-USDT,TimeCondition.GTC,1783610712960787977,0.001,0.001,0.0
4194834854,2837957847,1783610712961123350,1783610712961126915,203,order,benchmark,True,0.0,0.0,,,mock,0.0,,1783610712961123350,InstrumentType.Spot,11800374963033145508,OrderType.Limit,Direction.Long,65000.55,211978480,Side.Buy,,OrderStatus.Submitted,65000.55,1653898000,BTC-USDT,TimeCondition.GTC,1783610712961123350,0.001,0.001,0.0
4194834854,2837957847,1783610712961384176,1783610712961386330,203,order,benchmark,True,0.0,0.0,,,mock,0.0,,1783610712961384176,InstrumentType.Spot,11800374963033145509,OrderType.Limit,Direction.Long,65000.76,211980256,Side.Sell,,OrderStatus.Submitted,65000.76,1653898000,BTC-USDT,TimeCondition.GTC,1783610712961384176,0.001,0.001,0.0
4194834854,2837957847,1783610712961687124,1783610712961689363,203,order,benchmark,True,0.0,0.0,,,mock,0.0,,1783610712961687124,InstrumentType.Spot,11800374963033145510,OrderType.Limit,Direction.Long,65000.57,211982032,Side.Buy,,OrderStatus.Submitted,65000.57,1653898000,BTC-USDT,TimeCondition.GTC,1783610712961687124,0.001,0.001,0.0
4194834854,2837957847,1783610712961982854,1783610712961984805,203,order,benchmark,True,0.0,0.0,,,mock,0.0,,1783610712961982854,InstrumentType.Spot,11800374963033145511,OrderType.Limit,Direction.Long,65000.78,211983808,Side.Sell,,OrderStatus.Submitted,65000.78,1653898000,BTC-USDT,TimeCondition.GTC,1783610712961982854,0.001,0.001,0.0
4194834854,2837957847,1783610712962283540,1783610712962285522,203,order,benchmark,True,0.0,0.0,,,mock,0.0,,1783610712962283540,InstrumentType.Spot,11800374963033145512,OrderType.Limit,Direction.Long,65000.590000000004,211985584,Side.Buy,,OrderStatus.Submitted,65000.590000000004,1653898000,BTC-USDT,TimeCondition.GTC,1783610712962283540,0.001,0.001,0.0
4194834854,2837957847,1783610712962585881,1783610712962587982,203,order,benchmark,True,0.0,0.0,,,mock,0.0,,1783610712962585881,InstrumentType.Spot,11800374963033145513,OrderType.Limit,Direction.Long,65000.799999999996,211987360,Side.Sell,,OrderStatus.Submitted,65000.799999999996,1653898000,BTC-USDT,TimeCondition.GTC,1783610712962585881,0.001,0.001,0.0
4194834854,2837957847,1783610712962885507,1783610712962887667,203,order,benchmark,True,0.0,0.0,,,mock,0.0,,1783610712962885507,InstrumentType.Spot,11800374963033145514,OrderType.Limit,Direction.Long,65000.61,211989136,Side.Buy,,OrderStatus.Submitted,65000.61,1653898000,BTC-USDT,TimeCondition.GTC,1783610712962885507,0.001,0.001,0.0
4194834854,2837957847,1783610712963198075,1783610712963208711,203,order,benchmark,True,0.0,0.0,,,mock,0.0,,1783610712963198075,InstrumentType.Spot,11800374963033145515,OrderType.Limit,Direction.Long,65000.82,211990912,Side.Sell,,OrderStatus.Submitted,65000.82,1653898000,BTC-USDT,TimeCondition.GTC,1783610712963198075,0.001,0.001,0.0
4194834854,2837957847,1783610712963619410,1783610712963623034,203,order,benchmark,True,0.0,0.0,,,mock,0.0,,1783610712963619410,InstrumentType.Spot,11800374963033145516,OrderType.Limit,Direction.Long,65000.630000000005,211992688,Side.Buy,,OrderStatus.Submitted,65000.630000000005,1653898000,BTC-USDT,TimeCondition.GTC,1783610712963619410,0.001,0.001,0.0
4194834854,2837957847,1783610712963843653,1783610712963846451,203,order,benchmark,True,0.0,0.0,,,mock,0.0,,1783610712963843653,InstrumentType.Spot,11800374963033145517,OrderType.Limit,Direction.Long,65000.84,211951648,Side.Sell,,OrderStatus.Submitted,65000.84,1653898000,BTC-USDT,TimeCondition.GTC,1783610712963843653,0.001,0.001,0.0
4194834854,2837957847,1783610712964098804,1783610712964100958,203,order,benchmark,True,0.0,0.0,,,mock,0.0,,1783610712964098804,InstrumentType.Spot,11800374963033145518,OrderType.Limit,Direction.Long,65000.65,211952640,Side.Buy,,OrderStatus.Submitted,65000.65,1653898000,BTC-USDT,TimeCondition.GTC,1783610712964098804,0.001,0.001,0.0
4194834854,2837957847,1783610712964385495,1783610712964387340,203,order,benchmark,True,0.0,0.0,,,mock,0.0,,1783610712964385495,InstrumentType.Spot,11800374963033145519,OrderType.Limit,Direction.Long,65000.86,211998240,Side.Sell,,OrderStatus.Submitted,65000.86,1653898000,BTC-USDT,TimeCondition.GTC,1783610712964385495,0.001,0.001,0.0
4194834854,2837957847,1783610712964684494,1783610712964686445,203,order,benchmark,True,0.0,0.0,,,mock,0.0,,1783610712964684494,InstrumentType.Spot,11800374963033145520,OrderType.Limit,Direction.Long,65000.67,212000016,Side.Buy,,OrderStatus.Submitted,65000.67,1653898000,BTC-USDT,TimeCondition.GTC,1783610712964684494,0.001,0.001,0.0
4194834854,2837957847,1783610712964980860,1783610712964982737,203,order,benchmark,True,0.0,0.0,,,mock,0.0,,1783610712964980860,InstrumentType.Spot,11800374963033145521,OrderType.Limit,Direction.Long,65000.88,212001792,Side.Sell,,OrderStatus.Submitted,65000.88,1653898000,BTC-USDT,TimeCondition.GTC,1783610712964980860,0.001,0.001,0.0
4194834854,2837957847,1783610712965283535,1783610712965285672,203,order,benchmark,True,0.0,0.0,,,mock,0.0,,1783610712965283535,InstrumentType.Spot,11800374963033145522,OrderType.Limit,Direction.Long,65000.69,212003568,Side.Buy,,OrderStatus.Submitted,65000.69,1653898000,BTC-USDT,TimeCondition.GTC,1783610712965283535,0.001,0.001,0.0
4194834854,2837957847,1783610712965584136,1783610712965586073,203,order,benchmark,True,0.0,0.0,,,mock,0.0,,1783610712965584136,InstrumentType.Spot,11800374963033145523,OrderType.Limit,Direction.Long,65000.9,212005344,Side.Sell,,OrderStatus.Submitted,65000.9,1653898000,BTC-USDT,TimeCondition.GTC,1783610712965584136,0.001,0.001,0.0
4194834854,2837957847,1783610712965883182,1783610712965885175,203,order,benchmark,True,0.0,0.0,,,mock,0.0,,1783610712965883182,InstrumentType.Spot,11800374963033145524,OrderType.Limit,Direction.Long,65000.71,212007120,Side.Buy,,OrderStatus.Submitted,65000.71,1653898000,BTC-USDT,TimeCondition.GTC,1783610712965883182,0.001,0.001,0.0
4194834854,2837957847,1783610712966195984,1783610712966198196,203,order,benchmark,True,0.0,0.0,,,mock,0.0,,1783610712966195984,InstrumentType.Spot,11800374963033145525,OrderType.Limit,Direction.Long,65000.92,212008896,Side.Sell,,OrderStatus.Submitted,65000.92,1653898000,BTC-USDT,TimeCondition.GTC,1783610712966195984,0.001,0.001,0.0
4194834854,2837957847,1783610712966483924,1783610712966485888,203,order,benchmark,True,0.0,0.0,,,mock,0.0,,1783610712966483924,InstrumentType.Spot,11800374963033145526,OrderType.Limit,Direction.Long,65000.73,212010672,Side.Buy,,OrderStatus.Submitted,65000.73,1653898000,BTC-USDT,TimeCondition.GTC,1783610712966483924,0.001,0.001,0.0
4194834854,2837957847,1783610712966786229,1783610712966788245,203,order,benchmark,True,0.0,0.0,,,mock,0.0,,1783610712966786229,InstrumentType.Spot,11800374963033145527,OrderType.Limit,Direction.Long,65000.939999999995,212012448,Side.Sell,,OrderStatus.Submitted,65000.939999999995,1653898000,BTC-USDT,TimeCondition.GTC,1783610712966786229,0.001,0.001,0.0
4194834854,2837957847,1783610712967093330,1783610712967103985,203,order,benchmark,True,0.0,0.0,,,mock,0.0,,1783610712967093330,InstrumentType.Spot,11800374963033145528,OrderType.Limit,Direction.Long,65000.75,212014224,Side.Buy,,OrderStatus.Submitted,65000.75,1653898000,BTC-USDT,TimeCondition.GTC,1783610712967093330,0.001,0.001,0.0
4194834854,2837957847,1783610712967384707,1783610712967386752,203,order,benchmark,True,0.0,0.0,,,mock,0.0,,1783610712967384707,InstrumentType.Spot,11800374963033145529,OrderType.Limit,Direction.Long,65000.96,212016000,Side.Sell,,OrderStatus.Submitted,65000.96,1653898000,BTC-USDT,TimeCondition.GTC,1783610712967384707,0.001,0.001,0.0
4194834854,2837957847,1783610712967686719,1783610712967688843,203,order,benchmark,True,0.0,0.0,,,mock,0.0,,1783610712967686719,InstrumentType.Spot,11800374963033145530,OrderType.Limit,Direction.Long,65000.770000000004,212017776,Side.Buy,,OrderStatus.Submitted,65000.770000000004,1653898000,BTC-USDT,TimeCondition.GTC,1783610712967686719,0.001,0.001,0.0
4194834854,2837957847,1783610712968083665,1783610712968086061,203,order,benchmark,True,0.0,0.0,,,mock,0.0,,1783610712968083665,InstrumentType.Spot,11800374963033145531,OrderType.Limit,Direction.Long,65000.979999999996,212019552,Side.Sell,,OrderStatus.Submitted,65000.979999999996,1653898000,BTC-USDT,TimeCondition.GTC,1783610712968083665,0.001,0.001,0.0
4194834854,2837957847,1783610712968282999,1783610712968286171,203,order,benchmark,True,0.0,0.0,,,mock,0.0,,1783610712968282999,InstrumentType.Spot,11800374963033145532,OrderType.Limit,Direction.Long,65000.79,212021328,Side.Buy,,OrderStatus.Submitted,65000.79,1653898000,BTC-USDT,TimeCondition.GTC,1783610712968282999,0.001,0.001,0.0
4194834854,2837957847,1783610712968585337,1783610712968587394,203,order,benchmark,True,0.0,0.0,,,mock,0.0,,1783610712968585337,InstrumentType.Spot,11800374963033145533,OrderType.Limit,Direction.Long,65001.0,212023104,Side.Sell,,OrderStatus.Submitted,65001.0,1653898000,BTC-USDT,TimeCondition.GTC,1783610712968585337,0.001,0.001,0.0
4194834854,2837957847,1783610712968891999,1783610712968894267,203,order,benchmark,True,0.0,0.0,,,mock,0.0,,1783610712968891999,InstrumentType.Spot,11800374963033145534,OrderType.Limit,Direction.Long,65000.810000000005,212024880,Side.Buy,,OrderStatus.Submitted,65000.810000000005,1653898000,BTC-USDT,TimeCondition.GTC,1783610712968891999,0.001,0.001,0.0
4194834854,2837957847,1783610712969185972,1783610712969187848,203,order,benchmark,True,0.0,0.0,,,mock,0.0,,1783610712969185972,InstrumentType.Spot,11800374963033145535,OrderType.Limit,Direction.Long,65001.02,212026656,Side.Sell,,OrderStatus.Submitted,65001.02,1653898000,BTC-USDT,TimeCondition.GTC,1783610712969185972,0.001,0.001,0.0
4194834854,2837957847,1783610712969484979,1783610712969486870,203,order,benchmark,True,0.0,0.0,,,mock,0.0,,1783610712969484979,InstrumentType.Spot,11800374963033145536,OrderType.Limit,Direction.Long,65000.83,212028432,Side.Buy,,OrderStatus.Submitted,65000.83,1653898000,BTC-USDT,TimeCondition.GTC,1783610712969484979,0.001,0.001,0.0
4194834854,2837957847,1783610712969904651,1783610712969906837,203,order,benchmark,True,0.0,0.0,,,mock,0.0,,1783610712969904651,InstrumentType.Spot,11800374963033145537,OrderType.Limit,Direction.Long,65001.04,212030208,Side.Sell,,OrderStatus.Submitted,65001.04,1653898000,BTC-USDT,TimeCondition.GTC,1783610712969904651,0.001,0.001,0.0
4194834854,2837957847,1783610712970376313,1783610712970379611,203,order,benchmark,True,0.0,0.0,,,mock,0.0,,1783610712970376313,InstrumentType.Spot,11800374963033145538,OrderType.Limit,Direction.Long,65000.85,212031984,Side.Buy,,OrderStatus.Submitted,65000.85,1653898000,BTC-USDT,TimeCondition.GTC,1783610712970376313,0.001,0.001,0.0
4194834854,2837957847,1783610712970417353,1783610712970419616,203,order,benchmark,True,0.0,0.0,,,mock,0.0,,1783610712970417353,InstrumentType.Spot,11800374963033145539,OrderType.Limit,Direction.Long,65001.06,212033728,Side.Sell,,OrderStatus.Submitted,65001.06,1653898000,BTC-USDT,TimeCondition.GTC,1783610712970417353,0.001,0.001,0.0
4194834854,2837957847,1783610712970693903,1783610712970696019,203,order,benchmark,True,0.0,0.0,,,mock,0.0,,1783610712970693903,InstrumentType.Spot,11800374963033145540,OrderType.Limit,Direction.Long,65000.87,212035536,Side.Buy,,OrderStatus.Submitted,65000.87,1653898000,BTC-USDT,TimeCondition.GTC,1783610712970693903,0.001,0.001,0.0
4194834854,2837957847,1783610712971582944,1783610712971589794,203,order,benchmark,True,0.0,0.0,,,mock,0.0,,1783610712971582944,InstrumentType.Spot,11800374963033145541,OrderType.Limit,Direction.Long,65001.08,212037312,Side.Sell,,OrderStatus.Submitted,65001.08,1653898000,BTC-USDT,TimeCondition.GTC,1783610712971582944,0.001,0.001,0.0
4194834854,2837957847,1783610712971619163,1783610712971646031,203,order,benchmark,True,0.0,0.0,,,mock,0.0,,1783610712971619163,InstrumentType.Spot,11800374963033145542,OrderType.Limit,Direction.Long,65000.89,212039088,Side.Buy,,OrderStatus.Submitted,65000.89,1653898000,BTC-USDT,TimeCondition.GTC,1783610712971619163,0.001,0.001,0.0
4194834854,2837957847,1783610712971667161,1783610712971669579,203,order,benchmark,True,0.0,0.0,,,mock,0.0,,1783610712971667161,InstrumentType.Spot,11800374963033145543,OrderType.Limit,Direction.Long,65000.1,212040832,Side.Sell,,OrderStatus.Submitted,65000.1,1653898000,BTC-USDT,TimeCondition.GTC,1783610712971667161,0.001,0.001,0.0
4194834854,2837957847,1783610712971919583,1783610712971922537,203,order,benchmark,True,0.0,0.0,,,mock,0.0,,1783610712971919583,InstrumentType.Spot,11800374963033145544,OrderType.Limit,Direction.Long,64999.91,212042640,Side.Buy,,OrderStatus.Submitted,64999.91,1653898000,BTC-USDT,TimeCondition.GTC,1783610712971919583,0.001,0.001,0.0
4194834854,2837957847,1783610712972326579,1783610712972329978,203,order,benchmark,True,0.0,0.0,,,mock,0.0,,1783610712972326579,InstrumentType.Spot,11800374963033145545,OrderType.Limit,Direction.Long,65000.119999999995,211994464,Side.Sell,,OrderStatus.Submitted,65000.119999999995,1653898000,BTC-USDT,TimeCondition.GTC,1783610712972326579,0.001,0.001,0.0
4194834854,2837957847,1783610712972712464,1783610712972715603,203,order,benchmark,True,0.0,0.0,,,mock,0.0,,1783610712972712464,InstrumentType.Spot,11800374963033145546,OrderType.Limit,Direction.Long,64999.93,211995456,Side.Buy,,OrderStatus.Submitted,64999.93,1653898000,BTC-USDT,TimeCondition.GTC,1783610712972712464,0.001,0.001,0.0
4194834854,2837957847,1783610712973007452,1783610712973013225,203,order,benchmark,True,0.0,0.0,,,mock,0.0,,1783610712973007452,InstrumentType.Spot,11800374963033145547,OrderType.Limit,Direction.Long,65000.14,212048224,Side.Sell,,OrderStatus.Submitted,65000.14,1653898000,BTC-USDT,TimeCondition.GTC,1783610712973007452,0.001,0.001,0.0
4194834854,2837957847,1783610712973038958,1783610712973041129,203,order,benchmark,True,0.0,0.0,,,mock,0.0,,1783610712973038958,InstrumentType.Spot,11800374963033145548,OrderType.Limit,Direction.Long,64999.950000000004,212049968,Side.Buy,,OrderStatus.Submitted,64999.950000000004,1653898000,BTC-USDT,TimeCondition.GTC,1783610712973038958,0.001,0.001,0.0
4194834854,2837957847,1783610712973334487,1783610712973336868,203,order,benchmark,True,0.0,0.0,,,mock,0.0,,1783610712973334487,InstrumentType.Spot,11800374963033145549,OrderType.Limit,Direction.Long,65000.159999999996,212051776,Side.Sell,,OrderStatus.Submitted,65000.159999999996,1653898000,BTC-USDT,TimeCondition.GTC,1783610712973334487,0.001,0.001,0.0
4194834854,2837957847,1783610712973687658,1783610712973689763,203,order,benchmark,True,0.0,0.0,,,mock,0.0,,1783610712973687658,InstrumentType.Spot,11800374963033145550,OrderType.Limit,Direction.Long,64999.97,212053552,Side.Buy,,OrderStatus.Submitted,64999.97,1653898000,BTC-USDT,TimeCondition.GTC,1783610712973687658,0.001,0.001,0.0
4194834854,2837957847,1783610712973989235,1783610712973991414,203,order,benchmark,True,0.0,0.0,,,mock,0.0,,1783610712973989235,InstrumentType.Spot,11800374963033145551,OrderType.Limit,Direction.Long,65000.18,212055328,Side.Sell,,OrderStatus.Submitted,65000.18,1653898000,BTC-USDT,TimeCondition.GTC,1783610712973989235,0.001,0.001,0.0
4194834854,2837957847,1783610712974429189,1783610712974432209,203,order,benchmark,True,0.0,0.0,,,mock,0.0,,1783610712974429189,InstrumentType.Spot,11800374963033145552,OrderType.Limit,Direction.Long,64999.99,212057104,Side.Buy,,OrderStatus.Submitted,64999.99,1653898000,BTC-USDT,TimeCondition.GTC,1783610712974429189,0.001,0.001,0.0
4194834854,2837957847,1783610712974663194,1783610712974665659,203,order,benchmark,True,0.0,0.0,,,mock,0.0,,1783610712974663194,InstrumentType.Spot,11800374963033145553,OrderType.Limit,Direction.Long,65000.2,212058880,Side.Sell,,OrderStatus.Submitted,65000.2,1653898000,BTC-USDT,TimeCondition.GTC,1783610712974663194,0.001,0.001,0.0
4194834854,2837957847,1783610712974919193,1783610712974921493,203,order,benchmark,True,0.0,0.0,,,mock,0.0,,1783610712974919193,InstrumentType.Spot,11800374963033145554,OrderType.Limit,Direction.Long,65000.01,212060656,Side.Buy,,OrderStatus.Submitted,65000.01,1653898000,BTC-USDT,TimeCondition.GTC,1783610712974919193,0.001,0.001,0.0
4194834854,2837957847,1783610712975335430,1783610712975353194,203,order,benchmark,True,0.0,0.0,,,mock,0.0,,1783610712975335430,InstrumentType.Spot,11800374963033145555,OrderType.Limit,Direction.Long,65000.22,212062432,Side.Sell,,OrderStatus.Submitted,65000.22,1653898000,BTC-USDT,TimeCondition.GTC,1783610712975335430,0.001,0.001,0.0
4194834854,2837957847,1783610712975527427,1783610712975529576,203,order,benchmark,True,0.0,0.0,,,mock,0.0,,1783610712975527427,InstrumentType.Spot,11800374963033145556,OrderType.Limit,Direction.Long,65000.03,212064208,Side.Buy,,OrderStatus.Submitted,65000.03,1653898000,BTC-USDT,TimeCondition.GTC,1783610712975527427,0.001,0.001,0.0
4194834854,2837957847,1783610712975814345,1783610712975816786,203,order,benchmark,True,0.0,0.0,,,mock,0.0,,1783610712975814345,InstrumentType.Spot,11800374963033145557,OrderType.Limit,Direction.Long,65000.24,212065984,Side.Sell,,OrderStatus.Submitted,65000.24,1653898000,BTC-USDT,TimeCondition.GTC,1783610712975814345,0.001,0.001,0.0
4194834854,2837957847,1783610712976409589,1783610712976412190,203,order,benchmark,True,0.0,0.0,,,mock,0.0,,1783610712976409589,InstrumentType.Spot,11800374963033145558,OrderType.Limit,Direction.Long,65000.05,212067760,Side.Buy,,OrderStatus.Submitted,65000.05,1653898000,BTC-USDT,TimeCondition.GTC,1783610712976409589,0.001,0.001,0.0
4194834854,2837957847,1783610712976430039,1783610712976431724,203,order,benchmark,True,0.0,0.0,,,mock,0.0,,1783610712976430039,InstrumentType.Spot,11800374963033145559,OrderType.Limit,Direction.Long,65000.26,212069536,Side.Sell,,OrderStatus.Submitted,65000.26,1653898000,BTC-USDT,TimeCondition.GTC,1783610712976430039,0.001,0.001,0.0
4194834854,2837957847,1783610712976769530,1783610712976776303,203,order,benchmark,True,0.0,0.0,,,mock,0.0,,1783610712976769530,InstrumentType.Spot,11800374963033145560,OrderType.Limit,Direction.Long,65000.07,212071312,Side.Buy,,OrderStatus.Submitted,65000.07,1653898000,BTC-USDT,TimeCondition.GTC,1783610712976769530,0.001,0.001,0.0
4194834854,2837957847,1783610712977022139,1783610712977028417,203,order,benchmark,True,0.0,0.0,,,mock,0.0,,1783610712977022139,InstrumentType.Spot,11800374963033145561,OrderType.Limit,Direction.Long,65000.28,212073088,Side.Sell,,OrderStatus.Submitted,65000.28,1653898000,BTC-USDT,TimeCondition.GTC,1783610712977022139,0.001,0.001,0.0
4194834854,2837957847,1783610712977353271,1783610712977356771,203,order,benchmark,True,0.0,0.0,,,mock,0.0,,1783610712977353271,InstrumentType.Spot,11800374963033145562,OrderType.Limit,Direction.Long,65000.090000000004,212074864,Side.Buy,,OrderStatus.Submitted,65000.090000000004,1653898000,BTC-USDT,TimeCondition.GTC,1783610712977353271,0.001,0.001,0.0
4194834854,2837957847,1783610712977661393,1783610712977664054,203,order,benchmark,True,0.0,0.0,,,mock,0.0,,1783610712977661393,InstrumentType.Spot,11800374963033145563,OrderType.Limit,Direction.Long,65000.299999999996,212076640,Side.Sell,,OrderStatus.Submitted,65000.299999999996,1653898000,BTC-USDT,TimeCondition.GTC,1783610712977661393,0.001,0.001,0.0
4194834854,2837957847,1783610712977883839,1783610712977886996,203,order,benchmark,True,0.0,0.0,,,mock,0.0,,1783610712977883839,InstrumentType.Spot,11800374963033145564,OrderType.Limit,Direction.Long,65000.11,212078416,Side.Buy,,OrderStatus.Submitted,65000.11,1653898000,BTC-USDT,TimeCondition.GTC,1783610712977883839,0.001,0.001,0.0
4194834854,2837957847,1783610712978197965,1783610712978200126,203,order,benchmark,True,0.0,0.0,,,mock,0.0,,1783610712978197965,InstrumentType.Spot,11800374963033145565,OrderType.Limit,Direction.Long,65000.32,212080192,Side.Sell,,OrderStatus.Submitted,65000.32,1653898000,BTC-USDT,TimeCondition.GTC,1783610712978197965,0.001,0.001,0.0
4194834854,2837957847,1783610712978496024,1783610712978498355,203,order,benchmark,True,0.0,0.0,,,mock,0.0,,1783610712978496024,InstrumentType.Spot,11800374963033145566,OrderType.Limit,Direction.Long,65000.130000000005,212081968,Side.Buy,,OrderStatus.Submitted,65000.130000000005,1653898000,BTC-USDT,TimeCondition.GTC,1783610712978496024,0.001,0.001,0.0
4194834854,2837957847,1783610712978789785,1783610712978792114,203,order,benchmark,True,0.0,0.0,,,mock,0.0,,1783610712978789785,InstrumentType.Spot,11800374963033145567,OrderType.Limit,Direction.Long,65000.34,212083744,Side.Sell,,OrderStatus.Submitted,65000.34,1653898000,BTC-USDT,TimeCondition.GTC,1783610712978789785,0.001,0.001,0.0
4194834854,2837957847,1783610712979083509,1783610712979100751,203,order,benchmark,True,0.0,0.0,,,mock,0.0,,1783610712979083509,InstrumentType.Spot,11800374963033145568,OrderType.Limit,Direction.Long,65000.15,212085520,Side.Buy,,OrderStatus.Submitted,65000.15,1653898000,BTC-USDT,TimeCondition.GTC,1783610712979083509,0.001,0.001,0.0
4194834854,2837957847,1783610712979394743,1783610712979396888,203,order,benchmark,True,0.0,0.0,,,mock,0.0,,1783610712979394743,InstrumentType.Spot,11800374963033145569,OrderType.Limit,Direction.Long,65000.36,212087296,Side.Sell,,OrderStatus.Submitted,65000.36,1653898000,BTC-USDT,TimeCondition.GTC,1783610712979394743,0.001,0.001,0.0
4194834854,2837957847,1783610712979690405,1783610712979692643,203,order,benchmark,True,0.0,0.0,,,mock,0.0,,1783610712979690405,InstrumentType.Spot,11800374963033145570,OrderType.Limit,Direction.Long,65000.17,212089072,Side.Buy,,OrderStatus.Submitted,65000.17,1653898000,BTC-USDT,TimeCondition.GTC,1783610712979690405,0.001,0.001,0.0
4194834854,2837957847,1783610712979987874,1783610712979990086,203,order,benchmark,True,0.0,0.0,,,mock,0.0,,1783610712979987874,InstrumentType.Spot,11800374963033145571,OrderType.Limit,Direction.Long,65000.38,212090848,Side.Sell,,OrderStatus.Submitted,65000.38,1653898000,BTC-USDT,TimeCondition.GTC,1783610712979987874,0.001,0.001,0.0
4194834854,2837957847,1783610712980362353,1783610712980364901,203,order,benchmark,True,0.0,0.0,,,mock,0.0,,1783610712980362353,InstrumentType.Spot,11800374963033145572,OrderType.Limit,Direction.Long,65000.19,212092624,Side.Buy,,OrderStatus.Submitted,65000.19,1653898000,BTC-USDT,TimeCondition.GTC,1783610712980362353,0.001,0.001,0.0
4194834854,2837957847,1783610712980578191,1783610712980580200,203,order,benchmark,True,0.0,0.0,,,mock,0.0,,1783610712980578191,InstrumentType.Spot,11800374963033145573,OrderType.Limit,Direction.Long,65000.4,212094400,Side.Sell,,OrderStatus.Submitted,65000.4,1653898000,BTC-USDT,TimeCondition.GTC,1783610712980578191,0.001,0.001,0.0
4194834854,2837957847,1783610712980888385,1783610712980890489,203,order,benchmark,True,0.0,0.0,,,mock,0.0,,1783610712980888385,InstrumentType.Spot,11800374963033145574,OrderType.Limit,Direction.Long,65000.21,212096176,Side.Buy,,OrderStatus.Submitted,65000.21,1653898000,BTC-USDT,TimeCondition.GTC,1783610712980888385,0.001,0.001,0.0
4194834854,2837957847,1783610712981185993,1783610712981188192,203,order,benchmark,True,0.0,0.0,,,mock,0.0,,1783610712981185993,InstrumentType.Spot,11800374963033145575,OrderType.Limit,Direction.Long,65000.42,212097952,Side.Sell,,OrderStatus.Submitted,65000.42,1653898000,BTC-USDT,TimeCondition.GTC,1783610712981185993,0.001,0.001,0.0
4194834854,2837957847,1783610712981486909,1783610712981489123,203,order,benchmark,True,0.0,0.0,,,mock,0.0,,1783610712981486909,InstrumentType.Spot,11800374963033145576,OrderType.Limit,Direction.Long,65000.23,212099728,Side.Buy,,OrderStatus.Submitted,65000.23,1653898000,BTC-USDT,TimeCondition.GTC,1783610712981486909,0.001,0.001,0.0
4194834854,2837957847,1783610712981785547,1783610712981787443,203,order,benchmark,True,0.0,0.0,,,mock,0.0,,1783610712981785547,InstrumentType.Spot,11800374963033145577,OrderType.Limit,Direction.Long,65000.439999999995,212044416,Side.Sell,,OrderStatus.Submitted,65000.439999999995,1653898000,BTC-USDT,TimeCondition.GTC,1783610712981785547,0.001,0.001,0.0
4194834854,2837957847,1783610712982103007,1783610712982105131,203,order,benchmark,True,0.0,0.0,,,mock,0.0,,1783610712982103007,InstrumentType.Spot,11800374963033145578,OrderType.Limit,Direction.Long,65000.25,212103632,Side.Buy,,OrderStatus.Submitted,65000.25,1653898000,BTC-USDT,TimeCondition.GTC,1783610712982103007,0.001,0.001,0.0
4194834854,2837957847,1783610712982509397,1783610712982511575,203,order,benchmark,True,0.0,0.0,,,mock,0.0,,1783610712982509397,InstrumentType.Spot,11800374963033145579,OrderType.Limit,Direction.Long,65000.46,212105344,Side.Sell,,OrderStatus.Submitted,65000.46,1653898000,BTC-USDT,TimeCondition.GTC,1783610712982509397,0.001,0.001,0.0
4194834854,2837957847,1783610712982733529,1783610712982735570,203,order,benchmark,True,0.0,0.0,,,mock,0.0,,1783610712982733529,InstrumentType.Spot,11800374963033145580,OrderType.Limit,Direction.Long,65000.270000000004,212107120,Side.Buy,,OrderStatus.Submitted,65000.270000000004,1653898000,BTC-USDT,TimeCondition.GTC,1783610712982733529,0.001,0.001,0.0
4194834854,2837957847,1783610712982986347,1783610712983005456,203,order,benchmark,True,0.0,0.0,,,mock,0.0,,1783610712982986347,InstrumentType.Spot,11800374963033145581,OrderType.Limit,Direction.Long,65000.479999999996,212108896,Side.Sell,,OrderStatus.Submitted,65000.479999999996,1653898000,BTC-USDT,TimeCondition.GTC,1783610712982986347,0.001,0.001,0.0
4194834854,2837957847,1783610712983312948,1783610712983316595,203,order,benchmark,True,0.0,0.0,,,mock,0.0,,1783610712983312948,InstrumentType.Spot,11800374963033145582,OrderType.Limit,Direction.Long,65000.29,212110672,Side.Buy,,OrderStatus.Submitted,65000.29,1653898000,BTC-USDT,TimeCondition.GTC,1783610712983312948,0.001,0.001,0.0
4194834854,2837957847,1783610712983595944,1783610712983597974,203,order,benchmark,True,0.0,0.0,,,mock,0.0,,1783610712983595944,InstrumentType.Spot,11800374963033145583,OrderType.Limit,Direction.Long,65000.5,212112448,Side.Sell,,OrderStatus.Submitted,65000.5,1653898000,BTC-USDT,TimeCondition.GTC,1783610712983595944,0.001,0.001,0.0
4194834854,2837957847,1783610712983880468,1783610712983882711,203,order,benchmark,True,0.0,0.0,,,mock,0.0,,1783610712983880468,InstrumentType.Spot,11800374963033145584,OrderType.Limit,Direction.Long,65000.310000000005,212114224,Side.Buy,,OrderStatus.Submitted,65000.310000000005,1653898000,BTC-USDT,TimeCondition.GTC,1783610712983880468,0.001,0.001,0.0
4194834854,2837957847,1783610712984186976,1783610712984189012,203,order,benchmark,True,0.0,0.0,,,mock,0.0,,1783610712984186976,InstrumentType.Spot,11800374963033145585,OrderType.Limit,Direction.Long,65000.52,212116000,Side.Sell,,OrderStatus.Submitted,65000.52,1653898000,BTC-USDT,TimeCondition.GTC,1783610712984186976,0.001,0.001,0.0
4194834854,2837957847,1783610712984489698,1783610712984491940,203,order,benchmark,True,0.0,0.0,,,mock,0.0,,1783610712984489698,InstrumentType.Spot,11800374963033145586,OrderType.Limit,Direction.Long,65000.33,212117776,Side.Buy,,OrderStatus.Submitted,65000.33,1653898000,BTC-USDT,TimeCondition.GTC,1783610712984489698,0.001,0.001,0.0
4194834854,2837957847,1783610712984793921,1783610712984795990,203,order,benchmark,True,0.0,0.0,,,mock,0.0,,1783610712984793921,InstrumentType.Spot,11800374963033145587,OrderType.Limit,Direction.Long,65000.54,212119552,Side.Sell,,OrderStatus.Submitted,65000.54,1653898000,BTC-USDT,TimeCondition.GTC,1783610712984793921,0.001,0.001,0.0
4194834854,2837957847,1783610712985109967,1783610712985112391,203,order,benchmark,True,0.0,0.0,,,mock,0.0,,1783610712985109967,InstrumentType.Spot,11800374963033145588,OrderType.Limit,Direction.Long,65000.35,212121328,Side.Buy,,OrderStatus.Submitted,65000.35,1653898000,BTC-USDT,TimeCondition.GTC,1783610712985109967,0.001,0.001,0.0
4194834854,2837957847,1783610712985405481,1783610712985407771,203,order,benchmark,True,0.0,0.0,,,mock,0.0,,1783610712985405481,InstrumentType.Spot,11800374963033145589,OrderType.Limit,Direction.Long,65000.56,212123104,Side.Sell,,OrderStatus.Submitted,65000.56,1653898000,BTC-USDT,TimeCondition.GTC,1783610712985405481,0.001,0.001,0.0
4194834854,2837957847,1783610712985696672,1783610712985698873,203,order,benchmark,True,0.0,0.0,,,mock,0.0,,1783610712985696672,InstrumentType.Spot,11800374963033145590,OrderType.Limit,Direction.Long,65000.37,212124880,Side.Buy,,OrderStatus.Submitted,65000.37,1653898000,BTC-USDT,TimeCondition.GTC,1783610712985696672,0.001,0.001,0.0
4194834854,2837957847,1783610712986005886,1783610712986009185,203,order,benchmark,True,0.0,0.0,,,mock,0.0,,1783610712986005886,InstrumentType.Spot,11800374963033145591,OrderType.Limit,Direction.Long,65000.58,212126656,Side.Sell,,OrderStatus.Submitted,65000.58,1653898000,BTC-USDT,TimeCondition.GTC,1783610712986005886,0.001,0.001,0.0
4194834854,2837957847,1783610712986322501,1783610712986325245,203,order,benchmark,True,0.0,0.0,,,mock,0.0,,1783610712986322501,InstrumentType.Spot,11800374963033145592,OrderType.Limit,Direction.Long,65000.39,212128432,Side.Buy,,OrderStatus.Submitted,65000.39,1653898000,BTC-USDT,TimeCondition.GTC,1783610712986322501,0.001,0.001,0.0
4194834854,2837957847,1783610712986631594,1783610712986634127,203,order,benchmark,True,0.0,0.0,,,mock,0.0,,1783610712986631594,InstrumentType.Spot,11800374963033145593,OrderType.Limit,Direction.Long,65000.6,212130208,Side.Sell,,OrderStatus.Submitted,65000.6,1653898000,BTC-USDT,TimeCondition.GTC,1783610712986631594,0.001,0.001,0.0
4194834854,2837957847,1783610712986833599,1783610712986845205,203,order,benchmark,True,0.0,0.0,,,mock,0.0,,1783610712986833599,InstrumentType.Spot,11800374963033145594,OrderType.Limit,Direction.Long,65000.41,212131984,Side.Buy,,OrderStatus.Submitted,65000.41,1653898000,BTC-USDT,TimeCondition.GTC,1783610712986833599,0.001,0.001,0.0
4194834854,2837957847,1783610712987196181,1783610712987198538,203,order,benchmark,True,0.0,0.0,,,mock,0.0,,1783610712987196181,InstrumentType.Spot,11800374963033145595,OrderType.Limit,Direction.Long,65000.619999999995,212133760,Side.Sell,,OrderStatus.Submitted,65000.619999999995,1653898000,BTC-USDT,TimeCondition.GTC,1783610712987196181,0.001,0.001,0.0
4194834854,2837957847,1783610712987490624,1783610712987492602,203,order,benchmark,True,0.0,0.0,,,mock,0.0,,1783610712987490624,InstrumentType.Spot,11800374963033145596,OrderType.Limit,Direction.Long,65000.43,212135536,Side.Buy,,OrderStatus.Submitted,65000.43,1653898000,BTC-USDT,TimeCondition.GTC,1783610712987490624,0.001,0.001,0.0
4194834854,2837957847,1783610712987786467,1783610712987788524,203,order,benchmark,True,0.0,0.0,,,mock,0.0,,1783610712987786467,InstrumentType.Spot,11800374963033145597,OrderType.Limit,Direction.Long,65000.64,212137312,Side.Sell,,OrderStatus.Submitted,65000.64,1653898000,BTC-USDT,TimeCondition.GTC,1783610712987786467,0.001,0.001,0.0
4194834854,2837957847,1783610712988105331,1783610712988107374,203,order,benchmark,True,0.0,0.0,,,mock,0.0,,1783610712988105331,InstrumentType.Spot,11800374963033145598,OrderType.Limit,Direction.Long,65000.450000000004,212139088,Side.Buy,,OrderStatus.Submitted,65000.450000000004,1653898000,BTC-USDT,TimeCondition.GTC,1783610712988105331,0.001,0.001,0.0
4194834854,2837957847,1783610712988390007,1783610712988391959,203,order,benchmark,True,0.0,0.0,,,mock,0.0,,1783610712988390007,InstrumentType.Spot,11800374963033145599,OrderType.Limit,Direction.Long,65000.659999999996,212140864,Side.Sell,,OrderStatus.Submitted,65000.659999999996,1653898000,BTC-USDT,TimeCondition.GTC,1783610712988390007,0.001,0.001,0.0
4194834854,2837957847,1783610712988690081,1783610712988692096,203,order,benchmark,True,0.0,0.0,,,mock,0.0,,1783610712988690081,InstrumentType.Spot,11800374963033145600,OrderType.Limit,Direction.Long,65000.47,212142640,Side.Buy,,OrderStatus.Submitted,65000.47,1653898000,BTC-USDT,TimeCondition.GTC,1783610712988690081,0.001,0.001,0.0
4194834854,2837957847,1783610712989008053,1783610712989011665,203,order,benchmark,True,0.0,0.0,,,mock,0.0,,1783610712989008053,InstrumentType.Spot,11800374963033145601,OrderType.Limit,Direction.Long,65000.68,212144416,Side.Sell,,OrderStatus.Submitted,65000.68,1653898000,BTC-USDT,TimeCondition.GTC,1783610712989008053,0.001,0.001,0.0
4194834854,2837957847,1783610712989420542,1783610712989423478,203,order,benchmark,True,0.0,0.0,,,mock,0.0,,1783610712989420542,InstrumentType.Spot,11800374963033145602,OrderType.Limit,Direction.Long,65000.49,212146192,Side.Buy,,OrderStatus.Submitted,65000.49,1653898000,BTC-USDT,TimeCondition.GTC,1783610712989420542,0.001,0.001,0.0
4194834854,2837957847,1783610712989636072,1783610712989638004,203,order,benchmark,True,0.0,0.0,,,mock,0.0,,1783610712989636072,InstrumentType.Spot,11800374963033145603,OrderType.Limit,Direction.Long,65000.7,212147968,Side.Sell,,OrderStatus.Submitted,65000.7,1653898000,BTC-USDT,TimeCondition.GTC,1783610712989636072,0.001,0.001,0.0
4194834854,2837957847,1783610712989886896,1783610712989888978,203,order,benchmark,True,0.0,0.0,,,mock,0.0,,1783610712989886896,InstrumentType.Spot,11800374963033145604,OrderType.Limit,Direction.Long,65000.51,212149744,Side.Buy,,OrderStatus.Submitted,65000.51,1653898000,BTC-USDT,TimeCondition.GTC,1783610712989886896,0.001,0.001,0.0
4194834854,2837957847,1783610712990181651,1783610712990183584,203,order,benchmark,True,0.0,0.0,,,mock,0.0,,1783610712990181651,InstrumentType.Spot,11800374963033145605,OrderType.Limit,Direction.Long,65000.72,212151520,Side.Sell,,OrderStatus.Submitted,65000.72,1653898000,BTC-USDT,TimeCondition.GTC,1783610712990181651,0.001,0.001,0.0
4194834854,2837957847,1783610712990483154,1783610712990485051,203,order,benchmark,True,0.0,0.0,,,mock,0.0,,1783610712990483154,InstrumentType.Spot,11800374963033145606,OrderType.Limit,Direction.Long,65000.53,212153296,Side.Buy,,OrderStatus.Submitted,65000.53,1653898000,BTC-USDT,TimeCondition.GTC,1783610712990483154,0.001,0.001,0.0
4194834854,2837957847,1783610712990784009,1783610712990786204,203,order,benchmark,True,0.0,0.0,,,mock,0.0,,1783610712990784009,InstrumentType.Spot,11800374963033145607,OrderType.Limit,Direction.Long,65000.74,212155072,Side.Sell,,OrderStatus.Submitted,65000.74,1653898000,BTC-USDT,TimeCondition.GTC,1783610712990784009,0.001,0.001,0.0
4194834854,2837957847,1783610712991097634,1783610712991107883,203,order,benchmark,True,0.0,0.0,,,mock,0.0,,1783610712991097634,InstrumentType.Spot,11800374963033145608,OrderType.Limit,Direction.Long,65000.55,212156848,Side.Buy,,OrderStatus.Submitted,65000.55,1653898000,BTC-USDT,TimeCondition.GTC,1783610712991097634,0.001,0.001,0.0
4194834854,2837957847,1783610712991385246,1783610712991387180,203,order,benchmark,True,0.0,0.0,,,mock,0.0,,1783610712991385246,InstrumentType.Spot,11800374963033145609,OrderType.Limit,Direction.Long,65000.76,212158624,Side.Sell,,OrderStatus.Submitted,65000.76,1653898000,BTC-USDT,TimeCondition.GTC,1783610712991385246,0.001,0.001,0.0
4194834854,2837957847,1783610712991685205,1783610712991687248,203,order,benchmark,True,0.0,0.0,,,mock,0.0,,1783610712991685205,InstrumentType.Spot,11800374963033145610,OrderType.Limit,Direction.Long,65000.57,212160400,Side.Buy,,OrderStatus.Submitted,65000.57,1653898000,BTC-USDT,TimeCondition.GTC,1783610712991685205,0.001,0.001,0.0
4194834854,2837957847,1783610712991987464,1783610712991989497,203,order,benchmark,True,0.0,0.0,,,mock,0.0,,1783610712991987464,InstrumentType.Spot,11800374963033145611,OrderType.Limit,Direction.Long,65000.78,212162176,Side.Sell,,OrderStatus.Submitted,65000.78,1653898000,BTC-USDT,TimeCondition.GTC,1783610712991987464,0.001,0.001,0.0
4194834854,2837957847,1783610712992284061,1783610712992286018,203,order,benchmark,True,0.0,0.0,,,mock,0.0,,1783610712992284061,InstrumentType.Spot,11800374963033145612,OrderType.Limit,Direction.Long,65000.590000000004,212163952,Side.Buy,,OrderStatus.Submitted,65000.590000000004,1653898000,BTC-USDT,TimeCondition.GTC,1783610712992284061,0.001,0.001,0.0
4194834854,2837957847,1783610712992584991,1783610712992586897,203,order,benchmark,True,0.0,0.0,,,mock,0.0,,1783610712992584991,InstrumentType.Spot,11800374963033145613,OrderType.Limit,Direction.Long,65000.799999999996,212101504,Side.Sell,,OrderStatus.Submitted,65000.799999999996,1653898000,BTC-USDT,TimeCondition.GTC,1783610712992584991,0.001,0.001,0.0
4194834854,2837957847,1783610712992879102,1783610712992881021,203,order,benchmark,True,0.0,0.0,,,mock,0.0,,1783610712992879102,InstrumentType.Spot,11800374963033145614,OrderType.Limit,Direction.Long,65000.61,212103280,Side.Buy,,OrderStatus.Submitted,65000.61,1653898000,BTC-USDT,TimeCondition.GTC,1783610712992879102,0.001,0.001,0.0
4194834854,2837957847,1783610712993182721,1783610712993184721,203,order,benchmark,True,0.0,0.0,,,mock,0.0,,1783610712993182721,InstrumentType.Spot,11800374963033145615,OrderType.Limit,Direction.Long,65000.82,212169600,Side.Sell,,OrderStatus.Submitted,65000.82,1653898000,BTC-USDT,TimeCondition.GTC,1783610712993182721,0.001,0.001,0.0
4194834854,2837957847,1783610712993487346,1783610712993489479,203,order,benchmark,True,0.0,0.0,,,mock,0.0,,1783610712993487346,InstrumentType.Spot,11800374963033145616,OrderType.Limit,Direction.Long,65000.630000000005,212171376,Side.Buy,,OrderStatus.Submitted,65000.630000000005,1653898000,BTC-USDT,TimeCondition.GTC,1783610712993487346,0.001,0.001,0.0
4194834854,2837957847,1783610712993786021,1783610712993788088,203,order,benchmark,True,0.0,0.0,,,mock,0.0,,1783610712993786021,InstrumentType.Spot,11800374963033145617,OrderType.Limit,Direction.Long,65000.84,212173152,Side.Sell,,OrderStatus.Submitted,65000.84,1653898000,BTC-USDT,TimeCondition.GTC,1783610712993786021,0.001,0.001,0.0
4194834854,2837957847,1783610712994095761,1783610712994097867,203,order,benchmark,True,0.0,0.0,,,mock,0.0,,1783610712994095761,InstrumentType.Spot,11800374963033145618,OrderType.Limit,Direction.Long,65000.65,212174928,Side.Buy,,OrderStatus.Submitted,65000.65,1653898000,BTC-USDT,TimeCondition.GTC,1783610712994095761,0.001,0.001,0.0
4194834854,2837957847,1783610712994382527,1783610712994385566,203,order,benchmark,True,0.0,0.0,,,mock,0.0,,1783610712994382527,InstrumentType.Spot,11800374963033145619,OrderType.Limit,Direction.Long,65000.86,212176704,Side.Sell,,OrderStatus.Submitted,65000.86,1653898000,BTC-USDT,TimeCondition.GTC,1783610712994382527,0.001,0.001,0.0
4194834854,2837957847,1783610712994891225,1783610712994897269,203,order,benchmark,True,0.0,0.0,,,mock,0.0,,1783610712994891225,InstrumentType.Spot,11800374963033145620,OrderType.Limit,Direction.Long,65000.67,212178480,Side.Buy,,OrderStatus.Submitted,65000.67,1653898000,BTC-USDT,TimeCondition.GTC,1783610712994891225,0.001,0.001,0.0
4194834854,2837957847,1783610712995224418,1783610712995238481,203,order,benchmark,True,0.0,0.0,,,mock,0.0,,1783610712995224418,InstrumentType.Spot,11800374963033145621,OrderType.Limit,Direction.Long,65000.88,212180256,Side.Sell,,OrderStatus.Submitted,65000.88,1653898000,BTC-USDT,TimeCondition.GTC,1783610712995224418,0.001,0.001,0.0
4194834854,2837957847,1783610712995254962,1783610712995256601,203,order,benchmark,True,0.0,0.0,,,mock,0.0,,1783610712995254962,InstrumentType.Spot,11800374963033145622,OrderType.Limit,Direction.Long,65000.69,212182032,Side.Buy,,OrderStatus.Submitted,65000.69,1653898000,BTC-USDT,TimeCondition.GTC,1783610712995254962,0.001,0.001,0.0
4194834854,2837957847,1783610712995586521,1783610712995589041,203,order,benchmark,True,0.0,0.0,,,mock,0.0,,1783610712995586521,InstrumentType.Spot,11800374963033145623,OrderType.Limit,Direction.Long,65000.9,212183808,Side.Sell,,OrderStatus.Submitted,65000.9,1653898000,BTC-USDT,TimeCondition.GTC,1783610712995586521,0.001,0.001,0.0
4194834854,2837957847,1783610712996080631,1783610712996083472,203,order,benchmark,True,0.0,0.0,,,mock,0.0,,1783610712996080631,InstrumentType.Spot,11800374963033145624,OrderType.Limit,Direction.Long,65000.71,212185584,Side.Buy,,OrderStatus.Submitted,65000.71,1653898000,BTC-USDT,TimeCondition.GTC,1783610712996080631,0.001,0.001,0.0
4194834854,2837957847,1783610712996196326,1783610712996198736,203,order,benchmark,True,0.0,0.0,,,mock,0.0,,1783610712996196326,InstrumentType.Spot,11800374963033145625,OrderType.Limit,Direction.Long,65000.92,212187360,Side.Sell,,OrderStatus.Submitted,65000.92,1653898000,BTC-USDT,TimeCondition.GTC,1783610712996196326,0.001,0.001,0.0
4194834854,2837957847,1783610712996753262,1783610712996756062,203,order,benchmark,True,0.0,0.0,,,mock,0.0,,1783610712996753262,InstrumentType.Spot,11800374963033145626,OrderType.Limit,Direction.Long,65000.73,212189136,Side.Buy,,OrderStatus.Submitted,65000.73,1653898000,BTC-USDT,TimeCondition.GTC,1783610712996753262,0.001,0.001,0.0
4194834854,2837957847,1783610712996771401,1783610712996772941,203,order,benchmark,True,0.0,0.0,,,mock,0.0,,1783610712996771401,InstrumentType.Spot,11800374963033145627,OrderType.Limit,Direction.Long,65000.939999999995,212190880,Side.Sell,,OrderStatus.Submitted,65000.939999999995,1653898000,BTC-USDT,TimeCondition.GTC,1783610712996771401,0.001,0.001,0.0
4194834854,2837957847,1783610712997098152,1783610712997100254,203,order,benchmark,True,0.0,0.0,,,mock,0.0,,1783610712997098152,InstrumentType.Spot,11800374963033145628,OrderType.Limit,Direction.Long,65000.75,212192688,Side.Buy,,OrderStatus.Submitted,65000.75,1653898000,BTC-USDT,TimeCondition.GTC,1783610712997098152,0.001,0.001,0.0
4194834854,2837957847,1783610712997386922,1783610712997388976,203,order,benchmark,True,0.0,0.0,,,mock,0.0,,1783610712997386922,InstrumentType.Spot,11800374963033145629,OrderType.Limit,Direction.Long,65000.96,212194464,Side.Sell,,OrderStatus.Submitted,65000.96,1653898000,BTC-USDT,TimeCondition.GTC,1783610712997386922,0.001,0.001,0.0
4194834854,2837957847,1783610712997700510,1783610712997702890,203,order,benchmark,True,0.0,0.0,,,mock,0.0,,1783610712997700510,InstrumentType.Spot,11800374963033145630,OrderType.Limit,Direction.Long,65000.770000000004,212196240,Side.Buy,,OrderStatus.Submitted,65000.770000000004,1653898000,BTC-USDT,TimeCondition.GTC,1783610712997700510,0.001,0.001,0.0
4194834854,2837957847,1783610712997985182,1783610712997987216,203,order,benchmark,True,0.0,0.0,,,mock,0.0,,1783610712997985182,InstrumentType.Spot,11800374963033145631,OrderType.Limit,Direction.Long,65000.979999999996,212198016,Side.Sell,,OrderStatus.Submitted,65000.979999999996,1653898000,BTC-USDT,TimeCondition.GTC,1783610712997985182,0.001,0.001,0.0
4194834854,2837957847,1783610712998284062,1783610712998286008,203,order,benchmark,True,0.0,0.0,,,mock,0.0,,1783610712998284062,InstrumentType.Spot,11800374963033145632,OrderType.Limit,Direction.Long,65000.79,212199792,Side.Buy,,OrderStatus.Submitted,65000.79,1653898000,BTC-USDT,TimeCondition.GTC,1783610712998284062,0.001,0.001,0.0
4194834854,2837957847,1783610712998586510,1783610712998588643,203,order,benchmark,True,0.0,0.0,,,mock,0.0,,1783610712998586510,InstrumentType.Spot,11800374963033145633,OrderType.Limit,Direction.Long,65001.0,212201568,Side.Sell,,OrderStatus.Submitted,65001.0,1653898000,BTC-USDT,TimeCondition.GTC,1783610712998586510,0.001,0.001,0.0
4194834854,2837957847,1783610712998886035,1783610712998898637,203,order,benchmark,True,0.0,0.0,,,mock,0.0,,1783610712998886035,InstrumentType.Spot,11800374963033145634,OrderType.Limit,Direction.Long,65000.810000000005,212203344,Side.Buy,,OrderStatus.Submitted,65000.810000000005,1653898000,BTC-USDT,TimeCondition.GTC,1783610712998886035,0.001,0.001,0.0
4194834854,2837957847,1783610712999186202,1783610712999188187,203,order,benchmark,True,0.0,0.0,,,mock,0.0,,1783610712999186202,InstrumentType.Spot,11800374963033145635,OrderType.Limit,Direction.Long,65001.02,212205120,Side.Sell,,OrderStatus.Submitted,65001.02,1653898000,BTC-USDT,TimeCondition.GTC,1783610712999186202,0.001,0.001,0.0
4194834854,2837957847,1783610712999483645,1783610712999485575,203,order,benchmark,True,0.0,0.0,,,mock,0.0,,1783610712999483645,InstrumentType.Spot,11800374963033145636,OrderType.Limit,Direction.Long,65000.83,212206896,Side.Buy,,OrderStatus.Submitted,65000.83,1653898000,BTC-USDT,TimeCondition.GTC,1783610712999483645,0.001,0.001,0.0
4194834854,2837957847,1783610712999785479,1783610712999787651,203,order,benchmark,True,0.0,0.0,,,mock,0.0,,1783610712999785479,InstrumentType.Spot,11800374963033145637,OrderType.Limit,Direction.Long,65001.04,212208672,Side.Sell,,OrderStatus.Submitted,65001.04,1653898000,BTC-USDT,TimeCondition.GTC,1783610712999785479,0.001,0.001,0.0
4194834854,2837957847,1783610713000095533,1783610713000097355,203,order,benchmark,True,0.0,0.0,,,mock,0.0,,1783610713000095533,InstrumentType.Spot,11800374963033145638,OrderType.Limit,Direction.Long,65000.85,212210448,Side.Buy,,OrderStatus.Submitted,65000.85,1653898000,BTC-USDT,TimeCondition.GTC,1783610713000095533,0.001,0.001,0.0
4194834854,2837957847,1783610713000392432,1783610713000394560,203,order,benchmark,True,0.0,0.0,,,mock,0.0,,1783610713000392432,InstrumentType.Spot,11800374963033145639,OrderType.Limit,Direction.Long,65001.06,212212224,Side.Sell,,OrderStatus.Submitted,65001.06,1653898000,BTC-USDT,TimeCondition.GTC,1783610713000392432,0.001,0.001,0.0
4194834854,2837957847,1783610713000682016,1783610713000684039,203,order,benchmark,True,0.0,0.0,,,mock,0.0,,1783610713000682016,InstrumentType.Spot,11800374963033145640,OrderType.Limit,Direction.Long,65000.87,212214000,Side.Buy,,OrderStatus.Submitted,65000.87,1653898000,BTC-USDT,TimeCondition.GTC,1783610713000682016,0.001,0.001,0.0
4194834854,2837957847,1783610713000985921,1783610713000988116,203,order,benchmark,True,0.0,0.0,,,mock,0.0,,1783610713000985921,InstrumentType.Spot,11800374963033145641,OrderType.Limit,Direction.Long,65001.08,212215776,Side.Sell,,OrderStatus.Submitted,65001.08,1653898000,BTC-USDT,TimeCondition.GTC,1783610713000985921,0.001,0.001,0.0
4194834854,2837957847,1783610713001285413,1783610713001287452,203,order,benchmark,True,0.0,0.0,,,mock,0.0,,1783610713001285413,InstrumentType.Spot,11800374963033145642,OrderType.Limit,Direction.Long,65000.89,212217552,Side.Buy,,OrderStatus.Submitted,65000.89,1653898000,BTC-USDT,TimeCondition.GTC,1783610713001285413,0.001,0.001,0.0
4194834854,2837957847,1783610713001582966,1783610713001584866,203,order,benchmark,True,0.0,0.0,,,mock,0.0,,1783610713001582966,InstrumentType.Spot,11800374963033145643,OrderType.Limit,Direction.Long,65000.1,212219328,Side.Sell,,OrderStatus.Submitted,65000.1,1653898000,BTC-USDT,TimeCondition.GTC,1783610713001582966,0.001,0.001,0.0
4194834854,2837957847,1783610713001878263,1783610713001880226,203,order,benchmark,True,0.0,0.0,,,mock,0.0,,1783610713001878263,InstrumentType.Spot,11800374963033145644,OrderType.Limit,Direction.Long,64999.91,212221104,Side.Buy,,OrderStatus.Submitted,64999.91,1653898000,BTC-USDT,TimeCondition.GTC,1783610713001878263,0.001,0.001,0.0
4194834854,2837957847,1783610713002186670,1783610713002188623,203,order,benchmark,True,0.0,0.0,,,mock,0.0,,1783610713002186670,InstrumentType.Spot,11800374963033145645,OrderType.Limit,Direction.Long,65000.119999999995,212222880,Side.Sell,,OrderStatus.Submitted,65000.119999999995,1653898000,BTC-USDT,TimeCondition.GTC,1783610713002186670,0.001,0.001,0.0
4194834854,2837957847,1783610713002480054,1783610713002481965,203,order,benchmark,True,0.0,0.0,,,mock,0.0,,1783610713002480054,InstrumentType.Spot,11800374963033145646,OrderType.Limit,Direction.Long,64999.93,212224656,Side.Buy,,OrderStatus.Submitted,64999.93,1653898000,BTC-USDT,TimeCondition.GTC,1783610713002480054,0.001,0.001,0.0
4194834854,2837957847,1783610713002781373,1783610713002791479,203,order,benchmark,True,0.0,0.0,,,mock,0.0,,1783610713002781373,InstrumentType.Spot,11800374963033145647,OrderType.Limit,Direction.Long,65000.14,212226432,Side.Sell,,OrderStatus.Submitted,65000.14,1653898000,BTC-USDT,TimeCondition.GTC,1783610713002781373,0.001,0.001,0.0
4194834854,2837957847,1783610713003099010,1783610713003101523,203,order,benchmark,True,0.0,0.0,,,mock,0.0,,1783610713003099010,InstrumentType.Spot,11800374963033145648,OrderType.Limit,Direction.Long,64999.950000000004,212228208,Side.Buy,,OrderStatus.Submitted,64999.950000000004,1653898000,BTC-USDT,TimeCondition.GTC,1783610713003099010,0.001,0.001,0.0
4194834854,2837957847,1783610713003694761,1783610713003698003,203,order,benchmark,True,0.0,0.0,,,mock,0.0,,1783610713003694761,InstrumentType.Spot,11800374963033145649,OrderType.Limit,Direction.Long,65000.159999999996,212229984,Side.Sell,,OrderStatus.Submitted,65000.159999999996,1653898000,BTC-USDT,TimeCondition.GTC,1783610713003694761,0.001,0.001,0.0
4194834854,2837957847,1783610713004019757,1783610713004026068,203,order,benchmark,True,0.0,0.0,,,mock,0.0,,1783610713004019757,InstrumentType.Spot,11800374963033145650,OrderType.Limit,Direction.Long,64999.97,212231760,Side.Buy,,OrderStatus.Submitted,64999.97,1653898000,BTC-USDT,TimeCondition.GTC,1783610713004019757,0.001,0.001,0.0
4194834854,2837957847,1783610713004053740,1783610713004056044,203,order,benchmark,True,0.0,0.0,,,mock,0.0,,1783610713004053740,InstrumentType.Spot,11800374963033145651,OrderType.Limit,Direction.Long,65000.18,212233504,Side.Sell,,OrderStatus.Submitted,65000.18,1653898000,BTC-USDT,TimeCondition.GTC,1783610713004053740,0.001,0.001,0.0
4194834854,2837957847,1783610713004265610,1783610713004270846,203,order,benchmark,True,0.0,0.0,,,mock,0.0,,1783610713004265610,InstrumentType.Spot,11800374963033145652,OrderType.Limit,Direction.Long,64999.99,212235312,Side.Buy,,OrderStatus.Submitted,64999.99,1653898000,BTC-USDT,TimeCondition.GTC,1783610713004265610,0.001,0.001,0.0
4194834854,2837957847,1783610713004608573,1783610713004613298,203,order,benchmark,True,0.0,0.0,,,mock,0.0,,1783610713004608573,InstrumentType.Spot,11800374963033145653,OrderType.Limit,Direction.Long,65000.2,212165728,Side.Sell,,OrderStatus.Submitted,65000.2,1653898000,BTC-USDT,TimeCondition.GTC,1783610713004608573,0.001,0.001,0.0
4194834854,2837957847,1783610713005417271,1783610713005423534,203,order,benchmark,True,0.0,0.0,,,mock,0.0,,1783610713005417271,InstrumentType.Spot,11800374963033145654,OrderType.Limit,Direction.Long,65000.01,212167504,Side.Buy,,OrderStatus.Submitted,65000.01,1653898000,BTC-USDT,TimeCondition.GTC,1783610713005417271,0.001,0.001,0.0
4194834854,2837957847,1783610713005453181,1783610713005455585,203,order,benchmark,True,0.0,0.0,,,mock,0.0,,1783610713005453181,InstrumentType.Spot,11800374963033145655,OrderType.Limit,Direction.Long,65000.22,212240960,Side.Sell,,OrderStatus.Submitted,65000.22,1653898000,BTC-USDT,TimeCondition.GTC,1783610713005453181,0.001,0.001,0.0
4194834854,2837957847,1783610713005796267,1783610713005798786,203,order,benchmark,True,0.0,0.0,,,mock,0.0,,1783610713005796267,InstrumentType.Spot,11800374963033145656,OrderType.Limit,Direction.Long,65000.03,212242768,Side.Buy,,OrderStatus.Submitted,65000.03,1653898000,BTC-USDT,TimeCondition.GTC,1783610713005796267,0.001,0.001,0.0
4194834854,2837957847,1783610713005913830,1783610713005916487,203,order,benchmark,True,0.0,0.0,,,mock,0.0,,1783610713005913830,InstrumentType.Spot,11800374963033145657,OrderType.Limit,Direction.Long,65000.24,212244544,Side.Sell,,OrderStatus.Submitted,65000.24,1653898000,BTC-USDT,TimeCondition.GTC,1783610713005913830,0.001,0.001,0.0
4194834854,2837957847,1783610713006113886,1783610713006116019,203,order,benchmark,True,0.0,0.0,,,mock,0.0,,1783610713006113886,InstrumentType.Spot,11800374963033145658,OrderType.Limit,Direction.Long,65000.05,212246320,Side.Buy,,OrderStatus.Submitted,65000.05,1653898000,BTC-USDT,TimeCondition.GTC,1783610713006113886,0.001,0.001,0.0
4194834854,2837957847,1783610713006388600,1783610713006390876,203,order,benchmark,True,0.0,0.0,,,mock,0.0,,1783610713006388600,InstrumentType.Spot,11800374963033145659,OrderType.Limit,Direction.Long,65000.26,212248096,Side.Sell,,OrderStatus.Submitted,65000.26,1653898000,BTC-USDT,TimeCondition.GTC,1783610713006388600,0.001,0.001,0.0
4194834854,2837957847,1783610713006822002,1783610713006911076,203,order,benchmark,True,0.0,0.0,,,mock,0.0,,1783610713006822002,InstrumentType.Spot,11800374963033145660,OrderType.Limit,Direction.Long,65000.07,212249872,Side.Buy,,OrderStatus.Submitted,65000.07,1653898000,BTC-USDT,TimeCondition.GTC,1783610713006822002,0.001,0.001,0.0
4194834854,2837957847,1783610713007091111,1783610713007093519,203,order,benchmark,True,0.0,0.0,,,mock,0.0,,1783610713007091111,InstrumentType.Spot,11800374963033145661,OrderType.Limit,Direction.Long,65000.28,212251648,Side.Sell,,OrderStatus.Submitted,65000.28,1653898000,BTC-USDT,TimeCondition.GTC,1783610713007091111,0.001,0.001,0.0
4194834854,2837957847,1783610713007260619,1783610713007263426,203,order,benchmark,True,0.0,0.0,,,mock,0.0,,1783610713007260619,InstrumentType.Spot,11800374963033145662,OrderType.Limit,Direction.Long,65000.090000000004,212253424,Side.Buy,,OrderStatus.Submitted,65000.090000000004,1653898000,BTC-USDT,TimeCondition.GTC,1783610713007260619,0.001,0.001,0.0
4194834854,2837957847,1783610713007731706,1783610713007734681,203,order,benchmark,True,0.0,0.0,,,mock,0.0,,1783610713007731706,InstrumentType.Spot,11800374963033145663,OrderType.Limit,Direction.Long,65000.299999999996,212255200,Side.Sell,,OrderStatus.Submitted,65000.299999999996,1653898000,BTC-USDT,TimeCondition.GTC,1783610713007731706,0.001,0.001,0.0
4194834854,2837957847,1783610713008085782,1783610713008091430,203,order,benchmark,True,0.0,0.0,,,mock,0.0,,1783610713008085782,InstrumentType.Spot,11800374963033145664,OrderType.Limit,Direction.Long,65000.11,212256976,Side.Buy,,OrderStatus.Submitted,65000.11,1653898000,BTC-USDT,TimeCondition.GTC,1783610713008085782,0.001,0.001,0.0
4194834854,2837957847,1783610713008306787,1783610713008311755,203,order,benchmark,True,0.0,0.0,,,mock,0.0,,1783610713008306787,InstrumentType.Spot,11800374963033145665,OrderType.Limit,Direction.Long,65000.32,212258752,Side.Sell,,OrderStatus.Submitted,65000.32,1653898000,BTC-USDT,TimeCondition.GTC,1783610713008306787,0.001,0.001,0.0
4194834854,2837957847,1783610713008496217,1783610713008501129,203,order,benchmark,True,0.0,0.0,,,mock,0.0,,1783610713008496217,InstrumentType.Spot,11800374963033145666,OrderType.Limit,Direction.Long,65000.130000000005,212260528,Side.Buy,,OrderStatus.Submitted,65000.130000000005,1653898000,BTC-USDT,TimeCondition.GTC,1783610713008496217,0.001,0.001,0.0
4194834854,2837957847,1783610713008819510,1783610713008824842,203,order,benchmark,True,0.0,0.0,,,mock,0.0,,1783610713008819510,InstrumentType.Spot,11800374963033145667,OrderType.Limit,Direction.Long,65000.34,212262304,Side.Sell,,OrderStatus.Submitted,65000.34,1653898000,BTC-USDT,TimeCondition.GTC,1783610713008819510,0.001,0.001,0.0
4194834854,2837957847,1783610713009134365,1783610713009137755,203,order,benchmark,True,0.0,0.0,,,mock,0.0,,1783610713009134365,InstrumentType.Spot,11800374963033145668,OrderType.Limit,Direction.Long,65000.15,212264080,Side.Buy,,OrderStatus.Submitted,65000.15,1653898000,BTC-USDT,TimeCondition.GTC,1783610713009134365,0.001,0.001,0.0
4194834854,2837957847,1783610713009390039,1783610713009392377,203,order,benchmark,True,0.0,0.0,,,mock,0.0,,1783610713009390039,InstrumentType.Spot,11800374963033145669,OrderType.Limit,Direction.Long,65000.36,212265856,Side.Sell,,OrderStatus.Submitted,65000.36,1653898000,BTC-USDT,TimeCondition.GTC,1783610713009390039,0.001,0.001,0.0
4194834854,2837957847,1783610713009683530,1783610713009685613,203,order,benchmark,True,0.0,0.0,,,mock,0.0,,1783610713009683530,InstrumentType.Spot,11800374963033145670,OrderType.Limit,Direction.Long,65000.17,212267632,Side.Buy,,OrderStatus.Submitted,65000.17,1653898000,BTC-USDT,TimeCondition.GTC,1783610713009683530,0.001,0.001,0.0
4194834854,2837957847,1783610713009987629,1783610713009989921,203,order,benchmark,True,0.0,0.0,,,mock,0.0,,1783610713009987629,InstrumentType.Spot,11800374963033145671,OrderType.Limit,Direction.Long,65000.38,212269408,Side.Sell,,OrderStatus.Submitted,65000.38,1653898000,BTC-USDT,TimeCondition.GTC,1783610713009987629,0.001,0.001,0.0
4194834854,2837957847,1783610713010283233,1783610713010285402,203,order,benchmark,True,0.0,0.0,,,mock,0.0,,1783610713010283233,InstrumentType.Spot,11800374963033145672,OrderType.Limit,Direction.Long,65000.19,212271184,Side.Buy,,OrderStatus.Submitted,65000.19,1653898000,BTC-USDT,TimeCondition.GTC,1783610713010283233,0.001,0.001,0.0
4194834854,2837957847,1783610713010700780,1783610713010703306,203,order,benchmark,True,0.0,0.0,,,mock,0.0,,1783610713010700780,InstrumentType.Spot,11800374963033145673,OrderType.Limit,Direction.Long,65000.4,212272960,Side.Sell,,OrderStatus.Submitted,65000.4,1653898000,BTC-USDT,TimeCondition.GTC,1783610713010700780,0.001,0.001,0.0
4194834854,2837957847,1783610713011054292,1783610713011074783,203,order,benchmark,True,0.0,0.0,,,mock,0.0,,1783610713011054292,InstrumentType.Spot,11800374963033145674,OrderType.Limit,Direction.Long,65000.21,212274736,Side.Buy,,OrderStatus.Submitted,65000.21,1653898000,BTC-USDT,TimeCondition.GTC,1783610713011054292,0.001,0.001,0.0
4194834854,2837957847,1783610713011197434,1783610713011201269,203,order,benchmark,True,0.0,0.0,,,mock,0.0,,1783610713011197434,InstrumentType.Spot,11800374963033145675,OrderType.Limit,Direction.Long,65000.42,212276512,Side.Sell,,OrderStatus.Submitted,65000.42,1653898000,BTC-USDT,TimeCondition.GTC,1783610713011197434,0.001,0.001,0.0
4194834854,2837957847,1783610713011483760,1783610713011486899,203,order,benchmark,True,0.0,0.0,,,mock,0.0,,1783610713011483760,InstrumentType.Spot,11800374963033145676,OrderType.Limit,Direction.Long,65000.23,212278288,Side.Buy,,OrderStatus.Submitted,65000.23,1653898000,BTC-USDT,TimeCondition.GTC,1783610713011483760,0.001,0.001,0.0
4194834854,2837957847,1783610713011916965,1783610713011920196,203,order,benchmark,True,0.0,0.0,,,mock,0.0,,1783610713011916965,InstrumentType.Spot,11800374963033145677,OrderType.Limit,Direction.Long,65000.439999999995,212280064,Side.Sell,,OrderStatus.Submitted,65000.439999999995,1653898000,BTC-USDT,TimeCondition.GTC,1783610713011916965,0.001,0.001,0.0
4194834854,2837957847,1783610713012142260,1783610713012144769,203,order,benchmark,True,0.0,0.0,,,mock,0.0,,1783610713012142260,InstrumentType.Spot,11800374963033145678,OrderType.Limit,Direction.Long,65000.25,212281840,Side.Buy,,OrderStatus.Submitted,65000.25,1653898000,BTC-USDT,TimeCondition.GTC,1783610713012142260,0.001,0.001,0.0
4194834854,2837957847,1783610713012386270,1783610713012388472,203,order,benchmark,True,0.0,0.0,,,mock,0.0,,1783610713012386270,InstrumentType.Spot,11800374963033145679,OrderType.Limit,Direction.Long,65000.46,212283616,Side.Sell,,OrderStatus.Submitted,65000.46,1653898000,BTC-USDT,TimeCondition.GTC,1783610713012386270,0.001,0.001,0.0
4194834854,2837957847,1783610713012975464,1783610713012977548,203,order,benchmark,True,0.0,0.0,,,mock,0.0,,1783610713012975464,InstrumentType.Spot,11800374963033145680,OrderType.Limit,Direction.Long,65000.270000000004,212285392,Side.Buy,,OrderStatus.Submitted,65000.270000000004,1653898000,BTC-USDT,TimeCondition.GTC,1783610713012975464,0.001,0.001,0.0
4194834854,2837957847,1783610713013016880,1783610713013019323,203,order,benchmark,True,0.0,0.0,,,mock,0.0,,1783610713013016880,InstrumentType.Spot,11800374963033145681,OrderType.Limit,Direction.Long,65000.479999999996,212287136,Side.Sell,,OrderStatus.Submitted,65000.479999999996,1653898000,BTC-USDT,TimeCondition.GTC,1783610713013016880,0.001,0.001,0.0
4194834854,2837957847,1783610713013288910,1783610713013292016,203,order,benchmark,True,0.0,0.0,,,mock,0.0,,1783610713013288910,InstrumentType.Spot,11800374963033145682,OrderType.Limit,Direction.Long,65000.29,212288944,Side.Buy,,OrderStatus.Submitted,65000.29,1653898000,BTC-USDT,TimeCondition.GTC,1783610713013288910,0.001,0.001,0.0
4194834854,2837957847,1783610713013763100,1783610713013767807,203,order,benchmark,True,0.0,0.0,,,mock,0.0,,1783610713013763100,InstrumentType.Spot,11800374963033145683,OrderType.Limit,Direction.Long,65000.5,212290720,Side.Sell,,OrderStatus.Submitted,65000.5,1653898000,BTC-USDT,TimeCondition.GTC,1783610713013763100,0.001,0.001,0.0
4194834854,2837957847,1783610713014046366,1783610713014049426,203,order,benchmark,True,0.0,0.0,,,mock,0.0,,1783610713014046366,InstrumentType.Spot,11800374963033145684,OrderType.Limit,Direction.Long,65000.310000000005,212292496,Side.Buy,,OrderStatus.Submitted,65000.310000000005,1653898000,BTC-USDT,TimeCondition.GTC,1783610713014046366,0.001,0.001,0.0
4194834854,2837957847,1783610713014258270,1783610713014260286,203,order,benchmark,True,0.0,0.0,,,mock,0.0,,1783610713014258270,InstrumentType.Spot,11800374963033145685,OrderType.Limit,Direction.Long,65000.52,212294272,Side.Sell,,OrderStatus.Submitted,65000.52,1653898000,BTC-USDT,TimeCondition.GTC,1783610713014258270,0.001,0.001,0.0
4194834854,2837957847,1783610713014487807,1783610713014489882,203,order,benchmark,True,0.0,0.0,,,mock,0.0,,1783610713014487807,InstrumentType.Spot,11800374963033145686,OrderType.Limit,Direction.Long,65000.33,212296048,Side.Buy,,OrderStatus.Submitted,65000.33,1653898000,BTC-USDT,TimeCondition.GTC,1783610713014487807,0.001,0.001,0.0
4194834854,2837957847,1783610713014934363,1783610713014947689,203,order,benchmark,True,0.0,0.0,,,mock,0.0,,1783610713014934363,InstrumentType.Spot,11800374963033145687,OrderType.Limit,Direction.Long,65000.54,212297824,Side.Sell,,OrderStatus.Submitted,65000.54,1653898000,BTC-USDT,TimeCondition.GTC,1783610713014934363,0.001,0.001,0.0
4194834854,2837957847,1783610713015247986,1783610713015252900,203,order,benchmark,True,0.0,0.0,,,mock,0.0,,1783610713015247986,InstrumentType.Spot,11800374963033145688,OrderType.Limit,Direction.Long,65000.35,212299600,Side.Buy,,OrderStatus.Submitted,65000.35,1653898000,BTC-USDT,TimeCondition.GTC,1783610713015247986,0.001,0.001,0.0
4194834854,2837957847,1783610713015450866,1783610713015455712,203,order,benchmark,True,0.0,0.0,,,mock,0.0,,1783610713015450866,InstrumentType.Spot,11800374963033145689,OrderType.Limit,Direction.Long,65000.56,212301376,Side.Sell,,OrderStatus.Submitted,65000.56,1653898000,BTC-USDT,TimeCondition.GTC,1783610713015450866,0.001,0.001,0.0
4194834854,2837957847,1783610713015766465,1783610713015771496,203,order,benchmark,True,0.0,0.0,,,mock,0.0,,1783610713015766465,InstrumentType.Spot,11800374963033145690,OrderType.Limit,Direction.Long,65000.37,212303152,Side.Buy,,OrderStatus.Submitted,65000.37,1653898000,BTC-USDT,TimeCondition.GTC,1783610713015766465,0.001,0.001,0.0
4194834854,2837957847,1783610713016077280,1783610713016082894,203,order,benchmark,True,0.0,0.0,,,mock,0.0,,1783610713016077280,InstrumentType.Spot,11800374963033145691,OrderType.Limit,Direction.Long,65000.58,212304928,Side.Sell,,OrderStatus.Submitted,65000.58,1653898000,BTC-USDT,TimeCondition.GTC,1783610713016077280,0.001,0.001,0.0
4194834854,2837957847,1783610713016294439,1783610713016298576,203,order,benchmark,True,0.0,0.0,,,mock,0.0,,1783610713016294439,InstrumentType.Spot,11800374963033145692,OrderType.Limit,Direction.Long,65000.39,212306704,Side.Buy,,OrderStatus.Submitted,65000.39,1653898000,BTC-USDT,TimeCondition.GTC,1783610713016294439,0.001,0.001,0.0
4194834854,2837957847,1783610713016857593,1783610713016861847,203,order,benchmark,True,0.0,0.0,,,mock,0.0,,1783610713016857593,InstrumentType.Spot,11800374963033145693,OrderType.Limit,Direction.Long,65000.6,212308480,Side.Sell,,OrderStatus.Submitted,65000.6,1653898000,BTC-USDT,TimeCondition.GTC,1783610713016857593,0.001,0.001,0.0
4194834854,2837957847,1783610713017096755,1783610713017101905,203,order,benchmark,True,0.0,0.0,,,mock,0.0,,1783610713017096755,InstrumentType.Spot,11800374963033145694,OrderType.Limit,Direction.Long,65000.41,212310256,Side.Buy,,OrderStatus.Submitted,65000.41,1653898000,BTC-USDT,TimeCondition.GTC,1783610713017096755,0.001,0.001,0.0
4194834854,2837957847,1783610713017221293,1783610713017224109,203,order,benchmark,True,0.0,0.0,,,mock,0.0,,1783610713017221293,InstrumentType.Spot,11800374963033145695,OrderType.Limit,Direction.Long,65000.619999999995,212312032,Side.Sell,,OrderStatus.Submitted,65000.619999999995,1653898000,BTC-USDT,TimeCondition.GTC,1783610713017221293,0.001,0.001,0.0
4194834854,2837957847,1783610713017606020,1783610713017608394,203,order,benchmark,True,0.0,0.0,,,mock,0.0,,1783610713017606020,InstrumentType.Spot,11800374963033145696,OrderType.Limit,Direction.Long,65000.43,212313808,Side.Buy,,OrderStatus.Submitted,65000.43,1653898000,BTC-USDT,TimeCondition.GTC,1783610713017606020,0.001,0.001,0.0
4194834854,2837957847,1783610713017825744,1783610713017827997,203,order,benchmark,True,0.0,0.0,,,mock,0.0,,1783610713017825744,InstrumentType.Spot,11800374963033145697,OrderType.Limit,Direction.Long,65000.64,212237088,Side.Sell,,OrderStatus.Submitted,65000.64,1653898000,BTC-USDT,TimeCondition.GTC,1783610713017825744,0.001,0.001,0.0
4194834854,2837957847,1783610713018100233,1783610713018102372,203,order,benchmark,True,0.0,0.0,,,mock,0.0,,1783610713018100233,InstrumentType.Spot,11800374963033145698,OrderType.Limit,Direction.Long,65000.450000000004,212238864,Side.Buy,,OrderStatus.Submitted,65000.450000000004,1653898000,BTC-USDT,TimeCondition.GTC,1783610713018100233,0.001,0.001,0.0
4194834854,2837957847,1783610713018398149,1783610713018400290,203,order,benchmark,True,0.0,0.0,,,mock,0.0,,1783610713018398149,InstrumentType.Spot,11800374963033145699,OrderType.Limit,Direction.Long,65000.659999999996,212319552,Side.Sell,,OrderStatus.Submitted,65000.659999999996,1653898000,BTC-USDT,TimeCondition.GTC,1783610713018398149,0.001,0.001,0.0
4194834854,2837957847,1783610713018690856,1783610713018706877,203,order,benchmark,True,0.0,0.0,,,mock,0.0,,1783610713018690856,InstrumentType.Spot,11800374963033145700,OrderType.Limit,Direction.Long,65000.47,212321296,Side.Buy,,OrderStatus.Submitted,65000.47,1653898000,BTC-USDT,TimeCondition.GTC,1783610713018690856,0.001,0.001,0.0
4194834854,2837957847,1783610713018993919,1783610713019002734,203,order,benchmark,True,0.0,0.0,,,mock,0.0,,1783610713018993919,InstrumentType.Spot,11800374963033145701,OrderType.Limit,Direction.Long,65000.68,212323072,Side.Sell,,OrderStatus.Submitted,65000.68,1653898000,BTC-USDT,TimeCondition.GTC,1783610713018993919,0.001,0.001,0.0
4194834854,2837957847,1783610713019297266,1783610713019299509,203,order,benchmark,True,0.0,0.0,,,mock,0.0,,1783610713019297266,InstrumentType.Spot,11800374963033145702,OrderType.Limit,Direction.Long,65000.49,212324848,Side.Buy,,OrderStatus.Submitted,65000.49,1653898000,BTC-USDT,TimeCondition.GTC,1783610713019297266,0.001,0.001,0.0
4194834854,2837957847,1783610713019604955,1783610713019607437,203,order,benchmark,True,0.0,0.0,,,mock,0.0,,1783610713019604955,InstrumentType.Spot,11800374963033145703,OrderType.Limit,Direction.Long,65000.7,212326624,Side.Sell,,OrderStatus.Submitted,65000.7,1653898000,BTC-USDT,TimeCondition.GTC,1783610713019604955,0.001,0.001,0.0
4194834854,2837957847,1783610713019820292,1783610713019823529,203,order,benchmark,True,0.0,0.0,,,mock,0.0,,1783610713019820292,InstrumentType.Spot,11800374963033145704,OrderType.Limit,Direction.Long,65000.51,212328400,Side.Buy,,OrderStatus.Submitted,65000.51,1653898000,BTC-USDT,TimeCondition.GTC,1783610713019820292,0.001,0.001,0.0
4194834854,2837957847,1783610713020202431,1783610713020204737,203,order,benchmark,True,0.0,0.0,,,mock,0.0,,1783610713020202431,InstrumentType.Spot,11800374963033145705,OrderType.Limit,Direction.Long,65000.72,212330176,Side.Sell,,OrderStatus.Submitted,65000.72,1653898000,BTC-USDT,TimeCondition.GTC,1783610713020202431,0.001,0.001,0.0
4194834854,2837957847,1783610713020509792,1783610713020512003,203,order,benchmark,True,0.0,0.0,,,mock,0.0,,1783610713020509792,InstrumentType.Spot,11800374963033145706,OrderType.Limit,Direction.Long,65000.53,212331952,Side.Buy,,OrderStatus.Submitted,65000.53,1653898000,BTC-USDT,TimeCondition.GTC,1783610713020509792,0.001,0.001,0.0
4194834854,2837957847,1783610713020709115,1783610713020712148,203,order,benchmark,True,0.0,0.0,,,mock,0.0,,1783610713020709115,InstrumentType.Spot,11800374963033145707,OrderType.Limit,Direction.Long,65000.74,212333728,Side.Sell,,OrderStatus.Submitted,65000.74,1653898000,BTC-USDT,TimeCondition.GTC,1783610713020709115,0.001,0.001,0.0
4194834854,2837957847,1783610713021111026,1783610713021113398,203,order,benchmark,True,0.0,0.0,,,mock,0.0,,1783610713021111026,InstrumentType.Spot,11800374963033145708,OrderType.Limit,Direction.Long,65000.55,212335504,Side.Buy,,OrderStatus.Submitted,65000.55,1653898000,BTC-USDT,TimeCondition.GTC,1783610713021111026,0.001,0.001,0.0
4194834854,2837957847,1783610713021398924,1783610713021402059,203,order,benchmark,True,0.0,0.0,,,mock,0.0,,1783610713021398924,InstrumentType.Spot,11800374963033145709,OrderType.Limit,Direction.Long,65000.76,212337280,Side.Sell,,OrderStatus.Submitted,65000.76,1653898000,BTC-USDT,TimeCondition.GTC,1783610713021398924,0.001,0.001,0.0
4194834854,2837957847,1783610713021684592,1783610713021686544,203,order,benchmark,True,0.0,0.0,,,mock,0.0,,1783610713021684592,InstrumentType.Spot,11800374963033145710,OrderType.Limit,Direction.Long,65000.57,212339056,Side.Buy,,OrderStatus.Submitted,65000.57,1653898000,BTC-USDT,TimeCondition.GTC,1783610713021684592,0.001,0.001,0.0
4194834854,2837957847,1783610713021984697,1783610713021986684,203,order,benchmark,True,0.0,0.0,,,mock,0.0,,1783610713021984697,InstrumentType.Spot,11800374963033145711,OrderType.Limit,Direction.Long,65000.78,212340832,Side.Sell,,OrderStatus.Submitted,65000.78,1653898000,BTC-USDT,TimeCondition.GTC,1783610713021984697,0.001,0.001,0.0
4194834854,2837957847,1783610713022285462,1783610713022287398,203,order,benchmark,True,0.0,0.0,,,mock,0.0,,1783610713022285462,InstrumentType.Spot,11800374963033145712,OrderType.Limit,Direction.Long,65000.590000000004,212342608,Side.Buy,,OrderStatus.Submitted,65000.590000000004,1653898000,BTC-USDT,TimeCondition.GTC,1783610713022285462,0.001,0.001,0.0
4194834854,2837957847,1783610713022586466,1783610713022597206,203,order,benchmark,True,0.0,0.0,,,mock,0.0,,1783610713022586466,InstrumentType.Spot,11800374963033145713,OrderType.Limit,Direction.Long,65000.799999999996,212344384,Side.Sell,,OrderStatus.Submitted,65000.799999999996,1653898000,BTC-USDT,TimeCondition.GTC,1783610713022586466,0.001,0.001,0.0
4194834854,2837957847,1783610713022885478,1783610713022887685,203,order,benchmark,True,0.0,0.0,,,mock,0.0,,1783610713022885478,InstrumentType.Spot,11800374963033145714,OrderType.Limit,Direction.Long,65000.61,212346160,Side.Buy,,OrderStatus.Submitted,65000.61,1653898000,BTC-USDT,TimeCondition.GTC,1783610713022885478,0.001,0.001,0.0
4194834854,2837957847,1783610713023186392,1783610713023188308,203,order,benchmark,True,0.0,0.0,,,mock,0.0,,1783610713023186392,InstrumentType.Spot,11800374963033145715,OrderType.Limit,Direction.Long,65000.82,212347936,Side.Sell,,OrderStatus.Submitted,65000.82,1653898000,BTC-USDT,TimeCondition.GTC,1783610713023186392,0.001,0.001,0.0
4194834854,2837957847,1783610713023489146,1783610713023491187,203,order,benchmark,True,0.0,0.0,,,mock,0.0,,1783610713023489146,InstrumentType.Spot,11800374963033145716,OrderType.Limit,Direction.Long,65000.630000000005,212349712,Side.Buy,,OrderStatus.Submitted,65000.630000000005,1653898000,BTC-USDT,TimeCondition.GTC,1783610713023489146,0.001,0.001,0.0
4194834854,2837957847,1783610713023784446,1783610713023786367,203,order,benchmark,True,0.0,0.0,,,mock,0.0,,1783610713023784446,InstrumentType.Spot,11800374963033145717,OrderType.Limit,Direction.Long,65000.84,212351488,Side.Sell,,OrderStatus.Submitted,65000.84,1653898000,BTC-USDT,TimeCondition.GTC,1783610713023784446,0.001,0.001,0.0
4194834854,2837957847,1783610713024101538,1783610713024103637,203,order,benchmark,True,0.0,0.0,,,mock,0.0,,1783610713024101538,InstrumentType.Spot,11800374963033145718,OrderType.Limit,Direction.Long,65000.65,212353264,Side.Buy,,OrderStatus.Submitted,65000.65,1653898000,BTC-USDT,TimeCondition.GTC,1783610713024101538,0.001,0.001,0.0
4194834854,2837957847,1783610713024382105,1783610713024384068,203,order,benchmark,True,0.0,0.0,,,mock,0.0,,1783610713024382105,InstrumentType.Spot,11800374963033145719,OrderType.Limit,Direction.Long,65000.86,212355040,Side.Sell,,OrderStatus.Submitted,65000.86,1653898000,BTC-USDT,TimeCondition.GTC,1783610713024382105,0.001,0.001,0.0
4194834854,2837957847,1783610713024685827,1783610713024696410,203,order,benchmark,True,0.0,0.0,,,mock,0.0,,1783610713024685827,InstrumentType.Spot,11800374963033145720,OrderType.Limit,Direction.Long,65000.67,212356816,Side.Buy,,OrderStatus.Submitted,65000.67,1653898000,BTC-USDT,TimeCondition.GTC,1783610713024685827,0.001,0.001,0.0
4194834854,2837957847,1783610713024985045,1783610713024986979,203,order,benchmark,True,0.0,0.0,,,mock,0.0,,1783610713024985045,InstrumentType.Spot,11800374963033145721,OrderType.Limit,Direction.Long,65000.88,212358592,Side.Sell,,OrderStatus.Submitted,65000.88,1653898000,BTC-USDT,TimeCondition.GTC,1783610713024985045,0.001,0.001,0.0
4194834854,2837957847,1783610713025281998,1783610713025283927,203,order,benchmark,True,0.0,0.0,,,mock,0.0,,1783610713025281998,InstrumentType.Spot,11800374963033145722,OrderType.Limit,Direction.Long,65000.69,212360368,Side.Buy,,OrderStatus.Submitted,65000.69,1653898000,BTC-USDT,TimeCondition.GTC,1783610713025281998,0.001,0.001,0.0
4194834854,2837957847,1783610713025581012,1783610713025582928,203,order,benchmark,True,0.0,0.0,,,mock,0.0,,1783610713025581012,InstrumentType.Spot,11800374963033145723,OrderType.Limit,Direction.Long,65000.9,212362144,Side.Sell,,OrderStatus.Submitted,65000.9,1653898000,BTC-USDT,TimeCondition.GTC,1783610713025581012,0.001,0.001,0.0
4194834854,2837957847,1783610713025883894,1783610713025885783,203,order,benchmark,True,0.0,0.0,,,mock,0.0,,1783610713025883894,InstrumentType.Spot,11800374963033145724,OrderType.Limit,Direction.Long,65000.71,212363920,Side.Buy,,OrderStatus.Submitted,65000.71,1653898000,BTC-USDT,TimeCondition.GTC,1783610713025883894,0.001,0.001,0.0
4194834854,2837957847,1783610713026194823,1783610713026196948,203,order,benchmark,True,0.0,0.0,,,mock,0.0,,1783610713026194823,InstrumentType.Spot,11800374963033145725,OrderType.Limit,Direction.Long,65000.92,212365696,Side.Sell,,OrderStatus.Submitted,65000.92,1653898000,BTC-USDT,TimeCondition.GTC,1783610713026194823,0.001,0.001,0.0
4194834854,2837957847,1783610713026481231,1783610713026490140,203,order,benchmark,True,0.0,0.0,,,mock,0.0,,1783610713026481231,InstrumentType.Spot,11800374963033145726,OrderType.Limit,Direction.Long,65000.73,212367472,Side.Buy,,OrderStatus.Submitted,65000.73,1653898000,BTC-USDT,TimeCondition.GTC,1783610713026481231,0.001,0.001,0.0
4194834854,2837957847,1783610713026787372,1783610713026789606,203,order,benchmark,True,0.0,0.0,,,mock,0.0,,1783610713026787372,InstrumentType.Spot,11800374963033145727,OrderType.Limit,Direction.Long,65000.939999999995,212369248,Side.Sell,,OrderStatus.Submitted,65000.939999999995,1653898000,BTC-USDT,TimeCondition.GTC,1783610713026787372,0.001,0.001,0.0
4194834854,2837957847,1783610713027099075,1783610713027101202,203,order,benchmark,True,0.0,0.0,,,mock,0.0,,1783610713027099075,InstrumentType.Spot,11800374963033145728,OrderType.Limit,Direction.Long,65000.75,212371024,Side.Buy,,OrderStatus.Submitted,65000.75,1653898000,BTC-USDT,TimeCondition.GTC,1783610713027099075,0.001,0.001,0.0
4194834854,2837957847,1783610713027382291,1783610713027384088,203,order,benchmark,True,0.0,0.0,,,mock,0.0,,1783610713027382291,InstrumentType.Spot,11800374963033145729,OrderType.Limit,Direction.Long,65000.96,212372800,Side.Sell,,OrderStatus.Submitted,65000.96,1653898000,BTC-USDT,TimeCondition.GTC,1783610713027382291,0.001,0.001,0.0
4194834854,2837957847,1783610713027685069,1783610713027687543,203,order,benchmark,True,0.0,0.0,,,mock,0.0,,1783610713027685069,InstrumentType.Spot,11800374963033145730,OrderType.Limit,Direction.Long,65000.770000000004,212374576,Side.Buy,,OrderStatus.Submitted,65000.770000000004,1653898000,BTC-USDT,TimeCondition.GTC,1783610713027685069,0.001,0.001,0.0
4194834854,2837957847,1783610713027987840,1783610713027990120,203,order,benchmark,True,0.0,0.0,,,mock,0.0,,1783610713027987840,InstrumentType.Spot,11800374963033145731,OrderType.Limit,Direction.Long,65000.979999999996,212376352,Side.Sell,,OrderStatus.Submitted,65000.979999999996,1653898000,BTC-USDT,TimeCondition.GTC,1783610713027987840,0.001,0.001,0.0
4194834854,2837957847,1783610713028286261,1783610713028288569,203,order,benchmark,True,0.0,0.0,,,mock,0.0,,1783610713028286261,InstrumentType.Spot,11800374963033145732,OrderType.Limit,Direction.Long,65000.79,212378128,Side.Buy,,OrderStatus.Submitted,65000.79,1653898000,BTC-USDT,TimeCondition.GTC,1783610713028286261,0.001,0.001,0.0
4194834854,2837957847,1783610713028699235,1783610713028701234,203,order,benchmark,True,0.0,0.0,,,mock,0.0,,1783610713028699235,InstrumentType.Spot,11800374963033145733,OrderType.Limit,Direction.Long,65001.0,212379904,Side.Sell,,OrderStatus.Submitted,65001.0,1653898000,BTC-USDT,TimeCondition.GTC,1783610713028699235,0.001,0.001,0.0
4194834854,2837957847,1783610713028902479,1783610713028905857,203,order,benchmark,True,0.0,0.0,,,mock,0.0,,1783610713028902479,InstrumentType.Spot,11800374963033145734,OrderType.Limit,Direction.Long,65000.810000000005,212381680,Side.Buy,,OrderStatus.Submitted,65000.810000000005,1653898000,BTC-USDT,TimeCondition.GTC,1783610713028902479,0.001,0.001,0.0
4194834854,2837957847,1783610713029312467,1783610713029314984,203,order,benchmark,True,0.0,0.0,,,mock,0.0,,1783610713029312467,InstrumentType.Spot,11800374963033145735,OrderType.Limit,Direction.Long,65001.02,212383456,Side.Sell,,OrderStatus.Submitted,65001.02,1653898000,BTC-USDT,TimeCondition.GTC,1783610713029312467,0.001,0.001,0.0
4194834854,2837957847,1783610713029525681,1783610713029527818,203,order,benchmark,True,0.0,0.0,,,mock,0.0,,1783610713029525681,InstrumentType.Spot,11800374963033145736,OrderType.Limit,Direction.Long,65000.83,212385232,Side.Buy,,OrderStatus.Submitted,65000.83,1653898000,BTC-USDT,TimeCondition.GTC,1783610713029525681,0.001,0.001,0.0
4194834854,2837957847,1783610713029901371,1783610713029903347,203,order,benchmark,True,0.0,0.0,,,mock,0.0,,1783610713029901371,InstrumentType.Spot,11800374963033145737,OrderType.Limit,Direction.Long,65001.04,212387008,Side.Sell,,OrderStatus.Submitted,65001.04,1653898000,BTC-USDT,TimeCondition.GTC,1783610713029901371,0.001,0.001,0.0
4194834854,2837957847,1783610713030139533,1783610713030141698,203,order,benchmark,True,0.0,0.0,,,mock,0.0,,1783610713030139533,InstrumentType.Spot,11800374963033145738,OrderType.Limit,Direction.Long,65000.85,212388784,Side.Buy,,OrderStatus.Submitted,65000.85,1653898000,BTC-USDT,TimeCondition.GTC,1783610713030139533,0.001,0.001,0.0
4194834854,2837957847,1783610713030703718,1783610713030706333,203,order,benchmark,True,0.0,0.0,,,mock,0.0,,1783610713030703718,InstrumentType.Spot,11800374963033145739,OrderType.Limit,Direction.Long,65001.06,212390560,Side.Sell,,OrderStatus.Submitted,65001.06,1653898000,BTC-USDT,TimeCondition.GTC,1783610713030703718,0.001,0.001,0.0
4194834854,2837957847,1783610713030721410,1783610713030736196,203,order,benchmark,True,0.0,0.0,,,mock,0.0,,1783610713030721410,InstrumentType.Spot,11800374963033145740,OrderType.Limit,Direction.Long,65000.87,212392336,Side.Buy,,OrderStatus.Submitted,65000.87,1653898000,BTC-USDT,TimeCondition.GTC,1783610713030721410,0.001,0.001,0.0
4194834854,2837957847,1783610713030974100,1783610713030976176,203,order,benchmark,True,0.0,0.0,,,mock,0.0,,1783610713030974100,InstrumentType.Spot,11800374963033145741,OrderType.Limit,Direction.Long,65001.08,212394112,Side.Sell,,OrderStatus.Submitted,65001.08,1653898000,BTC-USDT,TimeCondition.GTC,1783610713030974100,0.001,0.001,0.0
4194834854,2837957847,1783610713031449288,1783610713031453778,203,order,benchmark,True,0.0,0.0,,,mock,0.0,,1783610713031449288,InstrumentType.Spot,11800374963033145742,OrderType.Limit,Direction.Long,65000.89,212395888,Side.Buy,,OrderStatus.Submitted,65000.89,1653898000,BTC-USDT,TimeCondition.GTC,1783610713031449288,0.001,0.001,0.0
4194834854,2837957847,1783610713031651812,1783610713031654033,203,order,benchmark,True,0.0,0.0,,,mock,0.0,,1783610713031651812,InstrumentType.Spot,11800374963033145743,OrderType.Limit,Direction.Long,65000.1,212397664,Side.Sell,,OrderStatus.Submitted,65000.1,1653898000,BTC-USDT,TimeCondition.GTC,1783610713031651812,0.001,0.001,0.0
4194834854,2837957847,1783610713031902924,1783610713031905242,203,order,benchmark,True,0.0,0.0,,,mock,0.0,,1783610713031902924,InstrumentType.Spot,11800374963033145744,OrderType.Limit,Direction.Long,64999.91,212399440,Side.Buy,,OrderStatus.Submitted,64999.91,1653898000,BTC-USDT,TimeCondition.GTC,1783610713031902924,0.001,0.001,0.0
4194834854,2837957847,1783610713032189233,1783610713032191500,203,order,benchmark,True,0.0,0.0,,,mock,0.0,,1783610713032189233,InstrumentType.Spot,11800374963033145745,OrderType.Limit,Direction.Long,65000.119999999995,212315584,Side.Sell,,OrderStatus.Submitted,65000.119999999995,1653898000,BTC-USDT,TimeCondition.GTC,1783610713032189233,0.001,0.001,0.0
4194834854,2837957847,1783610713032483325,1783610713032485432,203,order,benchmark,True,0.0,0.0,,,mock,0.0,,1783610713032483325,InstrumentType.Spot,11800374963033145746,OrderType.Limit,Direction.Long,64999.93,212317360,Side.Buy,,OrderStatus.Submitted,64999.93,1653898000,BTC-USDT,TimeCondition.GTC,1783610713032483325,0.001,0.001,0.0
4194834854,2837957847,1783610713032783860,1783610713032786042,203,order,benchmark,True,0.0,0.0,,,mock,0.0,,1783610713032783860,InstrumentType.Spot,11800374963033145747,OrderType.Limit,Direction.Long,65000.14,212318352,Side.Sell,,OrderStatus.Submitted,65000.14,1653898000,BTC-USDT,TimeCondition.GTC,1783610713032783860,0.001,0.001,0.0
4194834854,2837957847,1783610713033094870,1783610713033097022,203,order,benchmark,True,0.0,0.0,,,mock,0.0,,1783610713033094870,InstrumentType.Spot,11800374963033145748,OrderType.Limit,Direction.Long,64999.950000000004,212407008,Side.Buy,,OrderStatus.Submitted,64999.950000000004,1653898000,BTC-USDT,TimeCondition.GTC,1783610713033094870,0.001,0.001,0.0
4194834854,2837957847,1783610713033385292,1783610713033387239,203,order,benchmark,True,0.0,0.0,,,mock,0.0,,1783610713033385292,InstrumentType.Spot,11800374963033145749,OrderType.Limit,Direction.Long,65000.159999999996,212408784,Side.Sell,,OrderStatus.Submitted,65000.159999999996,1653898000,BTC-USDT,TimeCondition.GTC,1783610713033385292,0.001,0.001,0.0
4194834854,2837957847,1783610713033684304,1783610713033686378,203,order,benchmark,True,0.0,0.0,,,mock,0.0,,1783610713033684304,InstrumentType.Spot,11800374963033145750,OrderType.Limit,Direction.Long,64999.97,212410560,Side.Buy,,OrderStatus.Submitted,64999.97,1653898000,BTC-USDT,TimeCondition.GTC,1783610713033684304,0.001,0.001,0.0
4194834854,2837957847,1783610713033981202,1783610713033983174,203,order,benchmark,True,0.0,0.0,,,mock,0.0,,1783610713033981202,InstrumentType.Spot,11800374963033145751,OrderType.Limit,Direction.Long,65000.18,212412336,Side.Sell,,OrderStatus.Submitted,65000.18,1653898000,BTC-USDT,TimeCondition.GTC,1783610713033981202,0.001,0.001,0.0
4194834854,2837957847,1783610713034282275,1783610713034284205,203,order,benchmark,True,0.0,0.0,,,mock,0.0,,1783610713034282275,InstrumentType.Spot,11800374963033145752,OrderType.Limit,Direction.Long,64999.99,212414112,Side.Buy,,OrderStatus.Submitted,64999.99,1653898000,BTC-USDT,TimeCondition.GTC,1783610713034282275,0.001,0.001,0.0
4194834854,2837957847,1783610713034583386,1783610713034594270,203,order,benchmark,True,0.0,0.0,,,mock,0.0,,1783610713034583386,InstrumentType.Spot,11800374963033145753,OrderType.Limit,Direction.Long,65000.2,212415888,Side.Sell,,OrderStatus.Submitted,65000.2,1653898000,BTC-USDT,TimeCondition.GTC,1783610713034583386,0.001,0.001,0.0
4194834854,2837957847,1783610713034890536,1783610713034892945,203,order,benchmark,True,0.0,0.0,,,mock,0.0,,1783610713034890536,InstrumentType.Spot,11800374963033145754,OrderType.Limit,Direction.Long,65000.01,212417664,Side.Buy,,OrderStatus.Submitted,65000.01,1653898000,BTC-USDT,TimeCondition.GTC,1783610713034890536,0.001,0.001,0.0
4194834854,2837957847,1783610713035186739,1783610713035188868,203,order,benchmark,True,0.0,0.0,,,mock,0.0,,1783610713035186739,InstrumentType.Spot,11800374963033145755,OrderType.Limit,Direction.Long,65000.22,212419440,Side.Sell,,OrderStatus.Submitted,65000.22,1653898000,BTC-USDT,TimeCondition.GTC,1783610713035186739,0.001,0.001,0.0
4194834854,2837957847,1783610713035485706,1783610713035487864,203,order,benchmark,True,0.0,0.0,,,mock,0.0,,1783610713035485706,InstrumentType.Spot,11800374963033145756,OrderType.Limit,Direction.Long,65000.03,212421216,Side.Buy,,OrderStatus.Submitted,65000.03,1653898000,BTC-USDT,TimeCondition.GTC,1783610713035485706,0.001,0.001,0.0
4194834854,2837957847,1783610713035782245,1783610713035784222,203,order,benchmark,True,0.0,0.0,,,mock,0.0,,1783610713035782245,InstrumentType.Spot,11800374963033145757,OrderType.Limit,Direction.Long,65000.24,212422992,Side.Sell,,OrderStatus.Submitted,65000.24,1653898000,BTC-USDT,TimeCondition.GTC,1783610713035782245,0.001,0.001,0.0
4194834854,2837957847,1783610713036095274,1783610713036097399,203,order,benchmark,True,0.0,0.0,,,mock,0.0,,1783610713036095274,InstrumentType.Spot,11800374963033145758,OrderType.Limit,Direction.Long,65000.05,212424768,Side.Buy,,OrderStatus.Submitted,65000.05,1653898000,BTC-USDT,TimeCondition.GTC,1783610713036095274,0.001,0.001,0.0
4194834854,2837957847,1783610713036386746,1783610713036388666,203,order,benchmark,True,0.0,0.0,,,mock,0.0,,1783610713036386746,InstrumentType.Spot,11800374963033145759,OrderType.Limit,Direction.Long,65000.26,212426544,Side.Sell,,OrderStatus.Submitted,65000.26,1653898000,BTC-USDT,TimeCondition.GTC,1783610713036386746,0.001,0.001,0.0
4194834854,2837957847,1783610713036841549,1783610713036846783,203,order,benchmark,True,0.0,0.0,,,mock,0.0,,1783610713036841549,InstrumentType.Spot,11800374963033145760,OrderType.Limit,Direction.Long,65000.07,212428320,Side.Buy,,OrderStatus.Submitted,65000.07,1653898000,BTC-USDT,TimeCondition.GTC,1783610713036841549,0.001,0.001,0.0
4194834854,2837957847,1783610713037066867,1783610713037069067,203,order,benchmark,True,0.0,0.0,,,mock,0.0,,1783610713037066867,InstrumentType.Spot,11800374963033145761,OrderType.Limit,Direction.Long,65000.28,212430096,Side.Sell,,OrderStatus.Submitted,65000.28,1653898000,BTC-USDT,TimeCondition.GTC,1783610713037066867,0.001,0.001,0.0
4194834854,2837957847,1783610713037283269,1783610713037285229,203,order,benchmark,True,0.0,0.0,,,mock,0.0,,1783610713037283269,InstrumentType.Spot,11800374963033145762,OrderType.Limit,Direction.Long,65000.090000000004,212431872,Side.Buy,,OrderStatus.Submitted,65000.090000000004,1653898000,BTC-USDT,TimeCondition.GTC,1783610713037283269,0.001,0.001,0.0
4194834854,2837957847,1783610713037796234,1783610713037799252,203,order,benchmark,True,0.0,0.0,,,mock,0.0,,1783610713037796234,InstrumentType.Spot,11800374963033145763,OrderType.Limit,Direction.Long,65000.299999999996,212433648,Side.Sell,,OrderStatus.Submitted,65000.299999999996,1653898000,BTC-USDT,TimeCondition.GTC,1783610713037796234,0.001,0.001,0.0
4194834854,2837957847,1783610713037890922,1783610713037892553,203,order,benchmark,True,0.0,0.0,,,mock,0.0,,1783610713037890922,InstrumentType.Spot,11800374963033145764,OrderType.Limit,Direction.Long,65000.11,212435424,Side.Buy,,OrderStatus.Submitted,65000.11,1653898000,BTC-USDT,TimeCondition.GTC,1783610713037890922,0.001,0.001,0.0
4194834854,2837957847,1783610713038186791,1783610713038189341,203,order,benchmark,True,0.0,0.0,,,mock,0.0,,1783610713038186791,InstrumentType.Spot,11800374963033145765,OrderType.Limit,Direction.Long,65000.32,212437200,Side.Sell,,OrderStatus.Submitted,65000.32,1653898000,BTC-USDT,TimeCondition.GTC,1783610713038186791,0.001,0.001,0.0
4194834854,2837957847,1783610713038483223,1783610713038580082,203,order,benchmark,True,0.0,0.0,,,mock,0.0,,1783610713038483223,InstrumentType.Spot,11800374963033145766,OrderType.Limit,Direction.Long,65000.130000000005,212438976,Side.Buy,,OrderStatus.Submitted,65000.130000000005,1653898000,BTC-USDT,TimeCondition.GTC,1783610713038483223,0.001,0.001,0.0
4194834854,2837957847,1783610713038991182,1783610713039003285,203,order,benchmark,True,0.0,0.0,,,mock,0.0,,1783610713038991182,InstrumentType.Spot,11800374963033145767,OrderType.Limit,Direction.Long,65000.34,212440752,Side.Sell,,OrderStatus.Submitted,65000.34,1653898000,BTC-USDT,TimeCondition.GTC,1783610713038991182,0.001,0.001,0.0
4194834854,2837957847,1783610713039179429,1783610713039181801,203,order,benchmark,True,0.0,0.0,,,mock,0.0,,1783610713039179429,InstrumentType.Spot,11800374963033145768,OrderType.Limit,Direction.Long,65000.15,212442528,Side.Buy,,OrderStatus.Submitted,65000.15,1653898000,BTC-USDT,TimeCondition.GTC,1783610713039179429,0.001,0.001,0.0
4194834854,2837957847,1783610713039406189,1783610713039408189,203,order,benchmark,True,0.0,0.0,,,mock,0.0,,1783610713039406189,InstrumentType.Spot,11800374963033145769,OrderType.Limit,Direction.Long,65000.36,212444304,Side.Sell,,OrderStatus.Submitted,65000.36,1653898000,BTC-USDT,TimeCondition.GTC,1783610713039406189,0.001,0.001,0.0
4194834854,2837957847,1783610713039676573,1783610713039678453,203,order,benchmark,True,0.0,0.0,,,mock,0.0,,1783610713039676573,InstrumentType.Spot,11800374963033145770,OrderType.Limit,Direction.Long,65000.17,212446080,Side.Buy,,OrderStatus.Submitted,65000.17,1653898000,BTC-USDT,TimeCondition.GTC,1783610713039676573,0.001,0.001,0.0
4194834854,2837957847,1783610713040136524,1783610713040139236,203,order,benchmark,True,0.0,0.0,,,mock,0.0,,1783610713040136524,InstrumentType.Spot,11800374963033145771,OrderType.Limit,Direction.Long,65000.38,212447856,Side.Sell,,OrderStatus.Submitted,65000.38,1653898000,BTC-USDT,TimeCondition.GTC,1783610713040136524,0.001,0.001,0.0
4194834854,2837957847,1783610713040400901,1783610713040405460,203,order,benchmark,True,0.0,0.0,,,mock,0.0,,1783610713040400901,InstrumentType.Spot,11800374963033145772,OrderType.Limit,Direction.Long,65000.19,212449632,Side.Buy,,OrderStatus.Submitted,65000.19,1653898000,BTC-USDT,TimeCondition.GTC,1783610713040400901,0.001,0.001,0.0
4194834854,2837957847,1783610713040607326,1783610713040611752,203,order,benchmark,True,0.0,0.0,,,mock,0.0,,1783610713040607326,InstrumentType.Spot,11800374963033145773,OrderType.Limit,Direction.Long,65000.4,212451408,Side.Sell,,OrderStatus.Submitted,65000.4,1653898000,BTC-USDT,TimeCondition.GTC,1783610713040607326,0.001,0.001,0.0
4194834854,2837957847,1783610713040911831,1783610713040915969,203,order,benchmark,True,0.0,0.0,,,mock,0.0,,1783610713040911831,InstrumentType.Spot,11800374963033145774,OrderType.Limit,Direction.Long,65000.21,212453184,Side.Buy,,OrderStatus.Submitted,65000.21,1653898000,BTC-USDT,TimeCondition.GTC,1783610713040911831,0.001,0.001,0.0
4194834854,2837957847,1783610713041184547,1783610713041186780,203,order,benchmark,True,0.0,0.0,,,mock,0.0,,1783610713041184547,InstrumentType.Spot,11800374963033145775,OrderType.Limit,Direction.Long,65000.42,212454960,Side.Sell,,OrderStatus.Submitted,65000.42,1653898000,BTC-USDT,TimeCondition.GTC,1783610713041184547,0.001,0.001,0.0
4194834854,2837957847,1783610713041653969,1783610713041659073,203,order,benchmark,True,0.0,0.0,,,mock,0.0,,1783610713041653969,InstrumentType.Spot,11800374963033145776,OrderType.Limit,Direction.Long,65000.23,212456736,Side.Buy,,OrderStatus.Submitted,65000.23,1653898000,BTC-USDT,TimeCondition.GTC,1783610713041653969,0.001,0.001,0.0
4194834854,2837957847,1783610713041926083,1783610713041929088,203,order,benchmark,True,0.0,0.0,,,mock,0.0,,1783610713041926083,InstrumentType.Spot,11800374963033145777,OrderType.Limit,Direction.Long,65000.439999999995,212458512,Side.Sell,,OrderStatus.Submitted,65000.439999999995,1653898000,BTC-USDT,TimeCondition.GTC,1783610713041926083,0.001,0.001,0.0
4194834854,2837957847,1783610713042329560,1783610713042331896,203,order,benchmark,True,0.0,0.0,,,mock,0.0,,1783610713042329560,InstrumentType.Spot,11800374963033145778,OrderType.Limit,Direction.Long,65000.25,212460288,Side.Buy,,OrderStatus.Submitted,65000.25,1653898000,BTC-USDT,TimeCondition.GTC,1783610713042329560,0.001,0.001,0.0
4194834854,2837957847,1783610713042347704,1783610713042363819,203,order,benchmark,True,0.0,0.0,,,mock,0.0,,1783610713042347704,InstrumentType.Spot,11800374963033145779,OrderType.Limit,Direction.Long,65000.46,212462032,Side.Sell,,OrderStatus.Submitted,65000.46,1653898000,BTC-USDT,TimeCondition.GTC,1783610713042347704,0.001,0.001,0.0
4194834854,2837957847,1783610713042694431,1783610713042696644,203,order,benchmark,True,0.0,0.0,,,mock,0.0,,1783610713042694431,InstrumentType.Spot,11800374963033145780,OrderType.Limit,Direction.Long,65000.270000000004,212463840,Side.Buy,,OrderStatus.Submitted,65000.270000000004,1653898000,BTC-USDT,TimeCondition.GTC,1783610713042694431,0.001,0.001,0.0
4194834854,2837957847,1783610713042991696,1783610713042993770,203,order,benchmark,True,0.0,0.0,,,mock,0.0,,1783610713042991696,InstrumentType.Spot,11800374963033145781,OrderType.Limit,Direction.Long,65000.479999999996,212465616,Side.Sell,,OrderStatus.Submitted,65000.479999999996,1653898000,BTC-USDT,TimeCondition.GTC,1783610713042991696,0.001,0.001,0.0
4194834854,2837957847,1783610713043306446,1783610713043308822,203,order,benchmark,True,0.0,0.0,,,mock,0.0,,1783610713043306446,InstrumentType.Spot,11800374963033145782,OrderType.Limit,Direction.Long,65000.29,212467392,Side.Buy,,OrderStatus.Submitted,65000.29,1653898000,BTC-USDT,TimeCondition.GTC,1783610713043306446,0.001,0.001,0.0
4194834854,2837957847,1783610713043596315,1783610713043598376,203,order,benchmark,True,0.0,0.0,,,mock,0.0,,1783610713043596315,InstrumentType.Spot,11800374963033145783,OrderType.Limit,Direction.Long,65000.5,212469168,Side.Sell,,OrderStatus.Submitted,65000.5,1653898000,BTC-USDT,TimeCondition.GTC,1783610713043596315,0.001,0.001,0.0
4194834854,2837957847,1783610713043893007,1783610713043895031,203,order,benchmark,True,0.0,0.0,,,mock,0.0,,1783610713043893007,InstrumentType.Spot,11800374963033145784,OrderType.Limit,Direction.Long,65000.310000000005,212470944,Side.Buy,,OrderStatus.Submitted,65000.310000000005,1653898000,BTC-USDT,TimeCondition.GTC,1783610713043893007,0.001,0.001,0.0
4194834854,2837957847,1783610713044193194,1783610713044195284,203,order,benchmark,True,0.0,0.0,,,mock,0.0,,1783610713044193194,InstrumentType.Spot,11800374963033145785,OrderType.Limit,Direction.Long,65000.52,212472720,Side.Sell,,OrderStatus.Submitted,65000.52,1653898000,BTC-USDT,TimeCondition.GTC,1783610713044193194,0.001,0.001,0.0
4194834854,2837957847,1783610713044492647,1783610713044494686,203,order,benchmark,True,0.0,0.0,,,mock,0.0,,1783610713044492647,InstrumentType.Spot,11800374963033145786,OrderType.Limit,Direction.Long,65000.33,212474496,Side.Buy,,OrderStatus.Submitted,65000.33,1653898000,BTC-USDT,TimeCondition.GTC,1783610713044492647,0.001,0.001,0.0
4194834854,2837957847,1783610713044784362,1783610713044786249,203,order,benchmark,True,0.0,0.0,,,mock,0.0,,1783610713044784362,InstrumentType.Spot,11800374963033145787,OrderType.Limit,Direction.Long,65000.54,212476272,Side.Sell,,OrderStatus.Submitted,65000.54,1653898000,BTC-USDT,TimeCondition.GTC,1783610713044784362,0.001,0.001,0.0
4194834854,2837957847,1783610713045096562,1783610713045098559,203,order,benchmark,True,0.0,0.0,,,mock,0.0,,1783610713045096562,InstrumentType.Spot,11800374963033145788,OrderType.Limit,Direction.Long,65000.35,212478048,Side.Buy,,OrderStatus.Submitted,65000.35,1653898000,BTC-USDT,TimeCondition.GTC,1783610713045096562,0.001,0.001,0.0
4194834854,2837957847,1783610713045384087,1783610713045386032,203,order,benchmark,True,0.0,0.0,,,mock,0.0,,1783610713045384087,InstrumentType.Spot,11800374963033145789,OrderType.Limit,Direction.Long,65000.56,212479824,Side.Sell,,OrderStatus.Submitted,65000.56,1653898000,BTC-USDT,TimeCondition.GTC,1783610713045384087,0.001,0.001,0.0
4194834854,2837957847,1783610713045804044,1783610713045806153,203,order,benchmark,True,0.0,0.0,,,mock,0.0,,1783610713045804044,InstrumentType.Spot,11800374963033145790,OrderType.Limit,Direction.Long,65000.37,212481600,Side.Buy,,OrderStatus.Submitted,65000.37,1653898000,BTC-USDT,TimeCondition.GTC,1783610713045804044,0.001,0.001,0.0
4194834854,2837957847,1783610713046005424,1783610713046007399,203,order,benchmark,True,0.0,0.0,,,mock,0.0,,1783610713046005424,InstrumentType.Spot,11800374963033145791,OrderType.Limit,Direction.Long,65000.58,212483376,Side.Sell,,OrderStatus.Submitted,65000.58,1653898000,BTC-USDT,TimeCondition.GTC,1783610713046005424,0.001,0.001,0.0
4194834854,2837957847,1783610713046295543,1783610713046297868,203,order,benchmark,True,0.0,0.0,,,mock,0.0,,1783610713046295543,InstrumentType.Spot,11800374963033145792,OrderType.Limit,Direction.Long,65000.39,212485152,Side.Buy,,OrderStatus.Submitted,65000.39,1653898000,BTC-USDT,TimeCondition.GTC,1783610713046295543,0.001,0.001,0.0
4194834854,2837957847,1783610713046584502,1783610713046593571,203,order,benchmark,True,0.0,0.0,,,mock,0.0,,1783610713046584502,InstrumentType.Spot,11800374963033145793,OrderType.Limit,Direction.Long,65000.6,212486928,Side.Sell,,OrderStatus.Submitted,65000.6,1653898000,BTC-USDT,TimeCondition.GTC,1783610713046584502,0.001,0.001,0.0
4194834854,2837957847,1783610713046883414,1783610713046885537,203,order,benchmark,True,0.0,0.0,,,mock,0.0,,1783610713046883414,InstrumentType.Spot,11800374963033145794,OrderType.Limit,Direction.Long,65000.41,212488704,Side.Buy,,OrderStatus.Submitted,65000.41,1653898000,BTC-USDT,TimeCondition.GTC,1783610713046883414,0.001,0.001,0.0
4194834854,2837957847,1783610713047184930,1783610713047186984,203,order,benchmark,True,0.0,0.0,,,mock,0.0,,1783610713047184930,InstrumentType.Spot,11800374963033145795,OrderType.Limit,Direction.Long,65000.619999999995,212490480,Side.Sell,,OrderStatus.Submitted,65000.619999999995,1653898000,BTC-USDT,TimeCondition.GTC,1783610713047184930,0.001,0.001,0.0
4194834854,2837957847,1783610713047482238,1783610713047484169,203,order,benchmark,True,0.0,0.0,,,mock,0.0,,1783610713047482238,InstrumentType.Spot,11800374963033145796,OrderType.Limit,Direction.Long,65000.43,212492256,Side.Buy,,OrderStatus.Submitted,65000.43,1653898000,BTC-USDT,TimeCondition.GTC,1783610713047482238,0.001,0.001,0.0
4194834854,2837957847,1783610713047787276,1783610713047789690,203,order,benchmark,True,0.0,0.0,,,mock,0.0,,1783610713047787276,InstrumentType.Spot,11800374963033145797,OrderType.Limit,Direction.Long,65000.64,212494032,Side.Sell,,OrderStatus.Submitted,65000.64,1653898000,BTC-USDT,TimeCondition.GTC,1783610713047787276,0.001,0.001,0.0
4194834854,2837957847,1783610713048098492,1783610713048100522,203,order,benchmark,True,0.0,0.0,,,mock,0.0,,1783610713048098492,InstrumentType.Spot,11800374963033145798,OrderType.Limit,Direction.Long,65000.450000000004,212495808,Side.Buy,,OrderStatus.Submitted,65000.450000000004,1653898000,BTC-USDT,TimeCondition.GTC,1783610713048098492,0.001,0.001,0.0
4194834854,2837957847,1783610713048383046,1783610713048385051,203,order,benchmark,True,0.0,0.0,,,mock,0.0,,1783610713048383046,InstrumentType.Spot,11800374963033145799,OrderType.Limit,Direction.Long,65000.659999999996,212497584,Side.Sell,,OrderStatus.Submitted,65000.659999999996,1653898000,BTC-USDT,TimeCondition.GTC,1783610713048383046,0.001,0.001,0.0
4194834854,2837957847,1783610713048686573,1783610713048688757,203,order,benchmark,True,0.0,0.0,,,mock,0.0,,1783610713048686573,InstrumentType.Spot,11800374963033145800,OrderType.Limit,Direction.Long,65000.47,212499360,Side.Buy,,OrderStatus.Submitted,65000.47,1653898000,BTC-USDT,TimeCondition.GTC,1783610713048686573,0.001,0.001,0.0
4194834854,2837957847,1783610713048985085,1783610713048987281,203,order,benchmark,True,0.0,0.0,,,mock,0.0,,1783610713048985085,InstrumentType.Spot,11800374963033145801,OrderType.Limit,Direction.Long,65000.68,212401216,Side.Sell,,OrderStatus.Submitted,65000.68,1653898000,BTC-USDT,TimeCondition.GTC,1783610713048985085,0.001,0.001,0.0
4194834854,2837957847,1783610713049292921,1783610713049295272,203,order,benchmark,True,0.0,0.0,,,mock,0.0,,1783610713049292921,InstrumentType.Spot,11800374963033145802,OrderType.Limit,Direction.Long,65000.49,212402992,Side.Buy,,OrderStatus.Submitted,65000.49,1653898000,BTC-USDT,TimeCondition.GTC,1783610713049292921,0.001,0.001,0.0
4194834854,2837957847,1783610713049585761,1783610713049587925,203,order,benchmark,True,0.0,0.0,,,mock,0.0,,1783610713049585761,InstrumentType.Spot,11800374963033145803,OrderType.Limit,Direction.Long,65000.7,212505280,Side.Sell,,OrderStatus.Submitted,65000.7,1653898000,BTC-USDT,TimeCondition.GTC,1783610713049585761,0.001,0.001,0.0
4194834854,2837957847,1783610713049887544,1783610713049889673,203,order,benchmark,True,0.0,0.0,,,mock,0.0,,1783610713049887544,InstrumentType.Spot,11800374963033145804,OrderType.Limit,Direction.Long,65000.51,212506976,Side.Buy,,OrderStatus.Submitted,65000.51,1653898000,BTC-USDT,TimeCondition.GTC,1783610713049887544,0.001,0.001,0.0
4194834854,2837957847,1783610713050190181,1783610713050193566,203,order,benchmark,True,0.0,0.0,,,mock,0.0,,1783610713050190181,InstrumentType.Spot,11800374963033145805,OrderType.Limit,Direction.Long,65000.72,212508752,Side.Sell,,OrderStatus.Submitted,65000.72,1653898000,BTC-USDT,TimeCondition.GTC,1783610713050190181,0.001,0.001,0.0
4194834854,2837957847,1783610713050488585,1783610713050500603,203,order,benchmark,True,0.0,0.0,,,mock,0.0,,1783610713050488585,InstrumentType.Spot,11800374963033145806,OrderType.Limit,Direction.Long,65000.53,212510528,Side.Buy,,OrderStatus.Submitted,65000.53,1653898000,BTC-USDT,TimeCondition.GTC,1783610713050488585,0.001,0.001,0.0
4194834854,2837957847,1783610713050787054,1783610713050789220,203,order,benchmark,True,0.0,0.0,,,mock,0.0,,1783610713050787054,InstrumentType.Spot,11800374963033145807,OrderType.Limit,Direction.Long,65000.74,212512304,Side.Sell,,OrderStatus.Submitted,65000.74,1653898000,BTC-USDT,TimeCondition.GTC,1783610713050787054,0.001,0.001,0.0
4194834854,2837957847,1783610713051091794,1783610713051093880,203,order,benchmark,True,0.0,0.0,,,mock,0.0,,1783610713051091794,InstrumentType.Spot,11800374963033145808,OrderType.Limit,Direction.Long,65000.55,212514080,Side.Buy,,OrderStatus.Submitted,65000.55,1653898000,BTC-USDT,TimeCondition.GTC,1783610713051091794,0.001,0.001,0.0
4194834854,2837957847,1783610713051383747,1783610713051385755,203,order,benchmark,True,0.0,0.0,,,mock,0.0,,1783610713051383747,InstrumentType.Spot,11800374963033145809,OrderType.Limit,Direction.Long,65000.76,212515856,Side.Sell,,OrderStatus.Submitted,65000.76,1653898000,BTC-USDT,TimeCondition.GTC,1783610713051383747,0.001,0.001,0.0
4194834854,2837957847,1783610713051684129,1783610713051686105,203,order,benchmark,True,0.0,0.0,,,mock,0.0,,1783610713051684129,InstrumentType.Spot,11800374963033145810,OrderType.Limit,Direction.Long,65000.57,212517632,Side.Buy,,OrderStatus.Submitted,65000.57,1653898000,BTC-USDT,TimeCondition.GTC,1783610713051684129,0.001,0.001,0.0
4194834854,2837957847,1783610713051992340,1783610713051994553,203,order,benchmark,True,0.0,0.0,,,mock,0.0,,1783610713051992340,InstrumentType.Spot,11800374963033145811,OrderType.Limit,Direction.Long,65000.78,212519408,Side.Sell,,OrderStatus.Submitted,65000.78,1653898000,BTC-USDT,TimeCondition.GTC,1783610713051992340,0.001,0.001,0.0
4194834854,2837957847,1783610713052284314,1783610713052286444,203,order,benchmark,True,0.0,0.0,,,mock,0.0,,1783610713052284314,InstrumentType.Spot,11800374963033145812,OrderType.Limit,Direction.Long,65000.590000000004,212521184,Side.Buy,,OrderStatus.Submitted,65000.590000000004,1653898000,BTC-USDT,TimeCondition.GTC,1783610713052284314,0.001,0.001,0.0
4194834854,2837957847,1783610713052585286,1783610713052587471,203,order,benchmark,True,0.0,0.0,,,mock,0.0,,1783610713052585286,InstrumentType.Spot,11800374963033145813,OrderType.Limit,Direction.Long,65000.799999999996,212522960,Side.Sell,,OrderStatus.Submitted,65000.799999999996,1653898000,BTC-USDT,TimeCondition.GTC,1783610713052585286,0.001,0.001,0.0
4194834854,2837957847,1783610713052990575,1783610713052992866,203,order,benchmark,True,0.0,0.0,,,mock,0.0,,1783610713052990575,InstrumentType.Spot,11800374963033145814,OrderType.Limit,Direction.Long,65000.61,212524736,Side.Buy,,OrderStatus.Submitted,65000.61,1653898000,BTC-USDT,TimeCondition.GTC,1783610713052990575,0.001,0.001,0.0
4194834854,2837957847,1783610713053220489,1783610713053223300,203,order,benchmark,True,0.0,0.0,,,mock,0.0,,1783610713053220489,InstrumentType.Spot,11800374963033145815,OrderType.Limit,Direction.Long,65000.82,212526512,Side.Sell,,OrderStatus.Submitted,65000.82,1653898000,BTC-USDT,TimeCondition.GTC,1783610713053220489,0.001,0.001,0.0
4194834854,2837957847,1783610713053484431,1783610713053486601,203,order,benchmark,True,0.0,0.0,,,mock,0.0,,1783610713053484431,InstrumentType.Spot,11800374963033145816,OrderType.Limit,Direction.Long,65000.630000000005,212528288,Side.Buy,,OrderStatus.Submitted,65000.630000000005,1653898000,BTC-USDT,TimeCondition.GTC,1783610713053484431,0.001,0.001,0.0
4194834854,2837957847,1783610713053785066,1783610713053787146,203,order,benchmark,True,0.0,0.0,,,mock,0.0,,1783610713053785066,InstrumentType.Spot,11800374963033145817,OrderType.Limit,Direction.Long,65000.84,212530064,Side.Sell,,OrderStatus.Submitted,65000.84,1653898000,BTC-USDT,TimeCondition.GTC,1783610713053785066,0.001,0.001,0.0
4194834854,2837957847,1783610713054088952,1783610713054091098,203,order,benchmark,True,0.0,0.0,,,mock,0.0,,1783610713054088952,InstrumentType.Spot,11800374963033145818,OrderType.Limit,Direction.Long,65000.65,212531840,Side.Buy,,OrderStatus.Submitted,65000.65,1653898000,BTC-USDT,TimeCondition.GTC,1783610713054088952,0.001,0.001,0.0
4194834854,2837957847,1783610713054382366,1783610713054392051,203,order,benchmark,True,0.0,0.0,,,mock,0.0,,1783610713054382366,InstrumentType.Spot,11800374963033145819,OrderType.Limit,Direction.Long,65000.86,212533616,Side.Sell,,OrderStatus.Submitted,65000.86,1653898000,BTC-USDT,TimeCondition.GTC,1783610713054382366,0.001,0.001,0.0
4194834854,2837957847,1783610713054682992,1783610713054685032,203,order,benchmark,True,0.0,0.0,,,mock,0.0,,1783610713054682992,InstrumentType.Spot,11800374963033145820,OrderType.Limit,Direction.Long,65000.67,212535392,Side.Buy,,OrderStatus.Submitted,65000.67,1653898000,BTC-USDT,TimeCondition.GTC,1783610713054682992,0.001,0.001,0.0
4194834854,2837957847,1783610713054994668,1783610713055002635,203,order,benchmark,True,0.0,0.0,,,mock,0.0,,1783610713054994668,InstrumentType.Spot,11800374963033145821,OrderType.Limit,Direction.Long,65000.88,212537168,Side.Sell,,OrderStatus.Submitted,65000.88,1653898000,BTC-USDT,TimeCondition.GTC,1783610713054994668,0.001,0.001,0.0
4194834854,2837957847,1783610713055287056,1783610713055289392,203,order,benchmark,True,0.0,0.0,,,mock,0.0,,1783610713055287056,InstrumentType.Spot,11800374963033145822,OrderType.Limit,Direction.Long,65000.69,212538944,Side.Buy,,OrderStatus.Submitted,65000.69,1653898000,BTC-USDT,TimeCondition.GTC,1783610713055287056,0.001,0.001,0.0
4194834854,2837957847,1783610713055582259,1783610713055584178,203,order,benchmark,True,0.0,0.0,,,mock,0.0,,1783610713055582259,InstrumentType.Spot,11800374963033145823,OrderType.Limit,Direction.Long,65000.9,212540720,Side.Sell,,OrderStatus.Submitted,65000.9,1653898000,BTC-USDT,TimeCondition.GTC,1783610713055582259,0.001,0.001,0.0
4194834854,2837957847,1783610713055884756,1783610713055886861,203,order,benchmark,True,0.0,0.0,,,mock,0.0,,1783610713055884756,InstrumentType.Spot,11800374963033145824,OrderType.Limit,Direction.Long,65000.71,212542496,Side.Buy,,OrderStatus.Submitted,65000.71,1653898000,BTC-USDT,TimeCondition.GTC,1783610713055884756,0.001,0.001,0.0
4194834854,2837957847,1783610713056185643,1783610713056187610,203,order,benchmark,True,0.0,0.0,,,mock,0.0,,1783610713056185643,InstrumentType.Spot,11800374963033145825,OrderType.Limit,Direction.Long,65000.92,212544272,Side.Sell,,OrderStatus.Submitted,65000.92,1653898000,BTC-USDT,TimeCondition.GTC,1783610713056185643,0.001,0.001,0.0
4194834854,2837957847,1783610713056486305,1783610713056488406,203,order,benchmark,True,0.0,0.0,,,mock,0.0,,1783610713056486305,InstrumentType.Spot,11800374963033145826,OrderType.Limit,Direction.Long,65000.73,212546048,Side.Buy,,OrderStatus.Submitted,65000.73,1653898000,BTC-USDT,TimeCondition.GTC,1783610713056486305,0.001,0.001,0.0
4194834854,2837957847,1783610713056784022,1783610713056785897,203,order,benchmark,True,0.0,0.0,,,mock,0.0,,1783610713056784022,InstrumentType.Spot,11800374963033145827,OrderType.Limit,Direction.Long,65000.939999999995,212547824,Side.Sell,,OrderStatus.Submitted,65000.939999999995,1653898000,BTC-USDT,TimeCondition.GTC,1783610713056784022,0.001,0.001,0.0
4194834854,2837957847,1783610713057098151,1783610713057100132,203,order,benchmark,True,0.0,0.0,,,mock,0.0,,1783610713057098151,InstrumentType.Spot,11800374963033145828,OrderType.Limit,Direction.Long,65000.75,212549600,Side.Buy,,OrderStatus.Submitted,65000.75,1653898000,BTC-USDT,TimeCondition.GTC,1783610713057098151,0.001,0.001,0.0
4194834854,2837957847,1783610713057383160,1783610713057385101,203,order,benchmark,True,0.0,0.0,,,mock,0.0,,1783610713057383160,InstrumentType.Spot,11800374963033145829,OrderType.Limit,Direction.Long,65000.96,212551376,Side.Sell,,OrderStatus.Submitted,65000.96,1653898000,BTC-USDT,TimeCondition.GTC,1783610713057383160,0.001,0.001,0.0
4194834854,2837957847,1783610713057691150,1783610713057693235,203,order,benchmark,True,0.0,0.0,,,mock,0.0,,1783610713057691150,InstrumentType.Spot,11800374963033145830,OrderType.Limit,Direction.Long,65000.770000000004,212553152,Side.Buy,,OrderStatus.Submitted,65000.770000000004,1653898000,BTC-USDT,TimeCondition.GTC,1783610713057691150,0.001,0.001,0.0
4194834854,2837957847,1783610713057982718,1783610713057984659,203,order,benchmark,True,0.0,0.0,,,mock,0.0,,1783610713057982718,InstrumentType.Spot,11800374963033145831,OrderType.Limit,Direction.Long,65000.979999999996,212554928,Side.Sell,,OrderStatus.Submitted,65000.979999999996,1653898000,BTC-USDT,TimeCondition.GTC,1783610713057982718,0.001,0.001,0.0
4194834854,2837957847,1783610713058283022,1783610713058292432,203,order,benchmark,True,0.0,0.0,,,mock,0.0,,1783610713058283022,InstrumentType.Spot,11800374963033145832,OrderType.Limit,Direction.Long,65000.79,212556704,Side.Buy,,OrderStatus.Submitted,65000.79,1653898000,BTC-USDT,TimeCondition.GTC,1783610713058283022,0.001,0.001,0.0
4194834854,2837957847,1783610713058584503,1783610713058586434,203,order,benchmark,True,0.0,0.0,,,mock,0.0,,1783610713058584503,InstrumentType.Spot,11800374963033145833,OrderType.Limit,Direction.Long,65001.0,212558480,Side.Sell,,OrderStatus.Submitted,65001.0,1653898000,BTC-USDT,TimeCondition.GTC,1783610713058584503,0.001,0.001,0.0
4194834854,2837957847,1783610713058884819,1783610713058887146,203,order,benchmark,True,0.0,0.0,,,mock,0.0,,1783610713058884819,InstrumentType.Spot,11800374963033145834,OrderType.Limit,Direction.Long,65000.810000000005,212560256,Side.Buy,,OrderStatus.Submitted,65000.810000000005,1653898000,BTC-USDT,TimeCondition.GTC,1783610713058884819,0.001,0.001,0.0
4194834854,2837957847,1783610713059187083,1783610713059189129,203,order,benchmark,True,0.0,0.0,,,mock,0.0,,1783610713059187083,InstrumentType.Spot,11800374963033145835,OrderType.Limit,Direction.Long,65001.02,212562032,Side.Sell,,OrderStatus.Submitted,65001.02,1653898000,BTC-USDT,TimeCondition.GTC,1783610713059187083,0.001,0.001,0.0
4194834854,2837957847,1783610713059463555,1783610713059465588,203,order,benchmark,True,0.0,0.0,,,mock,0.0,,1783610713059463555,InstrumentType.Spot,11800374963033145836,OrderType.Limit,Direction.Long,65000.83,212563808,Side.Buy,,OrderStatus.Submitted,65000.83,1653898000,BTC-USDT,TimeCondition.GTC,1783610713059463555,0.001,0.001,0.0
4194834854,2837957847,1783610713059778727,1783610713059780680,203,order,benchmark,True,0.0,0.0,,,mock,0.0,,1783610713059778727,InstrumentType.Spot,11800374963033145837,OrderType.Limit,Direction.Long,65001.04,212565584,Side.Sell,,OrderStatus.Submitted,65001.04,1653898000,BTC-USDT,TimeCondition.GTC,1783610713059778727,0.001,0.001,0.0
4194834854,2837957847,1783610713060089658,1783610713060091776,203,order,benchmark,True,0.0,0.0,,,mock,0.0,,1783610713060089658,InstrumentType.Spot,11800374963033145838,OrderType.Limit,Direction.Long,65000.85,212567360,Side.Buy,,OrderStatus.Submitted,65000.85,1653898000,BTC-USDT,TimeCondition.GTC,1783610713060089658,0.001,0.001,0.0
4194834854,2837957847,1783610713060376804,1783610713060378616,203,order,benchmark,True,0.0,0.0,,,mock,0.0,,1783610713060376804,InstrumentType.Spot,11800374963033145839,OrderType.Limit,Direction.Long,65001.06,212569136,Side.Sell,,OrderStatus.Submitted,65001.06,1653898000,BTC-USDT,TimeCondition.GTC,1783610713060376804,0.001,0.001,0.0
4194834854,2837957847,1783610713060684436,1783610713060686474,203,order,benchmark,True,0.0,0.0,,,mock,0.0,,1783610713060684436,InstrumentType.Spot,11800374963033145840,OrderType.Limit,Direction.Long,65000.87,212570912,Side.Buy,,OrderStatus.Submitted,65000.87,1653898000,BTC-USDT,TimeCondition.GTC,1783610713060684436,0.001,0.001,0.0
4194834854,2837957847,1783610713060975215,1783610713060977169,203,order,benchmark,True,0.0,0.0,,,mock,0.0,,1783610713060975215,InstrumentType.Spot,11800374963033145841,OrderType.Limit,Direction.Long,65001.08,212572688,Side.Sell,,OrderStatus.Submitted,65001.08,1653898000,BTC-USDT,TimeCondition.GTC,1783610713060975215,0.001,0.001,0.0
4194834854,2837957847,1783610713061280238,1783610713061282460,203,order,benchmark,True,0.0,0.0,,,mock,0.0,,1783610713061280238,InstrumentType.Spot,11800374963033145842,OrderType.Limit,Direction.Long,65000.89,212574464,Side.Buy,,OrderStatus.Submitted,65000.89,1653898000,BTC-USDT,TimeCondition.GTC,1783610713061280238,0.001,0.001,0.0
4194834854,2837957847,1783610713061582739,1783610713061584964,203,order,benchmark,True,0.0,0.0,,,mock,0.0,,1783610713061582739,InstrumentType.Spot,11800374963033145843,OrderType.Limit,Direction.Long,65000.1,212576240,Side.Sell,,OrderStatus.Submitted,65000.1,1653898000,BTC-USDT,TimeCondition.GTC,1783610713061582739,0.001,0.001,0.0
4194834854,2837957847,1783610713062949532,1783610713062957414,203,order,benchmark,True,0.0,0.0,,,mock,0.0,,1783610713062949532,InstrumentType.Spot,11800374963033145844,OrderType.Limit,Direction.Long,64999.91,212578016,Side.Buy,,OrderStatus.Submitted,64999.91,1653898000,BTC-USDT,TimeCondition.GTC,1783610713062949532,0.001,0.001,0.0
4194834854,2837957847,1783610713062986156,1783610713063014498,203,order,benchmark,True,0.0,0.0,,,mock,0.0,,1783610713062986156,InstrumentType.Spot,11800374963033145845,OrderType.Limit,Direction.Long,65000.119999999995,212579760,Side.Sell,,OrderStatus.Submitted,65000.119999999995,1653898000,BTC-USDT,TimeCondition.GTC,1783610713062986156,0.001,0.001,0.0
4194834854,2837957847,1783610713063030034,1783610713063032401,203,order,benchmark,True,0.0,0.0,,,mock,0.0,,1783610713063030034,InstrumentType.Spot,11800374963033145846,OrderType.Limit,Direction.Long,64999.93,212581536,Side.Buy,,OrderStatus.Submitted,64999.93,1653898000,BTC-USDT,TimeCondition.GTC,1783610713063030034,0.001,0.001,0.0
4194834854,2837957847,1783610713063048216,1783610713063050273,203,order,benchmark,True,0.0,0.0,,,mock,0.0,,1783610713063048216,InstrumentType.Spot,11800374963033145847,OrderType.Limit,Direction.Long,65000.14,212583312,Side.Sell,,OrderStatus.Submitted,65000.14,1653898000,BTC-USDT,TimeCondition.GTC,1783610713063048216,0.001,0.001,0.0
4194834854,2837957847,1783610713063397068,1783610713063399086,203,order,benchmark,True,0.0,0.0,,,mock,0.0,,1783610713063397068,InstrumentType.Spot,11800374963033145848,OrderType.Limit,Direction.Long,64999.950000000004,212585120,Side.Buy,,OrderStatus.Submitted,64999.950000000004,1653898000,BTC-USDT,TimeCondition.GTC,1783610713063397068,0.001,0.001,0.0
4194834854,2837957847,1783610713063695204,1783610713063698849,203,order,benchmark,True,0.0,0.0,,,mock,0.0,,1783610713063695204,InstrumentType.Spot,11800374963033145849,OrderType.Limit,Direction.Long,65000.159999999996,212586896,Side.Sell,,OrderStatus.Submitted,65000.159999999996,1653898000,BTC-USDT,TimeCondition.GTC,1783610713063695204,0.001,0.001,0.0
4194834854,2837957847,1783610713063718761,1783610713063721034,203,order,benchmark,True,0.0,0.0,,,mock,0.0,,1783610713063718761,InstrumentType.Spot,11800374963033145850,OrderType.Limit,Direction.Long,64999.97,212588640,Side.Buy,,OrderStatus.Submitted,64999.97,1653898000,BTC-USDT,TimeCondition.GTC,1783610713063718761,0.001,0.001,0.0
4194834854,2837957847,1783610713064104567,1783610713064109370,203,order,benchmark,True,0.0,0.0,,,mock,0.0,,1783610713064104567,InstrumentType.Spot,11800374963033145851,OrderType.Limit,Direction.Long,65000.18,212590448,Side.Sell,,OrderStatus.Submitted,65000.18,1653898000,BTC-USDT,TimeCondition.GTC,1783610713064104567,0.001,0.001,0.0
4194834854,2837957847,1783610713064317896,1783610713064320125,203,order,benchmark,True,0.0,0.0,,,mock,0.0,,1783610713064317896,InstrumentType.Spot,11800374963033145852,OrderType.Limit,Direction.Long,64999.99,212592224,Side.Buy,,OrderStatus.Submitted,64999.99,1653898000,BTC-USDT,TimeCondition.GTC,1783610713064317896,0.001,0.001,0.0
4194834854,2837957847,1783610713064581308,1783610713064583213,203,order,benchmark,True,0.0,0.0,,,mock,0.0,,1783610713064581308,InstrumentType.Spot,11800374963033145853,OrderType.Limit,Direction.Long,65000.2,212594000,Side.Sell,,OrderStatus.Submitted,65000.2,1653898000,BTC-USDT,TimeCondition.GTC,1783610713064581308,0.001,0.001,0.0
4194834854,2837957847,1783610713064878775,1783610713064880789,203,order,benchmark,True,0.0,0.0,,,mock,0.0,,1783610713064878775,InstrumentType.Spot,11800374963033145854,OrderType.Limit,Direction.Long,65000.01,212595776,Side.Buy,,OrderStatus.Submitted,65000.01,1653898000,BTC-USDT,TimeCondition.GTC,1783610713064878775,0.001,0.001,0.0
4194834854,2837957847,1783610713065173654,1783610713065175701,203,order,benchmark,True,0.0,0.0,,,mock,0.0,,1783610713065173654,InstrumentType.Spot,11800374963033145855,OrderType.Limit,Direction.Long,65000.22,212597552,Side.Sell,,OrderStatus.Submitted,65000.22,1653898000,BTC-USDT,TimeCondition.GTC,1783610713065173654,0.001,0.001,0.0
4194834854,2837957847,1783610713065487866,1783610713065490130,203,order,benchmark,True,0.0,0.0,,,mock,0.0,,1783610713065487866,InstrumentType.Spot,11800374963033145856,OrderType.Limit,Direction.Long,65000.03,212599328,Side.Buy,,OrderStatus.Submitted,65000.03,1653898000,BTC-USDT,TimeCondition.GTC,1783610713065487866,0.001,0.001,0.0
4194834854,2837957847,1783610713065779350,1783610713065781285,203,order,benchmark,True,0.0,0.0,,,mock,0.0,,1783610713065779350,InstrumentType.Spot,11800374963033145857,OrderType.Limit,Direction.Long,65000.24,212601104,Side.Sell,,OrderStatus.Submitted,65000.24,1653898000,BTC-USDT,TimeCondition.GTC,1783610713065779350,0.001,0.001,0.0
4194834854,2837957847,1783610713066095699,1783610713066097856,203,order,benchmark,True,0.0,0.0,,,mock,0.0,,1783610713066095699,InstrumentType.Spot,11800374963033145858,OrderType.Limit,Direction.Long,65000.05,212602880,Side.Buy,,OrderStatus.Submitted,65000.05,1653898000,BTC-USDT,TimeCondition.GTC,1783610713066095699,0.001,0.001,0.0
4194834854,2837957847,1783610713066403546,1783610713066414380,203,order,benchmark,True,0.0,0.0,,,mock,0.0,,1783610713066403546,InstrumentType.Spot,11800374963033145859,OrderType.Limit,Direction.Long,65000.26,212604656,Side.Sell,,OrderStatus.Submitted,65000.26,1653898000,BTC-USDT,TimeCondition.GTC,1783610713066403546,0.001,0.001,0.0
4194834854,2837957847,1783610713066686480,1783610713066688539,203,order,benchmark,True,0.0,0.0,,,mock,0.0,,1783610713066686480,InstrumentType.Spot,11800374963033145860,OrderType.Limit,Direction.Long,65000.07,212606432,Side.Buy,,OrderStatus.Submitted,65000.07,1653898000,BTC-USDT,TimeCondition.GTC,1783610713066686480,0.001,0.001,0.0
4194834854,2837957847,1783610713067107628,1783610713067109684,203,order,benchmark,True,0.0,0.0,,,mock,0.0,,1783610713067107628,InstrumentType.Spot,11800374963033145861,OrderType.Limit,Direction.Long,65000.28,212608208,Side.Sell,,OrderStatus.Submitted,65000.28,1653898000,BTC-USDT,TimeCondition.GTC,1783610713067107628,0.001,0.001,0.0
4194834854,2837957847,1783610713067329377,1783610713067331472,203,order,benchmark,True,0.0,0.0,,,mock,0.0,,1783610713067329377,InstrumentType.Spot,11800374963033145862,OrderType.Limit,Direction.Long,65000.090000000004,212609984,Side.Buy,,OrderStatus.Submitted,65000.090000000004,1653898000,BTC-USDT,TimeCondition.GTC,1783610713067329377,0.001,0.001,0.0
4194834854,2837957847,1783610713067587808,1783610713067589910,203,order,benchmark,True,0.0,0.0,,,mock,0.0,,1783610713067587808,InstrumentType.Spot,11800374963033145863,OrderType.Limit,Direction.Long,65000.299999999996,212611760,Side.Sell,,OrderStatus.Submitted,65000.299999999996,1653898000,BTC-USDT,TimeCondition.GTC,1783610713067587808,0.001,0.001,0.0
4194834854,2837957847,1783610713067880815,1783610713067882753,203,order,benchmark,True,0.0,0.0,,,mock,0.0,,1783610713067880815,InstrumentType.Spot,11800374963033145864,OrderType.Limit,Direction.Long,65000.11,212613536,Side.Buy,,OrderStatus.Submitted,65000.11,1653898000,BTC-USDT,TimeCondition.GTC,1783610713067880815,0.001,0.001,0.0
4194834854,2837957847,1783610713068180274,1783610713068182211,203,order,benchmark,True,0.0,0.0,,,mock,0.0,,1783610713068180274,InstrumentType.Spot,11800374963033145865,OrderType.Limit,Direction.Long,65000.32,212501136,Side.Sell,,OrderStatus.Submitted,65000.32,1653898000,BTC-USDT,TimeCondition.GTC,1783610713068180274,0.001,0.001,0.0
4194834854,2837957847,1783610713068478944,1783610713068480837,203,order,benchmark,True,0.0,0.0,,,mock,0.0,,1783610713068478944,InstrumentType.Spot,11800374963033145866,OrderType.Limit,Direction.Long,65000.130000000005,212502912,Side.Buy,,OrderStatus.Submitted,65000.130000000005,1653898000,BTC-USDT,TimeCondition.GTC,1783610713068478944,0.001,0.001,0.0
4194834854,2837957847,1783610713068780195,1783610713068782197,203,order,benchmark,True,0.0,0.0,,,mock,0.0,,1783610713068780195,InstrumentType.Spot,11800374963033145867,OrderType.Limit,Direction.Long,65000.34,212504688,Side.Sell,,OrderStatus.Submitted,65000.34,1653898000,BTC-USDT,TimeCondition.GTC,1783610713068780195,0.001,0.001,0.0
4194834854,2837957847,1783610713069073086,1783610713069075088,203,order,benchmark,True,0.0,0.0,,,mock,0.0,,1783610713069073086,InstrumentType.Spot,11800374963033145868,OrderType.Limit,Direction.Long,65000.15,212621216,Side.Buy,,OrderStatus.Submitted,65000.15,1653898000,BTC-USDT,TimeCondition.GTC,1783610713069073086,0.001,0.001,0.0
4194834854,2837957847,1783610713069378762,1783610713069380787,203,order,benchmark,True,0.0,0.0,,,mock,0.0,,1783610713069378762,InstrumentType.Spot,11800374963033145869,OrderType.Limit,Direction.Long,65000.36,212622992,Side.Sell,,OrderStatus.Submitted,65000.36,1653898000,BTC-USDT,TimeCondition.GTC,1783610713069378762,0.001,0.001,0.0
4194834854,2837957847,1783610713069678623,1783610713069680585,203,order,benchmark,True,0.0,0.0,,,mock,0.0,,1783610713069678623,InstrumentType.Spot,11800374963033145870,OrderType.Limit,Direction.Long,65000.17,212624768,Side.Buy,,OrderStatus.Submitted,65000.17,1653898000,BTC-USDT,TimeCondition.GTC,1783610713069678623,0.001,0.001,0.0
4194834854,2837957847,1783610713069976156,1783610713069978111,203,order,benchmark,True,0.0,0.0,,,mock,0.0,,1783610713069976156,InstrumentType.Spot,11800374963033145871,OrderType.Limit,Direction.Long,65000.38,212626544,Side.Sell,,OrderStatus.Submitted,65000.38,1653898000,BTC-USDT,TimeCondition.GTC,1783610713069976156,0.001,0.001,0.0
4194834854,2837957847,1783610713070551207,1783610713070560580,203,order,benchmark,True,0.0,0.0,,,mock,0.0,,1783610713070551207,InstrumentType.Spot,11800374963033145872,OrderType.Limit,Direction.Long,65000.19,212628320,Side.Buy,,OrderStatus.Submitted,65000.19,1653898000,BTC-USDT,TimeCondition.GTC,1783610713070551207,0.001,0.001,0.0
4194834854,2837957847,1783610713070732752,1783610713070735663,203,order,benchmark,True,0.0,0.0,,,mock,0.0,,1783610713070732752,InstrumentType.Spot,11800374963033145873,OrderType.Limit,Direction.Long,65000.4,212630096,Side.Sell,,OrderStatus.Submitted,65000.4,1653898000,BTC-USDT,TimeCondition.GTC,1783610713070732752,0.001,0.001,0.0
4194834854,2837957847,1783610713070877671,1783610713070879730,203,order,benchmark,True,0.0,0.0,,,mock,0.0,,1783610713070877671,InstrumentType.Spot,11800374963033145874,OrderType.Limit,Direction.Long,65000.21,212631872,Side.Buy,,OrderStatus.Submitted,65000.21,1653898000,BTC-USDT,TimeCondition.GTC,1783610713070877671,0.001,0.001,0.0
4194834854,2837957847,1783610713071332453,1783610713071337642,203,order,benchmark,True,0.0,0.0,,,mock,0.0,,1783610713071332453,InstrumentType.Spot,11800374963033145875,OrderType.Limit,Direction.Long,65000.42,212633648,Side.Sell,,OrderStatus.Submitted,65000.42,1653898000,BTC-USDT,TimeCondition.GTC,1783610713071332453,0.001,0.001,0.0
4194834854,2837957847,1783610713071531846,1783610713071533980,203,order,benchmark,True,0.0,0.0,,,mock,0.0,,1783610713071531846,InstrumentType.Spot,11800374963033145876,OrderType.Limit,Direction.Long,65000.23,212635424,Side.Buy,,OrderStatus.Submitted,65000.23,1653898000,BTC-USDT,TimeCondition.GTC,1783610713071531846,0.001,0.001,0.0
4194834854,2837957847,1783610713071779575,1783610713071781476,203,order,benchmark,True,0.0,0.0,,,mock,0.0,,1783610713071779575,InstrumentType.Spot,11800374963033145877,OrderType.Limit,Direction.Long,65000.439999999995,212637200,Side.Sell,,OrderStatus.Submitted,65000.439999999995,1653898000,BTC-USDT,TimeCondition.GTC,1783610713071779575,0.001,0.001,0.0
4194834854,2837957847,1783610713072114721,1783610713072117794,203,order,benchmark,True,0.0,0.0,,,mock,0.0,,1783610713072114721,InstrumentType.Spot,11800374963033145878,OrderType.Limit,Direction.Long,65000.25,212638976,Side.Buy,,OrderStatus.Submitted,65000.25,1653898000,BTC-USDT,TimeCondition.GTC,1783610713072114721,0.001,0.001,0.0
4194834854,2837957847,1783610713072570607,1783610713072575395,203,order,benchmark,True,0.0,0.0,,,mock,0.0,,1783610713072570607,InstrumentType.Spot,11800374963033145879,OrderType.Limit,Direction.Long,65000.46,212640752,Side.Sell,,OrderStatus.Submitted,65000.46,1653898000,BTC-USDT,TimeCondition.GTC,1783610713072570607,0.001,0.001,0.0
4194834854,2837957847,1783610713072884680,1783610713072887568,203,order,benchmark,True,0.0,0.0,,,mock,0.0,,1783610713072884680,InstrumentType.Spot,11800374963033145880,OrderType.Limit,Direction.Long,65000.270000000004,212642528,Side.Buy,,OrderStatus.Submitted,65000.270000000004,1653898000,BTC-USDT,TimeCondition.GTC,1783610713072884680,0.001,0.001,0.0
4194834854,2837957847,1783610713072967497,1783610713072970008,203,order,benchmark,True,0.0,0.0,,,mock,0.0,,1783610713072967497,InstrumentType.Spot,11800374963033145881,OrderType.Limit,Direction.Long,65000.479999999996,212644304,Side.Sell,,OrderStatus.Submitted,65000.479999999996,1653898000,BTC-USDT,TimeCondition.GTC,1783610713072967497,0.001,0.001,0.0
4194834854,2837957847,1783610713073580262,1783610713073583189,203,order,benchmark,True,0.0,0.0,,,mock,0.0,,1783610713073580262,InstrumentType.Spot,11800374963033145882,OrderType.Limit,Direction.Long,65000.29,212646080,Side.Buy,,OrderStatus.Submitted,65000.29,1653898000,BTC-USDT,TimeCondition.GTC,1783610713073580262,0.001,0.001,0.0
4194834854,2837957847,1783610713073601875,1783610713073603286,203,order,benchmark,True,0.0,0.0,,,mock,0.0,,1783610713073601875,InstrumentType.Spot,11800374963033145883,OrderType.Limit,Direction.Long,65000.5,212647824,Side.Sell,,OrderStatus.Submitted,65000.5,1653898000,BTC-USDT,TimeCondition.GTC,1783610713073601875,0.001,0.001,0.0
4194834854,2837957847,1783610713074032078,1783610713074036242,203,order,benchmark,True,0.0,0.0,,,mock,0.0,,1783610713074032078,InstrumentType.Spot,11800374963033145884,OrderType.Limit,Direction.Long,65000.310000000005,212649632,Side.Buy,,OrderStatus.Submitted,65000.310000000005,1653898000,BTC-USDT,TimeCondition.GTC,1783610713074032078,0.001,0.001,0.0
4194834854,2837957847,1783610713074283440,1783610713074304726,203,order,benchmark,True,0.0,0.0,,,mock,0.0,,1783610713074283440,InstrumentType.Spot,11800374963033145885,OrderType.Limit,Direction.Long,65000.52,212651408,Side.Sell,,OrderStatus.Submitted,65000.52,1653898000,BTC-USDT,TimeCondition.GTC,1783610713074283440,0.001,0.001,0.0
4194834854,2837957847,1783610713074497502,1783610713074502415,203,order,benchmark,True,0.0,0.0,,,mock,0.0,,1783610713074497502,InstrumentType.Spot,11800374963033145886,OrderType.Limit,Direction.Long,65000.33,212653184,Side.Buy,,OrderStatus.Submitted,65000.33,1653898000,BTC-USDT,TimeCondition.GTC,1783610713074497502,0.001,0.001,0.0
4194834854,2837957847,1783610713075011599,1783610713075017464,203,order,benchmark,True,0.0,0.0,,,mock,0.0,,1783610713075011599,InstrumentType.Spot,11800374963033145887,OrderType.Limit,Direction.Long,65000.54,212654960,Side.Sell,,OrderStatus.Submitted,65000.54,1653898000,BTC-USDT,TimeCondition.GTC,1783610713075011599,0.001,0.001,0.0
4194834854,2837957847,1783610713075060875,1783610713075063658,203,order,benchmark,True,0.0,0.0,,,mock,0.0,,1783610713075060875,InstrumentType.Spot,11800374963033145888,OrderType.Limit,Direction.Long,65000.35,212656736,Side.Buy,,OrderStatus.Submitted,65000.35,1653898000,BTC-USDT,TimeCondition.GTC,1783610713075060875,0.001,0.001,0.0
4194834854,2837957847,1783610713075404086,1783610713075408709,203,order,benchmark,True,0.0,0.0,,,mock,0.0,,1783610713075404086,InstrumentType.Spot,11800374963033145889,OrderType.Limit,Direction.Long,65000.56,212658512,Side.Sell,,OrderStatus.Submitted,65000.56,1653898000,BTC-USDT,TimeCondition.GTC,1783610713075404086,0.001,0.001,0.0
4194834854,2837957847,1783610713075690371,1783610713075692761,203,order,benchmark,True,0.0,0.0,,,mock,0.0,,1783610713075690371,InstrumentType.Spot,11800374963033145890,OrderType.Limit,Direction.Long,65000.37,212660288,Side.Buy,,OrderStatus.Submitted,65000.37,1653898000,BTC-USDT,TimeCondition.GTC,1783610713075690371,0.001,0.001,0.0
4194834854,2837957847,1783610713076111485,1783610713076113656,203,order,benchmark,True,0.0,0.0,,,mock,0.0,,1783610713076111485,InstrumentType.Spot,11800374963033145891,OrderType.Limit,Direction.Long,65000.58,212662064,Side.Sell,,OrderStatus.Submitted,65000.58,1653898000,BTC-USDT,TimeCondition.GTC,1783610713076111485,0.001,0.001,0.0
4194834854,2837957847,1783610713076338929,1783610713076340946,203,order,benchmark,True,0.0,0.0,,,mock,0.0,,1783610713076338929,InstrumentType.Spot,11800374963033145892,OrderType.Limit,Direction.Long,65000.39,212663840,Side.Buy,,OrderStatus.Submitted,65000.39,1653898000,BTC-USDT,TimeCondition.GTC,1783610713076338929,0.001,0.001,0.0
4194834854,2837957847,1783610713076711271,1783610713076713535,203,order,benchmark,True,0.0,0.0,,,mock,0.0,,1783610713076711271,InstrumentType.Spot,11800374963033145893,OrderType.Limit,Direction.Long,65000.6,212665616,Side.Sell,,OrderStatus.Submitted,65000.6,1653898000,BTC-USDT,TimeCondition.GTC,1783610713076711271,0.001,0.001,0.0
4194834854,2837957847,1783610713076940082,1783610713076942728,203,order,benchmark,True,0.0,0.0,,,mock,0.0,,1783610713076940082,InstrumentType.Spot,11800374963033145894,OrderType.Limit,Direction.Long,65000.41,212667392,Side.Buy,,OrderStatus.Submitted,65000.41,1653898000,BTC-USDT,TimeCondition.GTC,1783610713076940082,0.001,0.001,0.0
4194834854,2837957847,1783610713077189594,1783610713077191757,203,order,benchmark,True,0.0,0.0,,,mock,0.0,,1783610713077189594,InstrumentType.Spot,11800374963033145895,OrderType.Limit,Direction.Long,65000.619999999995,212669168,Side.Sell,,OrderStatus.Submitted,65000.619999999995,1653898000,BTC-USDT,TimeCondition.GTC,1783610713077189594,0.001,0.001,0.0
4194834854,2837957847,1783610713077485325,1783610713077487486,203,order,benchmark,True,0.0,0.0,,,mock,0.0,,1783610713077485325,InstrumentType.Spot,11800374963033145896,OrderType.Limit,Direction.Long,65000.43,212670944,Side.Buy,,OrderStatus.Submitted,65000.43,1653898000,BTC-USDT,TimeCondition.GTC,1783610713077485325,0.001,0.001,0.0
4194834854,2837957847,1783610713077798090,1783610713077800478,203,order,benchmark,True,0.0,0.0,,,mock,0.0,,1783610713077798090,InstrumentType.Spot,11800374963033145897,OrderType.Limit,Direction.Long,65000.64,212672720,Side.Sell,,OrderStatus.Submitted,65000.64,1653898000,BTC-USDT,TimeCondition.GTC,1783610713077798090,0.001,0.001,0.0
4194834854,2837957847,1783610713078095462,1783610713078109537,203,order,benchmark,True,0.0,0.0,,,mock,0.0,,1783610713078095462,InstrumentType.Spot,11800374963033145898,OrderType.Limit,Direction.Long,65000.450000000004,212674496,Side.Buy,,OrderStatus.Submitted,65000.450000000004,1653898000,BTC-USDT,TimeCondition.GTC,1783610713078095462,0.001,0.001,0.0
4194834854,2837957847,1783610713078386853,1783610713078388822,203,order,benchmark,True,0.0,0.0,,,mock,0.0,,1783610713078386853,InstrumentType.Spot,11800374963033145899,OrderType.Limit,Direction.Long,65000.659999999996,212676272,Side.Sell,,OrderStatus.Submitted,65000.659999999996,1653898000,BTC-USDT,TimeCondition.GTC,1783610713078386853,0.001,0.001,0.0
4194834854,2837957847,1783610713078677186,1783610713078679467,203,order,benchmark,True,0.0,0.0,,,mock,0.0,,1783610713078677186,InstrumentType.Spot,11800374963033145900,OrderType.Limit,Direction.Long,65000.47,212678048,Side.Buy,,OrderStatus.Submitted,65000.47,1653898000,BTC-USDT,TimeCondition.GTC,1783610713078677186,0.001,0.001,0.0
4194834854,2837957847,1783610713078992932,1783610713079001651,203,order,benchmark,True,0.0,0.0,,,mock,0.0,,1783610713078992932,InstrumentType.Spot,11800374963033145901,OrderType.Limit,Direction.Long,65000.68,212679824,Side.Sell,,OrderStatus.Submitted,65000.68,1653898000,BTC-USDT,TimeCondition.GTC,1783610713078992932,0.001,0.001,0.0
4194834854,2837957847,1783610713079293797,1783610713079295986,203,order,benchmark,True,0.0,0.0,,,mock,0.0,,1783610713079293797,InstrumentType.Spot,11800374963033145902,OrderType.Limit,Direction.Long,65000.49,212681600,Side.Buy,,OrderStatus.Submitted,65000.49,1653898000,BTC-USDT,TimeCondition.GTC,1783610713079293797,0.001,0.001,0.0
4194834854,2837957847,1783610713079590319,1783610713079592338,203,order,benchmark,True,0.0,0.0,,,mock,0.0,,1783610713079590319,InstrumentType.Spot,11800374963033145903,OrderType.Limit,Direction.Long,65000.7,212683376,Side.Sell,,OrderStatus.Submitted,65000.7,1653898000,BTC-USDT,TimeCondition.GTC,1783610713079590319,0.001,0.001,0.0
4194834854,2837957847,1783610713079888464,1783610713079890414,203,order,benchmark,True,0.0,0.0,,,mock,0.0,,1783610713079888464,InstrumentType.Spot,11800374963033145904,OrderType.Limit,Direction.Long,65000.51,212685152,Side.Buy,,OrderStatus.Submitted,65000.51,1653898000,BTC-USDT,TimeCondition.GTC,1783610713079888464,0.001,0.001,0.0
4194834854,2837957847,1783610713080187136,1783610713080189307,203,order,benchmark,True,0.0,0.0,,,mock,0.0,,1783610713080187136,InstrumentType.Spot,11800374963033145905,OrderType.Limit,Direction.Long,65000.72,212686928,Side.Sell,,OrderStatus.Submitted,65000.72,1653898000,BTC-USDT,TimeCondition.GTC,1783610713080187136,0.001,0.001,0.0
4194834854,2837957847,1783610713080475455,1783610713080477496,203,order,benchmark,True,0.0,0.0,,,mock,0.0,,1783610713080475455,InstrumentType.Spot,11800374963033145906,OrderType.Limit,Direction.Long,65000.53,212688704,Side.Buy,,OrderStatus.Submitted,65000.53,1653898000,BTC-USDT,TimeCondition.GTC,1783610713080475455,0.001,0.001,0.0
4194834854,2837957847,1783610713080795679,1783610713080797980,203,order,benchmark,True,0.0,0.0,,,mock,0.0,,1783610713080795679,InstrumentType.Spot,11800374963033145907,OrderType.Limit,Direction.Long,65000.74,212690480,Side.Sell,,OrderStatus.Submitted,65000.74,1653898000,BTC-USDT,TimeCondition.GTC,1783610713080795679,0.001,0.001,0.0
4194834854,2837957847,1783610713081274378,1783610713081284450,203,order,benchmark,True,0.0,0.0,,,mock,0.0,,1783610713081274378,InstrumentType.Spot,11800374963033145908,OrderType.Limit,Direction.Long,65000.55,212692256,Side.Buy,,OrderStatus.Submitted,65000.55,1653898000,BTC-USDT,TimeCondition.GTC,1783610713081274378,0.001,0.001,0.0
4194834854,2837957847,1783610713081382428,1783610713081385079,203,order,benchmark,True,0.0,0.0,,,mock,0.0,,1783610713081382428,InstrumentType.Spot,11800374963033145909,OrderType.Limit,Direction.Long,65000.76,212694032,Side.Sell,,OrderStatus.Submitted,65000.76,1653898000,BTC-USDT,TimeCondition.GTC,1783610713081382428,0.001,0.001,0.0
4194834854,2837957847,1783610713081684777,1783610713081686713,203,order,benchmark,True,0.0,0.0,,,mock,0.0,,1783610713081684777,InstrumentType.Spot,11800374963033145910,OrderType.Limit,Direction.Long,65000.57,212695808,Side.Buy,,OrderStatus.Submitted,65000.57,1653898000,BTC-USDT,TimeCondition.GTC,1783610713081684777,0.001,0.001,0.0
4194834854,2837957847,1783610713081985419,1783610713082000195,203,order,benchmark,True,0.0,0.0,,,mock,0.0,,1783610713081985419,InstrumentType.Spot,11800374963033145911,OrderType.Limit,Direction.Long,65000.78,212697584,Side.Sell,,OrderStatus.Submitted,65000.78,1653898000,BTC-USDT,TimeCondition.GTC,1783610713081985419,0.001,0.001,0.0
4194834854,2837957847,1783610713082287775,1783610713082289793,203,order,benchmark,True,0.0,0.0,,,mock,0.0,,1783610713082287775,InstrumentType.Spot,11800374963033145912,OrderType.Limit,Direction.Long,65000.590000000004,212699360,Side.Buy,,OrderStatus.Submitted,65000.590000000004,1653898000,BTC-USDT,TimeCondition.GTC,1783610713082287775,0.001,0.001,0.0
4194834854,2837957847,1783610713082587458,1783610713082589627,203,order,benchmark,True,0.0,0.0,,,mock,0.0,,1783610713082587458,InstrumentType.Spot,11800374963033145913,OrderType.Limit,Direction.Long,65000.799999999996,212701136,Side.Sell,,OrderStatus.Submitted,65000.799999999996,1653898000,BTC-USDT,TimeCondition.GTC,1783610713082587458,0.001,0.001,0.0
4194834854,2837957847,1783610713082882104,1783610713082884224,203,order,benchmark,True,0.0,0.0,,,mock,0.0,,1783610713082882104,InstrumentType.Spot,11800374963033145914,OrderType.Limit,Direction.Long,65000.61,212702912,Side.Buy,,OrderStatus.Submitted,65000.61,1653898000,BTC-USDT,TimeCondition.GTC,1783610713082882104,0.001,0.001,0.0
4194834854,2837957847,1783610713083494406,1783610713083497864,203,order,benchmark,True,0.0,0.0,,,mock,0.0,,1783610713083494406,InstrumentType.Spot,11800374963033145915,OrderType.Limit,Direction.Long,65000.82,212704688,Side.Sell,,OrderStatus.Submitted,65000.82,1653898000,BTC-USDT,TimeCondition.GTC,1783610713083494406,0.001,0.001,0.0
4194834854,2837957847,1783610713083536243,1783610713083538753,203,order,benchmark,True,0.0,0.0,,,mock,0.0,,1783610713083536243,InstrumentType.Spot,11800374963033145916,OrderType.Limit,Direction.Long,65000.630000000005,212706432,Side.Buy,,OrderStatus.Submitted,65000.630000000005,1653898000,BTC-USDT,TimeCondition.GTC,1783610713083536243,0.001,0.001,0.0
4194834854,2837957847,1783610713083829518,1783610713083831629,203,order,benchmark,True,0.0,0.0,,,mock,0.0,,1783610713083829518,InstrumentType.Spot,11800374963033145917,OrderType.Limit,Direction.Long,65000.84,212708240,Side.Sell,,OrderStatus.Submitted,65000.84,1653898000,BTC-USDT,TimeCondition.GTC,1783610713083829518,0.001,0.001,0.0
4194834854,2837957847,1783610713084102277,1783610713084104522,203,order,benchmark,True,0.0,0.0,,,mock,0.0,,1783610713084102277,InstrumentType.Spot,11800374963033145918,OrderType.Limit,Direction.Long,65000.65,212710016,Side.Buy,,OrderStatus.Submitted,65000.65,1653898000,BTC-USDT,TimeCondition.GTC,1783610713084102277,0.001,0.001,0.0
4194834854,2837957847,1783610713084387304,1783610713084389789,203,order,benchmark,True,0.0,0.0,,,mock,0.0,,1783610713084387304,InstrumentType.Spot,11800374963033145919,OrderType.Limit,Direction.Long,65000.86,212711792,Side.Sell,,OrderStatus.Submitted,65000.86,1653898000,BTC-USDT,TimeCondition.GTC,1783610713084387304,0.001,0.001,0.0
4194834854,2837957847,1783610713084687061,1783610713084689990,203,order,benchmark,True,0.0,0.0,,,mock,0.0,,1783610713084687061,InstrumentType.Spot,11800374963033145920,OrderType.Limit,Direction.Long,65000.67,212713568,Side.Buy,,OrderStatus.Submitted,65000.67,1653898000,BTC-USDT,TimeCondition.GTC,1783610713084687061,0.001,0.001,0.0
4194834854,2837957847,1783610713084986579,1783610713084988640,203,order,benchmark,True,0.0,0.0,,,mock,0.0,,1783610713084986579,InstrumentType.Spot,11800374963033145921,OrderType.Limit,Direction.Long,65000.88,212715344,Side.Sell,,OrderStatus.Submitted,65000.88,1653898000,BTC-USDT,TimeCondition.GTC,1783610713084986579,0.001,0.001,0.0
4194834854,2837957847,1783610713085280815,1783610713085283044,203,order,benchmark,True,0.0,0.0,,,mock,0.0,,1783610713085280815,InstrumentType.Spot,11800374963033145922,OrderType.Limit,Direction.Long,65000.69,212717120,Side.Buy,,OrderStatus.Submitted,65000.69,1653898000,BTC-USDT,TimeCondition.GTC,1783610713085280815,0.001,0.001,0.0
4194834854,2837957847,1783610713085582774,1783610713085584976,203,order,benchmark,True,0.0,0.0,,,mock,0.0,,1783610713085582774,InstrumentType.Spot,11800374963033145923,OrderType.Limit,Direction.Long,65000.9,212718896,Side.Sell,,OrderStatus.Submitted,65000.9,1653898000,BTC-USDT,TimeCondition.GTC,1783610713085582774,0.001,0.001,0.0
4194834854,2837957847,1783610713085894337,1783610713085896377,203,order,benchmark,True,0.0,0.0,,,mock,0.0,,1783610713085894337,InstrumentType.Spot,11800374963033145924,OrderType.Limit,Direction.Long,65000.71,212720672,Side.Buy,,OrderStatus.Submitted,65000.71,1653898000,BTC-USDT,TimeCondition.GTC,1783610713085894337,0.001,0.001,0.0
4194834854,2837957847,1783610713086190988,1783610713086204485,203,order,benchmark,True,0.0,0.0,,,mock,0.0,,1783610713086190988,InstrumentType.Spot,11800374963033145925,OrderType.Limit,Direction.Long,65000.92,212722448,Side.Sell,,OrderStatus.Submitted,65000.92,1653898000,BTC-USDT,TimeCondition.GTC,1783610713086190988,0.001,0.001,0.0
4194834854,2837957847,1783610713086503694,1783610713086505960,203,order,benchmark,True,0.0,0.0,,,mock,0.0,,1783610713086503694,InstrumentType.Spot,11800374963033145926,OrderType.Limit,Direction.Long,65000.73,212724224,Side.Buy,,OrderStatus.Submitted,65000.73,1653898000,BTC-USDT,TimeCondition.GTC,1783610713086503694,0.001,0.001,0.0
4194834854,2837957847,1783610713086795444,1783610713086797681,203,order,benchmark,True,0.0,0.0,,,mock,0.0,,1783610713086795444,InstrumentType.Spot,11800374963033145927,OrderType.Limit,Direction.Long,65000.939999999995,212726000,Side.Sell,,OrderStatus.Submitted,65000.939999999995,1653898000,BTC-USDT,TimeCondition.GTC,1783610713086795444,0.001,0.001,0.0
4194834854,2837957847,1783610713087104452,1783610713087106652,203,order,benchmark,True,0.0,0.0,,,mock,0.0,,1783610713087104452,InstrumentType.Spot,11800374963033145928,OrderType.Limit,Direction.Long,65000.75,212727776,Side.Buy,,OrderStatus.Submitted,65000.75,1653898000,BTC-USDT,TimeCondition.GTC,1783610713087104452,0.001,0.001,0.0
4194834854,2837957847,1783610713087398850,1783610713087401056,203,order,benchmark,True,0.0,0.0,,,mock,0.0,,1783610713087398850,InstrumentType.Spot,11800374963033145929,OrderType.Limit,Direction.Long,65000.96,212729552,Side.Sell,,OrderStatus.Submitted,65000.96,1653898000,BTC-USDT,TimeCondition.GTC,1783610713087398850,0.001,0.001,0.0
4194834854,2837957847,1783610713087692136,1783610713087694134,203,order,benchmark,True,0.0,0.0,,,mock,0.0,,1783610713087692136,InstrumentType.Spot,11800374963033145930,OrderType.Limit,Direction.Long,65000.770000000004,212731328,Side.Buy,,OrderStatus.Submitted,65000.770000000004,1653898000,BTC-USDT,TimeCondition.GTC,1783610713087692136,0.001,0.001,0.0
4194834854,2837957847,1783610713087993925,1783610713088002095,203,order,benchmark,True,0.0,0.0,,,mock,0.0,,1783610713087993925,InstrumentType.Spot,11800374963033145931,OrderType.Limit,Direction.Long,65000.979999999996,212733104,Side.Sell,,OrderStatus.Submitted,65000.979999999996,1653898000,BTC-USDT,TimeCondition.GTC,1783610713087993925,0.001,0.001,0.0
4194834854,2837957847,1783610713088410627,1783610713088412941,203,order,benchmark,True,0.0,0.0,,,mock,0.0,,1783610713088410627,InstrumentType.Spot,11800374963033145932,OrderType.Limit,Direction.Long,65000.79,212734880,Side.Buy,,OrderStatus.Submitted,65000.79,1653898000,BTC-USDT,TimeCondition.GTC,1783610713088410627,0.001,0.001,0.0
4194834854,2837957847,1783610713088639602,1783610713088641493,203,order,benchmark,True,0.0,0.0,,,mock,0.0,,1783610713088639602,InstrumentType.Spot,11800374963033145933,OrderType.Limit,Direction.Long,65001.0,212736656,Side.Sell,,OrderStatus.Submitted,65001.0,1653898000,BTC-USDT,TimeCondition.GTC,1783610713088639602,0.001,0.001,0.0
4194834854,2837957847,1783610713088886915,1783610713088888882,203,order,benchmark,True,0.0,0.0,,,mock,0.0,,1783610713088886915,InstrumentType.Spot,11800374963033145934,OrderType.Limit,Direction.Long,65000.810000000005,212738432,Side.Buy,,OrderStatus.Submitted,65000.810000000005,1653898000,BTC-USDT,TimeCondition.GTC,1783610713088886915,0.001,0.001,0.0
4194834854,2837957847,1783610713089196087,1783610713089199062,203,order,benchmark,True,0.0,0.0,,,mock,0.0,,1783610713089196087,InstrumentType.Spot,11800374963033145935,OrderType.Limit,Direction.Long,65001.02,212740208,Side.Sell,,OrderStatus.Submitted,65001.02,1653898000,BTC-USDT,TimeCondition.GTC,1783610713089196087,0.001,0.001,0.0
4194834854,2837957847,1783610713089469582,1783610713089472963,203,order,benchmark,True,0.0,0.0,,,mock,0.0,,1783610713089469582,InstrumentType.Spot,11800374963033145936,OrderType.Limit,Direction.Long,65000.83,212741984,Side.Buy,,OrderStatus.Submitted,65000.83,1653898000,BTC-USDT,TimeCondition.GTC,1783610713089469582,0.001,0.001,0.0
4194834854,2837957847,1783610713089788125,1783610713089790259,203,order,benchmark,True,0.0,0.0,,,mock,0.0,,1783610713089788125,InstrumentType.Spot,11800374963033145937,OrderType.Limit,Direction.Long,65001.04,212615312,Side.Sell,,OrderStatus.Submitted,65001.04,1653898000,BTC-USDT,TimeCondition.GTC,1783610713089788125,0.001,0.001,0.0
4194834854,2837957847,1783610713090099562,1783610713090109918,203,order,benchmark,True,0.0,0.0,,,mock,0.0,,1783610713090099562,InstrumentType.Spot,11800374963033145938,OrderType.Limit,Direction.Long,65000.85,212617088,Side.Buy,,OrderStatus.Submitted,65000.85,1653898000,BTC-USDT,TimeCondition.GTC,1783610713090099562,0.001,0.001,0.0
4194834854,2837957847,1783610713090389251,1783610713090391253,203,order,benchmark,True,0.0,0.0,,,mock,0.0,,1783610713090389251,InstrumentType.Spot,11800374963033145939,OrderType.Limit,Direction.Long,65001.06,212618864,Side.Sell,,OrderStatus.Submitted,65001.06,1653898000,BTC-USDT,TimeCondition.GTC,1783610713090389251,0.001,0.001,0.0
4194834854,2837957847,1783610713090684446,1783610713090686338,203,order,benchmark,True,0.0,0.0,,,mock,0.0,,1783610713090684446,InstrumentType.Spot,11800374963033145940,OrderType.Limit,Direction.Long,65000.87,212749904,Side.Buy,,OrderStatus.Submitted,65000.87,1653898000,BTC-USDT,TimeCondition.GTC,1783610713090684446,0.001,0.001,0.0
4194834854,2837957847,1783610713090981474,1783610713090983587,203,order,benchmark,True,0.0,0.0,,,mock,0.0,,1783610713090981474,InstrumentType.Spot,11800374963033145941,OrderType.Limit,Direction.Long,65001.08,212751504,Side.Sell,,OrderStatus.Submitted,65001.08,1653898000,BTC-USDT,TimeCondition.GTC,1783610713090981474,0.001,0.001,0.0
4194834854,2837957847,1783610713091284289,1783610713091286230,203,order,benchmark,True,0.0,0.0,,,mock,0.0,,1783610713091284289,InstrumentType.Spot,11800374963033145942,OrderType.Limit,Direction.Long,65000.89,212753280,Side.Buy,,OrderStatus.Submitted,65000.89,1653898000,BTC-USDT,TimeCondition.GTC,1783610713091284289,0.001,0.001,0.0
4194834854,2837957847,1783610713091584131,1783610713091586101,203,order,benchmark,True,0.0,0.0,,,mock,0.0,,1783610713091584131,InstrumentType.Spot,11800374963033145943,OrderType.Limit,Direction.Long,65000.1,212755056,Side.Sell,,OrderStatus.Submitted,65000.1,1653898000,BTC-USDT,TimeCondition.GTC,1783610713091584131,0.001,0.001,0.0
4194834854,2837957847,1783610713091880956,1783610713091882849,203,order,benchmark,True,0.0,0.0,,,mock,0.0,,1783610713091880956,InstrumentType.Spot,11800374963033145944,OrderType.Limit,Direction.Long,64999.91,212756832,Side.Buy,,OrderStatus.Submitted,64999.91,1653898000,BTC-USDT,TimeCondition.GTC,1783610713091880956,0.001,0.001,0.0
4194834854,2837957847,1783610713092196812,1783610713092199034,203,order,benchmark,True,0.0,0.0,,,mock,0.0,,1783610713092196812,InstrumentType.Spot,11800374963033145945,OrderType.Limit,Direction.Long,65000.119999999995,212758608,Side.Sell,,OrderStatus.Submitted,65000.119999999995,1653898000,BTC-USDT,TimeCondition.GTC,1783610713092196812,0.001,0.001,0.0
4194834854,2837957847,1783610713092483798,1783610713092485628,203,order,benchmark,True,0.0,0.0,,,mock,0.0,,1783610713092483798,InstrumentType.Spot,11800374963033145946,OrderType.Limit,Direction.Long,64999.93,212760384,Side.Buy,,OrderStatus.Submitted,64999.93,1653898000,BTC-USDT,TimeCondition.GTC,1783610713092483798,0.001,0.001,0.0
4194834854,2837957847,1783610713092783799,1783610713092785688,203,order,benchmark,True,0.0,0.0,,,mock,0.0,,1783610713092783799,InstrumentType.Spot,11800374963033145947,OrderType.Limit,Direction.Long,65000.14,212762160,Side.Sell,,OrderStatus.Submitted,65000.14,1653898000,BTC-USDT,TimeCondition.GTC,1783610713092783799,0.001,0.001,0.0
4194834854,2837957847,1783610713093097368,1783610713093099229,203,order,benchmark,True,0.0,0.0,,,mock,0.0,,1783610713093097368,InstrumentType.Spot,11800374963033145948,OrderType.Limit,Direction.Long,64999.950000000004,212763936,Side.Buy,,OrderStatus.Submitted,64999.950000000004,1653898000,BTC-USDT,TimeCondition.GTC,1783610713093097368,0.001,0.001,0.0
4194834854,2837957847,1783610713093383315,1783610713093385301,203,order,benchmark,True,0.0,0.0,,,mock,0.0,,1783610713093383315,InstrumentType.Spot,11800374963033145949,OrderType.Limit,Direction.Long,65000.159999999996,212765712,Side.Sell,,OrderStatus.Submitted,65000.159999999996,1653898000,BTC-USDT,TimeCondition.GTC,1783610713093383315,0.001,0.001,0.0
4194834854,2837957847,1783610713093687946,1783610713093690042,203,order,benchmark,True,0.0,0.0,,,mock,0.0,,1783610713093687946,InstrumentType.Spot,11800374963033145950,OrderType.Limit,Direction.Long,64999.97,212767488,Side.Buy,,OrderStatus.Submitted,64999.97,1653898000,BTC-USDT,TimeCondition.GTC,1783610713093687946,0.001,0.001,0.0
4194834854,2837957847,1783610713093981449,1783610713093990664,203,order,benchmark,True,0.0,0.0,,,mock,0.0,,1783610713093981449,InstrumentType.Spot,11800374963033145951,OrderType.Limit,Direction.Long,65000.18,212769264,Side.Sell,,OrderStatus.Submitted,65000.18,1653898000,BTC-USDT,TimeCondition.GTC,1783610713093981449,0.001,0.001,0.0
4194834854,2837957847,1783610713094280906,1783610713094283465,203,order,benchmark,True,0.0,0.0,,,mock,0.0,,1783610713094280906,InstrumentType.Spot,11800374963033145952,OrderType.Limit,Direction.Long,64999.99,212771040,Side.Buy,,OrderStatus.Submitted,64999.99,1653898000,BTC-USDT,TimeCondition.GTC,1783610713094280906,0.001,0.001,0.0
4194834854,2837957847,1783610713094584218,1783610713094586382,203,order,benchmark,True,0.0,0.0,,,mock,0.0,,1783610713094584218,InstrumentType.Spot,11800374963033145953,OrderType.Limit,Direction.Long,65000.2,212772816,Side.Sell,,OrderStatus.Submitted,65000.2,1653898000,BTC-USDT,TimeCondition.GTC,1783610713094584218,0.001,0.001,0.0
4194834854,2837957847,1783610713096282739,1783610713096291551,203,order,benchmark,True,0.0,0.0,,,mock,0.0,,1783610713096282739,InstrumentType.Spot,11800374963033145954,OrderType.Limit,Direction.Long,65000.01,212774592,Side.Buy,,OrderStatus.Submitted,65000.01,1653898000,BTC-USDT,TimeCondition.GTC,1783610713096282739,0.001,0.001,0.0
4194834854,2837957847,1783610713096316959,1783610713096319361,203,order,benchmark,True,0.0,0.0,,,mock,0.0,,1783610713096316959,InstrumentType.Spot,11800374963033145955,OrderType.Limit,Direction.Long,65000.22,212776336,Side.Sell,,OrderStatus.Submitted,65000.22,1653898000,BTC-USDT,TimeCondition.GTC,1783610713096316959,0.001,0.001,0.0
4194834854,2837957847,1783610713096338098,1783610713096340360,203,order,benchmark,True,0.0,0.0,,,mock,0.0,,1783610713096338098,InstrumentType.Spot,11800374963033145956,OrderType.Limit,Direction.Long,65000.03,212778112,Side.Buy,,OrderStatus.Submitted,65000.03,1653898000,BTC-USDT,TimeCondition.GTC,1783610713096338098,0.001,0.001,0.0
4194834854,2837957847,1783610713096357592,1783610713096359844,203,order,benchmark,True,0.0,0.0,,,mock,0.0,,1783610713096357592,InstrumentType.Spot,11800374963033145957,OrderType.Limit,Direction.Long,65000.24,212779888,Side.Sell,,OrderStatus.Submitted,65000.24,1653898000,BTC-USDT,TimeCondition.GTC,1783610713096357592,0.001,0.001,0.0
4194834854,2837957847,1783610713096377562,1783610713096379945,203,order,benchmark,True,0.0,0.0,,,mock,0.0,,1783610713096377562,InstrumentType.Spot,11800374963033145958,OrderType.Limit,Direction.Long,65000.05,212781664,Side.Buy,,OrderStatus.Submitted,65000.05,1653898000,BTC-USDT,TimeCondition.GTC,1783610713096377562,0.001,0.001,0.0
4194834854,2837957847,1783610713096691747,1783610713096694083,203,order,benchmark,True,0.0,0.0,,,mock,0.0,,1783610713096691747,InstrumentType.Spot,11800374963033145959,OrderType.Limit,Direction.Long,65000.26,212783472,Side.Sell,,OrderStatus.Submitted,65000.26,1653898000,BTC-USDT,TimeCondition.GTC,1783610713096691747,0.001,0.001,0.0
4194834854,2837957847,1783610713097058403,1783610713097063196,203,order,benchmark,True,0.0,0.0,,,mock,0.0,,1783610713097058403,InstrumentType.Spot,11800374963033145960,OrderType.Limit,Direction.Long,65000.07,212785248,Side.Buy,,OrderStatus.Submitted,65000.07,1653898000,BTC-USDT,TimeCondition.GTC,1783610713097058403,0.001,0.001,0.0
4194834854,2837957847,1783610713097087424,1783610713097089962,203,order,benchmark,True,0.0,0.0,,,mock,0.0,,1783610713097087424,InstrumentType.Spot,11800374963033145961,OrderType.Limit,Direction.Long,65000.28,212786992,Side.Sell,,OrderStatus.Submitted,65000.28,1653898000,BTC-USDT,TimeCondition.GTC,1783610713097087424,0.001,0.001,0.0
4194834854,2837957847,1783610713097231655,1783610713097234777,203,order,benchmark,True,0.0,0.0,,,mock,0.0,,1783610713097231655,InstrumentType.Spot,11800374963033145962,OrderType.Limit,Direction.Long,65000.090000000004,212788800,Side.Buy,,OrderStatus.Submitted,65000.090000000004,1653898000,BTC-USDT,TimeCondition.GTC,1783610713097231655,0.001,0.001,0.0
4194834854,2837957847,1783610713097594351,1783610713097596585,203,order,benchmark,True,0.0,0.0,,,mock,0.0,,1783610713097594351,InstrumentType.Spot,11800374963033145963,OrderType.Limit,Direction.Long,65000.299999999996,212790576,Side.Sell,,OrderStatus.Submitted,65000.299999999996,1653898000,BTC-USDT,TimeCondition.GTC,1783610713097594351,0.001,0.001,0.0
4194834854,2837957847,1783610713097918457,1783610713097933457,203,order,benchmark,True,0.0,0.0,,,mock,0.0,,1783610713097918457,InstrumentType.Spot,11800374963033145964,OrderType.Limit,Direction.Long,65000.11,212792352,Side.Buy,,OrderStatus.Submitted,65000.11,1653898000,BTC-USDT,TimeCondition.GTC,1783610713097918457,0.001,0.001,0.0
4194834854,2837957847,1783610713098137481,1783610713098140479,203,order,benchmark,True,0.0,0.0,,,mock,0.0,,1783610713098137481,InstrumentType.Spot,11800374963033145965,OrderType.Limit,Direction.Long,65000.32,212794128,Side.Sell,,OrderStatus.Submitted,65000.32,1653898000,BTC-USDT,TimeCondition.GTC,1783610713098137481,0.001,0.001,0.0
4194834854,2837957847,1783610713098496230,1783610713098498322,203,order,benchmark,True,0.0,0.0,,,mock,0.0,,1783610713098496230,InstrumentType.Spot,11800374963033145966,OrderType.Limit,Direction.Long,65000.130000000005,212795904,Side.Buy,,OrderStatus.Submitted,65000.130000000005,1653898000,BTC-USDT,TimeCondition.GTC,1783610713098496230,0.001,0.001,0.0
4194834854,2837957847,1783610713098794733,1783610713098796959,203,order,benchmark,True,0.0,0.0,,,mock,0.0,,1783610713098794733,InstrumentType.Spot,11800374963033145967,OrderType.Limit,Direction.Long,65000.34,212797680,Side.Sell,,OrderStatus.Submitted,65000.34,1653898000,BTC-USDT,TimeCondition.GTC,1783610713098794733,0.001,0.001,0.0
4194834854,2837957847,1783610713099084696,1783610713099087669,203,order,benchmark,True,0.0,0.0,,,mock,0.0,,1783610713099084696,InstrumentType.Spot,11800374963033145968,OrderType.Limit,Direction.Long,65000.15,212799456,Side.Buy,,OrderStatus.Submitted,65000.15,1653898000,BTC-USDT,TimeCondition.GTC,1783610713099084696,0.001,0.001,0.0
4194834854,2837957847,1783610713099393514,1783610713099395541,203,order,benchmark,True,0.0,0.0,,,mock,0.0,,1783610713099393514,InstrumentType.Spot,11800374963033145969,OrderType.Limit,Direction.Long,65000.36,212801232,Side.Sell,,OrderStatus.Submitted,65000.36,1653898000,BTC-USDT,TimeCondition.GTC,1783610713099393514,0.001,0.001,0.0
4194834854,2837957847,1783610713099685306,1783610713099687291,203,order,benchmark,True,0.0,0.0,,,mock,0.0,,1783610713099685306,InstrumentType.Spot,11800374963033145970,OrderType.Limit,Direction.Long,65000.17,212803008,Side.Buy,,OrderStatus.Submitted,65000.17,1653898000,BTC-USDT,TimeCondition.GTC,1783610713099685306,0.001,0.001,0.0
4194834854,2837957847,1783610713099984855,1783610713099986998,203,order,benchmark,True,0.0,0.0,,,mock,0.0,,1783610713099984855,InstrumentType.Spot,11800374963033145971,OrderType.Limit,Direction.Long,65000.38,212804784,Side.Sell,,OrderStatus.Submitted,65000.38,1653898000,BTC-USDT,TimeCondition.GTC,1783610713099984855,0.001,0.001,0.0
4194834854,2837957847,1783610713100285587,1783610713100287447,203,order,benchmark,True,0.0,0.0,,,mock,0.0,,1783610713100285587,InstrumentType.Spot,11800374963033145972,OrderType.Limit,Direction.Long,65000.19,212806560,Side.Buy,,OrderStatus.Submitted,65000.19,1653898000,BTC-USDT,TimeCondition.GTC,1783610713100285587,0.001,0.001,0.0
4194834854,2837957847,1783610713100592399,1783610713100594682,203,order,benchmark,True,0.0,0.0,,,mock,0.0,,1783610713100592399,InstrumentType.Spot,11800374963033145973,OrderType.Limit,Direction.Long,65000.4,212808336,Side.Sell,,OrderStatus.Submitted,65000.4,1653898000,BTC-USDT,TimeCondition.GTC,1783610713100592399,0.001,0.001,0.0
4194834854,2837957847,1783610713100884298,1783610713100886293,203,order,benchmark,True,0.0,0.0,,,mock,0.0,,1783610713100884298,InstrumentType.Spot,11800374963033145974,OrderType.Limit,Direction.Long,65000.21,212810112,Side.Buy,,OrderStatus.Submitted,65000.21,1653898000,BTC-USDT,TimeCondition.GTC,1783610713100884298,0.001,0.001,0.0
4194834854,2837957847,1783610713101190337,1783610713101192530,203,order,benchmark,True,0.0,0.0,,,mock,0.0,,1783610713101190337,InstrumentType.Spot,11800374963033145975,OrderType.Limit,Direction.Long,65000.42,212811888,Side.Sell,,OrderStatus.Submitted,65000.42,1653898000,BTC-USDT,TimeCondition.GTC,1783610713101190337,0.001,0.001,0.0
4194834854,2837957847,1783610713101487226,1783610713101489269,203,order,benchmark,True,0.0,0.0,,,mock,0.0,,1783610713101487226,InstrumentType.Spot,11800374963033145976,OrderType.Limit,Direction.Long,65000.23,212813664,Side.Buy,,OrderStatus.Submitted,65000.23,1653898000,BTC-USDT,TimeCondition.GTC,1783610713101487226,0.001,0.001,0.0
4194834854,2837957847,1783610713101787158,1783610713101789391,203,order,benchmark,True,0.0,0.0,,,mock,0.0,,1783610713101787158,InstrumentType.Spot,11800374963033145977,OrderType.Limit,Direction.Long,65000.439999999995,212815440,Side.Sell,,OrderStatus.Submitted,65000.439999999995,1653898000,BTC-USDT,TimeCondition.GTC,1783610713101787158,0.001,0.001,0.0
4194834854,2837957847,1783610713102098012,1783610713102108292,203,order,benchmark,True,0.0,0.0,,,mock,0.0,,1783610713102098012,InstrumentType.Spot,11800374963033145978,OrderType.Limit,Direction.Long,65000.25,212817216,Side.Buy,,OrderStatus.Submitted,65000.25,1653898000,BTC-USDT,TimeCondition.GTC,1783610713102098012,0.001,0.001,0.0
4194834854,2837957847,1783610713102501929,1783610713102504381,203,order,benchmark,True,0.0,0.0,,,mock,0.0,,1783610713102501929,InstrumentType.Spot,11800374963033145979,OrderType.Limit,Direction.Long,65000.46,212818992,Side.Sell,,OrderStatus.Submitted,65000.46,1653898000,BTC-USDT,TimeCondition.GTC,1783610713102501929,0.001,0.001,0.0
4194834854,2837957847,1783610713102722344,1783610713102724377,203,order,benchmark,True,0.0,0.0,,,mock,0.0,,1783610713102722344,InstrumentType.Spot,11800374963033145980,OrderType.Limit,Direction.Long,65000.270000000004,212820768,Side.Buy,,OrderStatus.Submitted,65000.270000000004,1653898000,BTC-USDT,TimeCondition.GTC,1783610713102722344,0.001,0.001,0.0
4194834854,2837957847,1783610713102988343,1783610713102990425,203,order,benchmark,True,0.0,0.0,,,mock,0.0,,1783610713102988343,InstrumentType.Spot,11800374963033145981,OrderType.Limit,Direction.Long,65000.479999999996,212822544,Side.Sell,,OrderStatus.Submitted,65000.479999999996,1653898000,BTC-USDT,TimeCondition.GTC,1783610713102988343,0.001,0.001,0.0
4194834854,2837957847,1783610713103289582,1783610713103291577,203,order,benchmark,True,0.0,0.0,,,mock,0.0,,1783610713103289582,InstrumentType.Spot,11800374963033145982,OrderType.Limit,Direction.Long,65000.29,212824320,Side.Buy,,OrderStatus.Submitted,65000.29,1653898000,BTC-USDT,TimeCondition.GTC,1783610713103289582,0.001,0.001,0.0
4194834854,2837957847,1783610713103590206,1783610713103592325,203,order,benchmark,True,0.0,0.0,,,mock,0.0,,1783610713103590206,InstrumentType.Spot,11800374963033145983,OrderType.Limit,Direction.Long,65000.5,212826096,Side.Sell,,OrderStatus.Submitted,65000.5,1653898000,BTC-USDT,TimeCondition.GTC,1783610713103590206,0.001,0.001,0.0
4194834854,2837957847,1783610713103986346,1783610713103988913,203,order,benchmark,True,0.0,0.0,,,mock,0.0,,1783610713103986346,InstrumentType.Spot,11800374963033145984,OrderType.Limit,Direction.Long,65000.310000000005,212827872,Side.Buy,,OrderStatus.Submitted,65000.310000000005,1653898000,BTC-USDT,TimeCondition.GTC,1783610713103986346,0.001,0.001,0.0
4194834854,2837957847,1783610713104216981,1783610713104219891,203,order,benchmark,True,0.0,0.0,,,mock,0.0,,1783610713104216981,InstrumentType.Spot,11800374963033145985,OrderType.Limit,Direction.Long,65000.52,212829648,Side.Sell,,OrderStatus.Submitted,65000.52,1653898000,BTC-USDT,TimeCondition.GTC,1783610713104216981,0.001,0.001,0.0
4194834854,2837957847,1783610713104495146,1783610713104497768,203,order,benchmark,True,0.0,0.0,,,mock,0.0,,1783610713104495146,InstrumentType.Spot,11800374963033145986,OrderType.Limit,Direction.Long,65000.33,212831424,Side.Buy,,OrderStatus.Submitted,65000.33,1653898000,BTC-USDT,TimeCondition.GTC,1783610713104495146,0.001,0.001,0.0
4194834854,2837957847,1783610713104786619,1783610713104788726,203,order,benchmark,True,0.0,0.0,,,mock,0.0,,1783610713104786619,InstrumentType.Spot,11800374963033145987,OrderType.Limit,Direction.Long,65000.54,212833200,Side.Sell,,OrderStatus.Submitted,65000.54,1653898000,BTC-USDT,TimeCondition.GTC,1783610713104786619,0.001,0.001,0.0
4194834854,2837957847,1783610713105487665,1783610713105494804,203,order,benchmark,True,0.0,0.0,,,mock,0.0,,1783610713105487665,InstrumentType.Spot,11800374963033145988,OrderType.Limit,Direction.Long,65000.35,212834976,Side.Buy,,OrderStatus.Submitted,65000.35,1653898000,BTC-USDT,TimeCondition.GTC,1783610713105487665,0.001,0.001,0.0
4194834854,2837957847,1783610713105532349,1783610713105535108,203,order,benchmark,True,0.0,0.0,,,mock,0.0,,1783610713105532349,InstrumentType.Spot,11800374963033145989,OrderType.Limit,Direction.Long,65000.56,212836720,Side.Sell,,OrderStatus.Submitted,65000.56,1653898000,BTC-USDT,TimeCondition.GTC,1783610713105532349,0.001,0.001,0.0
4194834854,2837957847,1783610713106197168,1783610713106201044,203,order,benchmark,True,0.0,0.0,,,mock,0.0,,1783610713106197168,InstrumentType.Spot,11800374963033145990,OrderType.Limit,Direction.Long,65000.37,212838528,Side.Buy,,OrderStatus.Submitted,65000.37,1653898000,BTC-USDT,TimeCondition.GTC,1783610713106197168,0.001,0.001,0.0
4194834854,2837957847,1783610713106226309,1783610713106250372,203,order,benchmark,True,0.0,0.0,,,mock,0.0,,1783610713106226309,InstrumentType.Spot,11800374963033145991,OrderType.Limit,Direction.Long,65000.58,212840272,Side.Sell,,OrderStatus.Submitted,65000.58,1653898000,BTC-USDT,TimeCondition.GTC,1783610713106226309,0.001,0.001,0.0
4194834854,2837957847,1783610713106267594,1783610713106269762,203,order,benchmark,True,0.0,0.0,,,mock,0.0,,1783610713106267594,InstrumentType.Spot,11800374963033145992,OrderType.Limit,Direction.Long,65000.39,212842048,Side.Buy,,OrderStatus.Submitted,65000.39,1653898000,BTC-USDT,TimeCondition.GTC,1783610713106267594,0.001,0.001,0.0
4194834854,2837957847,1783610713106603443,1783610713106605939,203,order,benchmark,True,0.0,0.0,,,mock,0.0,,1783610713106603443,InstrumentType.Spot,11800374963033145993,OrderType.Limit,Direction.Long,65000.6,212843856,Side.Sell,,OrderStatus.Submitted,65000.6,1653898000,BTC-USDT,TimeCondition.GTC,1783610713106603443,0.001,0.001,0.0
4194834854,2837957847,1783610713106987129,1783610713106989102,203,order,benchmark,True,0.0,0.0,,,mock,0.0,,1783610713106987129,InstrumentType.Spot,11800374963033145994,OrderType.Limit,Direction.Long,65000.41,212845632,Side.Buy,,OrderStatus.Submitted,65000.41,1653898000,BTC-USDT,TimeCondition.GTC,1783610713106987129,0.001,0.001,0.0
4194834854,2837957847,1783610713107210125,1783610713107212392,203,order,benchmark,True,0.0,0.0,,,mock,0.0,,1783610713107210125,InstrumentType.Spot,11800374963033145995,OrderType.Limit,Direction.Long,65000.619999999995,212847408,Side.Sell,,OrderStatus.Submitted,65000.619999999995,1653898000,BTC-USDT,TimeCondition.GTC,1783610713107210125,0.001,0.001,0.0
4194834854,2837957847,1783610713107597426,1783610713107599702,203,order,benchmark,True,0.0,0.0,,,mock,0.0,,1783610713107597426,InstrumentType.Spot,11800374963033145996,OrderType.Limit,Direction.Long,65000.43,212849184,Side.Buy,,OrderStatus.Submitted,65000.43,1653898000,BTC-USDT,TimeCondition.GTC,1783610713107597426,0.001,0.001,0.0
4194834854,2837957847,1783610713107819309,1783610713107821336,203,order,benchmark,True,0.0,0.0,,,mock,0.0,,1783610713107819309,InstrumentType.Spot,11800374963033145997,OrderType.Limit,Direction.Long,65000.64,212850960,Side.Sell,,OrderStatus.Submitted,65000.64,1653898000,BTC-USDT,TimeCondition.GTC,1783610713107819309,0.001,0.001,0.0
4194834854,2837957847,1783610713108099295,1783610713108101356,203,order,benchmark,True,0.0,0.0,,,mock,0.0,,1783610713108099295,InstrumentType.Spot,11800374963033145998,OrderType.Limit,Direction.Long,65000.450000000004,212852736,Side.Buy,,OrderStatus.Submitted,65000.450000000004,1653898000,BTC-USDT,TimeCondition.GTC,1783610713108099295,0.001,0.001,0.0
4194834854,2837957847,1783610713108377664,1783610713108379656,203,order,benchmark,True,0.0,0.0,,,mock,0.0,,1783610713108377664,InstrumentType.Spot,11800374963033145999,OrderType.Limit,Direction.Long,65000.659999999996,212854512,Side.Sell,,OrderStatus.Submitted,65000.659999999996,1653898000,BTC-USDT,TimeCondition.GTC,1783610713108377664,0.001,0.001,0.0
4194834854,2837957847,1783610713108687964,1783610713108690006,203,order,benchmark,True,0.0,0.0,,,mock,0.0,,1783610713108687964,InstrumentType.Spot,11800374963033146000,OrderType.Limit,Direction.Long,65000.47,212856288,Side.Buy,,OrderStatus.Submitted,65000.47,1653898000,BTC-USDT,TimeCondition.GTC,1783610713108687964,0.001,0.001,0.0
4194834854,2837957847,1783610713108985880,1783610713108987900,203,order,benchmark,True,0.0,0.0,,,mock,0.0,,1783610713108985880,InstrumentType.Spot,11800374963033146001,OrderType.Limit,Direction.Long,65000.68,212858064,Side.Sell,,OrderStatus.Submitted,65000.68,1653898000,BTC-USDT,TimeCondition.GTC,1783610713108985880,0.001,0.001,0.0
4194834854,2837957847,1783610713109413427,1783610713109415745,203,order,benchmark,True,0.0,0.0,,,mock,0.0,,1783610713109413427,InstrumentType.Spot,11800374963033146002,OrderType.Limit,Direction.Long,65000.49,212859840,Side.Buy,,OrderStatus.Submitted,65000.49,1653898000,BTC-USDT,TimeCondition.GTC,1783610713109413427,0.001,0.001,0.0
4194834854,2837957847,1783610713109640230,1783610713109642348,203,order,benchmark,True,0.0,0.0,,,mock,0.0,,1783610713109640230,InstrumentType.Spot,11800374963033146003,OrderType.Limit,Direction.Long,65000.7,212861616,Side.Sell,,OrderStatus.Submitted,65000.7,1653898000,BTC-USDT,TimeCondition.GTC,1783610713109640230,0.001,0.001,0.0
4194834854,2837957847,1783610713109881730,1783610713109892497,203,order,benchmark,True,0.0,0.0,,,mock,0.0,,1783610713109881730,InstrumentType.Spot,11800374963033146004,OrderType.Limit,Direction.Long,65000.51,212863392,Side.Buy,,OrderStatus.Submitted,65000.51,1653898000,BTC-USDT,TimeCondition.GTC,1783610713109881730,0.001,0.001,0.0
4194834854,2837957847,1783610713110188315,1783610713110190336,203,order,benchmark,True,0.0,0.0,,,mock,0.0,,1783610713110188315,InstrumentType.Spot,11800374963033146005,OrderType.Limit,Direction.Long,65000.72,212865168,Side.Sell,,OrderStatus.Submitted,65000.72,1653898000,BTC-USDT,TimeCondition.GTC,1783610713110188315,0.001,0.001,0.0
4194834854,2837957847,1783610713110485598,1783610713110487675,203,order,benchmark,True,0.0,0.0,,,mock,0.0,,1783610713110485598,InstrumentType.Spot,11800374963033146006,OrderType.Limit,Direction.Long,65000.53,212866944,Side.Buy,,OrderStatus.Submitted,65000.53,1653898000,BTC-USDT,TimeCondition.GTC,1783610713110485598,0.001,0.001,0.0
4194834854,2837957847,1783610713110785649,1783610713110787707,203,order,benchmark,True,0.0,0.0,,,mock,0.0,,1783610713110785649,InstrumentType.Spot,11800374963033146007,OrderType.Limit,Direction.Long,65000.74,212868720,Side.Sell,,OrderStatus.Submitted,65000.74,1653898000,BTC-USDT,TimeCondition.GTC,1783610713110785649,0.001,0.001,0.0
4194834854,2837957847,1783610713111099829,1783610713111101920,203,order,benchmark,True,0.0,0.0,,,mock,0.0,,1783610713111099829,InstrumentType.Spot,11800374963033146008,OrderType.Limit,Direction.Long,65000.55,212870496,Side.Buy,,OrderStatus.Submitted,65000.55,1653898000,BTC-USDT,TimeCondition.GTC,1783610713111099829,0.001,0.001,0.0
4194834854,2837957847,1783610713111385434,1783610713111387353,203,order,benchmark,True,0.0,0.0,,,mock,0.0,,1783610713111385434,InstrumentType.Spot,11800374963033146009,OrderType.Limit,Direction.Long,65000.76,212872272,Side.Sell,,OrderStatus.Submitted,65000.76,1653898000,BTC-USDT,TimeCondition.GTC,1783610713111385434,0.001,0.001,0.0
4194834854,2837957847,1783610713111684787,1783610713111686755,203,order,benchmark,True,0.0,0.0,,,mock,0.0,,1783610713111684787,InstrumentType.Spot,11800374963033146010,OrderType.Limit,Direction.Long,65000.57,212874048,Side.Buy,,OrderStatus.Submitted,65000.57,1653898000,BTC-USDT,TimeCondition.GTC,1783610713111684787,0.001,0.001,0.0
4194834854,2837957847,1783610713111984260,1783610713111986383,203,order,benchmark,True,0.0,0.0,,,mock,0.0,,1783610713111984260,InstrumentType.Spot,11800374963033146011,OrderType.Limit,Direction.Long,65000.78,212875824,Side.Sell,,OrderStatus.Submitted,65000.78,1653898000,BTC-USDT,TimeCondition.GTC,1783610713111984260,0.001,0.001,0.0
4194834854,2837957847,1783610713112295324,1783610713112297582,203,order,benchmark,True,0.0,0.0,,,mock,0.0,,1783610713112295324,InstrumentType.Spot,11800374963033146012,OrderType.Limit,Direction.Long,65000.590000000004,210042400,Side.Buy,,OrderStatus.Submitted,65000.590000000004,1653898000,BTC-USDT,TimeCondition.GTC,1783610713112295324,0.001,0.001,0.0
4194834854,2837957847,1783610713112583276,1783610713112585204,203,order,benchmark,True,0.0,0.0,,,mock,0.0,,1783610713112583276,InstrumentType.Spot,11800374963033146013,OrderType.Limit,Direction.Long,65000.799999999996,210044176,Side.Sell,,OrderStatus.Submitted,65000.799999999996,1653898000,BTC-USDT,TimeCondition.GTC,1783610713112583276,0.001,0.001,0.0
4194834854,2837957847,1783610713112882926,1783610713112884935,203,order,benchmark,True,0.0,0.0,,,mock,0.0,,1783610713112882926,InstrumentType.Spot,11800374963033146014,OrderType.Limit,Direction.Long,65000.61,210045952,Side.Buy,,OrderStatus.Submitted,65000.61,1653898000,BTC-USDT,TimeCondition.GTC,1783610713112882926,0.001,0.001,0.0
4194834854,2837957847,1783610713113186250,1783610713113188363,203,order,benchmark,True,0.0,0.0,,,mock,0.0,,1783610713113186250,InstrumentType.Spot,11800374963033146015,OrderType.Limit,Direction.Long,65000.82,210047728,Side.Sell,,OrderStatus.Submitted,65000.82,1653898000,BTC-USDT,TimeCondition.GTC,1783610713113186250,0.001,0.001,0.0
4194834854,2837957847,1783610713113484232,1783610713113486313,203,order,benchmark,True,0.0,0.0,,,mock,0.0,,1783610713113484232,InstrumentType.Spot,11800374963033146016,OrderType.Limit,Direction.Long,65000.630000000005,210049504,Side.Buy,,OrderStatus.Submitted,65000.630000000005,1653898000,BTC-USDT,TimeCondition.GTC,1783610713113484232,0.001,0.001,0.0
4194834854,2837957847,1783610713113786796,1783610713113797254,203,order,benchmark,True,0.0,0.0,,,mock,0.0,,1783610713113786796,InstrumentType.Spot,11800374963033146017,OrderType.Limit,Direction.Long,65000.84,212743760,Side.Sell,,OrderStatus.Submitted,65000.84,1653898000,BTC-USDT,TimeCondition.GTC,1783610713113786796,0.001,0.001,0.0
4194834854,2837957847,1783610713114094787,1783610713114097006,203,order,benchmark,True,0.0,0.0,,,mock,0.0,,1783610713114094787,InstrumentType.Spot,11800374963033146018,OrderType.Limit,Direction.Long,65000.65,212745536,Side.Buy,,OrderStatus.Submitted,65000.65,1653898000,BTC-USDT,TimeCondition.GTC,1783610713114094787,0.001,0.001,0.0
4194834854,2837957847,1783610713114385525,1783610713114387590,203,order,benchmark,True,0.0,0.0,,,mock,0.0,,1783610713114385525,InstrumentType.Spot,11800374963033146019,OrderType.Limit,Direction.Long,65000.86,212747312,Side.Sell,,OrderStatus.Submitted,65000.86,1653898000,BTC-USDT,TimeCondition.GTC,1783610713114385525,0.001,0.001,0.0
4194834854,2837957847,1783610713114687387,1783610713114689836,203,order,benchmark,True,0.0,0.0,,,mock,0.0,,1783610713114687387,InstrumentType.Spot,11800374963033146020,OrderType.Limit,Direction.Long,65000.67,210057344,Side.Buy,,OrderStatus.Submitted,65000.67,1653898000,BTC-USDT,TimeCondition.GTC,1783610713114687387,0.001,0.001,0.0
4194834854,2837957847,1783610713115153628,1783610713115157858,203,order,benchmark,True,0.0,0.0,,,mock,0.0,,1783610713115153628,InstrumentType.Spot,11800374963033146021,OrderType.Limit,Direction.Long,65000.88,210059088,Side.Sell,,OrderStatus.Submitted,65000.88,1653898000,BTC-USDT,TimeCondition.GTC,1783610713115153628,0.001,0.001,0.0
4194834854,2837957847,1783610713115293188,1783610713115295012,203,order,benchmark,True,0.0,0.0,,,mock,0.0,,1783610713115293188,InstrumentType.Spot,11800374963033146022,OrderType.Limit,Direction.Long,65000.69,210060864,Side.Buy,,OrderStatus.Submitted,65000.69,1653898000,BTC-USDT,TimeCondition.GTC,1783610713115293188,0.001,0.001,0.0
4194834854,2837957847,1783610713115583008,1783610713115584929,203,order,benchmark,True,0.0,0.0,,,mock,0.0,,1783610713115583008,InstrumentType.Spot,11800374963033146023,OrderType.Limit,Direction.Long,65000.9,210062640,Side.Sell,,OrderStatus.Submitted,65000.9,1653898000,BTC-USDT,TimeCondition.GTC,1783610713115583008,0.001,0.001,0.0
4194834854,2837957847,1783610713115883157,1783610713115885116,203,order,benchmark,True,0.0,0.0,,,mock,0.0,,1783610713115883157,InstrumentType.Spot,11800374963033146024,OrderType.Limit,Direction.Long,65000.71,210064416,Side.Buy,,OrderStatus.Submitted,65000.71,1653898000,BTC-USDT,TimeCondition.GTC,1783610713115883157,0.001,0.001,0.0
4194834854,2837957847,1783610713116186416,1783610713116188457,203,order,benchmark,True,0.0,0.0,,,mock,0.0,,1783610713116186416,InstrumentType.Spot,11800374963033146025,OrderType.Limit,Direction.Long,65000.92,210066192,Side.Sell,,OrderStatus.Submitted,65000.92,1653898000,BTC-USDT,TimeCondition.GTC,1783610713116186416,0.001,0.001,0.0
4194834854,2837957847,1783610713116598001,1783610713116600606,203,order,benchmark,True,0.0,0.0,,,mock,0.0,,1783610713116598001,InstrumentType.Spot,11800374963033146026,OrderType.Limit,Direction.Long,65000.73,210067968,Side.Buy,,OrderStatus.Submitted,65000.73,1653898000,BTC-USDT,TimeCondition.GTC,1783610713116598001,0.001,0.001,0.0
4194834854,2837957847,1783610713117083172,1783610713117086274,203,order,benchmark,True,0.0,0.0,,,mock,0.0,,1783610713117083172,InstrumentType.Spot,11800374963033146027,OrderType.Limit,Direction.Long,65000.939999999995,210069744,Side.Sell,,OrderStatus.Submitted,65000.939999999995,1653898000,BTC-USDT,TimeCondition.GTC,1783610713117083172,0.001,0.001,0.0
4194834854,2837957847,1783610713117101008,1783610713117102308,203,order,benchmark,True,0.0,0.0,,,mock,0.0,,1783610713117101008,InstrumentType.Spot,11800374963033146028,OrderType.Limit,Direction.Long,65000.75,210071488,Side.Buy,,OrderStatus.Submitted,65000.75,1653898000,BTC-USDT,TimeCondition.GTC,1783610713117101008,0.001,0.001,0.0
4194834854,2837957847,1783610713117423899,1783610713117426838,203,order,benchmark,True,0.0,0.0,,,mock,0.0,,1783610713117423899,InstrumentType.Spot,11800374963033146029,OrderType.Limit,Direction.Long,65000.96,210073296,Side.Sell,,OrderStatus.Submitted,65000.96,1653898000,BTC-USDT,TimeCondition.GTC,1783610713117423899,0.001,0.001,0.0
4194834854,2837957847,1783610713117685498,1783610713117701028,203,order,benchmark,True,0.0,0.0,,,mock,0.0,,1783610713117685498,InstrumentType.Spot,11800374963033146030,OrderType.Limit,Direction.Long,65000.770000000004,210075072,Side.Buy,,OrderStatus.Submitted,65000.770000000004,1653898000,BTC-USDT,TimeCondition.GTC,1783610713117685498,0.001,0.001,0.0
4194834854,2837957847,1783610713118007725,1783610713118010193,203,order,benchmark,True,0.0,0.0,,,mock,0.0,,1783610713118007725,InstrumentType.Spot,11800374963033146031,OrderType.Limit,Direction.Long,65000.979999999996,210076848,Side.Sell,,OrderStatus.Submitted,65000.979999999996,1653898000,BTC-USDT,TimeCondition.GTC,1783610713118007725,0.001,0.001,0.0
4194834854,2837957847,1783610713118282490,1783610713118284448,203,order,benchmark,True,0.0,0.0,,,mock,0.0,,1783610713118282490,InstrumentType.Spot,11800374963033146032,OrderType.Limit,Direction.Long,65000.79,210078624,Side.Buy,,OrderStatus.Submitted,65000.79,1653898000,BTC-USDT,TimeCondition.GTC,1783610713118282490,0.001,0.001,0.0
4194834854,2837957847,1783610713118587706,1783610713118589772,203,order,benchmark,True,0.0,0.0,,,mock,0.0,,1783610713118587706,InstrumentType.Spot,11800374963033146033,OrderType.Limit,Direction.Long,65001.0,210080400,Side.Sell,,OrderStatus.Submitted,65001.0,1653898000,BTC-USDT,TimeCondition.GTC,1783610713118587706,0.001,0.001,0.0
4194834854,2837957847,1783610713118883498,1783610713118885325,203,order,benchmark,True,0.0,0.0,,,mock,0.0,,1783610713118883498,InstrumentType.Spot,11800374963033146034,OrderType.Limit,Direction.Long,65000.810000000005,210082176,Side.Buy,,OrderStatus.Submitted,65000.810000000005,1653898000,BTC-USDT,TimeCondition.GTC,1783610713118883498,0.001,0.001,0.0
4194834854,2837957847,1783610713119186288,1783610713119188369,203,order,benchmark,True,0.0,0.0,,,mock,0.0,,1783610713119186288,InstrumentType.Spot,11800374963033146035,OrderType.Limit,Direction.Long,65001.02,210083952,Side.Sell,,OrderStatus.Submitted,65001.02,1653898000,BTC-USDT,TimeCondition.GTC,1783610713119186288,0.001,0.001,0.0
4194834854,2837957847,1783610713119485624,1783610713119487715,203,order,benchmark,True,0.0,0.0,,,mock,0.0,,1783610713119485624,InstrumentType.Spot,11800374963033146036,OrderType.Limit,Direction.Long,65000.83,210085728,Side.Buy,,OrderStatus.Submitted,65000.83,1653898000,BTC-USDT,TimeCondition.GTC,1783610713119485624,0.001,0.001,0.0
4194834854,2837957847,1783610713119786183,1783610713119788316,203,order,benchmark,True,0.0,0.0,,,mock,0.0,,1783610713119786183,InstrumentType.Spot,11800374963033146037,OrderType.Limit,Direction.Long,65001.04,210087504,Side.Sell,,OrderStatus.Submitted,65001.04,1653898000,BTC-USDT,TimeCondition.GTC,1783610713119786183,0.001,0.001,0.0
4194834854,2837957847,1783610713120096104,1783610713120098105,203,order,benchmark,True,0.0,0.0,,,mock,0.0,,1783610713120096104,InstrumentType.Spot,11800374963033146038,OrderType.Limit,Direction.Long,65000.85,210089280,Side.Buy,,OrderStatus.Submitted,65000.85,1653898000,BTC-USDT,TimeCondition.GTC,1783610713120096104,0.001,0.001,0.0
4194834854,2837957847,1783610713120386521,1783610713120388599,203,order,benchmark,True,0.0,0.0,,,mock,0.0,,1783610713120386521,InstrumentType.Spot,11800374963033146039,OrderType.Limit,Direction.Long,65001.06,210091056,Side.Sell,,OrderStatus.Submitted,65001.06,1653898000,BTC-USDT,TimeCondition.GTC,1783610713120386521,0.001,0.001,0.0
4194834854,2837957847,1783610713120694792,1783610713120697063,203,order,benchmark,True,0.0,0.0,,,mock,0.0,,1783610713120694792,InstrumentType.Spot,11800374963033146040,OrderType.Limit,Direction.Long,65000.87,210092832,Side.Buy,,OrderStatus.Submitted,65000.87,1653898000,BTC-USDT,TimeCondition.GTC,1783610713120694792,0.001,0.001,0.0
4194834854,2837957847,1783610713120984407,1783610713120986311,203,order,benchmark,True,0.0,0.0,,,mock,0.0,,1783610713120984407,InstrumentType.Spot,11800374963033146041,OrderType.Limit,Direction.Long,65001.08,210094608,Side.Sell,,OrderStatus.Submitted,65001.08,1653898000,BTC-USDT,TimeCondition.GTC,1783610713120984407,0.001,0.001,0.0
4194834854,2837957847,1783610713121287060,1783610713121289162,203,order,benchmark,True,0.0,0.0,,,mock,0.0,,1783610713121287060,InstrumentType.Spot,11800374963033146042,OrderType.Limit,Direction.Long,65000.89,210096384,Side.Buy,,OrderStatus.Submitted,65000.89,1653898000,BTC-USDT,TimeCondition.GTC,1783610713121287060,0.001,0.001,0.0
4194834854,2837957847,1783610713121584275,1783610713121586202,203,order,benchmark,True,0.0,0.0,,,mock,0.0,,1783610713121584275,InstrumentType.Spot,11800374963033146043,OrderType.Limit,Direction.Long,65000.1,210098160,Side.Sell,,OrderStatus.Submitted,65000.1,1653898000,BTC-USDT,TimeCondition.GTC,1783610713121584275,0.001,0.001,0.0
4194834854,2837957847,1783610713121887843,1783610713121898401,203,order,benchmark,True,0.0,0.0,,,mock,0.0,,1783610713121887843,InstrumentType.Spot,11800374963033146044,OrderType.Limit,Direction.Long,64999.91,210099936,Side.Buy,,OrderStatus.Submitted,64999.91,1653898000,BTC-USDT,TimeCondition.GTC,1783610713121887843,0.001,0.001,0.0
4194834854,2837957847,1783610713122187750,1783610713122189680,203,order,benchmark,True,0.0,0.0,,,mock,0.0,,1783610713122187750,InstrumentType.Spot,11800374963033146045,OrderType.Limit,Direction.Long,65000.119999999995,210101712,Side.Sell,,OrderStatus.Submitted,65000.119999999995,1653898000,BTC-USDT,TimeCondition.GTC,1783610713122187750,0.001,0.001,0.0
4194834854,2837957847,1783610713122486345,1783610713122488383,203,order,benchmark,True,0.0,0.0,,,mock,0.0,,1783610713122486345,InstrumentType.Spot,11800374963033146046,OrderType.Limit,Direction.Long,64999.93,210103488,Side.Buy,,OrderStatus.Submitted,64999.93,1653898000,BTC-USDT,TimeCondition.GTC,1783610713122486345,0.001,0.001,0.0
4194834854,2837957847,1783610713122785873,1783610713122787938,203,order,benchmark,True,0.0,0.0,,,mock,0.0,,1783610713122785873,InstrumentType.Spot,11800374963033146047,OrderType.Limit,Direction.Long,65000.14,210105264,Side.Sell,,OrderStatus.Submitted,65000.14,1653898000,BTC-USDT,TimeCondition.GTC,1783610713122785873,0.001,0.001,0.0
4194834854,2837957847,1783610713123098297,1783610713123100264,203,order,benchmark,True,0.0,0.0,,,mock,0.0,,1783610713123098297,InstrumentType.Spot,11800374963033146048,OrderType.Limit,Direction.Long,64999.950000000004,210107040,Side.Buy,,OrderStatus.Submitted,64999.950000000004,1653898000,BTC-USDT,TimeCondition.GTC,1783610713123098297,0.001,0.001,0.0
4194834854,2837957847,1783610713123506261,1783610713123508586,203,order,benchmark,True,0.0,0.0,,,mock,0.0,,1783610713123506261,InstrumentType.Spot,11800374963033146049,OrderType.Limit,Direction.Long,65000.159999999996,210108816,Side.Sell,,OrderStatus.Submitted,65000.159999999996,1653898000,BTC-USDT,TimeCondition.GTC,1783610713123506261,0.001,0.001,0.0
4194834854,2837957847,1783610713123728631,1783610713123731574,203,order,benchmark,True,0.0,0.0,,,mock,0.0,,1783610713123728631,InstrumentType.Spot,11800374963033146050,OrderType.Limit,Direction.Long,64999.97,210110592,Side.Buy,,OrderStatus.Submitted,64999.97,1653898000,BTC-USDT,TimeCondition.GTC,1783610713123728631,0.001,0.001,0.0
4194834854,2837957847,1783610713123984145,1783610713123986131,203,order,benchmark,True,0.0,0.0,,,mock,0.0,,1783610713123984145,InstrumentType.Spot,11800374963033146051,OrderType.Limit,Direction.Long,65000.18,210112368,Side.Sell,,OrderStatus.Submitted,65000.18,1653898000,BTC-USDT,TimeCondition.GTC,1783610713123984145,0.001,0.001,0.0
4194834854,2837957847,1783610713124285427,1783610713124287318,203,order,benchmark,True,0.0,0.0,,,mock,0.0,,1783610713124285427,InstrumentType.Spot,11800374963033146052,OrderType.Limit,Direction.Long,64999.99,210114144,Side.Buy,,OrderStatus.Submitted,64999.99,1653898000,BTC-USDT,TimeCondition.GTC,1783610713124285427,0.001,0.001,0.0
4194834854,2837957847,1783610713124586915,1783610713124588979,203,order,benchmark,True,0.0,0.0,,,mock,0.0,,1783610713124586915,InstrumentType.Spot,11800374963033146053,OrderType.Limit,Direction.Long,65000.2,210115920,Side.Sell,,OrderStatus.Submitted,65000.2,1653898000,BTC-USDT,TimeCondition.GTC,1783610713124586915,0.001,0.001,0.0
4194834854,2837957847,1783610713124884313,1783610713124886350,203,order,benchmark,True,0.0,0.0,,,mock,0.0,,1783610713124884313,InstrumentType.Spot,11800374963033146054,OrderType.Limit,Direction.Long,65000.01,210117696,Side.Buy,,OrderStatus.Submitted,65000.01,1653898000,BTC-USDT,TimeCondition.GTC,1783610713124884313,0.001,0.001,0.0
4194834854,2837957847,1783610713125181312,1783610713125183245,203,order,benchmark,True,0.0,0.0,,,mock,0.0,,1783610713125181312,InstrumentType.Spot,11800374963033146055,OrderType.Limit,Direction.Long,65000.22,210119472,Side.Sell,,OrderStatus.Submitted,65000.22,1653898000,BTC-USDT,TimeCondition.GTC,1783610713125181312,0.001,0.001,0.0
4194834854,2837957847,1783610713125487282,1783610713125489379,203,order,benchmark,True,0.0,0.0,,,mock,0.0,,1783610713125487282,InstrumentType.Spot,11800374963033146056,OrderType.Limit,Direction.Long,65000.03,210121248,Side.Buy,,OrderStatus.Submitted,65000.03,1653898000,BTC-USDT,TimeCondition.GTC,1783610713125487282,0.001,0.001,0.0
4194834854,2837957847,1783610713125786393,1783610713125798760,203,order,benchmark,True,0.0,0.0,,,mock,0.0,,1783610713125786393,InstrumentType.Spot,11800374963033146057,OrderType.Limit,Direction.Long,65000.24,210123024,Side.Sell,,OrderStatus.Submitted,65000.24,1653898000,BTC-USDT,TimeCondition.GTC,1783610713125786393,0.001,0.001,0.0
4194834854,2837957847,1783610713126094700,1783610713126096739,203,order,benchmark,True,0.0,0.0,,,mock,0.0,,1783610713126094700,InstrumentType.Spot,11800374963033146058,OrderType.Limit,Direction.Long,65000.05,210124800,Side.Buy,,OrderStatus.Submitted,65000.05,1653898000,BTC-USDT,TimeCondition.GTC,1783610713126094700,0.001,0.001,0.0
4194834854,2837957847,1783610713126390601,1783610713126392949,203,order,benchmark,True,0.0,0.0,,,mock,0.0,,1783610713126390601,InstrumentType.Spot,11800374963033146059,OrderType.Limit,Direction.Long,65000.26,210126576,Side.Sell,,OrderStatus.Submitted,65000.26,1653898000,BTC-USDT,TimeCondition.GTC,1783610713126390601,0.001,0.001,0.0
4194834854,2837957847,1783610713126678310,1783610713126680337,203,order,benchmark,True,0.0,0.0,,,mock,0.0,,1783610713126678310,InstrumentType.Spot,11800374963033146060,OrderType.Limit,Direction.Long,65000.07,210128352,Side.Buy,,OrderStatus.Submitted,65000.07,1653898000,BTC-USDT,TimeCondition.GTC,1783610713126678310,0.001,0.001,0.0
4194834854,2837957847,1783610713126986702,1783610713126988852,203,order,benchmark,True,0.0,0.0,,,mock,0.0,,1783610713126986702,InstrumentType.Spot,11800374963033146061,OrderType.Limit,Direction.Long,65000.28,210130128,Side.Sell,,OrderStatus.Submitted,65000.28,1653898000,BTC-USDT,TimeCondition.GTC,1783610713126986702,0.001,0.001,0.0
4194834854,2837957847,1783610713127284881,1783610713127286674,203,order,benchmark,True,0.0,0.0,,,mock,0.0,,1783610713127284881,InstrumentType.Spot,11800374963033146062,OrderType.Limit,Direction.Long,65000.090000000004,210131904,Side.Buy,,OrderStatus.Submitted,65000.090000000004,1653898000,BTC-USDT,TimeCondition.GTC,1783610713127284881,0.001,0.001,0.0
4194834854,2837957847,1783610713127586311,1783610713127588445,203,order,benchmark,True,0.0,0.0,,,mock,0.0,,1783610713127586311,InstrumentType.Spot,11800374963033146063,OrderType.Limit,Direction.Long,65000.299999999996,210133680,Side.Sell,,OrderStatus.Submitted,65000.299999999996,1653898000,BTC-USDT,TimeCondition.GTC,1783610713127586311,0.001,0.001,0.0
4194834854,2837957847,1783610713128030266,1783610713128033492,203,order,benchmark,True,0.0,0.0,,,mock,0.0,,1783610713128030266,InstrumentType.Spot,11800374963033146064,OrderType.Limit,Direction.Long,65000.11,210135456,Side.Buy,,OrderStatus.Submitted,65000.11,1653898000,BTC-USDT,TimeCondition.GTC,1783610713128030266,0.001,0.001,0.0
4194834854,2837957847,1783610713128245063,1783610713128247096,203,order,benchmark,True,0.0,0.0,,,mock,0.0,,1783610713128245063,InstrumentType.Spot,11800374963033146065,OrderType.Limit,Direction.Long,65000.32,210137232,Side.Sell,,OrderStatus.Submitted,65000.32,1653898000,BTC-USDT,TimeCondition.GTC,1783610713128245063,0.001,0.001,0.0
4194834854,2837957847,1783610713128636088,1783610713128639019,203,order,benchmark,True,0.0,0.0,,,mock,0.0,,1783610713128636088,InstrumentType.Spot,11800374963033146066,OrderType.Limit,Direction.Long,65000.130000000005,210139008,Side.Buy,,OrderStatus.Submitted,65000.130000000005,1653898000,BTC-USDT,TimeCondition.GTC,1783610713128636088,0.001,0.001,0.0
4194834854,2837957847,1783610713128847511,1783610713128849534,203,order,benchmark,True,0.0,0.0,,,mock,0.0,,1783610713128847511,InstrumentType.Spot,11800374963033146067,OrderType.Limit,Direction.Long,65000.34,210140784,Side.Sell,,OrderStatus.Submitted,65000.34,1653898000,BTC-USDT,TimeCondition.GTC,1783610713128847511,0.001,0.001,0.0
4194834854,2837957847,1783610713129099324,1783610713129101374,203,order,benchmark,True,0.0,0.0,,,mock,0.0,,1783610713129099324,InstrumentType.Spot,11800374963033146068,OrderType.Limit,Direction.Long,65000.15,210142560,Side.Buy,,OrderStatus.Submitted,65000.15,1653898000,BTC-USDT,TimeCondition.GTC,1783610713129099324,0.001,0.001,0.0
4194834854,2837957847,1783610713129396336,1783610713129398482,203,order,benchmark,True,0.0,0.0,,,mock,0.0,,1783610713129396336,InstrumentType.Spot,11800374963033146069,OrderType.Limit,Direction.Long,65000.36,210144336,Side.Sell,,OrderStatus.Submitted,65000.36,1653898000,BTC-USDT,TimeCondition.GTC,1783610713129396336,0.001,0.001,0.0
4194834854,2837957847,1783610713129957986,1783610713130005465,203,order,benchmark,True,0.0,0.0,,,mock,0.0,,1783610713129957986,InstrumentType.Spot,11800374963033146070,OrderType.Limit,Direction.Long,65000.17,210146112,Side.Buy,,OrderStatus.Submitted,65000.17,1653898000,BTC-USDT,TimeCondition.GTC,1783610713129957986,0.001,0.001,0.0
4194834854,2837957847,1783610713130326993,1783610713130333167,203,order,benchmark,True,0.0,0.0,,,mock,0.0,,1783610713130326993,InstrumentType.Spot,11800374963033146071,OrderType.Limit,Direction.Long,65000.38,210147888,Side.Sell,,OrderStatus.Submitted,65000.38,1653898000,BTC-USDT,TimeCondition.GTC,1783610713130326993,0.001,0.001,0.0
4194834854,2837957847,1783610713130364474,1783610713130366908,203,order,benchmark,True,0.0,0.0,,,mock,0.0,,1783610713130364474,InstrumentType.Spot,11800374963033146072,OrderType.Limit,Direction.Long,65000.19,210149632,Side.Buy,,OrderStatus.Submitted,65000.19,1653898000,BTC-USDT,TimeCondition.GTC,1783610713130364474,0.001,0.001,0.0
4194834854,2837957847,1783610713130703871,1783610713130709948,203,order,benchmark,True,0.0,0.0,,,mock,0.0,,1783610713130703871,InstrumentType.Spot,11800374963033146073,OrderType.Limit,Direction.Long,65000.4,210151440,Side.Sell,,OrderStatus.Submitted,65000.4,1653898000,BTC-USDT,TimeCondition.GTC,1783610713130703871,0.001,0.001,0.0
4194834854,2837957847,1783610713130937602,1783610713130941757,203,order,benchmark,True,0.0,0.0,,,mock,0.0,,1783610713130937602,InstrumentType.Spot,11800374963033146074,OrderType.Limit,Direction.Long,65000.21,210153216,Side.Buy,,OrderStatus.Submitted,65000.21,1653898000,BTC-USDT,TimeCondition.GTC,1783610713130937602,0.001,0.001,0.0
4194834854,2837957847,1783610713131207237,1783610713131211110,203,order,benchmark,True,0.0,0.0,,,mock,0.0,,1783610713131207237,InstrumentType.Spot,11800374963033146075,OrderType.Limit,Direction.Long,65000.42,210154992,Side.Sell,,OrderStatus.Submitted,65000.42,1653898000,BTC-USDT,TimeCondition.GTC,1783610713131207237,0.001,0.001,0.0
4194834854,2837957847,1783610713131511637,1783610713131516026,203,order,benchmark,True,0.0,0.0,,,mock,0.0,,1783610713131511637,InstrumentType.Spot,11800374963033146076,OrderType.Limit,Direction.Long,65000.23,210156768,Side.Buy,,OrderStatus.Submitted,65000.23,1653898000,BTC-USDT,TimeCondition.GTC,1783610713131511637,0.001,0.001,0.0
4194834854,2837957847,1783610713131943751,1783610713131948095,203,order,benchmark,True,0.0,0.0,,,mock,0.0,,1783610713131943751,InstrumentType.Spot,11800374963033146077,OrderType.Limit,Direction.Long,65000.439999999995,210158544,Side.Sell,,OrderStatus.Submitted,65000.439999999995,1653898000,BTC-USDT,TimeCondition.GTC,1783610713131943751,0.001,0.001,0.0
4194834854,2837957847,1783610713132081844,1783610713132084066,203,order,benchmark,True,0.0,0.0,,,mock,0.0,,1783610713132081844,InstrumentType.Spot,11800374963033146078,OrderType.Limit,Direction.Long,65000.25,210160320,Side.Buy,,OrderStatus.Submitted,65000.25,1653898000,BTC-USDT,TimeCondition.GTC,1783610713132081844,0.001,0.001,0.0
4194834854,2837957847,1783610713132388445,1783610713132390616,203,order,benchmark,True,0.0,0.0,,,mock,0.0,,1783610713132388445,InstrumentType.Spot,11800374963033146079,OrderType.Limit,Direction.Long,65000.46,210162096,Side.Sell,,OrderStatus.Submitted,65000.46,1653898000,BTC-USDT,TimeCondition.GTC,1783610713132388445,0.001,0.001,0.0
4194834854,2837957847,1783610713132684679,1783610713132686674,203,order,benchmark,True,0.0,0.0,,,mock,0.0,,1783610713132684679,InstrumentType.Spot,11800374963033146080,OrderType.Limit,Direction.Long,65000.270000000004,210163872,Side.Buy,,OrderStatus.Submitted,65000.270000000004,1653898000,BTC-USDT,TimeCondition.GTC,1783610713132684679,0.001,0.001,0.0
4194834854,2837957847,1783610713132982666,1783610713132984797,203,order,benchmark,True,0.0,0.0,,,mock,0.0,,1783610713132982666,InstrumentType.Spot,11800374963033146081,OrderType.Limit,Direction.Long,65000.479999999996,210165648,Side.Sell,,OrderStatus.Submitted,65000.479999999996,1653898000,BTC-USDT,TimeCondition.GTC,1783610713132982666,0.001,0.001,0.0
4194834854,2837957847,1783610713133284668,1783610713133286719,203,order,benchmark,True,0.0,0.0,,,mock,0.0,,1783610713133284668,InstrumentType.Spot,11800374963033146082,OrderType.Limit,Direction.Long,65000.29,210167424,Side.Buy,,OrderStatus.Submitted,65000.29,1653898000,BTC-USDT,TimeCondition.GTC,1783610713133284668,0.001,0.001,0.0
4194834854,2837957847,1783610713133583678,1783610713133596633,203,order,benchmark,True,0.0,0.0,,,mock,0.0,,1783610713133583678,InstrumentType.Spot,11800374963033146083,OrderType.Limit,Direction.Long,65000.5,210169200,Side.Sell,,OrderStatus.Submitted,65000.5,1653898000,BTC-USDT,TimeCondition.GTC,1783610713133583678,0.001,0.001,0.0
4194834854,2837957847,1783610713133881511,1783610713133883789,203,order,benchmark,True,0.0,0.0,,,mock,0.0,,1783610713133881511,InstrumentType.Spot,11800374963033146084,OrderType.Limit,Direction.Long,65000.310000000005,210170976,Side.Buy,,OrderStatus.Submitted,65000.310000000005,1653898000,BTC-USDT,TimeCondition.GTC,1783610713133881511,0.001,0.001,0.0
4194834854,2837957847,1783610713134187199,1783610713134189222,203,order,benchmark,True,0.0,0.0,,,mock,0.0,,1783610713134187199,InstrumentType.Spot,11800374963033146085,OrderType.Limit,Direction.Long,65000.52,210172752,Side.Sell,,OrderStatus.Submitted,65000.52,1653898000,BTC-USDT,TimeCondition.GTC,1783610713134187199,0.001,0.001,0.0
4194834854,2837957847,1783610713134483307,1783610713134485186,203,order,benchmark,True,0.0,0.0,,,mock,0.0,,1783610713134483307,InstrumentType.Spot,11800374963033146086,OrderType.Limit,Direction.Long,65000.33,210174528,Side.Buy,,OrderStatus.Submitted,65000.33,1653898000,BTC-USDT,TimeCondition.GTC,1783610713134483307,0.001,0.001,0.0
4194834854,2837957847,1783610713134776213,1783610713134778141,203,order,benchmark,True,0.0,0.0,,,mock,0.0,,1783610713134776213,InstrumentType.Spot,11800374963033146087,OrderType.Limit,Direction.Long,65000.54,210176304,Side.Sell,,OrderStatus.Submitted,65000.54,1653898000,BTC-USDT,TimeCondition.GTC,1783610713134776213,0.001,0.001,0.0
4194834854,2837957847,1783610713135075796,1783610713135077991,203,order,benchmark,True,0.0,0.0,,,mock,0.0,,1783610713135075796,InstrumentType.Spot,11800374963033146088,OrderType.Limit,Direction.Long,65000.35,210178080,Side.Buy,,OrderStatus.Submitted,65000.35,1653898000,BTC-USDT,TimeCondition.GTC,1783610713135075796,0.001,0.001,0.0
4194834854,2837957847,1783610713135378643,1783610713135380644,203,order,benchmark,True,0.0,0.0,,,mock,0.0,,1783610713135378643,InstrumentType.Spot,11800374963033146089,OrderType.Limit,Direction.Long,65000.56,210179856,Side.Sell,,OrderStatus.Submitted,65000.56,1653898000,BTC-USDT,TimeCondition.GTC,1783610713135378643,0.001,0.001,0.0
4194834854,2837957847,1783610713135680617,1783610713135682546,203,order,benchmark,True,0.0,0.0,,,mock,0.0,,1783610713135680617,InstrumentType.Spot,11800374963033146090,OrderType.Limit,Direction.Long,65000.37,210181632,Side.Buy,,OrderStatus.Submitted,65000.37,1653898000,BTC-USDT,TimeCondition.GTC,1783610713135680617,0.001,0.001,0.0
4194834854,2837957847,1783610713135980213,1783610713135981912,203,order,benchmark,True,0.0,0.0,,,mock,0.0,,1783610713135980213,InstrumentType.Spot,11800374963033146091,OrderType.Limit,Direction.Long,65000.58,210183408,Side.Sell,,OrderStatus.Submitted,65000.58,1653898000,BTC-USDT,TimeCondition.GTC,1783610713135980213,0.001,0.001,0.0
4194834854,2837957847,1783610713136277912,1783610713136280022,203,order,benchmark,True,0.0,0.0,,,mock,0.0,,1783610713136277912,InstrumentType.Spot,11800374963033146092,OrderType.Limit,Direction.Long,65000.39,210185184,Side.Buy,,OrderStatus.Submitted,65000.39,1653898000,BTC-USDT,TimeCondition.GTC,1783610713136277912,0.001,0.001,0.0
4194834854,2837957847,1783610713136776687,1783610713136781902,203,order,benchmark,True,0.0,0.0,,,mock,0.0,,1783610713136776687,InstrumentType.Spot,11800374963033146093,OrderType.Limit,Direction.Long,65000.6,210186960,Side.Sell,,OrderStatus.Submitted,65000.6,1653898000,BTC-USDT,TimeCondition.GTC,1783610713136776687,0.001,0.001,0.0
4194834854,2837957847,1783610713136882861,1783610713136885541,203,order,benchmark,True,0.0,0.0,,,mock,0.0,,1783610713136882861,InstrumentType.Spot,11800374963033146094,OrderType.Limit,Direction.Long,65000.41,210188736,Side.Buy,,OrderStatus.Submitted,65000.41,1653898000,BTC-USDT,TimeCondition.GTC,1783610713136882861,0.001,0.001,0.0
4194834854,2837957847,1783610713137182212,1783610713137184183,203,order,benchmark,True,0.0,0.0,,,mock,0.0,,1783610713137182212,InstrumentType.Spot,11800374963033146095,OrderType.Limit,Direction.Long,65000.619999999995,210190512,Side.Sell,,OrderStatus.Submitted,65000.619999999995,1653898000,BTC-USDT,TimeCondition.GTC,1783610713137182212,0.001,0.001,0.0
4194834854,2837957847,1783610713137702098,1783610713137721500,203,order,benchmark,True,0.0,0.0,,,mock,0.0,,1783610713137702098,InstrumentType.Spot,11800374963033146096,OrderType.Limit,Direction.Long,65000.43,210192288,Side.Buy,,OrderStatus.Submitted,65000.43,1653898000,BTC-USDT,TimeCondition.GTC,1783610713137702098,0.001,0.001,0.0
4194834854,2837957847,1783610713137824483,1783610713137826568,203,order,benchmark,True,0.0,0.0,,,mock,0.0,,1783610713137824483,InstrumentType.Spot,11800374963033146097,OrderType.Limit,Direction.Long,65000.64,210194064,Side.Sell,,OrderStatus.Submitted,65000.64,1653898000,BTC-USDT,TimeCondition.GTC,1783610713137824483,0.001,0.001,0.0
4194834854,2837957847,1783610713138052913,1783610713138056009,203,order,benchmark,True,0.0,0.0,,,mock,0.0,,1783610713138052913,InstrumentType.Spot,11800374963033146098,OrderType.Limit,Direction.Long,65000.450000000004,210195840,Side.Buy,,OrderStatus.Submitted,65000.450000000004,1653898000,BTC-USDT,TimeCondition.GTC,1783610713138052913,0.001,0.001,0.0
4194834854,2837957847,1783610713138382130,1783610713138384282,203,order,benchmark,True,0.0,0.0,,,mock,0.0,,1783610713138382130,InstrumentType.Spot,11800374963033146099,OrderType.Limit,Direction.Long,65000.659999999996,210197616,Side.Sell,,OrderStatus.Submitted,65000.659999999996,1653898000,BTC-USDT,TimeCondition.GTC,1783610713138382130,0.001,0.001,0.0
4194834854,2837957847,1783610713138676800,1783610713138679961,203,order,benchmark,True,0.0,0.0,,,mock,0.0,,1783610713138676800,InstrumentType.Spot,11800374963033146100,OrderType.Limit,Direction.Long,65000.47,210199392,Side.Buy,,OrderStatus.Submitted,65000.47,1653898000,BTC-USDT,TimeCondition.GTC,1783610713138676800,0.001,0.001,0.0
4194834854,2837957847,1783610713139193840,1783610713139199574,203,order,benchmark,True,0.0,0.0,,,mock,0.0,,1783610713139193840,InstrumentType.Spot,11800374963033146101,OrderType.Limit,Direction.Long,65000.68,210201168,Side.Sell,,OrderStatus.Submitted,65000.68,1653898000,BTC-USDT,TimeCondition.GTC,1783610713139193840,0.001,0.001,0.0
4194834854,2837957847,1783610713139304289,1783610713139306286,203,order,benchmark,True,0.0,0.0,,,mock,0.0,,1783610713139304289,InstrumentType.Spot,11800374963033146102,OrderType.Limit,Direction.Long,65000.49,210202944,Side.Buy,,OrderStatus.Submitted,65000.49,1653898000,BTC-USDT,TimeCondition.GTC,1783610713139304289,0.001,0.001,0.0
4194834854,2837957847,1783610713139585975,1783610713139588084,203,order,benchmark,True,0.0,0.0,,,mock,0.0,,1783610713139585975,InstrumentType.Spot,11800374963033146103,OrderType.Limit,Direction.Long,65000.7,210204720,Side.Sell,,OrderStatus.Submitted,65000.7,1653898000,BTC-USDT,TimeCondition.GTC,1783610713139585975,0.001,0.001,0.0
4194834854,2837957847,1783610713139882355,1783610713139884399,203,order,benchmark,True,0.0,0.0,,,mock,0.0,,1783610713139882355,InstrumentType.Spot,11800374963033146104,OrderType.Limit,Direction.Long,65000.51,210206496,Side.Buy,,OrderStatus.Submitted,65000.51,1653898000,BTC-USDT,TimeCondition.GTC,1783610713139882355,0.001,0.001,0.0
4194834854,2837957847,1783610713140314573,1783610713140317044,203,order,benchmark,True,0.0,0.0,,,mock,0.0,,1783610713140314573,InstrumentType.Spot,11800374963033146105,OrderType.Limit,Direction.Long,65000.72,210051280,Side.Sell,,OrderStatus.Submitted,65000.72,1653898000,BTC-USDT,TimeCondition.GTC,1783610713140314573,0.001,0.001,0.0
4194834854,2837957847,1783610713140545311,1783610713140547740,203,order,benchmark,True,0.0,0.0,,,mock,0.0,,1783610713140545311,InstrumentType.Spot,11800374963033146106,OrderType.Limit,Direction.Long,65000.53,210053056,Side.Buy,,OrderStatus.Submitted,65000.53,1653898000,BTC-USDT,TimeCondition.GTC,1783610713140545311,0.001,0.001,0.0
4194834854,2837957847,1783610713140794608,1783610713140796804,203,order,benchmark,True,0.0,0.0,,,mock,0.0,,1783610713140794608,InstrumentType.Spot,11800374963033146107,OrderType.Limit,Direction.Long,65000.74,210054832,Side.Sell,,OrderStatus.Submitted,65000.74,1653898000,BTC-USDT,TimeCondition.GTC,1783610713140794608,0.001,0.001,0.0
4194834854,2837957847,1783610713141084758,1783610713141086884,203,order,benchmark,True,0.0,0.0,,,mock,0.0,,1783610713141084758,InstrumentType.Spot,11800374963033146108,OrderType.Limit,Direction.Long,65000.55,210056608,Side.Buy,,OrderStatus.Submitted,65000.55,1653898000,BTC-USDT,TimeCondition.GTC,1783610713141084758,0.001,0.001,0.0
4194834854,2837957847,1783610713141377195,1783610713141379028,203,order,benchmark,True,0.0,0.0,,,mock,0.0,,1783610713141377195,InstrumentType.Spot,11800374963033146109,OrderType.Limit,Direction.Long,65000.76,213221696,Side.Sell,,OrderStatus.Submitted,65000.76,1653898000,BTC-USDT,TimeCondition.GTC,1783610713141377195,0.001,0.001,0.0
4194834854,2837957847,1783610713141682110,1783610713141695495,203,order,benchmark,True,0.0,0.0,,,mock,0.0,,1783610713141682110,InstrumentType.Spot,11800374963033146110,OrderType.Limit,Direction.Long,65000.57,213223472,Side.Buy,,OrderStatus.Submitted,65000.57,1653898000,BTC-USDT,TimeCondition.GTC,1783610713141682110,0.001,0.001,0.0
4194834854,2837957847,1783610713142192773,1783610713142198657,203,order,benchmark,True,0.0,0.0,,,mock,0.0,,1783610713142192773,InstrumentType.Spot,11800374963033146111,OrderType.Limit,Direction.Long,65000.78,213225248,Side.Sell,,OrderStatus.Submitted,65000.78,1653898000,BTC-USDT,TimeCondition.GTC,1783610713142192773,0.001,0.001,0.0
4194834854,2837957847,1783610713142290213,1783610713142292130,203,order,benchmark,True,0.0,0.0,,,mock,0.0,,1783610713142290213,InstrumentType.Spot,11800374963033146112,OrderType.Limit,Direction.Long,65000.590000000004,213227024,Side.Buy,,OrderStatus.Submitted,65000.590000000004,1653898000,BTC-USDT,TimeCondition.GTC,1783610713142290213,0.001,0.001,0.0
4194834854,2837957847,1783610713142501099,1783610713142504051,203,order,benchmark,True,0.0,0.0,,,mock,0.0,,1783610713142501099,InstrumentType.Spot,11800374963033146113,OrderType.Limit,Direction.Long,65000.799999999996,213228800,Side.Sell,,OrderStatus.Submitted,65000.799999999996,1653898000,BTC-USDT,TimeCondition.GTC,1783610713142501099,0.001,0.001,0.0
4194834854,2837957847,1783610713142891186,1783610713142893414,203,order,benchmark,True,0.0,0.0,,,mock,0.0,,1783610713142891186,InstrumentType.Spot,11800374963033146114,OrderType.Limit,Direction.Long,65000.61,213230576,Side.Buy,,OrderStatus.Submitted,65000.61,1653898000,BTC-USDT,TimeCondition.GTC,1783610713142891186,0.001,0.001,0.0
4194834854,2837957847,1783610713143192767,1783610713143194947,203,order,benchmark,True,0.0,0.0,,,mock,0.0,,1783610713143192767,InstrumentType.Spot,11800374963033146115,OrderType.Limit,Direction.Long,65000.82,213232352,Side.Sell,,OrderStatus.Submitted,65000.82,1653898000,BTC-USDT,TimeCondition.GTC,1783610713143192767,0.001,0.001,0.0
4194834854,2837957847,1783610713143485191,1783610713143487323,203,order,benchmark,True,0.0,0.0,,,mock,0.0,,1783610713143485191,InstrumentType.Spot,11800374963033146116,OrderType.Limit,Direction.Long,65000.630000000005,213234128,Side.Buy,,OrderStatus.Submitted,65000.630000000005,1653898000,BTC-USDT,TimeCondition.GTC,1783610713143485191,0.001,0.001,0.0
4194834854,2837957847,1783610713143804619,1783610713143807037,203,order,benchmark,True,0.0,0.0,,,mock,0.0,,1783610713143804619,InstrumentType.Spot,11800374963033146117,OrderType.Limit,Direction.Long,65000.84,213235904,Side.Sell,,OrderStatus.Submitted,65000.84,1653898000,BTC-USDT,TimeCondition.GTC,1783610713143804619,0.001,0.001,0.0
4194834854,2837957847,1783610713144107422,1783610713144109791,203,order,benchmark,True,0.0,0.0,,,mock,0.0,,1783610713144107422,InstrumentType.Spot,11800374963033146118,OrderType.Limit,Direction.Long,65000.65,213237680,Side.Buy,,OrderStatus.Submitted,65000.65,1653898000,BTC-USDT,TimeCondition.GTC,1783610713144107422,0.001,0.001,0.0
4194834854,2837957847,1783610713144394427,1783610713144397678,203,order,benchmark,True,0.0,0.0,,,mock,0.0,,1783610713144394427,InstrumentType.Spot,11800374963033146119,OrderType.Limit,Direction.Long,65000.86,213239456,Side.Sell,,OrderStatus.Submitted,65000.86,1653898000,BTC-USDT,TimeCondition.GTC,1783610713144394427,0.001,0.001,0.0
4194834854,2837957847,1783610713144826682,1783610713144830183,203,order,benchmark,True,0.0,0.0,,,mock,0.0,,1783610713144826682,InstrumentType.Spot,11800374963033146120,OrderType.Limit,Direction.Long,65000.67,213241232,Side.Buy,,OrderStatus.Submitted,65000.67,1653898000,BTC-USDT,TimeCondition.GTC,1783610713144826682,0.001,0.001,0.0
4194834854,2837957847,1783610713145059740,1783610713145062038,203,order,benchmark,True,0.0,0.0,,,mock,0.0,,1783610713145059740,InstrumentType.Spot,11800374963033146121,OrderType.Limit,Direction.Long,65000.88,213243008,Side.Sell,,OrderStatus.Submitted,65000.88,1653898000,BTC-USDT,TimeCondition.GTC,1783610713145059740,0.001,0.001,0.0
4194834854,2837957847,1783610713145319027,1783610713145321116,203,order,benchmark,True,0.0,0.0,,,mock,0.0,,1783610713145319027,InstrumentType.Spot,11800374963033146122,OrderType.Limit,Direction.Long,65000.69,213244784,Side.Buy,,OrderStatus.Submitted,65000.69,1653898000,BTC-USDT,TimeCondition.GTC,1783610713145319027,0.001,0.001,0.0
4194834854,2837957847,1783610713145585695,1783610713145598364,203,order,benchmark,True,0.0,0.0,,,mock,0.0,,1783610713145585695,InstrumentType.Spot,11800374963033146123,OrderType.Limit,Direction.Long,65000.9,213246560,Side.Sell,,OrderStatus.Submitted,65000.9,1653898000,BTC-USDT,TimeCondition.GTC,1783610713145585695,0.001,0.001,0.0
4194834854,2837957847,1783610713145886819,1783610713145888868,203,order,benchmark,True,0.0,0.0,,,mock,0.0,,1783610713145886819,InstrumentType.Spot,11800374963033146124,OrderType.Limit,Direction.Long,65000.71,213248336,Side.Buy,,OrderStatus.Submitted,65000.71,1653898000,BTC-USDT,TimeCondition.GTC,1783610713145886819,0.001,0.001,0.0
4194834854,2837957847,1783610713146186838,1783610713146189026,203,order,benchmark,True,0.0,0.0,,,mock,0.0,,1783610713146186838,InstrumentType.Spot,11800374963033146125,OrderType.Limit,Direction.Long,65000.92,213250112,Side.Sell,,OrderStatus.Submitted,65000.92,1653898000,BTC-USDT,TimeCondition.GTC,1783610713146186838,0.001,0.001,0.0
4194834854,2837957847,1783610713146493834,1783610713146496063,203,order,benchmark,True,0.0,0.0,,,mock,0.0,,1783610713146493834,InstrumentType.Spot,11800374963033146126,OrderType.Limit,Direction.Long,65000.73,213251888,Side.Buy,,OrderStatus.Submitted,65000.73,1653898000,BTC-USDT,TimeCondition.GTC,1783610713146493834,0.001,0.001,0.0
4194834854,2837957847,1783610713146786955,1783610713146789110,203,order,benchmark,True,0.0,0.0,,,mock,0.0,,1783610713146786955,InstrumentType.Spot,11800374963033146127,OrderType.Limit,Direction.Long,65000.939999999995,213253664,Side.Sell,,OrderStatus.Submitted,65000.939999999995,1653898000,BTC-USDT,TimeCondition.GTC,1783610713146786955,0.001,0.001,0.0
4194834854,2837957847,1783610713147102600,1783610713147104827,203,order,benchmark,True,0.0,0.0,,,mock,0.0,,1783610713147102600,InstrumentType.Spot,11800374963033146128,OrderType.Limit,Direction.Long,65000.75,213255440,Side.Buy,,OrderStatus.Submitted,65000.75,1653898000,BTC-USDT,TimeCondition.GTC,1783610713147102600,0.001,0.001,0.0
4194834854,2837957847,1783610713147388000,1783610713147390809,203,order,benchmark,True,0.0,0.0,,,mock,0.0,,1783610713147388000,InstrumentType.Spot,11800374963033146129,OrderType.Limit,Direction.Long,65000.96,213257216,Side.Sell,,OrderStatus.Submitted,65000.96,1653898000,BTC-USDT,TimeCondition.GTC,1783610713147388000,0.001,0.001,0.0
4194834854,2837957847,1783610713147688533,1783610713147690613,203,order,benchmark,True,0.0,0.0,,,mock,0.0,,1783610713147688533,InstrumentType.Spot,11800374963033146130,OrderType.Limit,Direction.Long,65000.770000000004,213258992,Side.Buy,,OrderStatus.Submitted,65000.770000000004,1653898000,BTC-USDT,TimeCondition.GTC,1783610713147688533,0.001,0.001,0.0
4194834854,2837957847,1783610713147979343,1783610713147981337,203,order,benchmark,True,0.0,0.0,,,mock,0.0,,1783610713147979343,InstrumentType.Spot,11800374963033146131,OrderType.Limit,Direction.Long,65000.979999999996,213260768,Side.Sell,,OrderStatus.Submitted,65000.979999999996,1653898000,BTC-USDT,TimeCondition.GTC,1783610713147979343,0.001,0.001,0.0
4194834854,2837957847,1783610713148285107,1783610713148287207,203,order,benchmark,True,0.0,0.0,,,mock,0.0,,1783610713148285107,InstrumentType.Spot,11800374963033146132,OrderType.Limit,Direction.Long,65000.79,213262544,Side.Buy,,OrderStatus.Submitted,65000.79,1653898000,BTC-USDT,TimeCondition.GTC,1783610713148285107,0.001,0.001,0.0
4194834854,2837957847,1783610713148586573,1783610713148588569,203,order,benchmark,True,0.0,0.0,,,mock,0.0,,1783610713148586573,InstrumentType.Spot,11800374963033146133,OrderType.Limit,Direction.Long,65001.0,213264320,Side.Sell,,OrderStatus.Submitted,65001.0,1653898000,BTC-USDT,TimeCondition.GTC,1783610713148586573,0.001,0.001,0.0
4194834854,2837957847,1783610713148885922,1783610713148888036,203,order,benchmark,True,0.0,0.0,,,mock,0.0,,1783610713148885922,InstrumentType.Spot,11800374963033146134,OrderType.Limit,Direction.Long,65000.810000000005,213266096,Side.Buy,,OrderStatus.Submitted,65000.810000000005,1653898000,BTC-USDT,TimeCondition.GTC,1783610713148885922,0.001,0.001,0.0
4194834854,2837957847,1783610713149185931,1783610713149188037,203,order,benchmark,True,0.0,0.0,,,mock,0.0,,1783610713149185931,InstrumentType.Spot,11800374963033146135,OrderType.Limit,Direction.Long,65001.02,213267872,Side.Sell,,OrderStatus.Submitted,65001.02,1653898000,BTC-USDT,TimeCondition.GTC,1783610713149185931,0.001,0.001,0.0
4194834854,2837957847,1783610713149498072,1783610713149506898,203,order,benchmark,True,0.0,0.0,,,mock,0.0,,1783610713149498072,InstrumentType.Spot,11800374963033146136,OrderType.Limit,Direction.Long,65000.83,213269648,Side.Buy,,OrderStatus.Submitted,65000.83,1653898000,BTC-USDT,TimeCondition.GTC,1783610713149498072,0.001,0.001,0.0
4194834854,2837957847,1783610713149784623,1783610713149786565,203,order,benchmark,True,0.0,0.0,,,mock,0.0,,1783610713149784623,InstrumentType.Spot,11800374963033146137,OrderType.Limit,Direction.Long,65001.04,213271424,Side.Sell,,OrderStatus.Submitted,65001.04,1653898000,BTC-USDT,TimeCondition.GTC,1783610713149784623,0.001,0.001,0.0
4194834854,2837957847,1783610713150328936,1783610713150335172,203,order,benchmark,True,0.0,0.0,,,mock,0.0,,1783610713150328936,InstrumentType.Spot,11800374963033146138,OrderType.Limit,Direction.Long,65000.85,213273200,Side.Buy,,OrderStatus.Submitted,65000.85,1653898000,BTC-USDT,TimeCondition.GTC,1783610713150328936,0.001,0.001,0.0
4194834854,2837957847,1783610713150870277,1783610713150875720,203,order,benchmark,True,0.0,0.0,,,mock,0.0,,1783610713150870277,InstrumentType.Spot,11800374963033146139,OrderType.Limit,Direction.Long,65001.06,213274976,Side.Sell,,OrderStatus.Submitted,65001.06,1653898000,BTC-USDT,TimeCondition.GTC,1783610713150870277,0.001,0.001,0.0
4194834854,2837957847,1783610713150902249,1783610713150904905,203,order,benchmark,True,0.0,0.0,,,mock,0.0,,1783610713150902249,InstrumentType.Spot,11800374963033146140,OrderType.Limit,Direction.Long,65000.87,213276720,Side.Buy,,OrderStatus.Submitted,65000.87,1653898000,BTC-USDT,TimeCondition.GTC,1783610713150902249,0.001,0.001,0.0
4194834854,2837957847,1783610713151059698,1783610713151062246,203,order,benchmark,True,0.0,0.0,,,mock,0.0,,1783610713151059698,InstrumentType.Spot,11800374963033146141,OrderType.Limit,Direction.Long,65001.08,213278528,Side.Sell,,OrderStatus.Submitted,65001.08,1653898000,BTC-USDT,TimeCondition.GTC,1783610713151059698,0.001,0.001,0.0
4194834854,2837957847,1783610713151211105,1783610713151214004,203,order,benchmark,True,0.0,0.0,,,mock,0.0,,1783610713151211105,InstrumentType.Spot,11800374963033146142,OrderType.Limit,Direction.Long,65000.89,213280304,Side.Buy,,OrderStatus.Submitted,65000.89,1653898000,BTC-USDT,TimeCondition.GTC,1783610713151211105,0.001,0.001,0.0
4194834854,2837957847,1783610713151582746,1783610713151584959,203,order,benchmark,True,0.0,0.0,,,mock,0.0,,1783610713151582746,InstrumentType.Spot,11800374963033146143,OrderType.Limit,Direction.Long,65000.1,213282080,Side.Sell,,OrderStatus.Submitted,65000.1,1653898000,BTC-USDT,TimeCondition.GTC,1783610713151582746,0.001,0.001,0.0
4194834854,2837957847,1783610713152002273,1783610713152005341,203,order,benchmark,True,0.0,0.0,,,mock,0.0,,1783610713152002273,InstrumentType.Spot,11800374963033146144,OrderType.Limit,Direction.Long,64999.91,213283856,Side.Buy,,OrderStatus.Submitted,64999.91,1653898000,BTC-USDT,TimeCondition.GTC,1783610713152002273,0.001,0.001,0.0
4194834854,2837957847,1783610713152213559,1783610713152216385,203,order,benchmark,True,0.0,0.0,,,mock,0.0,,1783610713152213559,InstrumentType.Spot,11800374963033146145,OrderType.Limit,Direction.Long,65000.119999999995,213285632,Side.Sell,,OrderStatus.Submitted,65000.119999999995,1653898000,BTC-USDT,TimeCondition.GTC,1783610713152213559,0.001,0.001,0.0
4194834854,2837957847,1783610713152486207,1783610713152488423,203,order,benchmark,True,0.0,0.0,,,mock,0.0,,1783610713152486207,InstrumentType.Spot,11800374963033146146,OrderType.Limit,Direction.Long,64999.93,213287408,Side.Buy,,OrderStatus.Submitted,64999.93,1653898000,BTC-USDT,TimeCondition.GTC,1783610713152486207,0.001,0.001,0.0
4194834854,2837957847,1783610713152781623,1783610713152783576,203,order,benchmark,True,0.0,0.0,,,mock,0.0,,1783610713152781623,InstrumentType.Spot,11800374963033146147,OrderType.Limit,Direction.Long,65000.14,213289184,Side.Sell,,OrderStatus.Submitted,65000.14,1653898000,BTC-USDT,TimeCondition.GTC,1783610713152781623,0.001,0.001,0.0
4194834854,2837957847,1783610713153100282,1783610713153102391,203,order,benchmark,True,0.0,0.0,,,mock,0.0,,1783610713153100282,InstrumentType.Spot,11800374963033146148,OrderType.Limit,Direction.Long,64999.950000000004,213290960,Side.Buy,,OrderStatus.Submitted,64999.950000000004,1653898000,BTC-USDT,TimeCondition.GTC,1783610713153100282,0.001,0.001,0.0
4194834854,2837957847,1783610713153382217,1783610713153395880,203,order,benchmark,True,0.0,0.0,,,mock,0.0,,1783610713153382217,InstrumentType.Spot,11800374963033146149,OrderType.Limit,Direction.Long,65000.159999999996,213292736,Side.Sell,,OrderStatus.Submitted,65000.159999999996,1653898000,BTC-USDT,TimeCondition.GTC,1783610713153382217,0.001,0.001,0.0
4194834854,2837957847,1783610713153684474,1783610713153686537,203,order,benchmark,True,0.0,0.0,,,mock,0.0,,1783610713153684474,InstrumentType.Spot,11800374963033146150,OrderType.Limit,Direction.Long,64999.97,213294512,Side.Buy,,OrderStatus.Submitted,64999.97,1653898000,BTC-USDT,TimeCondition.GTC,1783610713153684474,0.001,0.001,0.0
4194834854,2837957847,1783610713153986986,1783610713153989068,203,order,benchmark,True,0.0,0.0,,,mock,0.0,,1783610713153986986,InstrumentType.Spot,11800374963033146151,OrderType.Limit,Direction.Long,65000.18,213296288,Side.Sell,,OrderStatus.Submitted,65000.18,1653898000,BTC-USDT,TimeCondition.GTC,1783610713153986986,0.001,0.001,0.0
4194834854,2837957847,1783610713154448570,1783610713154452772,203,order,benchmark,True,0.0,0.0,,,mock,0.0,,1783610713154448570,InstrumentType.Spot,11800374963033146152,OrderType.Limit,Direction.Long,64999.99,213298064,Side.Buy,,OrderStatus.Submitted,64999.99,1653898000,BTC-USDT,TimeCondition.GTC,1783610713154448570,0.001,0.001,0.0
4194834854,2837957847,1783610713154932810,1783610713154938069,203,order,benchmark,True,0.0,0.0,,,mock,0.0,,1783610713154932810,InstrumentType.Spot,11800374963033146153,OrderType.Limit,Direction.Long,65000.2,213299840,Side.Sell,,OrderStatus.Submitted,65000.2,1653898000,BTC-USDT,TimeCondition.GTC,1783610713154932810,0.001,0.001,0.0
4194834854,2837957847,1783610713154969802,1783610713154972345,203,order,benchmark,True,0.0,0.0,,,mock,0.0,,1783610713154969802,InstrumentType.Spot,11800374963033146154,OrderType.Limit,Direction.Long,65000.01,213301584,Side.Buy,,OrderStatus.Submitted,65000.01,1653898000,BTC-USDT,TimeCondition.GTC,1783610713154969802,0.001,0.001,0.0
4194834854,2837957847,1783610713155242990,1783610713155248281,203,order,benchmark,True,0.0,0.0,,,mock,0.0,,1783610713155242990,InstrumentType.Spot,11800374963033146155,OrderType.Limit,Direction.Long,65000.22,213303392,Side.Sell,,OrderStatus.Submitted,65000.22,1653898000,BTC-USDT,TimeCondition.GTC,1783610713155242990,0.001,0.001,0.0
4194834854,2837957847,1783610713155473096,1783610713155478248,203,order,benchmark,True,0.0,0.0,,,mock,0.0,,1783610713155473096,InstrumentType.Spot,11800374963033146156,OrderType.Limit,Direction.Long,65000.03,213305168,Side.Buy,,OrderStatus.Submitted,65000.03,1653898000,BTC-USDT,TimeCondition.GTC,1783610713155473096,0.001,0.001,0.0
4194834854,2837957847,1783610713156107817,1783610713156110865,203,order,benchmark,True,0.0,0.0,,,mock,0.0,,1783610713156107817,InstrumentType.Spot,11800374963033146157,OrderType.Limit,Direction.Long,65000.24,213306944,Side.Sell,,OrderStatus.Submitted,65000.24,1653898000,BTC-USDT,TimeCondition.GTC,1783610713156107817,0.001,0.001,0.0
4194834854,2837957847,1783610713156130060,1783610713156131338,203,order,benchmark,True,0.0,0.0,,,mock,0.0,,1783610713156130060,InstrumentType.Spot,11800374963033146158,OrderType.Limit,Direction.Long,65000.05,213308688,Side.Buy,,OrderStatus.Submitted,65000.05,1653898000,BTC-USDT,TimeCondition.GTC,1783610713156130060,0.001,0.001,0.0
4194834854,2837957847,1783610713156329035,1783610713156331371,203,order,benchmark,True,0.0,0.0,,,mock,0.0,,1783610713156329035,InstrumentType.Spot,11800374963033146159,OrderType.Limit,Direction.Long,65000.26,213310496,Side.Sell,,OrderStatus.Submitted,65000.26,1653898000,BTC-USDT,TimeCondition.GTC,1783610713156329035,0.001,0.001,0.0
4194834854,2837957847,1783610713156682599,1783610713156684619,203,order,benchmark,True,0.0,0.0,,,mock,0.0,,1783610713156682599,InstrumentType.Spot,11800374963033146160,OrderType.Limit,Direction.Long,65000.07,213312272,Side.Buy,,OrderStatus.Submitted,65000.07,1653898000,BTC-USDT,TimeCondition.GTC,1783610713156682599,0.001,0.001,0.0
4194834854,2837957847,1783610713157016424,1783610713157022507,203,order,benchmark,True,0.0,0.0,,,mock,0.0,,1783610713157016424,InstrumentType.Spot,11800374963033146161,OrderType.Limit,Direction.Long,65000.28,213314048,Side.Sell,,OrderStatus.Submitted,65000.28,1653898000,BTC-USDT,TimeCondition.GTC,1783610713157016424,0.001,0.001,0.0
4194834854,2837957847,1783610713157280721,1783610713157282886,203,order,benchmark,True,0.0,0.0,,,mock,0.0,,1783610713157280721,InstrumentType.Spot,11800374963033146162,OrderType.Limit,Direction.Long,65000.090000000004,213315824,Side.Buy,,OrderStatus.Submitted,65000.090000000004,1653898000,BTC-USDT,TimeCondition.GTC,1783610713157280721,0.001,0.001,0.0
4194834854,2837957847,1783610713157658517,1783610713157679144,203,order,benchmark,True,0.0,0.0,,,mock,0.0,,1783610713157658517,InstrumentType.Spot,11800374963033146163,OrderType.Limit,Direction.Long,65000.299999999996,213317600,Side.Sell,,OrderStatus.Submitted,65000.299999999996,1653898000,BTC-USDT,TimeCondition.GTC,1783610713157658517,0.001,0.001,0.0
4194834854,2837957847,1783610713157878819,1783610713157881628,203,order,benchmark,True,0.0,0.0,,,mock,0.0,,1783610713157878819,InstrumentType.Spot,11800374963033146164,OrderType.Limit,Direction.Long,65000.11,213319376,Side.Buy,,OrderStatus.Submitted,65000.11,1653898000,BTC-USDT,TimeCondition.GTC,1783610713157878819,0.001,0.001,0.0
4194834854,2837957847,1783610713158386009,1783610713158392341,203,order,benchmark,True,0.0,0.0,,,mock,0.0,,1783610713158386009,InstrumentType.Spot,11800374963033146165,OrderType.Limit,Direction.Long,65000.32,213321152,Side.Sell,,OrderStatus.Submitted,65000.32,1653898000,BTC-USDT,TimeCondition.GTC,1783610713158386009,0.001,0.001,0.0
4194834854,2837957847,1783610713158570160,1783610713158572839,203,order,benchmark,True,0.0,0.0,,,mock,0.0,,1783610713158570160,InstrumentType.Spot,11800374963033146166,OrderType.Limit,Direction.Long,65000.130000000005,213322928,Side.Buy,,OrderStatus.Submitted,65000.130000000005,1653898000,BTC-USDT,TimeCondition.GTC,1783610713158570160,0.001,0.001,0.0
4194834854,2837957847,1783610713158787687,1783610713158790642,203,order,benchmark,True,0.0,0.0,,,mock,0.0,,1783610713158787687,InstrumentType.Spot,11800374963033146167,OrderType.Limit,Direction.Long,65000.34,213324704,Side.Sell,,OrderStatus.Submitted,65000.34,1653898000,BTC-USDT,TimeCondition.GTC,1783610713158787687,0.001,0.001,0.0
4194834854,2837957847,1783610713159348722,1783610713159350827,203,order,benchmark,True,0.0,0.0,,,mock,0.0,,1783610713159348722,InstrumentType.Spot,11800374963033146168,OrderType.Limit,Direction.Long,65000.15,213326480,Side.Buy,,OrderStatus.Submitted,65000.15,1653898000,BTC-USDT,TimeCondition.GTC,1783610713159348722,0.001,0.001,0.0
4194834854,2837957847,1783610713159493275,1783610713159495080,203,order,benchmark,True,0.0,0.0,,,mock,0.0,,1783610713159493275,InstrumentType.Spot,11800374963033146169,OrderType.Limit,Direction.Long,65000.36,213328256,Side.Sell,,OrderStatus.Submitted,65000.36,1653898000,BTC-USDT,TimeCondition.GTC,1783610713159493275,0.001,0.001,0.0
4194834854,2837957847,1783610713159720803,1783610713159722874,203,order,benchmark,True,0.0,0.0,,,mock,0.0,,1783610713159720803,InstrumentType.Spot,11800374963033146170,OrderType.Limit,Direction.Long,65000.17,213330032,Side.Buy,,OrderStatus.Submitted,65000.17,1653898000,BTC-USDT,TimeCondition.GTC,1783610713159720803,0.001,0.001,0.0
4194834854,2837957847,1783610713159978323,1783610713159980503,203,order,benchmark,True,0.0,0.0,,,mock,0.0,,1783610713159978323,InstrumentType.Spot,11800374963033146171,OrderType.Limit,Direction.Long,65000.38,213331808,Side.Sell,,OrderStatus.Submitted,65000.38,1653898000,BTC-USDT,TimeCondition.GTC,1783610713159978323,0.001,0.001,0.0
4194834854,2837957847,1783610713160276233,1783610713160278051,203,order,benchmark,True,0.0,0.0,,,mock,0.0,,1783610713160276233,InstrumentType.Spot,11800374963033146172,OrderType.Limit,Direction.Long,65000.19,213333584,Side.Buy,,OrderStatus.Submitted,65000.19,1653898000,BTC-USDT,TimeCondition.GTC,1783610713160276233,0.001,0.001,0.0
4194834854,2837957847,1783610713160579541,1783610713160581531,203,order,benchmark,True,0.0,0.0,,,mock,0.0,,1783610713160579541,InstrumentType.Spot,11800374963033146173,OrderType.Limit,Direction.Long,65000.4,213335360,Side.Sell,,OrderStatus.Submitted,65000.4,1653898000,BTC-USDT,TimeCondition.GTC,1783610713160579541,0.001,0.001,0.0
4194834854,2837957847,1783610713160888939,1783610713160890937,203,order,benchmark,True,0.0,0.0,,,mock,0.0,,1783610713160888939,InstrumentType.Spot,11800374963033146174,OrderType.Limit,Direction.Long,65000.21,213337136,Side.Buy,,OrderStatus.Submitted,65000.21,1653898000,BTC-USDT,TimeCondition.GTC,1783610713160888939,0.001,0.001,0.0
4194834854,2837957847,1783610713161471722,1783610713161489129,203,order,benchmark,True,0.0,0.0,,,mock,0.0,,1783610713161471722,InstrumentType.Spot,11800374963033146175,OrderType.Limit,Direction.Long,65000.42,213338912,Side.Sell,,OrderStatus.Submitted,65000.42,1653898000,BTC-USDT,TimeCondition.GTC,1783610713161471722,0.001,0.001,0.0
4194834854,2837957847,1783610713161510371,1783610713161525782,203,order,benchmark,True,0.0,0.0,,,mock,0.0,,1783610713161510371,InstrumentType.Spot,11800374963033146176,OrderType.Limit,Direction.Long,65000.23,213340656,Side.Buy,,OrderStatus.Submitted,65000.23,1653898000,BTC-USDT,TimeCondition.GTC,1783610713161510371,0.001,0.001,0.0
4194834854,2837957847,1783610713161783944,1783610713161786100,203,order,benchmark,True,0.0,0.0,,,mock,0.0,,1783610713161783944,InstrumentType.Spot,11800374963033146177,OrderType.Limit,Direction.Long,65000.439999999995,213342464,Side.Sell,,OrderStatus.Submitted,65000.439999999995,1653898000,BTC-USDT,TimeCondition.GTC,1783610713161783944,0.001,0.001,0.0
4194834854,2837957847,1783610713162098107,1783610713162100558,203,order,benchmark,True,0.0,0.0,,,mock,0.0,,1783610713162098107,InstrumentType.Spot,11800374963033146178,OrderType.Limit,Direction.Long,65000.25,213344240,Side.Buy,,OrderStatus.Submitted,65000.25,1653898000,BTC-USDT,TimeCondition.GTC,1783610713162098107,0.001,0.001,0.0
4194834854,2837957847,1783610713162487051,1783610713162489055,203,order,benchmark,True,0.0,0.0,,,mock,0.0,,1783610713162487051,InstrumentType.Spot,11800374963033146179,OrderType.Limit,Direction.Long,65000.46,213346016,Side.Sell,,OrderStatus.Submitted,65000.46,1653898000,BTC-USDT,TimeCondition.GTC,1783610713162487051,0.001,0.001,0.0
4194834854,2837957847,1783610713162718262,1783610713162720886,203,order,benchmark,True,0.0,0.0,,,mock,0.0,,1783610713162718262,InstrumentType.Spot,11800374963033146180,OrderType.Limit,Direction.Long,65000.270000000004,213347792,Side.Buy,,OrderStatus.Submitted,65000.270000000004,1653898000,BTC-USDT,TimeCondition.GTC,1783610713162718262,0.001,0.001,0.0
4194834854,2837957847,1783610713163176098,1783610713163179594,203,order,benchmark,True,0.0,0.0,,,mock,0.0,,1783610713163176098,InstrumentType.Spot,11800374963033146181,OrderType.Limit,Direction.Long,65000.479999999996,213349568,Side.Sell,,OrderStatus.Submitted,65000.479999999996,1653898000,BTC-USDT,TimeCondition.GTC,1783610713163176098,0.001,0.001,0.0
4194834854,2837957847,1783610713163199992,1783610713163202194,203,order,benchmark,True,0.0,0.0,,,mock,0.0,,1783610713163199992,InstrumentType.Spot,11800374963033146182,OrderType.Limit,Direction.Long,65000.29,213351344,Side.Buy,,OrderStatus.Submitted,65000.29,1653898000,BTC-USDT,TimeCondition.GTC,1783610713163199992,0.001,0.001,0.0
4194834854,2837957847,1783610713163701948,1783610713163704416,203,order,benchmark,True,0.0,0.0,,,mock,0.0,,1783610713163701948,InstrumentType.Spot,11800374963033146183,OrderType.Limit,Direction.Long,65000.5,213353120,Side.Sell,,OrderStatus.Submitted,65000.5,1653898000,BTC-USDT,TimeCondition.GTC,1783610713163701948,0.001,0.001,0.0
4194834854,2837957847,1783610713163914379,1783610713163916485,203,order,benchmark,True,0.0,0.0,,,mock,0.0,,1783610713163914379,InstrumentType.Spot,11800374963033146184,OrderType.Limit,Direction.Long,65000.310000000005,213354896,Side.Buy,,OrderStatus.Submitted,65000.310000000005,1653898000,BTC-USDT,TimeCondition.GTC,1783610713163914379,0.001,0.001,0.0
4194834854,2837957847,1783610713164192047,1783610713164194353,203,order,benchmark,True,0.0,0.0,,,mock,0.0,,1783610713164192047,InstrumentType.Spot,11800374963033146185,OrderType.Limit,Direction.Long,65000.52,213356672,Side.Sell,,OrderStatus.Submitted,65000.52,1653898000,BTC-USDT,TimeCondition.GTC,1783610713164192047,0.001,0.001,0.0
4194834854,2837957847,1783610713164590366,1783610713164592431,203,order,benchmark,True,0.0,0.0,,,mock,0.0,,1783610713164590366,InstrumentType.Spot,11800374963033146186,OrderType.Limit,Direction.Long,65000.33,213358448,Side.Buy,,OrderStatus.Submitted,65000.33,1653898000,BTC-USDT,TimeCondition.GTC,1783610713164590366,0.001,0.001,0.0
4194834854,2837957847,1783610713164815046,1783610713164817083,203,order,benchmark,True,0.0,0.0,,,mock,0.0,,1783610713164815046,InstrumentType.Spot,11800374963033146187,OrderType.Limit,Direction.Long,65000.54,213360224,Side.Sell,,OrderStatus.Submitted,65000.54,1653898000,BTC-USDT,TimeCondition.GTC,1783610713164815046,0.001,0.001,0.0
4194834854,2837957847,1783610713165109902,1783610713165114758,203,order,benchmark,True,0.0,0.0,,,mock,0.0,,1783610713165109902,InstrumentType.Spot,11800374963033146188,OrderType.Limit,Direction.Long,65000.35,213362000,Side.Buy,,OrderStatus.Submitted,65000.35,1653898000,BTC-USDT,TimeCondition.GTC,1783610713165109902,0.001,0.001,0.0
4194834854,2837957847,1783610713165636359,1783610713165755427,203,order,benchmark,True,0.0,0.0,,,mock,0.0,,1783610713165636359,InstrumentType.Spot,11800374963033146189,OrderType.Limit,Direction.Long,65000.56,213363776,Side.Sell,,OrderStatus.Submitted,65000.56,1653898000,BTC-USDT,TimeCondition.GTC,1783610713165636359,0.001,0.001,0.0
4194834854,2837957847,1783610713165785350,1783610713165788636,203,order,benchmark,True,0.0,0.0,,,mock,0.0,,1783610713165785350,InstrumentType.Spot,11800374963033146190,OrderType.Limit,Direction.Long,65000.37,213365520,Side.Buy,,OrderStatus.Submitted,65000.37,1653898000,BTC-USDT,TimeCondition.GTC,1783610713165785350,0.001,0.001,0.0
4194834854,2837957847,1783610713166073236,1783610713166075713,203,order,benchmark,True,0.0,0.0,,,mock,0.0,,1783610713166073236,InstrumentType.Spot,11800374963033146191,OrderType.Limit,Direction.Long,65000.58,213367328,Side.Sell,,OrderStatus.Submitted,65000.58,1653898000,BTC-USDT,TimeCondition.GTC,1783610713166073236,0.001,0.001,0.0
4194834854,2837957847,1783610713166220626,1783610713166223477,203,order,benchmark,True,0.0,0.0,,,mock,0.0,,1783610713166220626,InstrumentType.Spot,11800374963033146192,OrderType.Limit,Direction.Long,65000.39,213369104,Side.Buy,,OrderStatus.Submitted,65000.39,1653898000,BTC-USDT,TimeCondition.GTC,1783610713166220626,0.001,0.001,0.0
4194834854,2837957847,1783610713166599871,1783610713166602390,203,order,benchmark,True,0.0,0.0,,,mock,0.0,,1783610713166599871,InstrumentType.Spot,11800374963033146193,OrderType.Limit,Direction.Long,65000.6,213370880,Side.Sell,,OrderStatus.Submitted,65000.6,1653898000,BTC-USDT,TimeCondition.GTC,1783610713166599871,0.001,0.001,0.0
4194834854,2837957847,1783610713166884485,1783610713166886429,203,order,benchmark,True,0.0,0.0,,,mock,0.0,,1783610713166884485,InstrumentType.Spot,11800374963033146194,OrderType.Limit,Direction.Long,65000.41,213372656,Side.Buy,,OrderStatus.Submitted,65000.41,1653898000,BTC-USDT,TimeCondition.GTC,1783610713166884485,0.001,0.001,0.0
4194834854,2837957847,1783610713167188937,1783610713167191011,203,order,benchmark,True,0.0,0.0,,,mock,0.0,,1783610713167188937,InstrumentType.Spot,11800374963033146195,OrderType.Limit,Direction.Long,65000.619999999995,213374432,Side.Sell,,OrderStatus.Submitted,65000.619999999995,1653898000,BTC-USDT,TimeCondition.GTC,1783610713167188937,0.001,0.001,0.0
4194834854,2837957847,1783610713167479284,1783610713167481348,203,order,benchmark,True,0.0,0.0,,,mock,0.0,,1783610713167479284,InstrumentType.Spot,11800374963033146196,OrderType.Limit,Direction.Long,65000.43,213376208,Side.Buy,,OrderStatus.Submitted,65000.43,1653898000,BTC-USDT,TimeCondition.GTC,1783610713167479284,0.001,0.001,0.0
4194834854,2837957847,1783610713167786015,1783610713167788208,203,order,benchmark,True,0.0,0.0,,,mock,0.0,,1783610713167786015,InstrumentType.Spot,11800374963033146197,OrderType.Limit,Direction.Long,65000.64,213377984,Side.Sell,,OrderStatus.Submitted,65000.64,1653898000,BTC-USDT,TimeCondition.GTC,1783610713167786015,0.001,0.001,0.0
4194834854,2837957847,1783610713168098547,1783610713168100688,203,order,benchmark,True,0.0,0.0,,,mock,0.0,,1783610713168098547,InstrumentType.Spot,11800374963033146198,OrderType.Limit,Direction.Long,65000.450000000004,213379760,Side.Buy,,OrderStatus.Submitted,65000.450000000004,1653898000,BTC-USDT,TimeCondition.GTC,1783610713168098547,0.001,0.001,0.0
4194834854,2837957847,1783610713168385945,1783610713168387839,203,order,benchmark,True,0.0,0.0,,,mock,0.0,,1783610713168385945,InstrumentType.Spot,11800374963033146199,OrderType.Limit,Direction.Long,65000.659999999996,213381536,Side.Sell,,OrderStatus.Submitted,65000.659999999996,1653898000,BTC-USDT,TimeCondition.GTC,1783610713168385945,0.001,0.001,0.0
4194834854,2837957847,1783610713168691348,1783610713168693965,203,order,benchmark,True,0.0,0.0,,,mock,0.0,,1783610713168691348,InstrumentType.Spot,11800374963033146200,OrderType.Limit,Direction.Long,65000.47,213383312,Side.Buy,,OrderStatus.Submitted,65000.47,1653898000,BTC-USDT,TimeCondition.GTC,1783610713168691348,0.001,0.001,0.0
4194834854,2837957847,1783610713169125010,1783610713169128757,203,order,benchmark,True,0.0,0.0,,,mock,0.0,,1783610713169125010,InstrumentType.Spot,11800374963033146201,OrderType.Limit,Direction.Long,65000.68,213385088,Side.Sell,,OrderStatus.Submitted,65000.68,1653898000,BTC-USDT,TimeCondition.GTC,1783610713169125010,0.001,0.001,0.0
4194834854,2837957847,1783610713169570170,1783610713169585571,203,order,benchmark,True,0.0,0.0,,,mock,0.0,,1783610713169570170,InstrumentType.Spot,11800374963033146202,OrderType.Limit,Direction.Long,65000.49,213386864,Side.Buy,,OrderStatus.Submitted,65000.49,1653898000,BTC-USDT,TimeCondition.GTC,1783610713169570170,0.001,0.001,0.0
4194834854,2837957847,1783610713169731841,1783610713169734963,203,order,benchmark,True,0.0,0.0,,,mock,0.0,,1783610713169731841,InstrumentType.Spot,11800374963033146203,OrderType.Limit,Direction.Long,65000.7,213388640,Side.Sell,,OrderStatus.Submitted,65000.7,1653898000,BTC-USDT,TimeCondition.GTC,1783610713169731841,0.001,0.001,0.0
4194834854,2837957847,1783610713169865043,1783610713169867764,203,order,benchmark,True,0.0,0.0,,,mock,0.0,,1783610713169865043,InstrumentType.Spot,11800374963033146204,OrderType.Limit,Direction.Long,65000.51,213390416,Side.Buy,,OrderStatus.Submitted,65000.51,1653898000,BTC-USDT,TimeCondition.GTC,1783610713169865043,0.001,0.001,0.0
4194834854,2837957847,1783610713170188734,1783610713170190802,203,order,benchmark,True,0.0,0.0,,,mock,0.0,,1783610713170188734,InstrumentType.Spot,11800374963033146205,OrderType.Limit,Direction.Long,65000.72,213213792,Side.Sell,,OrderStatus.Submitted,65000.72,1653898000,BTC-USDT,TimeCondition.GTC,1783610713170188734,0.001,0.001,0.0
4194834854,2837957847,1783610713170490345,1783610713170493580,203,order,benchmark,True,0.0,0.0,,,mock,0.0,,1783610713170490345,InstrumentType.Spot,11800374963033146206,OrderType.Limit,Direction.Long,65000.53,213215568,Side.Buy,,OrderStatus.Submitted,65000.53,1653898000,BTC-USDT,TimeCondition.GTC,1783610713170490345,0.001,0.001,0.0
4194834854,2837957847,1783610713170785601,1783610713170787729,203,order,benchmark,True,0.0,0.0,,,mock,0.0,,1783610713170785601,InstrumentType.Spot,11800374963033146207,OrderType.Limit,Direction.Long,65000.74,213217344,Side.Sell,,OrderStatus.Submitted,65000.74,1653898000,BTC-USDT,TimeCondition.GTC,1783610713170785601,0.001,0.001,0.0
4194834854,2837957847,1783610713171089111,1783610713171091254,203,order,benchmark,True,0.0,0.0,,,mock,0.0,,1783610713171089111,InstrumentType.Spot,11800374963033146208,OrderType.Limit,Direction.Long,65000.55,213219120,Side.Buy,,OrderStatus.Submitted,65000.55,1653898000,BTC-USDT,TimeCondition.GTC,1783610713171089111,0.001,0.001,0.0
4194834854,2837957847,1783610713171382986,1783610713171385146,203,order,benchmark,True,0.0,0.0,,,mock,0.0,,1783610713171382986,InstrumentType.Spot,11800374963033146209,OrderType.Limit,Direction.Long,65000.76,213220112,Side.Sell,,OrderStatus.Submitted,65000.76,1653898000,BTC-USDT,TimeCondition.GTC,1783610713171382986,0.001,0.001,0.0
4194834854,2837957847,1783610713171684492,1783610713171686678,203,order,benchmark,True,0.0,0.0,,,mock,0.0,,1783610713171684492,InstrumentType.Spot,11800374963033146210,OrderType.Limit,Direction.Long,65000.57,213401968,Side.Buy,,OrderStatus.Submitted,65000.57,1653898000,BTC-USDT,TimeCondition.GTC,1783610713171684492,0.001,0.001,0.0
4194834854,2837957847,1783610713171984627,1783610713171986774,203,order,benchmark,True,0.0,0.0,,,mock,0.0,,1783610713171984627,InstrumentType.Spot,11800374963033146211,OrderType.Limit,Direction.Long,65000.78,213403744,Side.Sell,,OrderStatus.Submitted,65000.78,1653898000,BTC-USDT,TimeCondition.GTC,1783610713171984627,0.001,0.001,0.0
4194834854,2837957847,1783610713172507345,1783610713172511334,203,order,benchmark,True,0.0,0.0,,,mock,0.0,,1783610713172507345,InstrumentType.Spot,11800374963033146212,OrderType.Limit,Direction.Long,65000.590000000004,213405520,Side.Buy,,OrderStatus.Submitted,65000.590000000004,1653898000,BTC-USDT,TimeCondition.GTC,1783610713172507345,0.001,0.001,0.0
4194834854,2837957847,1783610713172846139,1783610713172848379,203,order,benchmark,True,0.0,0.0,,,mock,0.0,,1783610713172846139,InstrumentType.Spot,11800374963033146213,OrderType.Limit,Direction.Long,65000.799999999996,213407296,Side.Sell,,OrderStatus.Submitted,65000.799999999996,1653898000,BTC-USDT,TimeCondition.GTC,1783610713172846139,0.001,0.001,0.0
4194834854,2837957847,1783610713172861743,1783610713172863263,203,order,benchmark,True,0.0,0.0,,,mock,0.0,,1783610713172861743,InstrumentType.Spot,11800374963033146214,OrderType.Limit,Direction.Long,65000.61,213409040,Side.Buy,,OrderStatus.Submitted,65000.61,1653898000,BTC-USDT,TimeCondition.GTC,1783610713172861743,0.001,0.001,0.0
4194834854,2837957847,1783610713173329084,1783610713173349747,203,order,benchmark,True,0.0,0.0,,,mock,0.0,,1783610713173329084,InstrumentType.Spot,11800374963033146215,OrderType.Limit,Direction.Long,65000.82,213410848,Side.Sell,,OrderStatus.Submitted,65000.82,1653898000,BTC-USDT,TimeCondition.GTC,1783610713173329084,0.001,0.001,0.0
4194834854,2837957847,1783610713173590300,1783610713173593211,203,order,benchmark,True,0.0,0.0,,,mock,0.0,,1783610713173590300,InstrumentType.Spot,11800374963033146216,OrderType.Limit,Direction.Long,65000.630000000005,213412624,Side.Buy,,OrderStatus.Submitted,65000.630000000005,1653898000,BTC-USDT,TimeCondition.GTC,1783610713173590300,0.001,0.001,0.0
4194834854,2837957847,1783610713173759286,1783610713173761394,203,order,benchmark,True,0.0,0.0,,,mock,0.0,,1783610713173759286,InstrumentType.Spot,11800374963033146217,OrderType.Limit,Direction.Long,65000.84,213414400,Side.Sell,,OrderStatus.Submitted,65000.84,1653898000,BTC-USDT,TimeCondition.GTC,1783610713173759286,0.001,0.001,0.0
4194834854,2837957847,1783610713174104126,1783610713174106427,203,order,benchmark,True,0.0,0.0,,,mock,0.0,,1783610713174104126,InstrumentType.Spot,11800374963033146218,OrderType.Limit,Direction.Long,65000.65,213416176,Side.Buy,,OrderStatus.Submitted,65000.65,1653898000,BTC-USDT,TimeCondition.GTC,1783610713174104126,0.001,0.001,0.0
4194834854,2837957847,1783610713174381771,1783610713174383851,203,order,benchmark,True,0.0,0.0,,,mock,0.0,,1783610713174381771,InstrumentType.Spot,11800374963033146219,OrderType.Limit,Direction.Long,65000.86,213417952,Side.Sell,,OrderStatus.Submitted,65000.86,1653898000,BTC-USDT,TimeCondition.GTC,1783610713174381771,0.001,0.001,0.0
4194834854,2837957847,1783610713174683600,1783610713174685764,203,order,benchmark,True,0.0,0.0,,,mock,0.0,,1783610713174683600,InstrumentType.Spot,11800374963033146220,OrderType.Limit,Direction.Long,65000.67,213419728,Side.Buy,,OrderStatus.Submitted,65000.67,1653898000,BTC-USDT,TimeCondition.GTC,1783610713174683600,0.001,0.001,0.0
4194834854,2837957847,1783610713174988041,1783610713174990274,203,order,benchmark,True,0.0,0.0,,,mock,0.0,,1783610713174988041,InstrumentType.Spot,11800374963033146221,OrderType.Limit,Direction.Long,65000.88,213421504,Side.Sell,,OrderStatus.Submitted,65000.88,1653898000,BTC-USDT,TimeCondition.GTC,1783610713174988041,0.001,0.001,0.0
4194834854,2837957847,1783610713175302326,1783610713175304778,203,order,benchmark,True,0.0,0.0,,,mock,0.0,,1783610713175302326,InstrumentType.Spot,11800374963033146222,OrderType.Limit,Direction.Long,65000.69,213423280,Side.Buy,,OrderStatus.Submitted,65000.69,1653898000,BTC-USDT,TimeCondition.GTC,1783610713175302326,0.001,0.001,0.0
4194834854,2837957847,1783610713175738033,1783610713175742738,203,order,benchmark,True,0.0,0.0,,,mock,0.0,,1783610713175738033,InstrumentType.Spot,11800374963033146223,OrderType.Limit,Direction.Long,65000.9,213425056,Side.Sell,,OrderStatus.Submitted,65000.9,1653898000,BTC-USDT,TimeCondition.GTC,1783610713175738033,0.001,0.001,0.0
4194834854,2837957847,1783610713175964092,1783610713175966375,203,order,benchmark,True,0.0,0.0,,,mock,0.0,,1783610713175964092,InstrumentType.Spot,11800374963033146224,OrderType.Limit,Direction.Long,65000.71,213426832,Side.Buy,,OrderStatus.Submitted,65000.71,1653898000,BTC-USDT,TimeCondition.GTC,1783610713175964092,0.001,0.001,0.0
4194834854,2837957847,1783610713176342965,1783610713176346066,203,order,benchmark,True,0.0,0.0,,,mock,0.0,,1783610713176342965,InstrumentType.Spot,11800374963033146225,OrderType.Limit,Direction.Long,65000.92,213428608,Side.Sell,,OrderStatus.Submitted,65000.92,1653898000,BTC-USDT,TimeCondition.GTC,1783610713176342965,0.001,0.001,0.0
4194834854,2837957847,1783610713176804910,1783610713176809962,203,order,benchmark,True,0.0,0.0,,,mock,0.0,,1783610713176804910,InstrumentType.Spot,11800374963033146226,OrderType.Limit,Direction.Long,65000.73,213430384,Side.Buy,,OrderStatus.Submitted,65000.73,1653898000,BTC-USDT,TimeCondition.GTC,1783610713176804910,0.001,0.001,0.0
4194834854,2837957847,1783610713176838748,1783610713176841606,203,order,benchmark,True,0.0,0.0,,,mock,0.0,,1783610713176838748,InstrumentType.Spot,11800374963033146227,OrderType.Limit,Direction.Long,65000.939999999995,213432128,Side.Sell,,OrderStatus.Submitted,65000.939999999995,1653898000,BTC-USDT,TimeCondition.GTC,1783610713176838748,0.001,0.001,0.0
4194834854,2837957847,1783610713177124558,1783610713177129343,203,order,benchmark,True,0.0,0.0,,,mock,0.0,,1783610713177124558,InstrumentType.Spot,11800374963033146228,OrderType.Limit,Direction.Long,65000.75,213433936,Side.Buy,,OrderStatus.Submitted,65000.75,1653898000,BTC-USDT,TimeCondition.GTC,1783610713177124558,0.001,0.001,0.0
4194834854,2837957847,1783610713177362641,1783610713177387405,203,order,benchmark,True,0.0,0.0,,,mock,0.0,,1783610713177362641,InstrumentType.Spot,11800374963033146229,OrderType.Limit,Direction.Long,65000.96,213435712,Side.Sell,,OrderStatus.Submitted,65000.96,1653898000,BTC-USDT,TimeCondition.GTC,1783610713177362641,0.001,0.001,0.0
4194834854,2837957847,1783610713177653854,1783610713177659520,203,order,benchmark,True,0.0,0.0,,,mock,0.0,,1783610713177653854,InstrumentType.Spot,11800374963033146230,OrderType.Limit,Direction.Long,65000.770000000004,213437488,Side.Buy,,OrderStatus.Submitted,65000.770000000004,1653898000,BTC-USDT,TimeCondition.GTC,1783610713177653854,0.001,0.001,0.0
4194834854,2837957847,1783610713178244049,1783610713178248536,203,order,benchmark,True,0.0,0.0,,,mock,0.0,,1783610713178244049,InstrumentType.Spot,11800374963033146231,OrderType.Limit,Direction.Long,65000.979999999996,213439264,Side.Sell,,OrderStatus.Submitted,65000.979999999996,1653898000,BTC-USDT,TimeCondition.GTC,1783610713178244049,0.001,0.001,0.0
4194834854,2837957847,1783610713178267740,1783610713178269273,203,order,benchmark,True,0.0,0.0,,,mock,0.0,,1783610713178267740,InstrumentType.Spot,11800374963033146232,OrderType.Limit,Direction.Long,65000.79,213441008,Side.Buy,,OrderStatus.Submitted,65000.79,1653898000,BTC-USDT,TimeCondition.GTC,1783610713178267740,0.001,0.001,0.0
4194834854,2837957847,1783610713178587894,1783610713178590030,203,order,benchmark,True,0.0,0.0,,,mock,0.0,,1783610713178587894,InstrumentType.Spot,11800374963033146233,OrderType.Limit,Direction.Long,65001.0,213442816,Side.Sell,,OrderStatus.Submitted,65001.0,1653898000,BTC-USDT,TimeCondition.GTC,1783610713178587894,0.001,0.001,0.0
4194834854,2837957847,1783610713178885639,1783610713178887616,203,order,benchmark,True,0.0,0.0,,,mock,0.0,,1783610713178885639,InstrumentType.Spot,11800374963033146234,OrderType.Limit,Direction.Long,65000.810000000005,213444592,Side.Buy,,OrderStatus.Submitted,65000.810000000005,1653898000,BTC-USDT,TimeCondition.GTC,1783610713178885639,0.001,0.001,0.0
4194834854,2837957847,1783610713179187779,1783610713179189838,203,order,benchmark,True,0.0,0.0,,,mock,0.0,,1783610713179187779,InstrumentType.Spot,11800374963033146235,OrderType.Limit,Direction.Long,65001.02,213446368,Side.Sell,,OrderStatus.Submitted,65001.02,1653898000,BTC-USDT,TimeCondition.GTC,1783610713179187779,0.001,0.001,0.0
4194834854,2837957847,1783610713179493245,1783610713179495337,203,order,benchmark,True,0.0,0.0,,,mock,0.0,,1783610713179493245,InstrumentType.Spot,11800374963033146236,OrderType.Limit,Direction.Long,65000.83,213448144,Side.Buy,,OrderStatus.Submitted,65000.83,1653898000,BTC-USDT,TimeCondition.GTC,1783610713179493245,0.001,0.001,0.0
4194834854,2837957847,1783610713179787992,1783610713179790093,203,order,benchmark,True,0.0,0.0,,,mock,0.0,,1783610713179787992,InstrumentType.Spot,11800374963033146237,OrderType.Limit,Direction.Long,65001.04,213449920,Side.Sell,,OrderStatus.Submitted,65001.04,1653898000,BTC-USDT,TimeCondition.GTC,1783610713179787992,0.001,0.001,0.0
4194834854,2837957847,1783610713180236784,1783610713180240115,203,order,benchmark,True,0.0,0.0,,,mock,0.0,,1783610713180236784,InstrumentType.Spot,11800374963033146238,OrderType.Limit,Direction.Long,65000.85,213451696,Side.Buy,,OrderStatus.Submitted,65000.85,1653898000,BTC-USDT,TimeCondition.GTC,1783610713180236784,0.001,0.001,0.0
4194834854,2837957847,1783610713180466999,1783610713180469939,203,order,benchmark,True,0.0,0.0,,,mock,0.0,,1783610713180466999,InstrumentType.Spot,11800374963033146239,OrderType.Limit,Direction.Long,65001.06,213453472,Side.Sell,,OrderStatus.Submitted,65001.06,1653898000,BTC-USDT,TimeCondition.GTC,1783610713180466999,0.001,0.001,0.0
4194834854,2837957847,1783610713180619450,1783610713180622452,203,order,benchmark,True,0.0,0.0,,,mock,0.0,,1783610713180619450,InstrumentType.Spot,11800374963033146240,OrderType.Limit,Direction.Long,65000.87,213455248,Side.Buy,,OrderStatus.Submitted,65000.87,1653898000,BTC-USDT,TimeCondition.GTC,1783610713180619450,0.001,0.001,0.0
4194834854,2837957847,1783610713181016604,1783610713181020140,203,order,benchmark,True,0.0,0.0,,,mock,0.0,,1783610713181016604,InstrumentType.Spot,11800374963033146241,OrderType.Limit,Direction.Long,65001.08,213457024,Side.Sell,,OrderStatus.Submitted,65001.08,1653898000,BTC-USDT,TimeCondition.GTC,1783610713181016604,0.001,0.001,0.0
4194834854,2837957847,1783610713181211581,1783610713181226882,203,order,benchmark,True,0.0,0.0,,,mock,0.0,,1783610713181211581,InstrumentType.Spot,11800374963033146242,OrderType.Limit,Direction.Long,65000.89,213458800,Side.Buy,,OrderStatus.Submitted,65000.89,1653898000,BTC-USDT,TimeCondition.GTC,1783610713181211581,0.001,0.001,0.0
4194834854,2837957847,1783610713181588208,1783610713181590412,203,order,benchmark,True,0.0,0.0,,,mock,0.0,,1783610713181588208,InstrumentType.Spot,11800374963033146243,OrderType.Limit,Direction.Long,65000.1,213460576,Side.Sell,,OrderStatus.Submitted,65000.1,1653898000,BTC-USDT,TimeCondition.GTC,1783610713181588208,0.001,0.001,0.0
4194834854,2837957847,1783610713181884770,1783610713181886728,203,order,benchmark,True,0.0,0.0,,,mock,0.0,,1783610713181884770,InstrumentType.Spot,11800374963033146244,OrderType.Limit,Direction.Long,64999.91,213462352,Side.Buy,,OrderStatus.Submitted,64999.91,1653898000,BTC-USDT,TimeCondition.GTC,1783610713181884770,0.001,0.001,0.0
4194834854,2837957847,1783610713182185197,1783610713182187287,203,order,benchmark,True,0.0,0.0,,,mock,0.0,,1783610713182185197,InstrumentType.Spot,11800374963033146245,OrderType.Limit,Direction.Long,65000.119999999995,213464128,Side.Sell,,OrderStatus.Submitted,65000.119999999995,1653898000,BTC-USDT,TimeCondition.GTC,1783610713182185197,0.001,0.001,0.0
4194834854,2837957847,1783610713182485934,1783610713182487945,203,order,benchmark,True,0.0,0.0,,,mock,0.0,,1783610713182485934,InstrumentType.Spot,11800374963033146246,OrderType.Limit,Direction.Long,64999.93,213465904,Side.Buy,,OrderStatus.Submitted,64999.93,1653898000,BTC-USDT,TimeCondition.GTC,1783610713182485934,0.001,0.001,0.0
4194834854,2837957847,1783610713182783861,1783610713182785842,203,order,benchmark,True,0.0,0.0,,,mock,0.0,,1783610713182783861,InstrumentType.Spot,11800374963033146247,OrderType.Limit,Direction.Long,65000.14,213467680,Side.Sell,,OrderStatus.Submitted,65000.14,1653898000,BTC-USDT,TimeCondition.GTC,1783610713182783861,0.001,0.001,0.0
4194834854,2837957847,1783610713183098546,1783610713183100741,203,order,benchmark,True,0.0,0.0,,,mock,0.0,,1783610713183098546,InstrumentType.Spot,11800374963033146248,OrderType.Limit,Direction.Long,64999.950000000004,213469456,Side.Buy,,OrderStatus.Submitted,64999.950000000004,1653898000,BTC-USDT,TimeCondition.GTC,1783610713183098546,0.001,0.001,0.0
4194834854,2837957847,1783610713183590294,1783610713183593762,203,order,benchmark,True,0.0,0.0,,,mock,0.0,,1783610713183590294,InstrumentType.Spot,11800374963033146249,OrderType.Limit,Direction.Long,65000.159999999996,213471232,Side.Sell,,OrderStatus.Submitted,65000.159999999996,1653898000,BTC-USDT,TimeCondition.GTC,1783610713183590294,0.001,0.001,0.0
4194834854,2837957847,1783610713183854294,1783610713183857181,203,order,benchmark,True,0.0,0.0,,,mock,0.0,,1783610713183854294,InstrumentType.Spot,11800374963033146250,OrderType.Limit,Direction.Long,64999.97,213473008,Side.Buy,,OrderStatus.Submitted,64999.97,1653898000,BTC-USDT,TimeCondition.GTC,1783610713183854294,0.001,0.001,0.0
4194834854,2837957847,1783610713183990849,1783610713183992885,203,order,benchmark,True,0.0,0.0,,,mock,0.0,,1783610713183990849,InstrumentType.Spot,11800374963033146251,OrderType.Limit,Direction.Long,65000.18,213474784,Side.Sell,,OrderStatus.Submitted,65000.18,1653898000,BTC-USDT,TimeCondition.GTC,1783610713183990849,0.001,0.001,0.0
4194834854,2837957847,1783610713184288004,1783610713184290151,203,order,benchmark,True,0.0,0.0,,,mock,0.0,,1783610713184288004,InstrumentType.Spot,11800374963033146252,OrderType.Limit,Direction.Long,64999.99,213476560,Side.Buy,,OrderStatus.Submitted,64999.99,1653898000,BTC-USDT,TimeCondition.GTC,1783610713184288004,0.001,0.001,0.0
4194834854,2837957847,1783610713184585333,1783610713184587494,203,order,benchmark,True,0.0,0.0,,,mock,0.0,,1783610713184585333,InstrumentType.Spot,11800374963033146253,OrderType.Limit,Direction.Long,65000.2,213478336,Side.Sell,,OrderStatus.Submitted,65000.2,1653898000,BTC-USDT,TimeCondition.GTC,1783610713184585333,0.001,0.001,0.0
4194834854,2837957847,1783610713184881039,1783610713184883122,203,order,benchmark,True,0.0,0.0,,,mock,0.0,,1783610713184881039,InstrumentType.Spot,11800374963033146254,OrderType.Limit,Direction.Long,65000.01,213480112,Side.Buy,,OrderStatus.Submitted,65000.01,1653898000,BTC-USDT,TimeCondition.GTC,1783610713184881039,0.001,0.001,0.0
4194834854,2837957847,1783610713185186628,1783610713185198331,203,order,benchmark,True,0.0,0.0,,,mock,0.0,,1783610713185186628,InstrumentType.Spot,11800374963033146255,OrderType.Limit,Direction.Long,65000.22,213481888,Side.Sell,,OrderStatus.Submitted,65000.22,1653898000,BTC-USDT,TimeCondition.GTC,1783610713185186628,0.001,0.001,0.0
4194834854,2837957847,1783610713185603319,1783610713185605694,203,order,benchmark,True,0.0,0.0,,,mock,0.0,,1783610713185603319,InstrumentType.Spot,11800374963033146256,OrderType.Limit,Direction.Long,65000.03,213483664,Side.Buy,,OrderStatus.Submitted,65000.03,1653898000,BTC-USDT,TimeCondition.GTC,1783610713185603319,0.001,0.001,0.0
4194834854,2837957847,1783610713185835296,1783610713185837476,203,order,benchmark,True,0.0,0.0,,,mock,0.0,,1783610713185835296,InstrumentType.Spot,11800374963033146257,OrderType.Limit,Direction.Long,65000.24,213485440,Side.Sell,,OrderStatus.Submitted,65000.24,1653898000,BTC-USDT,TimeCondition.GTC,1783610713185835296,0.001,0.001,0.0
4194834854,2837957847,1783610713186083646,1783610713186085950,203,order,benchmark,True,0.0,0.0,,,mock,0.0,,1783610713186083646,InstrumentType.Spot,11800374963033146258,OrderType.Limit,Direction.Long,65000.05,213487216,Side.Buy,,OrderStatus.Submitted,65000.05,1653898000,BTC-USDT,TimeCondition.GTC,1783610713186083646,0.001,0.001,0.0
4194834854,2837957847,1783610713186388662,1783610713186390707,203,order,benchmark,True,0.0,0.0,,,mock,0.0,,1783610713186388662,InstrumentType.Spot,11800374963033146259,OrderType.Limit,Direction.Long,65000.26,213488992,Side.Sell,,OrderStatus.Submitted,65000.26,1653898000,BTC-USDT,TimeCondition.GTC,1783610713186388662,0.001,0.001,0.0
4194834854,2837957847,1783610713186880616,1783610713186883761,203,order,benchmark,True,0.0,0.0,,,mock,0.0,,1783610713186880616,InstrumentType.Spot,11800374963033146260,OrderType.Limit,Direction.Long,65000.07,213490768,Side.Buy,,OrderStatus.Submitted,65000.07,1653898000,BTC-USDT,TimeCondition.GTC,1783610713186880616,0.001,0.001,0.0
4194834854,2837957847,1783610713187011497,1783610713187013962,203,order,benchmark,True,0.0,0.0,,,mock,0.0,,1783610713187011497,InstrumentType.Spot,11800374963033146261,OrderType.Limit,Direction.Long,65000.28,213492544,Side.Sell,,OrderStatus.Submitted,65000.28,1653898000,BTC-USDT,TimeCondition.GTC,1783610713187011497,0.001,0.001,0.0
4194834854,2837957847,1783610713187284255,1783610713187286223,203,order,benchmark,True,0.0,0.0,,,mock,0.0,,1783610713187284255,InstrumentType.Spot,11800374963033146262,OrderType.Limit,Direction.Long,65000.090000000004,213494320,Side.Buy,,OrderStatus.Submitted,65000.090000000004,1653898000,BTC-USDT,TimeCondition.GTC,1783610713187284255,0.001,0.001,0.0
4194834854,2837957847,1783610713187584364,1783610713187586425,203,order,benchmark,True,0.0,0.0,,,mock,0.0,,1783610713187584364,InstrumentType.Spot,11800374963033146263,OrderType.Limit,Direction.Long,65000.299999999996,213496096,Side.Sell,,OrderStatus.Submitted,65000.299999999996,1653898000,BTC-USDT,TimeCondition.GTC,1783610713187584364,0.001,0.001,0.0
4194834854,2837957847,1783610713187883681,1783610713187885714,203,order,benchmark,True,0.0,0.0,,,mock,0.0,,1783610713187883681,InstrumentType.Spot,11800374963033146264,OrderType.Limit,Direction.Long,65000.11,213497872,Side.Buy,,OrderStatus.Submitted,65000.11,1653898000,BTC-USDT,TimeCondition.GTC,1783610713187883681,0.001,0.001,0.0
4194834854,2837957847,1783610713188185275,1783610713188187344,203,order,benchmark,True,0.0,0.0,,,mock,0.0,,1783610713188185275,InstrumentType.Spot,11800374963033146265,OrderType.Limit,Direction.Long,65000.32,213499648,Side.Sell,,OrderStatus.Submitted,65000.32,1653898000,BTC-USDT,TimeCondition.GTC,1783610713188185275,0.001,0.001,0.0
4194834854,2837957847,1783610713188486146,1783610713188488246,203,order,benchmark,True,0.0,0.0,,,mock,0.0,,1783610713188486146,InstrumentType.Spot,11800374963033146266,OrderType.Limit,Direction.Long,65000.130000000005,213501424,Side.Buy,,OrderStatus.Submitted,65000.130000000005,1653898000,BTC-USDT,TimeCondition.GTC,1783610713188486146,0.001,0.001,0.0
4194834854,2837957847,1783610713189030346,1783610713189032996,203,order,benchmark,True,0.0,0.0,,,mock,0.0,,1783610713189030346,InstrumentType.Spot,11800374963033146267,OrderType.Limit,Direction.Long,65000.34,213503200,Side.Sell,,OrderStatus.Submitted,65000.34,1653898000,BTC-USDT,TimeCondition.GTC,1783610713189030346,0.001,0.001,0.0
4194834854,2837957847,1783610713189049006,1783610713189059940,203,order,benchmark,True,0.0,0.0,,,mock,0.0,,1783610713189049006,InstrumentType.Spot,11800374963033146268,OrderType.Limit,Direction.Long,65000.15,213504944,Side.Buy,,OrderStatus.Submitted,65000.15,1653898000,BTC-USDT,TimeCondition.GTC,1783610713189049006,0.001,0.001,0.0
4194834854,2837957847,1783610713189495186,1783610713189501506,203,order,benchmark,True,0.0,0.0,,,mock,0.0,,1783610713189495186,InstrumentType.Spot,11800374963033146269,OrderType.Limit,Direction.Long,65000.36,213506752,Side.Sell,,OrderStatus.Submitted,65000.36,1653898000,BTC-USDT,TimeCondition.GTC,1783610713189495186,0.001,0.001,0.0
4194834854,2837957847,1783610713189965475,1783610713189968163,203,order,benchmark,True,0.0,0.0,,,mock,0.0,,1783610713189965475,InstrumentType.Spot,11800374963033146270,OrderType.Limit,Direction.Long,65000.17,213508528,Side.Buy,,OrderStatus.Submitted,65000.17,1653898000,BTC-USDT,TimeCondition.GTC,1783610713189965475,0.001,0.001,0.0
4194834854,2837957847,1783610713189986928,1783610713189988419,203,order,benchmark,True,0.0,0.0,,,mock,0.0,,1783610713189986928,InstrumentType.Spot,11800374963033146271,OrderType.Limit,Direction.Long,65000.38,213510272,Side.Sell,,OrderStatus.Submitted,65000.38,1653898000,BTC-USDT,TimeCondition.GTC,1783610713189986928,0.001,0.001,0.0
4194834854,2837957847,1783610713190235675,1783610713190237876,203,order,benchmark,True,0.0,0.0,,,mock,0.0,,1783610713190235675,InstrumentType.Spot,11800374963033146272,OrderType.Limit,Direction.Long,65000.19,213512080,Side.Buy,,OrderStatus.Submitted,65000.19,1653898000,BTC-USDT,TimeCondition.GTC,1783610713190235675,0.001,0.001,0.0
4194834854,2837957847,1783610713190733055,1783610713190736098,203,order,benchmark,True,0.0,0.0,,,mock,0.0,,1783610713190733055,InstrumentType.Spot,11800374963033146273,OrderType.Limit,Direction.Long,65000.4,213513856,Side.Sell,,OrderStatus.Submitted,65000.4,1653898000,BTC-USDT,TimeCondition.GTC,1783610713190733055,0.001,0.001,0.0
4194834854,2837957847,1783610713190945429,1783610713190947433,203,order,benchmark,True,0.0,0.0,,,mock,0.0,,1783610713190945429,InstrumentType.Spot,11800374963033146274,OrderType.Limit,Direction.Long,65000.21,213515632,Side.Buy,,OrderStatus.Submitted,65000.21,1653898000,BTC-USDT,TimeCondition.GTC,1783610713190945429,0.001,0.001,0.0
4194834854,2837957847,1783610713191108502,1783610713191111209,203,order,benchmark,True,0.0,0.0,,,mock,0.0,,1783610713191108502,InstrumentType.Spot,11800374963033146275,OrderType.Limit,Direction.Long,65000.42,213517408,Side.Sell,,OrderStatus.Submitted,65000.42,1653898000,BTC-USDT,TimeCondition.GTC,1783610713191108502,0.001,0.001,0.0
4194834854,2837957847,1783610713191490544,1783610713191492652,203,order,benchmark,True,0.0,0.0,,,mock,0.0,,1783610713191490544,InstrumentType.Spot,11800374963033146276,OrderType.Limit,Direction.Long,65000.23,213519184,Side.Buy,,OrderStatus.Submitted,65000.23,1653898000,BTC-USDT,TimeCondition.GTC,1783610713191490544,0.001,0.001,0.0
4194834854,2837957847,1783610713191786614,1783610713191788627,203,order,benchmark,True,0.0,0.0,,,mock,0.0,,1783610713191786614,InstrumentType.Spot,11800374963033146277,OrderType.Limit,Direction.Long,65000.439999999995,213520960,Side.Sell,,OrderStatus.Submitted,65000.439999999995,1653898000,BTC-USDT,TimeCondition.GTC,1783610713191786614,0.001,0.001,0.0
4194834854,2837957847,1783610713192098328,1783610713192100425,203,order,benchmark,True,0.0,0.0,,,mock,0.0,,1783610713192098328,InstrumentType.Spot,11800374963033146278,OrderType.Limit,Direction.Long,65000.25,213522736,Side.Buy,,OrderStatus.Submitted,65000.25,1653898000,BTC-USDT,TimeCondition.GTC,1783610713192098328,0.001,0.001,0.0
4194834854,2837957847,1783610713192398928,1783610713192401116,203,order,benchmark,True,0.0,0.0,,,mock,0.0,,1783610713192398928,InstrumentType.Spot,11800374963033146279,OrderType.Limit,Direction.Long,65000.46,213524512,Side.Sell,,OrderStatus.Submitted,65000.46,1653898000,BTC-USDT,TimeCondition.GTC,1783610713192398928,0.001,0.001,0.0
4194834854,2837957847,1783610713192683232,1783610713192685208,203,order,benchmark,True,0.0,0.0,,,mock,0.0,,1783610713192683232,InstrumentType.Spot,11800374963033146280,OrderType.Limit,Direction.Long,65000.270000000004,213526288,Side.Buy,,OrderStatus.Submitted,65000.270000000004,1653898000,BTC-USDT,TimeCondition.GTC,1783610713192683232,0.001,0.001,0.0
4194834854,2837957847,1783610713192979590,1783610713192990593,203,order,benchmark,True,0.0,0.0,,,mock,0.0,,1783610713192979590,InstrumentType.Spot,11800374963033146281,OrderType.Limit,Direction.Long,65000.479999999996,213528064,Side.Sell,,OrderStatus.Submitted,65000.479999999996,1653898000,BTC-USDT,TimeCondition.GTC,1783610713192979590,0.001,0.001,0.0
4194834854,2837957847,1783610713193285065,1783610713193287120,203,order,benchmark,True,0.0,0.0,,,mock,0.0,,1783610713193285065,InstrumentType.Spot,11800374963033146282,OrderType.Limit,Direction.Long,65000.29,213529840,Side.Buy,,OrderStatus.Submitted,65000.29,1653898000,BTC-USDT,TimeCondition.GTC,1783610713193285065,0.001,0.001,0.0
4194834854,2837957847,1783610713193584278,1783610713193586486,203,order,benchmark,True,0.0,0.0,,,mock,0.0,,1783610713193584278,InstrumentType.Spot,11800374963033146283,OrderType.Limit,Direction.Long,65000.5,213531616,Side.Sell,,OrderStatus.Submitted,65000.5,1653898000,BTC-USDT,TimeCondition.GTC,1783610713193584278,0.001,0.001,0.0
4194834854,2837957847,1783610713193884301,1783610713193886363,203,order,benchmark,True,0.0,0.0,,,mock,0.0,,1783610713193884301,InstrumentType.Spot,11800374963033146284,OrderType.Limit,Direction.Long,65000.310000000005,213533392,Side.Buy,,OrderStatus.Submitted,65000.310000000005,1653898000,BTC-USDT,TimeCondition.GTC,1783610713193884301,0.001,0.001,0.0
4194834854,2837957847,1783610713194301257,1783610713194304222,203,order,benchmark,True,0.0,0.0,,,mock,0.0,,1783610713194301257,InstrumentType.Spot,11800374963033146285,OrderType.Limit,Direction.Long,65000.52,213535168,Side.Sell,,OrderStatus.Submitted,65000.52,1653898000,BTC-USDT,TimeCondition.GTC,1783610713194301257,0.001,0.001,0.0
4194834854,2837957847,1783610713194526336,1783610713194528534,203,order,benchmark,True,0.0,0.0,,,mock,0.0,,1783610713194526336,InstrumentType.Spot,11800374963033146286,OrderType.Limit,Direction.Long,65000.33,213536944,Side.Buy,,OrderStatus.Submitted,65000.33,1653898000,BTC-USDT,TimeCondition.GTC,1783610713194526336,0.001,0.001,0.0
4194834854,2837957847,1783610713194946411,1783610713194950533,203,order,benchmark,True,0.0,0.0,,,mock,0.0,,1783610713194946411,InstrumentType.Spot,11800374963033146287,OrderType.Limit,Direction.Long,65000.54,213538720,Side.Sell,,OrderStatus.Submitted,65000.54,1653898000,BTC-USDT,TimeCondition.GTC,1783610713194946411,0.001,0.001,0.0
4194834854,2837957847,1783610713195437869,1783610713195444193,203,order,benchmark,True,0.0,0.0,,,mock,0.0,,1783610713195437869,InstrumentType.Spot,11800374963033146288,OrderType.Limit,Direction.Long,65000.35,213540496,Side.Buy,,OrderStatus.Submitted,65000.35,1653898000,BTC-USDT,TimeCondition.GTC,1783610713195437869,0.001,0.001,0.0
4194834854,2837957847,1783610713195469218,1783610713195470862,203,order,benchmark,True,0.0,0.0,,,mock,0.0,,1783610713195469218,InstrumentType.Spot,11800374963033146289,OrderType.Limit,Direction.Long,65000.56,213542240,Side.Sell,,OrderStatus.Submitted,65000.56,1653898000,BTC-USDT,TimeCondition.GTC,1783610713195469218,0.001,0.001,0.0
4194834854,2837957847,1783610713195874714,1783610713195879185,203,order,benchmark,True,0.0,0.0,,,mock,0.0,,1783610713195874714,InstrumentType.Spot,11800374963033146290,OrderType.Limit,Direction.Long,65000.37,213544048,Side.Buy,,OrderStatus.Submitted,65000.37,1653898000,BTC-USDT,TimeCondition.GTC,1783610713195874714,0.001,0.001,0.0
4194834854,2837957847,1783610713195974667,1783610713195977242,203,order,benchmark,True,0.0,0.0,,,mock,0.0,,1783610713195974667,InstrumentType.Spot,11800374963033146291,OrderType.Limit,Direction.Long,65000.58,213545824,Side.Sell,,OrderStatus.Submitted,65000.58,1653898000,BTC-USDT,TimeCondition.GTC,1783610713195974667,0.001,0.001,0.0
4194834854,2837957847,1783610713196298637,1783610713196302149,203,order,benchmark,True,0.0,0.0,,,mock,0.0,,1783610713196298637,InstrumentType.Spot,11800374963033146292,OrderType.Limit,Direction.Long,65000.39,213547600,Side.Buy,,OrderStatus.Submitted,65000.39,1653898000,BTC-USDT,TimeCondition.GTC,1783610713196298637,0.001,0.001,0.0
4194834854,2837957847,1783610713196608690,1783610713196610888,203,order,benchmark,True,0.0,0.0,,,mock,0.0,,1783610713196608690,InstrumentType.Spot,11800374963033146293,OrderType.Limit,Direction.Long,65000.6,213549376,Side.Sell,,OrderStatus.Submitted,65000.6,1653898000,BTC-USDT,TimeCondition.GTC,1783610713196608690,0.001,0.001,0.0
4194834854,2837957847,1783610713196893448,1783610713196895557,203,order,benchmark,True,0.0,0.0,,,mock,0.0,,1783610713196893448,InstrumentType.Spot,11800374963033146294,OrderType.Limit,Direction.Long,65000.41,213551152,Side.Buy,,OrderStatus.Submitted,65000.41,1653898000,BTC-USDT,TimeCondition.GTC,1783610713196893448,0.001,0.001,0.0
4194834854,2837957847,1783610713197113443,1783610713197158106,203,order,benchmark,True,0.0,0.0,,,mock,0.0,,1783610713197113443,InstrumentType.Spot,11800374963033146295,OrderType.Limit,Direction.Long,65000.619999999995,213552928,Side.Sell,,OrderStatus.Submitted,65000.619999999995,1653898000,BTC-USDT,TimeCondition.GTC,1783610713197113443,0.001,0.001,0.0
4194834854,2837957847,1783610713197505322,1783610713197507836,203,order,benchmark,True,0.0,0.0,,,mock,0.0,,1783610713197505322,InstrumentType.Spot,11800374963033146296,OrderType.Limit,Direction.Long,65000.43,213554704,Side.Buy,,OrderStatus.Submitted,65000.43,1653898000,BTC-USDT,TimeCondition.GTC,1783610713197505322,0.001,0.001,0.0
4194834854,2837957847,1783610713197713347,1783610713197716641,203,order,benchmark,True,0.0,0.0,,,mock,0.0,,1783610713197713347,InstrumentType.Spot,11800374963033146297,OrderType.Limit,Direction.Long,65000.64,213556480,Side.Sell,,OrderStatus.Submitted,65000.64,1653898000,BTC-USDT,TimeCondition.GTC,1783610713197713347,0.001,0.001,0.0
4194834854,2837957847,1783610713198131505,1783610713198134310,203,order,benchmark,True,0.0,0.0,,,mock,0.0,,1783610713198131505,InstrumentType.Spot,11800374963033146298,OrderType.Limit,Direction.Long,65000.450000000004,213558256,Side.Buy,,OrderStatus.Submitted,65000.450000000004,1653898000,BTC-USDT,TimeCondition.GTC,1783610713198131505,0.001,0.001,0.0
4194834854,2837957847,1783610713198343123,1783610713198346423,203,order,benchmark,True,0.0,0.0,,,mock,0.0,,1783610713198343123,InstrumentType.Spot,11800374963033146299,OrderType.Limit,Direction.Long,65000.659999999996,213560032,Side.Sell,,OrderStatus.Submitted,65000.659999999996,1653898000,BTC-USDT,TimeCondition.GTC,1783610713198343123,0.001,0.001,0.0
4194834854,2837957847,1783610713198703682,1783610713198705899,203,order,benchmark,True,0.0,0.0,,,mock,0.0,,1783610713198703682,InstrumentType.Spot,11800374963033146300,OrderType.Limit,Direction.Long,65000.47,213561808,Side.Buy,,OrderStatus.Submitted,65000.47,1653898000,BTC-USDT,TimeCondition.GTC,1783610713198703682,0.001,0.001,0.0
4194834854,2837957847,1783610713198912971,1783610713198916074,203,order,benchmark,True,0.0,0.0,,,mock,0.0,,1783610713198912971,InstrumentType.Spot,11800374963033146301,OrderType.Limit,Direction.Long,65000.68,213563584,Side.Sell,,OrderStatus.Submitted,65000.68,1653898000,BTC-USDT,TimeCondition.GTC,1783610713198912971,0.001,0.001,0.0
4194834854,2837957847,1783610713199306273,1783610713199308530,203,order,benchmark,True,0.0,0.0,,,mock,0.0,,1783610713199306273,InstrumentType.Spot,11800374963033146302,OrderType.Limit,Direction.Long,65000.49,213565360,Side.Buy,,OrderStatus.Submitted,65000.49,1653898000,BTC-USDT,TimeCondition.GTC,1783610713199306273,0.001,0.001,0.0
4194834854,2837957847,1783610713199595893,1783610713199598154,203,order,benchmark,True,0.0,0.0,,,mock,0.0,,1783610713199595893,InstrumentType.Spot,11800374963033146303,OrderType.Limit,Direction.Long,65000.7,213567136,Side.Sell,,OrderStatus.Submitted,65000.7,1653898000,BTC-USDT,TimeCondition.GTC,1783610713199595893,0.001,0.001,0.0
4194834854,2837957847,1783610713199890121,1783610713199892185,203,order,benchmark,True,0.0,0.0,,,mock,0.0,,1783610713199890121,InstrumentType.Spot,11800374963033146304,OrderType.Limit,Direction.Long,65000.51,213568912,Side.Buy,,OrderStatus.Submitted,65000.51,1653898000,BTC-USDT,TimeCondition.GTC,1783610713199890121,0.001,0.001,0.0
4194834854,2837957847,1783610713200189694,1783610713200191809,203,order,benchmark,True,0.0,0.0,,,mock,0.0,,1783610713200189694,InstrumentType.Spot,11800374963033146305,OrderType.Limit,Direction.Long,65000.72,213570688,Side.Sell,,OrderStatus.Submitted,65000.72,1653898000,BTC-USDT,TimeCondition.GTC,1783610713200189694,0.001,0.001,0.0
4194834854,2837957847,1783610713200489599,1783610713200491636,203,order,benchmark,True,0.0,0.0,,,mock,0.0,,1783610713200489599,InstrumentType.Spot,11800374963033146306,OrderType.Limit,Direction.Long,65000.53,213572464,Side.Buy,,OrderStatus.Submitted,65000.53,1653898000,BTC-USDT,TimeCondition.GTC,1783610713200489599,0.001,0.001,0.0
4194834854,2837957847,1783610713200794223,1783610713200796280,203,order,benchmark,True,0.0,0.0,,,mock,0.0,,1783610713200794223,InstrumentType.Spot,11800374963033146307,OrderType.Limit,Direction.Long,65000.74,213574240,Side.Sell,,OrderStatus.Submitted,65000.74,1653898000,BTC-USDT,TimeCondition.GTC,1783610713200794223,0.001,0.001,0.0
4194834854,2837957847,1783610713201246102,1783610713201258995,203,order,benchmark,True,0.0,0.0,,,mock,0.0,,1783610713201246102,InstrumentType.Spot,11800374963033146308,OrderType.Limit,Direction.Long,65000.55,213576016,Side.Buy,,OrderStatus.Submitted,65000.55,1653898000,BTC-USDT,TimeCondition.GTC,1783610713201246102,0.001,0.001,0.0
4194834854,2837957847,1783610713201429408,1783610713201431598,203,order,benchmark,True,0.0,0.0,,,mock,0.0,,1783610713201429408,InstrumentType.Spot,11800374963033146309,OrderType.Limit,Direction.Long,65000.76,213577792,Side.Sell,,OrderStatus.Submitted,65000.76,1653898000,BTC-USDT,TimeCondition.GTC,1783610713201429408,0.001,0.001,0.0
4194834854,2837957847,1783610713201685001,1783610713201686892,203,order,benchmark,True,0.0,0.0,,,mock,0.0,,1783610713201685001,InstrumentType.Spot,11800374963033146310,OrderType.Limit,Direction.Long,65000.57,213579568,Side.Buy,,OrderStatus.Submitted,65000.57,1653898000,BTC-USDT,TimeCondition.GTC,1783610713201685001,0.001,0.001,0.0
4194834854,2837957847,1783610713201985813,1783610713201987975,203,order,benchmark,True,0.0,0.0,,,mock,0.0,,1783610713201985813,InstrumentType.Spot,11800374963033146311,OrderType.Limit,Direction.Long,65000.78,213581344,Side.Sell,,OrderStatus.Submitted,65000.78,1653898000,BTC-USDT,TimeCondition.GTC,1783610713201985813,0.001,0.001,0.0
4194834854,2837957847,1783610713202282754,1783610713202284782,203,order,benchmark,True,0.0,0.0,,,mock,0.0,,1783610713202282754,InstrumentType.Spot,11800374963033146312,OrderType.Limit,Direction.Long,65000.590000000004,213583120,Side.Buy,,OrderStatus.Submitted,65000.590000000004,1653898000,BTC-USDT,TimeCondition.GTC,1783610713202282754,0.001,0.001,0.0
4194834854,2837957847,1783610713202584366,1783610713202586430,203,order,benchmark,True,0.0,0.0,,,mock,0.0,,1783610713202584366,InstrumentType.Spot,11800374963033146313,OrderType.Limit,Direction.Long,65000.799999999996,213584896,Side.Sell,,OrderStatus.Submitted,65000.799999999996,1653898000,BTC-USDT,TimeCondition.GTC,1783610713202584366,0.001,0.001,0.0
4194834854,2837957847,1783610713202882261,1783610713202884313,203,order,benchmark,True,0.0,0.0,,,mock,0.0,,1783610713202882261,InstrumentType.Spot,11800374963033146314,OrderType.Limit,Direction.Long,65000.61,213586672,Side.Buy,,OrderStatus.Submitted,65000.61,1653898000,BTC-USDT,TimeCondition.GTC,1783610713202882261,0.001,0.001,0.0
4194834854,2837957847,1783610713203301431,1783610713203303536,203,order,benchmark,True,0.0,0.0,,,mock,0.0,,1783610713203301431,InstrumentType.Spot,11800374963033146315,OrderType.Limit,Direction.Long,65000.82,213588448,Side.Sell,,OrderStatus.Submitted,65000.82,1653898000,BTC-USDT,TimeCondition.GTC,1783610713203301431,0.001,0.001,0.0
4194834854,2837957847,1783610713203517614,1783610713203519772,203,order,benchmark,True,0.0,0.0,,,mock,0.0,,1783610713203517614,InstrumentType.Spot,11800374963033146316,OrderType.Limit,Direction.Long,65000.630000000005,213590224,Side.Buy,,OrderStatus.Submitted,65000.630000000005,1653898000,BTC-USDT,TimeCondition.GTC,1783610713203517614,0.001,0.001,0.0
4194834854,2837957847,1783610713203792587,1783610713203794752,203,order,benchmark,True,0.0,0.0,,,mock,0.0,,1783610713203792587,InstrumentType.Spot,11800374963033146317,OrderType.Limit,Direction.Long,65000.84,213392192,Side.Sell,,OrderStatus.Submitted,65000.84,1653898000,BTC-USDT,TimeCondition.GTC,1783610713203792587,0.001,0.001,0.0
4194834854,2837957847,1783610713204102536,1783610713204105107,203,order,benchmark,True,0.0,0.0,,,mock,0.0,,1783610713204102536,InstrumentType.Spot,11800374963033146318,OrderType.Limit,Direction.Long,65000.65,213393968,Side.Buy,,OrderStatus.Submitted,65000.65,1653898000,BTC-USDT,TimeCondition.GTC,1783610713204102536,0.001,0.001,0.0
4194834854,2837957847,1783610713204388233,1783610713204391137,203,order,benchmark,True,0.0,0.0,,,mock,0.0,,1783610713204388233,InstrumentType.Spot,11800374963033146319,OrderType.Limit,Direction.Long,65000.86,213395744,Side.Sell,,OrderStatus.Submitted,65000.86,1653898000,BTC-USDT,TimeCondition.GTC,1783610713204388233,0.001,0.001,0.0
4194834854,2837957847,1783610713204829046,1783610713204833397,203,order,benchmark,True,0.0,0.0,,,mock,0.0,,1783610713204829046,InstrumentType.Spot,11800374963033146320,OrderType.Limit,Direction.Long,65000.67,213397520,Side.Buy,,OrderStatus.Submitted,65000.67,1653898000,BTC-USDT,TimeCondition.GTC,1783610713204829046,0.001,0.001,0.0
4194834854,2837957847,1783610713205055501,1783610713205087425,203,order,benchmark,True,0.0,0.0,,,mock,0.0,,1783610713205055501,InstrumentType.Spot,11800374963033146321,OrderType.Limit,Direction.Long,65000.88,213399296,Side.Sell,,OrderStatus.Submitted,65000.88,1653898000,BTC-USDT,TimeCondition.GTC,1783610713205055501,0.001,0.001,0.0
4194834854,2837957847,1783610713205376414,1783610713205381078,203,order,benchmark,True,0.0,0.0,,,mock,0.0,,1783610713205376414,InstrumentType.Spot,11800374963033146322,OrderType.Limit,Direction.Long,65000.69,213601904,Side.Buy,,OrderStatus.Submitted,65000.69,1653898000,BTC-USDT,TimeCondition.GTC,1783610713205376414,0.001,0.001,0.0
4194834854,2837957847,1783610713205620623,1783610713205623473,203,order,benchmark,True,0.0,0.0,,,mock,0.0,,1783610713205620623,InstrumentType.Spot,11800374963033146323,OrderType.Limit,Direction.Long,65000.9,213603680,Side.Sell,,OrderStatus.Submitted,65000.9,1653898000,BTC-USDT,TimeCondition.GTC,1783610713205620623,0.001,0.001,0.0
4194834854,2837957847,1783610713205894631,1783610713205896729,203,order,benchmark,True,0.0,0.0,,,mock,0.0,,1783610713205894631,InstrumentType.Spot,11800374963033146324,OrderType.Limit,Direction.Long,65000.71,213605456,Side.Buy,,OrderStatus.Submitted,65000.71,1653898000,BTC-USDT,TimeCondition.GTC,1783610713205894631,0.001,0.001,0.0
4194834854,2837957847,1783610713206351181,1783610713206354520,203,order,benchmark,True,0.0,0.0,,,mock,0.0,,1783610713206351181,InstrumentType.Spot,11800374963033146325,OrderType.Limit,Direction.Long,65000.92,213607232,Side.Sell,,OrderStatus.Submitted,65000.92,1653898000,BTC-USDT,TimeCondition.GTC,1783610713206351181,0.001,0.001,0.0
4194834854,2837957847,1783610713206712914,1783610713206716067,203,order,benchmark,True,0.0,0.0,,,mock,0.0,,1783610713206712914,InstrumentType.Spot,11800374963033146326,OrderType.Limit,Direction.Long,65000.73,213609008,Side.Buy,,OrderStatus.Submitted,65000.73,1653898000,BTC-USDT,TimeCondition.GTC,1783610713206712914,0.001,0.001,0.0
4194834854,2837957847,1783610713206800263,1783610713206802132,203,order,benchmark,True,0.0,0.0,,,mock,0.0,,1783610713206800263,InstrumentType.Spot,11800374963033146327,OrderType.Limit,Direction.Long,65000.939999999995,213610784,Side.Sell,,OrderStatus.Submitted,65000.939999999995,1653898000,BTC-USDT,TimeCondition.GTC,1783610713206800263,0.001,0.001,0.0
4194834854,2837957847,1783610713207077567,1783610713207079753,203,order,benchmark,True,0.0,0.0,,,mock,0.0,,1783610713207077567,InstrumentType.Spot,11800374963033146328,OrderType.Limit,Direction.Long,65000.75,213612560,Side.Buy,,OrderStatus.Submitted,65000.75,1653898000,BTC-USDT,TimeCondition.GTC,1783610713207077567,0.001,0.001,0.0
4194834854,2837957847,1783610713207507094,1783610713207509259,203,order,benchmark,True,0.0,0.0,,,mock,0.0,,1783610713207507094,InstrumentType.Spot,11800374963033146329,OrderType.Limit,Direction.Long,65000.96,213614336,Side.Sell,,OrderStatus.Submitted,65000.96,1653898000,BTC-USDT,TimeCondition.GTC,1783610713207507094,0.001,0.001,0.0
4194834854,2837957847,1783610713207831582,1783610713207836112,203,order,benchmark,True,0.0,0.0,,,mock,0.0,,1783610713207831582,InstrumentType.Spot,11800374963033146330,OrderType.Limit,Direction.Long,65000.770000000004,213616112,Side.Buy,,OrderStatus.Submitted,65000.770000000004,1653898000,BTC-USDT,TimeCondition.GTC,1783610713207831582,0.001,0.001,0.0
4194834854,2837957847,1783610713208058190,1783610713208060245,203,order,benchmark,True,0.0,0.0,,,mock,0.0,,1783610713208058190,InstrumentType.Spot,11800374963033146331,OrderType.Limit,Direction.Long,65000.979999999996,213617888,Side.Sell,,OrderStatus.Submitted,65000.979999999996,1653898000,BTC-USDT,TimeCondition.GTC,1783610713208058190,0.001,0.001,0.0
4194834854,2837957847,1783610713208304078,1783610713208306437,203,order,benchmark,True,0.0,0.0,,,mock,0.0,,1783610713208304078,InstrumentType.Spot,11800374963033146332,OrderType.Limit,Direction.Long,65000.79,213619664,Side.Buy,,OrderStatus.Submitted,65000.79,1653898000,BTC-USDT,TimeCondition.GTC,1783610713208304078,0.001,0.001,0.0
4194834854,2837957847,1783610713208798132,1783610713208801207,203,order,benchmark,True,0.0,0.0,,,mock,0.0,,1783610713208798132,InstrumentType.Spot,11800374963033146333,OrderType.Limit,Direction.Long,65001.0,213621440,Side.Sell,,OrderStatus.Submitted,65001.0,1653898000,BTC-USDT,TimeCondition.GTC,1783610713208798132,0.001,0.001,0.0
4194834854,2837957847,1783610713208904531,1783610713208921086,203,order,benchmark,True,0.0,0.0,,,mock,0.0,,1783610713208904531,InstrumentType.Spot,11800374963033146334,OrderType.Limit,Direction.Long,65000.810000000005,213623216,Side.Buy,,OrderStatus.Submitted,65000.810000000005,1653898000,BTC-USDT,TimeCondition.GTC,1783610713208904531,0.001,0.001,0.0
4194834854,2837957847,1783610713209226712,1783610713209228875,203,order,benchmark,True,0.0,0.0,,,mock,0.0,,1783610713209226712,InstrumentType.Spot,11800374963033146335,OrderType.Limit,Direction.Long,65001.02,213624992,Side.Sell,,OrderStatus.Submitted,65001.02,1653898000,BTC-USDT,TimeCondition.GTC,1783610713209226712,0.001,0.001,0.0
4194834854,2837957847,1783610713209499512,1783610713209501678,203,order,benchmark,True,0.0,0.0,,,mock,0.0,,1783610713209499512,InstrumentType.Spot,11800374963033146336,OrderType.Limit,Direction.Long,65000.83,213626768,Side.Buy,,OrderStatus.Submitted,65000.83,1653898000,BTC-USDT,TimeCondition.GTC,1783610713209499512,0.001,0.001,0.0
4194834854,2837957847,1783610713209783108,1783610713209785021,203,order,benchmark,True,0.0,0.0,,,mock,0.0,,1783610713209783108,InstrumentType.Spot,11800374963033146337,OrderType.Limit,Direction.Long,65001.04,213628544,Side.Sell,,OrderStatus.Submitted,65001.04,1653898000,BTC-USDT,TimeCondition.GTC,1783610713209783108,0.001,0.001,0.0
4194834854,2837957847,1783610713210099608,1783610713210101820,203,order,benchmark,True,0.0,0.0,,,mock,0.0,,1783610713210099608,InstrumentType.Spot,11800374963033146338,OrderType.Limit,Direction.Long,65000.85,213630320,Side.Buy,,OrderStatus.Submitted,65000.85,1653898000,BTC-USDT,TimeCondition.GTC,1783610713210099608,0.001,0.001,0.0
4194834854,2837957847,1783610713210384514,1783610713210386615,203,order,benchmark,True,0.0,0.0,,,mock,0.0,,1783610713210384514,InstrumentType.Spot,11800374963033146339,OrderType.Limit,Direction.Long,65001.06,213632096,Side.Sell,,OrderStatus.Submitted,65001.06,1653898000,BTC-USDT,TimeCondition.GTC,1783610713210384514,0.001,0.001,0.0
4194834854,2837957847,1783610713210682693,1783610713210684659,203,order,benchmark,True,0.0,0.0,,,mock,0.0,,1783610713210682693,InstrumentType.Spot,11800374963033146340,OrderType.Limit,Direction.Long,65000.87,213633872,Side.Buy,,OrderStatus.Submitted,65000.87,1653898000,BTC-USDT,TimeCondition.GTC,1783610713210682693,0.001,0.001,0.0
4194834854,2837957847,1783610713210987347,1783610713210989458,203,order,benchmark,True,0.0,0.0,,,mock,0.0,,1783610713210987347,InstrumentType.Spot,11800374963033146341,OrderType.Limit,Direction.Long,65001.08,213635648,Side.Sell,,OrderStatus.Submitted,65001.08,1653898000,BTC-USDT,TimeCondition.GTC,1783610713210987347,0.001,0.001,0.0
4194834854,2837957847,1783610713211281457,1783610713211283404,203,order,benchmark,True,0.0,0.0,,,mock,0.0,,1783610713211281457,InstrumentType.Spot,11800374963033146342,OrderType.Limit,Direction.Long,65000.89,213637424,Side.Buy,,OrderStatus.Submitted,65000.89,1653898000,BTC-USDT,TimeCondition.GTC,1783610713211281457,0.001,0.001,0.0
4194834854,2837957847,1783610713211583051,1783610713211585122,203,order,benchmark,True,0.0,0.0,,,mock,0.0,,1783610713211583051,InstrumentType.Spot,11800374963033146343,OrderType.Limit,Direction.Long,65000.1,213639200,Side.Sell,,OrderStatus.Submitted,65000.1,1653898000,BTC-USDT,TimeCondition.GTC,1783610713211583051,0.001,0.001,0.0
