run_id,system,depth_session_id,strategy_session_id,td_session_id,depth_gen_time_ns,depth_trigger_time_ns,order_input_gen_time_ns,order_input_trigger_time_ns,order_gen_time_ns,order_trigger_time_ns,depth_event_id,join_depth_method,join_order_method,symbol,side,price,qty,order_id,client_order_id,md_to_order_input_ns,order_report_ns,total_tick_to_trade_ns
journal,godzilla,5,1,2,1783610712941771264,0,1783610712941880832,0,1783610712941903104,1783610712941900968,101,price_side,order_id,BTC-USDT,BUY,64999.91,0.001,11800374963033145444,,109568,22272,131840
journal,godzilla,5,1,2,1783610712942070528,0,1783610712942116352,0,1783610712942138880,1783610712942135967,102,price_side,order_id,BTC-USDT,SELL,65000.119999999995,0.001,11800374963033145445,,45824,22528,68352
journal,godzilla,5,1,2,1783610712942371328,0,1783610712942477056,0,1783610712942496512,1783610712942494231,103,price_side,order_id,BTC-USDT,BUY,64999.93,0.001,11800374963033145446,,105728,19456,125184
journal,godzilla,5,1,2,1783610712942671616,0,1783610712942777856,0,1783610712942797824,1783610712942795757,104,price_side,order_id,BTC-USDT,SELL,65000.14,0.001,11800374963033145447,,106240,19968,126208
journal,godzilla,5,1,2,1783610712942982400,0,1783610712943094784,0,1783610712943116288,1783610712943113696,105,price_side,order_id,BTC-USDT,BUY,64999.950000000004,0.001,11800374963033145448,,112384,21504,133888
journal,godzilla,5,1,2,1783610712943273472,0,1783610712943291904,0,1783610712943341568,1783610712943312896,106,price_side,order_id,BTC-USDT,SELL,65000.159999999996,0.001,11800374963033145449,,18432,49664,68096
journal,godzilla,5,1,2,1783610712943570688,0,1783610712943670016,0,1783610712943692544,1783610712943690340,107,price_side,order_id,BTC-USDT,BUY,64999.97,0.001,11800374963033145450,,99328,22528,121856
journal,godzilla,5,1,2,1783610712943870976,0,1783610712944684288,0,1783610712944923392,1783610712944917113,108,price_side,order_id,BTC-USDT,SELL,65000.18,0.001,11800374963033145451,,813312,239104,1052416
journal,godzilla,5,1,2,1783610712944169472,0,1783610712944724736,0,1783610712944956416,1783610712944953801,109,price_side,order_id,BTC-USDT,BUY,64999.99,0.001,11800374963033145452,,555264,231680,786944
journal,godzilla,5,1,2,1783610712944469248,0,1783610712944758016,0,1783610712944978944,1783610712944976044,110,price_side,order_id,BTC-USDT,SELL,65000.2,0.001,11800374963033145453,,288768,220928,509696
journal,godzilla,5,1,2,1783610712944773376,0,1783610712944794624,0,1783610712945006080,1783610712945003853,111,price_side,order_id,BTC-USDT,BUY,65000.01,0.001,11800374963033145454,,21248,211456,232704
journal,godzilla,5,1,2,1783610712945073664,0,1783610712945392640,0,1783610712945516288,1783610712945511870,112,price_side,order_id,BTC-USDT,SELL,65000.22,0.001,11800374963033145455,,318976,123648,442624
journal,godzilla,5,1,2,1783610712945371648,0,1783610712945436160,0,1783610712945563904,1783610712945561177,113,price_side,order_id,BTC-USDT,BUY,65000.03,0.001,11800374963033145456,,64512,127744,192256
journal,godzilla,5,1,2,1783610712945671936,0,1783610712945740544,0,1783610712945758720,1783610712945756629,114,price_side,order_id,BTC-USDT,SELL,65000.24,0.001,11800374963033145457,,68608,18176,86784
journal,godzilla,5,1,2,1783610712945985792,0,1783610712946109952,0,1783610712946127872,1783610712946125387,115,price_side,order_id,BTC-USDT,BUY,65000.05,0.001,11800374963033145458,,124160,17920,142080
journal,godzilla,5,1,2,1783610712946270720,0,1783610712946378496,0,1783610712946393600,1783610712946391469,116,price_side,order_id,BTC-USDT,SELL,65000.26,0.001,11800374963033145459,,107776,15104,122880
journal,godzilla,5,1,2,1783610712946569984,0,1783610712946680320,0,1783610712946698496,1783610712946696376,117,price_side,order_id,BTC-USDT,BUY,65000.07,0.001,11800374963033145460,,110336,18176,128512
journal,godzilla,5,1,2,1783610712946870272,0,1783610712947014912,0,1783610712947139584,1783610712947136180,118,price_side,order_id,BTC-USDT,SELL,65000.28,0.001,11800374963033145461,,144640,124672,269312
journal,godzilla,5,1,2,1783610712947171328,0,1783610712947256576,0,1783610712947405824,1783610712947371635,119,price_side,order_id,BTC-USDT,BUY,65000.090000000004,0.001,11800374963033145462,,85248,149248,234496
journal,godzilla,5,1,2,1783610712947506688,0,1783610712947529728,0,1783610712947624704,1783610712947622287,120,price_side,order_id,BTC-USDT,SELL,65000.299999999996,0.001,11800374963033145463,,23040,94976,118016
journal,godzilla,5,1,2,1783610712947771648,0,1783610712947881984,0,1783610712947899648,1783610712947897488,121,price_side,order_id,BTC-USDT,BUY,65000.11,0.001,11800374963033145464,,110336,17664,128000
journal,godzilla,5,1,2,1783610712948071680,0,1783610712948091392,0,1783610712948110336,1783610712948107352,122,price_side,order_id,BTC-USDT,SELL,65000.32,0.001,11800374963033145465,,19712,18944,38656
journal,godzilla,5,1,2,1783610712948370176,0,1783610712948478976,0,1783610712948494336,1783610712948492186,123,price_side,order_id,BTC-USDT,BUY,65000.130000000005,0.001,11800374963033145466,,108800,15360,124160
journal,godzilla,5,1,2,1783610712948677888,0,1783610712948778496,0,1783610712948795648,1783610712948793278,124,price_side,order_id,BTC-USDT,SELL,65000.34,0.001,11800374963033145467,,100608,17152,117760
journal,godzilla,5,1,2,1783610712948971008,0,1783610712949085952,0,1783610712949100032,1783610712949097968,125,price_side,order_id,BTC-USDT,BUY,65000.15,0.001,11800374963033145468,,114944,14080,129024
journal,godzilla,5,1,2,1783610712949270016,0,1783610712949372416,0,1783610712949389056,1783610712949387078,126,price_side,order_id,BTC-USDT,SELL,65000.36,0.001,11800374963033145469,,102400,16640,119040
journal,godzilla,5,1,2,1783610712949570816,0,1783610712949674240,0,1783610712949686784,1783610712949684768,127,price_side,order_id,BTC-USDT,BUY,65000.17,0.001,11800374963033145470,,103424,12544,115968
journal,godzilla,5,1,2,1783610712949869824,0,1783610712950150656,0,1783610712950281472,1783610712950277875,128,price_side,order_id,BTC-USDT,SELL,65000.38,0.001,11800374963033145471,,280832,130816,411648
journal,godzilla,5,1,2,1783610712950170368,0,1783610712950338816,0,1783610712950495744,1783610712950492113,129,price_side,order_id,BTC-USDT,BUY,65000.19,0.001,11800374963033145472,,168448,156928,325376
journal,godzilla,5,1,2,1783610712950473216,0,1783610712950552576,0,1783610712950565376,1783610712950563027,130,price_side,order_id,BTC-USDT,SELL,65000.4,0.001,11800374963033145473,,79360,12800,92160
journal,godzilla,5,1,2,1783610712950770688,0,1783610712950871808,0,1783610712950886400,1783610712950884132,131,price_side,order_id,BTC-USDT,BUY,65000.21,0.001,11800374963033145474,,101120,14592,115712
journal,godzilla,5,1,2,1783610712951070208,0,1783610712951321344,0,1783610712951476224,1783610712951460033,132,price_side,order_id,BTC-USDT,SELL,65000.42,0.001,11800374963033145475,,251136,154880,406016
journal,godzilla,5,1,2,1783610712951369216,0,1783610712951427840,0,1783610712951495936,1783610712951494502,133,price_side,order_id,BTC-USDT,BUY,65000.23,0.001,11800374963033145476,,58624,68096,126720
journal,godzilla,5,1,2,1783610712951688448,0,1783610712951831296,0,1783610712951904000,1783610712951897740,134,price_side,order_id,BTC-USDT,SELL,65000.439999999995,0.001,11800374963033145477,,142848,72704,215552
journal,godzilla,5,1,2,1783610712951975168,0,1783610712952104704,0,1783610712952186880,1783610712952181529,135,price_side,order_id,BTC-USDT,BUY,65000.25,0.001,11800374963033145478,,129536,82176,211712
journal,godzilla,5,1,2,1783610712952274944,0,1783610712952393472,0,1783610712952498176,1783610712952492117,136,price_side,order_id,BTC-USDT,SELL,65000.46,0.001,11800374963033145479,,118528,104704,223232
journal,godzilla,5,1,2,1783610712952574976,0,1783610712952623360,0,1783610712952701184,1783610712952695668,137,price_side,order_id,BTC-USDT,BUY,65000.270000000004,0.001,11800374963033145480,,48384,77824,126208
journal,godzilla,5,1,2,1783610712952873728,0,1783610712952926464,0,1783610712953024256,1783610712953018819,138,price_side,order_id,BTC-USDT,SELL,65000.479999999996,0.001,11800374963033145481,,52736,97792,150528
journal,godzilla,5,1,2,1783610712953199616,0,1783610712953278464,0,1783610712953410048,1783610712953403205,139,price_side,order_id,BTC-USDT,BUY,65000.29,0.001,11800374963033145482,,78848,131584,210432
journal,godzilla,5,1,2,1783610712953475328,0,1783610712953541120,0,1783610712953568512,1783610712953565199,140,price_side,order_id,BTC-USDT,SELL,65000.5,0.001,11800374963033145483,,65792,27392,93184
journal,godzilla,5,1,2,1783610712953772544,0,1783610712953905152,0,1783610712954049280,1783610712954045497,141,price_side,order_id,BTC-USDT,BUY,65000.310000000005,0.001,11800374963033145484,,132608,144128,276736
journal,godzilla,5,1,2,1783610712954071808,0,1783610712954156288,0,1783610712954277888,1783610712954275345,142,price_side,order_id,BTC-USDT,SELL,65000.52,0.001,11800374963033145485,,84480,121600,206080
journal,godzilla,5,1,2,1783610712954388480,0,1783610712954421504,0,1783610712954447104,1783610712954443695,143,price_side,order_id,BTC-USDT,BUY,65000.33,0.001,11800374963033145486,,33024,25600,58624
journal,godzilla,5,1,2,1783610712954685440,0,1783610712954799872,0,1783610712954823168,1783610712954820670,144,price_side,order_id,BTC-USDT,SELL,65000.54,0.001,11800374963033145487,,114432,23296,137728
journal,godzilla,5,1,2,1783610712954970880,0,1783610712955021568,0,1783610712955044864,1783610712955041806,145,price_side,order_id,BTC-USDT,BUY,65000.35,0.001,11800374963033145488,,50688,23296,73984
journal,godzilla,5,1,2,1783610712955271168,0,1783610712955376896,0,1783610712955412224,1783610712955398539,146,price_side,order_id,BTC-USDT,SELL,65000.56,0.001,11800374963033145489,,105728,35328,141056
journal,godzilla,5,1,2,1783610712955571968,0,1783610712955677440,0,1783610712955697408,1783610712955695347,147,price_side,order_id,BTC-USDT,BUY,65000.37,0.001,11800374963033145490,,105472,19968,125440
journal,godzilla,5,1,2,1783610712955871488,0,1783610712955973888,0,1783610712955992064,1783610712955989995,148,price_side,order_id,BTC-USDT,SELL,65000.58,0.001,11800374963033145491,,102400,18176,120576
journal,godzilla,5,1,2,1783610712956170496,0,1783610712956276736,0,1783610712956298240,1783610712956295919,149,price_side,order_id,BTC-USDT,BUY,65000.39,0.001,11800374963033145492,,106240,21504,127744
journal,godzilla,5,1,2,1783610712956471552,0,1783610712956575744,0,1783610712956601088,1783610712956597924,150,price_side,order_id,BTC-USDT,SELL,65000.6,0.001,11800374963033145493,,104192,25344,129536
journal,godzilla,5,1,2,1783610712956770816,0,1783610712956865280,0,1783610712956884224,1783610712956882461,151,price_side,order_id,BTC-USDT,BUY,65000.41,0.001,11800374963033145494,,94464,18944,113408
journal,godzilla,5,1,2,1783610712957070848,0,1783610712957167872,0,1783610712957188096,1783610712957186117,152,price_side,order_id,BTC-USDT,SELL,65000.619999999995,0.001,11800374963033145495,,97024,20224,117248
journal,godzilla,5,1,2,1783610712957378048,0,1783610712957473536,0,1783610712957494272,1783610712957492192,153,price_side,order_id,BTC-USDT,BUY,65000.43,0.001,11800374963033145496,,95488,20736,116224
journal,godzilla,5,1,2,1783610712957670912,0,1783610712957767680,0,1783610712957787392,1783610712957785246,154,price_side,order_id,BTC-USDT,SELL,65000.64,0.001,11800374963033145497,,96768,19712,116480
journal,godzilla,5,1,2,1783610712957971712,0,1783610712958086144,0,1783610712958105344,1783610712958103266,155,price_side,order_id,BTC-USDT,BUY,65000.450000000004,0.001,11800374963033145498,,114432,19200,133632
journal,godzilla,5,1,2,1783610712958270976,0,1783610712958367232,0,1783610712958386688,1783610712958384821,156,price_side,order_id,BTC-USDT,SELL,65000.659999999996,0.001,11800374963033145499,,96256,19456,115712
journal,godzilla,5,1,2,1783610712958569984,0,1783610712958666240,0,1783610712958686976,1783610712958684956,157,price_side,order_id,BTC-USDT,BUY,65000.47,0.001,11800374963033145500,,96256,20736,116992
journal,godzilla,5,1,2,1783610712958869760,0,1783610712958966528,0,1783610712958988544,1783610712958986506,158,price_side,order_id,BTC-USDT,SELL,65000.68,0.001,11800374963033145501,,96768,22016,118784
journal,godzilla,5,1,2,1783610712959171328,0,1783610712959270656,0,1783610712959296768,1783610712959287216,159,price_side,order_id,BTC-USDT,BUY,65000.49,0.001,11800374963033145502,,99328,26112,125440
journal,godzilla,5,1,2,1783610712959471104,0,1783610712959570176,0,1783610712959589632,1783610712959587761,160,price_side,order_id,BTC-USDT,SELL,65000.7,0.001,11800374963033145503,,99072,19456,118528
journal,godzilla,5,1,2,1783610712959771136,0,1783610712959867904,0,1783610712959885824,1783610712959884102,161,price_side,order_id,BTC-USDT,BUY,65000.51,0.001,11800374963033145504,,96768,17920,114688
journal,godzilla,5,1,2,1783610712960070912,0,1783610712960171008,0,1783610712960190464,1783610712960188424,162,price_side,order_id,BTC-USDT,SELL,65000.72,0.001,11800374963033145505,,100096,19456,119552
journal,godzilla,5,1,2,1783610712960377344,0,1783610712960474880,0,1783610712960497152,1783610712960495102,163,price_side,order_id,BTC-USDT,BUY,65000.53,0.001,11800374963033145506,,97536,22272,119808
journal,godzilla,5,1,2,1783610712960671232,0,1783610712960769280,0,1783610712960790272,1783610712960787977,164,price_side,order_id,BTC-USDT,SELL,65000.74,0.001,11800374963033145507,,98048,20992,119040
journal,godzilla,5,1,2,1783610712960972544,0,1783610712961098752,0,1783610712961126912,1783610712961123350,165,price_side,order_id,BTC-USDT,BUY,65000.55,0.001,11800374963033145508,,126208,28160,154368
journal,godzilla,5,1,2,1783610712961273856,0,1783610712961367040,0,1783610712961386240,1783610712961384176,166,price_side,order_id,BTC-USDT,SELL,65000.76,0.001,11800374963033145509,,93184,19200,112384
journal,godzilla,5,1,2,1783610712961570304,0,1783610712961666560,0,1783610712961689344,1783610712961687124,167,price_side,order_id,BTC-USDT,BUY,65000.57,0.001,11800374963033145510,,96256,22784,119040
journal,godzilla,5,1,2,1783610712961869824,0,1783610712961965568,0,1783610712961984768,1783610712961982854,168,price_side,order_id,BTC-USDT,SELL,65000.78,0.001,11800374963033145511,,95744,19200,114944
journal,godzilla,5,1,2,1783610712962170880,0,1783610712962267136,0,1783610712962285568,1783610712962283540,169,price_side,order_id,BTC-USDT,BUY,65000.590000000004,0.001,11800374963033145512,,96256,18432,114688
journal,godzilla,5,1,2,1783610712962470144,0,1783610712962565888,0,1783610712962587904,1783610712962585881,170,price_side,order_id,BTC-USDT,SELL,65000.799999999996,0.001,11800374963033145513,,95744,22016,117760
journal,godzilla,5,1,2,1783610712962769920,0,1783610712962865920,0,1783610712962887680,1783610712962885507,171,price_side,order_id,BTC-USDT,BUY,65000.61,0.001,11800374963033145514,,96000,21760,117760
journal,godzilla,5,1,2,1783610712963085056,0,1783610712963182336,0,1783610712963208704,1783610712963198075,172,price_side,order_id,BTC-USDT,SELL,65000.82,0.001,11800374963033145515,,97280,26368,123648
journal,godzilla,5,1,2,1783610712963375616,0,1783610712963500032,0,1783610712963622912,1783610712963619410,173,price_side,order_id,BTC-USDT,BUY,65000.630000000005,0.001,11800374963033145516,,124416,122880,247296
journal,godzilla,5,1,2,1783610712963671808,0,1783610712963752960,0,1783610712963846400,1783610712963843653,174,price_side,order_id,BTC-USDT,SELL,65000.84,0.001,11800374963033145517,,81152,93440,174592
journal,godzilla,5,1,2,1783610712963971328,0,1783610712964079616,0,1783610712964100864,1783610712964098804,175,price_side,order_id,BTC-USDT,BUY,65000.65,0.001,11800374963033145518,,108288,21248,129536
journal,godzilla,5,1,2,1783610712964271360,0,1783610712964369408,0,1783610712964387328,1783610712964385495,176,price_side,order_id,BTC-USDT,SELL,65000.86,0.001,11800374963033145519,,98048,17920,115968
journal,godzilla,5,1,2,1783610712964571136,0,1783610712964667392,0,1783610712964686336,1783610712964684494,177,price_side,order_id,BTC-USDT,BUY,65000.67,0.001,11800374963033145520,,96256,18944,115200
journal,godzilla,5,1,2,1783610712964870912,0,1783610712964963584,0,1783610712964982784,1783610712964980860,178,price_side,order_id,BTC-USDT,SELL,65000.88,0.001,11800374963033145521,,92672,19200,111872
journal,godzilla,5,1,2,1783610712965169920,0,1783610712965263872,0,1783610712965285632,1783610712965283535,179,price_side,order_id,BTC-USDT,BUY,65000.69,0.001,11800374963033145522,,93952,21760,115712
journal,godzilla,5,1,2,1783610712965469952,0,1783610712965566720,0,1783610712965586176,1783610712965584136,180,price_side,order_id,BTC-USDT,SELL,65000.9,0.001,11800374963033145523,,96768,19456,116224
journal,godzilla,5,1,2,1783610712965770752,0,1783610712965866496,0,1783610712965885184,1783610712965883182,181,price_side,order_id,BTC-USDT,BUY,65000.71,0.001,11800374963033145524,,95744,18688,114432
journal,godzilla,5,1,2,1783610712966084608,0,1783610712966178560,0,1783610712966198272,1783610712966195984,182,price_side,order_id,BTC-USDT,SELL,65000.92,0.001,11800374963033145525,,93952,19712,113664
journal,godzilla,5,1,2,1783610712966371072,0,1783610712966466816,0,1783610712966486016,1783610712966483924,183,price_side,order_id,BTC-USDT,BUY,65000.73,0.001,11800374963033145526,,95744,19200,114944
journal,godzilla,5,1,2,1783610712966670848,0,1783610712966765824,0,1783610712966788352,1783610712966786229,184,price_side,order_id,BTC-USDT,SELL,65000.939999999995,0.001,11800374963033145527,,94976,22528,117504
journal,godzilla,5,1,2,1783610712966970112,0,1783610712967077120,0,1783610712967104000,1783610712967093330,185,price_side,order_id,BTC-USDT,BUY,65000.75,0.001,11800374963033145528,,107008,26880,133888
journal,godzilla,5,1,2,1783610712967271424,0,1783610712967367168,0,1783610712967386624,1783610712967384707,186,price_side,order_id,BTC-USDT,SELL,65000.96,0.001,11800374963033145529,,95744,19456,115200
journal,godzilla,5,1,2,1783610712967570432,0,1783610712967666176,0,1783610712967688960,1783610712967686719,187,price_side,order_id,BTC-USDT,BUY,65000.770000000004,0.001,11800374963033145530,,95744,22784,118528
journal,godzilla,5,1,2,1783610712967869952,0,1783610712967978496,0,1783610712968086016,1783610712968083665,188,price_side,order_id,BTC-USDT,SELL,65000.979999999996,0.001,11800374963033145531,,108544,107520,216064
journal,godzilla,5,1,2,1783610712968172032,0,1783610712968199168,0,1783610712968286208,1783610712968282999,189,price_side,order_id,BTC-USDT,BUY,65000.79,0.001,11800374963033145532,,27136,87040,114176
journal,godzilla,5,1,2,1783610712968470016,0,1783610712968564992,0,1783610712968587520,1783610712968585337,190,price_side,order_id,BTC-USDT,SELL,65001.0,0.001,11800374963033145533,,94976,22528,117504
journal,godzilla,5,1,2,1783610712968778496,0,1783610712968871680,0,1783610712968894208,1783610712968891999,191,price_side,order_id,BTC-USDT,BUY,65000.810000000005,0.001,11800374963033145534,,93184,22528,115712
journal,godzilla,5,1,2,1783610712969071104,0,1783610712969168896,0,1783610712969187840,1783610712969185972,192,price_side,order_id,BTC-USDT,SELL,65001.02,0.001,11800374963033145535,,97792,18944,116736
journal,godzilla,5,1,2,1783610712969371392,0,1783610712969467904,0,1783610712969486848,1783610712969484979,193,price_side,order_id,BTC-USDT,BUY,65000.83,0.001,11800374963033145536,,96512,18944,115456
journal,godzilla,5,1,2,1783610712969670144,0,1783610712969787648,0,1783610712969906944,1783610712969904651,194,price_side,order_id,BTC-USDT,SELL,65001.04,0.001,11800374963033145537,,117504,119296,236800
journal,godzilla,5,1,2,1783610712969970176,0,1783610712970253056,0,1783610712970379520,1783610712970376313,195,price_side,order_id,BTC-USDT,BUY,65000.85,0.001,11800374963033145538,,282880,126464,409344
journal,godzilla,5,1,2,1783610712970270208,0,1783610712970344704,0,1783610712970419712,1783610712970417353,196,price_side,order_id,BTC-USDT,SELL,65001.06,0.001,11800374963033145539,,74496,75008,149504
journal,godzilla,5,1,2,1783610712970571520,0,1783610712970605568,0,1783610712970695936,1783610712970693903,197,price_side,order_id,BTC-USDT,BUY,65000.87,0.001,11800374963033145540,,34048,90368,124416
journal,godzilla,5,1,2,1783610712970874880,0,1783610712971465728,0,1783610712971589888,1783610712971582944,198,price_side,order_id,BTC-USDT,SELL,65001.08,0.001,11800374963033145541,,590848,124160,715008
journal,godzilla,5,1,2,1783610712971176704,0,1783610712971540480,0,1783610712971645952,1783610712971619163,199,price_side,order_id,BTC-USDT,BUY,65000.89,0.001,11800374963033145542,,363776,105472,469248
journal,godzilla,5,1,2,1783610712971471360,0,1783610712971600896,0,1783610712971669504,1783610712971667161,200,price_side,order_id,BTC-USDT,SELL,65000.1,0.001,11800374963033145543,,129536,68608,198144
journal,godzilla,5,1,2,1783610712971784704,0,1783610712971824384,0,1783610712971922432,1783610712971919583,201,price_side,order_id,BTC-USDT,BUY,64999.91,0.001,11800374963033145544,,39680,98048,137728
journal,godzilla,5,1,2,1783610712972074496,0,1783610712972215296,0,1783610712972329984,1783610712972326579,202,price_side,order_id,BTC-USDT,SELL,65000.119999999995,0.001,11800374963033145545,,140800,114688,255488
journal,godzilla,5,1,2,1783610712972370688,0,1783610712972594944,0,1783610712972715520,1783610712972712464,203,price_side,order_id,BTC-USDT,BUY,64999.93,0.001,11800374963033145546,,224256,120576,344832
journal,godzilla,5,1,2,1783610712972669696,0,1783610712972913408,0,1783610712973013248,1783610712973007452,204,price_side,order_id,BTC-USDT,SELL,65000.14,0.001,11800374963033145547,,243712,99840,343552
journal,godzilla,5,1,2,1783610712972974592,0,1783610712973005824,0,1783610712973041152,1783610712973038958,205,price_side,order_id,BTC-USDT,BUY,64999.950000000004,0.001,11800374963033145548,,31232,35328,66560
journal,godzilla,5,1,2,1783610712973272064,0,1783610712973321984,0,1783610712973336832,1783610712973334487,206,price_side,order_id,BTC-USDT,SELL,65000.159999999996,0.001,11800374963033145549,,49920,14848,64768
journal,godzilla,5,1,2,1783610712973571840,0,1783610712973674752,0,1783610712973689856,1783610712973687658,207,price_side,order_id,BTC-USDT,BUY,64999.97,0.001,11800374963033145550,,102912,15104,118016
journal,godzilla,5,1,2,1783610712973870336,0,1783610712973976064,0,1783610712973991424,1783610712973989235,208,price_side,order_id,BTC-USDT,SELL,65000.18,0.001,11800374963033145551,,105728,15360,121088
journal,godzilla,5,1,2,1783610712974170624,0,1783610712974298112,0,1783610712974432256,1783610712974429189,209,price_side,order_id,BTC-USDT,BUY,64999.99,0.001,11800374963033145552,,127488,134144,261632
journal,godzilla,5,1,2,1783610712974485248,0,1783610712974575872,0,1783610712974665728,1783610712974663194,210,price_side,order_id,BTC-USDT,SELL,65000.2,0.001,11800374963033145553,,90624,89856,180480
journal,godzilla,5,1,2,1783610712974771712,0,1783610712974816000,0,1783610712974921472,1783610712974919193,211,price_side,order_id,BTC-USDT,BUY,65000.01,0.001,11800374963033145554,,44288,105472,149760
journal,godzilla,5,1,2,1783610712975071488,0,1783610712975206912,0,1783610712975353088,1783610712975335430,212,price_side,order_id,BTC-USDT,SELL,65000.22,0.001,11800374963033145555,,135424,146176,281600
journal,godzilla,5,1,2,1783610712975372032,0,1783610712975471360,0,1783610712975529472,1783610712975527427,213,price_side,order_id,BTC-USDT,BUY,65000.03,0.001,11800374963033145556,,99328,58112,157440
journal,godzilla,5,1,2,1783610712975671808,0,1783610712975718400,0,1783610712975816704,1783610712975814345,214,price_side,order_id,BTC-USDT,SELL,65000.24,0.001,11800374963033145557,,46592,98304,144896
journal,godzilla,5,1,2,1783610712975971840,0,1783610712976302848,0,1783610712976412160,1783610712976409589,215,price_side,order_id,BTC-USDT,BUY,65000.05,0.001,11800374963033145558,,331008,109312,440320
journal,godzilla,5,1,2,1783610712976270080,0,1783610712976416512,0,1783610712976431616,1783610712976430039,216,price_side,order_id,BTC-USDT,SELL,65000.26,0.001,11800374963033145559,,146432,15104,161536
journal,godzilla,5,1,2,1783610712976574208,0,1783610712976616960,0,1783610712976776192,1783610712976769530,217,price_side,order_id,BTC-USDT,BUY,65000.07,0.001,11800374963033145560,,42752,159232,201984
journal,godzilla,5,1,2,1783610712976925184,0,1783610712976957440,0,1783610712977028352,1783610712977022139,218,price_side,order_id,BTC-USDT,SELL,65000.28,0.001,11800374963033145561,,32256,70912,103168
journal,godzilla,5,1,2,1783610712977175040,0,1783610712977325312,0,1783610712977356800,1783610712977353271,219,price_side,order_id,BTC-USDT,BUY,65000.090000000004,0.001,11800374963033145562,,150272,31488,181760
journal,godzilla,5,1,2,1783610712977532672,0,1783610712977648384,0,1783610712977664000,1783610712977661393,220,price_side,order_id,BTC-USDT,SELL,65000.299999999996,0.001,11800374963033145563,,115712,15616,131328
journal,godzilla,5,1,2,1783610712977772032,0,1783610712977791744,0,1783610712977886976,1783610712977883839,221,price_side,order_id,BTC-USDT,BUY,65000.11,0.001,11800374963033145564,,19712,95232,114944
journal,godzilla,5,1,2,1783610712978070784,0,1783610712978186496,0,1783610712978200064,1783610712978197965,222,price_side,order_id,BTC-USDT,SELL,65000.32,0.001,11800374963033145565,,115712,13568,129280
journal,godzilla,5,1,2,1783610712978370560,0,1783610712978482176,0,1783610712978498304,1783610712978496024,223,price_side,order_id,BTC-USDT,BUY,65000.130000000005,0.001,11800374963033145566,,111616,16128,127744
journal,godzilla,5,1,2,1783610712978670336,0,1783610712978774528,0,1783610712978792192,1783610712978789785,224,price_side,order_id,BTC-USDT,SELL,65000.34,0.001,11800374963033145567,,104192,17664,121856
journal,godzilla,5,1,2,1783610712978971392,0,1783610712979068416,0,1783610712979100672,1783610712979083509,225,price_side,order_id,BTC-USDT,BUY,65000.15,0.001,11800374963033145568,,97024,32256,129280
journal,godzilla,5,1,2,1783610712979272448,0,1783610712979382528,0,1783610712979396864,1783610712979394743,226,price_side,order_id,BTC-USDT,SELL,65000.36,0.001,11800374963033145569,,110080,14336,124416
journal,godzilla,5,1,2,1783610712979570432,0,1783610712979676672,0,1783610712979692544,1783610712979690405,227,price_side,order_id,BTC-USDT,BUY,65000.17,0.001,11800374963033145570,,106240,15872,122112
journal,godzilla,5,1,2,1783610712979870208,0,1783610712979973376,0,1783610712979990016,1783610712979987874,228,price_side,order_id,BTC-USDT,SELL,65000.38,0.001,11800374963033145571,,103168,16640,119808
journal,godzilla,5,1,2,1783610712980242176,0,1783610712980349440,0,1783610712980364800,1783610712980362353,229,price_side,order_id,BTC-USDT,BUY,65000.19,0.001,11800374963033145572,,107264,15360,122624
journal,godzilla,5,1,2,1783610712980471808,0,1783610712980566528,0,1783610712980580096,1783610712980578191,230,price_side,order_id,BTC-USDT,SELL,65000.4,0.001,11800374963033145573,,94720,13568,108288
journal,godzilla,5,1,2,1783610712980770048,0,1783610712980874496,0,1783610712980890368,1783610712980888385,231,price_side,order_id,BTC-USDT,BUY,65000.21,0.001,11800374963033145574,,104448,15872,120320
journal,godzilla,5,1,2,1783610712981070080,0,1783610712981171968,0,1783610712981188096,1783610712981185993,232,price_side,order_id,BTC-USDT,SELL,65000.42,0.001,11800374963033145575,,101888,16128,118016
journal,godzilla,5,1,2,1783610712981370112,0,1783610712981473024,0,1783610712981489152,1783610712981486909,233,price_side,order_id,BTC-USDT,BUY,65000.23,0.001,11800374963033145576,,102912,16128,119040
journal,godzilla,5,1,2,1783610712981671424,0,1783610712981774592,0,1783610712981787392,1783610712981785547,234,price_side,order_id,BTC-USDT,SELL,65000.439999999995,0.001,11800374963033145577,,103168,12800,115968
journal,godzilla,5,1,2,1783610712981969920,0,1783610712982087680,0,1783610712982105088,1783610712982103007,235,price_side,order_id,BTC-USDT,BUY,65000.25,0.001,11800374963033145578,,117760,17408,135168
journal,godzilla,5,1,2,1783610712982270720,0,1783610712982393600,0,1783610712982511616,1783610712982509397,236,price_side,order_id,BTC-USDT,SELL,65000.46,0.001,11800374963033145579,,122880,118016,240896
journal,godzilla,5,1,2,1783610712982570240,0,1783610712982646528,0,1783610712982735616,1783610712982733529,237,price_side,order_id,BTC-USDT,BUY,65000.270000000004,0.001,11800374963033145580,,76288,89088,165376
journal,godzilla,5,1,2,1783610712982871296,0,1783610712982975488,0,1783610712983005440,1783610712982986347,238,price_side,order_id,BTC-USDT,SELL,65000.479999999996,0.001,11800374963033145581,,104192,29952,134144
journal,godzilla,5,1,2,1783610712983181568,0,1783610712983291904,0,1783610712983316480,1783610712983312948,239,price_side,order_id,BTC-USDT,BUY,65000.29,0.001,11800374963033145582,,110336,24576,134912
journal,godzilla,5,1,2,1783610712983472384,0,1783610712983511040,0,1783610712983598080,1783610712983595944,240,price_side,order_id,BTC-USDT,SELL,65000.5,0.001,11800374963033145583,,38656,87040,125696
journal,godzilla,5,1,2,1783610712983770112,0,1783610712983790336,0,1783610712983882752,1783610712983880468,241,price_side,order_id,BTC-USDT,BUY,65000.310000000005,0.001,11800374963033145584,,20224,92416,112640
journal,godzilla,5,1,2,1783610712984070144,0,1783610712984179712,0,1783610712984188928,1783610712984186976,242,price_side,order_id,BTC-USDT,SELL,65000.52,0.001,11800374963033145585,,109568,9216,118784
journal,godzilla,5,1,2,1783610712984369920,0,1783610712984470528,0,1783610712984492032,1783610712984489698,243,price_side,order_id,BTC-USDT,BUY,65000.33,0.001,11800374963033145586,,100608,21504,122112
journal,godzilla,5,1,2,1783610712984671232,0,1783610712984775680,0,1783610712984795904,1783610712984793921,244,price_side,order_id,BTC-USDT,SELL,65000.54,0.001,11800374963033145587,,104448,20224,124672
journal,godzilla,5,1,2,1783610712984971520,0,1783610712985090816,0,1783610712985112320,1783610712985109967,245,price_side,order_id,BTC-USDT,BUY,65000.35,0.001,11800374963033145588,,119296,21504,140800
journal,godzilla,5,1,2,1783610712985271808,0,1783610712985384448,0,1783610712985407744,1783610712985405481,246,price_side,order_id,BTC-USDT,SELL,65000.56,0.001,11800374963033145589,,112640,23296,135936
journal,godzilla,5,1,2,1783610712985571584,0,1783610712985679872,0,1783610712985698816,1783610712985696672,247,price_side,order_id,BTC-USDT,BUY,65000.37,0.001,11800374963033145590,,108288,18944,127232
journal,godzilla,5,1,2,1783610712985870848,0,1783610712985976832,0,1783610712986009088,1783610712986005886,248,price_side,order_id,BTC-USDT,SELL,65000.58,0.001,11800374963033145591,,105984,32256,138240
journal,godzilla,5,1,2,1783610712986186496,0,1783610712986299904,0,1783610712986325248,1783610712986322501,249,price_side,order_id,BTC-USDT,BUY,65000.39,0.001,11800374963033145592,,113408,25344,138752
journal,godzilla,5,1,2,1783610712986500864,0,1783610712986609408,0,1783610712986634240,1783610712986631594,250,price_side,order_id,BTC-USDT,SELL,65000.6,0.001,11800374963033145593,,108544,24832,133376
journal,godzilla,5,1,2,1783610712986770432,0,1783610712986812160,0,1783610712986845184,1783610712986833599,251,price_side,order_id,BTC-USDT,BUY,65000.41,0.001,11800374963033145594,,41728,33024,74752
journal,godzilla,5,1,2,1783610712987072256,0,1783610712987175424,0,1783610712987198464,1783610712987196181,252,price_side,order_id,BTC-USDT,SELL,65000.619999999995,0.001,11800374963033145595,,103168,23040,126208
journal,godzilla,5,1,2,1783610712987371520,0,1783610712987474176,0,1783610712987492608,1783610712987490624,253,price_side,order_id,BTC-USDT,BUY,65000.43,0.001,11800374963033145596,,102656,18432,121088
journal,godzilla,5,1,2,1783610712987671552,0,1783610712987767552,0,1783610712987788544,1783610712987786467,254,price_side,order_id,BTC-USDT,SELL,65000.64,0.001,11800374963033145597,,96000,20992,116992
journal,godzilla,5,1,2,1783610712987971328,0,1783610712988088064,0,1783610712988107264,1783610712988105331,255,price_side,order_id,BTC-USDT,BUY,65000.450000000004,0.001,11800374963033145598,,116736,19200,135936
journal,godzilla,5,1,2,1783610712988271616,0,1783610712988374272,0,1783610712988391936,1783610712988390007,256,price_side,order_id,BTC-USDT,SELL,65000.659999999996,0.001,11800374963033145599,,102656,17664,120320
journal,godzilla,5,1,2,1783610712988571392,0,1783610712988671488,0,1783610712988691968,1783610712988690081,257,price_side,order_id,BTC-USDT,BUY,65000.47,0.001,11800374963033145600,,100096,20480,120576
journal,godzilla,5,1,2,1783610712988880640,0,1783610712988983808,0,1783610712989011712,1783610712989008053,258,price_side,order_id,BTC-USDT,SELL,65000.68,0.001,11800374963033145601,,103168,27904,131072
journal,godzilla,5,1,2,1783610712989171712,0,1783610712989298944,0,1783610712989423360,1783610712989420542,259,price_side,order_id,BTC-USDT,BUY,65000.49,0.001,11800374963033145602,,127232,124416,251648
journal,godzilla,5,1,2,1783610712989470208,0,1783610712989545728,0,1783610712989637888,1783610712989636072,260,price_side,order_id,BTC-USDT,SELL,65000.7,0.001,11800374963033145603,,75520,92160,167680
journal,godzilla,5,1,2,1783610712989771008,0,1783610712989869312,0,1783610712989889024,1783610712989886896,261,price_side,order_id,BTC-USDT,BUY,65000.51,0.001,11800374963033145604,,98304,19712,118016
journal,godzilla,5,1,2,1783610712990071040,0,1783610712990165248,0,1783610712990183680,1783610712990181651,262,price_side,order_id,BTC-USDT,SELL,65000.72,0.001,11800374963033145605,,94208,18432,112640
journal,godzilla,5,1,2,1783610712990370048,0,1783610712990467328,0,1783610712990484992,1783610712990483154,263,price_side,order_id,BTC-USDT,BUY,65000.53,0.001,11800374963033145606,,97280,17664,114944
journal,godzilla,5,1,2,1783610712990670080,0,1783610712990763776,0,1783610712990786304,1783610712990784009,264,price_side,order_id,BTC-USDT,SELL,65000.74,0.001,11800374963033145607,,93696,22528,116224
journal,godzilla,5,1,2,1783610712990969856,0,1783610712991080960,0,1783610712991107840,1783610712991097634,265,price_side,order_id,BTC-USDT,BUY,65000.55,0.001,11800374963033145608,,111104,26880,137984
journal,godzilla,5,1,2,1783610712991271680,0,1783610712991368192,0,1783610712991387136,1783610712991385246,266,price_side,order_id,BTC-USDT,SELL,65000.76,0.001,11800374963033145609,,96512,18944,115456
journal,godzilla,5,1,2,1783610712991570432,0,1783610712991665152,0,1783610712991687168,1783610712991685205,267,price_side,order_id,BTC-USDT,BUY,65000.57,0.001,11800374963033145610,,94720,22016,116736
journal,godzilla,5,1,2,1783610712991877120,0,1783610712991969792,0,1783610712991989504,1783610712991987464,268,price_side,order_id,BTC-USDT,SELL,65000.78,0.001,11800374963033145611,,92672,19712,112384
journal,godzilla,5,1,2,1783610712992171776,0,1783610712992268032,0,1783610712992285952,1783610712992284061,269,price_side,order_id,BTC-USDT,BUY,65000.590000000004,0.001,11800374963033145612,,96256,17920,114176
journal,godzilla,5,1,2,1783610712992471296,0,1783610712992568064,0,1783610712992587008,1783610712992584991,270,price_side,order_id,BTC-USDT,SELL,65000.799999999996,0.001,11800374963033145613,,96768,18944,115712
journal,godzilla,5,1,2,1783610712992770560,0,1783610712992862208,0,1783610712992880896,1783610712992879102,271,price_side,order_id,BTC-USDT,BUY,65000.61,0.001,11800374963033145614,,91648,18688,110336
journal,godzilla,5,1,2,1783610712993070336,0,1783610712993166592,0,1783610712993184768,1783610712993182721,272,price_side,order_id,BTC-USDT,SELL,65000.82,0.001,11800374963033145615,,96256,18176,114432
journal,godzilla,5,1,2,1783610712993369856,0,1783610712993466112,0,1783610712993489408,1783610712993487346,273,price_side,order_id,BTC-USDT,BUY,65000.630000000005,0.001,11800374963033145616,,96256,23296,119552
journal,godzilla,5,1,2,1783610712993669888,0,1783610712993765632,0,1783610712993788160,1783610712993786021,274,price_side,order_id,BTC-USDT,SELL,65000.84,0.001,11800374963033145617,,95744,22528,118272
journal,godzilla,5,1,2,1783610712993969920,0,1783610712994075648,0,1783610712994097920,1783610712994095761,275,price_side,order_id,BTC-USDT,BUY,65000.65,0.001,11800374963033145618,,105728,22272,128000
journal,godzilla,5,1,2,1783610712994270976,0,1783610712994366464,0,1783610712994385664,1783610712994382527,276,price_side,order_id,BTC-USDT,SELL,65000.86,0.001,11800374963033145619,,95488,19200,114688
journal,godzilla,5,1,2,1783610712994580224,0,1783610712994748672,0,1783610712994897152,1783610712994891225,277,price_side,order_id,BTC-USDT,BUY,65000.67,0.001,11800374963033145620,,168448,148480,316928
journal,godzilla,5,1,2,1783610712994873088,0,1783610712995084800,0,1783610712995238400,1783610712995224418,278,price_side,order_id,BTC-USDT,SELL,65000.88,0.001,11800374963033145621,,211712,153600,365312
journal,godzilla,5,1,2,1783610712995188480,0,1783610712995242752,0,1783610712995256576,1783610712995254962,279,price_side,order_id,BTC-USDT,BUY,65000.69,0.001,11800374963033145622,,54272,13824,68096
journal,godzilla,5,1,2,1783610712995472384,0,1783610712995521536,0,1783610712995589120,1783610712995586521,280,price_side,order_id,BTC-USDT,SELL,65000.9,0.001,11800374963033145623,,49152,67584,116736
journal,godzilla,5,1,2,1783610712995770368,0,1783610712995934464,0,1783610712996083456,1783610712996080631,281,price_side,order_id,BTC-USDT,BUY,65000.71,0.001,11800374963033145624,,164096,148992,313088
journal,godzilla,5,1,2,1783610712996070144,0,1783610712996177920,0,1783610712996198656,1783610712996196326,282,price_side,order_id,BTC-USDT,SELL,65000.92,0.001,11800374963033145625,,107776,20736,128512
journal,godzilla,5,1,2,1783610712996373760,0,1783610712996611840,0,1783610712996755968,1783610712996753262,283,price_side,order_id,BTC-USDT,BUY,65000.73,0.001,11800374963033145626,,238080,144128,382208
journal,godzilla,5,1,2,1783610712996670976,0,1783610712996753920,0,1783610712996772864,1783610712996771401,284,price_side,order_id,BTC-USDT,SELL,65000.939999999995,0.001,11800374963033145627,,82944,18944,101888
journal,godzilla,5,1,2,1783610712996970240,0,1783610712997082368,0,1783610712997100288,1783610712997098152,285,price_side,order_id,BTC-USDT,BUY,65000.75,0.001,11800374963033145628,,112128,17920,130048
journal,godzilla,5,1,2,1783610712997271552,0,1783610712997369344,0,1783610712997389056,1783610712997386922,286,price_side,order_id,BTC-USDT,SELL,65000.96,0.001,11800374963033145629,,97792,19712,117504
journal,godzilla,5,1,2,1783610712997584128,0,1783610712997680128,0,1783610712997702912,1783610712997700510,287,price_side,order_id,BTC-USDT,BUY,65000.770000000004,0.001,11800374963033145630,,96000,22784,118784
journal,godzilla,5,1,2,1783610712997871360,0,1783610712997967872,0,1783610712997987328,1783610712997985182,288,price_side,order_id,BTC-USDT,SELL,65000.979999999996,0.001,11800374963033145631,,96512,19456,115968
journal,godzilla,5,1,2,1783610712998171392,0,1783610712998267904,0,1783610712998286080,1783610712998284062,289,price_side,order_id,BTC-USDT,BUY,65000.79,0.001,11800374963033145632,,96512,18176,114688
journal,godzilla,5,1,2,1783610712998470144,0,1783610712998566656,0,1783610712998588672,1783610712998586510,290,price_side,order_id,BTC-USDT,SELL,65001.0,0.001,11800374963033145633,,96512,22016,118528
journal,godzilla,5,1,2,1783610712998770944,0,1783610712998868736,0,1783610712998898688,1783610712998886035,291,price_side,order_id,BTC-USDT,BUY,65000.810000000005,0.001,11800374963033145634,,97792,29952,127744
journal,godzilla,5,1,2,1783610712999071744,0,1783610712999170048,0,1783610712999188224,1783610712999186202,292,price_side,order_id,BTC-USDT,SELL,65001.02,0.001,11800374963033145635,,98304,18176,116480
journal,godzilla,5,1,2,1783610712999370752,0,1783610712999467776,0,1783610712999485696,1783610712999483645,293,price_side,order_id,BTC-USDT,BUY,65000.83,0.001,11800374963033145636,,97024,17920,114944
journal,godzilla,5,1,2,1783610712999670016,0,1783610712999765504,0,1783610712999787776,1783610712999785479,294,price_side,order_id,BTC-USDT,SELL,65001.04,0.001,11800374963033145637,,95488,22272,117760
journal,godzilla,5,1,2,1783610712999970048,0,1783610713000078848,0,1783610713000097280,1783610713000095533,295,price_side,order_id,BTC-USDT,BUY,65000.85,0.001,11800374963033145638,,108800,18432,127232
journal,godzilla,5,1,2,1783610713000280320,0,1783610713000375552,0,1783610713000394496,1783610713000392432,296,price_side,order_id,BTC-USDT,SELL,65001.06,0.001,11800374963033145639,,95232,18944,114176
journal,godzilla,5,1,2,1783610713000571392,0,1783610713000664832,0,1783610713000684032,1783610713000682016,297,price_side,order_id,BTC-USDT,BUY,65000.87,0.001,11800374963033145640,,93440,19200,112640
journal,godzilla,5,1,2,1783610713000870400,0,1783610713000966144,0,1783610713000988160,1783610713000985921,298,price_side,order_id,BTC-USDT,SELL,65001.08,0.001,11800374963033145641,,95744,22016,117760
journal,godzilla,5,1,2,1783610713001170944,0,1783610713001267968,0,1783610713001287424,1783610713001285413,299,price_side,order_id,BTC-USDT,BUY,65000.89,0.001,11800374963033145642,,97024,19456,116480
journal,godzilla,5,1,2,1783610713001470976,0,1783610713001566720,0,1783610713001584896,1783610713001582966,300,price_side,order_id,BTC-USDT,SELL,65000.1,0.001,11800374963033145643,,95744,18176,113920
journal,godzilla,5,1,2,1783610713001769984,0,1783610713001860864,0,1783610713001880320,1783610713001878263,301,price_side,order_id,BTC-USDT,BUY,64999.91,0.001,11800374963033145644,,90880,19456,110336
journal,godzilla,5,1,2,1783610713002071040,0,1783610713002169856,0,1783610713002188544,1783610713002186670,302,price_side,order_id,BTC-USDT,SELL,65000.119999999995,0.001,11800374963033145645,,98816,18688,117504
journal,godzilla,5,1,2,1783610713002371328,0,1783610713002464000,0,1783610713002481920,1783610713002480054,303,price_side,order_id,BTC-USDT,BUY,64999.93,0.001,11800374963033145646,,92672,17920,110592
journal,godzilla,5,1,2,1783610713002670080,0,1783610713002761984,0,1783610713002791424,1783610713002781373,304,price_side,order_id,BTC-USDT,SELL,65000.14,0.001,11800374963033145647,,91904,29440,121344
journal,godzilla,5,1,2,1783610713002970368,0,1783610713003081216,0,1783610713003101440,1783610713003099010,305,price_side,order_id,BTC-USDT,BUY,64999.950000000004,0.001,11800374963033145648,,110848,20224,131072
journal,godzilla,5,1,2,1783610713003346432,0,1783610713003648000,0,1783610713003697920,1783610713003694761,306,price_side,order_id,BTC-USDT,SELL,65000.159999999996,0.001,11800374963033145649,,301568,49920,351488
journal,godzilla,5,1,2,1783610713003570176,0,1783610713003787776,0,1783610713004026112,1783610713004019757,307,price_side,order_id,BTC-USDT,BUY,64999.97,0.001,11800374963033145650,,217600,238336,455936
journal,godzilla,5,1,2,1783610713003875328,0,1783610713003903488,0,1783610713004056064,1783610713004053740,308,price_side,order_id,BTC-USDT,SELL,65000.18,0.001,11800374963033145651,,28160,152576,180736
journal,godzilla,5,1,2,1783610713004174592,0,1783610713004200192,0,1783610713004270848,1783610713004265610,309,price_side,order_id,BTC-USDT,BUY,64999.99,0.001,11800374963033145652,,25600,70656,96256
journal,godzilla,5,1,2,1783610713004473088,0,1783610713004523520,0,1783610713004613376,1783610713004608573,310,price_side,order_id,BTC-USDT,SELL,65000.2,0.001,11800374963033145653,,50432,89856,140288
journal,godzilla,5,1,2,1783610713004964608,0,1783610713005263872,0,1783610713005423616,1783610713005417271,311,price_side,order_id,BTC-USDT,BUY,65000.01,0.001,11800374963033145654,,299264,159744,459008
journal,godzilla,5,1,2,1783610713005070592,0,1783610713005319168,0,1783610713005455616,1783610713005453181,312,price_side,order_id,BTC-USDT,SELL,65000.22,0.001,11800374963033145655,,248576,136448,385024
journal,godzilla,5,1,2,1783610713005372672,0,1783610713005751808,0,1783610713005798912,1783610713005796267,313,price_side,order_id,BTC-USDT,BUY,65000.03,0.001,11800374963033145656,,379136,47104,426240
journal,godzilla,5,1,2,1783610713005673472,0,1783610713005833472,0,1783610713005916416,1783610713005913830,314,price_side,order_id,BTC-USDT,SELL,65000.24,0.001,11800374963033145657,,160000,82944,242944
journal,godzilla,5,1,2,1783610713005993984,0,1783610713006036224,0,1783610713006116096,1783610713006113886,315,price_side,order_id,BTC-USDT,BUY,65000.05,0.001,11800374963033145658,,42240,79872,122112
journal,godzilla,5,1,2,1783610713006270976,0,1783610713006341376,0,1783610713006390784,1783610713006388600,316,price_side,order_id,BTC-USDT,SELL,65000.26,0.001,11800374963033145659,,70400,49408,119808
journal,godzilla,5,1,2,1783610713006570240,0,1783610713006701568,0,1783610713006910976,1783610713006822002,317,price_side,order_id,BTC-USDT,BUY,65000.07,0.001,11800374963033145660,,131328,209408,340736
journal,godzilla,5,1,2,1783610713006872064,0,1783610713007029504,0,1783610713007093504,1783610713007091111,318,price_side,order_id,BTC-USDT,SELL,65000.28,0.001,11800374963033145661,,157440,64000,221440
journal,godzilla,5,1,2,1783610713007171840,0,1783610713007244032,0,1783610713007263488,1783610713007260619,319,price_side,order_id,BTC-USDT,BUY,65000.090000000004,0.001,11800374963033145662,,72192,19456,91648
journal,godzilla,5,1,2,1783610713007471104,0,1783610713007608576,0,1783610713007734784,1783610713007731706,320,price_side,order_id,BTC-USDT,SELL,65000.299999999996,0.001,11800374963033145663,,137472,126208,263680
journal,godzilla,5,1,2,1783610713007770112,0,1783610713007949568,0,1783610713008091392,1783610713008085782,321,price_side,order_id,BTC-USDT,BUY,65000.11,0.001,11800374963033145664,,179456,141824,321280
journal,godzilla,5,1,2,1783610713008073216,0,1783610713008190976,0,1783610713008311808,1783610713008306787,322,price_side,order_id,BTC-USDT,SELL,65000.32,0.001,11800374963033145665,,117760,120832,238592
journal,godzilla,5,1,2,1783610713008374016,0,1783610713008436224,0,1783610713008501248,1783610713008496217,323,price_side,order_id,BTC-USDT,BUY,65000.130000000005,0.001,11800374963033145666,,62208,65024,127232
journal,godzilla,5,1,2,1783610713008673536,0,1783610713008712192,0,1783610713008824832,1783610713008819510,324,price_side,order_id,BTC-USDT,SELL,65000.34,0.001,11800374963033145667,,38656,112640,151296
journal,godzilla,5,1,2,1783610713008991488,0,1783610713009072384,0,1783610713009137664,1783610713009134365,325,price_side,order_id,BTC-USDT,BUY,65000.15,0.001,11800374963033145668,,80896,65280,146176
journal,godzilla,5,1,2,1783610713009272576,0,1783610713009371392,0,1783610713009392384,1783610713009390039,326,price_side,order_id,BTC-USDT,SELL,65000.36,0.001,11800374963033145669,,98816,20992,119808
journal,godzilla,5,1,2,1783610713009571584,0,1783610713009666816,0,1783610713009685504,1783610713009683530,327,price_side,order_id,BTC-USDT,BUY,65000.17,0.001,11800374963033145670,,95232,18688,113920
journal,godzilla,5,1,2,1783610713009870080,0,1783610713009968128,0,1783610713009989888,1783610713009987629,328,price_side,order_id,BTC-USDT,SELL,65000.38,0.001,11800374963033145671,,98048,21760,119808
journal,godzilla,5,1,2,1783610713010171136,0,1783610713010266624,0,1783610713010285312,1783610713010283233,329,price_side,order_id,BTC-USDT,BUY,65000.19,0.001,11800374963033145672,,95488,18688,114176
journal,godzilla,5,1,2,1783610713010469888,0,1783610713010586880,0,1783610713010703360,1783610713010700780,330,price_side,order_id,BTC-USDT,SELL,65000.4,0.001,11800374963033145673,,116992,116480,233472
journal,godzilla,5,1,2,1783610713010788608,0,1783610713010933248,0,1783610713011074816,1783610713011054292,331,price_side,order_id,BTC-USDT,BUY,65000.21,0.001,11800374963033145674,,144640,141568,286208
journal,godzilla,5,1,2,1783610713011075840,0,1783610713011178240,0,1783610713011201280,1783610713011197434,332,price_side,order_id,BTC-USDT,SELL,65000.42,0.001,11800374963033145675,,102400,23040,125440
journal,godzilla,5,1,2,1783610713011373056,0,1783610713011392512,0,1783610713011486976,1783610713011483760,333,price_side,order_id,BTC-USDT,BUY,65000.23,0.001,11800374963033145676,,19456,94464,113920
journal,godzilla,5,1,2,1783610713011679744,0,1783610713011797504,0,1783610713011920128,1783610713011916965,334,price_side,order_id,BTC-USDT,SELL,65000.439999999995,0.001,11800374963033145677,,117760,122624,240384
journal,godzilla,5,1,2,1783610713011970560,0,1783610713012120576,0,1783610713012144896,1783610713012142260,335,price_side,order_id,BTC-USDT,BUY,65000.25,0.001,11800374963033145678,,150016,24320,174336
journal,godzilla,5,1,2,1783610713012271360,0,1783610713012367872,0,1783610713012388352,1783610713012386270,336,price_side,order_id,BTC-USDT,SELL,65000.46,0.001,11800374963033145679,,96512,20480,116992
journal,godzilla,5,1,2,1783610713012571392,0,1783610713012865024,0,1783610713012977664,1783610713012975464,337,price_side,order_id,BTC-USDT,BUY,65000.270000000004,0.001,11800374963033145680,,293632,112640,406272
journal,godzilla,5,1,2,1783610713012869376,0,1783610713012950528,0,1783610713013019392,1783610713013016880,338,price_side,order_id,BTC-USDT,SELL,65000.479999999996,0.001,11800374963033145681,,81152,68864,150016
journal,godzilla,5,1,2,1783610713013171200,0,1783610713013219072,0,1783610713013292032,1783610713013288910,339,price_side,order_id,BTC-USDT,BUY,65000.29,0.001,11800374963033145682,,47872,72960,120832
journal,godzilla,5,1,2,1783610713013469952,0,1783610713013630464,0,1783610713013767680,1783610713013763100,340,price_side,order_id,BTC-USDT,SELL,65000.5,0.001,11800374963033145683,,160512,137216,297728
journal,godzilla,5,1,2,1783610713013772544,0,1783610713013918208,0,1783610713014049536,1783610713014046366,341,price_side,order_id,BTC-USDT,BUY,65000.310000000005,0.001,11800374963033145684,,145664,131328,276992
journal,godzilla,5,1,2,1783610713014071552,0,1783610713014208256,0,1783610713014260224,1783610713014258270,342,price_side,order_id,BTC-USDT,SELL,65000.52,0.001,11800374963033145685,,136704,51968,188672
journal,godzilla,5,1,2,1783610713014371072,0,1783610713014417664,0,1783610713014489856,1783610713014487807,343,price_side,order_id,BTC-USDT,BUY,65000.33,0.001,11800374963033145686,,46592,72192,118784
journal,godzilla,5,1,2,1783610713014681600,0,1783610713014812928,0,1783610713014947584,1783610713014934363,344,price_side,order_id,BTC-USDT,SELL,65000.54,0.001,11800374963033145687,,131328,134656,265984
journal,godzilla,5,1,2,1783610713014971648,0,1783610713015175680,0,1783610713015252992,1783610713015247986,345,price_side,order_id,BTC-USDT,BUY,65000.35,0.001,11800374963033145688,,204032,77312,281344
journal,godzilla,5,1,2,1783610713015274752,0,1783610713015383296,0,1783610713015455744,1783610713015450866,346,price_side,order_id,BTC-USDT,SELL,65000.56,0.001,11800374963033145689,,108544,72448,180992
journal,godzilla,5,1,2,1783610713015581440,0,1783610713015632896,0,1783610713015771392,1783610713015766465,347,price_side,order_id,BTC-USDT,BUY,65000.37,0.001,11800374963033145690,,51456,138496,189952
journal,godzilla,5,1,2,1783610713015874304,0,1783610713015958016,0,1783610713016082944,1783610713016077280,348,price_side,order_id,BTC-USDT,SELL,65000.58,0.001,11800374963033145691,,83712,124928,208640
journal,godzilla,5,1,2,1783610713016174592,0,1783610713016230400,0,1783610713016298496,1783610713016294439,349,price_side,order_id,BTC-USDT,BUY,65000.39,0.001,11800374963033145692,,55808,68096,123904
journal,godzilla,5,1,2,1783610713016474368,0,1783610713016715264,0,1783610713016861952,1783610713016857593,350,price_side,order_id,BTC-USDT,SELL,65000.6,0.001,11800374963033145693,,240896,146688,387584
journal,godzilla,5,1,2,1783610713016772096,0,1783610713016974592,0,1783610713017101824,1783610713017096755,351,price_side,order_id,BTC-USDT,BUY,65000.41,0.001,11800374963033145694,,202496,127232,329728
journal,godzilla,5,1,2,1783610713017098240,0,1783610713017162752,0,1783610713017224192,1783610713017221293,352,price_side,order_id,BTC-USDT,SELL,65000.619999999995,0.001,11800374963033145695,,64512,61440,125952
journal,godzilla,5,1,2,1783610713017372160,0,1783610713017491712,0,1783610713017608448,1783610713017606020,353,price_side,order_id,BTC-USDT,BUY,65000.43,0.001,11800374963033145696,,119552,116736,236288
journal,godzilla,5,1,2,1783610713017687808,0,1783610713017721856,0,1783610713017828096,1783610713017825744,354,price_side,order_id,BTC-USDT,SELL,65000.64,0.001,11800374963033145697,,34048,106240,140288
journal,godzilla,5,1,2,1783610713017971456,0,1783610713018083584,0,1783610713018102272,1783610713018100233,355,price_side,order_id,BTC-USDT,BUY,65000.450000000004,0.001,11800374963033145698,,112128,18688,130816
journal,godzilla,5,1,2,1783610713018271232,0,1783610713018380032,0,1783610713018400256,1783610713018398149,356,price_side,order_id,BTC-USDT,SELL,65000.659999999996,0.001,11800374963033145699,,108800,20224,129024
journal,godzilla,5,1,2,1783610713018571776,0,1783610713018672384,0,1783610713018706944,1783610713018690856,357,price_side,order_id,BTC-USDT,BUY,65000.47,0.001,11800374963033145700,,100608,34560,135168
journal,godzilla,5,1,2,1783610713018872320,0,1783610713018974720,0,1783610713019002624,1783610713018993919,358,price_side,order_id,BTC-USDT,SELL,65000.68,0.001,11800374963033145701,,102400,27904,130304
journal,godzilla,5,1,2,1783610713019171584,0,1783610713019281920,0,1783610713019299584,1783610713019297266,359,price_side,order_id,BTC-USDT,BUY,65000.49,0.001,11800374963033145702,,110336,17664,128000
journal,godzilla,5,1,2,1783610713019470848,0,1783610713019583232,0,1783610713019607552,1783610713019604955,360,price_side,order_id,BTC-USDT,SELL,65000.7,0.001,11800374963033145703,,112384,24320,136704
journal,godzilla,5,1,2,1783610713019771648,0,1783610713019799296,0,1783610713019823616,1783610713019820292,361,price_side,order_id,BTC-USDT,BUY,65000.51,0.001,11800374963033145704,,27648,24320,51968
journal,godzilla,5,1,2,1783610713020071424,0,1783610713020184320,0,1783610713020204800,1783610713020202431,362,price_side,order_id,BTC-USDT,SELL,65000.72,0.001,11800374963033145705,,112896,20480,133376
journal,godzilla,5,1,2,1783610713020386560,0,1783610713020490752,0,1783610713020512000,1783610713020509792,363,price_side,order_id,BTC-USDT,BUY,65000.53,0.001,11800374963033145706,,104192,21248,125440
journal,godzilla,5,1,2,1783610713020671744,0,1783610713020688640,0,1783610713020712192,1783610713020709115,364,price_side,order_id,BTC-USDT,SELL,65000.74,0.001,11800374963033145707,,16896,23552,40448
journal,godzilla,5,1,2,1783610713020970240,0,1783610713021088512,0,1783610713021113344,1783610713021111026,365,price_side,order_id,BTC-USDT,BUY,65000.55,0.001,11800374963033145708,,118272,24832,143104
journal,godzilla,5,1,2,1783610713021271552,0,1783610713021383680,0,1783610713021402112,1783610713021398924,366,price_side,order_id,BTC-USDT,SELL,65000.76,0.001,11800374963033145709,,112128,18432,130560
journal,godzilla,5,1,2,1783610713021571072,0,1783610713021667328,0,1783610713021686528,1783610713021684592,367,price_side,order_id,BTC-USDT,BUY,65000.57,0.001,11800374963033145710,,96256,19200,115456
journal,godzilla,5,1,2,1783610713021870848,0,1783610713021967616,0,1783610713021986560,1783610713021984697,368,price_side,order_id,BTC-USDT,SELL,65000.78,0.001,11800374963033145711,,96768,18944,115712
journal,godzilla,5,1,2,1783610713022171392,0,1783610713022268416,0,1783610713022287360,1783610713022285462,369,price_side,order_id,BTC-USDT,BUY,65000.590000000004,0.001,11800374963033145712,,97024,18944,115968
journal,godzilla,5,1,2,1783610713022470912,0,1783610713022567680,0,1783610713022597120,1783610713022586466,370,price_side,order_id,BTC-USDT,SELL,65000.799999999996,0.001,11800374963033145713,,96768,29440,126208
journal,godzilla,5,1,2,1783610713022770176,0,1783610713022864384,0,1783610713022887680,1783610713022885478,371,price_side,order_id,BTC-USDT,BUY,65000.61,0.001,11800374963033145714,,94208,23296,117504
journal,godzilla,5,1,2,1783610713023070976,0,1783610713023168768,0,1783610713023188224,1783610713023186392,372,price_side,order_id,BTC-USDT,SELL,65000.82,0.001,11800374963033145715,,97792,19456,117248
journal,godzilla,5,1,2,1783610713023377664,0,1783610713023470848,0,1783610713023491072,1783610713023489146,373,price_side,order_id,BTC-USDT,BUY,65000.630000000005,0.001,11800374963033145716,,93184,20224,113408
journal,godzilla,5,1,2,1783610713023671040,0,1783610713023767040,0,1783610713023786240,1783610713023784446,374,price_side,order_id,BTC-USDT,SELL,65000.84,0.001,11800374963033145717,,96000,19200,115200
journal,godzilla,5,1,2,1783610713023970560,0,1783610713024082432,0,1783610713024103680,1783610713024101538,375,price_side,order_id,BTC-USDT,BUY,65000.65,0.001,11800374963033145718,,111872,21248,133120
journal,godzilla,5,1,2,1783610713024270848,0,1783610713024365056,0,1783610713024384000,1783610713024382105,376,price_side,order_id,BTC-USDT,SELL,65000.86,0.001,11800374963033145719,,94208,18944,113152
journal,godzilla,5,1,2,1783610713024570112,0,1783610713024674560,0,1783610713024696320,1783610713024685827,377,price_side,order_id,BTC-USDT,BUY,65000.67,0.001,11800374963033145720,,104448,21760,126208
journal,godzilla,5,1,2,1783610713024870912,0,1783610713024967424,0,1783610713024986880,1783610713024985045,378,price_side,order_id,BTC-USDT,SELL,65000.88,0.001,11800374963033145721,,96512,19456,115968
journal,godzilla,5,1,2,1783610713025171200,0,1783610713025262848,0,1783610713025283840,1783610713025281998,379,price_side,order_id,BTC-USDT,BUY,65000.69,0.001,11800374963033145722,,91648,20992,112640
journal,godzilla,5,1,2,1783610713025469952,0,1783610713025563648,0,1783610713025582848,1783610713025581012,380,price_side,order_id,BTC-USDT,SELL,65000.9,0.001,11800374963033145723,,93696,19200,112896
journal,godzilla,5,1,2,1783610713025770496,0,1783610713025867520,0,1783610713025885696,1783610713025883894,381,price_side,order_id,BTC-USDT,BUY,65000.71,0.001,11800374963033145724,,97024,18176,115200
journal,godzilla,5,1,2,1783610713026080768,0,1783610713026178816,0,1783610713026196992,1783610713026194823,382,price_side,order_id,BTC-USDT,SELL,65000.92,0.001,11800374963033145725,,98048,18176,116224
journal,godzilla,5,1,2,1783610713026371072,0,1783610713026463488,0,1783610713026490112,1783610713026481231,383,price_side,order_id,BTC-USDT,BUY,65000.73,0.001,11800374963033145726,,92416,26624,119040
journal,godzilla,5,1,2,1783610713026670336,0,1783610713026767360,0,1783610713026789632,1783610713026787372,384,price_side,order_id,BTC-USDT,SELL,65000.939999999995,0.001,11800374963033145727,,97024,22272,119296
journal,godzilla,5,1,2,1783610713026970368,0,1783610713027079424,0,1783610713027101184,1783610713027099075,385,price_side,order_id,BTC-USDT,BUY,65000.75,0.001,11800374963033145728,,109056,21760,130816
journal,godzilla,5,1,2,1783610713027271168,0,1783610713027364608,0,1783610713027384064,1783610713027382291,386,price_side,order_id,BTC-USDT,SELL,65000.96,0.001,11800374963033145729,,93440,19456,112896
journal,godzilla,5,1,2,1783610713027569920,0,1783610713027664128,0,1783610713027687424,1783610713027685069,387,price_side,order_id,BTC-USDT,BUY,65000.770000000004,0.001,11800374963033145730,,94208,23296,117504
journal,godzilla,5,1,2,1783610713027870976,0,1783610713027966464,0,1783610713027990016,1783610713027987840,388,price_side,order_id,BTC-USDT,SELL,65000.979999999996,0.001,11800374963033145731,,95488,23552,119040
journal,godzilla,5,1,2,1783610713028171776,0,1783610713028268032,0,1783610713028288512,1783610713028286261,389,price_side,order_id,BTC-USDT,BUY,65000.79,0.001,11800374963033145732,,96256,20480,116736
journal,godzilla,5,1,2,1783610713028471296,0,1783610713028584704,0,1783610713028701184,1783610713028699235,390,price_side,order_id,BTC-USDT,SELL,65001.0,0.001,11800374963033145733,,113408,116480,229888
journal,godzilla,5,1,2,1783610713028771328,0,1783610713028862976,0,1783610713028905984,1783610713028902479,391,price_side,order_id,BTC-USDT,BUY,65000.810000000005,0.001,11800374963033145734,,91648,43008,134656
journal,godzilla,5,1,2,1783610713029085184,0,1783610713029196032,0,1783610713029315072,1783610713029312467,392,price_side,order_id,BTC-USDT,SELL,65001.02,0.001,11800374963033145735,,110848,119040,229888
journal,godzilla,5,1,2,1783610713029370624,0,1783610713029475328,0,1783610713029527808,1783610713029525681,393,price_side,order_id,BTC-USDT,BUY,65000.83,0.001,11800374963033145736,,104704,52480,157184
journal,godzilla,5,1,2,1783610713029671168,0,1783610713029785088,0,1783610713029903360,1783610713029901371,394,price_side,order_id,BTC-USDT,SELL,65001.04,0.001,11800374963033145737,,113920,118272,232192
journal,godzilla,5,1,2,1783610713029970944,0,1783610713030050560,0,1783610713030141696,1783610713030139533,395,price_side,order_id,BTC-USDT,BUY,65000.85,0.001,11800374963033145738,,79616,91136,170752
journal,godzilla,5,1,2,1783610713030308096,0,1783610713030609664,0,1783610713030706432,1783610713030703718,396,price_side,order_id,BTC-USDT,SELL,65001.06,0.001,11800374963033145739,,301568,96768,398336
journal,godzilla,5,1,2,1783610713030571264,0,1783610713030707200,0,1783610713030736128,1783610713030721410,397,price_side,order_id,BTC-USDT,BUY,65000.87,0.001,11800374963033145740,,135936,28928,164864
journal,godzilla,5,1,2,1783610713030872064,0,1783610713030942208,0,1783610713030976256,1783610713030974100,398,price_side,order_id,BTC-USDT,SELL,65001.08,0.001,11800374963033145741,,70144,34048,104192
journal,godzilla,5,1,2,1783610713031171840,0,1783610713031289344,0,1783610713031453696,1783610713031449288,399,price_side,order_id,BTC-USDT,BUY,65000.89,0.001,11800374963033145742,,117504,164352,281856
journal,godzilla,5,1,2,1783610713031472384,0,1783610713031582208,0,1783610713031654144,1783610713031651812,400,price_side,order_id,BTC-USDT,SELL,65000.1,0.001,11800374963033145743,,109824,71936,181760
journal,godzilla,5,1,2,1783610713031785472,0,1783610713031883264,0,1783610713031905280,1783610713031902924,401,price_side,order_id,BTC-USDT,BUY,64999.91,0.001,11800374963033145744,,97792,22016,119808
journal,godzilla,5,1,2,1783610713032071168,0,1783610713032169472,0,1783610713032191488,1783610713032189233,402,price_side,order_id,BTC-USDT,SELL,65000.119999999995,0.001,11800374963033145745,,98304,22016,120320
journal,godzilla,5,1,2,1783610713032370176,0,1783610713032467712,0,1783610713032485376,1783610713032483325,403,price_side,order_id,BTC-USDT,BUY,64999.93,0.001,11800374963033145746,,97536,17664,115200
journal,godzilla,5,1,2,1783610713032669696,0,1783610713032763392,0,1783610713032785920,1783610713032783860,404,price_side,order_id,BTC-USDT,SELL,65000.14,0.001,11800374963033145747,,93696,22528,116224
journal,godzilla,5,1,2,1783610713032970240,0,1783610713033074432,0,1783610713033096960,1783610713033094870,405,price_side,order_id,BTC-USDT,BUY,64999.950000000004,0.001,11800374963033145748,,104192,22528,126720
journal,godzilla,5,1,2,1783610713033271040,0,1783610713033368320,0,1783610713033387264,1783610713033385292,406,price_side,order_id,BTC-USDT,SELL,65000.159999999996,0.001,11800374963033145749,,97280,18944,116224
journal,godzilla,5,1,2,1783610713033570816,0,1783610713033666816,0,1783610713033686272,1783610713033684304,407,price_side,order_id,BTC-USDT,BUY,64999.97,0.001,11800374963033145750,,96000,19456,115456
journal,godzilla,5,1,2,1783610713033870592,0,1783610713033963264,0,1783610713033983232,1783610713033981202,408,price_side,order_id,BTC-USDT,SELL,65000.18,0.001,11800374963033145751,,92672,19968,112640
journal,godzilla,5,1,2,1783610713034170880,0,1783610713034264320,0,1783610713034284288,1783610713034282275,409,price_side,order_id,BTC-USDT,BUY,64999.99,0.001,11800374963033145752,,93440,19968,113408
journal,godzilla,5,1,2,1783610713034470912,0,1783610713034566656,0,1783610713034594304,1783610713034583386,410,price_side,order_id,BTC-USDT,SELL,65000.2,0.001,11800374963033145753,,95744,27648,123392
journal,godzilla,5,1,2,1783610713034776832,0,1783610713034870528,0,1783610713034893056,1783610713034890536,411,price_side,order_id,BTC-USDT,BUY,65000.01,0.001,11800374963033145754,,93696,22528,116224
journal,godzilla,5,1,2,1783610713035070976,0,1783610713035170304,0,1783610713035188992,1783610713035186739,412,price_side,order_id,BTC-USDT,SELL,65000.22,0.001,11800374963033145755,,99328,18688,118016
journal,godzilla,5,1,2,1783610713035370496,0,1783610713035467776,0,1783610713035487744,1783610713035485706,413,price_side,order_id,BTC-USDT,BUY,65000.03,0.001,11800374963033145756,,97280,19968,117248
journal,godzilla,5,1,2,1783610713035671040,0,1783610713035764992,0,1783610713035784192,1783610713035782245,414,price_side,order_id,BTC-USDT,SELL,65000.24,0.001,11800374963033145757,,93952,19200,113152
journal,godzilla,5,1,2,1783610713035969792,0,1783610713036075008,0,1783610713036097280,1783610713036095274,415,price_side,order_id,BTC-USDT,BUY,65000.05,0.001,11800374963033145758,,105216,22272,127488
journal,godzilla,5,1,2,1783610713036270848,0,1783610713036369152,0,1783610713036388608,1783610713036386746,416,price_side,order_id,BTC-USDT,SELL,65000.26,0.001,11800374963033145759,,98304,19456,117760
journal,godzilla,5,1,2,1783610713036569856,0,1783610713036717056,0,1783610713036846848,1783610713036841549,417,price_side,order_id,BTC-USDT,BUY,65000.07,0.001,11800374963033145760,,147200,129792,276992
journal,godzilla,5,1,2,1783610713036872192,0,1783610713036953344,0,1783610713037069056,1783610713037066867,418,price_side,order_id,BTC-USDT,SELL,65000.28,0.001,11800374963033145761,,81152,115712,196864
journal,godzilla,5,1,2,1783610713037171200,0,1783610713037230592,0,1783610713037285120,1783610713037283269,419,price_side,order_id,BTC-USDT,BUY,65000.090000000004,0.001,11800374963033145762,,59392,54528,113920
journal,godzilla,5,1,2,1783610713037479936,0,1783610713037667840,0,1783610713037799168,1783610713037796234,420,price_side,order_id,BTC-USDT,SELL,65000.299999999996,0.001,11800374963033145763,,187904,131328,319232
journal,godzilla,5,1,2,1783610713037769984,0,1783610713037830912,0,1783610713037892608,1783610713037890922,421,price_side,order_id,BTC-USDT,BUY,65000.11,0.001,11800374963033145764,,60928,61696,122624
journal,godzilla,5,1,2,1783610713038071552,0,1783610713038141952,0,1783610713038189312,1783610713038186791,422,price_side,order_id,BTC-USDT,SELL,65000.32,0.001,11800374963033145765,,70400,47360,117760
journal,godzilla,5,1,2,1783610713038369792,0,1783610713038464768,0,1783610713038579968,1783610713038483223,423,price_side,order_id,BTC-USDT,BUY,65000.130000000005,0.001,11800374963033145766,,94976,115200,210176
journal,godzilla,5,1,2,1783610713038672384,0,1783610713038812928,0,1783610713039003392,1783610713038991182,424,price_side,order_id,BTC-USDT,SELL,65000.34,0.001,11800374963033145767,,140544,190464,331008
journal,godzilla,5,1,2,1783610713038974976,0,1783610713039151360,0,1783610713039181824,1783610713039179429,425,price_side,order_id,BTC-USDT,BUY,65000.15,0.001,11800374963033145768,,176384,30464,206848
journal,godzilla,5,1,2,1783610713039272704,0,1783610713039372800,0,1783610713039408128,1783610713039406189,426,price_side,order_id,BTC-USDT,SELL,65000.36,0.001,11800374963033145769,,100096,35328,135424
journal,godzilla,5,1,2,1783610713039570944,0,1783610713039639040,0,1783610713039678464,1783610713039676573,427,price_side,order_id,BTC-USDT,BUY,65000.17,0.001,11800374963033145770,,68096,39424,107520
journal,godzilla,5,1,2,1783610713039869952,0,1783610713039992320,0,1783610713040139264,1783610713040136524,428,price_side,order_id,BTC-USDT,SELL,65000.38,0.001,11800374963033145771,,122368,146944,269312
journal,godzilla,5,1,2,1783610713040169984,0,1783610713040293120,0,1783610713040405504,1783610713040400901,429,price_side,order_id,BTC-USDT,BUY,65000.19,0.001,11800374963033145772,,123136,112384,235520
journal,godzilla,5,1,2,1783610713040491776,0,1783610713040532992,0,1783610713040611840,1783610713040607326,430,price_side,order_id,BTC-USDT,SELL,65000.4,0.001,11800374963033145773,,41216,78848,120064
journal,godzilla,5,1,2,1783610713040773376,0,1783610713040816128,0,1783610713040915968,1783610713040911831,431,price_side,order_id,BTC-USDT,BUY,65000.21,0.001,11800374963033145774,,42752,99840,142592
journal,godzilla,5,1,2,1783610713041074432,0,1783610713041121280,0,1783610713041186816,1783610713041184547,432,price_side,order_id,BTC-USDT,SELL,65000.42,0.001,11800374963033145775,,46848,65536,112384
journal,godzilla,5,1,2,1783610713041369856,0,1783610713041524992,0,1783610713041659136,1783610713041653969,433,price_side,order_id,BTC-USDT,BUY,65000.23,0.001,11800374963033145776,,155136,134144,289280
journal,godzilla,5,1,2,1783610713041672704,0,1783610713041810176,0,1783610713041929216,1783610713041926083,434,price_side,order_id,BTC-USDT,SELL,65000.439999999995,0.001,11800374963033145777,,137472,119040,256512
journal,godzilla,5,1,2,1783610713041970176,0,1783610713042194944,0,1783610713042331904,1783610713042329560,435,price_side,order_id,BTC-USDT,BUY,65000.25,0.001,11800374963033145778,,224768,136960,361728
journal,godzilla,5,1,2,1783610713042269440,0,1783610713042311936,0,1783610713042363904,1783610713042347704,436,price_side,order_id,BTC-USDT,SELL,65000.46,0.001,11800374963033145779,,42496,51968,94464
journal,godzilla,5,1,2,1783610713042572032,0,1783610713042675712,0,1783610713042696704,1783610713042694431,437,price_side,order_id,BTC-USDT,BUY,65000.270000000004,0.001,11800374963033145780,,103680,20992,124672
journal,godzilla,5,1,2,1783610713042871296,0,1783610713042974208,0,1783610713042993664,1783610713042991696,438,price_side,order_id,BTC-USDT,SELL,65000.479999999996,0.001,11800374963033145781,,102912,19456,122368
journal,godzilla,5,1,2,1783610713043184640,0,1783610713043288064,0,1783610713043308800,1783610713043306446,439,price_side,order_id,BTC-USDT,BUY,65000.29,0.001,11800374963033145782,,103424,20736,124160
journal,godzilla,5,1,2,1783610713043471360,0,1783610713043578880,0,1783610713043598336,1783610713043596315,440,price_side,order_id,BTC-USDT,SELL,65000.5,0.001,11800374963033145783,,107520,19456,126976
journal,godzilla,5,1,2,1783610713043771136,0,1783610713043873536,0,1783610713043895040,1783610713043893007,441,price_side,order_id,BTC-USDT,BUY,65000.310000000005,0.001,11800374963033145784,,102400,21504,123904
journal,godzilla,5,1,2,1783610713044071424,0,1783610713044176384,0,1783610713044195328,1783610713044193194,442,price_side,order_id,BTC-USDT,SELL,65000.52,0.001,11800374963033145785,,104960,18944,123904
journal,godzilla,5,1,2,1783610713044371456,0,1783610713044474112,0,1783610713044494592,1783610713044492647,443,price_side,order_id,BTC-USDT,BUY,65000.33,0.001,11800374963033145786,,102656,20480,123136
journal,godzilla,5,1,2,1783610713044670976,0,1783610713044766720,0,1783610713044786176,1783610713044784362,444,price_side,order_id,BTC-USDT,SELL,65000.54,0.001,11800374963033145787,,95744,19456,115200
journal,godzilla,5,1,2,1783610713044969984,0,1783610713045080832,0,1783610713045098496,1783610713045096562,445,price_side,order_id,BTC-USDT,BUY,65000.35,0.001,11800374963033145788,,110848,17664,128512
journal,godzilla,5,1,2,1783610713045271040,0,1783610713045367296,0,1783610713045385984,1783610713045384087,446,price_side,order_id,BTC-USDT,SELL,65000.56,0.001,11800374963033145789,,96256,18688,114944
journal,godzilla,5,1,2,1783610713045570048,0,1783610713045687552,0,1783610713045806080,1783610713045804044,447,price_side,order_id,BTC-USDT,BUY,65000.37,0.001,11800374963033145790,,117504,118528,236032
journal,godzilla,5,1,2,1783610713045870848,0,1783610713045916928,0,1783610713046007296,1783610713046005424,448,price_side,order_id,BTC-USDT,SELL,65000.58,0.001,11800374963033145791,,46080,90368,136448
journal,godzilla,5,1,2,1783610713046177280,0,1783610713046275584,0,1783610713046297856,1783610713046295543,449,price_side,order_id,BTC-USDT,BUY,65000.39,0.001,11800374963033145792,,98304,22272,120576
journal,godzilla,5,1,2,1783610713046471424,0,1783610713046567424,0,1783610713046593536,1783610713046584502,450,price_side,order_id,BTC-USDT,SELL,65000.6,0.001,11800374963033145793,,96000,26112,122112
journal,godzilla,5,1,2,1783610713046770176,0,1783610713046865408,0,1783610713046885632,1783610713046883414,451,price_side,order_id,BTC-USDT,BUY,65000.41,0.001,11800374963033145794,,95232,20224,115456
journal,godzilla,5,1,2,1783610713047070976,0,1783610713047169024,0,1783610713047186944,1783610713047184930,452,price_side,order_id,BTC-USDT,SELL,65000.619999999995,0.001,11800374963033145795,,98048,17920,115968
journal,godzilla,5,1,2,1783610713047370240,0,1783610713047465216,0,1783610713047484160,1783610713047482238,453,price_side,order_id,BTC-USDT,BUY,65000.43,0.001,11800374963033145796,,94976,18944,113920
journal,godzilla,5,1,2,1783610713047671296,0,1783610713047768832,0,1783610713047789568,1783610713047787276,454,price_side,order_id,BTC-USDT,SELL,65000.64,0.001,11800374963033145797,,97536,20736,118272
journal,godzilla,5,1,2,1783610713047970816,0,1783610713048081664,0,1783610713048100608,1783610713048098492,455,price_side,order_id,BTC-USDT,BUY,65000.450000000004,0.001,11800374963033145798,,110848,18944,129792
journal,godzilla,5,1,2,1783610713048271872,0,1783610713048367104,0,1783610713048385024,1783610713048383046,456,price_side,order_id,BTC-USDT,SELL,65000.659999999996,0.001,11800374963033145799,,95232,17920,113152
journal,godzilla,5,1,2,1783610713048570112,0,1783610713048665856,0,1783610713048688640,1783610713048686573,457,price_side,order_id,BTC-USDT,BUY,65000.47,0.001,11800374963033145800,,95744,22784,118528
journal,godzilla,5,1,2,1783610713048869888,0,1783610713048964864,0,1783610713048987392,1783610713048985085,458,price_side,order_id,BTC-USDT,SELL,65000.68,0.001,11800374963033145801,,94976,22528,117504
journal,godzilla,5,1,2,1783610713049180160,0,1783610713049283584,0,1783610713049295360,1783610713049292921,459,price_side,order_id,BTC-USDT,BUY,65000.49,0.001,11800374963033145802,,103424,11776,115200
journal,godzilla,5,1,2,1783610713049470208,0,1783610713049566464,0,1783610713049587968,1783610713049585761,460,price_side,order_id,BTC-USDT,SELL,65000.7,0.001,11800374963033145803,,96256,21504,117760
journal,godzilla,5,1,2,1783610713049771008,0,1783610713049870080,0,1783610713049889792,1783610713049887544,461,price_side,order_id,BTC-USDT,BUY,65000.51,0.001,11800374963033145804,,99072,19712,118784
journal,godzilla,5,1,2,1783610713050072576,0,1783610713050174976,0,1783610713050193664,1783610713050190181,462,price_side,order_id,BTC-USDT,SELL,65000.72,0.001,11800374963033145805,,102400,18688,121088
journal,godzilla,5,1,2,1783610713050371584,0,1783610713050469376,0,1783610713050500608,1783610713050488585,463,price_side,order_id,BTC-USDT,BUY,65000.53,0.001,11800374963033145806,,97792,31232,129024
journal,godzilla,5,1,2,1783610713050671104,0,1783610713050766592,0,1783610713050789120,1783610713050787054,464,price_side,order_id,BTC-USDT,SELL,65000.74,0.001,11800374963033145807,,95488,22528,118016
journal,godzilla,5,1,2,1783610713050970112,0,1783610713051074816,0,1783610713051093760,1783610713051091794,465,price_side,order_id,BTC-USDT,BUY,65000.55,0.001,11800374963033145808,,104704,18944,123648
journal,godzilla,5,1,2,1783610713051271168,0,1783610713051367424,0,1783610713051385856,1783610713051383747,466,price_side,order_id,BTC-USDT,SELL,65000.76,0.001,11800374963033145809,,96256,18432,114688
journal,godzilla,5,1,2,1783610713051570944,0,1783610713051666944,0,1783610713051686144,1783610713051684129,467,price_side,order_id,BTC-USDT,BUY,65000.57,0.001,11800374963033145810,,96000,19200,115200
journal,godzilla,5,1,2,1783610713051878656,0,1783610713051975168,0,1783610713051994624,1783610713051992340,468,price_side,order_id,BTC-USDT,SELL,65000.78,0.001,11800374963033145811,,96512,19456,115968
journal,godzilla,5,1,2,1783610713052171264,0,1783610713052264960,0,1783610713052286464,1783610713052284314,469,price_side,order_id,BTC-USDT,BUY,65000.590000000004,0.001,11800374963033145812,,93696,21504,115200
journal,godzilla,5,1,2,1783610713052469760,0,1783610713052565248,0,1783610713052587520,1783610713052585286,470,price_side,order_id,BTC-USDT,SELL,65000.799999999996,0.001,11800374963033145813,,95488,22272,117760
journal,godzilla,5,1,2,1783610713052770048,0,1783610713052877568,0,1783610713052992768,1783610713052990575,471,price_side,order_id,BTC-USDT,BUY,65000.61,0.001,11800374963033145814,,107520,115200,222720
journal,godzilla,5,1,2,1783610713053088256,0,1783610713053122816,0,1783610713053223424,1783610713053220489,472,price_side,order_id,BTC-USDT,SELL,65000.82,0.001,11800374963033145815,,34560,100608,135168
journal,godzilla,5,1,2,1783610713053370624,0,1783610713053464320,0,1783610713053486592,1783610713053484431,473,price_side,order_id,BTC-USDT,BUY,65000.630000000005,0.001,11800374963033145816,,93696,22272,115968
journal,godzilla,5,1,2,1783610713053669888,0,1783610713053764864,0,1783610713053787136,1783610713053785066,474,price_side,order_id,BTC-USDT,SELL,65000.84,0.001,11800374963033145817,,94976,22272,117248
journal,godzilla,5,1,2,1783610713053969664,0,1783610713054068992,0,1783610713054091008,1783610713054088952,475,price_side,order_id,BTC-USDT,BUY,65000.65,0.001,11800374963033145818,,99328,22016,121344
journal,godzilla,5,1,2,1783610713054270976,0,1783610713054364160,0,1783610713054392064,1783610713054382366,476,price_side,order_id,BTC-USDT,SELL,65000.86,0.001,11800374963033145819,,93184,27904,121088
journal,godzilla,5,1,2,1783610713054570240,0,1783610713054666496,0,1783610713054684928,1783610713054682992,477,price_side,order_id,BTC-USDT,BUY,65000.67,0.001,11800374963033145820,,96256,18432,114688
journal,godzilla,5,1,2,1783610713054877184,0,1783610713054974464,0,1783610713055002624,1783610713054994668,478,price_side,order_id,BTC-USDT,SELL,65000.88,0.001,11800374963033145821,,97280,28160,125440
journal,godzilla,5,1,2,1783610713055171072,0,1783610713055267584,0,1783610713055289344,1783610713055287056,479,price_side,order_id,BTC-USDT,BUY,65000.69,0.001,11800374963033145822,,96512,21760,118272
journal,godzilla,5,1,2,1783610713055471616,0,1783610713055565056,0,1783610713055584256,1783610713055582259,480,price_side,order_id,BTC-USDT,SELL,65000.9,0.001,11800374963033145823,,93440,19200,112640
journal,godzilla,5,1,2,1783610713055770368,0,1783610713055864832,0,1783610713055886848,1783610713055884756,481,price_side,order_id,BTC-USDT,BUY,65000.71,0.001,11800374963033145824,,94464,22016,116480
journal,godzilla,5,1,2,1783610713056070912,0,1783610713056170496,0,1783610713056187648,1783610713056185643,482,price_side,order_id,BTC-USDT,SELL,65000.92,0.001,11800374963033145825,,99584,17152,116736
journal,godzilla,5,1,2,1783610713056369920,0,1783610713056467968,0,1783610713056488448,1783610713056486305,483,price_side,order_id,BTC-USDT,BUY,65000.73,0.001,11800374963033145826,,98048,20480,118528
journal,godzilla,5,1,2,1783610713056670720,0,1783610713056766976,0,1783610713056785920,1783610713056784022,484,price_side,order_id,BTC-USDT,SELL,65000.939999999995,0.001,11800374963033145827,,96256,18944,115200
journal,godzilla,5,1,2,1783610713056971008,0,1783610713057082880,0,1783610713057100032,1783610713057098151,485,price_side,order_id,BTC-USDT,BUY,65000.75,0.001,11800374963033145828,,111872,17152,129024
journal,godzilla,5,1,2,1783610713057271040,0,1783610713057364992,0,1783610713057385216,1783610713057383160,486,price_side,order_id,BTC-USDT,SELL,65000.96,0.001,11800374963033145829,,93952,20224,114176
journal,godzilla,5,1,2,1783610713057577984,0,1783610713057673728,0,1783610713057693184,1783610713057691150,487,price_side,order_id,BTC-USDT,BUY,65000.770000000004,0.001,11800374963033145830,,95744,19456,115200
journal,godzilla,5,1,2,1783610713057870848,0,1783610713057965312,0,1783610713057984768,1783610713057982718,488,price_side,order_id,BTC-USDT,SELL,65000.979999999996,0.001,11800374963033145831,,94464,19456,113920
journal,godzilla,5,1,2,1783610713058169856,0,1783610713058263808,0,1783610713058292480,1783610713058283022,489,price_side,order_id,BTC-USDT,BUY,65000.79,0.001,11800374963033145832,,93952,28672,122624
journal,godzilla,5,1,2,1783610713058470144,0,1783610713058566656,0,1783610713058586368,1783610713058584503,490,price_side,order_id,BTC-USDT,SELL,65001.0,0.001,11800374963033145833,,96512,19712,116224
journal,godzilla,5,1,2,1783610713058771200,0,1783610713058866176,0,1783610713058887168,1783610713058884819,491,price_side,order_id,BTC-USDT,BUY,65000.810000000005,0.001,11800374963033145834,,94976,20992,115968
journal,godzilla,5,1,2,1783610713059071232,0,1783610713059170304,0,1783610713059189248,1783610713059187083,492,price_side,order_id,BTC-USDT,SELL,65001.02,0.001,11800374963033145835,,99072,18944,118016
journal,godzilla,5,1,2,1783610713059369984,0,1783610713059444992,0,1783610713059465472,1783610713059463555,493,price_side,order_id,BTC-USDT,BUY,65000.83,0.001,11800374963033145836,,75008,20480,95488
journal,godzilla,5,1,2,1783610713059669504,0,1783610713059760896,0,1783610713059780608,1783610713059778727,494,price_side,order_id,BTC-USDT,SELL,65001.04,0.001,11800374963033145837,,91392,19712,111104
journal,godzilla,5,1,2,1783610713059969536,0,1783610713060078080,0,1783610713060091904,1783610713060089658,495,price_side,order_id,BTC-USDT,BUY,65000.85,0.001,11800374963033145838,,108544,13824,122368
journal,godzilla,5,1,2,1783610713060269568,0,1783610713060359936,0,1783610713060378624,1783610713060376804,496,price_side,order_id,BTC-USDT,SELL,65001.06,0.001,11800374963033145839,,90368,18688,109056
journal,godzilla,5,1,2,1783610713060576768,0,1783610713060664576,0,1783610713060686592,1783610713060684436,497,price_side,order_id,BTC-USDT,BUY,65000.87,0.001,11800374963033145840,,87808,22016,109824
journal,godzilla,5,1,2,1783610713060869888,0,1783610713060955136,0,1783610713060977152,1783610713060975215,498,price_side,order_id,BTC-USDT,SELL,65001.08,0.001,11800374963033145841,,85248,22016,107264
journal,godzilla,5,1,2,1783610713061170944,0,1783610713061267712,0,1783610713061282560,1783610713061280238,499,price_side,order_id,BTC-USDT,BUY,65000.89,0.001,11800374963033145842,,96768,14848,111616
journal,godzilla,5,1,2,1783610713061470208,0,1783610713061562624,0,1783610713061584896,1783610713061582739,500,price_side,order_id,BTC-USDT,SELL,65000.1,0.001,11800374963033145843,,92416,22272,114688
journal,godzilla,5,1,2,1783610713061773824,0,1783610713061869312,0,1783610713062957312,1783610713062949532,501,price_side,order_id,BTC-USDT,BUY,64999.91,0.001,11800374963033145844,,95488,1088000,1183488
journal,godzilla,5,1,2,1783610713062072064,0,1783610713062170368,0,1783610713063014400,1783610713062986156,502,price_side,order_id,BTC-USDT,SELL,65000.119999999995,0.001,11800374963033145845,,98304,844032,942336
journal,godzilla,5,1,2,1783610713062370560,0,1783610713062463488,0,1783610713063032320,1783610713063030034,503,price_side,order_id,BTC-USDT,BUY,64999.93,0.001,11800374963033145846,,92928,568832,661760
journal,godzilla,5,1,2,1783610713062672896,0,1783610713062770432,0,1783610713063050240,1783610713063048216,504,price_side,order_id,BTC-USDT,SELL,65000.14,0.001,11800374963033145847,,97536,279808,377344
journal,godzilla,5,1,2,1783610713062974976,0,1783610713063360768,0,1783610713063399168,1783610713063397068,505,price_side,order_id,BTC-USDT,BUY,64999.950000000004,0.001,11800374963033145848,,385792,38400,424192
journal,godzilla,5,1,2,1783610713063285248,0,1783610713063600384,0,1783610713063698944,1783610713063695204,506,price_side,order_id,BTC-USDT,SELL,65000.159999999996,0.001,11800374963033145849,,315136,98560,413696
journal,godzilla,5,1,2,1783610713063574272,0,1783610713063692032,0,1783610713063720960,1783610713063718761,507,price_side,order_id,BTC-USDT,BUY,64999.97,0.001,11800374963033145850,,117760,28928,146688
journal,godzilla,5,1,2,1783610713063872768,0,1783610713063956992,0,1783610713064109312,1783610713064104567,508,price_side,order_id,BTC-USDT,SELL,65000.18,0.001,11800374963033145851,,84224,152320,236544
journal,godzilla,5,1,2,1783610713064174080,0,1783610713064266752,0,1783610713064320000,1783610713064317896,509,price_side,order_id,BTC-USDT,BUY,64999.99,0.001,11800374963033145852,,92672,53248,145920
journal,godzilla,5,1,2,1783610713064470272,0,1783610713064566016,0,1783610713064583168,1783610713064581308,510,price_side,order_id,BTC-USDT,SELL,65000.2,0.001,11800374963033145853,,95744,17152,112896
journal,godzilla,5,1,2,1783610713064769792,0,1783610713064859136,0,1783610713064880896,1783610713064878775,511,price_side,order_id,BTC-USDT,BUY,65000.01,0.001,11800374963033145854,,89344,21760,111104
journal,godzilla,5,1,2,1783610713065069824,0,1783610713065161472,0,1783610713065175808,1783610713065173654,512,price_side,order_id,BTC-USDT,SELL,65000.22,0.001,11800374963033145855,,91648,14336,105984
journal,godzilla,5,1,2,1783610713065369856,0,1783610713065468160,0,1783610713065490176,1783610713065487866,513,price_side,order_id,BTC-USDT,BUY,65000.03,0.001,11800374963033145856,,98304,22016,120320
journal,godzilla,5,1,2,1783610713065670400,0,1783610713065761280,0,1783610713065781248,1783610713065779350,514,price_side,order_id,BTC-USDT,SELL,65000.24,0.001,11800374963033145857,,90880,19968,110848
journal,godzilla,5,1,2,1783610713065969920,0,1783610713066076416,0,1783610713066097920,1783610713066095699,515,price_side,order_id,BTC-USDT,BUY,65000.05,0.001,11800374963033145858,,106496,21504,128000
journal,godzilla,5,1,2,1783610713066289152,0,1783610713066384384,0,1783610713066414336,1783610713066403546,516,price_side,order_id,BTC-USDT,SELL,65000.26,0.001,11800374963033145859,,95232,29952,125184
journal,godzilla,5,1,2,1783610713066571776,0,1783610713066669568,0,1783610713066688512,1783610713066686480,517,price_side,order_id,BTC-USDT,BUY,65000.07,0.001,11800374963033145860,,97792,18944,116736
journal,godzilla,5,1,2,1783610713066871296,0,1783610713066982400,0,1783610713067109632,1783610713067107628,518,price_side,order_id,BTC-USDT,SELL,65000.28,0.001,11800374963033145861,,111104,127232,238336
journal,godzilla,5,1,2,1783610713067170560,0,1783610713067226624,0,1783610713067331584,1783610713067329377,519,price_side,order_id,BTC-USDT,BUY,65000.090000000004,0.001,11800374963033145862,,56064,104960,161024
journal,godzilla,5,1,2,1783610713067471360,0,1783610713067569408,0,1783610713067589888,1783610713067587808,520,price_side,order_id,BTC-USDT,SELL,65000.299999999996,0.001,11800374963033145863,,98048,20480,118528
journal,godzilla,5,1,2,1783610713067771392,0,1783610713067864576,0,1783610713067882752,1783610713067880815,521,price_side,order_id,BTC-USDT,BUY,65000.11,0.001,11800374963033145864,,93184,18176,111360
journal,godzilla,5,1,2,1783610713068070144,0,1783610713068164352,0,1783610713068182272,1783610713068180274,522,price_side,order_id,BTC-USDT,SELL,65000.32,0.001,11800374963033145865,,94208,17920,112128
journal,godzilla,5,1,2,1783610713068369664,0,1783610713068460032,0,1783610713068480768,1783610713068478944,523,price_side,order_id,BTC-USDT,BUY,65000.130000000005,0.001,11800374963033145866,,90368,20736,111104
journal,godzilla,5,1,2,1783610713068669696,0,1783610713068761600,0,1783610713068782080,1783610713068780195,524,price_side,order_id,BTC-USDT,SELL,65000.34,0.001,11800374963033145867,,91904,20480,112384
journal,godzilla,5,1,2,1783610713068977408,0,1783610713069055232,0,1783610713069075200,1783610713069073086,525,price_side,order_id,BTC-USDT,BUY,65000.15,0.001,11800374963033145868,,77824,19968,97792
journal,godzilla,5,1,2,1783610713069270016,0,1783610713069359360,0,1783610713069380864,1783610713069378762,526,price_side,order_id,BTC-USDT,SELL,65000.36,0.001,11800374963033145869,,89344,21504,110848
journal,godzilla,5,1,2,1783610713069569792,0,1783610713069659648,0,1783610713069680640,1783610713069678623,527,price_side,order_id,BTC-USDT,BUY,65000.17,0.001,11800374963033145870,,89856,20992,110848
journal,godzilla,5,1,2,1783610713069869568,0,1783610713069956608,0,1783610713069978112,1783610713069976156,528,price_side,order_id,BTC-USDT,SELL,65000.38,0.001,11800374963033145871,,87040,21504,108544
journal,godzilla,5,1,2,1783610713070169600,0,1783610713070413312,0,1783610713070560512,1783610713070551207,529,price_side,order_id,BTC-USDT,BUY,65000.19,0.001,11800374963033145872,,243712,147200,390912
journal,godzilla,5,1,2,1783610713070469120,0,1783610713070714368,0,1783610713070735616,1783610713070732752,530,price_side,order_id,BTC-USDT,SELL,65000.4,0.001,11800374963033145873,,245248,21248,266496
journal,godzilla,5,1,2,1783610713070771968,0,1783610713070851840,0,1783610713070879744,1783610713070877671,531,price_side,order_id,BTC-USDT,BUY,65000.21,0.001,11800374963033145874,,79872,27904,107776
journal,godzilla,5,1,2,1783610713071073792,0,1783610713071200000,0,1783610713071337728,1783610713071332453,532,price_side,order_id,BTC-USDT,SELL,65000.42,0.001,11800374963033145875,,126208,137728,263936
journal,godzilla,5,1,2,1783610713071373056,0,1783610713071477504,0,1783610713071534080,1783610713071531846,533,price_side,order_id,BTC-USDT,BUY,65000.23,0.001,11800374963033145876,,104448,56576,161024
journal,godzilla,5,1,2,1783610713071671040,0,1783610713071766784,0,1783610713071781376,1783610713071779575,534,price_side,order_id,BTC-USDT,SELL,65000.439999999995,0.001,11800374963033145877,,95744,14592,110336
journal,godzilla,5,1,2,1783610713071981568,0,1783610713072096256,0,1783610713072117760,1783610713072114721,535,price_side,order_id,BTC-USDT,BUY,65000.25,0.001,11800374963033145878,,114688,21504,136192
journal,godzilla,5,1,2,1783610713072272384,0,1783610713072440576,0,1783610713072575488,1783610713072570607,536,price_side,order_id,BTC-USDT,SELL,65000.46,0.001,11800374963033145879,,168192,134912,303104
journal,godzilla,5,1,2,1783610713072572416,0,1783610713072753664,0,1783610713072887552,1783610713072884680,537,price_side,order_id,BTC-USDT,BUY,65000.270000000004,0.001,11800374963033145880,,181248,133888,315136
journal,godzilla,5,1,2,1783610713072870912,0,1783610713072908032,0,1783610713072969984,1783610713072967497,538,price_side,order_id,BTC-USDT,SELL,65000.479999999996,0.001,11800374963033145881,,37120,61952,99072
journal,godzilla,5,1,2,1783610713073172480,0,1783610713073477888,0,1783610713073583104,1783610713073580262,539,price_side,order_id,BTC-USDT,BUY,65000.29,0.001,11800374963033145882,,305408,105216,410624
journal,godzilla,5,1,2,1783610713073469440,0,1783610713073568256,0,1783610713073603328,1783610713073601875,540,price_side,order_id,BTC-USDT,SELL,65000.5,0.001,11800374963033145883,,98816,35072,133888
journal,godzilla,5,1,2,1783610713073772288,0,1783610713073893376,0,1783610713074036224,1783610713074032078,541,price_side,order_id,BTC-USDT,BUY,65000.310000000005,0.001,11800374963033145884,,121088,142848,263936
journal,godzilla,5,1,2,1783610713074071296,0,1783610713074185472,0,1783610713074304768,1783610713074283440,542,price_side,order_id,BTC-USDT,SELL,65000.52,0.001,11800374963033145885,,114176,119296,233472
journal,godzilla,5,1,2,1783610713074373888,0,1783610713074416384,0,1783610713074502400,1783610713074497502,543,price_side,order_id,BTC-USDT,BUY,65000.33,0.001,11800374963033145886,,42496,86016,128512
journal,godzilla,5,1,2,1783610713074685184,0,1783610713074860800,0,1783610713075017472,1783610713075011599,544,price_side,order_id,BTC-USDT,SELL,65000.54,0.001,11800374963033145887,,175616,156672,332288
journal,godzilla,5,1,2,1783610713074973440,0,1783610713075044864,0,1783610713075063552,1783610713075060875,545,price_side,order_id,BTC-USDT,BUY,65000.35,0.001,11800374963033145888,,71424,18688,90112
journal,godzilla,5,1,2,1783610713075273728,0,1783610713075317504,0,1783610713075408640,1783610713075404086,546,price_side,order_id,BTC-USDT,SELL,65000.56,0.001,11800374963033145889,,43776,91136,134912
journal,godzilla,5,1,2,1783610713075573504,0,1783610713075668224,0,1783610713075692800,1783610713075690371,547,price_side,order_id,BTC-USDT,BUY,65000.37,0.001,11800374963033145890,,94720,24576,119296
journal,godzilla,5,1,2,1783610713075871232,0,1783610713075988992,0,1783610713076113664,1783610713076111485,548,price_side,order_id,BTC-USDT,SELL,65000.58,0.001,11800374963033145891,,117760,124672,242432
journal,godzilla,5,1,2,1783610713076169984,0,1783610713076262144,0,1783610713076340992,1783610713076338929,549,price_side,order_id,BTC-USDT,BUY,65000.39,0.001,11800374963033145892,,92160,78848,171008
journal,godzilla,5,1,2,1783610713076471296,0,1783610713076588288,0,1783610713076713472,1783610713076711271,550,price_side,order_id,BTC-USDT,SELL,65000.6,0.001,11800374963033145893,,116992,125184,242176
journal,godzilla,5,1,2,1783610713076770304,0,1783610713076851456,0,1783610713076942848,1783610713076940082,551,price_side,order_id,BTC-USDT,BUY,65000.41,0.001,11800374963033145894,,81152,91392,172544
journal,godzilla,5,1,2,1783610713077071104,0,1783610713077177856,0,1783610713077191680,1783610713077189594,552,price_side,order_id,BTC-USDT,SELL,65000.619999999995,0.001,11800374963033145895,,106752,13824,120576
journal,godzilla,5,1,2,1783610713077370112,0,1783610713077470976,0,1783610713077487360,1783610713077485325,553,price_side,order_id,BTC-USDT,BUY,65000.43,0.001,11800374963033145896,,100864,16384,117248
journal,godzilla,5,1,2,1783610713077684480,0,1783610713077783296,0,1783610713077800448,1783610713077798090,554,price_side,order_id,BTC-USDT,SELL,65000.64,0.001,11800374963033145897,,98816,17152,115968
journal,godzilla,5,1,2,1783610713077970944,0,1783610713078084608,0,1783610713078109440,1783610713078095462,555,price_side,order_id,BTC-USDT,BUY,65000.450000000004,0.001,11800374963033145898,,113664,24832,138496
journal,godzilla,5,1,2,1783610713078271488,0,1783610713078374400,0,1783610713078388736,1783610713078386853,556,price_side,order_id,BTC-USDT,SELL,65000.659999999996,0.001,11800374963033145899,,102912,14336,117248
journal,godzilla,5,1,2,1783610713078569984,0,1783610713078662912,0,1783610713078679552,1783610713078677186,557,price_side,order_id,BTC-USDT,BUY,65000.47,0.001,11800374963033145900,,92928,16640,109568
journal,godzilla,5,1,2,1783610713078870272,0,1783610713078976768,0,1783610713079001600,1783610713078992932,558,price_side,order_id,BTC-USDT,SELL,65000.68,0.001,11800374963033145901,,106496,24832,131328
journal,godzilla,5,1,2,1783610713079170560,0,1783610713079278848,0,1783610713079296000,1783610713079293797,559,price_side,order_id,BTC-USDT,BUY,65000.49,0.001,11800374963033145902,,108288,17152,125440
journal,godzilla,5,1,2,1783610713079471616,0,1783610713079578368,0,1783610713079592448,1783610713079590319,560,price_side,order_id,BTC-USDT,SELL,65000.7,0.001,11800374963033145903,,106752,14080,120832
journal,godzilla,5,1,2,1783610713079770368,0,1783610713079879424,0,1783610713079890432,1783610713079888464,561,price_side,order_id,BTC-USDT,BUY,65000.51,0.001,11800374963033145904,,109056,11008,120064
journal,godzilla,5,1,2,1783610713080070144,0,1783610713080173312,0,1783610713080189184,1783610713080187136,562,price_side,order_id,BTC-USDT,SELL,65000.72,0.001,11800374963033145905,,103168,15872,119040
journal,godzilla,5,1,2,1783610713080369920,0,1783610713080460544,0,1783610713080477440,1783610713080475455,563,price_side,order_id,BTC-USDT,BUY,65000.53,0.001,11800374963033145906,,90624,16896,107520
journal,godzilla,5,1,2,1783610713080678656,0,1783610713080781056,0,1783610713080797952,1783610713080795679,564,price_side,order_id,BTC-USDT,SELL,65000.74,0.001,11800374963033145907,,102400,16896,119296
journal,godzilla,5,1,2,1783610713080971264,0,1783610713081156096,0,1783610713081284352,1783610713081274378,565,price_side,order_id,BTC-USDT,BUY,65000.55,0.001,11800374963033145908,,184832,128256,313088
journal,godzilla,5,1,2,1783610713081270272,0,1783610713081355264,0,1783610713081384960,1783610713081382428,566,price_side,order_id,BTC-USDT,SELL,65000.76,0.001,11800374963033145909,,84992,29696,114688
journal,godzilla,5,1,2,1783610713081571072,0,1783610713081673472,0,1783610713081686784,1783610713081684777,567,price_side,order_id,BTC-USDT,BUY,65000.57,0.001,11800374963033145910,,102400,13312,115712
journal,godzilla,5,1,2,1783610713081870080,0,1783610713081970944,0,1783610713082000128,1783610713081985419,568,price_side,order_id,BTC-USDT,SELL,65000.78,0.001,11800374963033145911,,100864,29184,130048
journal,godzilla,5,1,2,1783610713082171648,0,1783610713082275584,0,1783610713082289920,1783610713082287775,569,price_side,order_id,BTC-USDT,BUY,65000.590000000004,0.001,11800374963033145912,,103936,14336,118272
journal,godzilla,5,1,2,1783610713082470400,0,1783610713082572288,0,1783610713082589696,1783610713082587458,570,price_side,order_id,BTC-USDT,SELL,65000.799999999996,0.001,11800374963033145913,,101888,17408,119296
journal,godzilla,5,1,2,1783610713082770432,0,1783610713082872832,0,1783610713082884096,1783610713082882104,571,price_side,order_id,BTC-USDT,BUY,65000.61,0.001,11800374963033145914,,102400,11264,113664
journal,godzilla,5,1,2,1783610713083070464,0,1783610713083369984,0,1783610713083497984,1783610713083494406,572,price_side,order_id,BTC-USDT,SELL,65000.82,0.001,11800374963033145915,,299520,128000,427520
journal,godzilla,5,1,2,1783610713083381760,0,1783610713083420416,0,1783610713083538688,1783610713083536243,573,price_side,order_id,BTC-USDT,BUY,65000.630000000005,0.001,11800374963033145916,,38656,118272,156928
journal,godzilla,5,1,2,1783610713083671808,0,1783610713083783168,0,1783610713083831552,1783610713083829518,574,price_side,order_id,BTC-USDT,SELL,65000.84,0.001,11800374963033145917,,111360,48384,159744
journal,godzilla,5,1,2,1783610713083971072,0,1783610713084087296,0,1783610713084104448,1783610713084102277,575,price_side,order_id,BTC-USDT,BUY,65000.65,0.001,11800374963033145918,,116224,17152,133376
journal,godzilla,5,1,2,1783610713084270080,0,1783610713084374016,0,1783610713084389888,1783610713084387304,576,price_side,order_id,BTC-USDT,SELL,65000.86,0.001,11800374963033145919,,103936,15872,119808
journal,godzilla,5,1,2,1783610713084570112,0,1783610713084672000,0,1783610713084689920,1783610713084687061,577,price_side,order_id,BTC-USDT,BUY,65000.67,0.001,11800374963033145920,,101888,17920,119808
journal,godzilla,5,1,2,1783610713084870912,0,1783610713084975104,0,1783610713084988672,1783610713084986579,578,price_side,order_id,BTC-USDT,SELL,65000.88,0.001,11800374963033145921,,104192,13568,117760
journal,godzilla,5,1,2,1783610713085169920,0,1783610713085266432,0,1783610713085283072,1783610713085280815,579,price_side,order_id,BTC-USDT,BUY,65000.69,0.001,11800374963033145922,,96512,16640,113152
journal,godzilla,5,1,2,1783610713085469952,0,1783610713085568512,0,1783610713085584896,1783610713085582774,580,price_side,order_id,BTC-USDT,SELL,65000.9,0.001,11800374963033145923,,98560,16384,114944
journal,godzilla,5,1,2,1783610713085771008,0,1783610713085881344,0,1783610713085896448,1783610713085894337,581,price_side,order_id,BTC-USDT,BUY,65000.71,0.001,11800374963033145924,,110336,15104,125440
journal,godzilla,5,1,2,1783610713086070272,0,1783610713086176000,0,1783610713086204416,1783610713086190988,582,price_side,order_id,BTC-USDT,SELL,65000.92,0.001,11800374963033145925,,105728,28416,134144
journal,godzilla,5,1,2,1783610713086382080,0,1783610713086491392,0,1783610713086505984,1783610713086503694,583,price_side,order_id,BTC-USDT,BUY,65000.73,0.001,11800374963033145926,,109312,14592,123904
journal,godzilla,5,1,2,1783610713086670848,0,1783610713086780160,0,1783610713086797568,1783610713086795444,584,price_side,order_id,BTC-USDT,SELL,65000.939999999995,0.001,11800374963033145927,,109312,17408,126720
journal,godzilla,5,1,2,1783610713086971392,0,1783610713087089152,0,1783610713087106560,1783610713087104452,585,price_side,order_id,BTC-USDT,BUY,65000.75,0.001,11800374963033145928,,117760,17408,135168
journal,godzilla,5,1,2,1783610713087271680,0,1783610713087383296,0,1783610713087400960,1783610713087398850,586,price_side,order_id,BTC-USDT,SELL,65000.96,0.001,11800374963033145929,,111616,17664,129280
journal,godzilla,5,1,2,1783610713087571200,0,1783610713087679232,0,1783610713087694080,1783610713087692136,587,price_side,order_id,BTC-USDT,BUY,65000.770000000004,0.001,11800374963033145930,,108032,14848,122880
journal,godzilla,5,1,2,1783610713087870464,0,1783610713087978752,0,1783610713088002048,1783610713087993925,588,price_side,order_id,BTC-USDT,SELL,65000.979999999996,0.001,11800374963033145931,,108288,23296,131584
journal,godzilla,5,1,2,1783610713088170496,0,1783610713088297728,0,1783610713088412928,1783610713088410627,589,price_side,order_id,BTC-USDT,BUY,65000.79,0.001,11800374963033145932,,127232,115200,242432
journal,godzilla,5,1,2,1783610713088470016,0,1783610713088548608,0,1783610713088641536,1783610713088639602,590,price_side,order_id,BTC-USDT,SELL,65001.0,0.001,11800374963033145933,,78592,92928,171520
journal,godzilla,5,1,2,1783610713088771072,0,1783610713088873728,0,1783610713088888832,1783610713088886915,591,price_side,order_id,BTC-USDT,BUY,65000.810000000005,0.001,11800374963033145934,,102656,15104,117760
journal,godzilla,5,1,2,1783610713089078016,0,1783610713089182720,0,1783610713089199104,1783610713089196087,592,price_side,order_id,BTC-USDT,SELL,65001.02,0.001,11800374963033145935,,104704,16384,121088
journal,godzilla,5,1,2,1783610713089371392,0,1783610713089387520,0,1783610713089473024,1783610713089469582,593,price_side,order_id,BTC-USDT,BUY,65000.83,0.001,11800374963033145936,,16128,85504,101632
journal,godzilla,5,1,2,1783610713089670144,0,1783610713089766144,0,1783610713089790208,1783610713089788125,594,price_side,order_id,BTC-USDT,SELL,65001.04,0.001,11800374963033145937,,96000,24064,120064
journal,godzilla,5,1,2,1783610713089970432,0,1783610713090079744,0,1783610713090109952,1783610713090099562,595,price_side,order_id,BTC-USDT,BUY,65000.85,0.001,11800374963033145938,,109312,30208,139520
journal,godzilla,5,1,2,1783610713090271744,0,1783610713090370816,0,1783610713090391296,1783610713090389251,596,price_side,order_id,BTC-USDT,SELL,65001.06,0.001,11800374963033145939,,99072,20480,119552
journal,godzilla,5,1,2,1783610713090571008,0,1783610713090666752,0,1783610713090686464,1783610713090684446,597,price_side,order_id,BTC-USDT,BUY,65000.87,0.001,11800374963033145940,,95744,19712,115456
journal,godzilla,5,1,2,1783610713090870272,0,1783610713090962176,0,1783610713090983680,1783610713090981474,598,price_side,order_id,BTC-USDT,SELL,65001.08,0.001,11800374963033145941,,91904,21504,113408
journal,godzilla,5,1,2,1783610713091170816,0,1783610713091266816,0,1783610713091286272,1783610713091284289,599,price_side,order_id,BTC-USDT,BUY,65000.89,0.001,11800374963033145942,,96000,19456,115456
journal,godzilla,5,1,2,1783610713091470848,0,1783610713091566336,0,1783610713091586048,1783610713091584131,600,price_side,order_id,BTC-USDT,SELL,65000.1,0.001,11800374963033145943,,95488,19712,115200
journal,godzilla,5,1,2,1783610713091770624,0,1783610713091862528,0,1783610713091882752,1783610713091880956,601,price_side,order_id,BTC-USDT,BUY,64999.91,0.001,11800374963033145944,,91904,20224,112128
journal,godzilla,5,1,2,1783610713092080896,0,1783610713092179456,0,1783610713092198912,1783610713092196812,602,price_side,order_id,BTC-USDT,SELL,65000.119999999995,0.001,11800374963033145945,,98560,19456,118016
journal,godzilla,5,1,2,1783610713092370944,0,1783610713092466688,0,1783610713092485632,1783610713092483798,603,price_side,order_id,BTC-USDT,BUY,64999.93,0.001,11800374963033145946,,95744,18944,114688
journal,godzilla,5,1,2,1783610713092670208,0,1783610713092766464,0,1783610713092785664,1783610713092783799,604,price_side,order_id,BTC-USDT,SELL,65000.14,0.001,11800374963033145947,,96256,19200,115456
journal,godzilla,5,1,2,1783610713092969984,0,1783610713093080832,0,1783610713093099264,1783610713093097368,605,price_side,order_id,BTC-USDT,BUY,64999.950000000004,0.001,11800374963033145948,,110848,18432,129280
journal,godzilla,5,1,2,1783610713093271040,0,1783610713093366272,0,1783610713093385216,1783610713093383315,606,price_side,order_id,BTC-USDT,SELL,65000.159999999996,0.001,11800374963033145949,,95232,18944,114176
journal,godzilla,5,1,2,1783610713093570560,0,1783610713093667584,0,1783610713093690112,1783610713093687946,607,price_side,order_id,BTC-USDT,BUY,64999.97,0.001,11800374963033145950,,97024,22528,119552
journal,godzilla,5,1,2,1783610713093870848,0,1783610713093964032,0,1783610713093990656,1783610713093981449,608,price_side,order_id,BTC-USDT,SELL,65000.18,0.001,11800374963033145951,,93184,26624,119808
journal,godzilla,5,1,2,1783610713094170368,0,1783610713094271488,0,1783610713094283520,1783610713094280906,609,price_side,order_id,BTC-USDT,BUY,64999.99,0.001,11800374963033145952,,101120,12032,113152
journal,godzilla,5,1,2,1783610713094471168,0,1783610713094558976,0,1783610713094586368,1783610713094584218,610,price_side,order_id,BTC-USDT,SELL,65000.2,0.001,11800374963033145953,,87808,27392,115200
journal,godzilla,5,1,2,1783610713094841600,0,1783610713094957056,0,1783610713096291584,1783610713096282739,611,price_side,order_id,BTC-USDT,BUY,65000.01,0.001,11800374963033145954,,115456,1334528,1449984
journal,godzilla,5,1,2,1783610713095072000,0,1783610713095194880,0,1783610713096319488,1783610713096316959,612,price_side,order_id,BTC-USDT,SELL,65000.22,0.001,11800374963033145955,,122880,1124608,1247488
journal,godzilla,5,1,2,1783610713095369984,0,1783610713095458560,0,1783610713096340480,1783610713096338098,613,price_side,order_id,BTC-USDT,BUY,65000.03,0.001,11800374963033145956,,88576,881920,970496
journal,godzilla,5,1,2,1783610713095671040,0,1783610713095763200,0,1783610713096359936,1783610713096357592,614,price_side,order_id,BTC-USDT,SELL,65000.24,0.001,11800374963033145957,,92160,596736,688896
journal,godzilla,5,1,2,1783610713095976448,0,1783610713096086528,0,1783610713096379904,1783610713096377562,615,price_side,order_id,BTC-USDT,BUY,65000.05,0.001,11800374963033145958,,110080,293376,403456
journal,godzilla,5,1,2,1783610713096275200,0,1783610713096619008,0,1783610713096694016,1783610713096691747,616,price_side,order_id,BTC-USDT,SELL,65000.26,0.001,11800374963033145959,,343808,75008,418816
journal,godzilla,5,1,2,1783610713096571392,0,1783610713096922624,0,1783610713097063168,1783610713097058403,617,price_side,order_id,BTC-USDT,BUY,65000.07,0.001,11800374963033145960,,351232,140544,491776
journal,godzilla,5,1,2,1783610713096903424,0,1783610713097016832,0,1783610713097090048,1783610713097087424,618,price_side,order_id,BTC-USDT,SELL,65000.28,0.001,11800374963033145961,,113408,73216,186624
journal,godzilla,5,1,2,1783610713097175040,0,1783610713097199104,0,1783610713097234688,1783610713097231655,619,price_side,order_id,BTC-USDT,BUY,65000.090000000004,0.001,11800374963033145962,,24064,35584,59648
journal,godzilla,5,1,2,1783610713097471232,0,1783610713097583616,0,1783610713097596672,1783610713097594351,620,price_side,order_id,BTC-USDT,SELL,65000.299999999996,0.001,11800374963033145963,,112384,13056,125440
journal,godzilla,5,1,2,1783610713097791232,0,1783610713097900800,0,1783610713097933568,1783610713097918457,621,price_side,order_id,BTC-USDT,BUY,65000.11,0.001,11800374963033145964,,109568,32768,142336
journal,godzilla,5,1,2,1783610713098071552,0,1783610713098121472,0,1783610713098140416,1783610713098137481,622,price_side,order_id,BTC-USDT,SELL,65000.32,0.001,11800374963033145965,,49920,18944,68864
journal,godzilla,5,1,2,1783610713098371328,0,1783610713098482944,0,1783610713098498304,1783610713098496230,623,price_side,order_id,BTC-USDT,BUY,65000.130000000005,0.001,11800374963033145966,,111616,15360,126976
journal,godzilla,5,1,2,1783610713098670336,0,1783610713098779392,0,1783610713098797056,1783610713098794733,624,price_side,order_id,BTC-USDT,SELL,65000.34,0.001,11800374963033145967,,109056,17664,126720
journal,godzilla,5,1,2,1783610713098971648,0,1783610713099068672,0,1783610713099087616,1783610713099084696,625,price_side,order_id,BTC-USDT,BUY,65000.15,0.001,11800374963033145968,,97024,18944,115968
journal,godzilla,5,1,2,1783610713099271936,0,1783610713099381248,0,1783610713099395584,1783610713099393514,626,price_side,order_id,BTC-USDT,SELL,65000.36,0.001,11800374963033145969,,109312,14336,123648
journal,godzilla,5,1,2,1783610713099570176,0,1783610713099674368,0,1783610713099687168,1783610713099685306,627,price_side,order_id,BTC-USDT,BUY,65000.17,0.001,11800374963033145970,,104192,12800,116992
journal,godzilla,5,1,2,1783610713099869952,0,1783610713099970048,0,1783610713099986944,1783610713099984855,628,price_side,order_id,BTC-USDT,SELL,65000.38,0.001,11800374963033145971,,100096,16896,116992
journal,godzilla,5,1,2,1783610713100171264,0,1783610713100273664,0,1783610713100287488,1783610713100285587,629,price_side,order_id,BTC-USDT,BUY,65000.19,0.001,11800374963033145972,,102400,13824,116224
journal,godzilla,5,1,2,1783610713100479232,0,1783610713100577536,0,1783610713100594688,1783610713100592399,630,price_side,order_id,BTC-USDT,SELL,65000.4,0.001,11800374963033145973,,98304,17152,115456
journal,godzilla,5,1,2,1783610713100771072,0,1783610713100872704,0,1783610713100886272,1783610713100884298,631,price_side,order_id,BTC-USDT,BUY,65000.21,0.001,11800374963033145974,,101632,13568,115200
journal,godzilla,5,1,2,1783610713101070080,0,1783610713101176064,0,1783610713101192448,1783610713101190337,632,price_side,order_id,BTC-USDT,SELL,65000.42,0.001,11800374963033145975,,105984,16384,122368
journal,godzilla,5,1,2,1783610713101370880,0,1783610713101471744,0,1783610713101489152,1783610713101487226,633,price_side,order_id,BTC-USDT,BUY,65000.23,0.001,11800374963033145976,,100864,17408,118272
journal,godzilla,5,1,2,1783610713101669888,0,1783610713101772032,0,1783610713101789440,1783610713101787158,634,price_side,order_id,BTC-USDT,SELL,65000.439999999995,0.001,11800374963033145977,,102144,17408,119552
journal,godzilla,5,1,2,1783610713101969920,0,1783610713102085888,0,1783610713102108416,1783610713102098012,635,price_side,order_id,BTC-USDT,BUY,65000.25,0.001,11800374963033145978,,115968,22528,138496
journal,godzilla,5,1,2,1783610713102271488,0,1783610713102389760,0,1783610713102504448,1783610713102501929,636,price_side,order_id,BTC-USDT,SELL,65000.46,0.001,11800374963033145979,,118272,114688,232960
journal,godzilla,5,1,2,1783610713102570496,0,1783610713102623232,0,1783610713102724352,1783610713102722344,637,price_side,order_id,BTC-USDT,BUY,65000.270000000004,0.001,11800374963033145980,,52736,101120,153856
journal,godzilla,5,1,2,1783610713102871040,0,1783610713102972928,0,1783610713102990336,1783610713102988343,638,price_side,order_id,BTC-USDT,SELL,65000.479999999996,0.001,11800374963033145981,,101888,17408,119296
journal,godzilla,5,1,2,1783610713103171072,0,1783610713103276544,0,1783610713103291648,1783610713103289582,639,price_side,order_id,BTC-USDT,BUY,65000.29,0.001,11800374963033145982,,105472,15104,120576
journal,godzilla,5,1,2,1783610713103477760,0,1783610713103578624,0,1783610713103592448,1783610713103590206,640,price_side,order_id,BTC-USDT,SELL,65000.5,0.001,11800374963033145983,,100864,13824,114688
journal,godzilla,5,1,2,1783610713103770880,0,1783610713103868928,0,1783610713103988992,1783610713103986346,641,price_side,order_id,BTC-USDT,BUY,65000.310000000005,0.001,11800374963033145984,,98048,120064,218112
journal,godzilla,5,1,2,1783610713104071424,0,1783610713104114176,0,1783610713104219904,1783610713104216981,642,price_side,order_id,BTC-USDT,SELL,65000.52,0.001,11800374963033145985,,42752,105728,148480
journal,godzilla,5,1,2,1783610713104371456,0,1783610713104433664,0,1783610713104497664,1783610713104495146,643,price_side,order_id,BTC-USDT,BUY,65000.33,0.001,11800374963033145986,,62208,64000,126208
journal,godzilla,5,1,2,1783610713104670720,0,1783610713104775936,0,1783610713104788736,1783610713104786619,644,price_side,order_id,BTC-USDT,SELL,65000.54,0.001,11800374963033145987,,105216,12800,118016
journal,godzilla,5,1,2,1783610713104973568,0,1783610713105351680,0,1783610713105494784,1783610713105487665,645,price_side,order_id,BTC-USDT,BUY,65000.35,0.001,11800374963033145988,,378112,143104,521216
journal,godzilla,5,1,2,1783610713105273856,0,1783610713105473536,0,1783610713105535232,1783610713105532349,646,price_side,order_id,BTC-USDT,SELL,65000.56,0.001,11800374963033145989,,199680,61696,261376
journal,godzilla,5,1,2,1783610713105574656,0,1783610713106088448,0,1783610713106201088,1783610713106197168,647,price_side,order_id,BTC-USDT,BUY,65000.37,0.001,11800374963033145990,,513792,112640,626432
journal,godzilla,5,1,2,1783610713105870592,0,1783610713106110720,0,1783610713106250496,1783610713106226309,648,price_side,order_id,BTC-USDT,SELL,65000.58,0.001,11800374963033145991,,240128,139776,379904
journal,godzilla,5,1,2,1783610713106170880,0,1783610713106195456,0,1783610713106269696,1783610713106267594,649,price_side,order_id,BTC-USDT,BUY,65000.39,0.001,11800374963033145992,,24576,74240,98816
journal,godzilla,5,1,2,1783610713106500864,0,1783610713106526976,0,1783610713106605824,1783610713106603443,650,price_side,order_id,BTC-USDT,SELL,65000.6,0.001,11800374963033145993,,26112,78848,104960
journal,godzilla,5,1,2,1783610713106770432,0,1783610713106880000,0,1783610713106989056,1783610713106987129,651,price_side,order_id,BTC-USDT,BUY,65000.41,0.001,11800374963033145994,,109568,109056,218624
journal,godzilla,5,1,2,1783610713107071232,0,1783610713107118592,0,1783610713107212288,1783610713107210125,652,price_side,order_id,BTC-USDT,SELL,65000.619999999995,0.001,11800374963033145995,,47360,93696,141056
journal,godzilla,5,1,2,1783610713107370240,0,1783610713107476224,0,1783610713107599616,1783610713107597426,653,price_side,order_id,BTC-USDT,BUY,65000.43,0.001,11800374963033145996,,105984,123392,229376
journal,godzilla,5,1,2,1783610713107671296,0,1783610713107713536,0,1783610713107821312,1783610713107819309,654,price_side,order_id,BTC-USDT,SELL,65000.64,0.001,11800374963033145997,,42240,107776,150016
journal,godzilla,5,1,2,1783610713107970816,0,1783610713108084224,0,1783610713108101376,1783610713108099295,655,price_side,order_id,BTC-USDT,BUY,65000.450000000004,0.001,11800374963033145998,,113408,17152,130560
journal,godzilla,5,1,2,1783610713108271616,0,1783610713108360960,0,1783610713108379648,1783610713108377664,656,price_side,order_id,BTC-USDT,SELL,65000.659999999996,0.001,11800374963033145999,,89344,18688,108032
journal,godzilla,5,1,2,1783610713108570880,0,1783610713108668160,0,1783610713108689920,1783610713108687964,657,price_side,order_id,BTC-USDT,BUY,65000.47,0.001,11800374963033146000,,97280,21760,119040
journal,godzilla,5,1,2,1783610713108870912,0,1783610713108969216,0,1783610713108987904,1783610713108985880,658,price_side,order_id,BTC-USDT,SELL,65000.68,0.001,11800374963033146001,,98304,18688,116992
journal,godzilla,5,1,2,1783610713109180672,0,1783610713109300480,0,1783610713109415680,1783610713109413427,659,price_side,order_id,BTC-USDT,BUY,65000.49,0.001,11800374963033146002,,119808,115200,235008
journal,godzilla,5,1,2,1783610713109470208,0,1783610713109547008,0,1783610713109642240,1783610713109640230,660,price_side,order_id,BTC-USDT,SELL,65000.7,0.001,11800374963033146003,,76800,95232,172032
journal,godzilla,5,1,2,1783610713109771008,0,1783610713109865216,0,1783610713109892608,1783610713109881730,661,price_side,order_id,BTC-USDT,BUY,65000.51,0.001,11800374963033146004,,94208,27392,121600
journal,godzilla,5,1,2,1783610713110071808,0,1783610713110172416,0,1783610713110190336,1783610713110188315,662,price_side,order_id,BTC-USDT,SELL,65000.72,0.001,11800374963033146005,,100608,17920,118528
journal,godzilla,5,1,2,1783610713110370048,0,1783610713110465280,0,1783610713110487552,1783610713110485598,663,price_side,order_id,BTC-USDT,BUY,65000.53,0.001,11800374963033146006,,95232,22272,117504
journal,godzilla,5,1,2,1783610713110670080,0,1783610713110765824,0,1783610713110787584,1783610713110785649,664,price_side,order_id,BTC-USDT,SELL,65000.74,0.001,11800374963033146007,,95744,21760,117504
journal,godzilla,5,1,2,1783610713110970624,0,1783610713111080960,0,1783610713111101952,1783610713111099829,665,price_side,order_id,BTC-USDT,BUY,65000.55,0.001,11800374963033146008,,110336,20992,131328
journal,godzilla,5,1,2,1783610713111271168,0,1783610713111368192,0,1783610713111387392,1783610713111385434,666,price_side,order_id,BTC-USDT,SELL,65000.76,0.001,11800374963033146009,,97024,19200,116224
journal,godzilla,5,1,2,1783610713111570176,0,1783610713111667200,0,1783610713111686656,1783610713111684787,667,price_side,order_id,BTC-USDT,BUY,65000.57,0.001,11800374963033146010,,97024,19456,116480
journal,godzilla,5,1,2,1783610713111870720,0,1783610713111963392,0,1783610713111986432,1783610713111984260,668,price_side,order_id,BTC-USDT,SELL,65000.78,0.001,11800374963033146011,,92672,23040,115712
journal,godzilla,5,1,2,1783610713112179456,0,1783610713112279040,0,1783610713112297472,1783610713112295324,669,price_side,order_id,BTC-USDT,BUY,65000.590000000004,0.001,11800374963033146012,,99584,18432,118016
journal,godzilla,5,1,2,1783610713112471040,0,1783610713112565504,0,1783610713112585216,1783610713112583276,670,price_side,order_id,BTC-USDT,SELL,65000.799999999996,0.001,11800374963033146013,,94464,19712,114176
journal,godzilla,5,1,2,1783610713112770048,0,1783610713112866816,0,1783610713112884992,1783610713112882926,671,price_side,order_id,BTC-USDT,BUY,65000.61,0.001,11800374963033146014,,96768,18176,114944
journal,godzilla,5,1,2,1783610713113070592,0,1783610713113169920,0,1783610713113188352,1783610713113186250,672,price_side,order_id,BTC-USDT,SELL,65000.82,0.001,11800374963033146015,,99328,18432,117760
journal,godzilla,5,1,2,1783610713113370112,0,1783610713113464320,0,1783610713113486336,1783610713113484232,673,price_side,order_id,BTC-USDT,BUY,65000.630000000005,0.001,11800374963033146016,,94208,22016,116224
journal,godzilla,5,1,2,1783610713113669888,0,1783610713113766656,0,1783610713113797376,1783610713113786796,674,price_side,order_id,BTC-USDT,SELL,65000.84,0.001,11800374963033146017,,96768,30720,127488
journal,godzilla,5,1,2,1783610713113970176,0,1783610713114082048,0,1783610713114096896,1783610713114094787,675,price_side,order_id,BTC-USDT,BUY,65000.65,0.001,11800374963033146018,,111872,14848,126720
journal,godzilla,5,1,2,1783610713114270208,0,1783610713114352640,0,1783610713114387712,1783610713114385525,676,price_side,order_id,BTC-USDT,SELL,65000.86,0.001,11800374963033146019,,82432,35072,117504
journal,godzilla,5,1,2,1783610713114571264,0,1783610713114624000,0,1783610713114689792,1783610713114687387,677,price_side,order_id,BTC-USDT,BUY,65000.67,0.001,11800374963033146020,,52736,65792,118528
journal,godzilla,5,1,2,1783610713114885632,0,1783610713115031552,0,1783610713115157760,1783610713115153628,678,price_side,order_id,BTC-USDT,SELL,65000.88,0.001,11800374963033146021,,145920,126208,272128
journal,godzilla,5,1,2,1783610713115171072,0,1783610713115253760,0,1783610713115294976,1783610713115293188,679,price_side,order_id,BTC-USDT,BUY,65000.69,0.001,11800374963033146022,,82688,41216,123904
journal,godzilla,5,1,2,1783610713115471104,0,1783610713115565824,0,1783610713115585024,1783610713115583008,680,price_side,order_id,BTC-USDT,SELL,65000.9,0.001,11800374963033146023,,94720,19200,113920
journal,godzilla,5,1,2,1783610713115770624,0,1783610713115866368,0,1783610713115885056,1783610713115883157,681,price_side,order_id,BTC-USDT,BUY,65000.71,0.001,11800374963033146024,,95744,18688,114432
journal,godzilla,5,1,2,1783610713116071424,0,1783610713116167168,0,1783610713116188416,1783610713116186416,682,price_side,order_id,BTC-USDT,SELL,65000.92,0.001,11800374963033146025,,95744,21248,116992
journal,godzilla,5,1,2,1783610713116370944,0,1783610713116484096,0,1783610713116600576,1783610713116598001,683,price_side,order_id,BTC-USDT,BUY,65000.73,0.001,11800374963033146026,,113152,116480,229632
journal,godzilla,5,1,2,1783610713116673024,0,1783610713116982784,0,1783610713117086208,1783610713117083172,684,price_side,order_id,BTC-USDT,SELL,65000.939999999995,0.001,11800374963033146027,,309760,103424,413184
journal,godzilla,5,1,2,1783610713116970240,0,1783610713117037824,0,1783610713117102336,1783610713117101008,685,price_side,order_id,BTC-USDT,BUY,65000.75,0.001,11800374963033146028,,67584,64512,132096
journal,godzilla,5,1,2,1783610713117271296,0,1783610713117341184,0,1783610713117426944,1783610713117423899,686,price_side,order_id,BTC-USDT,SELL,65000.96,0.001,11800374963033146029,,69888,85760,155648
journal,godzilla,5,1,2,1783610713117571584,0,1783610713117674240,0,1783610713117701120,1783610713117685498,687,price_side,order_id,BTC-USDT,BUY,65000.770000000004,0.001,11800374963033146030,,102656,26880,129536
journal,godzilla,5,1,2,1783610713117883136,0,1783610713117986048,0,1783610713118010112,1783610713118007725,688,price_side,order_id,BTC-USDT,SELL,65000.979999999996,0.001,11800374963033146031,,102912,24064,126976
journal,godzilla,5,1,2,1783610713118171392,0,1783610713118270720,0,1783610713118284544,1783610713118282490,689,price_side,order_id,BTC-USDT,BUY,65000.79,0.001,11800374963033146032,,99328,13824,113152
journal,godzilla,5,1,2,1783610713118470144,0,1783610713118572288,0,1783610713118589696,1783610713118587706,690,price_side,order_id,BTC-USDT,SELL,65001.0,0.001,11800374963033146033,,102144,17408,119552
journal,godzilla,5,1,2,1783610713118770944,0,1783610713118872320,0,1783610713118885376,1783610713118883498,691,price_side,order_id,BTC-USDT,BUY,65000.810000000005,0.001,11800374963033146034,,101376,13056,114432
journal,godzilla,5,1,2,1783610713119069952,0,1783610713119170816,0,1783610713119188480,1783610713119186288,692,price_side,order_id,BTC-USDT,SELL,65001.02,0.001,11800374963033146035,,100864,17664,118528
journal,godzilla,5,1,2,1783610713119370752,0,1783610713119472640,0,1783610713119487744,1783610713119485624,693,price_side,order_id,BTC-USDT,BUY,65000.83,0.001,11800374963033146036,,101888,15104,116992
journal,godzilla,5,1,2,1783610713119670016,0,1783610713119770624,0,1783610713119788288,1783610713119786183,694,price_side,order_id,BTC-USDT,SELL,65001.04,0.001,11800374963033146037,,100608,17664,118272
journal,godzilla,5,1,2,1783610713119970560,0,1783610713120084480,0,1783610713120098048,1783610713120096104,695,price_side,order_id,BTC-USDT,BUY,65000.85,0.001,11800374963033146038,,113920,13568,127488
journal,godzilla,5,1,2,1783610713120270080,0,1783610713120371968,0,1783610713120388608,1783610713120386521,696,price_side,order_id,BTC-USDT,SELL,65001.06,0.001,11800374963033146039,,101888,16640,118528
journal,godzilla,5,1,2,1783610713120577536,0,1783610713120679424,0,1783610713120697088,1783610713120694792,697,price_side,order_id,BTC-USDT,BUY,65000.87,0.001,11800374963033146040,,101888,17664,119552
journal,godzilla,5,1,2,1783610713120870912,0,1783610713120973568,0,1783610713120986368,1783610713120984407,698,price_side,order_id,BTC-USDT,SELL,65001.08,0.001,11800374963033146041,,102656,12800,115456
journal,godzilla,5,1,2,1783610713121169920,0,1783610713121272320,0,1783610713121289216,1783610713121287060,699,price_side,order_id,BTC-USDT,BUY,65000.89,0.001,11800374963033146042,,102400,16896,119296
journal,godzilla,5,1,2,1783610713121469952,0,1783610713121573376,0,1783610713121586176,1783610713121584275,700,price_side,order_id,BTC-USDT,SELL,65000.1,0.001,11800374963033146043,,103424,12800,116224
journal,godzilla,5,1,2,1783610713121769984,0,1783610713121872896,0,1783610713121898496,1783610713121887843,701,price_side,order_id,BTC-USDT,BUY,64999.91,0.001,11800374963033146044,,102912,25600,128512
journal,godzilla,5,1,2,1783610713122071552,0,1783610713122175744,0,1783610713122189568,1783610713122187750,702,price_side,order_id,BTC-USDT,SELL,65000.119999999995,0.001,11800374963033146045,,104192,13824,118016
journal,godzilla,5,1,2,1783610713122370816,0,1783610713122471168,0,1783610713122488320,1783610713122486345,703,price_side,order_id,BTC-USDT,BUY,64999.93,0.001,11800374963033146046,,100352,17152,117504
journal,godzilla,5,1,2,1783610713122669824,0,1783610713122770944,0,1783610713122787840,1783610713122785873,704,price_side,order_id,BTC-USDT,SELL,65000.14,0.001,11800374963033146047,,101120,16896,118016
journal,godzilla,5,1,2,1783610713122969856,0,1783610713123090688,0,1783610713123100160,1783610713123098297,705,price_side,order_id,BTC-USDT,BUY,64999.950000000004,0.001,11800374963033146048,,120832,9472,130304
journal,godzilla,5,1,2,1783610713123269888,0,1783610713123391744,0,1783610713123508480,1783610713123506261,706,price_side,order_id,BTC-USDT,SELL,65000.159999999996,0.001,11800374963033146049,,121856,116736,238592
journal,godzilla,5,1,2,1783610713123578112,0,1783610713123628544,0,1783610713123731456,1783610713123728631,707,price_side,order_id,BTC-USDT,BUY,64999.97,0.001,11800374963033146050,,50432,102912,153344
journal,godzilla,5,1,2,1783610713123870720,0,1783610713123968768,0,1783610713123986176,1783610713123984145,708,price_side,order_id,BTC-USDT,SELL,65000.18,0.001,11800374963033146051,,98048,17408,115456
journal,godzilla,5,1,2,1783610713124171264,0,1783610713124274432,0,1783610713124287232,1783610713124285427,709,price_side,order_id,BTC-USDT,BUY,64999.99,0.001,11800374963033146052,,103168,12800,115968
journal,godzilla,5,1,2,1783610713124470016,0,1783610713124572672,0,1783610713124589056,1783610713124586915,710,price_side,order_id,BTC-USDT,SELL,65000.2,0.001,11800374963033146053,,102656,16384,119040
journal,godzilla,5,1,2,1783610713124770560,0,1783610713124869888,0,1783610713124886272,1783610713124884313,711,price_side,order_id,BTC-USDT,BUY,65000.01,0.001,11800374963033146054,,99328,16384,115712
journal,godzilla,5,1,2,1783610713125070848,0,1783610713125168896,0,1783610713125183232,1783610713125181312,712,price_side,order_id,BTC-USDT,SELL,65000.22,0.001,11800374963033146055,,98048,14336,112384
journal,godzilla,5,1,2,1783610713125369856,0,1783610713125472000,0,1783610713125489408,1783610713125487282,713,price_side,order_id,BTC-USDT,BUY,65000.03,0.001,11800374963033146056,,102144,17408,119552
journal,godzilla,5,1,2,1783610713125670912,0,1783610713125772544,0,1783610713125798656,1783610713125786393,714,price_side,order_id,BTC-USDT,SELL,65000.24,0.001,11800374963033146057,,101632,26112,127744
journal,godzilla,5,1,2,1783610713125971456,0,1783610713126082304,0,1783610713126096640,1783610713126094700,715,price_side,order_id,BTC-USDT,BUY,65000.05,0.001,11800374963033146058,,110848,14336,125184
journal,godzilla,5,1,2,1783610713126279680,0,1783610713126376448,0,1783610713126392832,1783610713126390601,716,price_side,order_id,BTC-USDT,SELL,65000.26,0.001,11800374963033146059,,96768,16384,113152
journal,godzilla,5,1,2,1783610713126571008,0,1783610713126671104,0,1783610713126680320,1783610713126678310,717,price_side,order_id,BTC-USDT,BUY,65000.07,0.001,11800374963033146060,,100096,9216,109312
journal,godzilla,5,1,2,1783610713126870016,0,1783610713126971904,0,1783610713126988800,1783610713126986702,718,price_side,order_id,BTC-USDT,SELL,65000.28,0.001,11800374963033146061,,101888,16896,118784
journal,godzilla,5,1,2,1783610713127171072,0,1783610713127273472,0,1783610713127286784,1783610713127284881,719,price_side,order_id,BTC-USDT,BUY,65000.090000000004,0.001,11800374963033146062,,102400,13312,115712
journal,godzilla,5,1,2,1783610713127470080,0,1783610713127571200,0,1783610713127588352,1783610713127586311,720,price_side,order_id,BTC-USDT,SELL,65000.299999999996,0.001,11800374963033146063,,101120,17152,118272
journal,godzilla,5,1,2,1783610713127771392,0,1783610713127903488,0,1783610713128033536,1783610713128030266,721,price_side,order_id,BTC-USDT,BUY,65000.11,0.001,11800374963033146064,,132096,130048,262144
journal,godzilla,5,1,2,1783610713128070400,0,1783610713128160512,0,1783610713128247040,1783610713128245063,722,price_side,order_id,BTC-USDT,SELL,65000.32,0.001,11800374963033146065,,90112,86528,176640
journal,godzilla,5,1,2,1783610713128370944,0,1783610713128515584,0,1783610713128638976,1783610713128636088,723,price_side,order_id,BTC-USDT,BUY,65000.130000000005,0.001,11800374963033146066,,144640,123392,268032
journal,godzilla,5,1,2,1783610713128670208,0,1783610713128766976,0,1783610713128849408,1783610713128847511,724,price_side,order_id,BTC-USDT,SELL,65000.34,0.001,11800374963033146067,,96768,82432,179200
journal,godzilla,5,1,2,1783610713128971008,0,1783610713129085696,0,1783610713129101312,1783610713129099324,725,price_side,order_id,BTC-USDT,BUY,65000.15,0.001,11800374963033146068,,114688,15616,130304
journal,godzilla,5,1,2,1783610713129281536,0,1783610713129383936,0,1783610713129398528,1783610713129396336,726,price_side,order_id,BTC-USDT,SELL,65000.36,0.001,11800374963033146069,,102400,14592,116992
journal,godzilla,5,1,2,1783610713129610496,0,1783610713129805824,0,1783610713130005504,1783610713129957986,727,price_side,order_id,BTC-USDT,BUY,65000.17,0.001,11800374963033146070,,195328,199680,395008
journal,godzilla,5,1,2,1783610713129874688,0,1783610713130161408,0,1783610713130333184,1783610713130326993,728,price_side,order_id,BTC-USDT,SELL,65000.38,0.001,11800374963033146071,,286720,171776,458496
journal,godzilla,5,1,2,1783610713130175744,0,1783610713130232064,0,1783610713130366976,1783610713130364474,729,price_side,order_id,BTC-USDT,BUY,65000.19,0.001,11800374963033146072,,56320,134912,191232
journal,godzilla,5,1,2,1783610713130474240,0,1783610713130626304,0,1783610713130710016,1783610713130703871,730,price_side,order_id,BTC-USDT,SELL,65000.4,0.001,11800374963033146073,,152064,83712,235776
journal,godzilla,5,1,2,1783610713130774784,0,1783610713130859520,0,1783610713130941696,1783610713130937602,731,price_side,order_id,BTC-USDT,BUY,65000.21,0.001,11800374963033146074,,84736,82176,166912
journal,godzilla,5,1,2,1783610713131074560,0,1783610713131135488,0,1783610713131211008,1783610713131207237,732,price_side,order_id,BTC-USDT,SELL,65000.42,0.001,11800374963033146075,,60928,75520,136448
journal,godzilla,5,1,2,1783610713131374080,0,1783610713131401728,0,1783610713131515904,1783610713131511637,733,price_side,order_id,BTC-USDT,BUY,65000.23,0.001,11800374963033146076,,27648,114176,141824
journal,godzilla,5,1,2,1783610713131673088,0,1783610713131781632,0,1783610713131948032,1783610713131943751,734,price_side,order_id,BTC-USDT,SELL,65000.439999999995,0.001,11800374963033146077,,108544,166400,274944
journal,godzilla,5,1,2,1783610713131988224,0,1783610713132044544,0,1783610713132083968,1783610713132081844,735,price_side,order_id,BTC-USDT,BUY,65000.25,0.001,11800374963033146078,,56320,39424,95744
journal,godzilla,5,1,2,1783610713132271360,0,1783610713132369664,0,1783610713132390656,1783610713132388445,736,price_side,order_id,BTC-USDT,SELL,65000.46,0.001,11800374963033146079,,98304,20992,119296
journal,godzilla,5,1,2,1783610713132571136,0,1783610713132668928,0,1783610713132686592,1783610713132684679,737,price_side,order_id,BTC-USDT,BUY,65000.270000000004,0.001,11800374963033146080,,97792,17664,115456
journal,godzilla,5,1,2,1783610713132869888,0,1783610713132963328,0,1783610713132984832,1783610713132982666,738,price_side,order_id,BTC-USDT,SELL,65000.479999999996,0.001,11800374963033146081,,93440,21504,114944
journal,godzilla,5,1,2,1783610713133170944,0,1783610713133267456,0,1783610713133286656,1783610713133284668,739,price_side,order_id,BTC-USDT,BUY,65000.29,0.001,11800374963033146082,,96512,19200,115712
journal,godzilla,5,1,2,1783610713133470976,0,1783610713133565696,0,1783610713133596672,1783610713133583678,740,price_side,order_id,BTC-USDT,SELL,65000.5,0.001,11800374963033146083,,94720,30976,125696
journal,godzilla,5,1,2,1783610713133770240,0,1783610713133862144,0,1783610713133883904,1783610713133881511,741,price_side,order_id,BTC-USDT,BUY,65000.310000000005,0.001,11800374963033146084,,91904,21760,113664
journal,godzilla,5,1,2,1783610713134071040,0,1783610713134169344,0,1783610713134189312,1783610713134187199,742,price_side,order_id,BTC-USDT,SELL,65000.52,0.001,11800374963033146085,,98304,19968,118272
journal,godzilla,5,1,2,1783610713134371072,0,1783610713134466560,0,1783610713134485248,1783610713134483307,743,price_side,order_id,BTC-USDT,BUY,65000.33,0.001,11800374963033146086,,95488,18688,114176
journal,godzilla,5,1,2,1783610713134669568,0,1783610713134757376,0,1783610713134778112,1783610713134776213,744,price_side,order_id,BTC-USDT,SELL,65000.54,0.001,11800374963033146087,,87808,20736,108544
journal,godzilla,5,1,2,1783610713134977536,0,1783610713135057152,0,1783610713135077888,1783610713135075796,745,price_side,order_id,BTC-USDT,BUY,65000.35,0.001,11800374963033146088,,79616,20736,100352
journal,godzilla,5,1,2,1783610713135269888,0,1783610713135360000,0,1783610713135380736,1783610713135378643,746,price_side,order_id,BTC-USDT,SELL,65000.56,0.001,11800374963033146089,,90112,20736,110848
journal,godzilla,5,1,2,1783610713135569664,0,1783610713135660800,0,1783610713135682560,1783610713135680617,747,price_side,order_id,BTC-USDT,BUY,65000.37,0.001,11800374963033146090,,91136,21760,112896
journal,godzilla,5,1,2,1783610713135869696,0,1783610713135963904,0,1783610713135981824,1783610713135980213,748,price_side,order_id,BTC-USDT,SELL,65000.58,0.001,11800374963033146091,,94208,17920,112128
journal,godzilla,5,1,2,1783610713136169728,0,1783610713136259072,0,1783610713136280064,1783610713136277912,749,price_side,order_id,BTC-USDT,BUY,65000.39,0.001,11800374963033146092,,89344,20992,110336
journal,godzilla,5,1,2,1783610713136469760,0,1783610713136643840,0,1783610713136781824,1783610713136776687,750,price_side,order_id,BTC-USDT,SELL,65000.6,0.001,11800374963033146093,,174080,137984,312064
journal,godzilla,5,1,2,1783610713136772864,0,1783610713136852992,0,1783610713136885504,1783610713136882861,751,price_side,order_id,BTC-USDT,BUY,65000.41,0.001,11800374963033146094,,80128,32512,112640
journal,godzilla,5,1,2,1783610713137071616,0,1783610713137172224,0,1783610713137184256,1783610713137182212,752,price_side,order_id,BTC-USDT,SELL,65000.619999999995,0.001,11800374963033146095,,100608,12032,112640
journal,godzilla,5,1,2,1783610713137369600,0,1783610713137572352,0,1783610713137721600,1783610713137702098,753,price_side,order_id,BTC-USDT,BUY,65000.43,0.001,11800374963033146096,,202752,149248,352000
journal,godzilla,5,1,2,1783610713137671168,0,1783610713137808384,0,1783610713137826560,1783610713137824483,754,price_side,order_id,BTC-USDT,SELL,65000.64,0.001,11800374963033146097,,137216,18176,155392
journal,godzilla,5,1,2,1783610713137983232,0,1783610713138041088,0,1783610713138055936,1783610713138052913,755,price_side,order_id,BTC-USDT,BUY,65000.450000000004,0.001,11800374963033146098,,57856,14848,72704
journal,godzilla,5,1,2,1783610713138270464,0,1783610713138362880,0,1783610713138384384,1783610713138382130,756,price_side,order_id,BTC-USDT,SELL,65000.659999999996,0.001,11800374963033146099,,92416,21504,113920
journal,godzilla,5,1,2,1783610713138570240,0,1783610713138658816,0,1783610713138680064,1783610713138676800,757,price_side,order_id,BTC-USDT,BUY,65000.47,0.001,11800374963033146100,,88576,21248,109824
journal,godzilla,5,1,2,1783610713138870784,0,1783610713139061504,0,1783610713139199488,1783610713139193840,758,price_side,order_id,BTC-USDT,SELL,65000.68,0.001,11800374963033146101,,190720,137984,328704
journal,godzilla,5,1,2,1783610713139173376,0,1783610713139217408,0,1783610713139306240,1783610713139304289,759,price_side,order_id,BTC-USDT,BUY,65000.49,0.001,11800374963033146102,,44032,88832,132864
journal,godzilla,5,1,2,1783610713139471360,0,1783610713139498496,0,1783610713139588096,1783610713139585975,760,price_side,order_id,BTC-USDT,SELL,65000.7,0.001,11800374963033146103,,27136,89600,116736
journal,godzilla,5,1,2,1783610713139770368,0,1783610713139860736,0,1783610713139884288,1783610713139882355,761,price_side,order_id,BTC-USDT,BUY,65000.51,0.001,11800374963033146104,,90368,23552,113920
journal,godzilla,5,1,2,1783610713140069888,0,1783610713140197376,0,1783610713140316928,1783610713140314573,762,price_side,order_id,BTC-USDT,SELL,65000.72,0.001,11800374963033146105,,127488,119552,247040
journal,godzilla,5,1,2,1783610713140369920,0,1783610713140454400,0,1783610713140547840,1783610713140545311,763,price_side,order_id,BTC-USDT,BUY,65000.53,0.001,11800374963033146106,,84480,93440,177920
journal,godzilla,5,1,2,1783610713140684032,0,1783610713140781056,0,1783610713140796928,1783610713140794608,764,price_side,order_id,BTC-USDT,SELL,65000.74,0.001,11800374963033146107,,97024,15872,112896
journal,godzilla,5,1,2,1783610713140969984,0,1783610713141071616,0,1783610713141086976,1783610713141084758,765,price_side,order_id,BTC-USDT,BUY,65000.55,0.001,11800374963033146108,,101632,15360,116992
journal,godzilla,5,1,2,1783610713141270272,0,1783610713141370880,0,1783610713141379072,1783610713141377195,766,price_side,order_id,BTC-USDT,SELL,65000.76,0.001,11800374963033146109,,100608,8192,108800
journal,godzilla,5,1,2,1783610713141570048,0,1783610713141671424,0,1783610713141695488,1783610713141682110,767,price_side,order_id,BTC-USDT,BUY,65000.57,0.001,11800374963033146110,,101376,24064,125440
journal,godzilla,5,1,2,1783610713141871104,0,1783610713142056960,0,1783610713142198784,1783610713142192773,768,price_side,order_id,BTC-USDT,SELL,65000.78,0.001,11800374963033146111,,185856,141824,327680
journal,godzilla,5,1,2,1783610713142173184,0,1783610713142279680,0,1783610713142292224,1783610713142290213,769,price_side,order_id,BTC-USDT,BUY,65000.590000000004,0.001,11800374963033146112,,106496,12544,119040
journal,godzilla,5,1,2,1783610713142471680,0,1783610713142487808,0,1783610713142503936,1783610713142501099,770,price_side,order_id,BTC-USDT,SELL,65000.799999999996,0.001,11800374963033146113,,16128,16128,32256
journal,godzilla,5,1,2,1783610713142770176,0,1783610713142876160,0,1783610713142893312,1783610713142891186,771,price_side,order_id,BTC-USDT,BUY,65000.61,0.001,11800374963033146114,,105984,17152,123136
journal,godzilla,5,1,2,1783610713143070208,0,1783610713143179008,0,1783610713143194880,1783610713143192767,772,price_side,order_id,BTC-USDT,SELL,65000.82,0.001,11800374963033146115,,108800,15872,124672
journal,godzilla,5,1,2,1783610713143371264,0,1783610713143473920,0,1783610713143487232,1783610713143485191,773,price_side,order_id,BTC-USDT,BUY,65000.630000000005,0.001,11800374963033146116,,102656,13312,115968
journal,godzilla,5,1,2,1783610713143682048,0,1783610713143789312,0,1783610713143806976,1783610713143804619,774,price_side,order_id,BTC-USDT,SELL,65000.84,0.001,11800374963033146117,,107264,17664,124928
journal,godzilla,5,1,2,1783610713143970560,0,1783610713144092416,0,1783610713144109824,1783610713144107422,775,price_side,order_id,BTC-USDT,BUY,65000.65,0.001,11800374963033146118,,121856,17408,139264
journal,godzilla,5,1,2,1783610713144270592,0,1783610713144378624,0,1783610713144397568,1783610713144394427,776,price_side,order_id,BTC-USDT,SELL,65000.86,0.001,11800374963033146119,,108032,18944,126976
journal,godzilla,5,1,2,1783610713144571136,0,1783610713144704000,0,1783610713144830208,1783610713144826682,777,price_side,order_id,BTC-USDT,BUY,65000.67,0.001,11800374963033146120,,132864,126208,259072
journal,godzilla,5,1,2,1783610713144870656,0,1783610713144960768,0,1783610713145062144,1783610713145059740,778,price_side,order_id,BTC-USDT,SELL,65000.88,0.001,11800374963033146121,,90112,101376,191488
journal,godzilla,5,1,2,1783610713145196800,0,1783610713145305600,0,1783610713145321216,1783610713145319027,779,price_side,order_id,BTC-USDT,BUY,65000.69,0.001,11800374963033146122,,108800,15616,124416
journal,godzilla,5,1,2,1783610713145469952,0,1783610713145571840,0,1783610713145598464,1783610713145585695,780,price_side,order_id,BTC-USDT,SELL,65000.9,0.001,11800374963033146123,,101888,26624,128512
journal,godzilla,5,1,2,1783610713145772288,0,1783610713145875968,0,1783610713145888768,1783610713145886819,781,price_side,order_id,BTC-USDT,BUY,65000.71,0.001,11800374963033146124,,103680,12800,116480
journal,godzilla,5,1,2,1783610713146070272,0,1783610713146172416,0,1783610713146189056,1783610713146186838,782,price_side,order_id,BTC-USDT,SELL,65000.92,0.001,11800374963033146125,,102144,16640,118784
journal,godzilla,5,1,2,1783610713146377984,0,1783610713146478848,0,1783610713146496000,1783610713146493834,783,price_side,order_id,BTC-USDT,BUY,65000.73,0.001,11800374963033146126,,100864,17152,118016
journal,godzilla,5,1,2,1783610713146670848,0,1783610713146774016,0,1783610713146789120,1783610713146786955,784,price_side,order_id,BTC-USDT,SELL,65000.939999999995,0.001,11800374963033146127,,103168,15104,118272
journal,godzilla,5,1,2,1783610713146970112,0,1783610713147088896,0,1783610713147104768,1783610713147102600,785,price_side,order_id,BTC-USDT,BUY,65000.75,0.001,11800374963033146128,,118784,15872,134656
journal,godzilla,5,1,2,1783610713147270144,0,1783610713147374336,0,1783610713147390720,1783610713147388000,786,price_side,order_id,BTC-USDT,SELL,65000.96,0.001,11800374963033146129,,104192,16384,120576
journal,godzilla,5,1,2,1783610713147571200,0,1783610713147674368,0,1783610713147690496,1783610713147688533,787,price_side,order_id,BTC-USDT,BUY,65000.770000000004,0.001,11800374963033146130,,103168,16128,119296
journal,godzilla,5,1,2,1783610713147870976,0,1783610713147968000,0,1783610713147981312,1783610713147979343,788,price_side,order_id,BTC-USDT,SELL,65000.979999999996,0.001,11800374963033146131,,97024,13312,110336
journal,godzilla,5,1,2,1783610713148169984,0,1783610713148269824,0,1783610713148287232,1783610713148285107,789,price_side,order_id,BTC-USDT,BUY,65000.79,0.001,11800374963033146132,,99840,17408,117248
journal,godzilla,5,1,2,1783610713148470784,0,1783610713148573440,0,1783610713148588544,1783610713148586573,790,price_side,order_id,BTC-USDT,SELL,65001.0,0.001,11800374963033146133,,102656,15104,117760
journal,godzilla,5,1,2,1783610713148769792,0,1783610713148873216,0,1783610713148888064,1783610713148885922,791,price_side,order_id,BTC-USDT,BUY,65000.810000000005,0.001,11800374963033146134,,103424,14848,118272
journal,godzilla,5,1,2,1783610713149070080,0,1783610713149172480,0,1783610713149188096,1783610713149185931,792,price_side,order_id,BTC-USDT,SELL,65001.02,0.001,11800374963033146135,,102400,15616,118016
journal,godzilla,5,1,2,1783610713149377280,0,1783610713149484032,0,1783610713149506816,1783610713149498072,793,price_side,order_id,BTC-USDT,BUY,65000.83,0.001,11800374963033146136,,106752,22784,129536
journal,godzilla,5,1,2,1783610713149671424,0,1783610713149773056,0,1783610713149786624,1783610713149784623,794,price_side,order_id,BTC-USDT,SELL,65001.04,0.001,11800374963033146137,,101632,13568,115200
journal,godzilla,5,1,2,1783610713149971712,0,1783610713150179072,0,1783610713150335232,1783610713150328936,795,price_side,order_id,BTC-USDT,BUY,65000.85,0.001,11800374963033146138,,207360,156160,363520
journal,godzilla,5,1,2,1783610713150343424,0,1783610713150738176,0,1783610713150875648,1783610713150870277,796,price_side,order_id,BTC-USDT,SELL,65001.06,0.001,11800374963033146139,,394752,137472,532224
journal,godzilla,5,1,2,1783610713150570240,0,1783610713150772992,0,1783610713150904832,1783610713150902249,797,price_side,order_id,BTC-USDT,BUY,65000.87,0.001,11800374963033146140,,202752,131840,334592
journal,godzilla,5,1,2,1783610713150873344,0,1783610713150965248,0,1783610713151062272,1783610713151059698,798,price_side,order_id,BTC-USDT,SELL,65001.08,0.001,11800374963033146141,,91904,97024,188928
journal,godzilla,5,1,2,1783610713151171840,0,1783610713151198720,0,1783610713151214080,1783610713151211105,799,price_side,order_id,BTC-USDT,BUY,65000.89,0.001,11800374963033146142,,26880,15360,42240
journal,godzilla,5,1,2,1783610713151469824,0,1783610713151569152,0,1783610713151585024,1783610713151582746,800,price_side,order_id,BTC-USDT,SELL,65000.1,0.001,11800374963033146143,,99328,15872,115200
journal,godzilla,5,1,2,1783610713151769856,0,1783610713151885568,0,1783610713152005376,1783610713152002273,801,price_side,order_id,BTC-USDT,BUY,64999.91,0.001,11800374963033146144,,115712,119808,235520
journal,godzilla,5,1,2,1783610713152086528,0,1783610713152121088,0,1783610713152216320,1783610713152213559,802,price_side,order_id,BTC-USDT,SELL,65000.119999999995,0.001,11800374963033146145,,34560,95232,129792
journal,godzilla,5,1,2,1783610713152369920,0,1783610713152471040,0,1783610713152488448,1783610713152486207,803,price_side,order_id,BTC-USDT,BUY,64999.93,0.001,11800374963033146146,,101120,17408,118528
journal,godzilla,5,1,2,1783610713152670720,0,1783610713152771584,0,1783610713152783616,1783610713152781623,804,price_side,order_id,BTC-USDT,SELL,65000.14,0.001,11800374963033146147,,100864,12032,112896
journal,godzilla,5,1,2,1783610713152969984,0,1783610713153086976,0,1783610713153102336,1783610713153100282,805,price_side,order_id,BTC-USDT,BUY,64999.950000000004,0.001,11800374963033146148,,116992,15360,132352
journal,godzilla,5,1,2,1783610713153270272,0,1783610713153368576,0,1783610713153395968,1783610713153382217,806,price_side,order_id,BTC-USDT,SELL,65000.159999999996,0.001,11800374963033146149,,98304,27392,125696
journal,godzilla,5,1,2,1783610713153571584,0,1783610713153673984,0,1783610713153686528,1783610713153684474,807,price_side,order_id,BTC-USDT,BUY,64999.97,0.001,11800374963033146150,,102400,12544,114944
journal,godzilla,5,1,2,1783610713153870080,0,1783610713153974016,0,1783610713153989120,1783610713153986986,808,price_side,order_id,BTC-USDT,SELL,65000.18,0.001,11800374963033146151,,103936,15104,119040
journal,godzilla,5,1,2,1783610713154170112,0,1783610713154315264,0,1783610713154452736,1783610713154448570,809,price_side,order_id,BTC-USDT,BUY,64999.99,0.001,11800374963033146152,,145152,137472,282624
journal,godzilla,5,1,2,1783610713154472704,0,1783610713154732288,0,1783610713154938112,1783610713154932810,810,price_side,order_id,BTC-USDT,SELL,65000.2,0.001,11800374963033146153,,259584,205824,465408
journal,godzilla,5,1,2,1783610713154773504,0,1783610713154794752,0,1783610713154972416,1783610713154969802,811,price_side,order_id,BTC-USDT,BUY,65000.01,0.001,11800374963033146154,,21248,177664,198912
journal,godzilla,5,1,2,1783610713155087872,0,1783610713155171584,0,1783610713155248384,1783610713155242990,812,price_side,order_id,BTC-USDT,SELL,65000.22,0.001,11800374963033146155,,83712,76800,160512
journal,godzilla,5,1,2,1783610713155374848,0,1783610713155401472,0,1783610713155478272,1783610713155473096,813,price_side,order_id,BTC-USDT,BUY,65000.03,0.001,11800374963033146156,,26624,76800,103424
journal,godzilla,5,1,2,1783610713155673088,0,1783610713156035328,0,1783610713156110848,1783610713156107817,814,price_side,order_id,BTC-USDT,SELL,65000.24,0.001,11800374963033146157,,362240,75520,437760
journal,godzilla,5,1,2,1783610713155969280,0,1783610713156062720,0,1783610713156131328,1783610713156130060,815,price_side,order_id,BTC-USDT,BUY,65000.05,0.001,11800374963033146158,,93440,68608,162048
journal,godzilla,5,1,2,1783610713156271360,0,1783610713156318464,0,1783610713156331264,1783610713156329035,816,price_side,order_id,BTC-USDT,SELL,65000.26,0.001,11800374963033146159,,47104,12800,59904
journal,godzilla,5,1,2,1783610713156569600,0,1783610713156668160,0,1783610713156684544,1783610713156682599,817,price_side,order_id,BTC-USDT,BUY,65000.07,0.001,11800374963033146160,,98560,16384,114944
journal,godzilla,5,1,2,1783610713156871424,0,1783610713156972800,0,1783610713157022464,1783610713157016424,818,price_side,order_id,BTC-USDT,SELL,65000.28,0.001,11800374963033146161,,101376,49664,151040
journal,godzilla,5,1,2,1783610713157171200,0,1783610713157268736,0,1783610713157282816,1783610713157280721,819,price_side,order_id,BTC-USDT,BUY,65000.090000000004,0.001,11800374963033146162,,97536,14080,111616
journal,godzilla,5,1,2,1783610713157471488,0,1783610713157573120,0,1783610713157679104,1783610713157658517,820,price_side,order_id,BTC-USDT,SELL,65000.299999999996,0.001,11800374963033146163,,101632,105984,207616
journal,godzilla,5,1,2,1783610713157782272,0,1783610713157794560,0,1783610713157881600,1783610713157878819,821,price_side,order_id,BTC-USDT,BUY,65000.11,0.001,11800374963033146164,,12288,87040,99328
journal,godzilla,5,1,2,1783610713158070272,0,1783610713158258944,0,1783610713158392320,1783610713158386009,822,price_side,order_id,BTC-USDT,SELL,65000.32,0.001,11800374963033146165,,188672,133376,322048
journal,godzilla,5,1,2,1783610713158371840,0,1783610713158504960,0,1783610713158572800,1783610713158570160,823,price_side,order_id,BTC-USDT,BUY,65000.130000000005,0.001,11800374963033146166,,133120,67840,200960
journal,godzilla,5,1,2,1783610713158671360,0,1783610713158738176,0,1783610713158790656,1783610713158787687,824,price_side,order_id,BTC-USDT,SELL,65000.34,0.001,11800374963033146167,,66816,52480,119296
journal,godzilla,5,1,2,1783610713158969856,0,1783610713159214080,0,1783610713159350784,1783610713159348722,825,price_side,order_id,BTC-USDT,BUY,65000.15,0.001,11800374963033146168,,244224,136704,380928
journal,godzilla,5,1,2,1783610713159269120,0,1783610713159483392,0,1783610713159495168,1783610713159493275,826,price_side,order_id,BTC-USDT,SELL,65000.36,0.001,11800374963033146169,,214272,11776,226048
journal,godzilla,5,1,2,1783610713159570944,0,1783610713159629568,0,1783610713159722752,1783610713159720803,827,price_side,order_id,BTC-USDT,BUY,65000.17,0.001,11800374963033146170,,58624,93184,151808
journal,godzilla,5,1,2,1783610713159869952,0,1783610713159959040,0,1783610713159980544,1783610713159978323,828,price_side,order_id,BTC-USDT,SELL,65000.38,0.001,11800374963033146171,,89088,21504,110592
journal,godzilla,5,1,2,1783610713160169728,0,1783610713160260608,0,1783610713160278016,1783610713160276233,829,price_side,order_id,BTC-USDT,BUY,65000.19,0.001,11800374963033146172,,90880,17408,108288
journal,godzilla,5,1,2,1783610713160469760,0,1783610713160561152,0,1783610713160581632,1783610713160579541,830,price_side,order_id,BTC-USDT,SELL,65000.4,0.001,11800374963033146173,,91392,20480,111872
journal,godzilla,5,1,2,1783610713160781312,0,1783610713160872960,0,1783610713160890880,1783610713160888939,831,price_side,order_id,BTC-USDT,BUY,65000.21,0.001,11800374963033146174,,91648,17920,109568
journal,godzilla,5,1,2,1783610713161073152,0,1783610713161359616,0,1783610713161489152,1783610713161471722,832,price_side,order_id,BTC-USDT,SELL,65000.42,0.001,11800374963033146175,,286464,129536,416000
journal,godzilla,5,1,2,1783610713161369344,0,1783610713161460992,0,1783610713161525760,1783610713161510371,833,price_side,order_id,BTC-USDT,BUY,65000.23,0.001,11800374963033146176,,91648,64768,156416
journal,godzilla,5,1,2,1783610713161671424,0,1783610713161743616,0,1783610713161786112,1783610713161783944,834,price_side,order_id,BTC-USDT,SELL,65000.439999999995,0.001,11800374963033146177,,72192,42496,114688
journal,godzilla,5,1,2,1783610713161970176,0,1783610713162073600,0,1783610713162100480,1783610713162098107,835,price_side,order_id,BTC-USDT,BUY,65000.25,0.001,11800374963033146178,,103424,26880,130304
journal,godzilla,5,1,2,1783610713162269952,0,1783610713162378496,0,1783610713162489088,1783610713162487051,836,price_side,order_id,BTC-USDT,SELL,65000.46,0.001,11800374963033146179,,108544,110592,219136
journal,godzilla,5,1,2,1783610713162570752,0,1783610713162615296,0,1783610713162720768,1783610713162718262,837,price_side,order_id,BTC-USDT,BUY,65000.270000000004,0.001,11800374963033146180,,44544,105472,150016
journal,godzilla,5,1,2,1783610713162885376,0,1783610713163048960,0,1783610713163179520,1783610713163176098,838,price_side,order_id,BTC-USDT,SELL,65000.479999999996,0.001,11800374963033146181,,163584,130560,294144
journal,godzilla,5,1,2,1783610713163172096,0,1783610713163190784,0,1783610713163202304,1783610713163199992,839,price_side,order_id,BTC-USDT,BUY,65000.29,0.001,11800374963033146182,,18688,11520,30208
journal,godzilla,5,1,2,1783610713163482368,0,1783610713163591168,0,1783610713163704320,1783610713163701948,840,price_side,order_id,BTC-USDT,SELL,65000.5,0.001,11800374963033146183,,108800,113152,221952
journal,godzilla,5,1,2,1783610713163770624,0,1783610713163827200,0,1783610713163916544,1783610713163914379,841,price_side,order_id,BTC-USDT,BUY,65000.310000000005,0.001,11800374963033146184,,56576,89344,145920
journal,godzilla,5,1,2,1783610713164071680,0,1783610713164099072,0,1783610713164194304,1783610713164192047,842,price_side,order_id,BTC-USDT,SELL,65000.52,0.001,11800374963033146185,,27392,95232,122624
journal,godzilla,5,1,2,1783610713164369920,0,1783610713164478720,0,1783610713164592384,1783610713164590366,843,price_side,order_id,BTC-USDT,BUY,65000.33,0.001,11800374963033146186,,108800,113664,222464
journal,godzilla,5,1,2,1783610713164670720,0,1783610713164721664,0,1783610713164817152,1783610713164815046,844,price_side,order_id,BTC-USDT,SELL,65000.54,0.001,11800374963033146187,,50944,95488,146432
journal,godzilla,5,1,2,1783610713164972032,0,1783610713165027584,0,1783610713165114880,1783610713165109902,845,price_side,order_id,BTC-USDT,BUY,65000.35,0.001,11800374963033146188,,55552,87296,142848
journal,godzilla,5,1,2,1783610713165273856,0,1783610713165487616,0,1783610713165755392,1783610713165636359,846,price_side,order_id,BTC-USDT,SELL,65000.56,0.001,11800374963033146189,,213760,267776,481536
journal,godzilla,5,1,2,1783610713165570048,0,1783610713165613568,0,1783610713165788672,1783610713165785350,847,price_side,order_id,BTC-USDT,BUY,65000.37,0.001,11800374963033146190,,43520,175104,218624
journal,godzilla,5,1,2,1783610713165872384,0,1783610713166013952,0,1783610713166075648,1783610713166073236,848,price_side,order_id,BTC-USDT,SELL,65000.58,0.001,11800374963033146191,,141568,61696,203264
journal,godzilla,5,1,2,1783610713166184192,0,1783610713166201600,0,1783610713166223360,1783610713166220626,849,price_side,order_id,BTC-USDT,BUY,65000.39,0.001,11800374963033146192,,17408,21760,39168
journal,godzilla,5,1,2,1783610713166481152,0,1783610713166578944,0,1783610713166602496,1783610713166599871,850,price_side,order_id,BTC-USDT,SELL,65000.6,0.001,11800374963033146193,,97792,23552,121344
journal,godzilla,5,1,2,1783610713166771456,0,1783610713166867712,0,1783610713166886400,1783610713166884485,851,price_side,order_id,BTC-USDT,BUY,65000.41,0.001,11800374963033146194,,96256,18688,114944
journal,godzilla,5,1,2,1783610713167071488,0,1783610713167170816,0,1783610713167191040,1783610713167188937,852,price_side,order_id,BTC-USDT,SELL,65000.619999999995,0.001,11800374963033146195,,99328,20224,119552
journal,godzilla,5,1,2,1783610713167370496,0,1783610713167462912,0,1783610713167481344,1783610713167479284,853,price_side,order_id,BTC-USDT,BUY,65000.43,0.001,11800374963033146196,,92416,18432,110848
journal,godzilla,5,1,2,1783610713167670016,0,1783610713167765760,0,1783610713167788288,1783610713167786015,854,price_side,order_id,BTC-USDT,SELL,65000.64,0.001,11800374963033146197,,95744,22528,118272
journal,godzilla,5,1,2,1783610713167970304,0,1783610713168078592,0,1783610713168100608,1783610713168098547,855,price_side,order_id,BTC-USDT,BUY,65000.450000000004,0.001,11800374963033146198,,108288,22016,130304
journal,godzilla,5,1,2,1783610713168271104,0,1783610713168367872,0,1783610713168387840,1783610713168385945,856,price_side,order_id,BTC-USDT,SELL,65000.659999999996,0.001,11800374963033146199,,96768,19968,116736
journal,godzilla,5,1,2,1783610713168570624,0,1783610713168616960,0,1783610713168694016,1783610713168691348,857,price_side,order_id,BTC-USDT,BUY,65000.47,0.001,11800374963033146200,,46336,77056,123392
journal,godzilla,5,1,2,1783610713168872704,0,1783610713169006848,0,1783610713169128704,1783610713169125010,858,price_side,order_id,BTC-USDT,SELL,65000.68,0.001,11800374963033146201,,134144,121856,256000
journal,godzilla,5,1,2,1783610713169170688,0,1783610713169421312,0,1783610713169585664,1783610713169570170,859,price_side,order_id,BTC-USDT,BUY,65000.49,0.001,11800374963033146202,,250624,164352,414976
journal,godzilla,5,1,2,1783610713169487104,0,1783610713169668608,0,1783610713169734912,1783610713169731841,860,price_side,order_id,BTC-USDT,SELL,65000.7,0.001,11800374963033146203,,181504,66304,247808
journal,godzilla,5,1,2,1783610713169772800,0,1783610713169826560,0,1783610713169867776,1783610713169865043,861,price_side,order_id,BTC-USDT,BUY,65000.51,0.001,11800374963033146204,,53760,41216,94976
journal,godzilla,5,1,2,1783610713170071296,0,1783610713170172416,0,1783610713170190848,1783610713170188734,862,price_side,order_id,BTC-USDT,SELL,65000.72,0.001,11800374963033146205,,101120,18432,119552
journal,godzilla,5,1,2,1783610713170370048,0,1783610713170470144,0,1783610713170493696,1783610713170490345,863,price_side,order_id,BTC-USDT,BUY,65000.53,0.001,11800374963033146206,,100096,23552,123648
journal,godzilla,5,1,2,1783610713170670336,0,1783610713170765056,0,1783610713170787840,1783610713170785601,864,price_side,order_id,BTC-USDT,SELL,65000.74,0.001,11800374963033146207,,94720,22784,117504
journal,godzilla,5,1,2,1783610713170969856,0,1783610713171070976,0,1783610713171091200,1783610713171089111,865,price_side,order_id,BTC-USDT,BUY,65000.55,0.001,11800374963033146208,,101120,20224,121344
journal,godzilla,5,1,2,1783610713171271168,0,1783610713171366144,0,1783610713171385088,1783610713171382986,866,price_side,order_id,BTC-USDT,SELL,65000.76,0.001,11800374963033146209,,94976,18944,113920
journal,godzilla,5,1,2,1783610713171569664,0,1783610713171663872,0,1783610713171686656,1783610713171684492,867,price_side,order_id,BTC-USDT,BUY,65000.57,0.001,11800374963033146210,,94208,22784,116992
journal,godzilla,5,1,2,1783610713171869696,0,1783610713171964416,0,1783610713171986688,1783610713171984627,868,price_side,order_id,BTC-USDT,SELL,65000.78,0.001,11800374963033146211,,94720,22272,116992
journal,godzilla,5,1,2,1783610713172183808,0,1783610713172379136,0,1783610713172511232,1783610713172507345,869,price_side,order_id,BTC-USDT,BUY,65000.590000000004,0.001,11800374963033146212,,195328,132096,327424
journal,godzilla,5,1,2,1783610713172470528,0,1783610713172697600,0,1783610713172848384,1783610713172846139,870,price_side,order_id,BTC-USDT,SELL,65000.799999999996,0.001,11800374963033146213,,227072,150784,377856
journal,godzilla,5,1,2,1783610713172770048,0,1783610713172846080,0,1783610713172863232,1783610713172861743,871,price_side,order_id,BTC-USDT,BUY,65000.61,0.001,11800374963033146214,,76032,17152,93184
journal,godzilla,5,1,2,1783610713173073408,0,1783610713173201664,0,1783610713173349632,1783610713173329084,872,price_side,order_id,BTC-USDT,SELL,65000.82,0.001,11800374963033146215,,128256,147968,276224
journal,godzilla,5,1,2,1783610713173375232,0,1783610713173535744,0,1783610713173593088,1783610713173590300,873,price_side,order_id,BTC-USDT,BUY,65000.630000000005,0.001,11800374963033146216,,160512,57344,217856
journal,godzilla,5,1,2,1783610713173672448,0,1783610713173749760,0,1783610713173761280,1783610713173759286,874,price_side,order_id,BTC-USDT,SELL,65000.84,0.001,11800374963033146217,,77312,11520,88832
journal,godzilla,5,1,2,1783610713173970176,0,1783610713174088192,0,1783610713174106368,1783610713174104126,875,price_side,order_id,BTC-USDT,BUY,65000.65,0.001,11800374963033146218,,118016,18176,136192
journal,godzilla,5,1,2,1783610713174270976,0,1783610713174366976,0,1783610713174383872,1783610713174381771,876,price_side,order_id,BTC-USDT,SELL,65000.86,0.001,11800374963033146219,,96000,16896,112896
journal,godzilla,5,1,2,1783610713174569984,0,1783610713174671360,0,1783610713174685696,1783610713174683600,877,price_side,order_id,BTC-USDT,BUY,65000.67,0.001,11800374963033146220,,101376,14336,115712
journal,godzilla,5,1,2,1783610713174870016,0,1783610713174971904,0,1783610713174990336,1783610713174988041,878,price_side,order_id,BTC-USDT,SELL,65000.88,0.001,11800374963033146221,,101888,18432,120320
journal,godzilla,5,1,2,1783610713175185664,0,1783610713175291392,0,1783610713175304704,1783610713175302326,879,price_side,order_id,BTC-USDT,BUY,65000.69,0.001,11800374963033146222,,105728,13312,119040
journal,godzilla,5,1,2,1783610713175470592,0,1783610713175618048,0,1783610713175742720,1783610713175738033,880,price_side,order_id,BTC-USDT,SELL,65000.9,0.001,11800374963033146223,,147456,124672,272128
journal,godzilla,5,1,2,1783610713175772416,0,1783610713175882496,0,1783610713175966464,1783610713175964092,881,price_side,order_id,BTC-USDT,BUY,65000.71,0.001,11800374963033146224,,110080,83968,194048
journal,godzilla,5,1,2,1783610713176071424,0,1783610713176211712,0,1783610713176346112,1783610713176342965,882,price_side,order_id,BTC-USDT,SELL,65000.92,0.001,11800374963033146225,,140288,134400,274688
journal,godzilla,5,1,2,1783610713176370944,0,1783610713176648192,0,1783610713176809984,1783610713176804910,883,price_side,order_id,BTC-USDT,BUY,65000.73,0.001,11800374963033146226,,277248,161792,439040
journal,godzilla,5,1,2,1783610713176673024,0,1783610713176703488,0,1783610713176841728,1783610713176838748,884,price_side,order_id,BTC-USDT,SELL,65000.939999999995,0.001,11800374963033146227,,30464,138240,168704
journal,godzilla,5,1,2,1783610713176974592,0,1783610713177060864,0,1783610713177129216,1783610713177124558,885,price_side,order_id,BTC-USDT,BUY,65000.75,0.001,11800374963033146228,,86272,68352,154624
journal,godzilla,5,1,2,1783610713177274880,0,1783610713177317888,0,1783610713177387520,1783610713177362641,886,price_side,order_id,BTC-USDT,SELL,65000.96,0.001,11800374963033146229,,43008,69632,112640
journal,godzilla,5,1,2,1783610713177574912,0,1783610713177611008,0,1783610713177659392,1783610713177653854,887,price_side,order_id,BTC-USDT,BUY,65000.770000000004,0.001,11800374963033146230,,36096,48384,84480
journal,godzilla,5,1,2,1783610713177887488,0,1783610713178087424,0,1783610713178248448,1783610713178244049,888,price_side,order_id,BTC-USDT,SELL,65000.979999999996,0.001,11800374963033146231,,199936,161024,360960
journal,godzilla,5,1,2,1783610713178170880,0,1783610713178213376,0,1783610713178269184,1783610713178267740,889,price_side,order_id,BTC-USDT,BUY,65000.79,0.001,11800374963033146232,,42496,55808,98304
journal,godzilla,5,1,2,1783610713178471680,0,1783610713178570752,0,1783610713178589952,1783610713178587894,890,price_side,order_id,BTC-USDT,SELL,65001.0,0.001,11800374963033146233,,99072,19200,118272
journal,godzilla,5,1,2,1783610713178771200,0,1783610713178868736,0,1783610713178887680,1783610713178885639,891,price_side,order_id,BTC-USDT,BUY,65000.810000000005,0.001,11800374963033146234,,97536,18944,116480
journal,godzilla,5,1,2,1783610713179071488,0,1783610713179170304,0,1783610713179189760,1783610713179187779,892,price_side,order_id,BTC-USDT,SELL,65001.02,0.001,11800374963033146235,,98816,19456,118272
journal,godzilla,5,1,2,1783610713179372544,0,1783610713179476224,0,1783610713179495424,1783610713179493245,893,price_side,order_id,BTC-USDT,BUY,65000.83,0.001,11800374963033146236,,103680,19200,122880
journal,godzilla,5,1,2,1783610713179671296,0,1783610713179769600,0,1783610713179790080,1783610713179787992,894,price_side,order_id,BTC-USDT,SELL,65001.04,0.001,11800374963033146237,,98304,20480,118784
journal,godzilla,5,1,2,1783610713179971584,0,1783610713180109568,0,1783610713180240128,1783610713180236784,895,price_side,order_id,BTC-USDT,BUY,65000.85,0.001,11800374963033146238,,137984,130560,268544
journal,godzilla,5,1,2,1783610713180270336,0,1783610713180365056,0,1783610713180470016,1783610713180466999,896,price_side,order_id,BTC-USDT,SELL,65001.06,0.001,11800374963033146239,,94720,104960,199680
journal,godzilla,5,1,2,1783610713180571392,0,1783610713180601088,0,1783610713180622336,1783610713180619450,897,price_side,order_id,BTC-USDT,BUY,65000.87,0.001,11800374963033146240,,29696,21248,50944
journal,godzilla,5,1,2,1783610713180883968,0,1783610713180991744,0,1783610713181020160,1783610713181016604,898,price_side,order_id,BTC-USDT,SELL,65001.08,0.001,11800374963033146241,,107776,28416,136192
journal,godzilla,5,1,2,1783610713181171456,0,1783610713181197312,0,1783610713181227008,1783610713181211581,899,price_side,order_id,BTC-USDT,BUY,65000.89,0.001,11800374963033146242,,25856,29696,55552
journal,godzilla,5,1,2,1783610713181470720,0,1783610713181568256,0,1783610713181590528,1783610713181588208,900,price_side,order_id,BTC-USDT,SELL,65000.1,0.001,11800374963033146243,,97536,22272,119808
journal,godzilla,5,1,2,1783610713181770496,0,1783610713181867520,0,1783610713181886720,1783610713181884770,901,price_side,order_id,BTC-USDT,BUY,64999.91,0.001,11800374963033146244,,97024,19200,116224
journal,godzilla,5,1,2,1783610713182071040,0,1783610713182168320,0,1783610713182187264,1783610713182185197,902,price_side,order_id,BTC-USDT,SELL,65000.119999999995,0.001,11800374963033146245,,97280,18944,116224
journal,godzilla,5,1,2,1783610713182370304,0,1783610713182466560,0,1783610713182488064,1783610713182485934,903,price_side,order_id,BTC-USDT,BUY,64999.93,0.001,11800374963033146246,,96256,21504,117760
journal,godzilla,5,1,2,1783610713182671104,0,1783610713182766592,0,1783610713182785792,1783610713182783861,904,price_side,order_id,BTC-USDT,SELL,65000.14,0.001,11800374963033146247,,95488,19200,114688
journal,godzilla,5,1,2,1783610713182969856,0,1783610713183078656,0,1783610713183100672,1783610713183098546,905,price_side,order_id,BTC-USDT,BUY,64999.950000000004,0.001,11800374963033146248,,108800,22016,130816
journal,godzilla,5,1,2,1783610713183273472,0,1783610713183454464,0,1783610713183593728,1783610713183590294,906,price_side,order_id,BTC-USDT,SELL,65000.159999999996,0.001,11800374963033146249,,180992,139264,320256
journal,godzilla,5,1,2,1783610713183580928,0,1783610713183735552,0,1783610713183857152,1783610713183854294,907,price_side,order_id,BTC-USDT,BUY,64999.97,0.001,11800374963033146250,,154624,121600,276224
journal,godzilla,5,1,2,1783610713183871488,0,1783610713183980544,0,1783610713183992832,1783610713183990849,908,price_side,order_id,BTC-USDT,SELL,65000.18,0.001,11800374963033146251,,109056,12288,121344
journal,godzilla,5,1,2,1783610713184170240,0,1783610713184276480,0,1783610713184290048,1783610713184288004,909,price_side,order_id,BTC-USDT,BUY,64999.99,0.001,11800374963033146252,,106240,13568,119808
journal,godzilla,5,1,2,1783610713184470016,0,1783610713184572928,0,1783610713184587520,1783610713184585333,910,price_side,order_id,BTC-USDT,SELL,65000.2,0.001,11800374963033146253,,102912,14592,117504
journal,godzilla,5,1,2,1783610713184769792,0,1783610713184867584,0,1783610713184883200,1783610713184881039,911,price_side,order_id,BTC-USDT,BUY,65000.01,0.001,11800374963033146254,,97792,15616,113408
journal,godzilla,5,1,2,1783610713185070080,0,1783610713185174272,0,1783610713185198336,1783610713185186628,912,price_side,order_id,BTC-USDT,SELL,65000.22,0.001,11800374963033146255,,104192,24064,128256
journal,godzilla,5,1,2,1783610713185371392,0,1783610713185479424,0,1783610713185605632,1783610713185603319,913,price_side,order_id,BTC-USDT,BUY,65000.03,0.001,11800374963033146256,,108032,126208,234240
journal,godzilla,5,1,2,1783610713185670400,0,1783610713185731584,0,1783610713185837568,1783610713185835296,914,price_side,order_id,BTC-USDT,SELL,65000.24,0.001,11800374963033146257,,61184,105984,167168
journal,godzilla,5,1,2,1783610713185971456,0,1783610713186067712,0,1783610713186085888,1783610713186083646,915,price_side,order_id,BTC-USDT,BUY,65000.05,0.001,11800374963033146258,,96256,18176,114432
journal,godzilla,5,1,2,1783610713186272256,0,1783610713186375424,0,1783610713186390784,1783610713186388662,916,price_side,order_id,BTC-USDT,SELL,65000.26,0.001,11800374963033146259,,103168,15360,118528
journal,godzilla,5,1,2,1783610713186647552,0,1783610713186762240,0,1783610713186883840,1783610713186880616,917,price_side,order_id,BTC-USDT,BUY,65000.07,0.001,11800374963033146260,,114688,121600,236288
journal,godzilla,5,1,2,1783610713186871040,0,1783610713186972928,0,1783610713187013888,1783610713187011497,918,price_side,order_id,BTC-USDT,SELL,65000.28,0.001,11800374963033146261,,101888,40960,142848
journal,godzilla,5,1,2,1783610713187171584,0,1783610713187274240,0,1783610713187286272,1783610713187284255,919,price_side,order_id,BTC-USDT,BUY,65000.090000000004,0.001,11800374963033146262,,102656,12032,114688
journal,godzilla,5,1,2,1783610713187470080,0,1783610713187570176,0,1783610713187586304,1783610713187584364,920,price_side,order_id,BTC-USDT,SELL,65000.299999999996,0.001,11800374963033146263,,100096,16128,116224
journal,godzilla,5,1,2,1783610713187769856,0,1783610713187869696,0,1783610713187885824,1783610713187883681,921,price_side,order_id,BTC-USDT,BUY,65000.11,0.001,11800374963033146264,,99840,16128,115968
journal,godzilla,5,1,2,1783610713188071168,0,1783610713188173312,0,1783610713188187392,1783610713188185275,922,price_side,order_id,BTC-USDT,SELL,65000.32,0.001,11800374963033146265,,102144,14080,116224
journal,godzilla,5,1,2,1783610713188370176,0,1783610713188473088,0,1783610713188488192,1783610713188486146,923,price_side,order_id,BTC-USDT,BUY,65000.130000000005,0.001,11800374963033146266,,102912,15104,118016
journal,godzilla,5,1,2,1783610713188670208,0,1783610713188884736,0,1783610713189032960,1783610713189030346,924,price_side,order_id,BTC-USDT,SELL,65000.34,0.001,11800374963033146267,,214528,148224,362752
journal,godzilla,5,1,2,1783610713188970752,0,1783610713189022720,0,1783610713189059840,1783610713189049006,925,price_side,order_id,BTC-USDT,BUY,65000.15,0.001,11800374963033146268,,51968,37120,89088
journal,godzilla,5,1,2,1783610713189285888,0,1783610713189428736,0,1783610713189501440,1783610713189495186,926,price_side,order_id,BTC-USDT,SELL,65000.36,0.001,11800374963033146269,,142848,72704,215552
journal,godzilla,5,1,2,1783610713189574656,0,1783610713189816576,0,1783610713189968128,1783610713189965475,927,price_side,order_id,BTC-USDT,BUY,65000.17,0.001,11800374963033146270,,241920,151552,393472
journal,godzilla,5,1,2,1783610713189869824,0,1783610713189918720,0,1783610713189988352,1783610713189986928,928,price_side,order_id,BTC-USDT,SELL,65000.38,0.001,11800374963033146271,,48896,69632,118528
journal,godzilla,5,1,2,1783610713190171136,0,1783610713190215680,0,1783610713190237952,1783610713190235675,929,price_side,order_id,BTC-USDT,BUY,65000.19,0.001,11800374963033146272,,44544,22272,66816
journal,godzilla,5,1,2,1783610713190469888,0,1783610713190610176,0,1783610713190736128,1783610713190733055,930,price_side,order_id,BTC-USDT,SELL,65000.4,0.001,11800374963033146273,,140288,125952,266240
journal,godzilla,5,1,2,1783610713190769920,0,1783610713190853632,0,1783610713190947328,1783610713190945429,931,price_side,order_id,BTC-USDT,BUY,65000.21,0.001,11800374963033146274,,83712,93696,177408
journal,godzilla,5,1,2,1783610713191071232,0,1783610713191089920,0,1783610713191111168,1783610713191108502,932,price_side,order_id,BTC-USDT,SELL,65000.42,0.001,11800374963033146275,,18688,21248,39936
journal,godzilla,5,1,2,1783610713191369984,0,1783610713191470592,0,1783610713191492608,1783610713191490544,933,price_side,order_id,BTC-USDT,BUY,65000.23,0.001,11800374963033146276,,100608,22016,122624
journal,godzilla,5,1,2,1783610713191670784,0,1783610713191768320,0,1783610713191788544,1783610713191786614,934,price_side,order_id,BTC-USDT,SELL,65000.439999999995,0.001,11800374963033146277,,97536,20224,117760
journal,godzilla,5,1,2,1783610713191970816,0,1783610713192082432,0,1783610713192100352,1783610713192098328,935,price_side,order_id,BTC-USDT,BUY,65000.25,0.001,11800374963033146278,,111616,17920,129536
journal,godzilla,5,1,2,1783610713192284160,0,1783610713192380928,0,1783610713192401152,1783610713192398928,936,price_side,order_id,BTC-USDT,SELL,65000.46,0.001,11800374963033146279,,96768,20224,116992
journal,godzilla,5,1,2,1783610713192571136,0,1783610713192666112,0,1783610713192685312,1783610713192683232,937,price_side,order_id,BTC-USDT,BUY,65000.270000000004,0.001,11800374963033146280,,94976,19200,114176
journal,godzilla,5,1,2,1783610713192871168,0,1783610713192962304,0,1783610713192990720,1783610713192979590,938,price_side,order_id,BTC-USDT,SELL,65000.479999999996,0.001,11800374963033146281,,91136,28416,119552
journal,godzilla,5,1,2,1783610713193171968,0,1783610713193268736,0,1783610713193287168,1783610713193285065,939,price_side,order_id,BTC-USDT,BUY,65000.29,0.001,11800374963033146282,,96768,18432,115200
journal,godzilla,5,1,2,1783610713193470208,0,1783610713193564928,0,1783610713193586432,1783610713193584278,940,price_side,order_id,BTC-USDT,SELL,65000.5,0.001,11800374963033146283,,94720,21504,116224
journal,godzilla,5,1,2,1783610713193769984,0,1783610713193865984,0,1783610713193886464,1783610713193884301,941,price_side,order_id,BTC-USDT,BUY,65000.310000000005,0.001,11800374963033146284,,96000,20480,116480
journal,godzilla,5,1,2,1783610713194071040,0,1783610713194189568,0,1783610713194304256,1783610713194301257,942,price_side,order_id,BTC-USDT,SELL,65000.52,0.001,11800374963033146285,,118528,114688,233216
journal,godzilla,5,1,2,1783610713194406912,0,1783610713194502400,0,1783610713194528512,1783610713194526336,943,price_side,order_id,BTC-USDT,BUY,65000.33,0.001,11800374963033146286,,95488,26112,121600
journal,godzilla,5,1,2,1783610713194670592,0,1783610713194777088,0,1783610713194950656,1783610713194946411,944,price_side,order_id,BTC-USDT,SELL,65000.54,0.001,11800374963033146287,,106496,173568,280064
journal,godzilla,5,1,2,1783610713194985472,0,1783610713195280384,0,1783610713195444224,1783610713195437869,945,price_side,order_id,BTC-USDT,BUY,65000.35,0.001,11800374963033146288,,294912,163840,458752
journal,godzilla,5,1,2,1783610713195272704,0,1783610713195316224,0,1783610713195470848,1783610713195469218,946,price_side,order_id,BTC-USDT,SELL,65000.56,0.001,11800374963033146289,,43520,154624,198144
journal,godzilla,5,1,2,1783610713195574016,0,1783610713195745792,0,1783610713195879168,1783610713195874714,947,price_side,order_id,BTC-USDT,BUY,65000.37,0.001,11800374963033146290,,171776,133376,305152
journal,godzilla,5,1,2,1783610713195872768,0,1783610713195928576,0,1783610713195977216,1783610713195974667,948,price_side,order_id,BTC-USDT,SELL,65000.58,0.001,11800374963033146291,,55808,48640,104448
journal,godzilla,5,1,2,1783610713196174848,0,1783610713196228608,0,1783610713196302080,1783610713196298637,949,price_side,order_id,BTC-USDT,BUY,65000.39,0.001,11800374963033146292,,53760,73472,127232
journal,godzilla,5,1,2,1783610713196472832,0,1783610713196512512,0,1783610713196610816,1783610713196608690,950,price_side,order_id,BTC-USDT,SELL,65000.6,0.001,11800374963033146293,,39680,98304,137984
journal,godzilla,5,1,2,1783610713196771584,0,1783610713196875520,0,1783610713196895488,1783610713196893448,951,price_side,order_id,BTC-USDT,BUY,65000.41,0.001,11800374963033146294,,103936,19968,123904
journal,godzilla,5,1,2,1783610713197072896,0,1783610713197092352,0,1783610713197158144,1783610713197113443,952,price_side,order_id,BTC-USDT,SELL,65000.619999999995,0.001,11800374963033146295,,19456,65792,85248
journal,godzilla,5,1,2,1783610713197371136,0,1783610713197481472,0,1783610713197507840,1783610713197505322,953,price_side,order_id,BTC-USDT,BUY,65000.43,0.001,11800374963033146296,,110336,26368,136704
journal,godzilla,5,1,2,1783610713197671680,0,1783610713197693184,0,1783610713197716736,1783610713197713347,954,price_side,order_id,BTC-USDT,SELL,65000.64,0.001,11800374963033146297,,21504,23552,45056
journal,godzilla,5,1,2,1783610713197983232,0,1783610713198109440,0,1783610713198134272,1783610713198131505,955,price_side,order_id,BTC-USDT,BUY,65000.450000000004,0.001,11800374963033146298,,126208,24832,151040
journal,godzilla,5,1,2,1783610713198270976,0,1783610713198321920,0,1783610713198346496,1783610713198343123,956,price_side,order_id,BTC-USDT,SELL,65000.659999999996,0.001,11800374963033146299,,50944,24576,75520
journal,godzilla,5,1,2,1783610713198571264,0,1783610713198683904,0,1783610713198705920,1783610713198703682,957,price_side,order_id,BTC-USDT,BUY,65000.47,0.001,11800374963033146300,,112640,22016,134656
journal,godzilla,5,1,2,1783610713198872064,0,1783610713198891264,0,1783610713198916096,1783610713198912971,958,price_side,order_id,BTC-USDT,SELL,65000.68,0.001,11800374963033146301,,19200,24832,44032
journal,godzilla,5,1,2,1783610713199170560,0,1783610713199285760,0,1783610713199308544,1783610713199306273,959,price_side,order_id,BTC-USDT,BUY,65000.49,0.001,11800374963033146302,,115200,22784,137984
journal,godzilla,5,1,2,1783610713199471360,0,1783610713199575296,0,1783610713199598080,1783610713199595893,960,price_side,order_id,BTC-USDT,SELL,65000.7,0.001,11800374963033146303,,103936,22784,126720
journal,godzilla,5,1,2,1783610713199771392,0,1783610713199873536,0,1783610713199892224,1783610713199890121,961,price_side,order_id,BTC-USDT,BUY,65000.51,0.001,11800374963033146304,,102144,18688,120832
journal,godzilla,5,1,2,1783610713200071424,0,1783610713200172800,0,1783610713200191744,1783610713200189694,962,price_side,order_id,BTC-USDT,SELL,65000.72,0.001,11800374963033146305,,101376,18944,120320
journal,godzilla,5,1,2,1783610713200371456,0,1783610713200471552,0,1783610713200491520,1783610713200489599,963,price_side,order_id,BTC-USDT,BUY,65000.53,0.001,11800374963033146306,,100096,19968,120064
journal,godzilla,5,1,2,1783610713200671232,0,1783610713200775168,0,1783610713200796160,1783610713200794223,964,price_side,order_id,BTC-USDT,SELL,65000.74,0.001,11800374963033146307,,103936,20992,124928
journal,godzilla,5,1,2,1783610713200981504,0,1783610713201117952,0,1783610713201259008,1783610713201246102,965,price_side,order_id,BTC-USDT,BUY,65000.55,0.001,11800374963033146308,,136448,141056,277504
journal,godzilla,5,1,2,1783610713201271552,0,1783610713201360384,0,1783610713201431552,1783610713201429408,966,price_side,order_id,BTC-USDT,SELL,65000.76,0.001,11800374963033146309,,88832,71168,160000
journal,godzilla,5,1,2,1783610713201571072,0,1783610713201667328,0,1783610713201686784,1783610713201685001,967,price_side,order_id,BTC-USDT,BUY,65000.57,0.001,11800374963033146310,,96256,19456,115712
journal,godzilla,5,1,2,1783610713201870080,0,1783610713201966080,0,1783610713201988096,1783610713201985813,968,price_side,order_id,BTC-USDT,SELL,65000.78,0.001,11800374963033146311,,96000,22016,118016
journal,godzilla,5,1,2,1783610713202171136,0,1783610713202266112,0,1783610713202284800,1783610713202282754,969,price_side,order_id,BTC-USDT,BUY,65000.590000000004,0.001,11800374963033146312,,94976,18688,113664
journal,godzilla,5,1,2,1783610713202469888,0,1783610713202565632,0,1783610713202586368,1783610713202584366,970,price_side,order_id,BTC-USDT,SELL,65000.799999999996,0.001,11800374963033146313,,95744,20736,116480
journal,godzilla,5,1,2,1783610713202771200,0,1783610713202865152,0,1783610713202884352,1783610713202882261,971,price_side,order_id,BTC-USDT,BUY,65000.61,0.001,11800374963033146314,,93952,19200,113152
journal,godzilla,5,1,2,1783610713203071232,0,1783610713203182848,0,1783610713203303424,1783610713203301431,972,price_side,order_id,BTC-USDT,SELL,65000.82,0.001,11800374963033146315,,111616,120576,232192
journal,godzilla,5,1,2,1783610713203371008,0,1783610713203423232,0,1783610713203519744,1783610713203517614,973,price_side,order_id,BTC-USDT,BUY,65000.630000000005,0.001,11800374963033146316,,52224,96512,148736
journal,godzilla,5,1,2,1783610713203678464,0,1783610713203781632,0,1783610713203794688,1783610713203792587,974,price_side,order_id,BTC-USDT,SELL,65000.84,0.001,11800374963033146317,,103168,13056,116224
journal,godzilla,5,1,2,1783610713203970304,0,1783610713204091648,0,1783610713204105216,1783610713204102536,975,price_side,order_id,BTC-USDT,BUY,65000.65,0.001,11800374963033146318,,121344,13568,134912
journal,godzilla,5,1,2,1783610713204270080,0,1783610713204373504,0,1783610713204391168,1783610713204388233,976,price_side,order_id,BTC-USDT,SELL,65000.86,0.001,11800374963033146319,,103424,17664,121088
journal,godzilla,5,1,2,1783610713204572160,0,1783610713204673792,0,1783610713204833280,1783610713204829046,977,price_side,order_id,BTC-USDT,BUY,65000.67,0.001,11800374963033146320,,101632,159488,261120
journal,godzilla,5,1,2,1783610713204873728,0,1783610713204962816,0,1783610713205087488,1783610713205055501,978,price_side,order_id,BTC-USDT,SELL,65000.88,0.001,11800374963033146321,,89088,124672,213760
journal,godzilla,5,1,2,1783610713205171968,0,1783610713205338624,0,1783610713205381120,1783610713205376414,979,price_side,order_id,BTC-USDT,BUY,65000.69,0.001,11800374963033146322,,166656,42496,209152
journal,godzilla,5,1,2,1783610713205476608,0,1783610713205513472,0,1783610713205623552,1783610713205620623,980,price_side,order_id,BTC-USDT,SELL,65000.9,0.001,11800374963033146323,,36864,110080,146944
journal,godzilla,5,1,2,1783610713205771776,0,1783610713205826816,0,1783610713205896704,1783610713205894631,981,price_side,order_id,BTC-USDT,BUY,65000.71,0.001,11800374963033146324,,55040,69888,124928
journal,godzilla,5,1,2,1783610713206070528,0,1783610713206217216,0,1783610713206354432,1783610713206351181,982,price_side,order_id,BTC-USDT,SELL,65000.92,0.001,11800374963033146325,,146688,137216,283904
journal,godzilla,5,1,2,1783610713206371328,0,1783610713206577408,0,1783610713206716160,1783610713206712914,983,price_side,order_id,BTC-USDT,BUY,65000.73,0.001,11800374963033146326,,206080,138752,344832
journal,godzilla,5,1,2,1783610713206689280,0,1783610713206782208,0,1783610713206802176,1783610713206800263,984,price_side,order_id,BTC-USDT,SELL,65000.939999999995,0.001,11800374963033146327,,92928,19968,112896
journal,godzilla,5,1,2,1783610713206971392,0,1783610713207003648,0,1783610713207079680,1783610713207077567,985,price_side,order_id,BTC-USDT,BUY,65000.75,0.001,11800374963033146328,,32256,76032,108288
journal,godzilla,5,1,2,1783610713207270400,0,1783610713207386624,0,1783610713207509248,1783610713207507094,986,price_side,order_id,BTC-USDT,SELL,65000.96,0.001,11800374963033146329,,116224,122624,238848
journal,godzilla,5,1,2,1783610713207569920,0,1783610713207657984,0,1783610713207836160,1783610713207831582,987,price_side,order_id,BTC-USDT,BUY,65000.770000000004,0.001,11800374963033146330,,88064,178176,266240
journal,godzilla,5,1,2,1783610713207874048,0,1783610713208021760,0,1783610713208060160,1783610713208058190,988,price_side,order_id,BTC-USDT,SELL,65000.979999999996,0.001,11800374963033146331,,147712,38400,186112
journal,godzilla,5,1,2,1783610713208171008,0,1783610713208247808,0,1783610713208306432,1783610713208304078,989,price_side,order_id,BTC-USDT,BUY,65000.79,0.001,11800374963033146332,,76800,58624,135424
journal,godzilla,5,1,2,1783610713208470272,0,1783610713208661760,0,1783610713208801280,1783610713208798132,990,price_side,order_id,BTC-USDT,SELL,65001.0,0.001,11800374963033146333,,191488,139520,331008
journal,godzilla,5,1,2,1783610713208770304,0,1783610713208851968,0,1783610713208921088,1783610713208904531,991,price_side,order_id,BTC-USDT,BUY,65000.810000000005,0.001,11800374963033146334,,81664,69120,150784
journal,godzilla,5,1,2,1783610713209072128,0,1783610713209147136,0,1783610713209228800,1783610713209226712,992,price_side,order_id,BTC-USDT,SELL,65001.02,0.001,11800374963033146335,,75008,81664,156672
journal,godzilla,5,1,2,1783610713209382400,0,1783610713209487360,0,1783610713209501696,1783610713209499512,993,price_side,order_id,BTC-USDT,BUY,65000.83,0.001,11800374963033146336,,104960,14336,119296
journal,godzilla,5,1,2,1783610713209670144,0,1783610713209772288,0,1783610713209785088,1783610713209783108,994,price_side,order_id,BTC-USDT,SELL,65001.04,0.001,11800374963033146337,,102144,12800,114944
journal,godzilla,5,1,2,1783610713209969920,0,1783610713210085376,0,1783610713210101760,1783610713210099608,995,price_side,order_id,BTC-USDT,BUY,65000.85,0.001,11800374963033146338,,115456,16384,131840
journal,godzilla,5,1,2,1783610713210269952,0,1783610713210369280,0,1783610713210386688,1783610713210384514,996,price_side,order_id,BTC-USDT,SELL,65001.06,0.001,11800374963033146339,,99328,17408,116736
journal,godzilla,5,1,2,1783610713210569984,0,1783610713210671360,0,1783610713210684672,1783610713210682693,997,price_side,order_id,BTC-USDT,BUY,65000.87,0.001,11800374963033146340,,101376,13312,114688
journal,godzilla,5,1,2,1783610713210870016,0,1783610713210972672,0,1783610713210989568,1783610713210987347,998,price_side,order_id,BTC-USDT,SELL,65001.08,0.001,11800374963033146341,,102656,16896,119552
journal,godzilla,5,1,2,1783610713211171072,0,1783610713211270400,0,1783610713211283456,1783610713211281457,999,price_side,order_id,BTC-USDT,BUY,65000.89,0.001,11800374963033146342,,99328,13056,112384
journal,godzilla,5,1,2,1783610713211469824,0,1783610713211567872,0,1783610713211585024,1783610713211583051,1000,price_side,order_id,BTC-USDT,SELL,65000.1,0.001,11800374963033146343,,98048,17152,115200
