run_id,system,depth_session_id,strategy_session_id,td_session_id,depth_gen_time_ns,depth_trigger_time_ns,order_input_gen_time_ns,order_input_trigger_time_ns,order_gen_time_ns,order_trigger_time_ns,depth_event_id,join_depth_method,join_order_method,symbol,side,price,qty,order_id,client_order_id,md_to_order_input_ns,order_report_ns,total_tick_to_trade_ns
journal,godzilla,5,1,2,1783610754656643584,0,1783610754656786944,0,1783610754656927232,1783610754656924086,101,price_side,order_id,BTC-USDT,BUY,64999.91,0.001,866585320701886564,,143360,140288,283648
journal,godzilla,5,1,2,1783610754656943104,0,1783610754657141760,0,1783610754657292800,1783610754657289761,102,price_side,order_id,BTC-USDT,SELL,65000.119999999995,0.001,866585320701886565,,198656,151040,349696
journal,godzilla,5,1,2,1783610754657243136,0,1783610754657315328,0,1783610754657408000,1783610754657405829,103,price_side,order_id,BTC-USDT,BUY,64999.93,0.001,866585320701886566,,72192,92672,164864
journal,godzilla,5,1,2,1783610754657543680,0,1783610754657602048,0,1783610754657685760,1783610754657683493,104,price_side,order_id,BTC-USDT,SELL,65000.14,0.001,866585320701886567,,58368,83712,142080
journal,godzilla,5,1,2,1783610754657857024,0,1783610754658005248,0,1783610754658144768,1783610754658141391,105,price_side,order_id,BTC-USDT,BUY,64999.950000000004,0.001,866585320701886568,,148224,139520,287744
journal,godzilla,5,1,2,1783610754658143488,0,1783610754658270208,0,1783610754658317568,1783610754658306248,106,price_side,order_id,BTC-USDT,SELL,65000.159999999996,0.001,866585320701886569,,126720,47360,174080
journal,godzilla,5,1,2,1783610754658444288,0,1783610754658502912,0,1783610754658575616,1783610754658573652,107,price_side,order_id,BTC-USDT,BUY,64999.97,0.001,866585320701886570,,58624,72704,131328
journal,godzilla,5,1,2,1783610754658743552,0,1783610754658886656,0,1783610754659028480,1783610754659025651,108,price_side,order_id,BTC-USDT,SELL,65000.18,0.001,866585320701886571,,143104,141824,284928
journal,godzilla,5,1,2,1783610754659043584,0,1783610754659300608,0,1783610754659451136,1783610754659448992,109,price_side,order_id,BTC-USDT,BUY,64999.99,0.001,866585320701886572,,257024,150528,407552
journal,godzilla,5,1,2,1783610754659342592,0,1783610754659399168,0,1783610754659471104,1783610754659469707,110,price_side,order_id,BTC-USDT,SELL,65000.2,0.001,866585320701886573,,56576,71936,128512
journal,godzilla,5,1,2,1783610754659650048,0,1783610754659681024,0,1783610754659694592,1783610754659691754,111,price_side,order_id,BTC-USDT,BUY,65000.01,0.001,866585320701886574,,30976,13568,44544
journal,godzilla,5,1,2,1783610754659943680,0,1783610754660041472,0,1783610754660099328,1783610754660096972,112,price_side,order_id,BTC-USDT,SELL,65000.22,0.001,866585320701886575,,97792,57856,155648
journal,godzilla,5,1,2,1783610754660243968,0,1783610754660291072,0,1783610754660383744,1783610754660381221,113,price_side,order_id,BTC-USDT,BUY,65000.03,0.001,866585320701886576,,47104,92672,139776
journal,godzilla,5,1,2,1783610754660545280,0,1783610754660733696,0,1783610754660903424,1783610754660898758,114,price_side,order_id,BTC-USDT,SELL,65000.24,0.001,866585320701886577,,188416,169728,358144
journal,godzilla,5,1,2,1783610754660875776,0,1783610754660918016,0,1783610754660936960,1783610754660933505,115,price_side,order_id,BTC-USDT,BUY,65000.05,0.001,866585320701886578,,42240,18944,61184
journal,godzilla,5,1,2,1783610754661145856,0,1783610754661217536,0,1783610754661298176,1783610754661295920,116,price_side,order_id,BTC-USDT,SELL,65000.26,0.001,866585320701886579,,71680,80640,152320
journal,godzilla,5,1,2,1783610754661444096,0,1783610754661557248,0,1783610754661572608,1783610754661570506,117,price_side,order_id,BTC-USDT,BUY,65000.07,0.001,866585320701886580,,113152,15360,128512
journal,godzilla,5,1,2,1783610754661743360,0,1783610754662433024,0,1783610754662509056,1783610754662503128,118,price_side,order_id,BTC-USDT,SELL,65000.28,0.001,866585320701886581,,689664,76032,765696
journal,godzilla,5,1,2,1783610754662132224,0,1783610754662595328,0,1783610754662676736,1783610754662619681,119,price_side,order_id,BTC-USDT,BUY,65000.090000000004,0.001,866585320701886582,,463104,81408,544512
journal,godzilla,5,1,2,1783610754662347264,0,1783610754662628352,0,1783610754662710272,1783610754662706807,120,price_side,order_id,BTC-USDT,SELL,65000.299999999996,0.001,866585320701886583,,281088,81920,363008
journal,godzilla,5,1,2,1783610754662646016,0,1783610754662680320,0,1783610754662734848,1783610754662732078,121,price_side,order_id,BTC-USDT,BUY,65000.11,0.001,866585320701886584,,34304,54528,88832
journal,godzilla,5,1,2,1783610754662945024,0,1783610754663012096,0,1783610754663151104,1783610754663148085,122,price_side,order_id,BTC-USDT,SELL,65000.32,0.001,866585320701886585,,67072,139008,206080
journal,godzilla,5,1,2,1783610754663244544,0,1783610754663320576,0,1783610754663346176,1783610754663343586,123,price_side,order_id,BTC-USDT,BUY,65000.130000000005,0.001,866585320701886586,,76032,25600,101632
journal,godzilla,5,1,2,1783610754663561472,0,1783610754663588096,0,1783610754663614208,1783610754663610369,124,price_side,order_id,BTC-USDT,SELL,65000.34,0.001,866585320701886587,,26624,26112,52736
journal,godzilla,5,1,2,1783610754663845120,0,1783610754663871744,0,1783610754663898624,1783610754663895478,125,price_side,order_id,BTC-USDT,BUY,65000.15,0.001,866585320701886588,,26624,26880,53504
journal,godzilla,5,1,2,1783610754664145152,0,1783610754664172544,0,1783610754664313856,1783610754664310928,126,price_side,order_id,BTC-USDT,SELL,65000.36,0.001,866585320701886589,,27392,141312,168704
journal,godzilla,5,1,2,1783610754664445184,0,1783610754664488448,0,1783610754664517888,1783610754664514157,127,price_side,order_id,BTC-USDT,BUY,65000.17,0.001,866585320701886590,,43264,29440,72704
journal,godzilla,5,1,2,1783610754664768512,0,1783610754664801280,0,1783610754664826880,1783610754664824117,128,price_side,order_id,BTC-USDT,SELL,65000.38,0.001,866585320701886591,,32768,25600,58368
journal,godzilla,5,1,2,1783610754665066240,0,1783610754665095680,0,1783610754665125376,1783610754665121780,129,price_side,order_id,BTC-USDT,BUY,65000.19,0.001,866585320701886592,,29440,29696,59136
journal,godzilla,5,1,2,1783610754665345280,0,1783610754665446144,0,1783610754665458944,1783610754665456170,130,price_side,order_id,BTC-USDT,SELL,65000.4,0.001,866585320701886593,,100864,12800,113664
journal,godzilla,5,1,2,1783610754665647360,0,1783610754665674752,0,1783610754665702656,1783610754665698627,131,price_side,order_id,BTC-USDT,BUY,65000.21,0.001,866585320701886594,,27392,27904,55296
journal,godzilla,5,1,2,1783610754665945600,0,1783610754666008832,0,1783610754666049280,1783610754666026256,132,price_side,order_id,BTC-USDT,SELL,65000.42,0.001,866585320701886595,,63232,40448,103680
journal,godzilla,5,1,2,1783610754666246656,0,1783610754666324736,0,1783610754666352128,1783610754666348765,133,price_side,order_id,BTC-USDT,BUY,65000.23,0.001,866585320701886596,,78080,27392,105472
journal,godzilla,5,1,2,1783610754666560768,0,1783610754666668544,0,1783610754666797568,1783610754666793131,134,price_side,order_id,BTC-USDT,SELL,65000.439999999995,0.001,866585320701886597,,107776,129024,236800
journal,godzilla,5,1,2,1783610754666845696,0,1783610754666906112,0,1783610754667019264,1783610754667015071,135,price_side,order_id,BTC-USDT,BUY,65000.25,0.001,866585320701886598,,60416,113152,173568
journal,godzilla,5,1,2,1783610754667145472,0,1783610754667214848,0,1783610754667241728,1783610754667237934,136,price_side,order_id,BTC-USDT,SELL,65000.46,0.001,866585320701886599,,69376,26880,96256
journal,godzilla,5,1,2,1783610754667445248,0,1783610754667499520,0,1783610754667530752,1783610754667527605,137,price_side,order_id,BTC-USDT,BUY,65000.270000000004,0.001,866585320701886600,,54272,31232,85504
journal,godzilla,5,1,2,1783610754667744512,0,1783610754667880960,0,1783610754667905280,1783610754667902757,138,price_side,order_id,BTC-USDT,SELL,65000.479999999996,0.001,866585320701886601,,136448,24320,160768
journal,godzilla,5,1,2,1783610754668043776,0,1783610754668169472,0,1783610754668254720,1783610754668251683,139,price_side,order_id,BTC-USDT,BUY,65000.29,0.001,866585320701886602,,125696,85248,210944
journal,godzilla,5,1,2,1783610754668345088,0,1783610754668369152,0,1783610754668479232,1783610754668476631,140,price_side,order_id,BTC-USDT,SELL,65000.5,0.001,866585320701886603,,24064,110080,134144
journal,godzilla,5,1,2,1783610754668644608,0,1783610754668710400,0,1783610754668760064,1783610754668756497,141,price_side,order_id,BTC-USDT,BUY,65000.310000000005,0.001,866585320701886604,,65792,49664,115456
journal,godzilla,5,1,2,1783610754668954112,0,1783610754668983296,0,1783610754669010432,1783610754669006783,142,price_side,order_id,BTC-USDT,SELL,65000.52,0.001,866585320701886605,,29184,27136,56320
journal,godzilla,5,1,2,1783610754669256448,0,1783610754669284608,0,1783610754669306112,1783610754669302430,143,price_side,order_id,BTC-USDT,BUY,65000.33,0.001,866585320701886606,,28160,21504,49664
journal,godzilla,5,1,2,1783610754669543424,0,1783610754669587712,0,1783610754669691904,1783610754669689410,144,price_side,order_id,BTC-USDT,SELL,65000.54,0.001,866585320701886607,,44288,104192,148480
journal,godzilla,5,1,2,1783610754669843968,0,1783610754669961216,0,1783610754669979392,1783610754669977022,145,price_side,order_id,BTC-USDT,BUY,65000.35,0.001,866585320701886608,,117248,18176,135424
journal,godzilla,5,1,2,1783610754670144000,0,1783610754670263552,0,1783610754670289664,1783610754670278909,146,price_side,order_id,BTC-USDT,SELL,65000.56,0.001,866585320701886609,,119552,26112,145664
journal,godzilla,5,1,2,1783610754670444032,0,1783610754670477824,0,1783610754670496256,1783610754670493215,147,price_side,order_id,BTC-USDT,BUY,65000.37,0.001,866585320701886610,,33792,18432,52224
journal,godzilla,5,1,2,1783610754670743808,0,1783610754670861056,0,1783610754670880768,1783610754670878236,148,price_side,order_id,BTC-USDT,SELL,65000.58,0.001,866585320701886611,,117248,19712,136960
journal,godzilla,5,1,2,1783610754671043840,0,1783610754671079680,0,1783610754671096320,1783610754671093351,149,price_side,order_id,BTC-USDT,BUY,65000.39,0.001,866585320701886612,,35840,16640,52480
journal,godzilla,5,1,2,1783610754671343872,0,1783610754671464192,0,1783610754671480064,1783610754671476754,150,price_side,order_id,BTC-USDT,SELL,65000.6,0.001,866585320701886613,,120320,15872,136192
journal,godzilla,5,1,2,1783610754671643392,0,1783610754671758080,0,1783610754671776000,1783610754671773547,151,price_side,order_id,BTC-USDT,BUY,65000.41,0.001,866585320701886614,,114688,17920,132608
journal,godzilla,5,1,2,1783610754671942656,0,1783610754672065024,0,1783610754672082688,1783610754672080517,152,price_side,order_id,BTC-USDT,SELL,65000.619999999995,0.001,866585320701886615,,122368,17664,140032
journal,godzilla,5,1,2,1783610754672253440,0,1783610754672363264,0,1783610754672377344,1783610754672375050,153,price_side,order_id,BTC-USDT,BUY,65000.43,0.001,866585320701886616,,109824,14080,123904
journal,godzilla,5,1,2,1783610754672542720,0,1783610754672649472,0,1783610754672666368,1783610754672663980,154,price_side,order_id,BTC-USDT,SELL,65000.64,0.001,866585320701886617,,106752,16896,123648
journal,godzilla,5,1,2,1783610754672842496,0,1783610754672952064,0,1783610754672969216,1783610754672966966,155,price_side,order_id,BTC-USDT,BUY,65000.450000000004,0.001,866585320701886618,,109568,17152,126720
journal,godzilla,5,1,2,1783610754673142528,0,1783610754673262848,0,1783610754673394432,1783610754673391100,156,price_side,order_id,BTC-USDT,SELL,65000.659999999996,0.001,866585320701886619,,120320,131584,251904
journal,godzilla,5,1,2,1783610754673443840,0,1783610754673565440,0,1783610754673612544,1783610754673610290,157,price_side,order_id,BTC-USDT,BUY,65000.47,0.001,866585320701886620,,121600,47104,168704
journal,godzilla,5,1,2,1783610754673743360,0,1783610754673777152,0,1783610754673796608,1783610754673793791,158,price_side,order_id,BTC-USDT,SELL,65000.68,0.001,866585320701886621,,33792,19456,53248
journal,godzilla,5,1,2,1783610754674043648,0,1783610754674159872,0,1783610754674299648,1783610754674286275,159,price_side,order_id,BTC-USDT,BUY,65000.49,0.001,866585320701886622,,116224,139776,256000
journal,godzilla,5,1,2,1783610754674342912,0,1783610754674436352,0,1783610754674550272,1783610754674531494,160,price_side,order_id,BTC-USDT,SELL,65000.7,0.001,866585320701886623,,93440,113920,207360
journal,godzilla,5,1,2,1783610754674643712,0,1783610754674942720,0,1783610754675095296,1783610754675091665,161,price_side,order_id,BTC-USDT,BUY,65000.51,0.001,866585320701886624,,299008,152576,451584
journal,godzilla,5,1,2,1783610754674942208,0,1783610754675055616,0,1783610754675117568,1783610754675115267,162,price_side,order_id,BTC-USDT,SELL,65000.72,0.001,866585320701886625,,113408,61952,175360
journal,godzilla,5,1,2,1783610754675266816,0,1783610754675309056,0,1783610754675365888,1783610754675362587,163,price_side,order_id,BTC-USDT,BUY,65000.53,0.001,866585320701886626,,42240,56832,99072
journal,godzilla,5,1,2,1783610754675547136,0,1783610754675626240,0,1783610754675646464,1783610754675643629,164,price_side,order_id,BTC-USDT,SELL,65000.74,0.001,866585320701886627,,79104,20224,99328
journal,godzilla,5,1,2,1783610754675844608,0,1783610754675921920,0,1783610754676004864,1783610754675994122,165,price_side,order_id,BTC-USDT,BUY,65000.55,0.001,866585320701886628,,77312,82944,160256
journal,godzilla,5,1,2,1783610754676144128,0,1783610754676182528,0,1783610754676199424,1783610754676196397,166,price_side,order_id,BTC-USDT,SELL,65000.76,0.001,866585320701886629,,38400,16896,55296
journal,godzilla,5,1,2,1783610754676443648,0,1783610754676563200,0,1783610754676584192,1783610754676580753,167,price_side,order_id,BTC-USDT,BUY,65000.57,0.001,866585320701886630,,119552,20992,140544
journal,godzilla,5,1,2,1783610754676744192,0,1783610754676782336,0,1783610754676802304,1783610754676799093,168,price_side,order_id,BTC-USDT,SELL,65000.78,0.001,866585320701886631,,38144,19968,58112
journal,godzilla,5,1,2,1783610754677044224,0,1783610754677085952,0,1783610754677100800,1783610754677097512,169,price_side,order_id,BTC-USDT,BUY,65000.590000000004,0.001,866585320701886632,,41728,14848,56576
journal,godzilla,5,1,2,1783610754677344512,0,1783610754677374464,0,1783610754677395712,1783610754677392397,170,price_side,order_id,BTC-USDT,SELL,65000.799999999996,0.001,866585320701886633,,29952,21248,51200
journal,godzilla,5,1,2,1783610754677644032,0,1783610754677668096,0,1783610754677690880,1783610754677687370,171,price_side,order_id,BTC-USDT,BUY,65000.61,0.001,866585320701886634,,24064,22784,46848
journal,godzilla,5,1,2,1783610754677960192,0,1783610754678104320,0,1783610754678136576,1783610754678121930,172,price_side,order_id,BTC-USDT,SELL,65000.82,0.001,866585320701886635,,144128,32256,176384
journal,godzilla,5,1,2,1783610754678245120,0,1783610754678339328,0,1783610754678355968,1783610754678353315,173,price_side,order_id,BTC-USDT,BUY,65000.630000000005,0.001,866585320701886636,,94208,16640,110848
journal,godzilla,5,1,2,1783610754678544384,0,1783610754678596352,0,1783610754678694656,1783610754678692182,174,price_side,order_id,BTC-USDT,SELL,65000.84,0.001,866585320701886637,,51968,98304,150272
journal,godzilla,5,1,2,1783610754678844672,0,1783610754678876416,0,1783610754678896384,1783610754678892993,175,price_side,order_id,BTC-USDT,BUY,65000.65,0.001,866585320701886638,,31744,19968,51712
journal,godzilla,5,1,2,1783610754679144448,0,1783610754679193600,0,1783610754679212288,1783610754679208764,176,price_side,order_id,BTC-USDT,SELL,65000.86,0.001,866585320701886639,,49152,18688,67840
journal,godzilla,5,1,2,1783610754679443968,0,1783610754679469056,0,1783610754679560960,1783610754679558614,177,price_side,order_id,BTC-USDT,BUY,65000.67,0.001,866585320701886640,,25088,91904,116992
journal,godzilla,5,1,2,1783610754679744768,0,1783610754679862528,0,1783610754679877376,1783610754679875298,178,price_side,order_id,BTC-USDT,SELL,65000.88,0.001,866585320701886641,,117760,14848,132608
journal,godzilla,5,1,2,1783610754680043008,0,1783610754680174080,0,1783610754680315392,1783610754680311904,179,price_side,order_id,BTC-USDT,BUY,65000.69,0.001,866585320701886642,,131072,141312,272384
journal,godzilla,5,1,2,1783610754680344064,0,1783610754680436992,0,1783610754680558848,1783610754680556564,180,price_side,order_id,BTC-USDT,SELL,65000.9,0.001,866585320701886643,,92928,121856,214784
journal,godzilla,5,1,2,1783610754680644352,0,1783610754680717056,0,1783610754680737536,1783610754680735251,181,price_side,order_id,BTC-USDT,BUY,65000.71,0.001,866585320701886644,,72704,20480,93184
journal,godzilla,5,1,2,1783610754680966144,0,1783610754681087488,0,1783610754681106944,1783610754681104272,182,price_side,order_id,BTC-USDT,SELL,65000.92,0.001,866585320701886645,,121344,19456,140800
journal,godzilla,5,1,2,1783610754681243904,0,1783610754681281792,0,1783610754681302016,1783610754681299120,183,price_side,order_id,BTC-USDT,BUY,65000.73,0.001,866585320701886646,,37888,20224,58112
journal,godzilla,5,1,2,1783610754681542656,0,1783610754681700352,0,1783610754681840128,1783610754681837131,184,price_side,order_id,BTC-USDT,SELL,65000.939999999995,0.001,866585320701886647,,157696,139776,297472
journal,godzilla,5,1,2,1783610754681843200,0,1783610754681956352,0,1783610754682003968,1783610754681986919,185,price_side,order_id,BTC-USDT,BUY,65000.75,0.001,866585320701886648,,113152,47616,160768
journal,godzilla,5,1,2,1783610754682144000,0,1783610754682169600,0,1783610754682186752,1783610754682183880,186,price_side,order_id,BTC-USDT,SELL,65000.96,0.001,866585320701886649,,25600,17152,42752
journal,godzilla,5,1,2,1783610754682443776,0,1783610754682480640,0,1783610754682578688,1783610754682576498,187,price_side,order_id,BTC-USDT,BUY,65000.770000000004,0.001,866585320701886650,,36864,98048,134912
journal,godzilla,5,1,2,1783610754682743552,0,1783610754682880512,0,1783610754683005952,1783610754683002944,188,price_side,order_id,BTC-USDT,SELL,65000.979999999996,0.001,866585320701886651,,136960,125440,262400
journal,godzilla,5,1,2,1783610754683042304,0,1783610754683131648,0,1783610754683215616,1783610754683213678,189,price_side,order_id,BTC-USDT,BUY,65000.79,0.001,866585320701886652,,89344,83968,173312
journal,godzilla,5,1,2,1783610754683343104,0,1783610754683442176,0,1783610754683459840,1783610754683457860,190,price_side,order_id,BTC-USDT,SELL,65001.0,0.001,866585320701886653,,99072,17664,116736
journal,godzilla,5,1,2,1783610754683650048,0,1783610754683748864,0,1783610754683771648,1783610754683769214,191,price_side,order_id,BTC-USDT,BUY,65000.810000000005,0.001,866585320701886654,,98816,22784,121600
journal,godzilla,5,1,2,1783610754683943168,0,1783610754684046592,0,1783610754684065792,1783610754684063939,192,price_side,order_id,BTC-USDT,SELL,65001.02,0.001,866585320701886655,,103424,19200,122624
journal,godzilla,5,1,2,1783610754684243456,0,1783610754684542720,0,1783610754684677120,1783610754684658458,193,price_side,order_id,BTC-USDT,BUY,65000.83,0.001,866585320701886656,,299264,134400,433664
journal,godzilla,5,1,2,1783610754684542720,0,1783610754684653056,0,1783610754684700672,1783610754684698387,194,price_side,order_id,BTC-USDT,SELL,65001.04,0.001,866585320701886657,,110336,47616,157952
journal,godzilla,5,1,2,1783610754684843264,0,1783610754684907520,0,1783610754684930048,1783610754684927914,195,price_side,order_id,BTC-USDT,BUY,65000.85,0.001,866585320701886658,,64256,22528,86784
journal,godzilla,5,1,2,1783610754685143296,0,1783610754685241856,0,1783610754685260544,1783610754685258711,196,price_side,order_id,BTC-USDT,SELL,65001.06,0.001,866585320701886659,,98560,18688,117248
journal,godzilla,5,1,2,1783610754685442304,0,1783610754685540096,0,1783610754685562880,1783610754685560908,197,price_side,order_id,BTC-USDT,BUY,65000.87,0.001,866585320701886660,,97792,22784,120576
journal,godzilla,5,1,2,1783610754685742080,0,1783610754685836800,0,1783610754685859072,1783610754685857137,198,price_side,order_id,BTC-USDT,SELL,65001.08,0.001,866585320701886661,,94720,22272,116992
journal,godzilla,5,1,2,1783610754686043136,0,1783610754686139648,0,1783610754686167296,1783610754686156494,199,price_side,order_id,BTC-USDT,BUY,65000.89,0.001,866585320701886662,,96512,27648,124160
journal,godzilla,5,1,2,1783610754686343424,0,1783610754686440704,0,1783610754686459648,1783610754686457627,200,price_side,order_id,BTC-USDT,SELL,65000.1,0.001,866585320701886663,,97280,18944,116224
journal,godzilla,5,1,2,1783610754686649856,0,1783610754686742784,0,1783610754686764544,1783610754686762190,201,price_side,order_id,BTC-USDT,BUY,64999.91,0.001,866585320701886664,,92928,21760,114688
journal,godzilla,5,1,2,1783610754686943232,0,1783610754687047936,0,1783610754687066880,1783610754687064847,202,price_side,order_id,BTC-USDT,SELL,65000.119999999995,0.001,866585320701886665,,104704,18944,123648
journal,godzilla,5,1,2,1783610754687243264,0,1783610754687340544,0,1783610754687358720,1783610754687356804,203,price_side,order_id,BTC-USDT,BUY,64999.93,0.001,866585320701886666,,97280,18176,115456
journal,godzilla,5,1,2,1783610754687542016,0,1783610754687638272,0,1783610754687656960,1783610754687654999,204,price_side,order_id,BTC-USDT,SELL,65000.14,0.001,866585320701886667,,96256,18688,114944
journal,godzilla,5,1,2,1783610754687842048,0,1783610754687942912,0,1783610754687962368,1783610754687960184,205,price_side,order_id,BTC-USDT,BUY,64999.950000000004,0.001,866585320701886668,,100864,19456,120320
journal,godzilla,5,1,2,1783610754688143360,0,1783610754688240640,0,1783610754688259584,1783610754688257712,206,price_side,order_id,BTC-USDT,SELL,65000.159999999996,0.001,866585320701886669,,97280,18944,116224
journal,godzilla,5,1,2,1783610754688442112,0,1783610754688539648,0,1783610754688560896,1783610754688558757,207,price_side,order_id,BTC-USDT,BUY,64999.97,0.001,866585320701886670,,97536,21248,118784
journal,godzilla,5,1,2,1783610754688743424,0,1783610754688840448,0,1783610754688859648,1783610754688857760,208,price_side,order_id,BTC-USDT,SELL,65000.18,0.001,866585320701886671,,97024,19200,116224
journal,godzilla,5,1,2,1783610754689042944,0,1783610754689140480,0,1783610754689159424,1783610754689157196,209,price_side,order_id,BTC-USDT,BUY,64999.99,0.001,866585320701886672,,97536,18944,116480
journal,godzilla,5,1,2,1783610754689349376,0,1783610754689446912,0,1783610754689466112,1783610754689463835,210,price_side,order_id,BTC-USDT,SELL,65000.2,0.001,866585320701886673,,97536,19200,116736
journal,godzilla,5,1,2,1783610754689643776,0,1783610754689743104,0,1783610754689759744,1783610754689757964,211,price_side,order_id,BTC-USDT,BUY,65000.01,0.001,866585320701886674,,99328,16640,115968
journal,godzilla,5,1,2,1783610754689942272,0,1783610754690071040,0,1783610754690200320,1783610754690188778,212,price_side,order_id,BTC-USDT,SELL,65000.22,0.001,866585320701886675,,128768,129280,258048
journal,godzilla,5,1,2,1783610754690242560,0,1783610754690320384,0,1783610754690428672,1783610754690426422,213,price_side,order_id,BTC-USDT,BUY,65000.03,0.001,866585320701886676,,77824,108288,186112
journal,godzilla,5,1,2,1783610754690543104,0,1783610754690577152,0,1783610754690671104,1783610754690668872,214,price_side,order_id,BTC-USDT,SELL,65000.24,0.001,866585320701886677,,34048,93952,128000
journal,godzilla,5,1,2,1783610754690842368,0,1783610754690945280,0,1783610754690964224,1783610754690962040,215,price_side,order_id,BTC-USDT,BUY,65000.05,0.001,866585320701886678,,102912,18944,121856
journal,godzilla,5,1,2,1783610754691143424,0,1783610754691254016,0,1783610754691267840,1783610754691265518,216,price_side,order_id,BTC-USDT,SELL,65000.26,0.001,866585320701886679,,110592,13824,124416
journal,godzilla,5,1,2,1783610754691442688,0,1783610754691553792,0,1783610754691572992,1783610754691570408,217,price_side,order_id,BTC-USDT,BUY,65000.07,0.001,866585320701886680,,111104,19200,130304
journal,godzilla,5,1,2,1783610754691743488,0,1783610754691847168,0,1783610754691866368,1783610754691864372,218,price_side,order_id,BTC-USDT,SELL,65000.28,0.001,866585320701886681,,103680,19200,122880
journal,godzilla,5,1,2,1783610754692043776,0,1783610754692261888,0,1783610754692411904,1783610754692408857,219,price_side,order_id,BTC-USDT,BUY,65000.090000000004,0.001,866585320701886682,,218112,150016,368128
journal,godzilla,5,1,2,1783610754692375552,0,1783610754692516352,0,1783610754692605952,1783610754692603101,220,price_side,order_id,BTC-USDT,SELL,65000.299999999996,0.001,866585320701886683,,140800,89600,230400
journal,godzilla,5,1,2,1783610754692643584,0,1783610754692704768,0,1783610754692806400,1783610754692803486,221,price_side,order_id,BTC-USDT,BUY,65000.11,0.001,866585320701886684,,61184,101632,162816
journal,godzilla,5,1,2,1783610754692962816,0,1783610754692988672,0,1783610754693121024,1783610754693118361,222,price_side,order_id,BTC-USDT,SELL,65000.32,0.001,866585320701886685,,25856,132352,158208
journal,godzilla,5,1,2,1783610754693254144,0,1783610754693279488,0,1783610754693295872,1783610754693292725,223,price_side,order_id,BTC-USDT,BUY,65000.130000000005,0.001,866585320701886686,,25344,16384,41728
journal,godzilla,5,1,2,1783610754693543936,0,1783610754693667840,0,1783610754693681664,1783610754693679336,224,price_side,order_id,BTC-USDT,SELL,65000.34,0.001,866585320701886687,,123904,13824,137728
journal,godzilla,5,1,2,1783610754693842944,0,1783610754693960192,0,1783610754693984256,1783610754693973128,225,price_side,order_id,BTC-USDT,BUY,65000.15,0.001,866585320701886688,,117248,24064,141312
journal,godzilla,5,1,2,1783610754694143488,0,1783610754694196992,0,1783610754694216192,1783610754694213125,226,price_side,order_id,BTC-USDT,SELL,65000.36,0.001,866585320701886689,,53504,19200,72704
journal,godzilla,5,1,2,1783610754694443520,0,1783610754694561792,0,1783610754694576896,1783610754694574734,227,price_side,order_id,BTC-USDT,BUY,65000.17,0.001,866585320701886690,,118272,15104,133376
journal,godzilla,5,1,2,1783610754694742528,0,1783610754694851328,0,1783610754694868992,1783610754694866741,228,price_side,order_id,BTC-USDT,SELL,65000.38,0.001,866585320701886691,,108800,17664,126464
journal,godzilla,5,1,2,1783610754695123712,0,1783610754695240704,0,1783610754695257344,1783610754695254606,229,price_side,order_id,BTC-USDT,BUY,65000.19,0.001,866585320701886692,,116992,16640,133632
journal,godzilla,5,1,2,1783610754695344128,0,1783610754695387392,0,1783610754695499776,1783610754695497274,230,price_side,order_id,BTC-USDT,SELL,65000.4,0.001,866585320701886693,,43264,112384,155648
journal,godzilla,5,1,2,1783610754695645184,0,1783610754695766528,0,1783610754695899136,1783610754695896259,231,price_side,order_id,BTC-USDT,BUY,65000.21,0.001,866585320701886694,,121344,132608,253952
journal,godzilla,5,1,2,1783610754695942656,0,1783610754696044032,0,1783610754696133632,1783610754696131279,232,price_side,order_id,BTC-USDT,SELL,65000.42,0.001,866585320701886695,,101376,89600,190976
journal,godzilla,5,1,2,1783610754696243200,0,1783610754696266496,0,1783610754696281600,1783610754696278958,233,price_side,order_id,BTC-USDT,BUY,65000.23,0.001,866585320701886696,,23296,15104,38400
journal,godzilla,5,1,2,1783610754696541952,0,1783610754696648960,0,1783610754696664832,1783610754696662688,234,price_side,order_id,BTC-USDT,SELL,65000.439999999995,0.001,866585320701886697,,107008,15872,122880
journal,godzilla,5,1,2,1783610754696842240,0,1783610754696948224,0,1783610754696963072,1783610754696961089,235,price_side,order_id,BTC-USDT,BUY,65000.25,0.001,866585320701886698,,105984,14848,120832
journal,godzilla,5,1,2,1783610754697142272,0,1783610754697265920,0,1783610754697386496,1783610754697384347,236,price_side,order_id,BTC-USDT,SELL,65000.46,0.001,866585320701886699,,123648,120576,244224
journal,godzilla,5,1,2,1783610754697442304,0,1783610754697525504,0,1783610754697617152,1783610754697614399,237,price_side,order_id,BTC-USDT,BUY,65000.270000000004,0.001,866585320701886700,,83200,91648,174848
journal,godzilla,5,1,2,1783610754697743104,0,1783610754697852160,0,1783610754697876224,1783610754697862963,238,price_side,order_id,BTC-USDT,SELL,65000.479999999996,0.001,866585320701886701,,109056,24064,133120
journal,godzilla,5,1,2,1783610754698055168,0,1783610754698168064,0,1783610754698187776,1783610754698185330,239,price_side,order_id,BTC-USDT,BUY,65000.29,0.001,866585320701886702,,112896,19712,132608
journal,godzilla,5,1,2,1783610754698344192,0,1783610754698454528,0,1783610754698472448,1783610754698470006,240,price_side,order_id,BTC-USDT,SELL,65000.5,0.001,866585320701886703,,110336,17920,128256
journal,godzilla,5,1,2,1783610754698643200,0,1783610754698753536,0,1783610754698768128,1783610754698766181,241,price_side,order_id,BTC-USDT,BUY,65000.310000000005,0.001,866585320701886704,,110336,14592,124928
journal,godzilla,5,1,2,1783610754698942464,0,1783610754699052032,0,1783610754699187456,1783610754699185092,242,price_side,order_id,BTC-USDT,SELL,65000.52,0.001,866585320701886705,,109568,135424,244992
journal,godzilla,5,1,2,1783610754699242752,0,1783610754699335424,0,1783610754699458816,1783610754699455624,243,price_side,order_id,BTC-USDT,BUY,65000.33,0.001,866585320701886706,,92672,123392,216064
journal,godzilla,5,1,2,1783610754699543552,0,1783610754699616512,0,1783610754699718912,1783610754699716457,244,price_side,order_id,BTC-USDT,SELL,65000.54,0.001,866585320701886707,,72960,102400,175360
journal,godzilla,5,1,2,1783610754699843840,0,1783610754699962880,0,1783610754699982848,1783610754699980565,245,price_side,order_id,BTC-USDT,BUY,65000.35,0.001,866585320701886708,,119040,19968,139008
journal,godzilla,5,1,2,1783610754700143616,0,1783610754700168704,0,1783610754700186368,1783610754700183616,246,price_side,order_id,BTC-USDT,SELL,65000.56,0.001,866585320701886709,,25088,17664,42752
journal,godzilla,5,1,2,1783610754700443392,0,1783610754700552192,0,1783610754700566272,1783610754700564144,247,price_side,order_id,BTC-USDT,BUY,65000.37,0.001,866585320701886710,,108800,14080,122880
journal,godzilla,5,1,2,1783610754700742144,0,1783610754700851200,0,1783610754700869376,1783610754700867264,248,price_side,order_id,BTC-USDT,SELL,65000.58,0.001,866585320701886711,,109056,18176,127232
journal,godzilla,5,1,2,1783610754701053696,0,1783610754701164032,0,1783610754701179648,1783610754701177186,249,price_side,order_id,BTC-USDT,BUY,65000.39,0.001,866585320701886712,,110336,15616,125952
journal,godzilla,5,1,2,1783610754701342464,0,1783610754701446912,0,1783610754701465344,1783610754701463158,250,price_side,order_id,BTC-USDT,SELL,65000.6,0.001,866585320701886713,,104448,18432,122880
journal,godzilla,5,1,2,1783610754701643264,0,1783610754701751552,0,1783610754701774080,1783610754701764559,251,price_side,order_id,BTC-USDT,BUY,65000.41,0.001,866585320701886714,,108288,22528,130816
journal,godzilla,5,1,2,1783610754701943552,0,1783610754702062592,0,1783610754702084608,1783610754702079629,252,price_side,order_id,BTC-USDT,SELL,65000.619999999995,0.001,866585320701886715,,119040,22016,141056
journal,godzilla,5,1,2,1783610754702243328,0,1783610754702340864,0,1783610754702354688,1783610754702352810,253,price_side,order_id,BTC-USDT,BUY,65000.43,0.001,866585320701886716,,97536,13824,111360
journal,godzilla,5,1,2,1783610754702542336,0,1783610754702645504,0,1783610754702662656,1783610754702660594,254,price_side,order_id,BTC-USDT,SELL,65000.64,0.001,866585320701886717,,103168,17152,120320
journal,godzilla,5,1,2,1783610754702842112,0,1783610754702942976,0,1783610754702960896,1783610754702958882,255,price_side,order_id,BTC-USDT,BUY,65000.450000000004,0.001,866585320701886718,,100864,17920,118784
journal,godzilla,5,1,2,1783610754703143168,0,1783610754703244800,0,1783610754703259136,1783610754703257263,256,price_side,order_id,BTC-USDT,SELL,65000.659999999996,0.001,866585320701886719,,101632,14336,115968
journal,godzilla,5,1,2,1783610754703442176,0,1783610754703545088,0,1783610754703563008,1783610754703560888,257,price_side,order_id,BTC-USDT,BUY,65000.47,0.001,866585320701886720,,102912,17920,120832
journal,godzilla,5,1,2,1783610754703749888,0,1783610754703848960,0,1783610754703866368,1783610754703864213,258,price_side,order_id,BTC-USDT,SELL,65000.68,0.001,866585320701886721,,99072,17408,116480
journal,godzilla,5,1,2,1783610754704042240,0,1783610754704154880,0,1783610754704270848,1783610754704268699,259,price_side,order_id,BTC-USDT,BUY,65000.49,0.001,866585320701886722,,112640,115968,228608
journal,godzilla,5,1,2,1783610754704354560,0,1783610754704388608,0,1783610754704508672,1783610754704506039,260,price_side,order_id,BTC-USDT,SELL,65000.7,0.001,866585320701886723,,34048,120064,154112
journal,godzilla,5,1,2,1783610754704642048,0,1783610754704740352,0,1783610754704757504,1783610754704755503,261,price_side,order_id,BTC-USDT,BUY,65000.51,0.001,866585320701886724,,98304,17152,115456
journal,godzilla,5,1,2,1783610754704942080,0,1783610754705053184,0,1783610754705068032,1783610754705066151,262,price_side,order_id,BTC-USDT,SELL,65000.72,0.001,866585320701886725,,111104,14848,125952
journal,godzilla,5,1,2,1783610754705241856,0,1783610754705343744,0,1783610754705360384,1783610754705358513,263,price_side,order_id,BTC-USDT,BUY,65000.53,0.001,866585320701886726,,101888,16640,118528
journal,godzilla,5,1,2,1783610754705542144,0,1783610754705640192,0,1783610754705657600,1783610754705655636,264,price_side,order_id,BTC-USDT,SELL,65000.74,0.001,866585320701886727,,98048,17408,115456
journal,godzilla,5,1,2,1783610754705842688,0,1783610754705943040,0,1783610754705965056,1783610754705955696,265,price_side,order_id,BTC-USDT,BUY,65000.55,0.001,866585320701886728,,100352,22016,122368
journal,godzilla,5,1,2,1783610754706143232,0,1783610754706234624,0,1783610754706249216,1783610754706247220,266,price_side,order_id,BTC-USDT,SELL,65000.76,0.001,866585320701886729,,91392,14592,105984
journal,godzilla,5,1,2,1783610754706442240,0,1783610754706551808,0,1783610754706568960,1783610754706566014,267,price_side,order_id,BTC-USDT,BUY,65000.57,0.001,866585320701886730,,109568,17152,126720
journal,godzilla,5,1,2,1783610754706754560,0,1783610754706880768,0,1783610754707012352,1783610754707009539,268,price_side,order_id,BTC-USDT,SELL,65000.78,0.001,866585320701886731,,126208,131584,257792
journal,godzilla,5,1,2,1783610754707042560,0,1783610754707143424,0,1783610754707226880,1783610754707224327,269,price_side,order_id,BTC-USDT,BUY,65000.590000000004,0.001,866585320701886732,,100864,83456,184320
journal,godzilla,5,1,2,1783610754707343616,0,1783610754707446016,0,1783610754707464960,1783610754707462206,270,price_side,order_id,BTC-USDT,SELL,65000.799999999996,0.001,866585320701886733,,102400,18944,121344
journal,godzilla,5,1,2,1783610754707643136,0,1783610754707908864,0,1783610754708077824,1783610754708071023,271,price_side,order_id,BTC-USDT,BUY,65000.61,0.001,866585320701886734,,265728,168960,434688
journal,godzilla,5,1,2,1783610754707941888,0,1783610754708020480,0,1783610754708098048,1783610754708096519,272,price_side,order_id,BTC-USDT,SELL,65000.82,0.001,866585320701886735,,78592,77568,156160
journal,godzilla,5,1,2,1783610754708334080,0,1783610754708542464,0,1783610754708676608,1783610754708656545,273,price_side,order_id,BTC-USDT,BUY,65000.630000000005,0.001,866585320701886736,,208384,134144,342528
journal,godzilla,5,1,2,1783610754708552448,0,1783610754708590848,0,1783610754708701184,1783610754708698924,274,price_side,order_id,BTC-USDT,SELL,65000.84,0.001,866585320701886737,,38400,110336,148736
journal,godzilla,5,1,2,1783610754708843776,0,1783610754708869632,0,1783610754708909056,1783610754708906081,275,price_side,order_id,BTC-USDT,BUY,65000.65,0.001,866585320701886738,,25856,39424,65280
journal,godzilla,5,1,2,1783610754709143552,0,1783610754709248256,0,1783610754709266944,1783610754709264776,276,price_side,order_id,BTC-USDT,SELL,65000.86,0.001,866585320701886739,,104704,18688,123392
journal,godzilla,5,1,2,1783610754709457152,0,1783610754709556736,0,1783610754709575680,1783610754709573448,277,price_side,order_id,BTC-USDT,BUY,65000.67,0.001,866585320701886740,,99584,18944,118528
journal,godzilla,5,1,2,1783610754709743360,0,1783610754709840896,0,1783610754709873920,1783610754709861708,278,price_side,order_id,BTC-USDT,SELL,65000.88,0.001,866585320701886741,,97536,33024,130560
journal,godzilla,5,1,2,1783610754710042624,0,1783610754710139136,0,1783610754710157568,1783610754710155422,279,price_side,order_id,BTC-USDT,BUY,65000.69,0.001,866585320701886742,,96512,18432,114944
journal,godzilla,5,1,2,1783610754710342400,0,1783610754710446336,0,1783610754710464512,1783610754710462391,280,price_side,order_id,BTC-USDT,SELL,65000.9,0.001,866585320701886743,,103936,18176,122112
journal,godzilla,5,1,2,1783610754710643200,0,1783610754710739712,0,1783610754710757632,1783610754710755752,281,price_side,order_id,BTC-USDT,BUY,65000.71,0.001,866585320701886744,,96512,17920,114432
journal,godzilla,5,1,2,1783610754710942208,0,1783610754711051264,0,1783610754711067136,1783610754711065239,282,price_side,order_id,BTC-USDT,SELL,65000.92,0.001,866585320701886745,,109056,15872,124928
journal,godzilla,5,1,2,1783610754711241984,0,1783610754711359488,0,1783610754711472384,1783610754711470098,283,price_side,order_id,BTC-USDT,BUY,65000.73,0.001,866585320701886746,,117504,112896,230400
journal,godzilla,5,1,2,1783610754711543040,0,1783610754711581184,0,1783610754711728384,1783610754711711010,284,price_side,order_id,BTC-USDT,SELL,65000.939999999995,0.001,866585320701886747,,38144,147200,185344
journal,godzilla,5,1,2,1783610754711843328,0,1783610754711938816,0,1783610754711957760,1783610754711956008,285,price_side,order_id,BTC-USDT,BUY,65000.75,0.001,866585320701886748,,95488,18944,114432
journal,godzilla,5,1,2,1783610754712142848,0,1783610754712238336,0,1783610754712260096,1783610754712258092,286,price_side,order_id,BTC-USDT,SELL,65000.96,0.001,866585320701886749,,95488,21760,117248
journal,godzilla,5,1,2,1783610754712450560,0,1783610754712548096,0,1783610754712567296,1783610754712565171,287,price_side,order_id,BTC-USDT,BUY,65000.770000000004,0.001,866585320701886750,,97536,19200,116736
journal,godzilla,5,1,2,1783610754712743168,0,1783610754712842496,0,1783610754712857856,1783610754712856059,288,price_side,order_id,BTC-USDT,SELL,65000.979999999996,0.001,866585320701886751,,99328,15360,114688
journal,godzilla,5,1,2,1783610754713042432,0,1783610754713286656,0,1783610754713429760,1783610754713427557,289,price_side,order_id,BTC-USDT,BUY,65000.79,0.001,866585320701886752,,244224,143104,387328
journal,godzilla,5,1,2,1783610754713341440,0,1783610754713417728,0,1783610754713444608,1783610754713443347,290,price_side,order_id,BTC-USDT,SELL,65001.0,0.001,866585320701886753,,76288,26880,103168
journal,godzilla,5,1,2,1783610754713643008,0,1783610754713742592,0,1783610754713766144,1783610754713756120,291,price_side,order_id,BTC-USDT,BUY,65000.810000000005,0.001,866585320701886754,,99584,23552,123136
journal,godzilla,5,1,2,1783610754713943040,0,1783610754714059264,0,1783610754714077696,1783610754714074518,292,price_side,order_id,BTC-USDT,SELL,65001.02,0.001,866585320701886755,,116224,18432,134656
journal,godzilla,5,1,2,1783610754714243328,0,1783610754714346496,0,1783610754714358784,1783610754714357062,293,price_side,order_id,BTC-USDT,BUY,65000.83,0.001,866585320701886756,,103168,12288,115456
journal,godzilla,5,1,2,1783610754714542336,0,1783610754714645504,0,1783610754714662144,1783610754714659975,294,price_side,order_id,BTC-USDT,SELL,65001.04,0.001,866585320701886757,,103168,16640,119808
journal,godzilla,5,1,2,1783610754714842368,0,1783610754714978048,0,1783610754715119872,1783610754715116986,295,price_side,order_id,BTC-USDT,BUY,65000.85,0.001,866585320701886758,,135680,141824,277504
journal,godzilla,5,1,2,1783610754715152128,0,1783610754715247616,0,1783610754715328000,1783610754715325916,296,price_side,order_id,BTC-USDT,SELL,65001.06,0.001,866585320701886759,,95488,80384,175872
journal,godzilla,5,1,2,1783610754715443456,0,1783610754715476992,0,1783610754715569408,1783610754715567300,297,price_side,order_id,BTC-USDT,BUY,65000.87,0.001,866585320701886760,,33536,92416,125952
journal,godzilla,5,1,2,1783610754715742208,0,1783610754715845376,0,1783610754715861760,1783610754715859596,298,price_side,order_id,BTC-USDT,SELL,65001.08,0.001,866585320701886761,,103168,16384,119552
journal,godzilla,5,1,2,1783610754716042240,0,1783610754716146688,0,1783610754716163840,1783610754716161806,299,price_side,order_id,BTC-USDT,BUY,65000.89,0.001,866585320701886762,,104448,17152,121600
journal,godzilla,5,1,2,1783610754716342272,0,1783610754716446720,0,1783610754716462080,1783610754716459398,300,price_side,order_id,BTC-USDT,SELL,65000.1,0.001,866585320701886763,,104448,15360,119808
journal,godzilla,5,1,2,1783610754716642560,0,1783610754716746240,0,1783610754716762368,1783610754716760343,301,price_side,order_id,BTC-USDT,BUY,64999.91,0.001,866585320701886764,,103680,16128,119808
journal,godzilla,5,1,2,1783610754716942336,0,1783610754717061888,0,1783610754717183744,1783610754717181113,302,price_side,order_id,BTC-USDT,SELL,65000.119999999995,0.001,866585320701886765,,119552,121856,241408
journal,godzilla,5,1,2,1783610754717242368,0,1783610754717325568,0,1783610754717415680,1783610754717412559,303,price_side,order_id,BTC-USDT,BUY,64999.93,0.001,866585320701886766,,83200,90112,173312
journal,godzilla,5,1,2,1783610754717543168,0,1783610754717650432,0,1783610754717685760,1783610754717662794,304,price_side,order_id,BTC-USDT,SELL,65000.14,0.001,866585320701886767,,107264,35328,142592
journal,godzilla,5,1,2,1783610754717845248,0,1783610754717949184,0,1783610754717960960,1783610754717959002,305,price_side,order_id,BTC-USDT,BUY,64999.950000000004,0.001,866585320701886768,,103936,11776,115712
journal,godzilla,5,1,2,1783610754718222592,0,1783610754718401280,0,1783610754718552576,1783610754718549861,306,price_side,order_id,BTC-USDT,SELL,65000.159999999996,0.001,866585320701886769,,178688,151296,329984
journal,godzilla,5,1,2,1783610754718442240,0,1783610754718530304,0,1783610754718571008,1783610754718569428,307,price_side,order_id,BTC-USDT,BUY,64999.97,0.001,866585320701886770,,88064,40704,128768
journal,godzilla,5,1,2,1783610754718744320,0,1783610754718816768,0,1783610754718826752,1783610754718824606,308,price_side,order_id,BTC-USDT,SELL,65000.18,0.001,866585320701886771,,72448,9984,82432
journal,godzilla,5,1,2,1783610754719043328,0,1783610754719150592,0,1783610754719169024,1783610754719167135,309,price_side,order_id,BTC-USDT,BUY,64999.99,0.001,866585320701886772,,107264,18432,125696
journal,godzilla,5,1,2,1783610754719343616,0,1783610754719446784,0,1783610754719466496,1783610754719464594,310,price_side,order_id,BTC-USDT,SELL,65000.2,0.001,866585320701886773,,103168,19712,122880
journal,godzilla,5,1,2,1783610754719643392,0,1783610754719748096,0,1783610754719767296,1783610754719765148,311,price_side,order_id,BTC-USDT,BUY,65000.01,0.001,866585320701886774,,104704,19200,123904
journal,godzilla,5,1,2,1783610754719943680,0,1783610754720057344,0,1783610754720076800,1783610754720074673,312,price_side,order_id,BTC-USDT,SELL,65000.22,0.001,866585320701886775,,113664,19456,133120
journal,godzilla,5,1,2,1783610754720243456,0,1783610754720347648,0,1783610754720369664,1783610754720366767,313,price_side,order_id,BTC-USDT,BUY,65000.03,0.001,866585320701886776,,104192,22016,126208
journal,godzilla,5,1,2,1783610754720543232,0,1783610754720646144,0,1783610754720664576,1783610754720662708,314,price_side,order_id,BTC-USDT,SELL,65000.24,0.001,866585320701886777,,102912,18432,121344
journal,godzilla,5,1,2,1783610754720851968,0,1783610754720947968,0,1783610754720967424,1783610754720965488,315,price_side,order_id,BTC-USDT,BUY,65000.05,0.001,866585320701886778,,96000,19456,115456
journal,godzilla,5,1,2,1783610754721143296,0,1783610754721273600,0,1783610754721399296,1783610754721396576,316,price_side,order_id,BTC-USDT,SELL,65000.26,0.001,866585320701886779,,130304,125696,256000
journal,godzilla,5,1,2,1783610754721442304,0,1783610754721528576,0,1783610754721708800,1783610754721609211,317,price_side,order_id,BTC-USDT,BUY,65000.07,0.001,866585320701886780,,86272,180224,266496
journal,godzilla,5,1,2,1783610754721744640,0,1783610754721833984,0,1783610754721918720,1783610754721916553,318,price_side,order_id,BTC-USDT,SELL,65000.28,0.001,866585320701886781,,89344,84736,174080
journal,godzilla,5,1,2,1783610754722043392,0,1783610754722071808,0,1783610754722087936,1783610754722085398,319,price_side,order_id,BTC-USDT,BUY,65000.090000000004,0.001,866585320701886782,,28416,16128,44544
journal,godzilla,5,1,2,1783610754722342144,0,1783610754722443776,0,1783610754722461184,1783610754722459181,320,price_side,order_id,BTC-USDT,SELL,65000.299999999996,0.001,866585320701886783,,101632,17408,119040
journal,godzilla,5,1,2,1783610754722642176,0,1783610754722738944,0,1783610754722755584,1783610754722753415,321,price_side,order_id,BTC-USDT,BUY,65000.11,0.001,866585320701886784,,96768,16640,113408
journal,godzilla,5,1,2,1783610754722942208,0,1783610754723054080,0,1783610754723070720,1783610754723068646,322,price_side,order_id,BTC-USDT,SELL,65000.32,0.001,866585320701886785,,111872,16640,128512
journal,godzilla,5,1,2,1783610754723242240,0,1783610754723345408,0,1783610754723361792,1783610754723359703,323,price_side,order_id,BTC-USDT,BUY,65000.130000000005,0.001,866585320701886786,,103168,16384,119552
journal,godzilla,5,1,2,1783610754723542272,0,1783610754723644416,0,1783610754723661824,1783610754723659787,324,price_side,order_id,BTC-USDT,SELL,65000.34,0.001,866585320701886787,,102144,17408,119552
journal,godzilla,5,1,2,1783610754723851520,0,1783610754723954688,0,1783610754723967744,1783610754723965712,325,price_side,order_id,BTC-USDT,BUY,65000.15,0.001,866585320701886788,,103168,13056,116224
journal,godzilla,5,1,2,1783610754724142336,0,1783610754724241152,0,1783610754724257280,1783610754724255231,326,price_side,order_id,BTC-USDT,SELL,65000.36,0.001,866585320701886789,,98816,16128,114944
journal,godzilla,5,1,2,1783610754724442112,0,1783610754724538368,0,1783610754724555264,1783610754724553128,327,price_side,order_id,BTC-USDT,BUY,65000.17,0.001,866585320701886790,,96256,16896,113152
journal,godzilla,5,1,2,1783610754724742144,0,1783610754724844032,0,1783610754724951296,1783610754724949251,328,price_side,order_id,BTC-USDT,SELL,65000.38,0.001,866585320701886791,,101888,107264,209152
journal,godzilla,5,1,2,1783610754725043200,0,1783610754725074432,0,1783610754725163008,1783610754725159930,329,price_side,order_id,BTC-USDT,BUY,65000.19,0.001,866585320701886792,,31232,88576,119808
journal,godzilla,5,1,2,1783610754725342208,0,1783610754725462016,0,1783610754725582336,1783610754725580017,330,price_side,order_id,BTC-USDT,SELL,65000.4,0.001,866585320701886793,,119808,120320,240128
journal,godzilla,5,1,2,1783610754725642240,0,1783610754725699840,0,1783610754725828864,1783610754725801463,331,price_side,order_id,BTC-USDT,BUY,65000.21,0.001,866585320701886794,,57600,129024,186624
journal,godzilla,5,1,2,1783610754725943808,0,1783610754726055680,0,1783610754726070528,1783610754726068568,332,price_side,order_id,BTC-USDT,SELL,65000.42,0.001,866585320701886795,,111872,14848,126720
journal,godzilla,5,1,2,1783610754726242304,0,1783610754726345472,0,1783610754726361856,1783610754726359889,333,price_side,order_id,BTC-USDT,BUY,65000.23,0.001,866585320701886796,,103168,16384,119552
journal,godzilla,5,1,2,1783610754726549248,0,1783610754726655232,0,1783610754726671616,1783610754726669397,334,price_side,order_id,BTC-USDT,SELL,65000.439999999995,0.001,866585320701886797,,105984,16384,122368
journal,godzilla,5,1,2,1783610754726842368,0,1783610754726944768,0,1783610754726962176,1783610754726959970,335,price_side,order_id,BTC-USDT,BUY,65000.25,0.001,866585320701886798,,102400,17408,119808
journal,godzilla,5,1,2,1783610754727143424,0,1783610754727241216,0,1783610754727258624,1783610754727256598,336,price_side,order_id,BTC-USDT,SELL,65000.46,0.001,866585320701886799,,97792,17408,115200
journal,godzilla,5,1,2,1783610754727442176,0,1783610754727536384,0,1783610754727557888,1783610754727555675,337,price_side,order_id,BTC-USDT,BUY,65000.270000000004,0.001,866585320701886800,,94208,21504,115712
journal,godzilla,5,1,2,1783610754727742976,0,1783610754727837184,0,1783610754727856128,1783610754727854186,338,price_side,order_id,BTC-USDT,SELL,65000.479999999996,0.001,866585320701886801,,94208,18944,113152
journal,godzilla,5,1,2,1783610754728042240,0,1783610754728141312,0,1783610754728163584,1783610754728161421,339,price_side,order_id,BTC-USDT,BUY,65000.29,0.001,866585320701886802,,99072,22272,121344
journal,godzilla,5,1,2,1783610754728343040,0,1783610754728439552,0,1783610754728458240,1783610754728456267,340,price_side,order_id,BTC-USDT,SELL,65000.5,0.001,866585320701886803,,96512,18688,115200
journal,godzilla,5,1,2,1783610754728642304,0,1783610754728749056,0,1783610754728870144,1783610754728867839,341,price_side,order_id,BTC-USDT,BUY,65000.310000000005,0.001,866585320701886804,,106752,121088,227840
journal,godzilla,5,1,2,1783610754728944640,0,1783610754729020928,0,1783610754729094656,1783610754729092640,342,price_side,order_id,BTC-USDT,SELL,65000.52,0.001,866585320701886805,,76288,73728,150016
journal,godzilla,5,1,2,1783610754729243392,0,1783610754729338880,0,1783610754729354240,1783610754729352422,343,price_side,order_id,BTC-USDT,BUY,65000.33,0.001,866585320701886806,,95488,15360,110848
journal,godzilla,5,1,2,1783610754729550592,0,1783610754729645056,0,1783610754729672192,1783610754729663565,344,price_side,order_id,BTC-USDT,SELL,65000.54,0.001,866585320701886807,,94464,27136,121600
journal,godzilla,5,1,2,1783610754729842176,0,1783610754729932544,0,1783610754729951232,1783610754729949341,345,price_side,order_id,BTC-USDT,BUY,65000.35,0.001,866585320701886808,,90368,18688,109056
journal,godzilla,5,1,2,1783610754730141952,0,1783610754730233088,0,1783610754730249984,1783610754730248183,346,price_side,order_id,BTC-USDT,SELL,65000.56,0.001,866585320701886809,,91136,16896,108032
journal,godzilla,5,1,2,1783610754730441984,0,1783610754730534656,0,1783610754730554112,1783610754730552251,347,price_side,order_id,BTC-USDT,BUY,65000.37,0.001,866585320701886810,,92672,19456,112128
journal,godzilla,5,1,2,1783610754730741760,0,1783610754730831616,0,1783610754730851840,1783610754730849932,348,price_side,order_id,BTC-USDT,SELL,65000.58,0.001,866585320701886811,,89856,20224,110080
journal,godzilla,5,1,2,1783610754731042048,0,1783610754731131648,0,1783610754731151616,1783610754731149560,349,price_side,order_id,BTC-USDT,BUY,65000.39,0.001,866585320701886812,,89600,19968,109568
journal,godzilla,5,1,2,1783610754731341824,0,1783610754731433984,0,1783610754731451648,1783610754731449725,350,price_side,order_id,BTC-USDT,SELL,65000.6,0.001,866585320701886813,,92160,17664,109824
journal,godzilla,5,1,2,1783610754731641856,0,1783610754731734784,0,1783610754731755776,1783610754731753640,351,price_side,order_id,BTC-USDT,BUY,65000.41,0.001,866585320701886814,,92928,20992,113920
journal,godzilla,5,1,2,1783610754731941888,0,1783610754732048640,0,1783610754732069632,1783610754732067456,352,price_side,order_id,BTC-USDT,SELL,65000.619999999995,0.001,866585320701886815,,106752,20992,127744
journal,godzilla,5,1,2,1783610754732242944,0,1783610754732358144,0,1783610754732468736,1783610754732466494,353,price_side,order_id,BTC-USDT,BUY,65000.43,0.001,866585320701886816,,115200,110592,225792
journal,godzilla,5,1,2,1783610754732552448,0,1783610754732581376,0,1783610754732685312,1783610754732683063,354,price_side,order_id,BTC-USDT,SELL,65000.64,0.001,866585320701886817,,28928,103936,132864
journal,godzilla,5,1,2,1783610754732842496,0,1783610754732940288,0,1783610754732961024,1783610754732958889,355,price_side,order_id,BTC-USDT,BUY,65000.450000000004,0.001,866585320701886818,,97792,20736,118528
journal,godzilla,5,1,2,1783610754733143296,0,1783610754733237760,0,1783610754733256960,1783610754733255009,356,price_side,order_id,BTC-USDT,SELL,65000.659999999996,0.001,866585320701886819,,94464,19200,113664
journal,godzilla,5,1,2,1783610754733442048,0,1783610754733539328,0,1783610754733569024,1783610754733559855,357,price_side,order_id,BTC-USDT,BUY,65000.47,0.001,866585320701886820,,97280,29696,126976
journal,godzilla,5,1,2,1783610754733742080,0,1783610754733837568,0,1783610754733859840,1783610754733857792,358,price_side,order_id,BTC-USDT,SELL,65000.68,0.001,866585320701886821,,95488,22272,117760
journal,godzilla,5,1,2,1783610754734043136,0,1783610754734140928,0,1783610754734159616,1783610754734157624,359,price_side,order_id,BTC-USDT,BUY,65000.49,0.001,866585320701886822,,97792,18688,116480
journal,godzilla,5,1,2,1783610754734343168,0,1783610754734440192,0,1783610754734458368,1783610754734456405,360,price_side,order_id,BTC-USDT,SELL,65000.7,0.001,866585320701886823,,97024,18176,115200
journal,godzilla,5,1,2,1783610754734642176,0,1783610754734740224,0,1783610754734760704,1783610754734758446,361,price_side,order_id,BTC-USDT,BUY,65000.51,0.001,866585320701886824,,98048,20480,118528
journal,godzilla,5,1,2,1783610754734942976,0,1783610754735051264,0,1783610754735068672,1783610754735066379,362,price_side,order_id,BTC-USDT,SELL,65000.72,0.001,866585320701886825,,108288,17408,125696
journal,godzilla,5,1,2,1783610754735248896,0,1783610754735346432,0,1783610754735368704,1783610754735366350,363,price_side,order_id,BTC-USDT,BUY,65000.53,0.001,866585320701886826,,97536,22272,119808
journal,godzilla,5,1,2,1783610754735543040,0,1783610754735640064,0,1783610754735660032,1783610754735658171,364,price_side,order_id,BTC-USDT,SELL,65000.74,0.001,866585320701886827,,97024,19968,116992
journal,godzilla,5,1,2,1783610754735842816,0,1783610754735939328,0,1783610754735961344,1783610754735959230,365,price_side,order_id,BTC-USDT,BUY,65000.55,0.001,866585320701886828,,96512,22016,118528
journal,godzilla,5,1,2,1783610754736143104,0,1783610754736239104,0,1783610754736258560,1783610754736256762,366,price_side,order_id,BTC-USDT,SELL,65000.76,0.001,866585320701886829,,96000,19456,115456
journal,godzilla,5,1,2,1783610754736442112,0,1783610754736539392,0,1783610754736560640,1783610754736558612,367,price_side,order_id,BTC-USDT,BUY,65000.57,0.001,866585320701886830,,97280,21248,118528
journal,godzilla,5,1,2,1783610754736743168,0,1783610754736839936,0,1783610754736857344,1783610754736855386,368,price_side,order_id,BTC-USDT,SELL,65000.78,0.001,866585320701886831,,96768,17408,114176
journal,godzilla,5,1,2,1783610754737042176,0,1783610754737199104,0,1783610754737325312,1783610754737322625,369,price_side,order_id,BTC-USDT,BUY,65000.590000000004,0.001,866585320701886832,,156928,126208,283136
journal,godzilla,5,1,2,1783610754737342464,0,1783610754737420032,0,1783610754737543936,1783610754737519155,370,price_side,order_id,BTC-USDT,SELL,65000.799999999996,0.001,866585320701886833,,77568,123904,201472
journal,godzilla,5,1,2,1783610754737643008,0,1783610754737738240,0,1783610754737752064,1783610754737750348,371,price_side,order_id,BTC-USDT,BUY,65000.61,0.001,866585320701886834,,95232,13824,109056
journal,godzilla,5,1,2,1783610754737942016,0,1783610754738059776,0,1783610754738172928,1783610754738170893,372,price_side,order_id,BTC-USDT,SELL,65000.82,0.001,866585320701886835,,117760,113152,230912
journal,godzilla,5,1,2,1783610754738260736,0,1783610754738281984,0,1783610754738366208,1783610754738363866,373,price_side,order_id,BTC-USDT,BUY,65000.630000000005,0.001,866585320701886836,,21248,84224,105472
journal,godzilla,5,1,2,1783610754738542080,0,1783610754738635520,0,1783610754738656000,1783610754738653927,374,price_side,order_id,BTC-USDT,SELL,65000.84,0.001,866585320701886837,,93440,20480,113920
journal,godzilla,5,1,2,1783610754738842368,0,1783610754738938368,0,1783610754738959872,1783610754738957876,375,price_side,order_id,BTC-USDT,BUY,65000.65,0.001,866585320701886838,,96000,21504,117504
journal,godzilla,5,1,2,1783610754739142912,0,1783610754739240192,0,1783610754739258880,1783610754739256973,376,price_side,order_id,BTC-USDT,SELL,65000.86,0.001,866585320701886839,,97280,18688,115968
journal,godzilla,5,1,2,1783610754739442176,0,1783610754739555328,0,1783610754739681024,1783610754739672697,377,price_side,order_id,BTC-USDT,BUY,65000.67,0.001,866585320701886840,,113152,125696,238848
journal,godzilla,5,1,2,1783610754739742464,0,1783610754739795200,0,1783610754739876864,1783610754739874280,378,price_side,order_id,BTC-USDT,SELL,65000.88,0.001,866585320701886841,,52736,81664,134400
journal,godzilla,5,1,2,1783610754740043264,0,1783610754740166912,0,1783610754740292864,1783610754740290130,379,price_side,order_id,BTC-USDT,BUY,65000.69,0.001,866585320701886842,,123648,125952,249600
journal,godzilla,5,1,2,1783610754740342016,0,1783610754740642816,0,1783610754740745216,1783610754740743049,380,price_side,order_id,BTC-USDT,SELL,65000.9,0.001,866585320701886843,,300800,102400,403200
journal,godzilla,5,1,2,1783610754740641280,0,1783610754740715008,0,1783610754740781824,1783610754740779574,381,price_side,order_id,BTC-USDT,BUY,65000.71,0.001,866585320701886844,,73728,66816,140544
journal,godzilla,5,1,2,1783610754740951808,0,1783610754741206016,0,1783610754741351936,1783610754741347647,382,price_side,order_id,BTC-USDT,SELL,65000.92,0.001,866585320701886845,,254208,145920,400128
journal,godzilla,5,1,2,1783610754741311488,0,1783610754741486336,0,1783610754741627904,1783610754741608527,383,price_side,order_id,BTC-USDT,BUY,65000.73,0.001,866585320701886846,,174848,141568,316416
journal,godzilla,5,1,2,1783610754741548544,0,1783610754741647616,0,1783610754741664768,1783610754741661567,384,price_side,order_id,BTC-USDT,SELL,65000.939999999995,0.001,866585320701886847,,99072,17152,116224
journal,godzilla,5,1,2,1783610754741844736,0,1783610754741866496,0,1783610754741901056,1783610754741884039,385,price_side,order_id,BTC-USDT,BUY,65000.75,0.001,866585320701886848,,21760,34560,56320
journal,godzilla,5,1,2,1783610754742142464,0,1783610754742236416,0,1783610754742257664,1783610754742255604,386,price_side,order_id,BTC-USDT,SELL,65000.96,0.001,866585320701886849,,93952,21248,115200
journal,godzilla,5,1,2,1783610754742441984,0,1783610754742534144,0,1783610754742555136,1783610754742553020,387,price_side,order_id,BTC-USDT,BUY,65000.770000000004,0.001,866585320701886850,,92160,20992,113152
journal,godzilla,5,1,2,1783610754742742016,0,1783610754742832896,0,1783610754742850304,1783610754742848642,388,price_side,order_id,BTC-USDT,SELL,65000.979999999996,0.001,866585320701886851,,90880,17408,108288
journal,godzilla,5,1,2,1783610754743042048,0,1783610754743134208,0,1783610754743154944,1783610754743152963,389,price_side,order_id,BTC-USDT,BUY,65000.79,0.001,866585320701886852,,92160,20736,112896
journal,godzilla,5,1,2,1783610754743341824,0,1783610754743432960,0,1783610754743453696,1783610754743451495,390,price_side,order_id,BTC-USDT,SELL,65001.0,0.001,866585320701886853,,91136,20736,111872
journal,godzilla,5,1,2,1783610754743642112,0,1783610754743729408,0,1783610754743749888,1783610754743747947,391,price_side,order_id,BTC-USDT,BUY,65000.810000000005,0.001,866585320701886854,,87296,20480,107776
journal,godzilla,5,1,2,1783610754743953664,0,1783610754744049664,0,1783610754744070912,1783610754744068668,392,price_side,order_id,BTC-USDT,SELL,65001.02,0.001,866585320701886855,,96000,21248,117248
journal,godzilla,5,1,2,1783610754744242944,0,1783610754744335616,0,1783610754744353536,1783610754744351759,393,price_side,order_id,BTC-USDT,BUY,65000.83,0.001,866585320701886856,,92672,17920,110592
journal,godzilla,5,1,2,1783610754744541952,0,1783610754744632832,0,1783610754744651264,1783610754744649449,394,price_side,order_id,BTC-USDT,SELL,65001.04,0.001,866585320701886857,,90880,18432,109312
journal,godzilla,5,1,2,1783610754744841984,0,1783610754744933632,0,1783610754744954112,1783610754744952165,395,price_side,order_id,BTC-USDT,BUY,65000.85,0.001,866585320701886858,,91648,20480,112128
journal,godzilla,5,1,2,1783610754745142016,0,1783610754745231872,0,1783610754745249024,1783610754745247178,396,price_side,order_id,BTC-USDT,SELL,65001.06,0.001,866585320701886859,,89856,17152,107008
journal,godzilla,5,1,2,1783610754745441792,0,1783610754745532160,0,1783610754745562368,1783610754745551347,397,price_side,order_id,BTC-USDT,BUY,65000.87,0.001,866585320701886860,,90368,30208,120576
journal,godzilla,5,1,2,1783610754745742336,0,1783610754745831168,0,1783610754745852160,1783610754745850111,398,price_side,order_id,BTC-USDT,SELL,65001.08,0.001,866585320701886861,,88832,20992,109824
journal,godzilla,5,1,2,1783610754746042112,0,1783610754746141440,0,1783610754746155520,1783610754746153348,399,price_side,order_id,BTC-USDT,BUY,65000.89,0.001,866585320701886862,,99328,14080,113408
journal,godzilla,5,1,2,1783610754746342144,0,1783610754746444800,0,1783610754746568704,1783610754746566440,400,price_side,order_id,BTC-USDT,SELL,65000.1,0.001,866585320701886863,,102656,123904,226560
journal,godzilla,5,1,2,1783610754746651904,0,1783610754746797824,0,1783610754746921984,1783610754746919190,401,price_side,order_id,BTC-USDT,BUY,64999.91,0.001,866585320701886864,,145920,124160,270080
journal,godzilla,5,1,2,1783610754746943232,0,1783610754747046656,0,1783610754747134208,1783610754747131446,402,price_side,order_id,BTC-USDT,SELL,65000.119999999995,0.001,866585320701886865,,103424,87552,190976
journal,godzilla,5,1,2,1783610754747243008,0,1783610754747291648,0,1783610754747356928,1783610754747354989,403,price_side,order_id,BTC-USDT,BUY,64999.93,0.001,866585320701886866,,48640,65280,113920
journal,godzilla,5,1,2,1783610754747541760,0,1783610754747630336,0,1783610754747655168,1783610754747653200,404,price_side,order_id,BTC-USDT,SELL,65000.14,0.001,866585320701886867,,88576,24832,113408
journal,godzilla,5,1,2,1783610754747841792,0,1783610754747939840,0,1783610754747950080,1783610754747948000,405,price_side,order_id,BTC-USDT,BUY,64999.950000000004,0.001,866585320701886868,,98048,10240,108288
journal,godzilla,5,1,2,1783610754748142080,0,1783610754748242688,0,1783610754748255488,1783610754748253538,406,price_side,order_id,BTC-USDT,SELL,65000.159999999996,0.001,866585320701886869,,100608,12800,113408
journal,godzilla,5,1,2,1783610754748441856,0,1783610754748561920,0,1783610754748686848,1783610754748684549,407,price_side,order_id,BTC-USDT,BUY,64999.97,0.001,866585320701886870,,120064,124928,244992
journal,godzilla,5,1,2,1783610754748741888,0,1783610754748930560,0,1783610754749054208,1783610754749047927,408,price_side,order_id,BTC-USDT,SELL,65000.18,0.001,866585320701886871,,188672,123648,312320
journal,godzilla,5,1,2,1783610754749046016,0,1783610754749158656,0,1783610754749198080,1783610754749196224,409,price_side,order_id,BTC-USDT,BUY,64999.99,0.001,866585320701886872,,112640,39424,152064
journal,godzilla,5,1,2,1783610754749344000,0,1783610754749402112,0,1783610754749468672,1783610754749454918,410,price_side,order_id,BTC-USDT,SELL,65000.2,0.001,866585320701886873,,58112,66560,124672
journal,godzilla,5,1,2,1783610754749650944,0,1783610754749791744,0,1783610754749918208,1783610754749915283,411,price_side,order_id,BTC-USDT,BUY,65000.01,0.001,866585320701886874,,140800,126464,267264
journal,godzilla,5,1,2,1783610754749943040,0,1783610754750056448,0,1783610754750119680,1783610754750117684,412,price_side,order_id,BTC-USDT,SELL,65000.22,0.001,866585320701886875,,113408,63232,176640
journal,godzilla,5,1,2,1783610754750242816,0,1783610754750350080,0,1783610754750463232,1783610754750461101,413,price_side,order_id,BTC-USDT,BUY,65000.03,0.001,866585320701886876,,107264,113152,220416
journal,godzilla,5,1,2,1783610754750542848,0,1783610754750587904,0,1783610754750677248,1783610754750674528,414,price_side,order_id,BTC-USDT,SELL,65000.24,0.001,866585320701886877,,45056,89344,134400
journal,godzilla,5,1,2,1783610754750841856,0,1783610754751024896,0,1783610754751155456,1783610754751152283,415,price_side,order_id,BTC-USDT,BUY,65000.05,0.001,866585320701886878,,183040,130560,313600
journal,godzilla,5,1,2,1783610754751144448,0,1783610754751304192,0,1783610754751419136,1783610754751416422,416,price_side,order_id,BTC-USDT,SELL,65000.26,0.001,866585320701886879,,159744,114944,274688
journal,godzilla,5,1,2,1783610754751443456,0,1783610754751642624,0,1783610754751772160,1783610754751769492,417,price_side,order_id,BTC-USDT,BUY,65000.07,0.001,866585320701886880,,199168,129536,328704
journal,godzilla,5,1,2,1783610754751742208,0,1783610754751807744,0,1783610754751852800,1783610754751850393,418,price_side,order_id,BTC-USDT,SELL,65000.28,0.001,866585320701886881,,65536,45056,110592
journal,godzilla,5,1,2,1783610754752043264,0,1783610754752162048,0,1783610754752279808,1783610754752277791,419,price_side,order_id,BTC-USDT,BUY,65000.090000000004,0.001,866585320701886882,,118784,117760,236544
journal,godzilla,5,1,2,1783610754752383232,0,1783610754752409856,0,1783610754752488192,1783610754752486247,420,price_side,order_id,BTC-USDT,SELL,65000.299999999996,0.001,866585320701886883,,26624,78336,104960
journal,godzilla,5,1,2,1783610754752643840,0,1783610754752797184,0,1783610754752931840,1783610754752928881,421,price_side,order_id,BTC-USDT,BUY,65000.11,0.001,866585320701886884,,153344,134656,288000
journal,godzilla,5,1,2,1783610754752943104,0,1783610754753053952,0,1783610754753088512,1783610754753086454,422,price_side,order_id,BTC-USDT,SELL,65000.32,0.001,866585320701886885,,110848,34560,145408
journal,godzilla,5,1,2,1783610754753243392,0,1783610754753267456,0,1783610754753466880,1783610754753353014,423,price_side,order_id,BTC-USDT,BUY,65000.130000000005,0.001,866585320701886886,,24064,199424,223488
journal,godzilla,5,1,2,1783610754753544448,0,1783610754753631488,0,1783610754753694464,1783610754753691853,424,price_side,order_id,BTC-USDT,SELL,65000.34,0.001,866585320701886887,,87040,62976,150016
journal,godzilla,5,1,2,1783610754753843200,0,1783610754753980160,0,1783610754754114304,1783610754754111491,425,price_side,order_id,BTC-USDT,BUY,65000.15,0.001,866585320701886888,,136960,134144,271104
journal,godzilla,5,1,2,1783610754754142976,0,1783610754754286080,0,1783610754754317824,1783610754754315919,426,price_side,order_id,BTC-USDT,SELL,65000.36,0.001,866585320701886889,,143104,31744,174848
journal,godzilla,5,1,2,1783610754754443008,0,1783610754754503168,0,1783610754754573312,1783610754754571389,427,price_side,order_id,BTC-USDT,BUY,65000.17,0.001,866585320701886890,,60160,70144,130304
journal,godzilla,5,1,2,1783610754754743552,0,1783610754754881792,0,1783610754755019520,1783610754755016592,428,price_side,order_id,BTC-USDT,SELL,65000.38,0.001,866585320701886891,,138240,137728,275968
journal,godzilla,5,1,2,1783610754755043328,0,1783610754755187200,0,1783610754755243264,1783610754755240908,429,price_side,order_id,BTC-USDT,BUY,65000.19,0.001,866585320701886892,,143872,56064,199936
journal,godzilla,5,1,2,1783610754755354624,0,1783610754755420928,0,1783610754755474176,1783610754755471884,430,price_side,order_id,BTC-USDT,SELL,65000.4,0.001,866585320701886893,,66304,53248,119552
journal,godzilla,5,1,2,1783610754755643392,0,1783610754755781120,0,1783610754755921152,1783610754755917887,431,price_side,order_id,BTC-USDT,BUY,65000.21,0.001,866585320701886894,,137728,140032,277760
journal,godzilla,5,1,2,1783610754755943680,0,1783610754756089600,0,1783610754756153600,1783610754756151231,432,price_side,order_id,BTC-USDT,SELL,65000.42,0.001,866585320701886895,,145920,64000,209920
journal,godzilla,5,1,2,1783610754756243712,0,1783610754756301824,0,1783610754756322560,1783610754756320479,433,price_side,order_id,BTC-USDT,BUY,65000.23,0.001,866585320701886896,,58112,20736,78848
journal,godzilla,5,1,2,1783610754756542720,0,1783610754756680960,0,1783610754756820224,1783610754756817358,434,price_side,order_id,BTC-USDT,SELL,65000.439999999995,0.001,866585320701886897,,138240,139264,277504
journal,godzilla,5,1,2,1783610754756843008,0,1783610754756945664,0,1783610754757048320,1783610754757046443,435,price_side,order_id,BTC-USDT,BUY,65000.25,0.001,866585320701886898,,102656,102656,205312
journal,godzilla,5,1,2,1783610754757189376,0,1783610754757230592,0,1783610754757318144,1783610754757307255,436,price_side,order_id,BTC-USDT,SELL,65000.46,0.001,866585320701886899,,41216,87552,128768
journal,godzilla,5,1,2,1783610754757443840,0,1783610754757505792,0,1783610754757568768,1783610754757566491,437,price_side,order_id,BTC-USDT,BUY,65000.270000000004,0.001,866585320701886900,,61952,62976,124928
journal,godzilla,5,1,2,1783610754757743360,0,1783610754757878784,0,1783610754758016256,1783610754758013405,438,price_side,order_id,BTC-USDT,SELL,65000.479999999996,0.001,866585320701886901,,135424,137472,272896
journal,godzilla,5,1,2,1783610754758051840,0,1783610754758198784,0,1783610754758234112,1783610754758231819,439,price_side,order_id,BTC-USDT,BUY,65000.29,0.001,866585320701886902,,146944,35328,182272
journal,godzilla,5,1,2,1783610754758342656,0,1783610754758448384,0,1783610754758500608,1783610754758498494,440,price_side,order_id,BTC-USDT,SELL,65000.5,0.001,866585320701886903,,105728,52224,157952
journal,godzilla,5,1,2,1783610754758643456,0,1783610754758780160,0,1783610754758911488,1783610754758908835,441,price_side,order_id,BTC-USDT,BUY,65000.310000000005,0.001,866585320701886904,,136704,131328,268032
journal,godzilla,5,1,2,1783610754758942208,0,1783610754759086080,0,1783610754759123712,1783610754759121485,442,price_side,order_id,BTC-USDT,SELL,65000.52,0.001,866585320701886905,,143872,37632,181504
journal,godzilla,5,1,2,1783610754759272192,0,1783610754759398912,0,1783610754759522816,1783610754759520110,443,price_side,order_id,BTC-USDT,BUY,65000.33,0.001,866585320701886906,,126720,123904,250624
journal,godzilla,5,1,2,1783610754759542784,0,1783610754759673088,0,1783610754759721472,1783610754759719355,444,price_side,order_id,BTC-USDT,SELL,65000.54,0.001,866585320701886907,,130304,48384,178688
journal,godzilla,5,1,2,1783610754759842816,0,1783610754759911424,0,1783610754759954944,1783610754759953034,445,price_side,order_id,BTC-USDT,BUY,65000.35,0.001,866585320701886908,,68608,43520,112128
journal,godzilla,5,1,2,1783610754760142336,0,1783610754760270848,0,1783610754760396032,1783610754760393103,446,price_side,order_id,BTC-USDT,SELL,65000.56,0.001,866585320701886909,,128512,125184,253696
journal,godzilla,5,1,2,1783610754760442112,0,1783610754760586752,0,1783610754760612864,1783610754760610895,447,price_side,order_id,BTC-USDT,BUY,65000.37,0.001,866585320701886910,,144640,26112,170752
journal,godzilla,5,1,2,1783610754760743168,0,1783610754760801024,0,1783610754760861440,1783610754760859347,448,price_side,order_id,BTC-USDT,SELL,65000.58,0.001,866585320701886911,,57856,60416,118272
journal,godzilla,5,1,2,1783610754761050112,0,1783610754761182720,0,1783610754761307648,1783610754761304889,449,price_side,order_id,BTC-USDT,BUY,65000.39,0.001,866585320701886912,,132608,124928,257536
journal,godzilla,5,1,2,1783610754761342208,0,1783610754761475328,0,1783610754761513472,1783610754761505032,450,price_side,order_id,BTC-USDT,SELL,65000.6,0.001,866585320701886913,,133120,38144,171264
journal,godzilla,5,1,2,1783610754761643264,0,1783610754761696256,0,1783610754761763584,1783610754761761669,451,price_side,order_id,BTC-USDT,BUY,65000.41,0.001,866585320701886914,,52992,67328,120320
journal,godzilla,5,1,2,1783610754761942272,0,1783610754762336256,0,1783610754762586624,1783610754762580740,452,price_side,order_id,BTC-USDT,SELL,65000.619999999995,0.001,866585320701886915,,393984,250368,644352
journal,godzilla,5,1,2,1783610754762249984,0,1783610754762468352,0,1783610754762614784,1783610754762612340,453,price_side,order_id,BTC-USDT,BUY,65000.43,0.001,866585320701886916,,218368,146432,364800
journal,godzilla,5,1,2,1783610754762545920,0,1783610754762651136,0,1783610754762688256,1783610754762685676,454,price_side,order_id,BTC-USDT,SELL,65000.64,0.001,866585320701886917,,105216,37120,142336
journal,godzilla,5,1,2,1783610754762847744,0,1783610754762906880,0,1783610754762941440,1783610754762939499,455,price_side,order_id,BTC-USDT,BUY,65000.450000000004,0.001,866585320701886918,,59136,34560,93696
journal,godzilla,5,1,2,1783610754763142400,0,1783610754763188224,0,1783610754763262720,1783610754763260657,456,price_side,order_id,BTC-USDT,SELL,65000.659999999996,0.001,866585320701886919,,45824,74496,120320
journal,godzilla,5,1,2,1783610754763442176,0,1783610754763540992,0,1783610754763562496,1783610754763560412,457,price_side,order_id,BTC-USDT,BUY,65000.47,0.001,866585320701886920,,98816,21504,120320
journal,godzilla,5,1,2,1783610754763743232,0,1783610754763852288,0,1783610754763863552,1783610754763861644,458,price_side,order_id,BTC-USDT,SELL,65000.68,0.001,866585320701886921,,109056,11264,120320
journal,godzilla,5,1,2,1783610754764059392,0,1783610754764174848,0,1783610754764288768,1783610754764286153,459,price_side,order_id,BTC-USDT,BUY,65000.49,0.001,866585320701886922,,115456,113920,229376
journal,godzilla,5,1,2,1783610754764342528,0,1783610754764426752,0,1783610754764517632,1783610754764515550,460,price_side,order_id,BTC-USDT,SELL,65000.7,0.001,866585320701886923,,84224,90880,175104
journal,godzilla,5,1,2,1783610754764643072,0,1783610754764747520,0,1783610754764765440,1783610754764763418,461,price_side,order_id,BTC-USDT,BUY,65000.51,0.001,866585320701886924,,104448,17920,122368
journal,godzilla,5,1,2,1783610754764942336,0,1783610754765066752,0,1783610754765083392,1783610754765080949,462,price_side,order_id,BTC-USDT,SELL,65000.72,0.001,866585320701886925,,124416,16640,141056
journal,godzilla,5,1,2,1783610754765242624,0,1783610754765346816,0,1783610754765375488,1783610754765361464,463,price_side,order_id,BTC-USDT,BUY,65000.53,0.001,866585320701886926,,104192,28672,132864
journal,godzilla,5,1,2,1783610754765543680,0,1783610754765652736,0,1783610754765666816,1783610754765664632,464,price_side,order_id,BTC-USDT,SELL,65000.74,0.001,866585320701886927,,109056,14080,123136
journal,godzilla,5,1,2,1783610754765842176,0,1783610754765951232,0,1783610754766078976,1783610754766076820,465,price_side,order_id,BTC-USDT,BUY,65000.55,0.001,866585320701886928,,109056,127744,236800
journal,godzilla,5,1,2,1783610754766142208,0,1783610754766200064,0,1783610754766273792,1783610754766271823,466,price_side,order_id,BTC-USDT,SELL,65000.76,0.001,866585320701886929,,57856,73728,131584
journal,godzilla,5,1,2,1783610754766441984,0,1783610754766545152,0,1783610754766559232,1783610754766557401,467,price_side,order_id,BTC-USDT,BUY,65000.57,0.001,866585320701886930,,103168,14080,117248
journal,godzilla,5,1,2,1783610754766749696,0,1783610754766854656,0,1783610754766871040,1783610754766868798,468,price_side,order_id,BTC-USDT,SELL,65000.78,0.001,866585320701886931,,104960,16384,121344
journal,godzilla,5,1,2,1783610754767042048,0,1783610754767142656,0,1783610754767158528,1783610754767156193,469,price_side,order_id,BTC-USDT,BUY,65000.590000000004,0.001,866585320701886932,,100608,15872,116480
journal,godzilla,5,1,2,1783610754767342336,0,1783610754767447296,0,1783610754767462912,1783610754767460933,470,price_side,order_id,BTC-USDT,SELL,65000.799999999996,0.001,866585320701886933,,104960,15616,120576
journal,godzilla,5,1,2,1783610754767642112,0,1783610754767764736,0,1783610754767884544,1783610754767881980,471,price_side,order_id,BTC-USDT,BUY,65000.61,0.001,866585320701886934,,122624,119808,242432
journal,godzilla,5,1,2,1783610754767942400,0,1783610754768013056,0,1783610754768123648,1783610754768121389,472,price_side,order_id,BTC-USDT,SELL,65000.82,0.001,866585320701886935,,70656,110592,181248
journal,godzilla,5,1,2,1783610754768243456,0,1783610754768347136,0,1783610754768363264,1783610754768360988,473,price_side,order_id,BTC-USDT,BUY,65000.630000000005,0.001,866585320701886936,,103680,16128,119808
journal,godzilla,5,1,2,1783610754768542208,0,1783610754768645888,0,1783610754768662016,1783610754768659934,474,price_side,order_id,BTC-USDT,SELL,65000.84,0.001,866585320701886937,,103680,16128,119808
journal,godzilla,5,1,2,1783610754768841728,0,1783610754768943872,0,1783610754768959488,1783610754768957328,475,price_side,order_id,BTC-USDT,BUY,65000.65,0.001,866585320701886938,,102144,15616,117760
journal,godzilla,5,1,2,1783610754769142272,0,1783610754769244928,0,1783610754769270528,1783610754769259592,476,price_side,order_id,BTC-USDT,SELL,65000.86,0.001,866585320701886939,,102656,25600,128256
journal,godzilla,5,1,2,1783610754769443584,0,1783610754769544192,0,1783610754769558272,1783610754769556270,477,price_side,order_id,BTC-USDT,BUY,65000.67,0.001,866585320701886940,,100608,14080,114688
journal,godzilla,5,1,2,1783610754769752320,0,1783610754769858048,0,1783610754769875200,1783610754769872900,478,price_side,order_id,BTC-USDT,SELL,65000.88,0.001,866585320701886941,,105728,17152,122880
journal,godzilla,5,1,2,1783610754770043136,0,1783610754770144512,0,1783610754770159360,1783610754770157374,479,price_side,order_id,BTC-USDT,BUY,65000.69,0.001,866585320701886942,,101376,14848,116224
journal,godzilla,5,1,2,1783610754770342400,0,1783610754770443008,0,1783610754770459648,1783610754770456907,480,price_side,order_id,BTC-USDT,SELL,65000.9,0.001,866585320701886943,,100608,16640,117248
journal,godzilla,5,1,2,1783610754770642944,0,1783610754770744576,0,1783610754770761472,1783610754770759538,481,price_side,order_id,BTC-USDT,BUY,65000.71,0.001,866585320701886944,,101632,16896,118528
journal,godzilla,5,1,2,1783610754770942720,0,1783610754771050496,0,1783610754771068160,1783610754771065915,482,price_side,order_id,BTC-USDT,SELL,65000.92,0.001,866585320701886945,,107776,17664,125440
journal,godzilla,5,1,2,1783610754771242240,0,1783610754771340288,0,1783610754771356160,1783610754771354161,483,price_side,order_id,BTC-USDT,BUY,65000.73,0.001,866585320701886946,,98048,15872,113920
journal,godzilla,5,1,2,1783610754771542272,0,1783610754771645440,0,1783610754771662336,1783610754771660268,484,price_side,order_id,BTC-USDT,SELL,65000.939999999995,0.001,866585320701886947,,103168,16896,120064
journal,godzilla,5,1,2,1783610754771842816,0,1783610754771944192,0,1783610754771957760,1783610754771956013,485,price_side,order_id,BTC-USDT,BUY,65000.75,0.001,866585320701886948,,101376,13568,114944
journal,godzilla,5,1,2,1783610754772142336,0,1783610754772243200,0,1783610754772259840,1783610754772257713,486,price_side,order_id,BTC-USDT,SELL,65000.96,0.001,866585320701886949,,100864,16640,117504
journal,godzilla,5,1,2,1783610754772450816,0,1783610754772554496,0,1783610754772570880,1783610754772568678,487,price_side,order_id,BTC-USDT,BUY,65000.770000000004,0.001,866585320701886950,,103680,16384,120064
journal,godzilla,5,1,2,1783610754772743168,0,1783610754772844544,0,1783610754772857856,1783610754772856017,488,price_side,order_id,BTC-USDT,SELL,65000.979999999996,0.001,866585320701886951,,101376,13312,114688
journal,godzilla,5,1,2,1783610754773042176,0,1783610754773148672,0,1783610754773173760,1783610754773162587,489,price_side,order_id,BTC-USDT,BUY,65000.79,0.001,866585320701886952,,106496,25088,131584
journal,godzilla,5,1,2,1783610754773344768,0,1783610754773478912,0,1783610754773603584,1783610754773600316,490,price_side,order_id,BTC-USDT,SELL,65001.0,0.001,866585320701886953,,134144,124672,258816
journal,godzilla,5,1,2,1783610754773642496,0,1783610754773876480,0,1783610754774021632,1783610754774018944,491,price_side,order_id,BTC-USDT,BUY,65000.810000000005,0.001,866585320701886954,,233984,145152,379136
journal,godzilla,5,1,2,1783610754773941504,0,1783610754773991424,0,1783610754774043136,1783610754774041741,492,price_side,order_id,BTC-USDT,SELL,65001.02,0.001,866585320701886955,,49920,51712,101632
journal,godzilla,5,1,2,1783610754774243328,0,1783610754774277888,0,1783610754774306560,1783610754774304697,493,price_side,order_id,BTC-USDT,BUY,65000.83,0.001,866585320701886956,,34560,28672,63232
journal,godzilla,5,1,2,1783610754774543104,0,1783610754774666752,0,1783610754774799104,1783610754774796225,494,price_side,order_id,BTC-USDT,SELL,65001.04,0.001,866585320701886957,,123648,132352,256000
journal,godzilla,5,1,2,1783610754774842368,0,1783610754775012096,0,1783610754775146240,1783610754775142935,495,price_side,order_id,BTC-USDT,BUY,65000.85,0.001,866585320701886958,,169728,134144,303872
journal,godzilla,5,1,2,1783610754775144960,0,1783610754775256064,0,1783610754775272192,1783610754775269356,496,price_side,order_id,BTC-USDT,SELL,65001.06,0.001,866585320701886959,,111104,16128,127232
journal,godzilla,5,1,2,1783610754775455744,0,1783610754775561216,0,1783610754775577600,1783610754775575248,497,price_side,order_id,BTC-USDT,BUY,65000.87,0.001,866585320701886960,,105472,16384,121856
journal,godzilla,5,1,2,1783610754775742720,0,1783610754775853824,0,1783610754775871744,1783610754775869485,498,price_side,order_id,BTC-USDT,SELL,65001.08,0.001,866585320701886961,,111104,17920,129024
journal,godzilla,5,1,2,1783610754776043776,0,1783610754776157696,0,1783610754776173824,1783610754776170963,499,price_side,order_id,BTC-USDT,BUY,65000.89,0.001,866585320701886962,,113920,16128,130048
journal,godzilla,5,1,2,1783610754776342528,0,1783610754776452352,0,1783610754776470272,1783610754776467229,500,price_side,order_id,BTC-USDT,SELL,65000.1,0.001,866585320701886963,,109824,17920,127744
journal,godzilla,5,1,2,1783610754776643328,0,1783610754776673024,0,1783610754776779520,1783610754776776798,501,price_side,order_id,BTC-USDT,BUY,64999.91,0.001,866585320701886964,,29696,106496,136192
journal,godzilla,5,1,2,1783610754776942592,0,1783610754777062656,0,1783610754777087744,1783610754777074881,502,price_side,order_id,BTC-USDT,SELL,65000.119999999995,0.001,866585320701886965,,120064,25088,145152
journal,godzilla,5,1,2,1783610754777244160,0,1783610754777359360,0,1783610754777375744,1783610754777373347,503,price_side,order_id,BTC-USDT,BUY,64999.93,0.001,866585320701886966,,115200,16384,131584
journal,godzilla,5,1,2,1783610754777542656,0,1783610754777666560,0,1783610754777794560,1783610754777791677,504,price_side,order_id,BTC-USDT,SELL,65000.14,0.001,866585320701886967,,123904,128000,251904
journal,godzilla,5,1,2,1783610754777842432,0,1783610754777921536,0,1783610754778043648,1783610754778041369,505,price_side,order_id,BTC-USDT,BUY,64999.950000000004,0.001,866585320701886968,,79104,122112,201216
journal,godzilla,5,1,2,1783610754778154752,0,1783610754778184448,0,1783610754778202368,1783610754778199357,506,price_side,order_id,BTC-USDT,SELL,65000.159999999996,0.001,866585320701886969,,29696,17920,47616
journal,godzilla,5,1,2,1783610754778443520,0,1783610754778554368,0,1783610754778569728,1783610754778567579,507,price_side,order_id,BTC-USDT,BUY,64999.97,0.001,866585320701886970,,110848,15360,126208
journal,godzilla,5,1,2,1783610754778742528,0,1783610754778850304,0,1783610754778868736,1783610754778866509,508,price_side,order_id,BTC-USDT,SELL,65000.18,0.001,866585320701886971,,107776,18432,126208
journal,godzilla,5,1,2,1783610754779043328,0,1783610754779147008,0,1783610754779161088,1783610754779159240,509,price_side,order_id,BTC-USDT,BUY,64999.99,0.001,866585320701886972,,103680,14080,117760
journal,godzilla,5,1,2,1783610754779342336,0,1783610754779446016,0,1783610754779461888,1783610754779459843,510,price_side,order_id,BTC-USDT,SELL,65000.2,0.001,866585320701886973,,103680,15872,119552
journal,godzilla,5,1,2,1783610754779642112,0,1783610754779744768,0,1783610754779761152,1783610754779758995,511,price_side,order_id,BTC-USDT,BUY,65000.01,0.001,866585320701886974,,102656,16384,119040
journal,godzilla,5,1,2,1783610754779942144,0,1783610754780060928,0,1783610754780076800,1783610754780074761,512,price_side,order_id,BTC-USDT,SELL,65000.22,0.001,866585320701886975,,118784,15872,134656
journal,godzilla,5,1,2,1783610754780242176,0,1783610754780357632,0,1783610754780571136,1783610754780567189,513,price_side,order_id,BTC-USDT,BUY,65000.03,0.001,866585320701886976,,115456,213504,328960
journal,godzilla,5,1,2,1783610754780543232,0,1783610754780781568,0,1783610754780915456,1783610754780913165,514,price_side,order_id,BTC-USDT,SELL,65000.24,0.001,866585320701886977,,238336,133888,372224
journal,godzilla,5,1,2,1783610754780842240,0,1783610754780895744,0,1783610754780931328,1783610754780929990,515,price_side,order_id,BTC-USDT,BUY,65000.05,0.001,866585320701886978,,53504,35584,89088
journal,godzilla,5,1,2,1783610754781158400,0,1783610754781262592,0,1783610754781285888,1783610754781274978,516,price_side,order_id,BTC-USDT,SELL,65000.26,0.001,866585320701886979,,104192,23296,127488
journal,godzilla,5,1,2,1783610754781443328,0,1783610754781684224,0,1783610754781828864,1783610754781826529,517,price_side,order_id,BTC-USDT,BUY,65000.07,0.001,866585320701886980,,240896,144640,385536
journal,godzilla,5,1,2,1783610754781741824,0,1783610754782078464,0,1783610754782174208,1783610754782171792,518,price_side,order_id,BTC-USDT,SELL,65000.28,0.001,866585320701886981,,336640,95744,432384
journal,godzilla,5,1,2,1783610754782042624,0,1783610754782244352,0,1783610754782452224,1783610754782444672,519,price_side,order_id,BTC-USDT,BUY,65000.090000000004,0.001,866585320701886982,,201728,207872,409600
journal,godzilla,5,1,2,1783610754782374144,0,1783610754782473728,0,1783610754782487040,1783610754782484821,520,price_side,order_id,BTC-USDT,SELL,65000.299999999996,0.001,866585320701886983,,99584,13312,112896
journal,godzilla,5,1,2,1783610754782643712,0,1783610754782665472,0,1783610754782725888,1783610754782723888,521,price_side,order_id,BTC-USDT,BUY,65000.11,0.001,866585320701886984,,21760,60416,82176
journal,godzilla,5,1,2,1783610754782942208,0,1783610754783056896,0,1783610754783073792,1783610754783071560,522,price_side,order_id,BTC-USDT,SELL,65000.32,0.001,866585320701886985,,114688,16896,131584
journal,godzilla,5,1,2,1783610754783242240,0,1783610754783347456,0,1783610754783362304,1783610754783360352,523,price_side,order_id,BTC-USDT,BUY,65000.130000000005,0.001,866585320701886986,,105216,14848,120064
journal,godzilla,5,1,2,1783610754783542272,0,1783610754783644416,0,1783610754783659776,1783610754783657758,524,price_side,order_id,BTC-USDT,SELL,65000.34,0.001,866585320701886987,,102144,15360,117504
journal,godzilla,5,1,2,1783610754783853568,0,1783610754783962112,0,1783610754783979008,1783610754783976611,525,price_side,order_id,BTC-USDT,BUY,65000.15,0.001,866585320701886988,,108544,16896,125440
journal,godzilla,5,1,2,1783610754784143360,0,1783610754784248064,0,1783610754784367616,1783610754784365344,526,price_side,order_id,BTC-USDT,SELL,65000.36,0.001,866585320701886989,,104704,119552,224256
journal,godzilla,5,1,2,1783610754784444160,0,1783610754784764928,0,1783610754784876800,1783610754784874625,527,price_side,order_id,BTC-USDT,BUY,65000.17,0.001,866585320701886990,,320768,111872,432640
journal,godzilla,5,1,2,1783610754784741632,0,1783610754784812800,0,1783610754784900864,1783610754784898506,528,price_side,order_id,BTC-USDT,SELL,65000.38,0.001,866585320701886991,,71168,88064,159232
journal,godzilla,5,1,2,1783610754785043456,0,1783610754785057536,0,1783610754785147904,1783610754785134453,529,price_side,order_id,BTC-USDT,BUY,65000.19,0.001,866585320701886992,,14080,90368,104448
journal,godzilla,5,1,2,1783610754785343488,0,1783610754785440768,0,1783610754785461248,1783610754785459168,530,price_side,order_id,BTC-USDT,SELL,65000.4,0.001,866585320701886993,,97280,20480,117760
journal,godzilla,5,1,2,1783610754785642240,0,1783610754785737472,0,1783610754785759488,1783610754785757493,531,price_side,order_id,BTC-USDT,BUY,65000.21,0.001,866585320701886994,,95232,22016,117248
journal,godzilla,5,1,2,1783610754785942016,0,1783610754786048000,0,1783610754786069760,1783610754786067556,532,price_side,order_id,BTC-USDT,SELL,65000.42,0.001,866585320701886995,,105984,21760,127744
journal,godzilla,5,1,2,1783610754786243072,0,1783610754786340096,0,1783610754786357760,1783610754786355836,533,price_side,order_id,BTC-USDT,BUY,65000.23,0.001,866585320701886996,,97024,17664,114688
journal,godzilla,5,1,2,1783610754786542336,0,1783610754786641152,0,1783610754786662912,1783610754786660782,534,price_side,order_id,BTC-USDT,SELL,65000.439999999995,0.001,866585320701886997,,98816,21760,120576
journal,godzilla,5,1,2,1783610754786851840,0,1783610754786949632,0,1783610754786969600,1783610754786967732,535,price_side,order_id,BTC-USDT,BUY,65000.25,0.001,866585320701886998,,97792,19968,117760
journal,godzilla,5,1,2,1783610754787143424,0,1783610754787242752,0,1783610754787263488,1783610754787261359,536,price_side,order_id,BTC-USDT,SELL,65000.46,0.001,866585320701886999,,99328,20736,120064
journal,godzilla,5,1,2,1783610754787443456,0,1783610754787539712,0,1783610754787559424,1783610754787557395,537,price_side,order_id,BTC-USDT,BUY,65000.270000000004,0.001,866585320701887000,,96256,19712,115968
journal,godzilla,5,1,2,1783610754787742976,0,1783610754787846656,0,1783610754787859200,1783610754787857317,538,price_side,order_id,BTC-USDT,SELL,65000.479999999996,0.001,866585320701887001,,103680,12544,116224
journal,godzilla,5,1,2,1783610754788042496,0,1783610754788152320,0,1783610754788167936,1783610754788165789,539,price_side,order_id,BTC-USDT,BUY,65000.29,0.001,866585320701887002,,109824,15616,125440
journal,godzilla,5,1,2,1783610754788342272,0,1783610754788441344,0,1783610754788457984,1783610754788455945,540,price_side,order_id,BTC-USDT,SELL,65000.5,0.001,866585320701887003,,99072,16640,115712
journal,godzilla,5,1,2,1783610754788642048,0,1783610754788742400,0,1783610754788758272,1783610754788756247,541,price_side,order_id,BTC-USDT,BUY,65000.310000000005,0.001,866585320701887004,,100352,15872,116224
journal,godzilla,5,1,2,1783610754788942080,0,1783610754789077504,0,1783610754789212416,1783610754789198724,542,price_side,order_id,BTC-USDT,SELL,65000.52,0.001,866585320701887005,,135424,134912,270336
journal,godzilla,5,1,2,1783610754789242624,0,1783610754789340416,0,1783610754789424128,1783610754789422174,543,price_side,order_id,BTC-USDT,BUY,65000.33,0.001,866585320701887006,,97792,83712,181504
journal,godzilla,5,1,2,1783610754789550848,0,1783610754789659136,0,1783610754789677312,1783610754789675038,544,price_side,order_id,BTC-USDT,SELL,65000.54,0.001,866585320701887007,,108288,18176,126464
journal,godzilla,5,1,2,1783610754789843200,0,1783610754789943296,0,1783610754789957376,1783610754789955384,545,price_side,order_id,BTC-USDT,BUY,65000.35,0.001,866585320701887008,,100096,14080,114176
journal,godzilla,5,1,2,1783610754790142464,0,1783610754790246912,0,1783610754790264064,1783610754790261898,546,price_side,order_id,BTC-USDT,SELL,65000.56,0.001,866585320701887009,,104448,17152,121600
journal,godzilla,5,1,2,1783610754790443520,0,1783610754790640128,0,1783610754790818816,1783610754790816575,547,price_side,order_id,BTC-USDT,BUY,65000.37,0.001,866585320701887010,,196608,178688,375296
journal,godzilla,5,1,2,1783610754790741760,0,1783610754790819328,0,1783610754790833664,1783610754790832076,548,price_side,order_id,BTC-USDT,SELL,65000.58,0.001,866585320701887011,,77568,14336,91904
journal,godzilla,5,1,2,1783610754791044352,0,1783610754791083264,0,1783610754791201024,1783610754791183582,549,price_side,order_id,BTC-USDT,BUY,65000.39,0.001,866585320701887012,,38912,117760,156672
journal,godzilla,5,1,2,1783610754791342592,0,1783610754791442432,0,1783610754791465728,1783610754791463630,550,price_side,order_id,BTC-USDT,SELL,65000.6,0.001,866585320701887013,,99840,23296,123136
journal,godzilla,5,1,2,1783610754791643136,0,1783610754791741184,0,1783610754791760896,1783610754791759081,551,price_side,order_id,BTC-USDT,BUY,65000.41,0.001,866585320701887014,,98048,19712,117760
journal,godzilla,5,1,2,1783610754791942912,0,1783610754792052992,0,1783610754792072704,1783610754792070423,552,price_side,order_id,BTC-USDT,SELL,65000.619999999995,0.001,866585320701887015,,110080,19712,129792
journal,godzilla,5,1,2,1783610754792242944,0,1783610754792340992,0,1783610754792359936,1783610754792358014,553,price_side,order_id,BTC-USDT,BUY,65000.43,0.001,866585320701887016,,98048,18944,116992
journal,godzilla,5,1,2,1783610754792552192,0,1783610754792648704,0,1783610754792667904,1783610754792665784,554,price_side,order_id,BTC-USDT,SELL,65000.64,0.001,866585320701887017,,96512,19200,115712
journal,godzilla,5,1,2,1783610754792843008,0,1783610754792938752,0,1783610754792966144,1783610754792956424,555,price_side,order_id,BTC-USDT,BUY,65000.450000000004,0.001,866585320701887018,,95744,27392,123136
journal,godzilla,5,1,2,1783610754793143808,0,1783610754793241856,0,1783610754793260032,1783610754793258007,556,price_side,order_id,BTC-USDT,SELL,65000.659999999996,0.001,866585320701887019,,98048,18176,116224
journal,godzilla,5,1,2,1783610754793442304,0,1783610754793539328,0,1783610754793556992,1783610754793555028,557,price_side,order_id,BTC-USDT,BUY,65000.47,0.001,866585320701887020,,97024,17664,114688
journal,godzilla,5,1,2,1783610754793742080,0,1783610754793838848,0,1783610754793858304,1783610754793856396,558,price_side,order_id,BTC-USDT,SELL,65000.68,0.001,866585320701887021,,96768,19456,116224
journal,godzilla,5,1,2,1783610754794043136,0,1783610754794140160,0,1783610754794158592,1783610754794156819,559,price_side,order_id,BTC-USDT,BUY,65000.49,0.001,866585320701887022,,97024,18432,115456
journal,godzilla,5,1,2,1783610754794342144,0,1783610754794429952,0,1783610754794450944,1783610754794448956,560,price_side,order_id,BTC-USDT,SELL,65000.7,0.001,866585320701887023,,87808,20992,108800
journal,godzilla,5,1,2,1783610754794642176,0,1783610754794734592,0,1783610754794757376,1783610754794755332,561,price_side,order_id,BTC-USDT,BUY,65000.51,0.001,866585320701887024,,92416,22784,115200
journal,godzilla,5,1,2,1783610754794943232,0,1783610754795051008,0,1783610754795068160,1783610754795066108,562,price_side,order_id,BTC-USDT,SELL,65000.72,0.001,866585320701887025,,107776,17152,124928
journal,godzilla,5,1,2,1783610754795243008,0,1783610754795341056,0,1783610754795359744,1783610754795357953,563,price_side,order_id,BTC-USDT,BUY,65000.53,0.001,866585320701887026,,98048,18688,116736
journal,godzilla,5,1,2,1783610754795552768,0,1783610754795695104,0,1783610754795837952,1783610754795834749,564,price_side,order_id,BTC-USDT,SELL,65000.74,0.001,866585320701887027,,142336,142848,285184
journal,godzilla,5,1,2,1783610754795843072,0,1783610754796096512,0,1783610754796246016,1783610754796237480,565,price_side,order_id,BTC-USDT,BUY,65000.55,0.001,866585320701887028,,253440,149504,402944
journal,godzilla,5,1,2,1783610754796141824,0,1783610754796201472,0,1783610754796265984,1783610754796264486,566,price_side,order_id,BTC-USDT,SELL,65000.76,0.001,866585320701887029,,59648,64512,124160
journal,godzilla,5,1,2,1783610754796443392,0,1783610754796473088,0,1783610754796539136,1783610754796536631,567,price_side,order_id,BTC-USDT,BUY,65000.57,0.001,866585320701887030,,29696,66048,95744
journal,godzilla,5,1,2,1783610754796742144,0,1783610754796846848,0,1783610754796871680,1783610754796861616,568,price_side,order_id,BTC-USDT,SELL,65000.78,0.001,866585320701887031,,104704,24832,129536
journal,godzilla,5,1,2,1783610754797043456,0,1783610754797150720,0,1783610754797163264,1783610754797161316,569,price_side,order_id,BTC-USDT,BUY,65000.590000000004,0.001,866585320701887032,,107264,12544,119808
journal,godzilla,5,1,2,1783610754797342208,0,1783610754797448960,0,1783610754797464320,1783610754797462047,570,price_side,order_id,BTC-USDT,SELL,65000.799999999996,0.001,866585320701887033,,106752,15360,122112
journal,godzilla,5,1,2,1783610754797642240,0,1783610754797744384,0,1783610754797761536,1783610754797759381,571,price_side,order_id,BTC-USDT,BUY,65000.61,0.001,866585320701887034,,102144,17152,119296
journal,godzilla,5,1,2,1783610754797942528,0,1783610754798062336,0,1783610754798081536,1783610754798078204,572,price_side,order_id,BTC-USDT,SELL,65000.82,0.001,866585320701887035,,119808,19200,139008
journal,godzilla,5,1,2,1783610754798254336,0,1783610754798364928,0,1783610754798379520,1783610754798377116,573,price_side,order_id,BTC-USDT,BUY,65000.630000000005,0.001,866585320701887036,,110592,14592,125184
journal,godzilla,5,1,2,1783610754798542592,0,1783610754798653696,0,1783610754798668032,1783610754798665826,574,price_side,order_id,BTC-USDT,SELL,65000.84,0.001,866585320701887037,,111104,14336,125440
journal,godzilla,5,1,2,1783610754798842112,0,1783610754798943232,0,1783610754798960128,1783610754798957958,575,price_side,order_id,BTC-USDT,BUY,65000.65,0.001,866585320701887038,,101120,16896,118016
journal,godzilla,5,1,2,1783610754799143168,0,1783610754799246336,0,1783610754799258880,1783610754799256893,576,price_side,order_id,BTC-USDT,SELL,65000.86,0.001,866585320701887039,,103168,12544,115712
journal,godzilla,5,1,2,1783610754799442176,0,1783610754799545088,0,1783610754799559680,1783610754799557528,577,price_side,order_id,BTC-USDT,BUY,65000.67,0.001,866585320701887040,,102912,14592,117504
journal,godzilla,5,1,2,1783610754799742208,0,1783610754799839744,0,1783610754799856384,1783610754799854155,578,price_side,order_id,BTC-USDT,SELL,65000.88,0.001,866585320701887041,,97536,16640,114176
journal,godzilla,5,1,2,1783610754800042240,0,1783610754800149504,0,1783610754800165888,1783610754800163671,579,price_side,order_id,BTC-USDT,BUY,65000.69,0.001,866585320701887042,,107264,16384,123648
journal,godzilla,5,1,2,1783610754800342016,0,1783610754800447488,0,1783610754800463872,1783610754800461116,580,price_side,order_id,BTC-USDT,SELL,65000.9,0.001,866585320701887043,,105472,16384,121856
journal,godzilla,5,1,2,1783610754800647680,0,1783610754800790272,0,1783610754800925184,1783610754800921486,581,price_side,order_id,BTC-USDT,BUY,65000.71,0.001,866585320701887044,,142592,134912,277504
journal,godzilla,5,1,2,1783610754800943872,0,1783610754801033728,0,1783610754801172224,1783610754801140648,582,price_side,order_id,BTC-USDT,SELL,65000.92,0.001,866585320701887045,,89856,138496,228352
journal,godzilla,5,1,2,1783610754801279488,0,1783610754801375744,0,1783610754801398016,1783610754801395817,583,price_side,order_id,BTC-USDT,BUY,65000.73,0.001,866585320701887046,,96256,22272,118528
journal,godzilla,5,1,2,1783610754801543424,0,1783610754801556992,0,1783610754801579520,1783610754801576924,584,price_side,order_id,BTC-USDT,SELL,65000.939999999995,0.001,866585320701887047,,13568,22528,36096
journal,godzilla,5,1,2,1783610754801842176,0,1783610754801940480,0,1783610754801963008,1783610754801961042,585,price_side,order_id,BTC-USDT,BUY,65000.75,0.001,866585320701887048,,98304,22528,120832
journal,godzilla,5,1,2,1783610754802143488,0,1783610754802243072,0,1783610754802261760,1783610754802259661,586,price_side,order_id,BTC-USDT,SELL,65000.96,0.001,866585320701887049,,99584,18688,118272
journal,godzilla,5,1,2,1783610754802442240,0,1783610754802539776,0,1783610754802561792,1783610754802559678,587,price_side,order_id,BTC-USDT,BUY,65000.770000000004,0.001,866585320701887050,,97536,22016,119552
journal,godzilla,5,1,2,1783610754802743296,0,1783610754802840320,0,1783610754802859008,1783610754802857177,588,price_side,order_id,BTC-USDT,SELL,65000.979999999996,0.001,866585320701887051,,97024,18688,115712
journal,godzilla,5,1,2,1783610754803043072,0,1783610754803160320,0,1783610754803275264,1783610754803272934,589,price_side,order_id,BTC-USDT,BUY,65000.79,0.001,866585320701887052,,117248,114944,232192
journal,godzilla,5,1,2,1783610754803342848,0,1783610754803387904,0,1783610754803515136,1783610754803512409,590,price_side,order_id,BTC-USDT,SELL,65001.0,0.001,866585320701887053,,45056,127232,172288
journal,godzilla,5,1,2,1783610754803642112,0,1783610754803735552,0,1783610754803757824,1783610754803755843,591,price_side,order_id,BTC-USDT,BUY,65000.810000000005,0.001,866585320701887054,,93440,22272,115712
journal,godzilla,5,1,2,1783610754803950848,0,1783610754804059136,0,1783610754804082176,1783610754804079652,592,price_side,order_id,BTC-USDT,SELL,65001.02,0.001,866585320701887055,,108288,23040,131328
journal,godzilla,5,1,2,1783610754804242944,0,1783610754804339712,0,1783610754804361984,1783610754804359920,593,price_side,order_id,BTC-USDT,BUY,65000.83,0.001,866585320701887056,,96768,22272,119040
journal,godzilla,5,1,2,1783610754804542208,0,1783610754804634368,0,1783610754804658944,1783610754804656827,594,price_side,order_id,BTC-USDT,SELL,65001.04,0.001,866585320701887057,,92160,24576,116736
journal,godzilla,5,1,2,1783610754804841984,0,1783610754804934400,0,1783610754804962048,1783610754804953257,595,price_side,order_id,BTC-USDT,BUY,65000.85,0.001,866585320701887058,,92416,27648,120064
journal,godzilla,5,1,2,1783610754805145344,0,1783610754805247488,0,1783610754805274880,1783610754805272010,596,price_side,order_id,BTC-USDT,SELL,65001.06,0.001,866585320701887059,,102144,27392,129536
journal,godzilla,5,1,2,1783610754805443584,0,1783610754805540608,0,1783610754805559808,1783610754805557843,597,price_side,order_id,BTC-USDT,BUY,65000.87,0.001,866585320701887060,,97024,19200,116224
journal,godzilla,5,1,2,1783610754805742080,0,1783610754805836800,0,1783610754805858816,1783610754805856859,598,price_side,order_id,BTC-USDT,SELL,65001.08,0.001,866585320701887061,,94720,22016,116736
journal,godzilla,5,1,2,1783610754806043392,0,1783610754806140672,0,1783610754806158336,1783610754806156435,599,price_side,order_id,BTC-USDT,BUY,65000.89,0.001,866585320701887062,,97280,17664,114944
journal,godzilla,5,1,2,1783610754806342400,0,1783610754806439424,0,1783610754806458112,1783610754806456123,600,price_side,order_id,BTC-USDT,SELL,65000.1,0.001,866585320701887063,,97024,18688,115712
journal,godzilla,5,1,2,1783610754806643456,0,1783610754806740736,0,1783610754806762240,1783610754806759892,601,price_side,order_id,BTC-USDT,BUY,64999.91,0.001,866585320701887064,,97280,21504,118784
journal,godzilla,5,1,2,1783610754806955008,0,1783610754807041792,0,1783610754807083520,1783610754807081249,602,price_side,order_id,BTC-USDT,SELL,65000.119999999995,0.001,866585320701887065,,86784,41728,128512
journal,godzilla,5,1,2,1783610754807243520,0,1783610754807322368,0,1783610754807361280,1783610754807359426,603,price_side,order_id,BTC-USDT,BUY,64999.93,0.001,866585320701887066,,78848,38912,117760
journal,godzilla,5,1,2,1783610754807542272,0,1783610754807649536,0,1783610754807664384,1783610754807662127,604,price_side,order_id,BTC-USDT,SELL,65000.14,0.001,866585320701887067,,107264,14848,122112
journal,godzilla,5,1,2,1783610754807842304,0,1783610754807949056,0,1783610754807963648,1783610754807961602,605,price_side,order_id,BTC-USDT,BUY,64999.950000000004,0.001,866585320701887068,,106752,14592,121344
journal,godzilla,5,1,2,1783610754808142336,0,1783610754808332032,0,1783610754808470016,1783610754808465995,606,price_side,order_id,BTC-USDT,SELL,65000.159999999996,0.001,866585320701887069,,189696,137984,327680
journal,godzilla,5,1,2,1783610754808503808,0,1783610754808614656,0,1783610754808695552,1783610754808692893,607,price_side,order_id,BTC-USDT,BUY,64999.97,0.001,866585320701887070,,110848,80896,191744
journal,godzilla,5,1,2,1783610754808743680,0,1783610754808781312,0,1783610754808877824,1783610754808864159,608,price_side,order_id,BTC-USDT,SELL,65000.18,0.001,866585320701887071,,37632,96512,134144
journal,godzilla,5,1,2,1783610754809043968,0,1783610754809067008,0,1783610754809084160,1783610754809081085,609,price_side,order_id,BTC-USDT,BUY,64999.99,0.001,866585320701887072,,23040,17152,40192
journal,godzilla,5,1,2,1783610754809342208,0,1783610754809447168,0,1783610754809463040,1783610754809460891,610,price_side,order_id,BTC-USDT,SELL,65000.2,0.001,866585320701887073,,104960,15872,120832
journal,godzilla,5,1,2,1783610754809712128,0,1783610754809818112,0,1783610754809836032,1783610754809833355,611,price_side,order_id,BTC-USDT,BUY,65000.01,0.001,866585320701887074,,105984,17920,123904
journal,godzilla,5,1,2,1783610754809943808,0,1783610754809979392,0,1783610754810075136,1783610754810072764,612,price_side,order_id,BTC-USDT,SELL,65000.22,0.001,866585320701887075,,35584,95744,131328
journal,godzilla,5,1,2,1783610754810242560,0,1783610754810345728,0,1783610754810361344,1783610754810358990,613,price_side,order_id,BTC-USDT,BUY,65000.03,0.001,866585320701887076,,103168,15616,118784
journal,godzilla,5,1,2,1783610754810542336,0,1783610754810644480,0,1783610754810660864,1783610754810658742,614,price_side,order_id,BTC-USDT,SELL,65000.24,0.001,866585320701887077,,102144,16384,118528
journal,godzilla,5,1,2,1783610754810842368,0,1783610754810945792,0,1783610754810962944,1783610754810960912,615,price_side,order_id,BTC-USDT,BUY,65000.05,0.001,866585320701887078,,103424,17152,120576
journal,godzilla,5,1,2,1783610754811143168,0,1783610754811244800,0,1783610754811259136,1783610754811257316,616,price_side,order_id,BTC-USDT,SELL,65000.26,0.001,866585320701887079,,101632,14336,115968
journal,godzilla,5,1,2,1783610754811442432,0,1783610754811544064,0,1783610754811560448,1783610754811558224,617,price_side,order_id,BTC-USDT,BUY,65000.07,0.001,866585320701887080,,101632,16384,118016
journal,godzilla,5,1,2,1783610754811742208,0,1783610754811844096,0,1783610754811860480,1783610754811857621,618,price_side,order_id,BTC-USDT,SELL,65000.28,0.001,866585320701887081,,101888,16384,118272
journal,godzilla,5,1,2,1783610754812042240,0,1783610754812143104,0,1783610754812159744,1783610754812157793,619,price_side,order_id,BTC-USDT,BUY,65000.090000000004,0.001,866585320701887082,,100864,16640,117504
journal,godzilla,5,1,2,1783610754812342272,0,1783610754812440320,0,1783610754812455680,1783610754812453434,620,price_side,order_id,BTC-USDT,SELL,65000.299999999996,0.001,866585320701887083,,98048,15360,113408
journal,godzilla,5,1,2,1783610754812651008,0,1783610754812749312,0,1783610754812774400,1783610754812764423,621,price_side,order_id,BTC-USDT,BUY,65000.11,0.001,866585320701887084,,98304,25088,123392
journal,godzilla,5,1,2,1783610754812943104,0,1783610754813053440,0,1783610754813068544,1783610754813066567,622,price_side,order_id,BTC-USDT,SELL,65000.32,0.001,866585320701887085,,110336,15104,125440
journal,godzilla,5,1,2,1783610754813242368,0,1783610754813345280,0,1783610754813361408,1783610754813359401,623,price_side,order_id,BTC-USDT,BUY,65000.130000000005,0.001,866585320701887086,,102912,16128,119040
journal,godzilla,5,1,2,1783610754813542144,0,1783610754813643008,0,1783610754813659648,1783610754813657658,624,price_side,order_id,BTC-USDT,SELL,65000.34,0.001,866585320701887087,,100864,16640,117504
journal,godzilla,5,1,2,1783610754813842944,0,1783610754813928192,0,1783610754813962496,1783610754813960379,625,price_side,order_id,BTC-USDT,BUY,65000.15,0.001,866585320701887088,,85248,34304,119552
journal,godzilla,5,1,2,1783610754814143232,0,1783610754814248448,0,1783610754814260736,1783610754814258865,626,price_side,order_id,BTC-USDT,SELL,65000.36,0.001,866585320701887089,,105216,12288,117504
journal,godzilla,5,1,2,1783610754814442240,0,1783610754814504704,0,1783610754814564608,1783610754814562489,627,price_side,order_id,BTC-USDT,BUY,65000.17,0.001,866585320701887090,,62464,59904,122368
journal,godzilla,5,1,2,1783610754814742272,0,1783610754814777088,0,1783610754814871552,1783610754814869555,628,price_side,order_id,BTC-USDT,SELL,65000.38,0.001,866585320701887091,,34816,94464,129280
journal,godzilla,5,1,2,1783610754815042304,0,1783610754815272960,0,1783610754815408896,1783610754815405877,629,price_side,order_id,BTC-USDT,BUY,65000.19,0.001,866585320701887092,,230656,135936,366592
journal,godzilla,5,1,2,1783610754815350784,0,1783610754815590400,0,1783610754815747840,1783610754815744603,630,price_side,order_id,BTC-USDT,SELL,65000.4,0.001,866585320701887093,,239616,157440,397056
journal,godzilla,5,1,2,1783610754815643136,0,1783610754815661056,0,1783610754815769600,1783610754815767752,631,price_side,order_id,BTC-USDT,BUY,65000.21,0.001,866585320701887094,,17920,108544,126464
journal,godzilla,5,1,2,1783610754815942912,0,1783610754816066560,0,1783610754816183808,1783610754816181851,632,price_side,order_id,BTC-USDT,SELL,65000.42,0.001,866585320701887095,,123648,117248,240896
journal,godzilla,5,1,2,1783610754816241920,0,1783610754816358400,0,1783610754816369664,1783610754816367632,633,price_side,order_id,BTC-USDT,BUY,65000.23,0.001,866585320701887096,,116480,11264,127744
journal,godzilla,5,1,2,1783610754816541952,0,1783610754816657920,0,1783610754816776704,1783610754816774646,634,price_side,order_id,BTC-USDT,SELL,65000.439999999995,0.001,866585320701887097,,115968,118784,234752
journal,godzilla,5,1,2,1783610754816843008,0,1783610754816905472,0,1783610754816992512,1783610754816981214,635,price_side,order_id,BTC-USDT,BUY,65000.25,0.001,866585320701887098,,62464,87040,149504
journal,godzilla,5,1,2,1783610754817144064,0,1783610754817216768,0,1783610754817259264,1783610754817256764,636,price_side,order_id,BTC-USDT,SELL,65000.46,0.001,866585320701887099,,72704,42496,115200
journal,godzilla,5,1,2,1783610754817442816,0,1783610754817553408,0,1783610754817564928,1783610754817562241,637,price_side,order_id,BTC-USDT,BUY,65000.270000000004,0.001,866585320701887100,,110592,11520,122112
journal,godzilla,5,1,2,1783610754817743360,0,1783610754817851136,0,1783610754817864960,1783610754817862859,638,price_side,order_id,BTC-USDT,SELL,65000.479999999996,0.001,866585320701887101,,107776,13824,121600
journal,godzilla,5,1,2,1783610754818042624,0,1783610754818214912,0,1783610754818350592,1783610754818347531,639,price_side,order_id,BTC-USDT,BUY,65000.29,0.001,866585320701887102,,172288,135680,307968
journal,godzilla,5,1,2,1783610754818353664,0,1783610754818500352,0,1783610754818623488,1783610754818620638,640,price_side,order_id,BTC-USDT,SELL,65000.5,0.001,866585320701887103,,146688,123136,269824
journal,godzilla,5,1,2,1783610754818643712,0,1783610754818748672,0,1783610754818848000,1783610754818845892,641,price_side,order_id,BTC-USDT,BUY,65000.310000000005,0.001,866585320701887104,,104960,99328,204288
journal,godzilla,5,1,2,1783610754818984448,0,1783610754819101440,0,1783610754819115264,1783610754819113098,642,price_side,order_id,BTC-USDT,SELL,65000.52,0.001,866585320701887105,,116992,13824,130816
journal,godzilla,5,1,2,1783610754819243264,0,1783610754819353344,0,1783610754819366912,1783610754819364913,643,price_side,order_id,BTC-USDT,BUY,65000.33,0.001,866585320701887106,,110080,13568,123648
journal,godzilla,5,1,2,1783610754819542784,0,1783610754819652096,0,1783610754819667712,1783610754819665550,644,price_side,order_id,BTC-USDT,SELL,65000.54,0.001,866585320701887107,,109312,15616,124928
journal,godzilla,5,1,2,1783610754819842304,0,1783610754819951104,0,1783610754819968000,1783610754819965788,645,price_side,order_id,BTC-USDT,BUY,65000.35,0.001,866585320701887108,,108800,16896,125696
journal,godzilla,5,1,2,1783610754820142848,0,1783610754820252672,0,1783610754820269312,1783610754820267024,646,price_side,order_id,BTC-USDT,SELL,65000.56,0.001,866585320701887109,,109824,16640,126464
journal,godzilla,5,1,2,1783610754820442624,0,1783610754820551424,0,1783610754820569600,1783610754820567086,647,price_side,order_id,BTC-USDT,BUY,65000.37,0.001,866585320701887110,,108800,18176,126976
journal,godzilla,5,1,2,1783610754820742656,0,1783610754820853760,0,1783610754820877568,1783610754820867022,648,price_side,order_id,BTC-USDT,SELL,65000.58,0.001,866585320701887111,,111104,23808,134912
journal,godzilla,5,1,2,1783610754821043712,0,1783610754821146880,0,1783610754821163264,1783610754821161019,649,price_side,order_id,BTC-USDT,BUY,65000.39,0.001,866585320701887112,,103168,16384,119552
journal,godzilla,5,1,2,1783610754821350144,0,1783610754821457408,0,1783610754821471232,1783610754821469142,650,price_side,order_id,BTC-USDT,SELL,65000.6,0.001,866585320701887113,,107264,13824,121088
journal,godzilla,5,1,2,1783610754821642240,0,1783610754821752064,0,1783610754821872128,1783610754821870189,651,price_side,order_id,BTC-USDT,BUY,65000.41,0.001,866585320701887114,,109824,120064,229888
journal,godzilla,5,1,2,1783610754821942784,0,1783610754821988864,0,1783610754822081792,1783610754822079902,652,price_side,order_id,BTC-USDT,SELL,65000.619999999995,0.001,866585320701887115,,46080,92928,139008
journal,godzilla,5,1,2,1783610754822242304,0,1783610754822344960,0,1783610754822359040,1783610754822357206,653,price_side,order_id,BTC-USDT,BUY,65000.43,0.001,866585320701887116,,102656,14080,116736
journal,godzilla,5,1,2,1783610754822542080,0,1783610754822646528,0,1783610754822662144,1783610754822660250,654,price_side,order_id,BTC-USDT,SELL,65000.64,0.001,866585320701887117,,104448,15616,120064
journal,godzilla,5,1,2,1783610754822842112,0,1783610754822944000,0,1783610754822959360,1783610754822957422,655,price_side,order_id,BTC-USDT,BUY,65000.450000000004,0.001,866585320701887118,,101888,15360,117248
journal,godzilla,5,1,2,1783610754823142144,0,1783610754823245312,0,1783610754823261184,1783610754823259081,656,price_side,order_id,BTC-USDT,SELL,65000.659999999996,0.001,866585320701887119,,103168,15872,119040
journal,godzilla,5,1,2,1783610754823441920,0,1783610754823539456,0,1783610754823556352,1783610754823554441,657,price_side,order_id,BTC-USDT,BUY,65000.47,0.001,866585320701887120,,97536,16896,114432
journal,godzilla,5,1,2,1783610754823741952,0,1783610754823838976,0,1783610754823855872,1783610754823853768,658,price_side,order_id,BTC-USDT,SELL,65000.68,0.001,866585320701887121,,97024,16896,113920
journal,godzilla,5,1,2,1783610754824050176,0,1783610754824169728,0,1783610754824291072,1783610754824287697,659,price_side,order_id,BTC-USDT,BUY,65000.49,0.001,866585320701887122,,119552,121344,240896
journal,godzilla,5,1,2,1783610754824342272,0,1783610754824421888,0,1783610754824508160,1783610754824506118,660,price_side,order_id,BTC-USDT,SELL,65000.7,0.001,866585320701887123,,79616,86272,165888
journal,godzilla,5,1,2,1783610754824642816,0,1783610754824743424,0,1783610754824764160,1783610754824755090,661,price_side,order_id,BTC-USDT,BUY,65000.51,0.001,866585320701887124,,100608,20736,121344
journal,godzilla,5,1,2,1783610754824943360,0,1783610754825053696,0,1783610754825066752,1783610754825064744,662,price_side,order_id,BTC-USDT,SELL,65000.72,0.001,866585320701887125,,110336,13056,123392
journal,godzilla,5,1,2,1783610754825241856,0,1783610754825343744,0,1783610754825360640,1783610754825358723,663,price_side,order_id,BTC-USDT,BUY,65000.53,0.001,866585320701887126,,101888,16896,118784
journal,godzilla,5,1,2,1783610754825542912,0,1783610754825644800,0,1783610754825657856,1783610754825656068,664,price_side,order_id,BTC-USDT,SELL,65000.74,0.001,866585320701887127,,101888,13056,114944
journal,godzilla,5,1,2,1783610754825842176,0,1783610754825948416,0,1783610754825963520,1783610754825961497,665,price_side,order_id,BTC-USDT,BUY,65000.55,0.001,866585320701887128,,106240,15104,121344
journal,godzilla,5,1,2,1783610754826142208,0,1783610754826246144,0,1783610754826262528,1783610754826260576,666,price_side,order_id,BTC-USDT,SELL,65000.76,0.001,866585320701887129,,103936,16384,120320
journal,godzilla,5,1,2,1783610754826441984,0,1783610754826544640,0,1783610754826561536,1783610754826559406,667,price_side,order_id,BTC-USDT,BUY,65000.57,0.001,866585320701887130,,102656,16896,119552
journal,godzilla,5,1,2,1783610754826741760,0,1783610754826841600,0,1783610754826858752,1783610754826856751,668,price_side,order_id,BTC-USDT,SELL,65000.78,0.001,866585320701887131,,99840,17152,116992
journal,godzilla,5,1,2,1783610754827051008,0,1783610754827154432,0,1783610754827171584,1783610754827169158,669,price_side,order_id,BTC-USDT,BUY,65000.590000000004,0.001,866585320701887132,,103424,17152,120576
journal,godzilla,5,1,2,1783610754827343104,0,1783610754827444480,0,1783610754827457536,1783610754827455499,670,price_side,order_id,BTC-USDT,SELL,65000.799999999996,0.001,866585320701887133,,101376,13056,114432
journal,godzilla,5,1,2,1783610754827642112,0,1783610754827740928,0,1783610754827756800,1783610754827754844,671,price_side,order_id,BTC-USDT,BUY,65000.61,0.001,866585320701887134,,98816,15872,114688
journal,godzilla,5,1,2,1783610754827942144,0,1783610754828048896,0,1783610754828061184,1783610754828059282,672,price_side,order_id,BTC-USDT,SELL,65000.82,0.001,866585320701887135,,106752,12288,119040
journal,godzilla,5,1,2,1783610754828242176,0,1783610754828345344,0,1783610754828361728,1783610754828359701,673,price_side,order_id,BTC-USDT,BUY,65000.630000000005,0.001,866585320701887136,,103168,16384,119552
journal,godzilla,5,1,2,1783610754828542208,0,1783610754828799232,0,1783610754828986880,1783610754828965577,674,price_side,order_id,BTC-USDT,SELL,65000.84,0.001,866585320701887137,,257024,187648,444672
journal,godzilla,5,1,2,1783610754828847104,0,1783610754828878080,0,1783610754829032192,1783610754829028736,675,price_side,order_id,BTC-USDT,BUY,65000.65,0.001,866585320701887138,,30976,154112,185088
journal,godzilla,5,1,2,1783610754829146880,0,1783610754829252608,0,1783610754829298688,1783610754829294162,676,price_side,order_id,BTC-USDT,SELL,65000.86,0.001,866585320701887139,,105728,46080,151808
journal,godzilla,5,1,2,1783610754829444608,0,1783610754829495296,0,1783610754829578496,1783610754829576339,677,price_side,order_id,BTC-USDT,BUY,65000.67,0.001,866585320701887140,,50688,83200,133888
journal,godzilla,5,1,2,1783610754829756928,0,1783610754829864960,0,1783610754829880320,1783610754829877842,678,price_side,order_id,BTC-USDT,SELL,65000.88,0.001,866585320701887141,,108032,15360,123392
journal,godzilla,5,1,2,1783610754830042624,0,1783610754830147328,0,1783610754830162688,1783610754830160604,679,price_side,order_id,BTC-USDT,BUY,65000.69,0.001,866585320701887142,,104704,15360,120064
journal,godzilla,5,1,2,1783610754830342400,0,1783610754830421760,0,1783610754830461696,1783610754830459713,680,price_side,order_id,BTC-USDT,SELL,65000.9,0.001,866585320701887143,,79360,39936,119296
journal,godzilla,5,1,2,1783610754830642432,0,1783610754830685440,0,1783610754830775552,1783610754830773337,681,price_side,order_id,BTC-USDT,BUY,65000.71,0.001,866585320701887144,,43008,90112,133120
journal,godzilla,5,1,2,1783610754830944512,0,1783610754831009024,0,1783610754831097088,1783610754831091107,682,price_side,order_id,BTC-USDT,SELL,65000.92,0.001,866585320701887145,,64512,88064,152576
journal,godzilla,5,1,2,1783610754831245056,0,1783610754831369216,0,1783610754831497984,1783610754831494045,683,price_side,order_id,BTC-USDT,BUY,65000.73,0.001,866585320701887146,,124160,128768,252928
journal,godzilla,5,1,2,1783610754831543040,0,1783610754831608832,0,1783610754831732224,1783610754831714087,684,price_side,order_id,BTC-USDT,SELL,65000.939999999995,0.001,866585320701887147,,65792,123392,189184
journal,godzilla,5,1,2,1783610754831843328,0,1783610754831947008,0,1783610754831969280,1783610754831967429,685,price_side,order_id,BTC-USDT,BUY,65000.75,0.001,866585320701887148,,103680,22272,125952
journal,godzilla,5,1,2,1783610754832143872,0,1783610754832157696,0,1783610754832179200,1783610754832176324,686,price_side,order_id,BTC-USDT,SELL,65000.96,0.001,866585320701887149,,13824,21504,35328
journal,godzilla,5,1,2,1783610754832442368,0,1783610754832547840,0,1783610754832584704,1783610754832569266,687,price_side,order_id,BTC-USDT,BUY,65000.770000000004,0.001,866585320701887150,,105472,36864,142336
journal,godzilla,5,1,2,1783610754832755456,0,1783610754832861440,0,1783610754832879616,1783610754832877393,688,price_side,order_id,BTC-USDT,SELL,65000.979999999996,0.001,866585320701887151,,105984,18176,124160
journal,godzilla,5,1,2,1783610754833043712,0,1783610754833058816,0,1783610754833079808,1783610754833076810,689,price_side,order_id,BTC-USDT,BUY,65000.79,0.001,866585320701887152,,15104,20992,36096
journal,godzilla,5,1,2,1783610754833342720,0,1783610754833447424,0,1783610754833470720,1783610754833468622,690,price_side,order_id,BTC-USDT,SELL,65001.0,0.001,866585320701887153,,104704,23296,128000
journal,godzilla,5,1,2,1783610754833643520,0,1783610754833745920,0,1783610754833766144,1783610754833764273,691,price_side,order_id,BTC-USDT,BUY,65000.810000000005,0.001,866585320701887154,,102400,20224,122624
journal,godzilla,5,1,2,1783610754833943040,0,1783610754834049536,0,1783610754834068480,1783610754834066450,692,price_side,order_id,BTC-USDT,SELL,65001.02,0.001,866585320701887155,,106496,18944,125440
journal,godzilla,5,1,2,1783610754834243072,0,1783610754834341120,0,1783610754834359296,1783610754834357364,693,price_side,order_id,BTC-USDT,BUY,65000.83,0.001,866585320701887156,,98048,18176,116224
journal,godzilla,5,1,2,1783610754834542080,0,1783610754834637056,0,1783610754834658560,1783610754834656453,694,price_side,order_id,BTC-USDT,SELL,65001.04,0.001,866585320701887157,,94976,21504,116480
journal,godzilla,5,1,2,1783610754834843136,0,1783610754834936576,0,1783610754834955776,1783610754834953813,695,price_side,order_id,BTC-USDT,BUY,65000.85,0.001,866585320701887158,,93440,19200,112640
journal,godzilla,5,1,2,1783610754835143424,0,1783610754835239680,0,1783610754835258112,1783610754835256027,696,price_side,order_id,BTC-USDT,SELL,65001.06,0.001,866585320701887159,,96256,18432,114688
journal,godzilla,5,1,2,1783610754835449600,0,1783610754835541504,0,1783610754835564032,1783610754835561901,697,price_side,order_id,BTC-USDT,BUY,65000.87,0.001,866585320701887160,,91904,22528,114432
journal,godzilla,5,1,2,1783610754835743488,0,1783610754835836928,0,1783610754835854848,1783610754835853047,698,price_side,order_id,BTC-USDT,SELL,65001.08,0.001,866585320701887161,,93440,17920,111360
journal,godzilla,5,1,2,1783610754836043008,0,1783610754836144384,0,1783610754836166144,1783610754836163726,699,price_side,order_id,BTC-USDT,BUY,65000.89,0.001,866585320701887162,,101376,21760,123136
journal,godzilla,5,1,2,1783610754836343040,0,1783610754836440320,0,1783610754836457984,1783610754836456156,700,price_side,order_id,BTC-USDT,SELL,65000.1,0.001,866585320701887163,,97280,17664,114944
journal,godzilla,5,1,2,1783610754836642048,0,1783610754836734208,0,1783610754836764416,1783610754836754996,701,price_side,order_id,BTC-USDT,BUY,64999.91,0.001,866585320701887164,,92160,30208,122368
journal,godzilla,5,1,2,1783610754836942336,0,1783610754837047296,0,1783610754837066496,1783610754837064386,702,price_side,order_id,BTC-USDT,SELL,65000.119999999995,0.001,866585320701887165,,104960,19200,124160
journal,godzilla,5,1,2,1783610754837243648,0,1783610754837339648,0,1783610754837358592,1783610754837356717,703,price_side,order_id,BTC-USDT,BUY,64999.93,0.001,866585320701887166,,96000,18944,114944
journal,godzilla,5,1,2,1783610754837542144,0,1783610754837637120,0,1783610754837655808,1783610754837654004,704,price_side,order_id,BTC-USDT,SELL,65000.14,0.001,866585320701887167,,94976,18688,113664
journal,godzilla,5,1,2,1783610754837842176,0,1783610754837942784,0,1783610754837960448,1783610754837958707,705,price_side,order_id,BTC-USDT,BUY,64999.950000000004,0.001,866585320701887168,,100608,17664,118272
journal,godzilla,5,1,2,1783610754838143232,0,1783610754838252288,0,1783610754838366976,1783610754838365012,706,price_side,order_id,BTC-USDT,SELL,65000.159999999996,0.001,866585320701887169,,109056,114688,223744
journal,godzilla,5,1,2,1783610754838452736,0,1783610754838476288,0,1783610754838551296,1783610754838548000,707,price_side,order_id,BTC-USDT,BUY,64999.97,0.001,866585320701887170,,23552,75008,98560
journal,godzilla,5,1,2,1783610754838742016,0,1783610754838839296,0,1783610754838862080,1783610754838860009,708,price_side,order_id,BTC-USDT,SELL,65000.18,0.001,866585320701887171,,97280,22784,120064
journal,godzilla,5,1,2,1783610754839043072,0,1783610754839144192,0,1783610754839160064,1783610754839158152,709,price_side,order_id,BTC-USDT,BUY,64999.99,0.001,866585320701887172,,101120,15872,116992
journal,godzilla,5,1,2,1783610754839342080,0,1783610754839440384,0,1783610754839461376,1783610754839459266,710,price_side,order_id,BTC-USDT,SELL,65000.2,0.001,866585320701887173,,98304,20992,119296
journal,godzilla,5,1,2,1783610754839643136,0,1783610754839738880,0,1783610754839757312,1783610754839755237,711,price_side,order_id,BTC-USDT,BUY,65000.01,0.001,866585320701887174,,95744,18432,114176
journal,godzilla,5,1,2,1783610754839943168,0,1783610754840171008,0,1783610754840326144,1783610754840323779,712,price_side,order_id,BTC-USDT,SELL,65000.22,0.001,866585320701887175,,227840,155136,382976
journal,godzilla,5,1,2,1783610754840241664,0,1783610754840280064,0,1783610754840345088,1783610754840343775,713,price_side,order_id,BTC-USDT,BUY,65000.03,0.001,866585320701887176,,38400,65024,103424
journal,godzilla,5,1,2,1783610754840544256,0,1783610754840599040,0,1783610754840758784,1783610754840737654,714,price_side,order_id,BTC-USDT,SELL,65000.24,0.001,866585320701887177,,54784,159744,214528
journal,godzilla,5,1,2,1783610754840851968,0,1783610754840957184,0,1783610754841088000,1783610754841080686,715,price_side,order_id,BTC-USDT,BUY,65000.05,0.001,866585320701887178,,105216,130816,236032
journal,godzilla,5,1,2,1783610754841186048,0,1783610754841279488,0,1783610754841408256,1783610754841400529,716,price_side,order_id,BTC-USDT,SELL,65000.26,0.001,866585320701887179,,93440,128768,222208
journal,godzilla,5,1,2,1783610754841458944,0,1783610754841531904,0,1783610754841625088,1783610754841618392,717,price_side,order_id,BTC-USDT,BUY,65000.07,0.001,866585320701887180,,72960,93184,166144
journal,godzilla,5,1,2,1783610754841747456,0,1783610754841776896,0,1783610754841876224,1783610754841873579,718,price_side,order_id,BTC-USDT,SELL,65000.28,0.001,866585320701887181,,29440,99328,128768
journal,godzilla,5,1,2,1783610754842042880,0,1783610754842142720,0,1783610754842166016,1783610754842163696,719,price_side,order_id,BTC-USDT,BUY,65000.090000000004,0.001,866585320701887182,,99840,23296,123136
journal,godzilla,5,1,2,1783610754842343424,0,1783610754842442240,0,1783610754842460928,1783610754842458824,720,price_side,order_id,BTC-USDT,SELL,65000.299999999996,0.001,866585320701887183,,98816,18688,117504
journal,godzilla,5,1,2,1783610754842642176,0,1783610754842738176,0,1783610754842759936,1783610754842757750,721,price_side,order_id,BTC-USDT,BUY,65000.11,0.001,866585320701887184,,96000,21760,117760
journal,godzilla,5,1,2,1783610754842943232,0,1783610754843048960,0,1783610754843068928,1783610754843066728,722,price_side,order_id,BTC-USDT,SELL,65000.32,0.001,866585320701887185,,105728,19968,125696
journal,godzilla,5,1,2,1783610754843243264,0,1783610754843340032,0,1783610754843357696,1783610754843355684,723,price_side,order_id,BTC-USDT,BUY,65000.130000000005,0.001,866585320701887186,,96768,17664,114432
journal,godzilla,5,1,2,1783610754843542272,0,1783610754843638272,0,1783610754843657728,1783610754843655780,724,price_side,order_id,BTC-USDT,SELL,65000.34,0.001,866585320701887187,,96000,19456,115456
journal,godzilla,5,1,2,1783610754843842304,0,1783610754843943424,0,1783610754843960064,1783610754843958092,725,price_side,order_id,BTC-USDT,BUY,65000.15,0.001,866585320701887188,,101120,16640,117760
journal,godzilla,5,1,2,1783610754844158976,0,1783610754844256000,0,1783610754844275968,1783610754844273672,726,price_side,order_id,BTC-USDT,SELL,65000.36,0.001,866585320701887189,,97024,19968,116992
journal,godzilla,5,1,2,1783610754844443392,0,1783610754844541952,0,1783610754844575232,1783610754844561936,727,price_side,order_id,BTC-USDT,BUY,65000.17,0.001,866585320701887190,,98560,33280,131840
journal,godzilla,5,1,2,1783610754844743424,0,1783610754844839424,0,1783610754844858112,1783610754844856081,728,price_side,order_id,BTC-USDT,SELL,65000.38,0.001,866585320701887191,,96000,18688,114688
journal,godzilla,5,1,2,1783610754845042432,0,1783610754845140736,0,1783610754845158912,1783610754845156869,729,price_side,order_id,BTC-USDT,BUY,65000.19,0.001,866585320701887192,,98304,18176,116480
journal,godzilla,5,1,2,1783610754845342464,0,1783610754845453824,0,1783610754845563904,1783610754845561586,730,price_side,order_id,BTC-USDT,SELL,65000.4,0.001,866585320701887193,,111360,110080,221440
journal,godzilla,5,1,2,1783610754845643264,0,1783610754845675264,0,1783610754845776640,1783610754845774662,731,price_side,order_id,BTC-USDT,BUY,65000.21,0.001,866585320701887194,,32000,101376,133376
journal,godzilla,5,1,2,1783610754845942528,0,1783610754846324736,0,1783610754846375680,1783610754846373380,732,price_side,order_id,BTC-USDT,SELL,65000.42,0.001,866585320701887195,,382208,50944,433152
journal,godzilla,5,1,2,1783610754846241792,0,1783610754846386432,0,1783610754846464512,1783610754846462641,733,price_side,order_id,BTC-USDT,BUY,65000.23,0.001,866585320701887196,,144640,78080,222720
journal,godzilla,5,1,2,1783610754846543360,0,1783610754846602752,0,1783610754846689280,1783610754846687550,734,price_side,order_id,BTC-USDT,SELL,65000.439999999995,0.001,866585320701887197,,59392,86528,145920
journal,godzilla,5,1,2,1783610754846853376,0,1783610754846867712,0,1783610754846976000,1783610754846972873,735,price_side,order_id,BTC-USDT,BUY,65000.25,0.001,866585320701887198,,14336,108288,122624
journal,godzilla,5,1,2,1783610754847142656,0,1783610754847247104,0,1783610754847263744,1783610754847261723,736,price_side,order_id,BTC-USDT,SELL,65000.46,0.001,866585320701887199,,104448,16640,121088
journal,godzilla,5,1,2,1783610754847443200,0,1783610754847708928,0,1783610754847855104,1783610754847837147,737,price_side,order_id,BTC-USDT,BUY,65000.270000000004,0.001,866585320701887200,,265728,146176,411904
journal,godzilla,5,1,2,1783610754847741440,0,1783610754847859968,0,1783610754847883264,1783610754847880659,738,price_side,order_id,BTC-USDT,SELL,65000.479999999996,0.001,866585320701887201,,118528,23296,141824
journal,godzilla,5,1,2,1783610754848043264,0,1783610754848102400,0,1783610754848181248,1783610754848179254,739,price_side,order_id,BTC-USDT,BUY,65000.29,0.001,866585320701887202,,59136,78848,137984
journal,godzilla,5,1,2,1783610754848342016,0,1783610754848438784,0,1783610754848465408,1783610754848455546,740,price_side,order_id,BTC-USDT,SELL,65000.5,0.001,866585320701887203,,96768,26624,123392
journal,godzilla,5,1,2,1783610754848642304,0,1783610754848738560,0,1783610754848755456,1783610754848753763,741,price_side,order_id,BTC-USDT,BUY,65000.310000000005,0.001,866585320701887204,,96256,16896,113152
journal,godzilla,5,1,2,1783610754848942336,0,1783610754849044224,0,1783610754849060352,1783610754849058374,742,price_side,order_id,BTC-USDT,SELL,65000.52,0.001,866585320701887205,,101888,16128,118016
journal,godzilla,5,1,2,1783610754849242112,0,1783610754849331200,0,1783610754849349120,1783610754849347211,743,price_side,order_id,BTC-USDT,BUY,65000.33,0.001,866585320701887206,,89088,17920,107008
journal,godzilla,5,1,2,1783610754849542144,0,1783610754849644032,0,1783610754849754880,1783610754849753103,744,price_side,order_id,BTC-USDT,SELL,65000.54,0.001,866585320701887207,,101888,110848,212736
journal,godzilla,5,1,2,1783610754849852416,0,1783610754849863424,0,1783610754849968384,1783610754849965533,745,price_side,order_id,BTC-USDT,BUY,65000.35,0.001,866585320701887208,,11008,104960,115968
journal,godzilla,5,1,2,1783610754850142720,0,1783610754850360064,0,1783610754850510080,1783610754850507176,746,price_side,order_id,BTC-USDT,SELL,65000.56,0.001,866585320701887209,,217344,150016,367360
journal,godzilla,5,1,2,1783610754850441984,0,1783610754850626048,0,1783610754850783744,1783610754850778562,747,price_side,order_id,BTC-USDT,BUY,65000.37,0.001,866585320701887210,,184064,157696,341760
journal,godzilla,5,1,2,1783610754850745600,0,1783610754850899456,0,1783610754851009024,1783610754851002589,748,price_side,order_id,BTC-USDT,SELL,65000.58,0.001,866585320701887211,,153856,109568,263424
journal,godzilla,5,1,2,1783610754851045376,0,1783610754851213312,0,1783610754851352064,1783610754851348161,749,price_side,order_id,BTC-USDT,BUY,65000.39,0.001,866585320701887212,,167936,138752,306688
journal,godzilla,5,1,2,1783610754851346176,0,1783610754851485696,0,1783610754851621888,1783610754851619256,750,price_side,order_id,BTC-USDT,SELL,65000.6,0.001,866585320701887213,,139520,136192,275712
journal,godzilla,5,1,2,1783610754851643648,0,1783610754851659776,0,1783610754851734272,1783610754851732231,751,price_side,order_id,BTC-USDT,BUY,65000.41,0.001,866585320701887214,,16128,74496,90624
journal,godzilla,5,1,2,1783610754851943168,0,1783610754851957760,0,1783610754852070912,1783610754852068072,752,price_side,order_id,BTC-USDT,SELL,65000.619999999995,0.001,866585320701887215,,14592,113152,127744
journal,godzilla,5,1,2,1783610754852242432,0,1783610754852595968,0,1783610754852687616,1783610754852668416,753,price_side,order_id,BTC-USDT,BUY,65000.43,0.001,866585320701887216,,353536,91648,445184
journal,godzilla,5,1,2,1783610754852541440,0,1783610754852751104,0,1783610754852787200,1783610754852785347,754,price_side,order_id,BTC-USDT,SELL,65000.64,0.001,866585320701887217,,209664,36096,245760
journal,godzilla,5,1,2,1783610754852856064,0,1783610754853047552,0,1783610754853078016,1783610754853074675,755,price_side,order_id,BTC-USDT,BUY,65000.450000000004,0.001,866585320701887218,,191488,30464,221952
journal,godzilla,5,1,2,1783610754853144576,0,1783610754853183744,0,1783610754853287424,1783610754853285363,756,price_side,order_id,BTC-USDT,SELL,65000.659999999996,0.001,866585320701887219,,39168,103680,142848
journal,godzilla,5,1,2,1783610754853466624,0,1783610754853569280,0,1783610754853607936,1783610754853605704,757,price_side,order_id,BTC-USDT,BUY,65000.47,0.001,866585320701887220,,102656,38656,141312
journal,godzilla,5,1,2,1783610754853743872,0,1783610754853947904,0,1783610754854123776,1783610754854121714,758,price_side,order_id,BTC-USDT,SELL,65000.68,0.001,866585320701887221,,204032,175872,379904
journal,godzilla,5,1,2,1783610754854042112,0,1783610754854131200,0,1783610754854140416,1783610754854138636,759,price_side,order_id,BTC-USDT,BUY,65000.49,0.001,866585320701887222,,89088,9216,98304
journal,godzilla,5,1,2,1783610754854343680,0,1783610754854409984,0,1783610754854453504,1783610754854450240,760,price_side,order_id,BTC-USDT,SELL,65000.7,0.001,866585320701887223,,66304,43520,109824
journal,godzilla,5,1,2,1783610754854643712,0,1783610754854768640,0,1783610754854792960,1783610754854790107,761,price_side,order_id,BTC-USDT,BUY,65000.51,0.001,866585320701887224,,124928,24320,149248
journal,godzilla,5,1,2,1783610754854942976,0,1783610754854985984,0,1783610754855017472,1783610754855014289,762,price_side,order_id,BTC-USDT,SELL,65000.72,0.001,866585320701887225,,43008,31488,74496
journal,godzilla,5,1,2,1783610754855243776,0,1783610754855363584,0,1783610754855387392,1783610754855385083,763,price_side,order_id,BTC-USDT,BUY,65000.53,0.001,866585320701887226,,119808,23808,143616
journal,godzilla,5,1,2,1783610754855557120,0,1783610754855579648,0,1783610754855602688,1783610754855599577,764,price_side,order_id,BTC-USDT,SELL,65000.74,0.001,866585320701887227,,22528,23040,45568
journal,godzilla,5,1,2,1783610754855843584,0,1783610754855956736,0,1783610754855981056,1783610754855977999,765,price_side,order_id,BTC-USDT,BUY,65000.55,0.001,866585320701887228,,113152,24320,137472
journal,godzilla,5,1,2,1783610754856143616,0,1783610754856182784,0,1783610754856207872,1783610754856204874,766,price_side,order_id,BTC-USDT,SELL,65000.76,0.001,866585320701887229,,39168,25088,64256
journal,godzilla,5,1,2,1783610754856443904,0,1783610754856555776,0,1783610754856586240,1783610754856574574,767,price_side,order_id,BTC-USDT,BUY,65000.57,0.001,866585320701887230,,111872,30464,142336
journal,godzilla,5,1,2,1783610754856744192,0,1783610754856765184,0,1783610754856789760,1783610754856786839,768,price_side,order_id,BTC-USDT,SELL,65000.78,0.001,866585320701887231,,20992,24576,45568
journal,godzilla,5,1,2,1783610754857043456,0,1783610754857146624,0,1783610754857166336,1783610754857164298,769,price_side,order_id,BTC-USDT,BUY,65000.590000000004,0.001,866585320701887232,,103168,19712,122880
journal,godzilla,5,1,2,1783610754857343232,0,1783610754857446144,0,1783610754857467136,1783610754857465044,770,price_side,order_id,BTC-USDT,SELL,65000.799999999996,0.001,866585320701887233,,102912,20992,123904
journal,godzilla,5,1,2,1783610754857643264,0,1783610754857742848,0,1783610754857763328,1783610754857761105,771,price_side,order_id,BTC-USDT,BUY,65000.61,0.001,866585320701887234,,99584,20480,120064
journal,godzilla,5,1,2,1783610754857943552,0,1783610754858056192,0,1783610754858074368,1783610754858072424,772,price_side,order_id,BTC-USDT,SELL,65000.82,0.001,866585320701887235,,112640,18176,130816
journal,godzilla,5,1,2,1783610754858243072,0,1783610754858339840,0,1783610754858359296,1783610754858357207,773,price_side,order_id,BTC-USDT,BUY,65000.630000000005,0.001,866585320701887236,,96768,19456,116224
journal,godzilla,5,1,2,1783610754858549248,0,1783610754858641920,0,1783610754858665216,1783610754858663053,774,price_side,order_id,BTC-USDT,SELL,65000.84,0.001,866585320701887237,,92672,23296,115968
journal,godzilla,5,1,2,1783610754858843136,0,1783610754858938112,0,1783610754858957056,1783610754858955206,775,price_side,order_id,BTC-USDT,BUY,65000.65,0.001,866585320701887238,,94976,18944,113920
journal,godzilla,5,1,2,1783610754859143168,0,1783610754859240704,0,1783610754859260416,1783610754859258428,776,price_side,order_id,BTC-USDT,SELL,65000.86,0.001,866585320701887239,,97536,19712,117248
journal,godzilla,5,1,2,1783610754859443200,0,1783610754859556864,0,1783610754859671552,1783610754859669317,777,price_side,order_id,BTC-USDT,BUY,65000.67,0.001,866585320701887240,,113664,114688,228352
journal,godzilla,5,1,2,1783610754859756288,0,1783610754859784960,0,1783610754859887616,1783610754859885601,778,price_side,order_id,BTC-USDT,SELL,65000.88,0.001,866585320701887241,,28672,102656,131328
journal,godzilla,5,1,2,1783610754860042240,0,1783610754860142080,0,1783610754860163328,1783610754860161148,779,price_side,order_id,BTC-USDT,BUY,65000.69,0.001,866585320701887242,,99840,21248,121088
journal,godzilla,5,1,2,1783610754860342272,0,1783610754860439040,0,1783610754860468736,1783610754860458819,780,price_side,order_id,BTC-USDT,SELL,65000.9,0.001,866585320701887243,,96768,29696,126464
journal,godzilla,5,1,2,1783610754860642816,0,1783610754860738304,0,1783610754860760832,1783610754860758454,781,price_side,order_id,BTC-USDT,BUY,65000.71,0.001,866585320701887244,,95488,22528,118016
journal,godzilla,5,1,2,1783610754860943616,0,1783610754861051648,0,1783610754861070336,1783610754861068411,782,price_side,order_id,BTC-USDT,SELL,65000.92,0.001,866585320701887245,,108032,18688,126720
journal,godzilla,5,1,2,1783610754861250048,0,1783610754861347072,0,1783610754861367040,1783610754861365123,783,price_side,order_id,BTC-USDT,BUY,65000.73,0.001,866585320701887246,,97024,19968,116992
journal,godzilla,5,1,2,1783610754861542400,0,1783610754861638144,0,1783610754861657344,1783610754861655449,784,price_side,order_id,BTC-USDT,SELL,65000.939999999995,0.001,866585320701887247,,95744,19200,114944
journal,godzilla,5,1,2,1783610754861843200,0,1783610754861938688,0,1783610754861958400,1783610754861956667,785,price_side,order_id,BTC-USDT,BUY,65000.75,0.001,866585320701887248,,95488,19712,115200
journal,godzilla,5,1,2,1783610754862147840,0,1783610754862342656,0,1783610754862598656,1783610754862593833,786,price_side,order_id,BTC-USDT,SELL,65000.96,0.001,866585320701887249,,194816,256000,450816
journal,godzilla,5,1,2,1783610754862526720,0,1783610754862660096,0,1783610754862716160,1783610754862713020,787,price_side,order_id,BTC-USDT,BUY,65000.770000000004,0.001,866585320701887250,,133376,56064,189440
journal,godzilla,5,1,2,1783610754862770432,0,1783610754863010304,0,1783610754863087616,1783610754863083443,788,price_side,order_id,BTC-USDT,SELL,65000.979999999996,0.001,866585320701887251,,239872,77312,317184
journal,godzilla,5,1,2,1783610754863045120,0,1783610754863075584,0,1783610754863111680,1783610754863109241,789,price_side,order_id,BTC-USDT,BUY,65000.79,0.001,866585320701887252,,30464,36096,66560
journal,godzilla,5,1,2,1783610754863344128,0,1783610754863381504,0,1783610754863401216,1783610754863399149,790,price_side,order_id,BTC-USDT,SELL,65001.0,0.001,866585320701887253,,37376,19712,57088
journal,godzilla,5,1,2,1783610754863642112,0,1783610754863743488,0,1783610754863764480,1783610754863762375,791,price_side,order_id,BTC-USDT,BUY,65000.810000000005,0.001,866585320701887254,,101376,20992,122368
journal,godzilla,5,1,2,1783610754863942912,0,1783610754864052736,0,1783610754864069888,1783610754864067803,792,price_side,order_id,BTC-USDT,SELL,65001.02,0.001,866585320701887255,,109824,17152,126976
journal,godzilla,5,1,2,1783610754864258560,0,1783610754864354048,0,1783610754864383232,1783610754864371776,793,price_side,order_id,BTC-USDT,BUY,65000.83,0.001,866585320701887256,,95488,29184,124672
journal,godzilla,5,1,2,1783610754864543488,0,1783610754864641280,0,1783610754864662272,1783610754864660286,794,price_side,order_id,BTC-USDT,SELL,65001.04,0.001,866585320701887257,,97792,20992,118784
journal,godzilla,5,1,2,1783610754864843520,0,1783610754864940032,0,1783610754864958976,1783610754864956921,795,price_side,order_id,BTC-USDT,BUY,65000.85,0.001,866585320701887258,,96512,18944,115456
journal,godzilla,5,1,2,1783610754865143552,0,1783610754865236736,0,1783610754865256448,1783610754865254390,796,price_side,order_id,BTC-USDT,SELL,65001.06,0.001,866585320701887259,,93184,19712,112896
journal,godzilla,5,1,2,1783610754865442048,0,1783610754865538304,0,1783610754865560064,1783610754865558027,797,price_side,order_id,BTC-USDT,BUY,65000.87,0.001,866585320701887260,,96256,21760,118016
journal,godzilla,5,1,2,1783610754865743104,0,1783610754865840896,0,1783610754865858560,1783610754865856741,798,price_side,order_id,BTC-USDT,SELL,65001.08,0.001,866585320701887261,,97792,17664,115456
journal,godzilla,5,1,2,1783610754866043392,0,1783610754866144000,0,1783610754866162432,1783610754866160189,799,price_side,order_id,BTC-USDT,BUY,65000.89,0.001,866585320701887262,,100608,18432,119040
journal,godzilla,5,1,2,1783610754866342144,0,1783610754866434048,0,1783610754866454784,1783610754866452853,800,price_side,order_id,BTC-USDT,SELL,65000.1,0.001,866585320701887263,,91904,20736,112640
journal,godzilla,5,1,2,1783610754866642176,0,1783610754866756608,0,1783610754866868736,1783610754866865630,801,price_side,order_id,BTC-USDT,BUY,64999.91,0.001,866585320701887264,,114432,112128,226560
journal,godzilla,5,1,2,1783610754866953728,0,1783610754866979072,0,1783610754867068672,1783610754867065523,802,price_side,order_id,BTC-USDT,SELL,65000.119999999995,0.001,866585320701887265,,25344,89600,114944
journal,godzilla,5,1,2,1783610754867242752,0,1783610754867338752,0,1783610754867357184,1783610754867355286,803,price_side,order_id,BTC-USDT,BUY,64999.93,0.001,866585320701887266,,96000,18432,114432
journal,godzilla,5,1,2,1783610754867542272,0,1783610754867640832,0,1783610754867659520,1783610754867657724,804,price_side,order_id,BTC-USDT,SELL,65000.14,0.001,866585320701887267,,98560,18688,117248
journal,godzilla,5,1,2,1783610754867842304,0,1783610754867924480,0,1783610754867946496,1783610754867944417,805,price_side,order_id,BTC-USDT,BUY,64999.950000000004,0.001,866585320701887268,,82176,22016,104192
journal,godzilla,5,1,2,1783610754868142336,0,1783610754868238848,0,1783610754868265216,1783610754868255305,806,price_side,order_id,BTC-USDT,SELL,65000.159999999996,0.001,866585320701887269,,96512,26368,122880
journal,godzilla,5,1,2,1783610754868442880,0,1783610754868542464,0,1783610754868560128,1783610754868558101,807,price_side,order_id,BTC-USDT,BUY,64999.97,0.001,866585320701887270,,99584,17664,117248
journal,godzilla,5,1,2,1783610754868742144,0,1783610754868839424,0,1783610754868861952,1783610754868859833,808,price_side,order_id,BTC-USDT,SELL,65000.18,0.001,866585320701887271,,97280,22528,119808
journal,godzilla,5,1,2,1783610754869042432,0,1783610754869140992,0,1783610754869159168,1783610754869157098,809,price_side,order_id,BTC-USDT,BUY,64999.99,0.001,866585320701887272,,98560,18176,116736
journal,godzilla,5,1,2,1783610754869342208,0,1783610754869436672,0,1783610754869455872,1783610754869454082,810,price_side,order_id,BTC-USDT,SELL,65000.2,0.001,866585320701887273,,94464,19200,113664
journal,godzilla,5,1,2,1783610754869641984,0,1783610754869738752,0,1783610754869760768,1783610754869758848,811,price_side,order_id,BTC-USDT,BUY,65000.01,0.001,866585320701887274,,96768,22016,118784
journal,godzilla,5,1,2,1783610754869949696,0,1783610754870054400,0,1783610754870076672,1783610754870074438,812,price_side,order_id,BTC-USDT,SELL,65000.22,0.001,866585320701887275,,104704,22272,126976
journal,godzilla,5,1,2,1783610754870243328,0,1783610754870341120,0,1783610754870360576,1783610754870358642,813,price_side,order_id,BTC-USDT,BUY,65000.03,0.001,866585320701887276,,97792,19456,117248
journal,godzilla,5,1,2,1783610754870542336,0,1783610754870638080,0,1783610754870659840,1783610754870657630,814,price_side,order_id,BTC-USDT,SELL,65000.24,0.001,866585320701887277,,95744,21760,117504
journal,godzilla,5,1,2,1783610754870843392,0,1783610754870938624,0,1783610754870958848,1783610754870956952,815,price_side,order_id,BTC-USDT,BUY,65000.05,0.001,866585320701887278,,95232,20224,115456
journal,godzilla,5,1,2,1783610754871143424,0,1783610754871252992,0,1783610754871370240,1783610754871368040,816,price_side,order_id,BTC-USDT,SELL,65000.26,0.001,866585320701887279,,109568,117248,226816
journal,godzilla,5,1,2,1783610754871452928,0,1783610754871485952,0,1783610754871589120,1783610754871587213,817,price_side,order_id,BTC-USDT,BUY,65000.07,0.001,866585320701887280,,33024,103168,136192
journal,godzilla,5,1,2,1783610754871742208,0,1783610754871839744,0,1783610754871855104,1783610754871853000,818,price_side,order_id,BTC-USDT,SELL,65000.28,0.001,866585320701887281,,97536,15360,112896
journal,godzilla,5,1,2,1783610754872042240,0,1783610754872142080,0,1783610754872162560,1783610754872160655,819,price_side,order_id,BTC-USDT,BUY,65000.090000000004,0.001,866585320701887282,,99840,20480,120320
journal,godzilla,5,1,2,1783610754872342016,0,1783610754872434944,0,1783610754872465408,1783610754872455475,820,price_side,order_id,BTC-USDT,SELL,65000.299999999996,0.001,866585320701887283,,92928,30464,123392
journal,godzilla,5,1,2,1783610754872648704,0,1783610754872745216,0,1783610754872767232,1783610754872764926,821,price_side,order_id,BTC-USDT,BUY,65000.11,0.001,866585320701887284,,96512,22016,118528
journal,godzilla,5,1,2,1783610754872943360,0,1783610754873049088,0,1783610754873067520,1783610754873065564,822,price_side,order_id,BTC-USDT,SELL,65000.32,0.001,866585320701887285,,105728,18432,124160
journal,godzilla,5,1,2,1783610754873245184,0,1783610754873497856,0,1783610754873638912,1783610754873636733,823,price_side,order_id,BTC-USDT,BUY,65000.130000000005,0.001,866585320701887286,,252672,141056,393728
journal,godzilla,5,1,2,1783610754873541632,0,1783610754873644288,0,1783610754873654528,1783610754873653078,824,price_side,order_id,BTC-USDT,SELL,65000.34,0.001,866585320701887287,,102656,10240,112896
journal,godzilla,5,1,2,1783610754873843200,0,1783610754873891072,0,1783610754874000896,1783610754873993187,825,price_side,order_id,BTC-USDT,BUY,65000.15,0.001,866585320701887288,,47872,109824,157696
journal,godzilla,5,1,2,1783610754874143488,0,1783610754874244096,0,1783610754874256384,1783610754874254520,826,price_side,order_id,BTC-USDT,SELL,65000.36,0.001,866585320701887289,,100608,12288,112896
journal,godzilla,5,1,2,1783610754874442496,0,1783610754874546176,0,1783610754874562048,1783610754874560072,827,price_side,order_id,BTC-USDT,BUY,65000.17,0.001,866585320701887290,,103680,15872,119552
journal,godzilla,5,1,2,1783610754874742272,0,1783610754874845952,0,1783610754874858496,1783610754874855988,828,price_side,order_id,BTC-USDT,SELL,65000.38,0.001,866585320701887291,,103680,12544,116224
journal,godzilla,5,1,2,1783610754875044864,0,1783610754875257600,0,1783610754875398656,1783610754875395094,829,price_side,order_id,BTC-USDT,BUY,65000.19,0.001,866585320701887292,,212736,141056,353792
journal,godzilla,5,1,2,1783610754875343360,0,1783610754875395328,0,1783610754875418368,1783610754875416700,830,price_side,order_id,BTC-USDT,SELL,65000.4,0.001,866585320701887293,,51968,23040,75008
journal,godzilla,5,1,2,1783610754875658240,0,1783610754875753472,0,1783610754875776768,1783610754875774297,831,price_side,order_id,BTC-USDT,BUY,65000.21,0.001,866585320701887294,,95232,23296,118528
journal,godzilla,5,1,2,1783610754875943168,0,1783610754876053504,0,1783610754876071680,1783610754876069617,832,price_side,order_id,BTC-USDT,SELL,65000.42,0.001,866585320701887295,,110336,18176,128512
journal,godzilla,5,1,2,1783610754876243200,0,1783610754876340224,0,1783610754876367872,1783610754876356259,833,price_side,order_id,BTC-USDT,BUY,65000.23,0.001,866585320701887296,,97024,27648,124672
journal,godzilla,5,1,2,1783610754876542464,0,1783610754876638208,0,1783610754876660480,1783610754876658393,834,price_side,order_id,BTC-USDT,SELL,65000.439999999995,0.001,866585320701887297,,95744,22272,118016
journal,godzilla,5,1,2,1783610754876842240,0,1783610754876941824,0,1783610754876965632,1783610754876963415,835,price_side,order_id,BTC-USDT,BUY,65000.25,0.001,866585320701887298,,99584,23808,123392
journal,godzilla,5,1,2,1783610754877144064,0,1783610754877246720,0,1783610754877270272,1783610754877267919,836,price_side,order_id,BTC-USDT,SELL,65000.46,0.001,866585320701887299,,102656,23552,126208
journal,godzilla,5,1,2,1783610754877443328,0,1783610754877544704,0,1783610754877563904,1783610754877561935,837,price_side,order_id,BTC-USDT,BUY,65000.270000000004,0.001,866585320701887300,,101376,19200,120576
journal,godzilla,5,1,2,1783610754877743616,0,1783610754877844992,0,1783610754877865216,1783610754877863314,838,price_side,order_id,BTC-USDT,SELL,65000.479999999996,0.001,866585320701887301,,101376,20224,121600
journal,godzilla,5,1,2,1783610754878043392,0,1783610754878149376,0,1783610754878170368,1783610754878168228,839,price_side,order_id,BTC-USDT,BUY,65000.29,0.001,866585320701887302,,105984,20992,126976
journal,godzilla,5,1,2,1783610754878356992,0,1783610754878462208,0,1783610754878482432,1783610754878480309,840,price_side,order_id,BTC-USDT,SELL,65000.5,0.001,866585320701887303,,105216,20224,125440
journal,godzilla,5,1,2,1783610754878643456,0,1783610754878745600,0,1783610754878765056,1783610754878763150,841,price_side,order_id,BTC-USDT,BUY,65000.310000000005,0.001,866585320701887304,,102144,19456,121600
journal,godzilla,5,1,2,1783610754878943488,0,1783610754879057920,0,1783610754879078144,1783610754879076241,842,price_side,order_id,BTC-USDT,SELL,65000.52,0.001,866585320701887305,,114432,20224,134656
journal,godzilla,5,1,2,1783610754879243264,0,1783610754879336192,0,1783610754879354624,1783610754879352680,843,price_side,order_id,BTC-USDT,BUY,65000.33,0.001,866585320701887306,,92928,18432,111360
journal,godzilla,5,1,2,1783610754879542272,0,1783610754879637504,0,1783610754879659520,1783610754879657482,844,price_side,order_id,BTC-USDT,SELL,65000.54,0.001,866585320701887307,,95232,22016,117248
journal,godzilla,5,1,2,1783610754879842048,0,1783610754879938560,0,1783610754879957760,1783610754879955977,845,price_side,order_id,BTC-USDT,BUY,65000.35,0.001,866585320701887308,,96512,19200,115712
journal,godzilla,5,1,2,1783610754880142848,0,1783610754880239872,0,1783610754880361216,1783610754880256515,846,price_side,order_id,BTC-USDT,SELL,65000.56,0.001,866585320701887309,,97024,121344,218368
journal,godzilla,5,1,2,1783610754880444416,0,1783610754880481024,0,1783610754880628992,1783610754880626021,847,price_side,order_id,BTC-USDT,BUY,65000.37,0.001,866585320701887310,,36608,147968,184576
journal,godzilla,5,1,2,1783610754880743424,0,1783610754880874752,0,1783610754881000704,1783610754880993606,848,price_side,order_id,BTC-USDT,SELL,65000.58,0.001,866585320701887311,,131328,125952,257280
journal,godzilla,5,1,2,1783610754881042432,0,1783610754881141504,0,1783610754881206784,1783610754881204780,849,price_side,order_id,BTC-USDT,BUY,65000.39,0.001,866585320701887312,,99072,65280,164352
journal,godzilla,5,1,2,1783610754881353216,0,1783610754881454592,0,1783610754881469696,1783610754881467745,850,price_side,order_id,BTC-USDT,SELL,65000.6,0.001,866585320701887313,,101376,15104,116480
journal,godzilla,5,1,2,1783610754881642240,0,1783610754881741312,0,1783610754881759744,1783610754881757523,851,price_side,order_id,BTC-USDT,BUY,65000.41,0.001,866585320701887314,,99072,18432,117504
journal,godzilla,5,1,2,1783610754881942272,0,1783610754882243840,0,1783610754882368768,1783610754882365364,852,price_side,order_id,BTC-USDT,SELL,65000.619999999995,0.001,866585320701887315,,301568,124928,426496
journal,godzilla,5,1,2,1783610754882241536,0,1783610754882346496,0,1783610754882391040,1783610754882388967,853,price_side,order_id,BTC-USDT,BUY,65000.43,0.001,866585320701887316,,104960,44544,149504
journal,godzilla,5,1,2,1783610754882543360,0,1783610754883090432,0,1783610754883243520,1783610754883241230,854,price_side,order_id,BTC-USDT,SELL,65000.64,0.001,866585320701887317,,547072,153088,700160
journal,godzilla,5,1,2,1783610754882841600,0,1783610754883131136,0,1783610754883260160,1783610754883258640,855,price_side,order_id,BTC-USDT,BUY,65000.450000000004,0.001,866585320701887318,,289536,129024,418560
journal,godzilla,5,1,2,1783610754883141632,0,1783610754883152384,0,1783610754883273472,1783610754883272057,856,price_side,order_id,BTC-USDT,SELL,65000.659999999996,0.001,866585320701887319,,10752,121088,131840
journal,godzilla,5,1,2,1783610754883443200,0,1783610754883464704,0,1783610754883498752,1783610754883496178,857,price_side,order_id,BTC-USDT,BUY,65000.47,0.001,866585320701887320,,21504,34048,55552
journal,godzilla,5,1,2,1783610754883742976,0,1783610754883840512,0,1783610754883859200,1783610754883857182,858,price_side,order_id,BTC-USDT,SELL,65000.68,0.001,866585320701887321,,97536,18688,116224
journal,godzilla,5,1,2,1783610754884042496,0,1783610754884142336,0,1783610754884174336,1783610754884163331,859,price_side,order_id,BTC-USDT,BUY,65000.49,0.001,866585320701887322,,99840,32000,131840
journal,godzilla,5,1,2,1783610754884354048,0,1783610754884580096,0,1783610754884719360,1783610754884716959,860,price_side,order_id,BTC-USDT,SELL,65000.7,0.001,866585320701887323,,226048,139264,365312
journal,godzilla,5,1,2,1783610754884642048,0,1783610754884791552,0,1783610754884812544,1783610754884810880,861,price_side,order_id,BTC-USDT,BUY,65000.51,0.001,866585320701887324,,149504,20992,170496
journal,godzilla,5,1,2,1783610754884942592,0,1783610754885031936,0,1783610754885112064,1783610754885110132,862,price_side,order_id,BTC-USDT,SELL,65000.72,0.001,866585320701887325,,89344,80128,169472
journal,godzilla,5,1,2,1783610754885243648,0,1783610754885343232,0,1783610754885364992,1783610754885362867,863,price_side,order_id,BTC-USDT,BUY,65000.53,0.001,866585320701887326,,99584,21760,121344
journal,godzilla,5,1,2,1783610754885543424,0,1783610754885638656,0,1783610754885657600,1783610754885655897,864,price_side,order_id,BTC-USDT,SELL,65000.74,0.001,866585320701887327,,95232,18944,114176
journal,godzilla,5,1,2,1783610754885842176,0,1783610754885939712,0,1783610754885962240,1783610754885960228,865,price_side,order_id,BTC-USDT,BUY,65000.55,0.001,866585320701887328,,97536,22528,120064
journal,godzilla,5,1,2,1783610754886143232,0,1783610754886239744,0,1783610754886258688,1783610754886256869,866,price_side,order_id,BTC-USDT,SELL,65000.76,0.001,866585320701887329,,96512,18944,115456
journal,godzilla,5,1,2,1783610754886443264,0,1783610754886537472,0,1783610754886555136,1783610754886553182,867,price_side,order_id,BTC-USDT,BUY,65000.57,0.001,866585320701887330,,94208,17664,111872
journal,godzilla,5,1,2,1783610754886742272,0,1783610754886837760,0,1783610754886860032,1783610754886857763,868,price_side,order_id,BTC-USDT,SELL,65000.78,0.001,866585320701887331,,95488,22272,117760
journal,godzilla,5,1,2,1783610754887053312,0,1783610754887151360,0,1783610754887172096,1783610754887169963,869,price_side,order_id,BTC-USDT,BUY,65000.590000000004,0.001,866585320701887332,,98048,20736,118784
journal,godzilla,5,1,2,1783610754887343360,0,1783610754887436800,0,1783610754887455488,1783610754887453569,870,price_side,order_id,BTC-USDT,SELL,65000.799999999996,0.001,866585320701887333,,93440,18688,112128
journal,godzilla,5,1,2,1783610754887642112,0,1783610754887754496,0,1783610754887869696,1783610754887867700,871,price_side,order_id,BTC-USDT,BUY,65000.61,0.001,866585320701887334,,112384,115200,227584
journal,godzilla,5,1,2,1783610754887943168,0,1783610754887987200,0,1783610754888127232,1783610754888099244,872,price_side,order_id,BTC-USDT,SELL,65000.82,0.001,866585320701887335,,44032,140032,184064
journal,godzilla,5,1,2,1783610754888243712,0,1783610754888348928,0,1783610754888360960,1783610754888359103,873,price_side,order_id,BTC-USDT,BUY,65000.630000000005,0.001,866585320701887336,,105216,12032,117248
journal,godzilla,5,1,2,1783610754888541952,0,1783610754888646400,0,1783610754888660992,1783610754888658887,874,price_side,order_id,BTC-USDT,SELL,65000.84,0.001,866585320701887337,,104448,14592,119040
journal,godzilla,5,1,2,1783610754888842240,0,1783610754888949504,0,1783610754888964096,1783610754888962068,875,price_side,order_id,BTC-USDT,BUY,65000.65,0.001,866585320701887338,,107264,14592,121856
journal,godzilla,5,1,2,1783610754889142272,0,1783610754889248256,0,1783610754889264640,1783610754889262666,876,price_side,order_id,BTC-USDT,SELL,65000.86,0.001,866585320701887339,,105984,16384,122368
journal,godzilla,5,1,2,1783610754889442304,0,1783610754889546496,0,1783610754889562368,1783610754889560350,877,price_side,order_id,BTC-USDT,BUY,65000.67,0.001,866585320701887340,,104192,15872,120064
journal,godzilla,5,1,2,1783610754889742336,0,1783610754889844992,0,1783610754889860864,1783610754889858824,878,price_side,order_id,BTC-USDT,SELL,65000.88,0.001,866585320701887341,,102656,15872,118528
journal,godzilla,5,1,2,1783610754890051072,0,1783610754890153472,0,1783610754890167808,1783610754890165554,879,price_side,order_id,BTC-USDT,BUY,65000.69,0.001,866585320701887342,,102400,14336,116736
journal,godzilla,5,1,2,1783610754890342144,0,1783610754890447872,0,1783610754890462720,1783610754890460633,880,price_side,order_id,BTC-USDT,SELL,65000.9,0.001,866585320701887343,,105728,14848,120576
journal,godzilla,5,1,2,1783610754890642432,0,1783610754890744576,0,1783610754890760960,1783610754890758832,881,price_side,order_id,BTC-USDT,BUY,65000.71,0.001,866585320701887344,,102144,16384,118528
journal,godzilla,5,1,2,1783610754890942720,0,1783610754891051520,0,1783610754891067392,1783610754891065477,882,price_side,order_id,BTC-USDT,SELL,65000.92,0.001,866585320701887345,,108800,15872,124672
journal,godzilla,5,1,2,1783610754891243264,0,1783610754891347712,0,1783610754891361792,1783610754891359792,883,price_side,order_id,BTC-USDT,BUY,65000.73,0.001,866585320701887346,,104448,14080,118528
journal,godzilla,5,1,2,1783610754891542272,0,1783610754891643136,0,1783610754891660288,1783610754891658242,884,price_side,order_id,BTC-USDT,SELL,65000.939999999995,0.001,866585320701887347,,100864,17152,118016
journal,godzilla,5,1,2,1783610754891842304,0,1783610754891943168,0,1783610754891959552,1783610754891957509,885,price_side,order_id,BTC-USDT,BUY,65000.75,0.001,866585320701887348,,100864,16384,117248
journal,godzilla,5,1,2,1783610754892142848,0,1783610754892243968,0,1783610754892265472,1783610754892255516,886,price_side,order_id,BTC-USDT,SELL,65000.96,0.001,866585320701887349,,101120,21504,122624
journal,godzilla,5,1,2,1783610754892443392,0,1783610754892542976,0,1783610754892555776,1783610754892553880,887,price_side,order_id,BTC-USDT,BUY,65000.770000000004,0.001,866585320701887350,,99584,12800,112384
journal,godzilla,5,1,2,1783610754892749312,0,1783610754892854784,0,1783610754892872192,1783610754892870007,888,price_side,order_id,BTC-USDT,SELL,65000.979999999996,0.001,866585320701887351,,105472,17408,122880
journal,godzilla,5,1,2,1783610754893043200,0,1783610754893146624,0,1783610754893159936,1783610754893157997,889,price_side,order_id,BTC-USDT,BUY,65000.79,0.001,866585320701887352,,103424,13312,116736
journal,godzilla,5,1,2,1783610754893342208,0,1783610754893444352,0,1783610754893462784,1783610754893460774,890,price_side,order_id,BTC-USDT,SELL,65001.0,0.001,866585320701887353,,102144,18432,120576
journal,godzilla,5,1,2,1783610754893642240,0,1783610754893743104,0,1783610754893760512,1783610754893758290,891,price_side,order_id,BTC-USDT,BUY,65000.810000000005,0.001,866585320701887354,,100864,17408,118272
journal,godzilla,5,1,2,1783610754893942016,0,1783610754894051072,0,1783610754894067968,1783610754894065781,892,price_side,order_id,BTC-USDT,SELL,65001.02,0.001,866585320701887355,,109056,16896,125952
journal,godzilla,5,1,2,1783610754894243072,0,1783610754894342912,0,1783610754894356992,1783610754894354983,893,price_side,order_id,BTC-USDT,BUY,65000.83,0.001,866585320701887356,,99840,14080,113920
journal,godzilla,5,1,2,1783610754894542336,0,1783610754894643968,0,1783610754894661376,1783610754894659204,894,price_side,order_id,BTC-USDT,SELL,65001.04,0.001,866585320701887357,,101632,17408,119040
journal,godzilla,5,1,2,1783610754894842112,0,1783610754894949120,0,1783610754895077120,1783610754895074919,895,price_side,order_id,BTC-USDT,BUY,65000.85,0.001,866585320701887358,,107008,128000,235008
journal,godzilla,5,1,2,1783610754895142656,0,1783610754895194368,0,1783610754895291136,1783610754895289078,896,price_side,order_id,BTC-USDT,SELL,65001.06,0.001,866585320701887359,,51712,96768,148480
journal,godzilla,5,1,2,1783610754895445504,0,1783610754895678976,0,1783610754895816960,1783610754895813621,897,price_side,order_id,BTC-USDT,BUY,65000.87,0.001,866585320701887360,,233472,137984,371456
journal,godzilla,5,1,2,1783610754895751424,0,1783610754895893504,0,1783610754896095232,1783610754896087282,898,price_side,order_id,BTC-USDT,SELL,65001.08,0.001,866585320701887361,,142080,201728,343808
journal,godzilla,5,1,2,1783610754896046336,0,1783610754896197376,0,1783610754896329984,1783610754896309710,899,price_side,order_id,BTC-USDT,BUY,65000.89,0.001,866585320701887362,,151040,132608,283648
journal,godzilla,5,1,2,1783610754896346112,0,1783610754896525568,0,1783610754896600832,1783610754896593940,900,price_side,order_id,BTC-USDT,SELL,65000.1,0.001,866585320701887363,,179456,75264,254720
journal,godzilla,5,1,2,1783610754896645376,0,1783610754896809728,0,1783610754896889344,1783610754896881773,901,price_side,order_id,BTC-USDT,BUY,64999.91,0.001,866585320701887364,,164352,79616,243968
journal,godzilla,5,1,2,1783610754896944640,0,1783610754897157376,0,1783610754897320192,1783610754897313594,902,price_side,order_id,BTC-USDT,SELL,65000.119999999995,0.001,866585320701887365,,212736,162816,375552
journal,godzilla,5,1,2,1783610754897245184,0,1783610754897288192,0,1783610754897370880,1783610754897351187,903,price_side,order_id,BTC-USDT,BUY,64999.93,0.001,866585320701887366,,43008,82688,125696
journal,godzilla,5,1,2,1783610754897543680,0,1783610754897648128,0,1783610754897664256,1783610754897662124,904,price_side,order_id,BTC-USDT,SELL,65000.14,0.001,866585320701887367,,104448,16128,120576
journal,godzilla,5,1,2,1783610754897842432,0,1783610754897944064,0,1783610754897963008,1783610754897960225,905,price_side,order_id,BTC-USDT,BUY,64999.950000000004,0.001,866585320701887368,,101632,18944,120576
journal,godzilla,5,1,2,1783610754898143232,0,1783610754898245376,0,1783610754898258432,1783610754898256462,906,price_side,order_id,BTC-USDT,SELL,65000.159999999996,0.001,866585320701887369,,102144,13056,115200
journal,godzilla,5,1,2,1783610754898455296,0,1783610754898557952,0,1783610754898576384,1783610754898574023,907,price_side,order_id,BTC-USDT,BUY,64999.97,0.001,866585320701887370,,102656,18432,121088
journal,godzilla,5,1,2,1783610754898743296,0,1783610754898844672,0,1783610754898859264,1783610754898857305,908,price_side,order_id,BTC-USDT,SELL,65000.18,0.001,866585320701887371,,101376,14592,115968
journal,godzilla,5,1,2,1783610754899042304,0,1783610754899142144,0,1783610754899160064,1783610754899157830,909,price_side,order_id,BTC-USDT,BUY,64999.99,0.001,866585320701887372,,99840,17920,117760
journal,godzilla,5,1,2,1783610754899342080,0,1783610754899444992,0,1783610754899458048,1783610754899456172,910,price_side,order_id,BTC-USDT,SELL,65000.2,0.001,866585320701887373,,102912,13056,115968
journal,godzilla,5,1,2,1783610754899642112,0,1783610754899747072,0,1783610754899761920,1783610754899759747,911,price_side,order_id,BTC-USDT,BUY,65000.01,0.001,866585320701887374,,104960,14848,119808
journal,godzilla,5,1,2,1783610754899942144,0,1783610754900052480,0,1783610754900078848,1783610754900066228,912,price_side,order_id,BTC-USDT,SELL,65000.22,0.001,866585320701887375,,110336,26368,136704
journal,godzilla,5,1,2,1783610754900243712,0,1783610754900341504,0,1783610754900356096,1783610754900354023,913,price_side,order_id,BTC-USDT,BUY,65000.03,0.001,866585320701887376,,97792,14592,112384
journal,godzilla,5,1,2,1783610754900542208,0,1783610754900644608,0,1783610754900660992,1783610754900658951,914,price_side,order_id,BTC-USDT,SELL,65000.24,0.001,866585320701887377,,102400,16384,118784
journal,godzilla,5,1,2,1783610754900842240,0,1783610754900944384,0,1783610754900961536,1783610754900959612,915,price_side,order_id,BTC-USDT,BUY,65000.05,0.001,866585320701887378,,102144,17152,119296
journal,godzilla,5,1,2,1783610754901143040,0,1783610754901243904,0,1783610754901258752,1783610754901256691,916,price_side,order_id,BTC-USDT,SELL,65000.26,0.001,866585320701887379,,100864,14848,115712
journal,godzilla,5,1,2,1783610754901513984,0,1783610754901628928,0,1783610754901756928,1783610754901753826,917,price_side,order_id,BTC-USDT,BUY,65000.07,0.001,866585320701887380,,114944,128000,242944
journal,godzilla,5,1,2,1783610754901743104,0,1783610754901837568,0,1783610754901861376,1783610754901858838,918,price_side,order_id,BTC-USDT,SELL,65000.28,0.001,866585320701887381,,94464,23808,118272
journal,godzilla,5,1,2,1783610754902043648,0,1783610754902146048,0,1783610754902160640,1783610754902158692,919,price_side,order_id,BTC-USDT,BUY,65000.090000000004,0.001,866585320701887382,,102400,14592,116992
journal,godzilla,5,1,2,1783610754902342144,0,1783610754902444032,0,1783610754902459904,1783610754902457763,920,price_side,order_id,BTC-USDT,SELL,65000.299999999996,0.001,866585320701887383,,101888,15872,117760
journal,godzilla,5,1,2,1783610754902642176,0,1783610754902745344,0,1783610754902855424,1783610754902853447,921,price_side,order_id,BTC-USDT,BUY,65000.11,0.001,866585320701887384,,103168,110080,213248
journal,godzilla,5,1,2,1783610754902942720,0,1783610754902964736,0,1783610754903044608,1783610754903042856,922,price_side,order_id,BTC-USDT,SELL,65000.32,0.001,866585320701887385,,22016,79872,101888
journal,godzilla,5,1,2,1783610754903241984,0,1783610754903335680,0,1783610754903352320,1783610754903350331,923,price_side,order_id,BTC-USDT,BUY,65000.130000000005,0.001,866585320701887386,,93696,16640,110336
journal,godzilla,5,1,2,1783610754903541760,0,1783610754903632896,0,1783610754903649792,1783610754903647691,924,price_side,order_id,BTC-USDT,SELL,65000.34,0.001,866585320701887387,,91136,16896,108032
journal,godzilla,5,1,2,1783610754903841792,0,1783610754903936512,0,1783610754903962624,1783610754903952093,925,price_side,order_id,BTC-USDT,BUY,65000.15,0.001,866585320701887388,,94720,26112,120832
journal,godzilla,5,1,2,1783610754904149248,0,1783610754904244992,0,1783610754904259328,1783610754904257265,926,price_side,order_id,BTC-USDT,SELL,65000.36,0.001,866585320701887389,,95744,14336,110080
journal,godzilla,5,1,2,1783610754904441856,0,1783610754904539136,0,1783610754904555264,1783610754904553166,927,price_side,order_id,BTC-USDT,BUY,65000.17,0.001,866585320701887390,,97280,16128,113408
journal,godzilla,5,1,2,1783610754904741888,0,1783610754904837376,0,1783610754904853760,1783610754904851939,928,price_side,order_id,BTC-USDT,SELL,65000.38,0.001,866585320701887391,,95488,16384,111872
journal,godzilla,5,1,2,1783610754905042176,0,1783610754905140736,0,1783610754905154304,1783610754905152249,929,price_side,order_id,BTC-USDT,BUY,65000.19,0.001,866585320701887392,,98560,13568,112128
journal,godzilla,5,1,2,1783610754905341952,0,1783610754905438464,0,1783610754905455360,1783610754905453296,930,price_side,order_id,BTC-USDT,SELL,65000.4,0.001,866585320701887393,,96512,16896,113408
journal,godzilla,5,1,2,1783610754905641728,0,1783610754905736448,0,1783610754905752320,1783610754905750467,931,price_side,order_id,BTC-USDT,BUY,65000.21,0.001,866585320701887394,,94720,15872,110592
journal,godzilla,5,1,2,1783610754905941760,0,1783610754906043136,0,1783610754906061312,1783610754906059419,932,price_side,order_id,BTC-USDT,SELL,65000.42,0.001,866585320701887395,,101376,18176,119552
journal,godzilla,5,1,2,1783610754906241792,0,1783610754906335744,0,1783610754906351872,1783610754906349978,933,price_side,order_id,BTC-USDT,BUY,65000.23,0.001,866585320701887396,,93952,16128,110080
journal,godzilla,5,1,2,1783610754906543616,0,1783610754906645504,0,1783610754906659840,1783610754906656928,934,price_side,order_id,BTC-USDT,SELL,65000.439999999995,0.001,866585320701887397,,101888,14336,116224
journal,godzilla,5,1,2,1783610754906841856,0,1783610754906938880,0,1783610754906955008,1783610754906952985,935,price_side,order_id,BTC-USDT,BUY,65000.25,0.001,866585320701887398,,97024,16128,113152
journal,godzilla,5,1,2,1783610754907151104,0,1783610754907248384,0,1783610754907265280,1783610754907263087,936,price_side,order_id,BTC-USDT,SELL,65000.46,0.001,866585320701887399,,97280,16896,114176
journal,godzilla,5,1,2,1783610754907441920,0,1783610754907535872,0,1783610754907549696,1783610754907547838,937,price_side,order_id,BTC-USDT,BUY,65000.270000000004,0.001,866585320701887400,,93952,13824,107776
journal,godzilla,5,1,2,1783610754907794176,0,1783610754908182528,0,1783610754908337152,1783610754908321326,938,price_side,order_id,BTC-USDT,SELL,65000.479999999996,0.001,866585320701887401,,388352,154624,542976
journal,godzilla,5,1,2,1783610754908043264,0,1783610754908237568,0,1783610754908381952,1783610754908379281,939,price_side,order_id,BTC-USDT,BUY,65000.29,0.001,866585320701887402,,194304,144384,338688
journal,godzilla,5,1,2,1783610754908343040,0,1783610754908395776,0,1783610754908424704,1783610754908423234,940,price_side,order_id,BTC-USDT,SELL,65000.5,0.001,866585320701887403,,52736,28928,81664
journal,godzilla,5,1,2,1783610754908642304,0,1783610754908734208,0,1783610754908755200,1783610754908753122,941,price_side,order_id,BTC-USDT,BUY,65000.310000000005,0.001,866585320701887404,,91904,20992,112896
journal,godzilla,5,1,2,1783610754908941824,0,1783610754909055232,0,1783610754909168128,1783610754909165747,942,price_side,order_id,BTC-USDT,SELL,65000.52,0.001,866585320701887405,,113408,112896,226304
journal,godzilla,5,1,2,1783610754909242880,0,1783610754909274880,0,1783610754909370368,1783610754909368399,943,price_side,order_id,BTC-USDT,BUY,65000.33,0.001,866585320701887406,,32000,95488,127488
journal,godzilla,5,1,2,1783610754909541632,0,1783610754909633792,0,1783610754909655552,1783610754909653424,944,price_side,order_id,BTC-USDT,SELL,65000.54,0.001,866585320701887407,,92160,21760,113920
journal,godzilla,5,1,2,1783610754909850880,0,1783610754909943552,0,1783610754909963776,1783610754909961696,945,price_side,order_id,BTC-USDT,BUY,65000.35,0.001,866585320701887408,,92672,20224,112896
journal,godzilla,5,1,2,1783610754910142208,0,1783610754910232064,0,1783610754910252800,1783610754910250910,946,price_side,order_id,BTC-USDT,SELL,65000.56,0.001,866585320701887409,,89856,20736,110592
journal,godzilla,5,1,2,1783610754910441984,0,1783610754910532608,0,1783610754910553088,1783610754910551134,947,price_side,order_id,BTC-USDT,BUY,65000.37,0.001,866585320701887410,,90624,20480,111104
journal,godzilla,5,1,2,1783610754910741760,0,1783610754910833408,0,1783610754910854400,1783610754910852470,948,price_side,order_id,BTC-USDT,SELL,65000.58,0.001,866585320701887411,,91648,20992,112640
journal,godzilla,5,1,2,1783610754911042048,0,1783610754911129856,0,1783610754911150336,1783610754911148519,949,price_side,order_id,BTC-USDT,BUY,65000.39,0.001,866585320701887412,,87808,20480,108288
journal,godzilla,5,1,2,1783610754911341824,0,1783610754911429888,0,1783610754911450112,1783610754911448245,950,price_side,order_id,BTC-USDT,SELL,65000.6,0.001,866585320701887413,,88064,20224,108288
journal,godzilla,5,1,2,1783610754911641856,0,1783610754911733504,0,1783610754911754240,1783610754911752439,951,price_side,order_id,BTC-USDT,BUY,65000.41,0.001,866585320701887414,,91648,20736,112384
journal,godzilla,5,1,2,1783610754911941888,0,1783610754912040448,0,1783610754912069888,1783610754912059764,952,price_side,order_id,BTC-USDT,SELL,65000.619999999995,0.001,866585320701887415,,98560,29440,128000
journal,godzilla,5,1,2,1783610754912242176,0,1783610754912333312,0,1783610754912354048,1783610754912351860,953,price_side,order_id,BTC-USDT,BUY,65000.43,0.001,866585320701887416,,91136,20736,111872
journal,godzilla,5,1,2,1783610754912541952,0,1783610754912632064,0,1783610754912651008,1783610754912649111,954,price_side,order_id,BTC-USDT,SELL,65000.64,0.001,866585320701887417,,90112,18944,109056
journal,godzilla,5,1,2,1783610754912848640,0,1783610754912938752,0,1783610754912960256,1783610754912958158,955,price_side,order_id,BTC-USDT,BUY,65000.450000000004,0.001,866585320701887418,,90112,21504,111616
journal,godzilla,5,1,2,1783610754913142784,0,1783610754913233152,0,1783610754913251840,1783610754913249934,956,price_side,order_id,BTC-USDT,SELL,65000.659999999996,0.001,866585320701887419,,90368,18688,109056
journal,godzilla,5,1,2,1783610754913441792,0,1783610754913533696,0,1783610754913553920,1783610754913551936,957,price_side,order_id,BTC-USDT,BUY,65000.47,0.001,866585320701887420,,91904,20224,112128
journal,godzilla,5,1,2,1783610754913741824,0,1783610754913831936,0,1783610754913849856,1783610754913848094,958,price_side,order_id,BTC-USDT,SELL,65000.68,0.001,866585320701887421,,90112,17920,108032
journal,godzilla,5,1,2,1783610754914041856,0,1783610754914134016,0,1783610754914154240,1783610754914152148,959,price_side,order_id,BTC-USDT,BUY,65000.49,0.001,866585320701887422,,92160,20224,112384
journal,godzilla,5,1,2,1783610754914342144,0,1783610754914437376,0,1783610754914455552,1783610754914453622,960,price_side,order_id,BTC-USDT,SELL,65000.7,0.001,866585320701887423,,95232,18176,113408
journal,godzilla,5,1,2,1783610754914641920,0,1783610754914741504,0,1783610754914750464,1783610754914748592,961,price_side,order_id,BTC-USDT,BUY,65000.51,0.001,866585320701887424,,99584,8960,108544
journal,godzilla,5,1,2,1783610754914941952,0,1783610754915042304,0,1783610754915055872,1783610754915053705,962,price_side,order_id,BTC-USDT,SELL,65000.72,0.001,866585320701887425,,100352,13568,113920
journal,godzilla,5,1,2,1783610754915241984,0,1783610754915333376,0,1783610754915350528,1783610754915348390,963,price_side,order_id,BTC-USDT,BUY,65000.53,0.001,866585320701887426,,91392,17152,108544
journal,godzilla,5,1,2,1783610754915542016,0,1783610754915663872,0,1783610754915780608,1783610754915778608,964,price_side,order_id,BTC-USDT,SELL,65000.74,0.001,866585320701887427,,121856,116736,238592
journal,godzilla,5,1,2,1783610754915851008,0,1783610754916017408,0,1783610754916147456,1783610754916136890,965,price_side,order_id,BTC-USDT,BUY,65000.55,0.001,866585320701887428,,166400,130048,296448
journal,godzilla,5,1,2,1783610754916142592,0,1783610754916227840,0,1783610754916255488,1783610754916253014,966,price_side,order_id,BTC-USDT,SELL,65000.76,0.001,866585320701887429,,85248,27648,112896
journal,godzilla,5,1,2,1783610754916442112,0,1783610754916637440,0,1783610754916771840,1783610754916769066,967,price_side,order_id,BTC-USDT,BUY,65000.57,0.001,866585320701887430,,195328,134400,329728
journal,godzilla,5,1,2,1783610754916742144,0,1783610754916938752,0,1783610754917076480,1783610754917073905,968,price_side,order_id,BTC-USDT,SELL,65000.78,0.001,866585320701887431,,196608,137728,334336
journal,godzilla,5,1,2,1783610754917042944,0,1783610754917096192,0,1783610754917177600,1783610754917175962,969,price_side,order_id,BTC-USDT,BUY,65000.590000000004,0.001,866585320701887432,,53248,81408,134656
journal,godzilla,5,1,2,1783610754917343232,0,1783610754917440768,0,1783610754917452544,1783610754917450671,970,price_side,order_id,BTC-USDT,SELL,65000.799999999996,0.001,866585320701887433,,97536,11776,109312
journal,godzilla,5,1,2,1783610754917644032,0,1783610754917745920,0,1783610754917758720,1783610754917756423,971,price_side,order_id,BTC-USDT,BUY,65000.61,0.001,866585320701887434,,101888,12800,114688
journal,godzilla,5,1,2,1783610754917942016,0,1783610754918180352,0,1783610754918320384,1783610754918318148,972,price_side,order_id,BTC-USDT,SELL,65000.82,0.001,866585320701887435,,238336,140032,378368
journal,godzilla,5,1,2,1783610754918241792,0,1783610754918442752,0,1783610754918591744,1783610754918585042,973,price_side,order_id,BTC-USDT,BUY,65000.630000000005,0.001,866585320701887436,,200960,148992,349952
journal,godzilla,5,1,2,1783610754918560768,0,1783610754918765056,0,1783610754918777344,1783610754918775619,974,price_side,order_id,BTC-USDT,SELL,65000.84,0.001,866585320701887437,,204288,12288,216576
journal,godzilla,5,1,2,1783610754918844160,0,1783610754918916096,0,1783610754918930176,1783610754918928044,975,price_side,order_id,BTC-USDT,BUY,65000.65,0.001,866585320701887438,,71936,14080,86016
journal,godzilla,5,1,2,1783610754919143424,0,1783610754919236352,0,1783610754919254528,1783610754919252794,976,price_side,order_id,BTC-USDT,SELL,65000.86,0.001,866585320701887439,,92928,18176,111104
journal,godzilla,5,1,2,1783610754919441920,0,1783610754919533312,0,1783610754919554560,1783610754919552477,977,price_side,order_id,BTC-USDT,BUY,65000.67,0.001,866585320701887440,,91392,21248,112640
journal,godzilla,5,1,2,1783610754919741952,0,1783610754919829248,0,1783610754919860992,1783610754919846984,978,price_side,order_id,BTC-USDT,SELL,65000.88,0.001,866585320701887441,,87296,31744,119040
journal,godzilla,5,1,2,1783610754920042240,0,1783610754920129792,0,1783610754920151040,1783610754920148861,979,price_side,order_id,BTC-USDT,BUY,65000.69,0.001,866585320701887442,,87552,21248,108800
journal,godzilla,5,1,2,1783610754920341760,0,1783610754920433152,0,1783610754920453376,1783610754920451574,980,price_side,order_id,BTC-USDT,SELL,65000.9,0.001,866585320701887443,,91392,20224,111616
journal,godzilla,5,1,2,1783610754920642048,0,1783610754920741120,0,1783610754920754432,1783610754920752550,981,price_side,order_id,BTC-USDT,BUY,65000.71,0.001,866585320701887444,,99072,13312,112384
journal,godzilla,5,1,2,1783610754920941824,0,1783610754921043712,0,1783610754921063936,1783610754921061878,982,price_side,order_id,BTC-USDT,SELL,65000.92,0.001,866585320701887445,,101888,20224,122112
journal,godzilla,5,1,2,1783610754921242112,0,1783610754921332224,0,1783610754921349888,1783610754921348097,983,price_side,order_id,BTC-USDT,BUY,65000.73,0.001,866585320701887446,,90112,17664,107776
journal,godzilla,5,1,2,1783610754921550592,0,1783610754921642496,0,1783610754921663744,1783610754921661435,984,price_side,order_id,BTC-USDT,SELL,65000.939999999995,0.001,866585320701887447,,91904,21248,113152
journal,godzilla,5,1,2,1783610754921841920,0,1783610754921934336,0,1783610754921953536,1783610754921951595,985,price_side,order_id,BTC-USDT,BUY,65000.75,0.001,866585320701887448,,92416,19200,111616
journal,godzilla,5,1,2,1783610754922141952,0,1783610754922231040,0,1783610754922252032,1783610754922249872,986,price_side,order_id,BTC-USDT,SELL,65000.96,0.001,866585320701887449,,89088,20992,110080
journal,godzilla,5,1,2,1783610754922441984,0,1783610754922529280,0,1783610754922549760,1783610754922547742,987,price_side,order_id,BTC-USDT,BUY,65000.770000000004,0.001,866585320701887450,,87296,20480,107776
journal,godzilla,5,1,2,1783610754922741760,0,1783610754922832896,0,1783610754922854400,1783610754922852338,988,price_side,order_id,BTC-USDT,SELL,65000.979999999996,0.001,866585320701887451,,91136,21504,112640
journal,godzilla,5,1,2,1783610754923042304,0,1783610754923155712,0,1783610754923267584,1783610754923265492,989,price_side,order_id,BTC-USDT,BUY,65000.79,0.001,866585320701887452,,113408,111872,225280
journal,godzilla,5,1,2,1783610754923342848,0,1783610754923371264,0,1783610754923506432,1783610754923489810,990,price_side,order_id,BTC-USDT,SELL,65001.0,0.001,866585320701887453,,28416,135168,163584
journal,godzilla,5,1,2,1783610754923641856,0,1783610754923732736,0,1783610754923761408,1783610754923752521,991,price_side,order_id,BTC-USDT,BUY,65000.810000000005,0.001,866585320701887454,,90880,28672,119552
journal,godzilla,5,1,2,1783610754923942144,0,1783610754924044032,0,1783610754924061952,1783610754924059919,992,price_side,order_id,BTC-USDT,SELL,65001.02,0.001,866585320701887455,,101888,17920,119808
journal,godzilla,5,1,2,1783610754924248320,0,1783610754924339968,0,1783610754924361216,1783610754924359158,993,price_side,order_id,BTC-USDT,BUY,65000.83,0.001,866585320701887456,,91648,21248,112896
journal,godzilla,5,1,2,1783610754924541952,0,1783610754924629760,0,1783610754924650240,1783610754924648355,994,price_side,order_id,BTC-USDT,SELL,65001.04,0.001,866585320701887457,,87808,20480,108288
journal,godzilla,5,1,2,1783610754924841984,0,1783610754924929280,0,1783610754924950528,1783610754924948536,995,price_side,order_id,BTC-USDT,BUY,65000.85,0.001,866585320701887458,,87296,21248,108544
journal,godzilla,5,1,2,1783610754925142016,0,1783610754925231104,0,1783610754925252096,1783610754925250039,996,price_side,order_id,BTC-USDT,SELL,65001.06,0.001,866585320701887459,,89088,20992,110080
journal,godzilla,5,1,2,1783610754925442048,0,1783610754925533440,0,1783610754925553920,1783610754925551838,997,price_side,order_id,BTC-USDT,BUY,65000.87,0.001,866585320701887460,,91392,20480,111872
journal,godzilla,5,1,2,1783610754925741824,0,1783610754925832704,0,1783610754925854208,1783610754925852362,998,price_side,order_id,BTC-USDT,SELL,65001.08,0.001,866585320701887461,,90880,21504,112384
journal,godzilla,5,1,2,1783610754926042112,0,1783610754926131456,0,1783610754926152704,1783610754926150594,999,price_side,order_id,BTC-USDT,BUY,65000.89,0.001,866585320701887462,,89344,21248,110592
journal,godzilla,5,1,2,1783610754926341888,0,1783610754926432768,0,1783610754926453760,1783610754926451856,1000,price_side,order_id,BTC-USDT,SELL,65000.1,0.001,866585320701887463,,90880,20992,111872
